stock_code,windcode,windcode_rule,company_name,company_display,list_date,list_year,pdf_filename,pdf_path,folder_year,filename_parsed,share_matched,list_price,listboard,delisted,is_unprofitable_proxy,eod_matched,first_trade_date,day0_open,day0_close,day1_return,day0_break_issue,day5_close,day5_return,day20_close,day20_return,day60_close,day60_return,performance_class,business_scope,industry_coarse,openable,encrypted,page_count,file_size_mb,has_text_layer,text_chars_page1,likely_scanned,error,page_length_class,company_name_raw,pdf_path_relative
00368,0368.HK,pad4,德合集團,德合集團,2020-06-30,2020,00368_30-06-2020_德合集團_股份發售.pdf,/nfs/users/wuqianqian/IPOI/dataset/2020/00368_30-06-2020_德合集團_股份發售.pdf,2020,True,False,,,False,False,True,2020-07-17,0.7,0.7,0.0,False,0.68,-0.02857142857142844,0.61,-0.12857142857142853,0.76,0.0857142857142858,平稳,,未知,True,False,420,4.81,False,0,True,,长篇(300-499页),德合集團,dataset/2020/00368_30-06-2020_德合集團_股份發售.pdf
00589,0589.HK,pad4,建中建設,建中建設,2020-02-28,2020,00589_28-02-2020_建中建設_股份發售.pdf,/nfs/users/wuqianqian/IPOI/dataset/2020/00589_28-02-2020_建中建設_股份發售.pdf,2020,True,False,,,False,False,True,2020-03-18,1.45,1.89,0.30344827586206896,False,2.04,0.406896551724138,1.89,0.30344827586206896,1.72,0.18620689655172407,暴涨,,未知,True,False,566,4.91,True,158,False,,超长篇(≥500页),建中建設,dataset/2020/00589_28-02-2020_建中建設_股份發售.pdf
00873,0873.HK,pad4,世茂服務,世茂服務,2020-10-20,2020,00873_20-10-2020_世茂服務_全球發售.pdf,/nfs/users/wuqianqian/IPOI/dataset/2020/00873_20-10-2020_世茂服務_全球發售.pdf,2020,True,False,,,False,False,True,2020-10-30,15.8,16.6,0.050632911392405104,False,16.0,0.01265822784810122,13.72,-0.13164556962025314,15.0,-0.050632911392405104,平稳,,未知,True,False,634,10.77,True,152,False,,超长篇(≥500页),世茂服務,dataset/2020/00873_20-10-2020_世茂服務_全球發售.pdf
00909,0909.HK,pad4,明源雲,明源雲,2020-09-15,2020,00909_15-09-2020_明源雲_全球發售.pdf,/nfs/users/wuqianqian/IPOI/dataset/2020/00909_15-09-2020_明源雲_全球發售.pdf,2020,True,False,,,False,False,True,2020-09-25,25.8,30.7,0.189922480620155,False,33.4,0.2945736434108526,34.25,0.3275193798449612,46.45,0.8003875968992249,平稳,,未知,True,False,619,9.13,True,118,False,,超长篇(≥500页),明源雲,dataset/2020/00909_15-09-2020_明源雲_全球發售.pdf
01147,1147.HK,strip_zero,伊登軟件,伊登軟件,2020-04-23,2020,01147_23-04-2020_伊登軟件_股份發售.pdf,/nfs/users/wuqianqian/IPOI/dataset/2020/01147_23-04-2020_伊登軟件_股份發售.pdf,2020,True,False,,,False,False,True,2020-05-13,0.211,0.163,-0.2274881516587677,True,0.172,-0.18483412322274886,0.127,-0.3981042654028436,0.133,-0.3696682464454976,破发/走弱,,未知,True,False,458,4.76,True,93,False,,长篇(300-499页),伊登軟件,dataset/2020/01147_23-04-2020_伊登軟件_股份發售.pdf
01153,1153.HK,strip_zero,佳源服務,佳源服務,2020-11-27,2020,01153_27-11-2020_佳源服務_全球發售.pdf,/nfs/users/wuqianqian/IPOI/dataset/2020/01153_27-11-2020_佳源服務_全球發售.pdf,2020,True,False,,,False,False,True,2020-12-09,3.92,3.88,-0.01020408163265307,True,3.87,-0.012755102040816282,3.95,0.007653061224489859,3.88,-0.01020408163265307,平稳,,未知,True,False,559,3.69,True,176,False,,超长篇(≥500页),佳源服務,dataset/2020/01153_27-11-2020_佳源服務_全球發售.pdf
01156,1156.HK,strip_zero,CHINANEWENERGY,CHINANEWENERGY,2020-06-30,2020,01156_30-06-2020_CHINANEWENERGY_全球發售.pdf,/nfs/users/wuqianqian/IPOI/dataset/2020/01156_30-06-2020_CHINANEWENERGY_全球發售.pdf,2020,True,False,,,False,False,True,2020-07-15,1.2,0.7,-0.4166666666666667,True,0.51,-0.575,0.445,-0.6291666666666667,0.33,-0.725,暴跌,,未知,True,False,498,7.67,True,164,False,,长篇(300-499页),CHINANEWENERGY,dataset/2020/01156_30-06-2020_CHINANEWENERGY_全球發售.pdf
01163,1163.HK,strip_zero,虎視傳媒,虎視傳媒,2020-06-29,2020,01163_29-06-2020_虎視傳媒_全球發售.pdf,/nfs/users/wuqianqian/IPOI/dataset/2020/01163_29-06-2020_虎視傳媒_全球發售.pdf,2020,True,False,,,False,False,True,2020-07-10,1.05,1.07,0.019047619047619063,False,1.06,0.009523809523809532,0.88,-0.16190476190476194,0.95,-0.09523809523809533,平稳,,未知,True,False,421,6.24,True,91,False,,长篇(300-499页),虎視傳媒,dataset/2020/01163_29-06-2020_虎視傳媒_全球發售.pdf
01167,1167.HK,strip_zero,加科思－Ｂ,加科思－Ｂ,2020-12-09,2020,01167_09-12-2020_加科思－Ｂ_全球發售.pdf,/nfs/users/wuqianqian/IPOI/dataset/2020/01167_09-12-2020_加科思－Ｂ_全球發售.pdf,2020,True,False,,,False,True,True,2020-12-21,15.98,14.42,-0.09762202753441804,True,14.4,-0.09887359198998748,20.9,0.3078848560700875,16.3,0.02002503128911141,破发/走弱,,未知,True,False,520,6.92,True,119,False,,超长篇(≥500页),加科思－Ｂ,dataset/2020/01167_09-12-2020_加科思－Ｂ_全球發售.pdf
01179,1179.HK,strip_zero,華住集團－Ｓ,華住集團－Ｓ,2020-09-11,2020,01179_11-09-2020_華住集團－Ｓ_全球發售.pdf,/nfs/users/wuqianqian/IPOI/dataset/2020/01179_11-09-2020_華住集團－Ｓ_全球發售.pdf,2020,True,False,,,False,False,True,2020-09-22,305.0,311.0,0.019672131147540985,False,340.6,0.11672131147540993,338.8,0.11081967213114756,364.0,0.19344262295081968,平稳,,未知,True,False,599,3.56,False,0,True,,超长篇(≥500页),華住集團－Ｓ,dataset/2020/01179_11-09-2020_華住集團－Ｓ_全球發售.pdf
01209,1209.HK,strip_zero,華潤萬象生活,華潤萬象生活,2020-11-25,2020,01209_25-11-2020_華潤萬象生活_全球發售.pdf,/nfs/users/wuqianqian/IPOI/dataset/2020/01209_25-11-2020_華潤萬象生活_全球發售.pdf,2020,True,False,,,False,False,True,2020-12-09,30.8,28.0,-0.09090909090909093,True,31.1,0.009740259740259764,43.8,0.4220779220779219,37.2,0.20779220779220786,平稳,,未知,True,False,576,9.2,True,125,False,,超长篇(≥500页),華潤萬象生活,dataset/2020/01209_25-11-2020_華潤萬象生活_全球發售.pdf
01248,1248.HK,,天兆豬業,天兆豬業,2020-10-29,2020,01248_29-10-2020_天兆豬業_全球發售.pdf,/nfs/users/wuqianqian/IPOI/dataset/2020/01248_29-10-2020_天兆豬業_全球發售.pdf,2020,True,False,,,False,False,False,,,,,,,,,,,,无行情,,未知,True,False,594,4.64,True,204,False,,超长篇(≥500页),天兆豬業,dataset/2020/01248_29-10-2020_天兆豬業_全球發售.pdf
01343,1343.HK,strip_zero,偉源控股,偉源控股,2020-02-25,2020,01343_25-02-2020_偉源控股_股份發售.pdf,/nfs/users/wuqianqian/IPOI/dataset/2020/01343_25-02-2020_偉源控股_股份發售.pdf,2020,True,False,,,False,False,True,2020-03-12,0.7,0.79,0.1285714285714287,False,1.08,0.5428571428571429,1.69,1.4142857142857144,1.39,0.9857142857142857,暴涨,,未知,True,False,482,8.25,True,62,False,,长篇(300-499页),偉源控股,dataset/2020/01343_25-02-2020_偉源控股_股份發售.pdf
01351,1351.HK,strip_zero,輝煌明天,輝煌明天,2020-10-28,2020,01351_28-10-2020_輝煌明天_股份發售.pdf,/nfs/users/wuqianqian/IPOI/dataset/2020/01351_28-10-2020_輝煌明天_股份發售.pdf,2020,True,False,,,False,False,True,2020-11-11,1.67,1.45,-0.13173652694610774,True,1.31,-0.21556886227544905,1.28,-0.2335329341317365,3.54,1.1197604790419162,暴跌,,未知,True,False,487,5.39,True,131,False,,长篇(300-499页),輝煌明天,dataset/2020/01351_28-10-2020_輝煌明天_股份發售.pdf
01376,1376.HK,strip_zero,RAFFLESINTERIOR,RAFFLESINTERIOR,2020-04-21,2020,01376_21-04-2020_RAFFLESINTERIOR_股份發售.pdf,/nfs/users/wuqianqian/IPOI/dataset/2020/01376_21-04-2020_RAFFLESINTERIOR_股份發售.pdf,2020,True,False,,,False,False,True,2020-05-07,0.74,0.63,-0.14864864864864866,True,0.65,-0.1216216216216216,0.61,-0.17567567567567569,0.62,-0.16216216216216214,破发/走弱,公司主要从事提供室内装修服务.,其他,True,False,454,5.57,True,136,False,,长篇(300-499页),RAFFLESINTERIOR,dataset/2020/01376_21-04-2020_RAFFLESINTERIOR_股份發售.pdf
01379,1379.HK,strip_zero,温嶺工量刃具,温嶺工量刃具,2020-12-11,2020,01379_11-12-2020_温嶺工量刃具_全球發售.pdf,/nfs/users/wuqianqian/IPOI/dataset/2020/01379_11-12-2020_温嶺工量刃具_全球發售.pdf,2020,True,False,,,False,False,True,2020-12-30,6.14,6.06,-0.013029315960912065,True,6.36,0.03583061889250825,6.12,-0.0032573289902279442,6.05,-0.014657980456026037,平稳,,未知,True,False,510,7.54,False,4,True,,超长篇(≥500页),温嶺工量刃具,dataset/2020/01379_11-12-2020_温嶺工量刃具_全球發售.pdf
01408,1408.HK,strip_zero,濠江機電,濠江機電,2020-08-31,2020,01408_31-08-2020_濠江機電_全球發售.pdf,/nfs/users/wuqianqian/IPOI/dataset/2020/01408_31-08-2020_濠江機電_全球發售.pdf,2020,True,False,,,False,False,True,2020-09-11,2.1,2.86,0.3619047619047618,False,3.5,0.6666666666666666,3.89,0.8523809523809524,0.5,-0.7619047619047619,暴涨,,未知,True,False,503,3.76,True,91,False,,超长篇(≥500页),濠江機電,dataset/2020/01408_31-08-2020_濠江機電_全球發售.pdf
01429,1429.HK,strip_zero,天任集團,天任集團,2020-09-15,2020,01429_15-09-2020_天任集團_股份發售.pdf,/nfs/users/wuqianqian/IPOI/dataset/2020/01429_15-09-2020_天任集團_股份發售.pdf,2020,True,False,,,False,False,True,2020-09-29,0.9,1.0,0.11111111111111108,False,1.1,0.2222222222222223,0.255,-0.7166666666666667,0.151,-0.8322222222222222,平稳,,未知,True,False,494,8.9,False,4,True,,长篇(300-499页),天任集團,dataset/2020/01429_15-09-2020_天任集團_股份發售.pdf
01433,1433.HK,strip_zero,常達控股,常達控股,2020-02-28,2020,01433_28-02-2020_常達控股_全球發售.pdf,/nfs/users/wuqianqian/IPOI/dataset/2020/01433_28-02-2020_常達控股_全球發售.pdf,2020,True,False,,,False,False,True,2020-03-12,0.161,0.15,-0.06832298136645969,True,0.12,-0.2546583850931677,0.124,-0.2298136645962733,0.067,-0.5838509316770186,暴跌,,未知,True,False,486,3.66,False,0,True,,长篇(300-499页),常達控股,dataset/2020/01433_28-02-2020_常達控股_全球發售.pdf
01440,1440.HK,strip_zero,DEYUN HOLDING,DEYUN HOLDING,2020-12-28,2020,01440_28-12-2020_DEYUN HOLDING_股份發售.pdf,/nfs/users/wuqianqian/IPOI/dataset/2020/01440_28-12-2020_DEYUN HOLDING_股份發售.pdf,2020,True,False,,,False,False,True,2021-01-13,0.42,0.415,-0.011904761904761916,True,0.5,0.19047619047619047,0.64,0.523809523809524,0.49,0.16666666666666669,平稳,,未知,True,False,533,11.98,True,91,False,,超长篇(≥500页),DEYUN HOLDING,dataset/2020/01440_28-12-2020_DEYUN HOLDING_股份發售.pdf
01449,1449.HK,strip_zero,立德教育,立德教育,2020-07-27,2020,01449_27-07-2020_立德教育_全球發售.pdf,/nfs/users/wuqianqian/IPOI/dataset/2020/01449_27-07-2020_立德教育_全球發售.pdf,2020,True,False,,,False,False,True,2020-08-06,1.98,1.85,-0.06565656565656561,True,1.56,-0.2121212121212121,1.31,-0.33838383838383834,0.9,-0.5454545454545455,暴跌,公司主要从事在中国提供私立高等教育服务，通过子公司运营一所名为黑龙江商学院的私立学校，位于黑龙江省哈尔滨市。公司在中国市场开展业务。,其他,True,False,611,6.31,True,89,False,,超长篇(≥500页),立德教育,dataset/2020/01449_27-07-2020_立德教育_全球發售.pdf
01455,1455.HK,strip_zero,科利實業控股,科利實業控股,2020-08-31,2020,01455_31-08-2020_科利實業控股_全球發售.pdf,/nfs/users/wuqianqian/IPOI/dataset/2020/01455_31-08-2020_科利實業控股_全球發售.pdf,2020,True,False,,,False,False,True,2020-09-15,0.95,1.32,0.3894736842105265,False,0.44,-0.5368421052631579,0.239,-0.748421052631579,0.213,-0.7757894736842106,暴跌,,未知,True,False,494,9.51,True,122,False,,长篇(300-499页),科利實業控股,dataset/2020/01455_31-08-2020_科利實業控股_全球發售.pdf
01463,1463.HK,strip_zero,C-LINK SQ,C-LINK SQ,2020-03-17,2020,01463_17-03-2020_C-LINK SQ_股份發售.pdf,/nfs/users/wuqianqian/IPOI/dataset/2020/01463_17-03-2020_C-LINK SQ_股份發售.pdf,2020,True,False,,,False,False,True,2020-03-27,1.09,0.86,-0.21100917431192667,True,0.98,-0.10091743119266064,1.2,0.10091743119266043,1.13,0.03669724770642185,破发/走弱,外判文件管理服务提供商及相关软件应用程序及企业软件解决方案开发商.,TMT/互联网,True,False,508,7.02,True,78,False,,超长篇(≥500页),C-LINK SQ,dataset/2020/01463_17-03-2020_C-LINK SQ_股份發售.pdf
01472,1472.HK,strip_zero,生興控股,生興控股,2020-02-28,2020,01472_28-02-2020_生興控股_股份發售.pdf,/nfs/users/wuqianqian/IPOI/dataset/2020/01472_28-02-2020_生興控股_股份發售.pdf,2020,True,False,,,False,False,True,2020-03-17,0.9,1.24,0.3777777777777777,False,1.5,0.6666666666666666,2.1,1.3333333333333337,0.31,-0.6555555555555557,暴涨,,未知,True,False,454,4.59,True,121,False,,长篇(300-499页),生興控股,dataset/2020/01472_28-02-2020_生興控股_股份發售.pdf
01477,1477.HK,strip_zero,歐康維視生物－Ｂ,歐康維視生物－Ｂ,2020-06-29,2020,01477_29-06-2020_歐康維視生物－Ｂ_全球發售.pdf,/nfs/users/wuqianqian/IPOI/dataset/2020/01477_29-06-2020_歐康維視生物－Ｂ_全球發售.pdf,2020,True,False,,,False,True,True,2020-07-10,43.0,37.0,-0.13953488372093026,True,29.65,-0.3104651162790698,32.55,-0.2430232558139536,23.8,-0.4465116279069768,暴跌,,未知,True,False,578,9.81,False,0,True,,超长篇(≥500页),歐康維視生物－Ｂ,dataset/2020/01477_29-06-2020_歐康維視生物－Ｂ_全球發售.pdf
01490,1490.HK,strip_zero,CHESHI,CHESHI,2020-12-31,2020,01490_31-12-2020_CHESHI_全球發售.pdf,/nfs/users/wuqianqian/IPOI/dataset/2020/01490_31-12-2020_CHESHI_全球發售.pdf,2020,True,False,,,False,False,True,2021-01-15,1.7,1.5,-0.11764705882352935,True,1.36,-0.2,1.22,-0.2823529411764706,1.5,-0.11764705882352935,破发/走弱,,未知,True,False,531,47.94,True,77,False,,超长篇(≥500页),CHESHI,dataset/2020/01490_31-12-2020_CHESHI_全球發售.pdf
01502,1502.HK,strip_zero,金融街物業,金融街物業,2020-06-19,2020,01502_19-06-2020_金融街物業_全球發售.pdf,/nfs/users/wuqianqian/IPOI/dataset/2020/01502_19-06-2020_金融街物業_全球發售.pdf,2020,True,False,,,False,False,True,2020-07-06,9.3,9.46,0.01720430107526883,False,10.48,0.12688172043010748,11.02,0.18494623655913964,9.6,0.03225806451612891,平稳,,未知,True,False,576,6.0,True,116,False,,超长篇(≥500页),金融街物業,dataset/2020/01502_19-06-2020_金融街物業_全球發售.pdf
01516,1516.HK,strip_zero,融創服務,融創服務,2020-11-09,2020,01516_09-11-2020_融創服務_全球發售.pdf,/nfs/users/wuqianqian/IPOI/dataset/2020/01516_09-11-2020_融創服務_全球發售.pdf,2020,True,False,,,False,False,True,2020-11-19,11.6,14.14,0.2189655172413794,False,13.0,0.12068965517241385,15.12,0.30344827586206896,27.4,1.362068965517241,平稳,,未知,True,False,668,5.31,True,128,False,,超长篇(≥500页),融創服務,dataset/2020/01516_09-11-2020_融創服務_全球發售.pdf
01597,1597.HK,strip_zero,納泉能源科技,納泉能源科技,2020-09-29,2020,01597_29-09-2020_納泉能源科技_全球發售.pdf,/nfs/users/wuqianqian/IPOI/dataset/2020/01597_29-09-2020_納泉能源科技_全球發售.pdf,2020,True,False,,,False,False,True,2020-10-20,2.1,2.07,-0.014285714285714403,True,1.71,-0.18571428571428572,1.55,-0.2619047619047619,1.32,-0.3714285714285713,破发/走弱,,未知,True,False,550,7.11,True,108,False,,超长篇(≥500页),納泉能源科技,dataset/2020/01597_29-09-2020_納泉能源科技_全球發售.pdf
01643,1643.HK,strip_zero,現代中藥集團,現代中藥集團,2020-12-31,2020,01643_31-12-2020_現代中藥集團_全球發售.pdf,/nfs/users/wuqianqian/IPOI/dataset/2020/01643_31-12-2020_現代中藥集團_全球發售.pdf,2020,True,False,,,False,False,True,2021-01-15,1.17,1.26,0.076923076923077,False,1.04,-0.11111111111111102,0.91,-0.22222222222222213,0.84,-0.28205128205128205,破发/走弱,,未知,True,False,563,8.53,True,114,False,,超长篇(≥500页),現代中藥集團,dataset/2020/01643_31-12-2020_現代中藥集團_全球發售.pdf
01645,1645.HK,strip_zero,海納智能,海納智能,2020-05-20,2020,01645_20-05-2020_海納智能_股份發售.pdf,/nfs/users/wuqianqian/IPOI/dataset/2020/01645_20-05-2020_海納智能_股份發售.pdf,2020,True,False,,,False,False,True,2020-06-03,1.21,1.2,-0.008264462809917363,True,0.82,-0.3223140495867769,0.86,-0.2892561983471074,0.82,-0.3223140495867769,暴跌,,未知,True,False,430,7.83,False,0,True,,长篇(300-499页),海納智能,dataset/2020/01645_20-05-2020_海納智能_股份發售.pdf
01650,1650.HK,strip_zero,HYGIEIA GROUP,HYGIEIA GROUP,2020-06-12,2020,01650_12-06-2020_HYGIEIA GROUP_以股份發售方式.pdf,/nfs/users/wuqianqian/IPOI/dataset/2020/01650_12-06-2020_HYGIEIA GROUP_以股份發售方式.pdf,2020,True,False,,,False,False,True,2020-07-03,0.25,0.134,-0.46399999999999997,True,0.108,-0.5680000000000001,0.08900000000000001,-0.644,0.08199999999999999,-0.6719999999999999,暴跌,"公司主要为新加坡各种公共和私人场所提供普通清洁服务,包括医疗中心,购物中心,商业和工业建筑,学校,酒店,私人公寓以及市镇委员会的公共通道区域.在泰国,该公司及其子公司为私人住宅,办公室和工业建筑的私人客户提供普通清洁工作.",生物科技/医药,True,False,453,7.85,True,81,False,,长篇(300-499页),HYGIEIA GROUP,dataset/2020/01650_12-06-2020_HYGIEIA GROUP_以股份發售方式.pdf
01795,1795.HK,strip_zero,亞東集團,亞東集團,2020-10-30,2020,01795_30-10-2020_亞東集團_股份發售.pdf,/nfs/users/wuqianqian/IPOI/dataset/2020/01795_30-10-2020_亞東集團_股份發售.pdf,2020,True,False,,,False,False,True,2020-11-18,0.76,0.83,0.09210526315789468,False,0.9,0.1842105263157895,1.27,0.6710526315789473,0.65,-0.14473684210526316,平稳,,未知,True,False,497,6.18,True,97,False,,长篇(300-499页),亞東集團,dataset/2020/01795_30-10-2020_亞東集團_股份發售.pdf
01855,1855.HK,strip_zero,中邦環境,中邦環境,2020-12-22,2020,01855_22-12-2020_中邦環境_全球發售.pdf,/nfs/users/wuqianqian/IPOI/dataset/2020/01855_22-12-2020_中邦環境_全球發售.pdf,2020,True,False,,,False,False,True,2021-01-06,1.99,2.05,0.030150753768844137,False,1.9,-0.045226130653266375,1.91,-0.04020100502512566,2.17,0.09045226130653264,平稳,,未知,True,False,746,48.19,False,0,True,,超长篇(≥500页),中邦環境,dataset/2020/01855_22-12-2020_中邦環境_全球發售.pdf
01859,1859.HK,strip_zero,煜盛文化,煜盛文化,2020-02-28,2020,01859_28-02-2020_煜盛文化_全球發售.pdf,/nfs/users/wuqianqian/IPOI/dataset/2020/01859_28-02-2020_煜盛文化_全球發售.pdf,2020,True,False,,,False,False,True,2020-03-13,2.26,2.1,-0.07079646017699102,True,2.03,-0.10176991150442476,2.13,-0.057522123893805274,2.01,-0.11061946902654868,破发/走弱,煜盛文化集团是一家主要从事视频内容营运及电商推广服务的公司。,其他,True,False,426,5.25,True,137,False,,长篇(300-499页),煜盛文化,dataset/2020/01859_28-02-2020_煜盛文化_全球發售.pdf
01936,1936.HK,strip_zero,RITAMIX,RITAMIX,2020-04-24,2020,01936_24-04-2020_RITAMIX_股份發售.pdf,/nfs/users/wuqianqian/IPOI/dataset/2020/01936_24-04-2020_RITAMIX_股份發售.pdf,2020,True,False,,,False,False,True,2020-05-13,2.01,2.76,0.373134328358209,False,2.59,0.28855721393034833,3.15,0.5671641791044777,1.74,-0.13432835820895514,平稳,,未知,True,False,430,23.07,True,52,False,,长篇(300-499页),RITAMIX,dataset/2020/01936_24-04-2020_RITAMIX_股份發售.pdf
01940,1940.HK,strip_zero,CGII HLDGS,CGII HLDGS,2020-12-16,2020,01940_16-12-2020_CGII HLDGS_全球發售.pdf,/nfs/users/wuqianqian/IPOI/dataset/2020/01940_16-12-2020_CGII HLDGS_全球發售.pdf,2020,True,False,,,False,False,True,2020-12-29,1.7,1.62,-0.04705882352941168,True,2.3,0.3529411764705881,4.1,1.4117647058823526,3.82,1.2470588235294118,暴涨,"公司的主要产品为空气分离装置生产的管道工业气体,包括氧气,氮气,氩气,氢气及二氧化碳.同时经营规模相对较小的液化天然气相关业务包括供应液化天然气及提供气体输送服务.",工业/制造,True,False,553,13.02,False,0,True,,超长篇(≥500页),CGII HLDGS,dataset/2020/01940_16-12-2020_CGII HLDGS_全球發售.pdf
01941,1941.HK,strip_zero,燁星集團,燁星集團,2020-02-28,2020,01941_28-02-2020_燁星集團_全球發售.pdf,/nfs/users/wuqianqian/IPOI/dataset/2020/01941_28-02-2020_燁星集團_全球發售.pdf,2020,True,False,,,False,False,True,2020-03-13,1.47,1.72,0.17006802721088435,False,1.39,-0.05442176870748304,1.44,-0.02040816326530614,1.45,-0.01360544217687076,破发/走弱,,未知,True,False,571,8.49,True,165,False,,超长篇(≥500页),燁星集團,dataset/2020/01941_28-02-2020_燁星集團_全球發售.pdf
01942,1942.HK,strip_zero,MOG HOLDINGS,MOG HOLDINGS,2020-03-27,2020,01942_27-03-2020_MOG HOLDINGS_全球發售.pdf,/nfs/users/wuqianqian/IPOI/dataset/2020/01942_27-03-2020_MOG HOLDINGS_全球發售.pdf,2020,True,False,,,False,False,True,2020-04-15,0.81,0.5,-0.3827160493827161,True,0.435,-0.462962962962963,0.445,-0.4506172839506173,0.63,-0.22222222222222227,暴跌,,未知,True,False,422,9.98,True,82,False,,长篇(300-499页),MOG HOLDINGS,dataset/2020/01942_27-03-2020_MOG HOLDINGS_全球發售.pdf
01945,1945.HK,strip_zero,清科創業,清科創業,2020-12-16,2020,01945_16-12-2020_清科創業_全球發售.pdf,/nfs/users/wuqianqian/IPOI/dataset/2020/01945_16-12-2020_清科創業_全球發售.pdf,2020,True,False,,,False,False,True,2020-12-30,15.82,11.6,-0.2667509481668774,True,9.83,-0.3786346396965866,6.84,-0.5676359039190898,6.0,-0.6207332490518331,暴跌,,未知,True,False,450,8.69,False,0,True,,长篇(300-499页),清科創業,dataset/2020/01945_16-12-2020_清科創業_全球發售.pdf
01950,1950.HK,strip_zero,深藍科技控股,深藍科技控股,2020-02-27,2020,01950_27-02-2020_深藍科技控股_全球發售.pdf,/nfs/users/wuqianqian/IPOI/dataset/2020/01950_27-02-2020_深藍科技控股_全球發售.pdf,2020,True,False,,,False,False,True,2020-03-12,0.5,0.51,0.02000000000000001,False,0.78,0.56,0.86,0.72,1.44,1.88,暴涨,,未知,True,False,580,4.48,True,111,False,,超长篇(≥500页),深藍科技控股,dataset/2020/01950_27-02-2020_深藍科技控股_全球發售.pdf
01952,1952.HK,strip_zero,雲頂新耀－Ｂ,雲頂新耀－Ｂ,2020-09-25,2020,01952_25-09-2020_雲頂新耀－Ｂ_全球發售.pdf,/nfs/users/wuqianqian/IPOI/dataset/2020/01952_25-09-2020_雲頂新耀－Ｂ_全球發售.pdf,2020,True,False,,,False,True,True,2020-10-09,70.55,72.75,0.031183557760453617,False,65.5,-0.0715804394046775,64.75,-0.08221119773210485,72.25,0.024096385542168718,破发/走弱,,未知,True,False,553,7.64,True,137,False,,超长篇(≥500页),雲頂新耀－Ｂ,dataset/2020/01952_25-09-2020_雲頂新耀－Ｂ_全球發售.pdf
01953,1953.HK,strip_zero,RIMBACO,RIMBACO,2020-04-14,2020,01953_14-04-2020_RIMBACO_股份發售.pdf,/nfs/users/wuqianqian/IPOI/dataset/2020/01953_14-04-2020_RIMBACO_股份發售.pdf,2020,True,False,,,False,False,True,2020-04-28,0.58,0.475,-0.18103448275862066,True,0.415,-0.2844827586206896,0.49,-0.1551724137931034,1.1,0.8965517241379313,暴跌,子公司的主要业务是在马来西亚提供总承包商服务,其他,True,False,525,4.6,True,137,False,,超长篇(≥500页),RIMBACO,dataset/2020/01953_14-04-2020_RIMBACO_股份發售.pdf
01957,1957.HK,strip_zero,MBV INTL,MBV INTL,2020-06-18,2020,01957_18-06-2020_MBV INTL_全球發售.pdf,/nfs/users/wuqianqian/IPOI/dataset/2020/01957_18-06-2020_MBV INTL_全球發售.pdf,2020,True,False,,,False,False,True,2020-07-08,0.435,0.345,-0.206896551724138,True,0.325,-0.2528735632183908,0.32,-0.264367816091954,0.295,-0.32183908045977017,暴跌,,未知,True,False,494,8.7,True,136,False,,长篇(300-499页),MBV INTL,dataset/2020/01957_18-06-2020_MBV INTL_全球發售.pdf
01961,1961.HK,strip_zero,九尊數字互娛,九尊數字互娛,2020-02-27,2020,01961_27-02-2020_九尊數字互娛_全球發售.pdf,/nfs/users/wuqianqian/IPOI/dataset/2020/01961_27-02-2020_九尊數字互娛_全球發售.pdf,2020,True,False,,,False,False,True,2020-03-17,1.45,1.4,-0.03448275862068969,True,0.98,-0.32413793103448274,1.08,-0.2551724137931034,0.67,-0.5379310344827586,暴跌,,未知,True,False,598,10.08,True,142,False,,超长篇(≥500页),九尊數字互娛,dataset/2020/01961_27-02-2020_九尊數字互娛_全球發售.pdf
01971,1971.HK,strip_zero,弘陽服務,弘陽服務,2020-06-24,2020,01971_24-06-2020_弘陽服務_全球發售.pdf,/nfs/users/wuqianqian/IPOI/dataset/2020/01971_24-06-2020_弘陽服務_全球發售.pdf,2020,True,False,,,False,False,True,2020-07-07,4.88,4.4,-0.09836065573770482,True,5.13,0.05122950819672131,7.28,0.4918032786885247,5.5,0.12704918032786888,平稳,,未知,True,False,454,6.24,True,61,False,,长篇(300-499页),弘陽服務,dataset/2020/01971_24-06-2020_弘陽服務_全球發售.pdf
01981,1981.HK,strip_zero,華夏視聽教育,華夏視聽教育,2020-06-30,2020,01981_30-06-2020_華夏視聽教育_全球發售.pdf,/nfs/users/wuqianqian/IPOI/dataset/2020/01981_30-06-2020_華夏視聽教育_全球發售.pdf,2020,True,False,,,False,False,True,2020-07-15,4.23,4.92,0.1631205673758864,False,5.3,0.2529550827423166,5.18,0.22458628841607545,4.88,0.15366430260047267,平稳,,未知,True,False,461,5.92,True,128,False,,长篇(300-499页),華夏視聽教育,dataset/2020/01981_30-06-2020_華夏視聽教育_全球發售.pdf
02057,2057.HK,strip_zero,中通快遞－ＳＷ,中通快遞－ＳＷ,2020-09-17,2020,02057_17-09-2020_中通快遞－ＳＷ_全球發售.pdf,/nfs/users/wuqianqian/IPOI/dataset/2020/02057_17-09-2020_中通快遞－ＳＷ_全球發售.pdf,2020,True,False,,,False,False,True,2020-09-29,244.0,238.0,-0.024590163934426236,True,223.8,-0.0827868852459016,227.8,-0.06639344262295077,213.0,-0.12704918032786885,破发/走弱,,未知,True,False,386,4.14,True,143,False,,长篇(300-499页),中通快遞－ＳＷ,dataset/2020/02057_17-09-2020_中通快遞－ＳＷ_全球發售.pdf
02096,2096.HK,strip_zero,先聲藥業,先聲藥業,2020-10-13,2020,02096_13-10-2020_先聲藥業_全球發售.pdf,/nfs/users/wuqianqian/IPOI/dataset/2020/02096_13-10-2020_先聲藥業_全球發售.pdf,2020,True,False,,,False,False,True,2020-10-27,11.0,10.98,-0.00181818181818178,True,9.36,-0.14909090909090916,9.04,-0.17818181818181825,9.25,-0.1590909090909091,破发/走弱,,未知,True,False,818,33.18,True,154,False,,超长篇(≥500页),先聲藥業,dataset/2020/02096_13-10-2020_先聲藥業_全球發售.pdf
02101,2101.HK,strip_zero,福祿控股,福祿控股,2020-09-07,2020,02101_07-09-2020_福祿控股_全球發售.pdf,/nfs/users/wuqianqian/IPOI/dataset/2020/02101_07-09-2020_福祿控股_全球發售.pdf,2020,True,False,,,False,False,True,2020-09-18,9.3,9.18,-0.01290322580645172,True,7.99,-0.14086021505376348,6.85,-0.26344086021505386,6.2,-0.33333333333333337,破发/走弱,,未知,True,False,552,8.6,True,117,False,,超长篇(≥500页),福祿控股,dataset/2020/02101_07-09-2020_福祿控股_全球發售.pdf
02107,2107.HK,strip_zero,第一服務控股,第一服務控股,2020-10-12,2020,02107_12-10-2020_第一服務控股_全球發售.pdf,/nfs/users/wuqianqian/IPOI/dataset/2020/02107_12-10-2020_第一服務控股_全球發售.pdf,2020,True,False,,,False,False,True,2020-10-22,2.0,1.76,-0.12,True,1.4,-0.30000000000000004,1.35,-0.325,1.06,-0.47,暴跌,,未知,True,False,642,3.25,False,0,True,,超长篇(≥500页),第一服務控股,dataset/2020/02107_12-10-2020_第一服務控股_全球發售.pdf
02110,2110.HK,strip_zero,裕勤控股,裕勤控股,2020-11-23,2020,02110_23-11-2020_裕勤控股_股份發售.pdf,/nfs/users/wuqianqian/IPOI/dataset/2020/02110_23-11-2020_裕勤控股_股份發售.pdf,2020,True,False,,,False,False,True,2020-12-07,0.285,0.192,-0.3263157894736841,True,0.133,-0.5333333333333332,0.123,-0.5684210526315789,0.127,-0.5543859649122806,暴跌,,未知,True,False,524,7.28,True,153,False,,超长篇(≥500页),裕勤控股,dataset/2020/02110_23-11-2020_裕勤控股_股份發售.pdf
02115,2115.HK,strip_zero,捷心隆,捷心隆,2020-09-22,2020,02115_22-09-2020_捷心隆_全球發售.pdf,/nfs/users/wuqianqian/IPOI/dataset/2020/02115_22-09-2020_捷心隆_全球發售.pdf,2020,True,False,,,False,False,True,2020-10-15,1.16,1.13,-0.025862068965517262,True,1.26,0.08620689655172423,1.76,0.517241379310345,1.24,0.06896551724137938,平稳,,未知,True,False,613,4.39,True,107,False,,超长篇(≥500页),捷心隆,dataset/2020/02115_22-09-2020_捷心隆_全球發售.pdf
02117,2117.HK,strip_zero,大唐集團控股,大唐集團控股,2020-11-27,2020,02117_27-11-2020_大唐集團控股_全球發售.pdf,/nfs/users/wuqianqian/IPOI/dataset/2020/02117_27-11-2020_大唐集團控股_全球發售.pdf,2020,True,False,,,False,False,True,2020-12-11,4.56,4.59,0.006578947368421108,False,4.56,0.0,4.48,-0.017543859649122633,4.47,-0.019736842105263133,平稳,,未知,True,False,886,8.81,True,127,False,,超长篇(≥500页),大唐集團控股,dataset/2020/02117_27-11-2020_大唐集團控股_全球發售.pdf
02125,2125.HK,strip_zero,稻草熊娛樂,稻草熊娛樂,2020-12-31,2020,02125_31-12-2020_稻草熊娛樂_全球發售.pdf,/nfs/users/wuqianqian/IPOI/dataset/2020/02125_31-12-2020_稻草熊娛樂_全球發售.pdf,2020,True,False,,,False,False,True,2021-01-15,7.0,10.8,0.5428571428571429,False,7.4,0.0571428571428572,7.38,0.05428571428571427,12.38,0.7685714285714287,平稳,,未知,True,False,587,29.63,False,50,False,,超长篇(≥500页),稻草熊娛樂,dataset/2020/02125_31-12-2020_稻草熊娛樂_全球發售.pdf
02126,2126.HK,strip_zero,藥明巨諾－Ｂ,藥明巨諾－Ｂ,2020-10-22,2020,02126_22-10-2020_藥明巨諾－Ｂ_全球發售.pdf,/nfs/users/wuqianqian/IPOI/dataset/2020/02126_22-10-2020_藥明巨諾－Ｂ_全球發售.pdf,2020,True,False,,,False,True,True,2020-11-03,24.35,22.0,-0.09650924024640664,True,28.55,0.17248459958932233,26.8,0.10061601642710467,37.1,0.5236139630390143,平稳,,未知,True,False,840,54.44,True,157,False,,超长篇(≥500页),藥明巨諾－Ｂ,dataset/2020/02126_22-10-2020_藥明巨諾－Ｂ_全球發售.pdf
02127,2127.HK,strip_zero,匯森家居,匯森家居,2020-12-14,2020,02127_14-12-2020_匯森家居_全球發售.pdf,/nfs/users/wuqianqian/IPOI/dataset/2020/02127_14-12-2020_匯森家居_全球發售.pdf,2020,True,True,1.38,主板,True,False,True,2020-12-29,1.75,1.8,0.0285714285714286,False,2.47,0.4114285714285715,2.21,0.26285714285714284,2.08,0.1885714285714286,暴涨,,未知,True,False,550,6.93,False,0,True,,超长篇(≥500页),匯森家居,dataset/2020/02127_14-12-2020_匯森家居_全球發售.pdf
02129,2129.HK,strip_zero,LEGION CONSO,LEGION CONSO,2020-12-30,2020,02129_30-12-2020_LEGION CONSO_股份發售.pdf,/nfs/users/wuqianqian/IPOI/dataset/2020/02129_30-12-2020_LEGION CONSO_股份發售.pdf,2020,True,False,,,False,False,True,2021-01-13,0.46,0.35,-0.2391304347826088,True,0.275,-0.4021739130434782,0.23,-0.5,0.174,-0.6217391304347827,暴跌,"公司的子公司的主要业务是提供货车运输服务,货运代理服务和增值运输服务.",其他,True,False,537,10.45,False,0,True,,超长篇(≥500页),LEGION CONSO,dataset/2020/02129_30-12-2020_LEGION CONSO_股份發售.pdf
02130,2130.HK,strip_zero,嘉泓物流,嘉泓物流,2020-09-30,2020,02130_30-09-2020_嘉泓物流_全球發售.pdf,/nfs/users/wuqianqian/IPOI/dataset/2020/02130_30-09-2020_嘉泓物流_全球發售.pdf,2020,True,False,,,False,False,True,2020-10-15,2.66,2.71,0.01879699248120294,False,3.33,0.25187969924812026,3.59,0.34962406015037584,5.21,0.9586466165413532,平稳,空运分部主要通过空运提供货运代理服务。海运分部主要通过海运提供货运代理服务。邮轮物流分部主要为乾船坞项目提供物料运送及邮轮营运商提供邮轮补给。配送及物流分部主要提供配送及物流服务。该公司物流服务包括专业仓储、物流及其他服务，如品牌包装、多形体重新包装、香港当地即日送货上门及温控配送等。,其他,True,False,594,5.65,False,0,True,,超长篇(≥500页),嘉泓物流,dataset/2020/02130_30-09-2020_嘉泓物流_全球發售.pdf
02131,2131.HK,strip_zero,云想科技,云想科技,2020-12-07,2020,02131_07-12-2020_云想科技_全球發售.pdf,/nfs/users/wuqianqian/IPOI/dataset/2020/02131_07-12-2020_云想科技_全球發售.pdf,2020,True,True,0.78,主板,True,False,True,2020-12-17,6.98,8.12,0.16332378223495686,False,7.76,0.11174785100286523,7.79,0.11604584527220625,7.65,0.0959885386819484,平稳,公司主要提供智能化营销解决方案,其他,True,False,497,28.59,True,114,False,,长篇(300-499页),云想科技,dataset/2020/02131_07-12-2020_云想科技_全球發售.pdf
02132,2132.HK,strip_zero,譽燊豐控股,譽燊豐控股,2020-09-30,2020,02132_30-09-2020_譽燊豐控股_股份發售.pdf,/nfs/users/wuqianqian/IPOI/dataset/2020/02132_30-09-2020_譽燊豐控股_股份發售.pdf,2020,True,False,,,False,False,True,2020-10-20,0.3,0.275,-0.08333333333333323,True,0.224,-0.2533333333333333,0.223,-0.25666666666666665,0.158,-0.4733333333333333,暴跌,,未知,True,False,426,4.63,True,89,False,,长篇(300-499页),譽燊豐控股,dataset/2020/02132_30-09-2020_譽燊豐控股_股份發售.pdf
02135,2135.HK,strip_zero,瑞麗醫美,瑞麗醫美,2020-12-15,2020,02135_15-12-2020_瑞麗醫美_全球發售.pdf,/nfs/users/wuqianqian/IPOI/dataset/2020/02135_15-12-2020_瑞麗醫美_全球發售.pdf,2020,True,False,,,False,False,True,2020-12-28,0.475,0.435,-0.08421052631578943,True,0.355,-0.25263157894736843,0.35,-0.2631578947368421,0.35,-0.2631578947368421,暴跌,,未知,True,False,606,15.71,False,0,True,,超长篇(≥500页),瑞麗醫美,dataset/2020/02135_15-12-2020_瑞麗醫美_全球發售.pdf
02142,2142.HK,strip_zero,和鉑醫藥－Ｂ,和鉑醫藥－Ｂ,2020-11-30,2020,02142_30-11-2020_和鉑醫藥－Ｂ_全球發售.pdf,/nfs/users/wuqianqian/IPOI/dataset/2020/02142_30-11-2020_和鉑醫藥－Ｂ_全球發售.pdf,2020,True,False,,,False,True,True,2020-12-10,11.94,11.02,-0.07705192629815745,True,10.78,-0.09715242881072028,8.69,-0.2721943048576215,8.38,-0.2981574539363483,破发/走弱,,未知,True,False,654,9.99,True,136,False,,超长篇(≥500页),和鉑醫藥－Ｂ,dataset/2020/02142_30-11-2020_和鉑醫藥－Ｂ_全球發售.pdf
02146,2146.HK,strip_zero,榮萬家,榮萬家,2020-12-31,2020,02146_31-12-2020_榮萬家_全球發售.pdf,/nfs/users/wuqianqian/IPOI/dataset/2020/02146_31-12-2020_榮萬家_全球發售.pdf,2020,True,False,,,False,False,True,2021-01-15,12.8,12.36,-0.0343750000000001,True,11.9,-0.07031250000000003,9.06,-0.2921875,8.6,-0.3281250000000001,破发/走弱,,未知,True,False,505,3.77,True,121,False,,超长篇(≥500页),榮萬家,dataset/2020/02146_31-12-2020_榮萬家_全球發售.pdf
02148,2148.HK,strip_zero,VESYNC,VESYNC,2020-12-08,2020,02148_08-12-2020_VESYNC_全球發售.pdf,/nfs/users/wuqianqian/IPOI/dataset/2020/02148_08-12-2020_VESYNC_全球發售.pdf,2020,True,False,,,False,False,True,2020-12-18,10.4,8.8,-0.1538461538461538,True,11.48,0.10384615384615384,15.7,0.5096153846153845,14.3,0.375,平稳,Vesync Co Ltd从事小家电线上市场.该公司专注于线上营销及销售自主设计开发的小家电及智能家居设备.,其他,True,False,510,13.7,True,95,False,,超长篇(≥500页),VESYNC,dataset/2020/02148_08-12-2020_VESYNC_全球發售.pdf
02153,2153.HK,strip_zero,達豐設備,達豐設備,2020-12-30,2020,02153_30-12-2020_達豐設備_全球發售.pdf,/nfs/users/wuqianqian/IPOI/dataset/2020/02153_30-12-2020_達豐設備_全球發售.pdf,2020,True,False,,,False,False,True,2021-01-13,1.4,1.58,0.1285714285714287,False,1.83,0.3071428571428573,1.5,0.0714285714285715,1.52,0.0857142857142858,暴涨,,未知,True,False,573,7.18,True,148,False,,超长篇(≥500页),達豐設備,dataset/2020/02153_30-12-2020_達豐設備_全球發售.pdf
02158,2158.HK,strip_zero,醫渡科技,醫渡科技,2020-12-31,2020,02158_31-12-2020_醫渡科技_全球發售.pdf,/nfs/users/wuqianqian/IPOI/dataset/2020/02158_31-12-2020_醫渡科技_全球發售.pdf,2020,True,True,0.89,主板,True,False,True,2021-01-15,58.25,65.2,0.11931330472103008,False,62.0,0.06437768240343347,57.7,-0.009442060085836859,36.6,-0.3716738197424893,平稳,,未知,True,False,645,8.27,True,86,False,,超长篇(≥500页),醫渡科技,dataset/2020/02158_31-12-2020_醫渡科技_全球發售.pdf
02159,2159.HK,strip_zero,麥迪衛康,麥迪衛康,2020-12-31,2020,02159_31-12-2020_麥迪衛康_全球發售.pdf,/nfs/users/wuqianqian/IPOI/dataset/2020/02159_31-12-2020_麥迪衛康_全球發售.pdf,2020,True,False,,,False,False,True,2021-01-19,4.0,3.79,-0.052499999999999984,True,3.74,-0.06499999999999995,3.7,-0.07499999999999996,2.75,-0.3125,破发/走弱,,未知,True,False,641,4.84,False,38,True,,超长篇(≥500页),麥迪衛康,dataset/2020/02159_31-12-2020_麥迪衛康_全球發售.pdf
02169,2169.HK,strip_zero,滄港鐵路,滄港鐵路,2020-10-12,2020,02169_12-10-2020_滄港鐵路_全球發售.pdf,/nfs/users/wuqianqian/IPOI/dataset/2020/02169_12-10-2020_滄港鐵路_全球發售.pdf,2020,True,False,,,False,False,True,2020-10-23,0.97,1.0,0.030927835051546417,False,1.42,0.4639175257731958,1.86,0.9175257731958764,1.11,0.14432989690721662,暴涨,,未知,True,False,506,5.05,True,95,False,,超长篇(≥500页),滄港鐵路,dataset/2020/02169_12-10-2020_滄港鐵路_全球發售.pdf
02263,2263.HK,strip_zero,富石金融,富石金融,2020-01-31,2020,02263_31-01-2020_富石金融_股份發售.pdf,/nfs/users/wuqianqian/IPOI/dataset/2020/02263_31-01-2020_富石金融_股份發售.pdf,2020,True,False,,,False,False,True,2020-02-19,0.56,0.4,-0.2857142857142857,True,0.35,-0.3750000000000001,0.212,-0.6214285714285716,0.196,-0.65,暴跌,公司为香港金融服务供应商，主要从事提供证券买卖服务(包括经纪服务及保证金融资服务)以及配售及包销服务。,金融,True,False,530,3.2,True,264,False,,超长篇(≥500页),富石金融,dataset/2020/02263_31-01-2020_富石金融_股份發售.pdf
02381,2381.HK,strip_zero,蜆壳電業,蜆壳電業,2020-05-19,2020,02381_19-05-2020_蜆壳電業_股份發售.pdf,/nfs/users/wuqianqian/IPOI/dataset/2020/02381_19-05-2020_蜆壳電業_股份發售.pdf,2020,True,False,,,False,False,True,2020-06-02,0.198,0.141,-0.287878787878788,True,0.128,-0.35353535353535354,0.125,-0.3686868686868687,0.127,-0.3585858585858586,暴跌,,未知,True,False,457,3.22,True,70,False,,长篇(300-499页),蜆壳電業,dataset/2020/02381_19-05-2020_蜆壳電業_股份發售.pdf
02599,2599.HK,strip_zero,祥生控股集團,祥生控股集團,2020-10-30,2020,02599_30-10-2020_祥生控股集團_全球發售.pdf,/nfs/users/wuqianqian/IPOI/dataset/2020/02599_30-10-2020_祥生控股集團_全球發售.pdf,2020,True,False,,,False,False,True,2020-11-18,5.59,5.59,0.0,False,5.6,0.0017889087656529138,5.59,0.0,5.64,0.008944543828264727,平稳,,未知,True,False,906,5.97,True,127,False,,超长篇(≥500页),祥生控股集團,dataset/2020/02599_30-10-2020_祥生控股集團_全球發售.pdf
03347,3347.HK,strip_zero,泰格醫藥,泰格醫藥,2020-07-28,2020,03347_28-07-2020_泰格醫藥_全球發售.pdf,/nfs/users/wuqianqian/IPOI/dataset/2020/03347_28-07-2020_泰格醫藥_全球發售.pdf,2020,True,False,,,False,True,True,2020-08-07,119.0,113.3,-0.04789915966386557,True,110.2,-0.07394957983193275,111.5,-0.06302521008403361,130.9,0.10000000000000003,破发/走弱,,未知,True,False,692,4.79,True,151,False,,超长篇(≥500页),泰格醫藥,dataset/2020/03347_28-07-2020_泰格醫藥_全球發售.pdf
03390,3390.HK,strip_zero,滿貫集團,滿貫集團,2020-03-30,2020,03390_30-03-2020_滿貫集團_全球發售.pdf,/nfs/users/wuqianqian/IPOI/dataset/2020/03390_30-03-2020_滿貫集團_全球發售.pdf,2020,True,False,,,False,False,True,2020-04-15,1.28,0.96,-0.2500000000000001,True,0.94,-0.2656250000000001,0.99,-0.2265625000000001,1.12,-0.12499999999999993,暴跌,,未知,True,False,484,4.34,True,79,False,,长篇(300-499页),滿貫集團,dataset/2020/03390_30-03-2020_滿貫集團_全球發售.pdf
03913,3913.HK,strip_zero,合景悠活,合景悠活,2020-10-19,2020,03913_19-10-2020_合景悠活_全球發售.pdf,/nfs/users/wuqianqian/IPOI/dataset/2020/03913_19-10-2020_合景悠活_全球發售.pdf,2020,True,False,,,False,False,True,2020-10-30,6.48,6.08,-0.06172839506172845,True,6.21,-0.04166666666666674,5.72,-0.11728395061728406,8.48,0.30864197530864196,平稳,主要从事提供住宅物业管理服务及非住宅物业管理及商业营运服务,地产/建筑,True,False,570,8.29,False,0,True,,超长篇(≥500页),合景悠活,dataset/2020/03913_19-10-2020_合景悠活_全球發售.pdf
06063,6063.HK,strip_zero,智中國際,智中國際,2020-03-30,2020,06063_30-03-2020_智中國際_股份發售.pdf,/nfs/users/wuqianqian/IPOI/dataset/2020/06063_30-03-2020_智中國際_股份發售.pdf,2020,True,False,,,False,False,True,2020-04-15,0.5,0.69,0.3799999999999999,False,0.43,-0.14,0.495,-0.010000000000000007,0.184,-0.632,破发/走弱,,未知,True,False,476,6.61,True,116,False,,长篇(300-499页),智中國際,dataset/2020/06063_30-03-2020_智中國際_股份發售.pdf
06078,6078.HK,strip_zero,海吉亞醫療,海吉亞醫療,2020-06-16,2020,06078_16-06-2020_海吉亞醫療_全球發售.pdf,/nfs/users/wuqianqian/IPOI/dataset/2020/06078_16-06-2020_海吉亞醫療_全球發售.pdf,2020,True,False,,,False,False,True,2020-06-29,22.8,26.0,0.14035087719298242,False,30.75,0.34868421052631576,30.7,0.3464912280701753,50.65,1.2214912280701753,暴涨,,未知,True,False,614,4.67,True,85,False,,超长篇(≥500页),海吉亞醫療,dataset/2020/06078_16-06-2020_海吉亞醫療_全球發售.pdf
06618,6618.HK,strip_zero,京東健康,京東健康,2020-11-26,2020,06618_26-11-2020_京東健康_全球發售.pdf,/nfs/users/wuqianqian/IPOI/dataset/2020/06618_26-11-2020_京東健康_全球發售.pdf,2020,True,False,,,False,False,True,2020-12-08,94.5,110.0,0.16402116402116398,False,137.8,0.4582010582010583,133.2,0.4095238095238094,108.2,0.14497354497354506,暴涨,,未知,True,False,558,46.03,True,171,False,,超长篇(≥500页),京東健康,dataset/2020/06618_26-11-2020_京東健康_全球發售.pdf
06666,6666.HK,strip_zero,恒大物業,恒大物業,2020-11-23,2020,06666_23-11-2020_恒大物業_全球發售.pdf,/nfs/users/wuqianqian/IPOI/dataset/2020/06666_23-11-2020_恒大物業_全球發售.pdf,2020,True,False,,,False,False,True,2020-12-02,8.84,8.78,-0.006787330316742138,True,8.0,-0.09502262443438912,8.94,0.011312217194570096,16.3,0.8438914027149322,破发/走弱,,未知,True,False,584,6.14,False,0,True,,超长篇(≥500页),恒大物業,dataset/2020/06666_23-11-2020_恒大物業_全球發售.pdf
06677,6677.HK,strip_zero,遠洋服務,遠洋服務,2020-12-07,2020,06677_07-12-2020_遠洋服務_全球發售.pdf,/nfs/users/wuqianqian/IPOI/dataset/2020/06677_07-12-2020_遠洋服務_全球發售.pdf,2020,True,False,,,False,False,True,2020-12-17,5.86,5.85,-0.0017064846416383404,True,5.09,-0.1313993174061434,4.85,-0.17235494880546084,4.35,-0.2576791808873721,破发/走弱,,未知,True,False,617,4.27,True,156,False,,超长篇(≥500页),遠洋服務,dataset/2020/06677_07-12-2020_遠洋服務_全球發售.pdf
06688,6688.HK,,螞蟻集團,螞蟻集團,2020-10-26,2020,06688_26-10-2020_螞蟻集團_H股首次公開發售.pdf,/nfs/users/wuqianqian/IPOI/dataset/2020/06688_26-10-2020_螞蟻集團_H股首次公開發售.pdf,2020,True,False,,,False,False,False,,,,,,,,,,,,无行情,,未知,True,False,752,11.05,False,0,True,,超长篇(≥500页),螞蟻集團,dataset/2020/06688_26-10-2020_螞蟻集團_H股首次公開發售.pdf
06813,6813.HK,,大喜屋集團,大喜屋集團,2020-01-24,2020,06813_24-01-2020_大喜屋集團_股份發售.pdf,/nfs/users/wuqianqian/IPOI/dataset/2020/06813_24-01-2020_大喜屋集團_股份發售.pdf,2020,True,False,,,False,False,False,,,,,,,,,,,,无行情,,未知,True,False,490,15.95,False,16,True,,长篇(300-499页),大喜屋集團,dataset/2020/06813_24-01-2020_大喜屋集團_股份發售.pdf
06900,6900.HK,strip_zero,上坤地產,上坤地產,2020-10-30,2020,06900_30-10-2020_上坤地產_全球發售.pdf,/nfs/users/wuqianqian/IPOI/dataset/2020/06900_30-10-2020_上坤地產_全球發售.pdf,2020,True,False,,,False,False,True,2020-11-17,2.28,2.3,0.008771929824561412,False,2.28,0.0,2.3,0.008771929824561412,2.38,0.043859649122807064,平稳,,未知,True,False,883,9.11,True,102,False,,超长篇(≥500页),上坤地產,dataset/2020/06900_30-10-2020_上坤地產_全球發售.pdf
06918,6918.HK,strip_zero,奇士達,奇士達,2020-02-28,2020,06918_28-02-2020_奇士達_全球發售.pdf,/nfs/users/wuqianqian/IPOI/dataset/2020/06918_28-02-2020_奇士達_全球發售.pdf,2020,True,False,,,False,False,True,2020-03-18,1.1,0.9,-0.18181818181818185,True,0.9,-0.18181818181818185,0.91,-0.17272727272727276,0.95,-0.13636363636363644,破发/走弱,,未知,True,False,534,10.0,True,51,False,,超长篇(≥500页),奇士達,dataset/2020/06918_28-02-2020_奇士達_全球發售.pdf
06933,6933.HK,strip_zero,新娛科控股,新娛科控股,2020-06-30,2020,06933_30-06-2020_新娛科控股_全球發售.pdf,/nfs/users/wuqianqian/IPOI/dataset/2020/06933_30-06-2020_新娛科控股_全球發售.pdf,2020,True,False,,,False,False,True,2020-07-15,1.75,1.7,-0.0285714285714286,True,1.79,0.02285714285714288,4.77,1.7257142857142855,3.05,0.7428571428571428,平稳,,未知,True,False,434,5.14,True,127,False,,长篇(300-499页),新娛科控股,dataset/2020/06933_30-06-2020_新娛科控股_全球發售.pdf
06958,6958.HK,strip_zero,正榮服務,正榮服務,2020-06-29,2020,06958_29-06-2020_正榮服務_全球發售.pdf,/nfs/users/wuqianqian/IPOI/dataset/2020/06958_29-06-2020_正榮服務_全球發售.pdf,2020,True,False,,,False,False,True,2020-07-10,4.86,5.6,0.15226337448559654,False,5.32,0.09465020576131686,7.08,0.4567901234567901,5.28,0.08641975308641972,平稳,,未知,True,False,533,3.53,True,109,False,,超长篇(≥500页),正榮服務,dataset/2020/06958_29-06-2020_正榮服務_全球發售.pdf
06968,6968.HK,strip_zero,港龍中國地產,港龍中國地產,2020-06-29,2020,06968_29-06-2020_港龍中國地產_全球發售.pdf,/nfs/users/wuqianqian/IPOI/dataset/2020/06968_29-06-2020_港龍中國地產_全球發售.pdf,2020,True,False,,,False,False,True,2020-07-15,3.93,3.92,-0.002544529262086573,True,3.92,-0.002544529262086573,3.94,0.0025445292620864595,4.5,0.14503816793893126,平稳,,未知,True,False,635,5.23,True,120,False,,超长篇(≥500页),港龍中國地產,dataset/2020/06968_29-06-2020_港龍中國地產_全球發售.pdf
06969,6969.HK,strip_zero,思摩爾國際,思摩爾國際,2020-06-29,2020,06969_29-06-2020_思摩爾國際_全球發售.pdf,/nfs/users/wuqianqian/IPOI/dataset/2020/06969_29-06-2020_思摩爾國際_全球發售.pdf,2020,True,False,,,False,False,True,2020-07-10,28.0,31.0,0.10714285714285714,False,31.05,0.10892857142857146,39.2,0.4000000000000001,35.0,0.25,平稳,,未知,True,False,590,7.16,True,127,False,,超长篇(≥500页),思摩爾國際,dataset/2020/06969_29-06-2020_思摩爾國際_全球發售.pdf
06978,6978.HK,strip_zero,永泰生物－Ｂ,永泰生物－Ｂ,2020-06-29,2020,06978_29-06-2020_永泰生物－Ｂ_全球發售.pdf,/nfs/users/wuqianqian/IPOI/dataset/2020/06978_29-06-2020_永泰生物－Ｂ_全球發售.pdf,2020,True,False,,,False,True,True,2020-07-10,13.4,15.48,0.15522388059701492,False,11.52,-0.14029850746268666,12.2,-0.08955223880597023,10.24,-0.23582089552238805,破发/走弱,,未知,True,False,575,6.23,True,78,False,,超长篇(≥500页),永泰生物－Ｂ,dataset/2020/06978_29-06-2020_永泰生物－Ｂ_全球發售.pdf
06988,6988.HK,strip_zero,樂享互動,樂享互動,2020-09-10,2020,06988_10-09-2020_樂享互動_全球發售.pdf,/nfs/users/wuqianqian/IPOI/dataset/2020/06988_10-09-2020_樂享互動_全球發售.pdf,2020,True,False,,,False,False,True,2020-09-23,2.7,2.7,0.0,False,2.8,0.0370370370370369,4.11,0.5222222222222223,3.38,0.2518518518518517,平稳,,未知,True,False,521,13.89,True,104,False,,超长篇(≥500页),樂享互動,dataset/2020/06988_10-09-2020_樂享互動_全球發售.pdf
06989,6989.HK,strip_zero,卓越商企服務,卓越商企服務,2020-10-07,2020,06989_07-10-2020_卓越商企服務_全球發售.pdf,/nfs/users/wuqianqian/IPOI/dataset/2020/06989_07-10-2020_卓越商企服務_全球發售.pdf,2020,True,False,,,False,False,True,2020-10-19,11.4,11.0,-0.03508771929824565,True,10.24,-0.10175438596491228,9.88,-0.1333333333333333,10.24,-0.10175438596491228,破发/走弱,,未知,True,False,599,8.38,True,139,False,,超长篇(≥500页),卓越商企服務,dataset/2020/06989_07-10-2020_卓越商企服務_全球發售.pdf
06993,6993.HK,strip_zero,藍月亮集團,藍月亮集團,2020-12-04,2020,06993_04-12-2020_藍月亮集團_全球發售.pdf,/nfs/users/wuqianqian/IPOI/dataset/2020/06993_04-12-2020_藍月亮集團_全球發售.pdf,2020,True,False,,,False,False,True,2020-12-16,15.32,14.88,-0.02872062663185375,True,15.62,0.01958224543080933,17.6,0.1488250652741515,14.2,-0.07310704960835515,平稳,,未知,True,False,545,50.22,True,168,False,,超长篇(≥500页),藍月亮集團,dataset/2020/06993_04-12-2020_藍月亮集團_全球發售.pdf
06996,6996.HK,strip_zero,德琪醫藥－Ｂ,德琪醫藥－Ｂ,2020-11-09,2020,06996_09-11-2020_德琪醫藥－Ｂ_全球發售.pdf,/nfs/users/wuqianqian/IPOI/dataset/2020/06996_09-11-2020_德琪醫藥－Ｂ_全球發售.pdf,2020,True,False,,,False,True,True,2020-11-20,19.6,18.28,-0.06734693877551022,True,15.8,-0.19387755102040816,16.62,-0.15204081632653066,18.98,-0.031632653061224536,破发/走弱,,未知,True,False,628,8.15,True,79,False,,超长篇(≥500页),德琪醫藥－Ｂ,dataset/2020/06996_09-11-2020_德琪醫藥－Ｂ_全球發售.pdf
06998,6998.HK,strip_zero,嘉和生物－Ｂ,嘉和生物－Ｂ,2020-09-23,2020,06998_23-09-2020_嘉和生物－Ｂ_全球發售.pdf,/nfs/users/wuqianqian/IPOI/dataset/2020/06998_23-09-2020_嘉和生物－Ｂ_全球發售.pdf,2020,True,False,,,False,True,True,2020-10-07,29.2,27.95,-0.04280821917808219,True,25.2,-0.136986301369863,19.08,-0.34657534246575344,18.82,-0.3554794520547945,破发/走弱,,未知,True,False,703,16.71,True,141,False,,超长篇(≥500页),嘉和生物－Ｂ,dataset/2020/06998_23-09-2020_嘉和生物－Ｂ_全球發售.pdf
06999,6999.HK,strip_zero,領地控股,領地控股,2020-11-26,2020,06999_26-11-2020_領地控股_全球發售.pdf,/nfs/users/wuqianqian/IPOI/dataset/2020/06999_26-11-2020_領地控股_全球發售.pdf,2020,True,False,,,False,False,True,2020-12-10,5.69,5.69,0.0,False,5.69,0.0,5.76,0.012302284710017469,5.72,0.005272407732864561,平稳,,未知,True,False,1030,9.8,False,0,True,,超长篇(≥500页),領地控股,dataset/2020/06999_26-11-2020_領地控股_全球發售.pdf
08489,8489.HK,strip_zero,裕程物流,裕程物流,2020-12-30,2020,08489_30-12-2020_裕程物流_以股份發售方式於香港聯合交易所有限公司GEM上市.pdf,/nfs/users/wuqianqian/IPOI/dataset/2020/08489_30-12-2020_裕程物流_以股份發售方式於香港聯合交易所有限公司GEM上市.pdf,2020,True,False,,,False,False,True,2021-01-13,0.74,0.87,0.17567567567567569,False,1.25,0.6891891891891893,1.05,0.41891891891891897,0.52,-0.2972972972972973,暴涨,公司提供空运及海运之进出口货物转运服务，配有可供选择之配套物流服务(如货物提取、于港口处理货物及当地运输)及仓储相关服务(如重新包装、贴上标签、夹板装载、清关及仓储)。,其他,True,False,430,4.72,True,105,False,,长篇(300-499页),裕程物流,dataset/2020/08489_30-12-2020_裕程物流_以股份發售方式於香港聯合交易所有限公司GEM上市.pdf
08496,8496.HK,strip_zero,新加坡美食控股,新加坡美食控股,2020-04-29,2020,08496_29-04-2020_新加坡美食控股_股份發售.pdf,/nfs/users/wuqianqian/IPOI/dataset/2020/08496_29-04-2020_新加坡美食控股_股份發售.pdf,2020,True,False,,,False,False,True,2020-05-18,1.5,2.06,0.37333333333333335,False,1.91,0.2733333333333333,1.87,0.2466666666666668,3.3,1.2,平稳,,未知,True,False,476,6.08,True,82,False,,长篇(300-499页),新加坡美食控股,dataset/2020/08496_29-04-2020_新加坡美食控股_股份發售.pdf
08616,8616.HK,strip_zero,新威工程集團,新威工程集團,2020-03-31,2020,08616_31-03-2020_新威工程集團_股份發售.pdf,/nfs/users/wuqianqian/IPOI/dataset/2020/08616_31-03-2020_新威工程集團_股份發售.pdf,2020,True,False,,,False,False,True,2020-04-23,0.375,0.51,0.36000000000000004,False,0.61,0.6266666666666666,0.52,0.3866666666666667,0.5,0.3333333333333333,暴涨,,未知,True,False,508,10.75,True,110,False,,超长篇(≥500页),新威工程集團,dataset/2020/08616_31-03-2020_新威工程集團_股份發售.pdf
08620,8620.HK,strip_zero,亞洲速運,亞洲速運,2020-03-31,2020,08620_31-03-2020_亞洲速運_股份發售.pdf,/nfs/users/wuqianqian/IPOI/dataset/2020/08620_31-03-2020_亞洲速運_股份發售.pdf,2020,True,False,,,False,False,True,2020-04-20,0.7,0.32,-0.5428571428571428,True,0.3,-0.5714285714285714,0.23,-0.6714285714285715,0.166,-0.7628571428571428,暴跌,,未知,True,False,454,5.64,True,147,False,,长篇(300-499页),亞洲速運,dataset/2020/08620_31-03-2020_亞洲速運_股份發售.pdf
08623,8623.HK,strip_zero,中國蜀塔,中國蜀塔,2020-06-24,2020,08623_24-06-2020_中國蜀塔_股份發售.pdf,/nfs/users/wuqianqian/IPOI/dataset/2020/08623_24-06-2020_中國蜀塔_股份發售.pdf,2020,True,False,,,False,False,True,2020-07-10,0.22,0.217,-0.013636363636363648,True,0.189,-0.1409090909090909,0.18,-0.18181818181818185,0.085,-0.6136363636363636,破发/走弱,,未知,True,False,572,23.74,True,169,False,,超长篇(≥500页),中國蜀塔,dataset/2020/08623_24-06-2020_中國蜀塔_股份發售.pdf
08657,8657.HK,strip_zero,TRUE PARTNER,TRUE PARTNER,2020-09-30,2020,08657_30-09-2020_TRUE PARTNER_股份發售.pdf,/nfs/users/wuqianqian/IPOI/dataset/2020/08657_30-09-2020_TRUE PARTNER_股份發售.pdf,2020,True,False,,,False,False,True,2020-10-16,1.4,1.08,-0.2285714285714285,True,1.11,-0.20714285714285705,0.93,-0.33571428571428563,0.86,-0.3857142857142857,暴跌,公司是建基于香港及美国的基金管理集团，使用全球相对波幅价值交易策略(涉及在多个主要市场(包括美国、欧洲及亚洲)以及不同时区以单一交易册对流动性交易所上市衍生工具(包括六个月内到期的股票指数期权、大型股单一股票期权，以及期货、交易所买卖基金及股票)进行活跃的24/5交易)以全权委托基准管理基金及管理账户。,其他,True,False,614,8.67,True,174,False,,超长篇(≥500页),TRUE PARTNER,dataset/2020/08657_30-09-2020_TRUE PARTNER_股份發售.pdf
08659,8659.HK,strip_zero,易和國際控股,易和國際控股,2020-06-30,2020,08659_30-06-2020_易和國際控股_股份發售.pdf,/nfs/users/wuqianqian/IPOI/dataset/2020/08659_30-06-2020_易和國際控股_股份發售.pdf,2020,True,False,,,False,False,True,2020-07-13,0.66,0.76,0.15151515151515146,False,1.17,0.7727272727272725,0.21,-0.6818181818181819,0.173,-0.7378787878787879,暴涨,,未知,True,False,484,8.01,False,0,True,,长篇(300-499页),易和國際控股,dataset/2020/08659_30-06-2020_易和國際控股_股份發售.pdf
09600,9600.HK,strip_zero,新紐科技,新紐科技,2020-12-21,2020,09600_21-12-2020_新紐科技_全球發售.pdf,/nfs/users/wuqianqian/IPOI/dataset/2020/09600_21-12-2020_新紐科技_全球發售.pdf,2020,True,False,,,False,False,True,2021-01-06,4.12,4.1,-0.004854368932038947,True,3.87,-0.06067961165048544,3.14,-0.2378640776699029,2.3,-0.4417475728155341,破发/走弱,,未知,True,False,480,9.71,True,137,False,,长篇(300-499页),新紐科技,dataset/2020/09600_21-12-2020_新紐科技_全球發售.pdf
09608,9608.HK,strip_zero,宋都服務,宋都服務,2020-12-31,2020,09608_31-12-2020_宋都服務_全球發售.pdf,/nfs/users/wuqianqian/IPOI/dataset/2020/09608_31-12-2020_宋都服務_全球發售.pdf,2020,True,False,,,False,False,True,2021-01-18,0.225,0.16,-0.2888888888888889,True,0.13,-0.4222222222222222,0.126,-0.44,0.118,-0.4755555555555556,暴跌,,未知,True,False,524,4.39,False,26,True,,超长篇(≥500页),宋都服務,dataset/2020/09608_31-12-2020_宋都服務_全球發售.pdf
09616,9616.HK,strip_zero,東軟教育,東軟教育,2020-09-17,2020,09616_17-09-2020_東軟教育_全球發售.pdf,/nfs/users/wuqianqian/IPOI/dataset/2020/09616_17-09-2020_東軟教育_全球發售.pdf,2020,True,False,,,False,False,True,2020-09-29,7.8,6.22,-0.20256410256410254,True,6.22,-0.20256410256410254,5.86,-0.2487179487179487,5.0,-0.35897435897435903,暴跌,,未知,True,False,663,45.53,True,87,False,,超长篇(≥500页),東軟教育,dataset/2020/09616_17-09-2020_東軟教育_全球發售.pdf
09618,9618.HK,strip_zero,京東集團－ＳＷ,京東集團－ＳＷ,2020-06-08,2020,09618_08-06-2020_京東集團－ＳＷ_全球發售.pdf,/nfs/users/wuqianqian/IPOI/dataset/2020/09618_08-06-2020_京東集團－ＳＷ_全球發售.pdf,2020,True,False,,,False,False,True,2020-06-18,239.0,234.0,-0.02092050209205021,True,234.4,-0.01924686192468617,241.8,0.011715481171548164,293.8,0.22928870292887035,平稳,,未知,True,False,711,7.81,False,0,True,,超长篇(≥500页),京東集團－ＳＷ,dataset/2020/09618_08-06-2020_京東集團－ＳＷ_全球發售.pdf
09633,9633.HK,strip_zero,農夫山泉,農夫山泉,2020-08-25,2020,09633_25-08-2020_農夫山泉_全球發售.pdf,/nfs/users/wuqianqian/IPOI/dataset/2020/09633_25-08-2020_農夫山泉_全球發售.pdf,2020,True,False,,,False,False,True,2020-09-08,39.8,33.1,-0.16834170854271344,True,35.3,-0.11306532663316585,36.9,-0.07286432160804017,42.6,0.07035175879396996,破发/走弱,,未知,True,False,549,6.46,False,0,True,,超长篇(≥500页),農夫山泉,dataset/2020/09633_25-08-2020_農夫山泉_全球發售.pdf
09666,9666.HK,strip_zero,金科服務,金科服務,2020-11-05,2020,09666_05-11-2020_金科服務_全球發售.pdf,/nfs/users/wuqianqian/IPOI/dataset/2020/09666_05-11-2020_金科服務_全球發售.pdf,2020,True,False,,,False,False,True,2020-11-17,46.05,44.7,-0.029315960912051995,True,49.6,0.07709011943539641,54.75,0.18892508143322484,80.6,0.7502714440825191,平稳,,未知,True,False,628,5.92,False,21,True,,超长篇(≥500页),金科服務,dataset/2020/09666_05-11-2020_金科服務_全球發售.pdf
09668,9668.HK,strip_zero,渤海銀行,渤海銀行,2020-06-30,2020,09668_30-06-2020_渤海銀行_全球發售.pdf,/nfs/users/wuqianqian/IPOI/dataset/2020/09668_30-06-2020_渤海銀行_全球發售.pdf,2020,True,False,,,False,False,True,2020-07-16,4.8,4.8,0.0,False,4.66,-0.0291666666666666,4.8,0.0,4.65,-0.03124999999999989,平稳,,未知,True,False,800,11.13,True,123,False,,超长篇(≥500页),渤海銀行,dataset/2020/09668_30-06-2020_渤海銀行_全球發售.pdf
09677,9677.HK,strip_zero,威海銀行,威海銀行,2020-09-29,2020,09677_29-09-2020_威海銀行_全球發售.pdf,/nfs/users/wuqianqian/IPOI/dataset/2020/09677_29-09-2020_威海銀行_全球發售.pdf,2020,True,False,,,False,False,True,2020-10-12,3.35,3.35,0.0,False,3.35,0.0,3.35,0.0,3.35,0.0,平稳,,未知,True,False,897,4.99,True,160,False,,超长篇(≥500页),威海銀行,dataset/2020/09677_29-09-2020_威海銀行_全球發售.pdf
09688,9688.HK,strip_zero,再鼎醫藥－ＳＢ,再鼎醫藥－ＳＢ,2020-09-17,2020,09688_17-09-2020_再鼎醫藥－ＳＢ_全球發售.pdf,/nfs/users/wuqianqian/IPOI/dataset/2020/09688_17-09-2020_再鼎醫藥－ＳＢ_全球發售.pdf,2020,True,False,,,False,True,True,2020-09-28,613.5,610.0,-0.005704971475142625,True,663.5,0.08149959250203749,645.0,0.05134474327628362,1022.0,0.6658516707416463,平稳,,未知,True,False,597,5.3,True,138,False,,超长篇(≥500页),再鼎醫藥－ＳＢ,dataset/2020/09688_17-09-2020_再鼎醫藥－ＳＢ_全球發售.pdf
09698,9698.HK,strip_zero,萬國數據－ＳＷ,萬國數據－ＳＷ,2020-10-21,2020,09698_21-10-2020_萬國數據－ＳＷ_全球發售.pdf,/nfs/users/wuqianqian/IPOI/dataset/2020/09698_21-10-2020_萬國數據－ＳＷ_全球發售.pdf,2020,True,False,,,False,False,True,2020-11-02,81.0,83.0,0.02469135802469136,False,99.3,0.2259259259259259,88.0,0.08641975308641975,103.5,0.2777777777777778,平稳,,未知,True,False,610,27.77,True,346,False,,超长篇(≥500页),萬國數據－ＳＷ,dataset/2020/09698_21-10-2020_萬國數據－ＳＷ_全球發售.pdf
09901,9901.HK,strip_zero,新東方－Ｓ,新東方－Ｓ,2020-10-29,2020,09901_29-10-2020_新東方－Ｓ_全球發售.pdf,/nfs/users/wuqianqian/IPOI/dataset/2020/09901_29-10-2020_新東方－Ｓ_全球發售.pdf,2020,True,False,,,False,False,True,2020-11-09,1381.0,1365.0,-0.011585807385952208,True,1370.0,-0.007965242577842143,1253.0,-0.09268645908761766,1399.0,0.013034033309196237,平稳,,未知,True,False,465,4.22,True,158,False,,长篇(300-499页),新東方－Ｓ,dataset/2020/09901_29-10-2020_新東方－Ｓ_全球發售.pdf
09906,9906.HK,strip_zero,宏力醫療管理,宏力醫療管理,2020-06-24,2020,09906_24-06-2020_宏力醫療管理_全球發售.pdf,/nfs/users/wuqianqian/IPOI/dataset/2020/09906_24-06-2020_宏力醫療管理_全球發售.pdf,2020,True,False,,,False,False,True,2020-07-13,2.6,2.42,-0.06923076923076929,True,2.1,-0.1923076923076923,1.86,-0.2846153846153846,1.94,-0.2538461538461539,破发/走弱,,未知,True,False,424,5.05,True,110,False,,长篇(300-499页),宏力醫療管理,dataset/2020/09906_24-06-2020_宏力醫療管理_全球發售.pdf
09908,9908.HK,strip_zero,嘉興燃氣,嘉興燃氣,2020-06-30,2020,09908_30-06-2020_嘉興燃氣_全球發售.pdf,/nfs/users/wuqianqian/IPOI/dataset/2020/09908_30-06-2020_嘉興燃氣_全球發售.pdf,2020,True,False,,,False,False,True,2020-07-16,14.9,11.04,-0.2590604026845638,True,9.92,-0.3342281879194631,12.0,-0.1946308724832215,10.18,-0.3167785234899329,暴跌,,未知,True,False,701,7.06,True,102,False,,超长篇(≥500页),嘉興燃氣,dataset/2020/09908_30-06-2020_嘉興燃氣_全球發售.pdf
09913,9913.HK,strip_zero,智勤控股,智勤控股,2020-07-30,2020,09913_30-07-2020_智勤控股_以股份發售方式於香港聯合交易所有限公司主板上市.pdf,/nfs/users/wuqianqian/IPOI/dataset/2020/09913_30-07-2020_智勤控股_以股份發售方式於香港聯合交易所有限公司主板上市.pdf,2020,True,False,,,False,False,True,2020-08-14,0.385,0.425,0.10389610389610383,False,0.55,0.4285714285714287,0.385,0.0,0.58,0.5064935064935063,暴涨,公司为以香港为基地的领先模板承造商，主要业务为提供模板服务，包括(i)于现场主要采用木材及夹板构建的传统模板；及(ii)主要采用铝及钢以预制模组建成的预制模板。,其他,True,False,430,3.15,True,94,False,,长篇(300-499页),智勤控股,dataset/2020/09913_30-07-2020_智勤控股_以股份發售方式於香港聯合交易所有限公司主板上市.pdf
09916,9916.HK,strip_zero,興業物聯,興業物聯,2020-02-25,2020,09916_25-02-2020_興業物聯_全球發售.pdf,/nfs/users/wuqianqian/IPOI/dataset/2020/09916_25-02-2020_興業物聯_全球發售.pdf,2020,True,False,,,False,False,True,2020-03-09,1.81,2.03,0.12154696132596672,False,1.56,-0.13812154696132595,1.5,-0.17127071823204426,1.28,-0.2928176795580111,破发/走弱,,未知,True,False,393,4.37,True,191,False,,长篇(300-499页),興業物聯,dataset/2020/09916_25-02-2020_興業物聯_全球發售.pdf
09923,9923.HK,strip_zero,移卡,移卡,2020-05-19,2020,09923_19-05-2020_移卡_全球發售.pdf,/nfs/users/wuqianqian/IPOI/dataset/2020/09923_19-05-2020_移卡_全球發售.pdf,2020,True,False,,,False,False,True,2020-06-01,14.96,17.66,0.18048128342245984,False,16.66,0.11363636363636358,17.2,0.1497326203208555,58.0,2.877005347593583,平稳,公司主要从事支付及商业服务，通过三大业务板块运营：一站式支付服务（连接商户与清算机构，支持非现金支付）、商户解决方案（提供融合支付、SaaS软件、数据分析、代理、在线营销、小额贷款、助贷担保及保险科技服务），以及到店电商服务（整合店内、酒店、旅游等本地生活服务的商品展示、营销与推广）。,TMT/互联网,True,False,530,7.48,True,85,False,,超长篇(≥500页),移卡,dataset/2020/09923_19-05-2020_移卡_全球發售.pdf
09926,9926.HK,strip_zero,康方生物－Ｂ,康方生物－Ｂ,2020-04-14,2020,09926_14-04-2020_康方生物－Ｂ_全球發售.pdf,/nfs/users/wuqianqian/IPOI/dataset/2020/09926_14-04-2020_康方生物－Ｂ_全球發售.pdf,2020,True,False,,,False,True,True,2020-04-24,23.5,24.3,0.03404255319148939,False,24.5,0.0425531914893617,27.35,0.16382978723404262,33.5,0.425531914893617,平稳,公司主要从事可负担抗体药物的研发、生产与商业化，聚焦肿瘤、自身免疫及代谢性疾病领域，核心产品包括多款双特异性及单靶点抗体，如卡度尼利（PD-1/CTLA-4）、依沃西（PD-1/VEGF）、派安普利（PD-1）、伊努西单抗（PCSK9）及多个IL通路靶向抗体，致力于为全球患者提供高性价比的创新生物药。,生物科技/医药,True,False,600,9.53,True,144,False,,超长篇(≥500页),康方生物－Ｂ,dataset/2020/09926_14-04-2020_康方生物－Ｂ_全球發售.pdf
09929,9929.HK,strip_zero,澳達控股,澳達控股,2020-01-31,2020,09929_31-01-2020_澳達控股_股份發售.pdf,/nfs/users/wuqianqian/IPOI/dataset/2020/09929_31-01-2020_澳達控股_股份發售.pdf,2020,True,False,,,False,False,True,2020-02-14,0.33,0.255,-0.2272727272727273,True,0.234,-0.2909090909090909,0.109,-0.6696969696969698,0.132,-0.6,暴跌,,未知,True,False,472,4.19,True,89,False,,长篇(300-499页),澳達控股,dataset/2020/09929_31-01-2020_澳達控股_股份發售.pdf
09936,9936.HK,strip_zero,稀美資源,稀美資源,2020-02-26,2020,09936_26-02-2020_稀美資源_全球發售.pdf,/nfs/users/wuqianqian/IPOI/dataset/2020/09936_26-02-2020_稀美資源_全球發售.pdf,2020,True,False,,,False,False,True,2020-03-12,2.0,2.03,0.014999999999999902,False,2.19,0.09499999999999996,2.08,0.040000000000000036,2.28,0.1399999999999999,平稳,,未知,True,False,490,15.24,False,23,True,,长篇(300-499页),稀美資源,dataset/2020/09936_26-02-2020_稀美資源_全球發售.pdf
09939,9939.HK,strip_zero,開拓藥業－Ｂ,開拓藥業－Ｂ,2020-05-12,2020,09939_12-05-2020_開拓藥業－Ｂ_全球發售.pdf,/nfs/users/wuqianqian/IPOI/dataset/2020/09939_12-05-2020_開拓藥業－Ｂ_全球發售.pdf,2020,True,False,,,False,True,True,2020-05-22,20.15,21.5,0.06699751861042191,False,14.42,-0.2843672456575682,15.54,-0.2287841191066997,15.28,-0.2416873449131513,暴跌,,未知,True,False,512,7.56,True,110,False,,超长篇(≥500页),開拓藥業－Ｂ,dataset/2020/09939_12-05-2020_開拓藥業－Ｂ_全球發售.pdf
09958,9958.HK,strip_zero,力天影業,力天影業,2020-06-10,2020,09958_10-06-2020_力天影業_全球發售.pdf,/nfs/users/wuqianqian/IPOI/dataset/2020/09958_10-06-2020_力天影業_全球發售.pdf,2020,True,False,,,False,False,True,2020-06-22,2.4,1.59,-0.3375,True,1.36,-0.4333333333333333,1.48,-0.3833333333333333,1.68,-0.3,暴跌,,未知,True,False,523,6.46,True,107,False,,超长篇(≥500页),力天影業,dataset/2020/09958_10-06-2020_力天影業_全球發售.pdf
09969,9969.HK,strip_zero,諾誠健華－Ｂ,諾誠健華－Ｂ,2020-03-11,2020,09969_11-03-2020_諾誠健華－Ｂ_全球發售.pdf,/nfs/users/wuqianqian/IPOI/dataset/2020/09969_11-03-2020_諾誠健華－Ｂ_全球發售.pdf,2020,True,False,,,False,True,True,2020-03-23,9.4,9.81,0.04361702127659576,False,10.98,0.16808510638297872,14.28,0.5191489361702126,14.34,0.5255319148936171,平稳,,未知,True,False,552,8.82,True,136,False,,超长篇(≥500页),諾誠健華－Ｂ,dataset/2020/09969_11-03-2020_諾誠健華－Ｂ_全球發售.pdf
09977,9977.HK,strip_zero,鳳祥股份,鳳祥股份,2020-06-30,2020,09977_30-06-2020_鳳祥股份_全球發售.pdf,/nfs/users/wuqianqian/IPOI/dataset/2020/09977_30-06-2020_鳳祥股份_全球發售.pdf,2020,True,False,,,False,False,True,2020-07-16,3.54,3.36,-0.05084745762711869,True,3.13,-0.11581920903954808,3.38,-0.04519774011299439,2.84,-0.19774011299435032,破发/走弱,,未知,True,False,711,43.85,True,77,False,,超长篇(≥500页),鳳祥股份,dataset/2020/09977_30-06-2020_鳳祥股份_全球發售.pdf
09979,9979.HK,strip_zero,綠城管理控股,綠城管理控股,2020-06-29,2020,09979_29-06-2020_綠城管理控股_全球發售.pdf,/nfs/users/wuqianqian/IPOI/dataset/2020/09979_29-06-2020_綠城管理控股_全球發售.pdf,2020,True,False,,,False,False,True,2020-07-10,2.65,3.25,0.2264150943396227,False,3.44,0.29811320754716986,3.73,0.4075471698113208,3.1,0.16981132075471705,平稳,,未知,True,False,583,4.6,True,57,False,,超长篇(≥500页),綠城管理控股,dataset/2020/09979_29-06-2020_綠城管理控股_全球發售.pdf
09983,9983.HK,strip_zero,建業新生活,建業新生活,2020-05-05,2020,09983_05-05-2020_建業新生活_全球發售.pdf,/nfs/users/wuqianqian/IPOI/dataset/2020/09983_05-05-2020_建業新生活_全球發售.pdf,2020,True,False,,,False,False,True,2020-05-15,8.42,8.37,-0.005938242280285121,True,8.98,0.06650831353919245,9.58,0.13776722090261284,11.02,0.3087885985748218,平稳,,未知,True,False,566,38.7,True,132,False,,超长篇(≥500页),建業新生活,dataset/2020/09983_05-05-2020_建業新生活_全球發售.pdf
09986,9986.HK,strip_zero,大山教育,大山教育,2020-06-30,2020,09986_30-06-2020_大山教育_股份發售.pdf,/nfs/users/wuqianqian/IPOI/dataset/2020/09986_30-06-2020_大山教育_股份發售.pdf,2020,True,False,,,False,False,True,2020-07-15,1.18,1.12,-0.0508474576271185,True,1.1,-0.0677966101694914,1.09,-0.07627118644067785,0.87,-0.2627118644067796,破发/走弱,公司主要从事非学术教育及培训咨询服务，通过四大分部运营：课外课程（提供儿童及青少年艺术、体育、舞蹈等素质类课程）、海外教育（提供留学咨询代理服务）、培训及咨询（为教育机构提供师资培训与专业咨询），以及其他业务（包括品牌授权、教材销售及职业教育服务）。,其他,True,False,611,14.71,False,0,True,,超长篇(≥500页),大山教育,dataset/2020/09986_30-06-2020_大山教育_股份發售.pdf
09987,9987.HK,strip_zero,百勝中國－Ｓ,百勝中國－Ｓ,2020-09-01,2020,09987_01-09-2020_百勝中國－Ｓ_全球發售.pdf,/nfs/users/wuqianqian/IPOI/dataset/2020/09987_01-09-2020_百勝中國－Ｓ_全球發售.pdf,2020,True,False,,,False,False,True,2020-09-10,410.0,390.2,-0.0482926829268293,True,402.6,-0.018048780487804814,416.0,0.014634146341463415,445.4,0.08634146341463407,平稳,,未知,True,False,394,43.54,True,161,False,,长篇(300-499页),百勝中國－Ｓ,dataset/2020/09987_01-09-2020_百勝中國－Ｓ_全球發售.pdf
09989,9989.HK,strip_zero,海普瑞,海普瑞,2020-06-24,2020,09989_24-06-2020_海普瑞_全球發售.pdf,/nfs/users/wuqianqian/IPOI/dataset/2020/09989_24-06-2020_海普瑞_全球發售.pdf,2020,True,True,0.254,主板,True,False,True,2020-07-08,18.46,17.66,-0.04333694474539549,True,18.66,0.010834236186348824,15.88,-0.13976164680390032,14.14,-0.23401950162513546,平稳,"开发,生产经营原料药(肝素钠,依诺肝素钠),从事货物及技术进出口(不含分销及国家专营,专控,专卖商品),非居住房地产租赁,住房租赁,物业管理.",地产/建筑,True,False,794,39.42,False,0,True,,超长篇(≥500页),海普瑞,dataset/2020/09989_24-06-2020_海普瑞_全球發售.pdf
09990,9990.HK,strip_zero,祖龍娛樂,祖龍娛樂,2020-06-30,2020,09990_30-06-2020_祖龍娛樂_全球發售.pdf,/nfs/users/wuqianqian/IPOI/dataset/2020/09990_30-06-2020_祖龍娛樂_全球發售.pdf,2020,True,False,,,False,False,True,2020-07-15,17.0,20.3,0.1941176470588236,False,19.76,0.16235294117647067,20.8,0.22352941176470592,24.8,0.4588235294117648,平稳,,未知,True,False,510,14.6,True,83,False,,超长篇(≥500页),祖龍娛樂,dataset/2020/09990_30-06-2020_祖龍娛樂_全球發售.pdf
09991,9991.HK,strip_zero,寶尊電商－ＳＷ,寶尊電商－ＳＷ,2020-09-18,2020,09991_18-09-2020_寶尊電商－ＳＷ_全球發售.pdf,/nfs/users/wuqianqian/IPOI/dataset/2020/09991_18-09-2020_寶尊電商－ＳＷ_全球發售.pdf,2020,True,False,,,False,False,True,2020-09-29,85.0,84.0,-0.011764705882352941,True,82.85,-0.02529411764705889,94.55,0.11235294117647056,81.5,-0.041176470588235294,平稳,,未知,True,False,470,28.22,True,193,False,,长篇(300-499页),寶尊電商－ＳＷ,dataset/2020/09991_18-09-2020_寶尊電商－ＳＷ_全球發售.pdf
09992,9992.HK,strip_zero,泡泡瑪特,泡泡瑪特,2020-12-01,2020,09992_01-12-2020_泡泡瑪特_全球發售.pdf,/nfs/users/wuqianqian/IPOI/dataset/2020/09992_01-12-2020_泡泡瑪特_全球發售.pdf,2020,True,False,,,False,False,True,2020-12-11,77.1,69.0,-0.1050583657587548,True,77.0,-0.0012970168612191225,75.1,-0.02594033722438392,67.5,-0.12451361867704272,平稳,,未知,True,False,632,10.19,True,79,False,,超长篇(≥500页),泡泡瑪特,dataset/2020/09992_01-12-2020_泡泡瑪特_全球發售.pdf
09993,9993.HK,strip_zero,金輝控股,金輝控股,2020-10-16,2020,09993_16-10-2020_金輝控股_全球發售.pdf,/nfs/users/wuqianqian/IPOI/dataset/2020/09993_16-10-2020_金輝控股_全球發售.pdf,2020,True,False,,,False,False,True,2020-10-29,4.18,4.36,0.04306220095693795,False,4.42,0.05741626794258379,4.24,0.014354066985646053,4.39,0.05023923444976077,平稳,,未知,True,False,688,7.66,True,134,False,,超长篇(≥500页),金輝控股,dataset/2020/09993_16-10-2020_金輝控股_全球發售.pdf
09995,9995.HK,strip_zero,榮昌生物－Ｂ,榮昌生物－Ｂ,2020-10-28,2020,09995_28-10-2020_榮昌生物－Ｂ_全球發售.pdf,/nfs/users/wuqianqian/IPOI/dataset/2020/09995_28-10-2020_榮昌生物－Ｂ_全球發售.pdf,2020,True,False,,,False,True,True,2020-11-09,60.6,69.8,0.15181518151815174,False,79.55,0.31270627062706263,69.4,0.14521452145214528,114.1,0.8828382838283827,暴涨,,未知,True,False,766,10.82,True,126,False,,超长篇(≥500页),榮昌生物－Ｂ,dataset/2020/09995_28-10-2020_榮昌生物－Ｂ_全球發售.pdf
09996,9996.HK,strip_zero,沛嘉醫療－Ｂ,沛嘉醫療－Ｂ,2020-05-05,2020,09996_05-05-2020_沛嘉醫療－Ｂ_全球發售.pdf,/nfs/users/wuqianqian/IPOI/dataset/2020/09996_05-05-2020_沛嘉醫療－Ｂ_全球發售.pdf,2020,True,False,,,False,True,True,2020-05-15,26.8,25.8,-0.037313432835820885,True,26.1,-0.0261194029850746,29.5,0.1007462686567164,27.9,0.0410447761194029,平稳,,未知,True,False,569,6.25,False,0,True,,超长篇(≥500页),沛嘉醫療－Ｂ,dataset/2020/09996_05-05-2020_沛嘉醫療－Ｂ_全球發售.pdf
09997,9997.HK,strip_zero,康基醫療,康基醫療,2020-06-16,2020,09997_16-06-2020_康基醫療_全球發售.pdf,/nfs/users/wuqianqian/IPOI/dataset/2020/09997_16-06-2020_康基醫療_全球發售.pdf,2020,True,False,,,False,False,True,2020-06-29,25.9,27.6,0.06563706563706576,False,29.7,0.14671814671814676,29.0,0.11969111969111974,22.15,-0.1447876447876448,平稳,,未知,True,False,480,7.48,False,0,True,,长篇(300-499页),康基醫療,dataset/2020/09997_16-06-2020_康基醫療_全球發售.pdf
09999,9999.HK,strip_zero,網易－Ｓ,網易－Ｓ,2020-06-02,2020,09999_02-06-2020_網易－Ｓ_全球發售.pdf,/nfs/users/wuqianqian/IPOI/dataset/2020/09999_02-06-2020_網易－Ｓ_全球發售.pdf,2020,True,False,,,False,False,True,2020-06-11,133.0,130.0,-0.022556390977443608,True,126.7,-0.04736842105263156,150.7,0.13308270676691722,146.2,0.0992481203007518,平稳,,未知,True,False,458,27.65,True,149,False,,长篇(300-499页),網易－Ｓ,dataset/2020/09999_02-06-2020_網易－Ｓ_全球發售.pdf
00013,0013.HK,pad4,和黃醫藥,和黃醫藥,2021-06-18,2021,00013_18-06-2021_和黃醫藥_全球發售.pdf,/nfs/users/wuqianqian/IPOI/dataset/2021/00013_18-06-2021_和黃醫藥_全球發售.pdf,2021,True,False,,,False,True,True,2021-06-30,51.4,60.3,0.1731517509727626,False,56.95,0.10797665369649814,77.6,0.5097276264591439,58.7,0.14202334630350202,平稳,,未知,True,False,819,11.4,True,142,False,,超长篇(≥500页),和黃醫藥,dataset/2021/00013_18-06-2021_和黃醫藥_全球發售.pdf
00020,0020.HK,pad4,商湯－Ｗ,商湯－Ｗ,2021-12-07,2021,00020_07-12-2021_商湯－Ｗ_全球發售.pdf,/nfs/users/wuqianqian/IPOI/dataset/2021/00020_07-12-2021_商湯－Ｗ_全球發售.pdf,2021,True,False,,,False,False,True,2021-12-30,3.91,4.13,0.05626598465473138,False,7.95,1.0332480818414322,6.52,0.6675191815856776,6.16,0.5754475703324808,暴涨,,未知,True,False,761,56.22,True,148,False,,超长篇(≥500页),商湯－Ｗ,dataset/2021/00020_07-12-2021_商湯－Ｗ_全球發售.pdf
00606,0606.HK,pad4,中駿商管,中駿商管,2021-06-21,2021,00606_21-06-2021_中駿商管_全球發售.pdf,/nfs/users/wuqianqian/IPOI/dataset/2021/00606_21-06-2021_中駿商管_全球發售.pdf,2021,True,False,,,False,False,True,2021-07-02,3.81,4.0,0.04986876640419946,False,4.14,0.08661417322834636,4.02,0.05511811023622035,3.97,0.04199475065616801,平稳,,未知,True,False,525,4.67,True,183,False,,超长篇(≥500页),中駿商管,dataset/2021/00606_21-06-2021_中駿商管_全球發售.pdf
01024,1024.HK,strip_zero,快手－Ｗ,快手－Ｗ,2021-01-26,2021,01024_26-01-2021_快手－Ｗ_全球發售.pdf,/nfs/users/wuqianqian/IPOI/dataset/2021/01024_26-01-2021_快手－Ｗ_全球發售.pdf,2021,True,False,,,False,False,True,2021-02-05,338.0,300.0,-0.1124260355029586,True,403.0,0.19230769230769232,272.0,-0.1952662721893491,244.2,-0.27751479289940834,平稳,,未知,True,False,848,50.59,True,111,False,,超长篇(≥500页),快手－Ｗ,dataset/2021/01024_26-01-2021_快手－Ｗ_全球發售.pdf
01228,1228.HK,strip_zero,北海康成－Ｂ,北海康成－Ｂ,2021-11-30,2021,01228_30-11-2021_北海康成－Ｂ_全球發售.pdf,/nfs/users/wuqianqian/IPOI/dataset/2021/01228_30-11-2021_北海康成－Ｂ_全球發售.pdf,2021,True,False,,,False,True,True,2021-12-10,9.8,8.9,-0.09183673469387756,True,8.51,-0.13163265306122454,8.33,-0.15000000000000005,5.94,-0.39387755102040817,破发/走弱,,未知,True,False,676,8.17,True,154,False,,超长篇(≥500页),北海康成－Ｂ,dataset/2021/01228_30-11-2021_北海康成－Ｂ_全球發售.pdf
01413,1413.HK,strip_zero,廣聯工程控股,廣聯工程控股,2021-02-26,2021,01413_26-02-2021_廣聯工程控股_股份發售.pdf,/nfs/users/wuqianqian/IPOI/dataset/2021/01413_26-02-2021_廣聯工程控股_股份發售.pdf,2021,True,False,,,False,False,True,2021-03-11,0.51,0.42,-0.17647058823529416,True,0.38,-0.2549019607843137,0.335,-0.34313725490196073,0.325,-0.3627450980392157,暴跌,,未知,True,False,490,7.9,True,74,False,,长篇(300-499页),廣聯工程控股,dataset/2021/01413_26-02-2021_廣聯工程控股_股份發售.pdf
01473,1473.HK,strip_zero,環聯連訊,環聯連訊,2021-01-29,2021,01473_29-01-2021_環聯連訊_股份發售.pdf,/nfs/users/wuqianqian/IPOI/dataset/2021/01473_29-01-2021_環聯連訊_股份發售.pdf,2021,True,False,,,False,False,True,2021-02-19,0.67,0.71,0.059701492537313314,False,0.57,-0.1492537313432837,0.6,-0.1044776119402986,0.62,-0.07462686567164185,破发/走弱,,未知,True,False,437,6.45,True,104,False,,长篇(300-499页),環聯連訊,dataset/2021/01473_29-01-2021_環聯連訊_股份發售.pdf
01491,1491.HK,,貝特集團控股,貝特集團控股,2021-10-29,2021,01491_29-10-2021_貝特集團控股_全球發售.pdf,/nfs/users/wuqianqian/IPOI/dataset/2021/01491_29-10-2021_貝特集團控股_全球發售.pdf,2021,True,False,,,False,False,False,,,,,,,,,,,,无行情,,未知,True,False,658,36.06,False,50,False,,超长篇(≥500页),貝特集團控股,dataset/2021/01491_29-10-2021_貝特集團控股_全球發售.pdf
01927,1927.HK,strip_zero,久久王,久久王,2021-02-26,2021,01927_26-02-2021_久久王_全球發售.pdf,/nfs/users/wuqianqian/IPOI/dataset/2021/01927_26-02-2021_久久王_全球發售.pdf,2021,True,False,,,False,False,True,2021-03-16,0.69,0.55,-0.2028985507246376,True,0.49,-0.2898550724637681,0.44,-0.3623188405797101,0.42,-0.3913043478260869,暴跌,公司是中国的甜食产品制造商.,工业/制造,True,False,474,12.27,False,0,True,,长篇(300-499页),久久王,dataset/2021/01927_26-02-2021_久久王_全球發售.pdf
01948,1948.HK,strip_zero,UJU HOLDING,UJU HOLDING,2021-10-26,2021,01948_26-10-2021_UJU HOLDING_全球發售.pdf,/nfs/users/wuqianqian/IPOI/dataset/2021/01948_26-10-2021_UJU HOLDING_全球發售.pdf,2021,True,False,,,False,False,True,2021-11-08,6.7,6.4,-0.04477611940298504,True,6.57,-0.01940298507462685,5.3,-0.20895522388059706,5.86,-0.12537313432835814,平稳,,未知,True,False,546,7.1,True,102,False,,超长篇(≥500页),UJU HOLDING,dataset/2021/01948_26-10-2021_UJU HOLDING_全球發售.pdf
01965,1965.HK,strip_zero,朗詩綠色生活,朗詩綠色生活,2021-06-25,2021,01965_25-06-2021_朗詩綠色生活_全球發售.pdf,/nfs/users/wuqianqian/IPOI/dataset/2021/01965_25-06-2021_朗詩綠色生活_全球發售.pdf,2021,True,False,,,False,False,True,2021-07-08,6.0,4.5,-0.25,True,3.26,-0.4566666666666667,3.18,-0.47,3.28,-0.4533333333333334,暴跌,,未知,True,False,589,4.82,True,145,False,,超长篇(≥500页),朗詩綠色生活,dataset/2021/01965_25-06-2021_朗詩綠色生活_全球發售.pdf
02015,2015.HK,strip_zero,理想汽車－Ｗ,理想汽車－Ｗ,2021-08-03,2021,02015_03-08-2021_理想汽車－Ｗ_全球發售.pdf,/nfs/users/wuqianqian/IPOI/dataset/2021/02015_03-08-2021_理想汽車－Ｗ_全球發售.pdf,2021,True,False,,,False,False,True,2021-08-12,118.0,117.0,-0.00847457627118644,True,108.9,-0.07711864406779656,115.9,-0.017796610169491474,117.2,-0.006779661016949128,破发/走弱,,未知,True,False,626,9.28,True,136,False,,超长篇(≥500页),理想汽車－Ｗ,dataset/2021/02015_03-08-2021_理想汽車－Ｗ_全球發售.pdf
02137,2137.HK,strip_zero,騰盛博藥－Ｂ,騰盛博藥－Ｂ,2021-06-30,2021,02137_30-06-2021_騰盛博藥－Ｂ_全球發售.pdf,/nfs/users/wuqianqian/IPOI/dataset/2021/02137_30-06-2021_騰盛博藥－Ｂ_全球發售.pdf,2021,True,False,,,False,True,True,2021-07-13,21.4,22.95,0.07242990654205611,False,20.8,-0.028037383177569996,39.9,0.8644859813084113,28.8,0.34579439252336464,平稳,,未知,True,False,684,8.52,True,153,False,,超长篇(≥500页),騰盛博藥－Ｂ,dataset/2021/02137_30-06-2021_騰盛博藥－Ｂ_全球發售.pdf
02150,2150.HK,strip_zero,奈雪的茶,奈雪的茶,2021-06-18,2021,02150_18-06-2021_奈雪的茶_全球發售.pdf,/nfs/users/wuqianqian/IPOI/dataset/2021/02150_18-06-2021_奈雪的茶_全球發售.pdf,2021,True,False,,,False,False,True,2021-06-30,18.86,17.12,-0.09225874867444316,True,16.02,-0.15058324496288442,11.48,-0.3913043478260869,12.84,-0.3191940615058325,破发/走弱,"公司所经营的奈雪的茶茶饮店是中国一流的高端现制茶饮连锁店,专注于提供采用优质食材现制的优质茶饮.",其他,True,False,621,4.92,True,86,False,,超长篇(≥500页),奈雪的茶,dataset/2021/02150_18-06-2021_奈雪的茶_全球發售.pdf
02155,2155.HK,strip_zero,森松國際,森松國際,2021-06-15,2021,02155_15-06-2021_森松國際_全球發售.pdf,/nfs/users/wuqianqian/IPOI/dataset/2021/02155_15-06-2021_森松國際_全球發售.pdf,2021,True,False,,,False,False,True,2021-06-28,4.96,8.9,0.7943548387096775,False,13.88,1.7983870967741942,9.19,0.8528225806451613,9.48,0.9112903225806452,暴涨,,未知,True,False,613,7.24,True,149,False,,超长篇(≥500页),森松國際,dataset/2021/02155_15-06-2021_森松國際_全球發售.pdf
02160,2160.HK,strip_zero,心通醫療－Ｂ,心通醫療－Ｂ,2021-01-26,2021,02160_26-01-2021_心通醫療－Ｂ_全球發售.pdf,/nfs/users/wuqianqian/IPOI/dataset/2021/02160_26-01-2021_心通醫療－Ｂ_全球發售.pdf,2021,True,False,,,False,True,True,2021-02-04,21.5,18.82,-0.12465116279069766,True,19.48,-0.093953488372093,15.48,-0.28,16.08,-0.25209302325581395,破发/走弱,,未知,True,False,544,51.08,True,111,False,,超长篇(≥500页),心通醫療－Ｂ,dataset/2021/02160_26-01-2021_心通醫療－Ｂ_全球發售.pdf
02161,2161.HK,strip_zero,健倍苗苗,健倍苗苗,2021-01-26,2021,02161_26-01-2021_健倍苗苗_公開發售.pdf,/nfs/users/wuqianqian/IPOI/dataset/2021/02161_26-01-2021_健倍苗苗_公開發售.pdf,2021,True,False,,,False,False,True,2021-02-05,1.48,2.16,0.4594594594594596,False,2.4,0.6216216216216216,1.41,-0.047297297297297335,1.64,0.10810810810810806,暴涨,公司是一家主要从事生产、推广及分销品牌中药的投资控股公司。,金融,True,False,442,31.66,True,81,False,,长篇(300-499页),健倍苗苗,dataset/2021/02161_26-01-2021_健倍苗苗_公開發售.pdf
02162,2162.HK,strip_zero,康諾亞－Ｂ,康諾亞－Ｂ,2021-06-25,2021,02162_25-06-2021_康諾亞－Ｂ_全球發售.pdf,/nfs/users/wuqianqian/IPOI/dataset/2021/02162_25-06-2021_康諾亞－Ｂ_全球發售.pdf,2021,True,False,,,False,True,True,2021-07-08,78.0,68.0,-0.1282051282051282,True,68.2,-0.1256410256410256,66.0,-0.15384615384615385,49.5,-0.36538461538461536,破发/走弱,,未知,True,False,580,10.37,True,116,False,,超长篇(≥500页),康諾亞－Ｂ,dataset/2021/02162_25-06-2021_康諾亞－Ｂ_全球發售.pdf
02165,2165.HK,strip_zero,領悅服務集團,領悅服務集團,2021-06-29,2021,02165_29-06-2021_領悅服務集團_全球發售.pdf,/nfs/users/wuqianqian/IPOI/dataset/2021/02165_29-06-2021_領悅服務集團_全球發售.pdf,2021,True,False,,,False,False,True,2021-07-12,5.2,4.19,-0.1942307692307692,True,4.19,-0.1942307692307692,4.27,-0.17884615384615396,4.19,-0.1942307692307692,破发/走弱,,未知,True,False,572,5.26,True,105,False,,超长篇(≥500页),領悅服務集團,dataset/2021/02165_29-06-2021_領悅服務集團_全球發售.pdf
02170,2170.HK,strip_zero,貝康醫療－Ｂ,貝康醫療－Ｂ,2021-01-27,2021,02170_27-01-2021_貝康醫療－Ｂ_全球發售.pdf,/nfs/users/wuqianqian/IPOI/dataset/2021/02170_27-01-2021_貝康醫療－Ｂ_全球發售.pdf,2021,True,False,,,False,True,True,2021-02-08,30.0,27.7,-0.07666666666666669,True,32.0,0.06666666666666668,18.96,-0.368,27.45,-0.08500000000000002,平稳,,未知,True,False,613,34.39,True,172,False,,超长篇(≥500页),貝康醫療－Ｂ,dataset/2021/02170_27-01-2021_貝康醫療－Ｂ_全球發售.pdf
02171,2171.HK,strip_zero,科濟藥業－Ｂ,科濟藥業－Ｂ,2021-06-07,2021,02171_07-06-2021_科濟藥業－Ｂ_全球發售.pdf,/nfs/users/wuqianqian/IPOI/dataset/2021/02171_07-06-2021_科濟藥業－Ｂ_全球發售.pdf,2021,True,False,,,False,True,True,2021-06-18,27.05,30.0,0.10905730129390016,False,31.8,0.1756007393715342,31.05,0.14787430683918668,40.6,0.5009242144177449,平稳,,未知,True,False,729,10.34,True,136,False,,超长篇(≥500页),科濟藥業－Ｂ,dataset/2021/02171_07-06-2021_科濟藥業－Ｂ_全球發售.pdf
02175,2175.HK,strip_zero,中國通才教育,中國通才教育,2021-06-30,2021,02175_30-06-2021_中國通才教育_全球發售.pdf,/nfs/users/wuqianqian/IPOI/dataset/2021/02175_30-06-2021_中國通才教育_全球發售.pdf,2021,True,False,,,False,False,True,2021-07-16,3.29,3.69,0.12158054711246198,False,3.72,0.1306990881458967,4.46,0.3556231003039513,3.95,0.20060790273556234,平稳,,未知,True,False,570,19.05,True,79,False,,超长篇(≥500页),中國通才教育,dataset/2021/02175_30-06-2021_中國通才教育_全球發售.pdf
02177,2177.HK,strip_zero,優趣匯控股,優趣匯控股,2021-06-28,2021,02177_28-06-2021_優趣匯控股_全球發售.pdf,/nfs/users/wuqianqian/IPOI/dataset/2021/02177_28-06-2021_優趣匯控股_全球發售.pdf,2021,True,False,,,False,False,True,2021-07-12,12.22,9.04,-0.2602291325695582,True,8.41,-0.31178396072013104,5.08,-0.5842880523731587,5.23,-0.572013093289689,暴跌,,未知,True,False,599,7.39,True,157,False,,超长篇(≥500页),優趣匯控股,dataset/2021/02177_28-06-2021_優趣匯控股_全球發售.pdf
02185,2185.HK,strip_zero,百心安－Ｂ,百心安－Ｂ,2021-12-13,2021,02185_13-12-2021_百心安－Ｂ_全球發售.pdf,/nfs/users/wuqianqian/IPOI/dataset/2021/02185_13-12-2021_百心安－Ｂ_全球發售.pdf,2021,True,False,,,False,True,True,2021-12-23,18.88,20.1,0.06461864406779674,False,27.05,0.4327330508474577,28.9,0.5307203389830508,42.55,1.253707627118644,暴涨,,未知,True,False,619,5.31,False,0,True,,超长篇(≥500页),百心安－Ｂ,dataset/2021/02185_13-12-2021_百心安－Ｂ_全球發售.pdf
02187,2187.HK,strip_zero,智欣集團控股,智欣集團控股,2021-03-16,2021,02187_16-03-2021_智欣集團控股_股份發售.pdf,/nfs/users/wuqianqian/IPOI/dataset/2021/02187_16-03-2021_智欣集團控股_股份發售.pdf,2021,True,True,0.353,主板,True,False,True,2021-03-26,1.45,1.06,-0.26896551724137924,True,1.05,-0.2758620689655172,1.15,-0.206896551724138,1.24,-0.14482758620689656,暴跌,,未知,True,False,599,18.76,True,87,False,,超长篇(≥500页),智欣集團控股,dataset/2021/02187_16-03-2021_智欣集團控股_股份發售.pdf
02190,2190.HK,strip_zero,歸創通橋－Ｂ,歸創通橋－Ｂ,2021-06-22,2021,02190_22-06-2021_歸創通橋－Ｂ_全球發售.pdf,/nfs/users/wuqianqian/IPOI/dataset/2021/02190_22-06-2021_歸創通橋－Ｂ_全球發售.pdf,2021,True,False,,,False,True,True,2021-07-05,55.0,60.0,0.09090909090909093,False,55.3,0.005454545454545403,46.6,-0.1527272727272727,43.5,-0.20909090909090908,平稳,,未知,True,False,716,10.68,True,115,False,,超长篇(≥500页),歸創通橋－Ｂ,dataset/2021/02190_22-06-2021_歸創通橋－Ｂ_全球發售.pdf
02191,2191.HK,strip_zero,順豐房託,順豐房託,2021-05-05,2021,02191_05-05-2021_順豐房託_全球發售.pdf,/nfs/users/wuqianqian/IPOI/dataset/2021/02191_05-05-2021_順豐房託_全球發售.pdf,2021,True,False,,,False,False,True,2021-05-17,4.49,4.16,-0.0734966592427617,True,4.6,0.024498886414253768,4.49,0.0,4.36,-0.028953229398663675,平稳,,未知,True,False,648,8.86,True,141,False,,超长篇(≥500页),順豐房託,dataset/2021/02191_05-05-2021_順豐房託_全球發售.pdf
02192,2192.HK,strip_zero,醫脈通,醫脈通,2021-06-30,2021,02192_30-06-2021_醫脈通_全球發售.pdf,/nfs/users/wuqianqian/IPOI/dataset/2021/02192_30-06-2021_醫脈通_全球發售.pdf,2021,True,False,,,False,False,True,2021-07-15,28.9,31.0,0.07266435986159175,False,30.25,0.04671280276816614,36.6,0.26643598615916964,37.3,0.29065743944636674,平稳,,未知,True,False,667,48.85,True,104,False,,超长篇(≥500页),醫脈通,dataset/2021/02192_30-06-2021_醫脈通_全球發售.pdf
02195,2195.HK,strip_zero,盈滙企業控股,盈滙企業控股,2021-03-19,2021,02195_19-03-2021_盈滙企業控股_股份發售.pdf,/nfs/users/wuqianqian/IPOI/dataset/2021/02195_19-03-2021_盈滙企業控股_股份發售.pdf,2021,True,False,,,False,False,True,2021-03-31,0.4,0.33,-0.17500000000000002,True,0.3,-0.2500000000000001,0.47,0.17499999999999988,0.425,0.062499999999999924,暴跌,,未知,True,False,437,35.15,False,0,True,,长篇(300-499页),盈滙企業控股,dataset/2021/02195_19-03-2021_盈滙企業控股_股份發售.pdf
02197,2197.HK,strip_zero,三葉草生物－Ｂ,三葉草生物－Ｂ,2021-10-25,2021,02197_25-10-2021_三葉草生物－Ｂ_全球發售.pdf,/nfs/users/wuqianqian/IPOI/dataset/2021/02197_25-10-2021_三葉草生物－Ｂ_全球發售.pdf,2021,True,False,,,False,True,True,2021-11-05,13.38,12.98,-0.0298953662182362,True,10.36,-0.2257100149476832,11.7,-0.12556053811659204,11.92,-0.10911808669656207,暴跌,,未知,True,False,681,10.55,True,131,False,,超长篇(≥500页),三葉草生物－Ｂ,dataset/2021/02197_25-10-2021_三葉草生物－Ｂ_全球發售.pdf
02205,2205.HK,strip_zero,康橋悅生活,康橋悅生活,2021-06-29,2021,02205_29-06-2021_康橋悅生活_全球發售.pdf,/nfs/users/wuqianqian/IPOI/dataset/2021/02205_29-06-2021_康橋悅生活_全球發售.pdf,2021,True,False,,,False,False,True,2021-07-16,3.68,3.64,-0.010869565217391313,True,3.64,-0.010869565217391313,3.6,-0.021739130434782625,3.66,-0.005434782608695656,平稳,,未知,True,False,570,4.68,True,98,False,,超长篇(≥500页),康橋悅生活,dataset/2021/02205_29-06-2021_康橋悅生活_全球發售.pdf
02207,2207.HK,strip_zero,融信服務,融信服務,2021-06-30,2021,02207_30-06-2021_融信服務_全球發售.pdf,/nfs/users/wuqianqian/IPOI/dataset/2021/02207_30-06-2021_融信服務_全球發售.pdf,2021,True,False,,,False,False,True,2021-07-16,4.83,4.9,0.014492753623188463,False,4.9,0.014492753623188463,4.87,0.008281573498964809,5.53,0.1449275362318841,平稳,,未知,True,False,529,5.82,True,102,False,,超长篇(≥500页),融信服務,dataset/2021/02207_30-06-2021_融信服務_全球發售.pdf
02209,2209.HK,strip_zero,喆麗控股,喆麗控股,2021-06-28,2021,02209_28-06-2021_喆麗控股_全球發售.pdf,/nfs/users/wuqianqian/IPOI/dataset/2021/02209_28-06-2021_喆麗控股_全球發售.pdf,2021,True,False,,,False,False,True,2021-07-09,4.83,3.46,-0.2836438923395445,True,3.03,-0.3726708074534162,2.64,-0.453416149068323,1.43,-0.7039337474120083,暴跌,,未知,True,False,606,11.19,True,68,False,,超长篇(≥500页),喆麗控股,dataset/2021/02209_28-06-2021_喆麗控股_全球發售.pdf
02210,2210.HK,strip_zero,京城佳業,京城佳業,2021-10-29,2021,02210_29-10-2021_京城佳業_全球發售.pdf,/nfs/users/wuqianqian/IPOI/dataset/2021/02210_29-10-2021_京城佳業_全球發售.pdf,2021,True,False,,,False,False,True,2021-11-10,8.28,8.26,-0.0024154589371980163,True,7.51,-0.09299516908212556,6.39,-0.2282608695652173,4.93,-0.4045893719806763,破发/走弱,,未知,True,False,605,3.96,True,136,False,,超长篇(≥500页),京城佳業,dataset/2021/02210_29-10-2021_京城佳業_全球發售.pdf
02215,2215.HK,strip_zero,德信服務集團,德信服務集團,2021-06-29,2021,02215_29-06-2021_德信服務集團_全球發售.pdf,/nfs/users/wuqianqian/IPOI/dataset/2021/02215_29-06-2021_德信服務集團_全球發售.pdf,2021,True,False,,,False,False,True,2021-07-15,3.06,3.06,0.0,False,3.06,0.0,3.4,0.11111111111111106,3.41,0.11437908496732027,平稳,,未知,True,False,562,3.79,True,106,False,,超长篇(≥500页),德信服務集團,dataset/2021/02215_29-06-2021_德信服務集團_全球發售.pdf
02216,2216.HK,strip_zero,堃博醫療－Ｂ,堃博醫療－Ｂ,2021-09-13,2021,02216_13-09-2021_堃博醫療－Ｂ_全球發售.pdf,/nfs/users/wuqianqian/IPOI/dataset/2021/02216_13-09-2021_堃博醫療－Ｂ_全球發售.pdf,2021,True,True,0.65,主板,True,True,True,2021-09-24,18.0,15.0,-0.16666666666666666,True,13.5,-0.25,11.04,-0.3866666666666667,8.16,-0.5466666666666666,暴跌,,未知,True,False,700,7.03,False,0,True,,超长篇(≥500页),堃博醫療－Ｂ,dataset/2021/02216_13-09-2021_堃博醫療－Ｂ_全球發售.pdf
02217,2217.HK,strip_zero,譚仔國際,譚仔國際,2021-09-23,2021,02217_23-09-2021_譚仔國際_全球發售.pdf,/nfs/users/wuqianqian/IPOI/dataset/2021/02217_23-09-2021_譚仔國際_全球發售.pdf,2021,True,False,,,False,False,True,2021-10-07,3.0,3.08,0.02666666666666669,False,2.62,-0.12666666666666662,3.63,0.21,3.26,0.0866666666666666,破发/走弱,,未知,True,False,514,9.18,True,130,False,,超长篇(≥500页),譚仔國際,dataset/2021/02217_23-09-2021_譚仔國際_全球發售.pdf
02219,2219.HK,strip_zero,朝聚眼科,朝聚眼科,2021-06-24,2021,02219_24-06-2021_朝聚眼科_全球發售.pdf,/nfs/users/wuqianqian/IPOI/dataset/2021/02219_24-06-2021_朝聚眼科_全球發售.pdf,2021,True,False,,,False,False,True,2021-07-07,10.6,14.1,0.33018867924528306,False,15.3,0.4433962264150945,13.78,0.3,9.1,-0.14150943396226415,暴涨,公司的收益主要来自于(i)消费眼科服务及(ii)基础眼科服务.,消费/零售,True,False,562,6.87,True,111,False,,超长篇(≥500页),朝聚眼科,dataset/2021/02219_24-06-2021_朝聚眼科_全球發售.pdf
02235,2235.HK,strip_zero,微泰醫療－Ｂ,微泰醫療－Ｂ,2021-10-06,2021,02235_06-10-2021_微泰醫療－Ｂ_全球發售.pdf,/nfs/users/wuqianqian/IPOI/dataset/2021/02235_06-10-2021_微泰醫療－Ｂ_全球發售.pdf,2021,True,False,,,False,True,True,2021-10-19,31.0,30.5,-0.016129032258064516,True,30.55,-0.014516129032258041,28.5,-0.08064516129032258,20.55,-0.3370967741935484,平稳,,未知,True,False,661,6.35,True,140,False,,超长篇(≥500页),微泰醫療－Ｂ,dataset/2021/02235_06-10-2021_微泰醫療－Ｂ_全球發售.pdf
02250,2250.HK,strip_zero,德盈控股,德盈控股,2021-12-30,2021,02250_30-12-2021_德盈控股_全球發售.pdf,/nfs/users/wuqianqian/IPOI/dataset/2021/02250_30-12-2021_德盈控股_全球發售.pdf,2021,True,False,,,False,False,True,2022-01-17,2.6,2.39,-0.08076923076923075,True,2.1,-0.1923076923076923,2.08,-0.2,1.84,-0.2923076923076923,破发/走弱,,未知,True,False,582,5.65,False,0,True,,超长篇(≥500页),德盈控股,dataset/2021/02250_30-12-2021_德盈控股_全球發售.pdf
02251,2251.HK,strip_zero,鷹瞳科技－Ｂ,鷹瞳科技－Ｂ,2021-10-26,2021,02251_26-10-2021_鷹瞳科技－Ｂ_全球發售.pdf,/nfs/users/wuqianqian/IPOI/dataset/2021/02251_26-10-2021_鷹瞳科技－Ｂ_全球發售.pdf,2021,True,False,,,False,True,True,2021-11-05,67.6,68.0,0.0059171597633136935,False,65.35,-0.033284023668639064,63.0,-0.06804733727810643,32.2,-0.5236686390532543,平稳,,未知,True,False,638,48.45,True,164,False,,超长篇(≥500页),鷹瞳科技－Ｂ,dataset/2021/02251_26-10-2021_鷹瞳科技－Ｂ_全球發售.pdf
02252,2252.HK,strip_zero,微創機器人－Ｂ,微創機器人－Ｂ,2021-10-21,2021,02252_21-10-2021_微創機器人－Ｂ_全球發售.pdf,/nfs/users/wuqianqian/IPOI/dataset/2021/02252_21-10-2021_微創機器人－Ｂ_全球發售.pdf,2021,True,False,,,False,True,True,2021-11-02,39.8,45.8,0.15075376884422112,False,57.9,0.4547738693467338,60.0,0.5075376884422111,49.9,0.2537688442211056,暴涨,,未知,True,False,526,7.92,False,0,True,,超长篇(≥500页),微創機器人－Ｂ,dataset/2021/02252_21-10-2021_微創機器人－Ｂ_全球發售.pdf
02256,2256.HK,strip_zero,和譽－Ｂ,和譽－Ｂ,2021-09-30,2021,02256_30-09-2021_和譽－Ｂ_全球發售.pdf,/nfs/users/wuqianqian/IPOI/dataset/2021/02256_30-09-2021_和譽－Ｂ_全球發售.pdf,2021,True,False,,,False,True,True,2021-10-15,11.3,12.4,0.0973451327433628,False,11.6,0.026548672566371584,11.08,-0.019469026548672615,8.69,-0.2309734513274337,平稳,,未知,True,False,632,9.56,True,145,False,,超长篇(≥500页),和譽－Ｂ,dataset/2021/02256_30-09-2021_和譽－Ｂ_全球發售.pdf
02257,2257.HK,strip_zero,聖諾醫藥－Ｂ,聖諾醫藥－Ｂ,2021-12-20,2021,02257_20-12-2021_聖諾醫藥－Ｂ_全球發售.pdf,/nfs/users/wuqianqian/IPOI/dataset/2021/02257_20-12-2021_聖諾醫藥－Ｂ_全球發售.pdf,2021,True,False,,,False,True,True,2021-12-30,65.9,77.9,0.18209408194233687,False,79.1,0.2003034901365704,72.9,0.1062215477996965,75.85,0.15098634294385413,平稳,,未知,True,False,724,52.84,True,98,False,,超长篇(≥500页),聖諾醫藥－Ｂ,dataset/2021/02257_20-12-2021_聖諾醫藥－Ｂ_全球發售.pdf
02260,2260.HK,strip_zero,環龍控股,環龍控股,2021-12-29,2021,02260_29-12-2021_環龍控股_全球發售.pdf,/nfs/users/wuqianqian/IPOI/dataset/2021/02260_29-12-2021_環龍控股_全球發售.pdf,2021,True,False,,,False,False,True,2022-01-11,1.27,1.23,-0.03149606299212601,True,1.23,-0.03149606299212601,1.22,-0.03937007874015752,1.21,-0.04724409448818902,平稳,,未知,True,False,638,36.28,True,88,False,,超长篇(≥500页),環龍控股,dataset/2021/02260_29-12-2021_環龍控股_全球發售.pdf
02265,2265.HK,strip_zero,鴻承環保科技,鴻承環保科技,2021-10-29,2021,02265_29-10-2021_鴻承環保科技_全球發售.pdf,/nfs/users/wuqianqian/IPOI/dataset/2021/02265_29-10-2021_鴻承環保科技_全球發售.pdf,2021,True,False,,,False,False,True,2021-11-12,1.04,0.91,-0.125,True,0.98,-0.05769230769230775,0.87,-0.1634615384615385,0.85,-0.18269230769230774,破发/走弱,,未知,True,False,606,8.52,True,136,False,,超长篇(≥500页),鴻承環保科技,dataset/2021/02265_29-10-2021_鴻承環保科技_全球發售.pdf
02270,2270.HK,strip_zero,德商產投服務,德商產投服務,2021-11-30,2021,02270_30-11-2021_德商產投服務_全球發售.pdf,/nfs/users/wuqianqian/IPOI/dataset/2021/02270_30-11-2021_德商產投服務_全球發售.pdf,2021,True,False,,,False,False,True,2021-12-17,1.16,1.05,-0.09482758620689644,True,1.11,-0.04310344827586192,1.1,-0.051724137931034336,1.1,-0.051724137931034336,平稳,,未知,True,False,595,4.25,True,145,False,,超长篇(≥500页),德商產投服務,dataset/2021/02270_30-11-2021_德商產投服務_全球發售.pdf
02273,2273.HK,strip_zero,固生堂,固生堂,2021-11-30,2021,02273_30-11-2021_固生堂_全球發售.pdf,/nfs/users/wuqianqian/IPOI/dataset/2021/02273_30-11-2021_固生堂_全球發售.pdf,2021,True,False,,,False,False,True,2021-12-10,33.4,29.0,-0.13173652694610774,True,24.0,-0.2814371257485029,40.8,0.22155688622754488,34.0,0.01796407185628747,暴跌,公司主要从事中医医疗健康服务，通过线下医疗机构与线上医疗健康平台相结合的方式，为客户提供全面的中医诊疗、健康管理及相关产品，满足多样化的医疗健康需求。公司在中国私营中医医疗健康服务市场中具有一定规模和影响力。,生物科技/医药,True,False,636,9.13,True,154,False,,超长篇(≥500页),固生堂,dataset/2021/02273_30-11-2021_固生堂_全球發售.pdf
02276,2276.HK,strip_zero,康耐特光學,康耐特光學,2021-11-30,2021,02276_30-11-2021_康耐特光學_全球發售.pdf,/nfs/users/wuqianqian/IPOI/dataset/2021/02276_30-11-2021_康耐特光學_全球發售.pdf,2021,True,False,,,False,False,True,2021-12-16,4.43,4.55,0.027088036117381517,False,4.48,0.011286681715575779,4.23,-0.045146726862302325,4.49,0.013544018058690856,平稳,,未知,True,False,674,7.69,True,145,False,,超长篇(≥500页),康耐特光學,dataset/2021/02276_30-11-2021_康耐特光學_全球發售.pdf
02279,2279.HK,strip_zero,雍禾醫療,雍禾醫療,2021-12-01,2021,02279_01-12-2021_雍禾醫療_全球發售.pdf,/nfs/users/wuqianqian/IPOI/dataset/2021/02279_01-12-2021_雍禾醫療_全球發售.pdf,2021,True,False,,,False,False,True,2021-12-13,15.76,16.6,0.053299492385786906,False,15.98,0.013959390862944204,12.16,-0.2284263959390863,11.3,-0.28299492385786795,平稳,,未知,True,False,534,6.5,True,56,False,,超长篇(≥500页),雍禾醫療,dataset/2021/02279_01-12-2021_雍禾醫療_全球發售.pdf
02285,2285.HK,strip_zero,泉峰控股,泉峰控股,2021-12-17,2021,02285_17-12-2021_泉峰控股_全球發售.pdf,/nfs/users/wuqianqian/IPOI/dataset/2021/02285_17-12-2021_泉峰控股_全球發售.pdf,2021,True,False,,,False,False,True,2021-12-30,51.8,56.0,0.08108108108108114,False,55.8,0.07722007722007722,57.5,0.1100386100386101,54.2,0.04633204633204645,平稳,公司主要从事电动工具及户外动力设备（OPE）的研发、制造和销售，专注于锂电池系统等技术创新，推动公司实现快速增长和全球市场拓展。公司产品广泛应用于工业、建筑、农业及园林领域，业务覆盖全球市场，并在电动工具及电动OPE细分领域中占据重要市场份额。,地产/建筑,True,False,609,22.64,False,0,True,,超长篇(≥500页),泉峰控股,dataset/2021/02285_17-12-2021_泉峰控股_全球發售.pdf
02378,2378.HK,strip_zero,保誠,保誠,2021-09-20,2021,02378_20-09-2021_保誠_售股章程 - 股份發售.pdf,/nfs/users/wuqianqian/IPOI/dataset/2021/02378_20-09-2021_保誠_售股章程 - 股份發售.pdf,2021,True,False,,,False,False,True,2021-08-23,153.2,157.9,0.030678851174934837,False,161.3,0.05287206266318553,143.3,-0.06462140992167087,152.5,-0.0045691906005221215,平稳,,未知,True,False,122,2.6,False,0,True,,中篇(100-299页),保誠,dataset/2021/02378_20-09-2021_保誠_售股章程 - 股份發售.pdf
02518,2518.HK,strip_zero,汽車之家－Ｓ,汽車之家－Ｓ,2021-03-04,2021,02518_04-03-2021_汽車之家－Ｓ_全球發售.pdf,/nfs/users/wuqianqian/IPOI/dataset/2021/02518_04-03-2021_汽車之家－Ｓ_全球發售.pdf,2021,True,False,,,False,False,True,2021-03-15,181.0,180.0,-0.0055248618784530384,True,195.2,0.07845303867403307,184.0,0.016574585635359115,140.3,-0.22486187845303865,平稳,,未知,True,False,376,6.62,True,90,False,,长篇(300-499页),汽車之家－Ｓ,dataset/2021/02518_04-03-2021_汽車之家－Ｓ_全球發售.pdf
02618,2618.HK,strip_zero,京東物流,京東物流,2021-05-17,2021,02618_17-05-2021_京東物流_全球發售.pdf,/nfs/users/wuqianqian/IPOI/dataset/2021/02618_17-05-2021_京東物流_全球發售.pdf,2021,True,False,,,False,False,True,2021-05-28,46.05,41.7,-0.09446254071661228,True,46.95,0.0195439739413682,42.0,-0.0879478827361563,26.75,-0.4191096634093376,平稳,,未知,True,False,577,46.01,True,164,False,,超长篇(≥500页),京東物流,dataset/2021/02618_17-05-2021_京東物流_全球發售.pdf
03658,3658.HK,strip_zero,新希望服務,新希望服務,2021-05-11,2021,03658_11-05-2021_新希望服務_全球發售.pdf,/nfs/users/wuqianqian/IPOI/dataset/2021/03658_11-05-2021_新希望服務_全球發售.pdf,2021,True,False,,,False,False,True,2021-05-25,3.8,3.82,0.005263157894736847,False,3.99,0.050000000000000114,2.91,-0.2342105263157894,2.14,-0.4368421052631578,平稳,,未知,True,False,577,4.3,True,103,False,,超长篇(≥500页),新希望服務,dataset/2021/03658_11-05-2021_新希望服務_全球發售.pdf
06127,6127.HK,strip_zero,昭衍新藥,昭衍新藥,2021-02-16,2021,06127_16-02-2021_昭衍新藥_全球發售.pdf,/nfs/users/wuqianqian/IPOI/dataset/2021/06127_16-02-2021_昭衍新藥_全球發售.pdf,2021,True,False,,,False,False,True,2021-02-26,148.0,138.0,-0.06756756756756757,True,132.0,-0.10810810810810813,137.4,-0.07162162162162157,152.1,0.027702702702702663,破发/走弱,,未知,True,False,692,6.33,True,161,False,,超长篇(≥500页),昭衍新藥,dataset/2021/06127_16-02-2021_昭衍新藥_全球發售.pdf
06601,6601.HK,strip_zero,朝雲集團,朝雲集團,2021-02-26,2021,06601_26-02-2021_朝雲集團_全球發售.pdf,/nfs/users/wuqianqian/IPOI/dataset/2021/06601_26-02-2021_朝雲集團_全球發售.pdf,2021,True,False,,,False,False,True,2021-03-10,7.89,7.99,0.012674271229404377,False,8.35,0.058301647655259824,8.27,0.04816223067173636,8.59,0.0887198986058302,平稳,,未知,True,False,593,8.32,True,97,False,,超长篇(≥500页),朝雲集團,dataset/2021/06601_26-02-2021_朝雲集團_全球發售.pdf
06606,6606.HK,strip_zero,諾輝健康－Ｂ,諾輝健康－Ｂ,2021-02-05,2021,06606_05-02-2021_諾輝健康－Ｂ_全球發售.pdf,/nfs/users/wuqianqian/IPOI/dataset/2021/06606_05-02-2021_諾輝健康－Ｂ_全球發售.pdf,2021,True,False,,,False,True,True,2021-02-18,76.0,84.0,0.10526315789473684,False,70.1,-0.0776315789473685,59.8,-0.21315789473684213,64.8,-0.14736842105263162,破发/走弱,,未知,True,False,698,8.25,True,103,False,,超长篇(≥500页),諾輝健康－Ｂ,dataset/2021/06606_05-02-2021_諾輝健康－Ｂ_全球發售.pdf
06608,6608.HK,strip_zero,百融雲－Ｗ,百融雲－Ｗ,2021-03-19,2021,06608_19-03-2021_百融雲－Ｗ_全球發售.pdf,/nfs/users/wuqianqian/IPOI/dataset/2021/06608_19-03-2021_百融雲－Ｗ_全球發售.pdf,2021,True,False,,,False,False,True,2021-03-31,29.45,26.7,-0.0933786078098472,True,24.45,-0.1697792869269949,20.8,-0.29371816638370113,20.65,-0.2988115449915111,破发/走弱,,未知,True,False,554,6.16,True,93,False,,超长篇(≥500页),百融雲－Ｗ,dataset/2021/06608_19-03-2021_百融雲－Ｗ_全球發售.pdf
06609,6609.HK,strip_zero,心瑋醫療－Ｂ,心瑋醫療－Ｂ,2021-08-10,2021,06609_10-08-2021_心瑋醫療－Ｂ_全球發售.pdf,/nfs/users/wuqianqian/IPOI/dataset/2021/06609_10-08-2021_心瑋醫療－Ｂ_全球發售.pdf,2021,True,False,,,False,True,True,2021-08-20,141.2,129.0,-0.08640226628895177,True,122.8,-0.13031161473087813,104.0,-0.263456090651558,79.15,-0.43944759206798856,破发/走弱,,未知,True,False,653,12.63,False,0,True,,超长篇(≥500页),心瑋醫療－Ｂ,dataset/2021/06609_10-08-2021_心瑋醫療－Ｂ_全球發售.pdf
06611,6611.HK,strip_zero,三巽集團,三巽集團,2021-06-30,2021,06611_30-06-2021_三巽集團_全球發售.pdf,/nfs/users/wuqianqian/IPOI/dataset/2021/06611_30-06-2021_三巽集團_全球發售.pdf,2021,True,False,,,False,False,True,2021-07-19,4.76,4.75,-0.002100840336134409,True,4.75,-0.002100840336134409,4.5,-0.054621848739495764,4.5,-0.054621848739495764,平稳,,未知,True,False,810,7.43,True,94,False,,超长篇(≥500页),三巽集團,dataset/2021/06611_30-06-2021_三巽集團_全球發售.pdf
06616,6616.HK,strip_zero,環球新材國際,環球新材國際,2021-06-30,2021,06616_30-06-2021_環球新材國際_全球發售.pdf,/nfs/users/wuqianqian/IPOI/dataset/2021/06616_30-06-2021_環球新材國際_全球發售.pdf,2021,True,False,,,False,False,True,2021-07-16,4.1,3.7,-0.09756097560975598,True,4.11,0.0024390243902440672,6.7,0.6341463414634149,5.23,0.2756097560975612,平稳,,未知,True,False,635,8.61,False,0,True,,超长篇(≥500页),環球新材國際,dataset/2021/06616_30-06-2021_環球新材國際_全球發售.pdf
06622,6622.HK,strip_zero,兆科眼科－Ｂ,兆科眼科－Ｂ,2021-04-16,2021,06622_16-04-2021_兆科眼科－Ｂ_全球發售.pdf,/nfs/users/wuqianqian/IPOI/dataset/2021/06622_16-04-2021_兆科眼科－Ｂ_全球發售.pdf,2021,True,False,,,False,True,True,2021-04-29,15.52,14.32,-0.07731958762886594,True,11.4,-0.26546391752577314,12.8,-0.17525773195876282,8.22,-0.4703608247422679,暴跌,,未知,True,False,666,9.58,True,181,False,,超长篇(≥500页),兆科眼科－Ｂ,dataset/2021/06622_16-04-2021_兆科眼科－Ｂ_全球發售.pdf
06626,6626.HK,strip_zero,越秀服務,越秀服務,2021-06-16,2021,06626_16-06-2021_越秀服務_全球發售.pdf,/nfs/users/wuqianqian/IPOI/dataset/2021/06626_16-06-2021_越秀服務_全球發售.pdf,2021,True,False,,,False,False,True,2021-06-28,4.8,4.88,0.016666666666666684,False,5.37,0.11875000000000005,3.76,-0.21666666666666667,3.36,-0.3,平稳,,未知,True,False,603,5.26,True,88,False,,超长篇(≥500页),越秀服務,dataset/2021/06626_16-06-2021_越秀服務_全球發售.pdf
06628,6628.HK,strip_zero,創勝集團－Ｂ,創勝集團－Ｂ,2021-09-14,2021,06628_14-09-2021_創勝集團－Ｂ_全球發售.pdf,/nfs/users/wuqianqian/IPOI/dataset/2021/06628_14-09-2021_創勝集團－Ｂ_全球發售.pdf,2021,True,False,,,False,True,True,2021-09-29,13.0,13.24,0.01846153846153848,False,15.5,0.19230769230769232,8.76,-0.3261538461538462,8.9,-0.3153846153846154,平稳,,未知,True,False,705,14.39,True,133,False,,超长篇(≥500页),創勝集團－Ｂ,dataset/2021/06628_14-09-2021_創勝集團－Ｂ_全球發售.pdf
06633,6633.HK,strip_zero,青瓷遊戲,青瓷遊戲,2021-12-06,2021,06633_06-12-2021_青瓷遊戲_全球發售.pdf,/nfs/users/wuqianqian/IPOI/dataset/2021/06633_06-12-2021_青瓷遊戲_全球發售.pdf,2021,True,False,,,False,False,True,2021-12-16,10.2,10.68,0.04705882352941181,False,10.7,0.04901960784313726,9.24,-0.09411764705882343,3.8,-0.6274509803921569,平稳,,未知,True,False,507,9.97,False,0,True,,超长篇(≥500页),青瓷遊戲,dataset/2021/06633_06-12-2021_青瓷遊戲_全球發售.pdf
06668,6668.HK,strip_zero,星盛商業,星盛商業,2021-01-14,2021,06668_14-01-2021_星盛商業_全球發售.pdf,/nfs/users/wuqianqian/IPOI/dataset/2021/06668_14-01-2021_星盛商業_全球發售.pdf,2021,True,False,,,False,False,True,2021-01-26,4.4,4.0,-0.09090909090909098,True,3.98,-0.09545454545454553,3.54,-0.19545454545454552,4.68,0.06363636363636349,破发/走弱,,未知,True,False,594,4.71,True,115,False,,超长篇(≥500页),星盛商業,dataset/2021/06668_14-01-2021_星盛商業_全球發售.pdf
06669,6669.HK,strip_zero,先瑞達醫療－Ｂ,先瑞達醫療－Ｂ,2021-08-12,2021,06669_12-08-2021_先瑞達醫療－Ｂ_全球發售.pdf,/nfs/users/wuqianqian/IPOI/dataset/2021/06669_12-08-2021_先瑞達醫療－Ｂ_全球發售.pdf,2021,True,False,,,False,True,True,2021-08-24,18.32,17.6,-0.03930131004366806,True,17.4,-0.0502183406113538,14.66,-0.19978165938864628,14.3,-0.2194323144104804,破发/走弱,,未知,True,False,598,9.96,True,126,False,,超长篇(≥500页),先瑞達醫療－Ｂ,dataset/2021/06669_12-08-2021_先瑞達醫療－Ｂ_全球發售.pdf
06680,6680.HK,strip_zero,金力永磁,金力永磁,2021-12-31,2021,06680_31-12-2021_金力永磁_全球發售.pdf,/nfs/users/wuqianqian/IPOI/dataset/2021/06680_31-12-2021_金力永磁_全球發售.pdf,2021,True,False,,,False,False,True,2022-01-14,30.8,28.2,-0.08441558441558446,True,27.3,-0.11363636363636365,30.1,-0.022727272727272704,23.3,-0.2435064935064935,破发/走弱,"研发,生产各种磁性材料及相关磁组件;国内一般贸易;自营和代理各类商品和技术的进出口及进出口业务的咨询服务(实行国营贸易管理的货物除外).(依法须经批准的项目,经相关部门批准后方可开展经营活动)",其他,True,False,665,5.21,True,134,False,,超长篇(≥500页),金力永磁,dataset/2021/06680_31-12-2021_金力永磁_全球發售.pdf
06699,6699.HK,strip_zero,時代天使,時代天使,2021-06-03,2021,06699_03-06-2021_時代天使_全球發售.pdf,/nfs/users/wuqianqian/IPOI/dataset/2021/06699_03-06-2021_時代天使_全球發售.pdf,2021,True,False,,,False,False,True,2021-06-16,400.0,401.0,0.0025,False,423.0,0.0575,402.2,0.005499999999999972,375.0,-0.0625,平稳,,未知,True,False,457,8.35,False,0,True,,长篇(300-499页),時代天使,dataset/2021/06699_03-06-2021_時代天使_全球發售.pdf
06821,6821.HK,strip_zero,凱萊英,凱萊英,2021-11-30,2021,06821_30-11-2021_凱萊英_全球發售.pdf,/nfs/users/wuqianqian/IPOI/dataset/2021/06821_30-11-2021_凱萊英_全球發售.pdf,2021,True,False,,,False,False,True,2021-12-10,388.0,370.0,-0.04639175257731959,True,323.8,-0.16546391752577316,259.6,-0.3309278350515463,233.8,-0.3974226804123711,破发/走弱,,未知,True,False,735,9.66,True,96,False,,超长篇(≥500页),凱萊英,dataset/2021/06821_30-11-2021_凱萊英_全球發售.pdf
06909,6909.HK,strip_zero,百得利控股,百得利控股,2021-06-30,2021,06909_30-06-2021_百得利控股_全球發售.pdf,/nfs/users/wuqianqian/IPOI/dataset/2021/06909_30-06-2021_百得利控股_全球發售.pdf,2021,True,False,,,False,False,True,2021-07-15,5.9,5.5,-0.06779661016949158,True,8.34,0.41355932203389817,7.26,0.2305084745762711,5.7,-0.03389830508474579,暴涨,公司主要从事豪华及超豪华品牌汽车的经销与售后服务，聚焦保时捷、奥迪、梅赛德斯－奔驰、宾利、沃尔沃及捷豹路虎等品牌，业务集中于乘用车经销领域，尤以超豪华细分市场为核心。,工业/制造,True,False,598,4.22,False,0,True,,超长篇(≥500页),百得利控股,dataset/2021/06909_30-06-2021_百得利控股_全球發售.pdf
06913,6913.HK,strip_zero,華南職業教育,華南職業教育,2021-06-30,2021,06913_30-06-2021_華南職業教育_全球發售.pdf,/nfs/users/wuqianqian/IPOI/dataset/2021/06913_30-06-2021_華南職業教育_全球發售.pdf,2021,True,False,,,False,False,True,2021-07-13,1.45,1.32,-0.08965517241379302,True,1.06,-0.26896551724137924,1.48,0.020689655172413814,1.24,-0.14482758620689656,暴跌,,未知,True,False,711,10.87,True,135,False,,超长篇(≥500页),華南職業教育,dataset/2021/06913_30-06-2021_華南職業教育_全球發售.pdf
06939,6939.HK,strip_zero,美佳音控股,美佳音控股,2021-03-18,2021,06939_18-03-2021_美佳音控股_全球發售.pdf,/nfs/users/wuqianqian/IPOI/dataset/2021/06939_18-03-2021_美佳音控股_全球發售.pdf,2021,True,False,,,False,False,True,2021-03-31,1.39,1.34,-0.035971223021582614,True,1.42,0.021582733812949662,1.41,0.01438848920863311,1.92,0.38129496402877705,平稳,"主要从事兼容打印机耗材芯片研究,设计,开发及销售.",其他,True,False,586,5.66,True,102,False,,超长篇(≥500页),美佳音控股,dataset/2021/06939_18-03-2021_美佳音控股_全球發售.pdf
09626,9626.HK,strip_zero,嗶哩嗶哩－ＳＷ,嗶哩嗶哩－ＳＷ,2021-03-18,2021,09626_18-03-2021_嗶哩嗶哩－ＳＷ_全球發售.pdf,/nfs/users/wuqianqian/IPOI/dataset/2021/09626_18-03-2021_嗶哩嗶哩－ＳＷ_全球發售.pdf,2021,True,False,,,False,False,True,2021-03-29,790.0,800.0,0.012658227848101266,False,855.0,0.08227848101265822,941.5,0.19177215189873412,979.0,0.2392405063291139,平稳,,未知,True,False,450,47.45,True,96,False,,长篇(300-499页),嗶哩嗶哩－ＳＷ,dataset/2021/09626_18-03-2021_嗶哩嗶哩－ＳＷ_全球發售.pdf
09699,9699.HK,strip_zero,順豐同城,順豐同城,2021-11-30,2021,09699_30-11-2021_順豐同城_全球發售.pdf,/nfs/users/wuqianqian/IPOI/dataset/2021/09699_30-11-2021_順豐同城_全球發售.pdf,2021,True,False,,,False,False,True,2021-12-14,15.2,14.9,-0.019736842105263087,True,15.28,0.005263157894736847,14.06,-0.07499999999999993,8.36,-0.45,平稳,,未知,True,False,593,11.41,True,120,False,,超长篇(≥500页),順豐同城,dataset/2021/09699_30-11-2021_順豐同城_全球發售.pdf
09858,9858.HK,strip_zero,優然牧業,優然牧業,2021-06-07,2021,09858_07-06-2021_優然牧業_全球發售.pdf,/nfs/users/wuqianqian/IPOI/dataset/2021/09858_07-06-2021_優然牧業_全球發售.pdf,2021,True,False,,,False,False,True,2021-06-18,6.28,6.15,-0.02070063694267514,True,6.19,-0.014331210191082782,5.21,-0.1703821656050956,5.14,-0.18152866242038224,平稳,,未知,True,False,836,7.8,True,148,False,,超长篇(≥500页),優然牧業,dataset/2021/09858_07-06-2021_優然牧業_全球發售.pdf
09868,9868.HK,strip_zero,小鵬汽車－Ｗ,小鵬汽車－Ｗ,2021-06-25,2021,09868_25-06-2021_小鵬汽車－Ｗ_全球發售.pdf,/nfs/users/wuqianqian/IPOI/dataset/2021/09868_25-06-2021_小鵬汽車－Ｗ_全球發售.pdf,2021,True,False,,,False,False,True,2021-07-07,168.0,165.0,-0.017857142857142856,True,151.0,-0.1011904761904762,173.8,0.03452380952380959,135.0,-0.19642857142857145,破发/走弱,,未知,True,False,607,10.3,True,148,False,,超长篇(≥500页),小鵬汽車－Ｗ,dataset/2021/09868_25-06-2021_小鵬汽車－Ｗ_全球發售.pdf
09869,9869.HK,strip_zero,海倫司,海倫司,2021-08-31,2021,09869_31-08-2021_海倫司_全球發售.pdf,/nfs/users/wuqianqian/IPOI/dataset/2021/09869_31-08-2021_海倫司_全球發售.pdf,2021,True,False,,,False,False,True,2021-09-10,23.05,24.3,0.054229934924078085,False,23.0,-0.0021691973969631545,21.85,-0.05206073752711494,19.24,-0.16529284164859012,平稳,,未知,True,False,537,3.93,True,112,False,,超长篇(≥500页),海倫司,dataset/2021/09869_31-08-2021_海倫司_全球發售.pdf
09888,9888.HK,strip_zero,百度集團－ＳＷ,百度集團－ＳＷ,2021-03-12,2021,09888_12-03-2021_百度集團－ＳＷ_全球發售.pdf,/nfs/users/wuqianqian/IPOI/dataset/2021/09888_12-03-2021_百度集團－ＳＷ_全球發售.pdf,2021,True,False,,,False,False,True,2021-03-23,254.0,252.0,-0.007874015748031496,True,201.8,-0.205511811023622,210.4,-0.1716535433070866,179.0,-0.2952755905511811,暴跌,,未知,True,False,550,4.42,True,134,False,,超长篇(≥500页),百度集團－ＳＷ,dataset/2021/09888_12-03-2021_百度集團－ＳＷ_全球發售.pdf
09889,9889.HK,strip_zero,東莞農商銀行,東莞農商銀行,2021-09-16,2021,09889_16-09-2021_東莞農商銀行_全球發售.pdf,/nfs/users/wuqianqian/IPOI/dataset/2021/09889_16-09-2021_東莞農商銀行_全球發售.pdf,2021,True,False,,,False,False,True,2021-09-29,8.0,8.25,0.03125,False,7.53,-0.058749999999999976,7.46,-0.0675,7.6,-0.05000000000000005,破发/走弱,,未知,True,False,847,40.75,True,124,False,,超长篇(≥500页),東莞農商銀行,dataset/2021/09889_16-09-2021_東莞農商銀行_全球發售.pdf
09898,9898.HK,strip_zero,微博－ＳＷ,微博－ＳＷ,2021-11-29,2021,09898_29-11-2021_微博－ＳＷ_全球發售.pdf,/nfs/users/wuqianqian/IPOI/dataset/2021/09898_29-11-2021_微博－ＳＷ_全球發售.pdf,2021,True,False,,,False,False,True,2021-12-08,256.2,253.2,-0.0117096018735363,True,219.2,-0.1444184231069477,248.0,-0.03200624512099918,183.9,-0.28220140515222475,破发/走弱,,未知,True,False,566,3.11,True,130,False,,超长篇(≥500页),微博－ＳＷ,dataset/2021/09898_29-11-2021_微博－ＳＷ_全球發售.pdf
09899,9899.HK,strip_zero,雲音樂,雲音樂,2021-11-23,2021,09899_23-11-2021_雲音樂_全球發售.pdf,/nfs/users/wuqianqian/IPOI/dataset/2021/09899_23-11-2021_雲音樂_全球發售.pdf,2021,True,False,,,False,False,True,2021-12-02,205.0,199.9,-0.024878048780487785,True,199.4,-0.02731707317073168,157.0,-0.23414634146341465,112.6,-0.4507317073170732,平稳,,未知,True,False,521,6.72,True,177,False,,超长篇(≥500页),雲音樂,dataset/2021/09899_23-11-2021_雲音樂_全球發售.pdf
09956,9956.HK,strip_zero,安能物流,安能物流,2021-10-29,2021,09956_29-10-2021_安能物流_全球發售.pdf,/nfs/users/wuqianqian/IPOI/dataset/2021/09956_29-10-2021_安能物流_全球發售.pdf,2021,True,False,,,False,False,True,2021-11-11,13.88,13.48,-0.028818443804034605,True,10.82,-0.2204610951008646,9.26,-0.3328530259365995,7.15,-0.4848703170028818,暴跌,"货运,零担业务,货运合作商平台,干线运输.",其他,True,False,590,9.01,True,139,False,,超长篇(≥500页),安能物流,dataset/2021/09956_29-10-2021_安能物流_全球發售.pdf
09959,9959.HK,strip_zero,聯易融科技－Ｗ,聯易融科技－Ｗ,2021-03-26,2021,09959_26-03-2021_聯易融科技－Ｗ_全球發售.pdf,/nfs/users/wuqianqian/IPOI/dataset/2021/09959_26-03-2021_聯易融科技－Ｗ_全球發售.pdf,2021,True,True,0.42,主板,True,False,True,2021-04-09,19.32,19.32,0.0,False,22.05,0.14130434782608695,22.0,0.13871635610766045,16.5,-0.14596273291925468,平稳,,未知,True,False,584,9.64,False,0,True,,超长篇(≥500页),聯易融科技－Ｗ,dataset/2021/09959_26-03-2021_聯易融科技－Ｗ_全球發售.pdf
09960,9960.HK,strip_zero,康聖環球,康聖環球,2021-06-29,2021,09960_29-06-2021_康聖環球_全球發售.pdf,/nfs/users/wuqianqian/IPOI/dataset/2021/09960_29-06-2021_康聖環球_全球發售.pdf,2021,True,False,,,False,False,True,2021-07-16,9.78,9.04,-0.07566462167689164,True,8.02,-0.17995910020449896,8.12,-0.16973415132924338,5.86,-0.4008179959100204,破发/走弱,,未知,True,False,673,10.46,False,0,True,,超长篇(≥500页),康聖環球,dataset/2021/09960_29-06-2021_康聖環球_全球發售.pdf
09961,9961.HK,strip_zero,攜程集團－Ｓ,攜程集團－Ｓ,2021-04-08,2021,09961_08-04-2021_攜程集團－Ｓ_全球發售.pdf,/nfs/users/wuqianqian/IPOI/dataset/2021/09961_08-04-2021_攜程集團－Ｓ_全球發售.pdf,2021,True,True,0.41,主板,True,False,True,2021-04-19,281.0,280.2,-0.002846975088968012,True,298.8,0.06334519572953741,290.2,0.03274021352313163,251.2,-0.10604982206405696,平稳,,未知,True,False,367,7.34,True,84,False,,长篇(300-499页),攜程集團－Ｓ,dataset/2021/09961_08-04-2021_攜程集團－Ｓ_全球發售.pdf
09982,9982.HK,strip_zero,中原建業,中原建業,2021-05-18,2021,09982_18-05-2021_中原建業_全球發售.pdf,/nfs/users/wuqianqian/IPOI/dataset/2021/09982_18-05-2021_中原建業_全球發售.pdf,2021,True,False,,,False,False,True,2021-05-31,2.5,2.64,0.05600000000000005,False,2.73,0.092,2.3,-0.08000000000000007,1.83,-0.268,平稳,,未知,True,False,430,11.95,False,0,True,,长篇(300-499页),中原建業,dataset/2021/09982_18-05-2021_中原建業_全球發售.pdf
00314,0314.HK,pad4,思派健康,思派健康,2022-12-12,2022,00314_12-12-2022_思派健康_全球發售.pdf,/nfs/users/wuqianqian/IPOI/dataset/2022/00314_12-12-2022_思派健康_全球發售.pdf,2022,True,False,,,False,False,True,2022-12-23,23.7,25.0,0.054852320675105516,False,18.6,-0.21518987341772144,21.5,-0.09282700421940926,32.25,0.3607594936708861,暴跌,公司立志引领中国医疗健康行业的数字化转型.,生物科技/医药,True,False,551,34.73,True,131,False,,超长篇(≥500页),思派健康,dataset/2022/00314_12-12-2022_思派健康_全球發售.pdf
00816,0816.HK,pad4,金茂服務,金茂服務,2022-02-25,2022,00816_25-02-2022_金茂服務_全球發售.pdf,/nfs/users/wuqianqian/IPOI/dataset/2022/00816_25-02-2022_金茂服務_全球發售.pdf,2022,True,False,,,False,False,True,2022-03-10,7.4,5.8,-0.21621621621621628,True,4.98,-0.32702702702702696,6.26,-0.15405405405405412,4.78,-0.35405405405405405,暴跌,,未知,True,False,684,11.38,False,15,True,,超长篇(≥500页),金茂服務,dataset/2022/00816_25-02-2022_金茂服務_全球發售.pdf
01204,1204.HK,strip_zero,博維智慧,博維智慧,2022-06-29,2022,01204_29-06-2022_博維智慧_全球發售.pdf,/nfs/users/wuqianqian/IPOI/dataset/2022/01204_29-06-2022_博維智慧_全球發售.pdf,2022,True,False,,,False,False,True,2022-07-15,1.14,1.22,0.0701754385964913,False,1.22,0.0701754385964913,1.14,0.0,1.0,-0.12280701754385955,平稳,,未知,True,False,502,32.86,True,131,False,,超长篇(≥500页),博維智慧,dataset/2022/01204_29-06-2022_博維智慧_全球發售.pdf
01244,1244.HK,strip_zero,3D MEDICINES-B,3D MEDICINES-B,2022-11-29,2022,01244_29-11-2022_3D MEDICINES-B_全球發售.pdf,/nfs/users/wuqianqian/IPOI/dataset/2022/01244_29-11-2022_3D MEDICINES-B_全球發售.pdf,2022,True,False,,,False,True,True,2022-12-15,29.0,31.45,0.08448275862068963,False,41.5,0.4310344827586207,53.9,0.8586206896551724,67.0,1.3103448275862069,暴涨,,未知,True,False,802,28.84,True,86,False,,超长篇(≥500页),3D MEDICINES-B,dataset/2022/01244_29-11-2022_3D MEDICINES-B_全球發售.pdf
01406,1406.HK,strip_zero,清晰醫療,清晰醫療,2022-01-31,2022,01406_31-01-2022_清晰醫療_全球發售.pdf,/nfs/users/wuqianqian/IPOI/dataset/2022/01406_31-01-2022_清晰醫療_全球發售.pdf,2022,True,False,,,False,False,True,2022-02-18,1.59,1.54,-0.031446540880503165,True,1.44,-0.09433962264150952,1.14,-0.2830188679245284,1.2,-0.24528301886792456,破发/走弱,,未知,True,False,482,6.53,True,174,False,,长篇(300-499页),清晰醫療,dataset/2022/01406_31-01-2022_清晰醫療_全球發售.pdf
01407,1407.HK,strip_zero,交運燃氣,交運燃氣,2022-10-31,2022,01407_31-10-2022_交運燃氣_全球發售.pdf,/nfs/users/wuqianqian/IPOI/dataset/2022/01407_31-10-2022_交運燃氣_全球發售.pdf,2022,True,False,,,False,False,True,2022-11-16,1.52,1.42,-0.06578947368421058,True,1.34,-0.1184210526315789,1.06,-0.3026315789473684,0.77,-0.4934210526315789,破发/走弱,,未知,True,False,657,8.97,False,0,True,,超长篇(≥500页),交運燃氣,dataset/2022/01407_31-10-2022_交運燃氣_全球發售.pdf
01489,1489.HK,strip_zero,GC CONSTRUCTION,GC CONSTRUCTION,2022-09-23,2022,01489_23-09-2022_GC CONSTRUCTION_股份發售.pdf,/nfs/users/wuqianqian/IPOI/dataset/2022/01489_23-09-2022_GC CONSTRUCTION_股份發售.pdf,2022,True,False,,,False,False,True,2022-10-10,0.62,0.55,-0.11290322580645155,True,0.51,-0.17741935483870966,0.53,-0.1451612903225806,0.54,-0.12903225806451607,破发/走弱,公司所进行的泥水工程主要包括批荡、瓷砖铺设、砌砖、铺设地台及云石工程。,其他,True,False,538,40.86,True,103,False,,超长篇(≥500页),GC CONSTRUCTION,dataset/2022/01489_23-09-2022_GC CONSTRUCTION_股份發售.pdf
01880,1880.HK,strip_zero,中國中免,中國中免,2022-08-15,2022,01880_15-08-2022_中國中免_全球發售.pdf,/nfs/users/wuqianqian/IPOI/dataset/2022/01880_15-08-2022_中國中免_全球發售.pdf,2022,True,False,,,False,False,True,2022-08-25,120.0,158.0,0.31666666666666665,False,171.0,0.425,180.0,0.5,174.3,0.4525000000000001,暴涨,,未知,True,False,623,10.04,True,175,False,,超长篇(≥500页),中國中免,dataset/2022/01880_15-08-2022_中國中免_全球發售.pdf
01947,1947.HK,strip_zero,美皓集團,美皓集團,2022-11-30,2022,01947_30-11-2022_美皓集團_全球發售.pdf,/nfs/users/wuqianqian/IPOI/dataset/2022/01947_30-11-2022_美皓集團_全球發售.pdf,2022,True,False,,,False,False,True,2022-12-14,0.76,0.72,-0.05263157894736847,True,0.51,-0.32894736842105265,0.53,-0.3026315789473684,0.49,-0.35526315789473684,暴跌,,未知,True,False,589,4.72,True,125,False,,超长篇(≥500页),美皓集團,dataset/2022/01947_30-11-2022_美皓集團_全球發售.pdf
02121,2121.HK,strip_zero,創新奇智,創新奇智,2022-01-17,2022,02121_17-01-2022_創新奇智_全球發售.pdf,/nfs/users/wuqianqian/IPOI/dataset/2022/02121_17-01-2022_創新奇智_全球發售.pdf,2022,True,False,,,False,False,True,2022-01-27,26.3,19.6,-0.2547528517110266,True,17.26,-0.34372623574144484,14.62,-0.44410646387832703,18.96,-0.2790874524714829,暴跌,,未知,True,False,546,6.97,True,146,False,,超长篇(≥500页),創新奇智,dataset/2022/02121_17-01-2022_創新奇智_全球發售.pdf
02145,2145.HK,strip_zero,上美股份,上美股份,2022-12-12,2022,02145_12-12-2022_上美股份_全球發售.pdf,/nfs/users/wuqianqian/IPOI/dataset/2022/02145_12-12-2022_上美股份_全球發售.pdf,2022,True,False,,,False,False,True,2022-12-22,25.2,25.2,0.0,False,30.0,0.19047619047619047,30.6,0.2142857142857144,25.5,0.011904761904761934,平稳,公司是领先的国货化妆品公司，是中国化妆品行业采用多品牌战略的先驱。,其他,True,False,664,11.21,True,91,False,,超长篇(≥500页),上美股份,dataset/2022/02145_12-12-2022_上美股份_全球發售.pdf
02147,2147.HK,strip_zero,正味集團,正味集團,2022-12-30,2022,02147_30-12-2022_正味集團_股份發售.pdf,/nfs/users/wuqianqian/IPOI/dataset/2022/02147_30-12-2022_正味集團_股份發售.pdf,2022,True,False,,,False,False,True,2023-01-13,0.74,0.56,-0.2432432432432432,True,0.48,-0.35135135135135137,0.48,-0.35135135135135137,0.64,-0.13513513513513511,暴跌,,未知,True,False,620,50.92,True,137,False,,超长篇(≥500页),正味集團,dataset/2022/02147_30-12-2022_正味集團_股份發售.pdf
02152,2152.HK,strip_zero,蘇新服務,蘇新服務,2022-08-11,2022,02152_11-08-2022_蘇新服務_全球發售.pdf,/nfs/users/wuqianqian/IPOI/dataset/2022/02152_11-08-2022_蘇新服務_全球發售.pdf,2022,True,False,,,False,False,True,2022-08-24,8.2,8.59,0.04756097560975617,False,8.59,0.04756097560975617,6.07,-0.2597560975609755,6.22,-0.2414634146341463,平稳,,未知,True,False,704,4.79,True,124,False,,超长篇(≥500页),蘇新服務,dataset/2022/02152_11-08-2022_蘇新服務_全球發售.pdf
02157,2157.HK,strip_zero,樂普生物－Ｂ,樂普生物－Ｂ,2022-02-10,2022,02157_10-02-2022_樂普生物－Ｂ_全球發售.pdf,/nfs/users/wuqianqian/IPOI/dataset/2022/02157_10-02-2022_樂普生物－Ｂ_全球發售.pdf,2022,True,False,,,False,True,True,2022-02-23,7.13,7.14,0.0014025245441794932,False,7.13,0.0,6.59,-0.07573632538569426,6.57,-0.07854137447405324,平稳,,未知,True,False,822,7.98,False,0,True,,超长篇(≥500页),樂普生物－Ｂ,dataset/2022/02157_10-02-2022_樂普生物－Ｂ_全球發售.pdf
02167,2167.HK,strip_zero,天潤雲,天潤雲,2022-06-21,2022,02167_21-06-2022_天潤雲_全球發售.pdf,/nfs/users/wuqianqian/IPOI/dataset/2022/02167_21-06-2022_天潤雲_全球發售.pdf,2022,True,True,0.645,主板,True,False,True,2022-06-30,12.84,12.84,0.0,False,13.2,0.028037383177570048,9.38,-0.2694704049844236,9.41,-0.26713395638629284,平稳,,未知,True,False,576,5.37,True,117,False,,超长篇(≥500页),天潤雲,dataset/2022/02167_21-06-2022_天潤雲_全球發售.pdf
02172,2172.HK,strip_zero,微創腦科學,微創腦科學,2022-06-29,2022,02172_29-06-2022_微創腦科學_全球發售.pdf,/nfs/users/wuqianqian/IPOI/dataset/2022/02172_29-06-2022_微創腦科學_全球發售.pdf,2022,True,False,,,False,False,True,2022-07-15,24.7,24.6,-0.004048582995951331,True,24.55,-0.006072874493927068,24.35,-0.014170040485829871,24.8,0.004048582995951474,平稳,,未知,True,False,516,7.82,False,0,True,,超长篇(≥500页),微創腦科學,dataset/2022/02172_29-06-2022_微創腦科學_全球發售.pdf
02179,2179.HK,strip_zero,瑞科生物－Ｂ,瑞科生物－Ｂ,2022-03-21,2022,02179_21-03-2022_瑞科生物－Ｂ_全球發售.pdf,/nfs/users/wuqianqian/IPOI/dataset/2022/02179_21-03-2022_瑞科生物－Ｂ_全球發售.pdf,2022,True,False,,,False,True,True,2022-03-31,25.0,25.25,0.01,False,27.3,0.09200000000000004,25.1,0.004000000000000057,22.75,-0.09,平稳,,未知,True,False,655,24.3,False,0,True,,超长篇(≥500页),瑞科生物－Ｂ,dataset/2022/02179_21-03-2022_瑞科生物－Ｂ_全球發售.pdf
02237,2237.HK,strip_zero,中國石墨,中國石墨,2022-06-30,2022,02237_30-06-2022_中國石墨_全球發售.pdf,/nfs/users/wuqianqian/IPOI/dataset/2022/02237_30-06-2022_中國石墨_全球發售.pdf,2022,True,False,,,False,False,True,2022-07-18,0.44,0.79,0.7954545454545455,False,0.51,0.15909090909090912,0.98,1.2272727272727273,0.92,1.0909090909090908,平稳,,未知,True,False,662,21.22,False,0,True,,超长篇(≥500页),中國石墨,dataset/2022/02237_30-06-2022_中國石墨_全球發售.pdf
02245,2245.HK,strip_zero,力勤資源,力勤資源,2022-11-21,2022,02245_21-11-2022_力勤資源_全球發售.pdf,/nfs/users/wuqianqian/IPOI/dataset/2022/02245_21-11-2022_力勤資源_全球發售.pdf,2022,True,False,,,False,False,True,2022-12-01,15.8,15.8,0.0,False,15.22,-0.03670886075949367,15.88,0.005063291139240511,13.94,-0.11772151898734184,平稳,,未知,True,False,872,58.52,True,176,False,,超长篇(≥500页),力勤資源,dataset/2022/02245_21-11-2022_力勤資源_全球發售.pdf
02246,2246.HK,strip_zero,快狗打車,快狗打車,2022-06-14,2022,02246_14-06-2022_快狗打車_全球發售.pdf,/nfs/users/wuqianqian/IPOI/dataset/2022/02246_14-06-2022_快狗打車_全球發售.pdf,2022,True,False,,,False,False,True,2022-06-24,21.5,16.72,-0.2223255813953489,True,11.2,-0.4790697674418605,7.07,-0.6711627906976744,6.0,-0.7209302325581395,暴跌,,未知,True,False,714,11.78,True,121,False,,超长篇(≥500页),快狗打車,dataset/2022/02246_14-06-2022_快狗打車_全球發售.pdf
02291,2291.HK,strip_zero,心泰醫療,心泰醫療,2022-10-27,2022,02291_27-10-2022_心泰醫療_全球發售.pdf,/nfs/users/wuqianqian/IPOI/dataset/2022/02291_27-10-2022_心泰醫療_全球發售.pdf,2022,True,False,,,False,False,True,2022-11-08,29.8,29.15,-0.021812080536912824,True,27.55,-0.07550335570469799,28.95,-0.02852348993288595,28.7,-0.03691275167785239,破发/走弱,,未知,True,False,757,14.62,True,65,False,,超长篇(≥500页),心泰醫療,dataset/2022/02291_27-10-2022_心泰醫療_全球發售.pdf
02297,2297.HK,strip_zero,潤邁德－Ｂ,潤邁德－Ｂ,2022-06-27,2022,02297_27-06-2022_潤邁德－Ｂ_全球發售.pdf,/nfs/users/wuqianqian/IPOI/dataset/2022/02297_27-06-2022_潤邁德－Ｂ_全球發售.pdf,2022,True,False,,,False,True,True,2022-07-08,5.6,5.28,-0.05714285714285704,True,5.11,-0.08749999999999987,4.18,-0.25357142857142856,2.65,-0.5267857142857143,破发/走弱,,未知,True,False,620,8.71,True,152,False,,超长篇(≥500页),潤邁德－Ｂ,dataset/2022/02297_27-06-2022_潤邁德－Ｂ_全球發售.pdf
02306,2306.HK,strip_zero,樂華娛樂,樂華娛樂,2022-12-30,2022,02306_30-12-2022_樂華娛樂_全球發售.pdf,/nfs/users/wuqianqian/IPOI/dataset/2022/02306_30-12-2022_樂華娛樂_全球發售.pdf,2022,True,False,,,False,False,True,2023-01-19,5.6,6.03,0.0767857142857144,False,4.78,-0.14642857142857132,4.49,-0.1982142857142856,4.49,-0.1982142857142856,破发/走弱,,未知,True,False,581,7.26,True,98,False,,超长篇(≥500页),樂華娛樂,dataset/2022/02306_30-12-2022_樂華娛樂_全球發售.pdf
02315,2315.HK,strip_zero,百奧賽圖－Ｂ,百奧賽圖－Ｂ,2022-08-19,2022,02315_19-08-2022_百奧賽圖－Ｂ_全球發售.pdf,/nfs/users/wuqianqian/IPOI/dataset/2022/02315_19-08-2022_百奧賽圖－Ｂ_全球發售.pdf,2022,True,False,,,False,True,True,2022-09-01,26.3,26.0,-0.011406844106463905,True,25.4,-0.03422053231939171,26.2,-0.003802281368821347,26.0,-0.011406844106463905,平稳,,未知,True,False,755,10.88,True,177,False,,超长篇(≥500页),百奧賽圖－Ｂ,dataset/2022/02315_19-08-2022_百奧賽圖－Ｂ_全球發售.pdf
02321,2321.HK,strip_zero,雙財莊,雙財莊,2022-08-08,2022,02321_08-08-2022_雙財莊_全球發售.pdf,/nfs/users/wuqianqian/IPOI/dataset/2022/02321_08-08-2022_雙財莊_全球發售.pdf,2022,True,False,,,False,False,True,2022-08-19,0.8,0.79,-0.012500000000000013,True,0.91,0.13749999999999998,1.09,0.3625,1.78,1.225,平稳,,未知,True,False,579,15.16,True,96,False,,超长篇(≥500页),雙財莊,dataset/2022/02321_08-08-2022_雙財莊_全球發售.pdf
02325,2325.HK,strip_zero,雲康集團,雲康集團,2022-05-05,2022,02325_05-05-2022_雲康集團_全球發售.pdf,/nfs/users/wuqianqian/IPOI/dataset/2022/02325_05-05-2022_雲康集團_全球發售.pdf,2022,True,False,,,False,False,True,2022-05-18,7.89,8.5,0.07731305449936632,False,9.1,0.15335868187579213,14.56,0.8453738910012676,18.74,1.3751584283903673,平稳,,未知,True,False,613,6.91,True,73,False,,超长篇(≥500页),雲康集團,dataset/2022/02325_05-05-2022_雲康集團_全球發售.pdf
02347,2347.HK,strip_zero,友和集團,友和集團,2022-05-26,2022,02347_26-05-2022_友和集團_全球發售.pdf,/nfs/users/wuqianqian/IPOI/dataset/2022/02347_26-05-2022_友和集團_全球發售.pdf,2022,True,False,,,False,False,True,2022-06-10,2.28,2.1,-0.07894736842105253,True,1.97,-0.1359649122807017,1.42,-0.3771929824561403,1.45,-0.3640350877192982,破发/走弱,,未知,True,False,546,7.77,False,8,True,,超长篇(≥500页),友和集團,dataset/2022/02347_26-05-2022_友和集團_全球發售.pdf
02350,2350.HK,strip_zero,數科集團,數科集團,2022-09-13,2022,02350_13-09-2022_數科集團_股份發售.pdf,/nfs/users/wuqianqian/IPOI/dataset/2022/02350_13-09-2022_數科集團_股份發售.pdf,2022,True,False,,,False,False,True,2022-09-26,0.9,0.62,-0.3111111111111111,True,0.56,-0.3777777777777777,0.54,-0.4,0.385,-0.5722222222222222,暴跌,,未知,True,False,546,14.6,False,0,True,,超长篇(≥500页),數科集團,dataset/2022/02350_13-09-2022_數科集團_股份發售.pdf
02352,2352.HK,strip_zero,東原仁知服務,東原仁知服務,2022-04-19,2022,02352_19-04-2022_東原仁知服務_全球發售.pdf,/nfs/users/wuqianqian/IPOI/dataset/2022/02352_19-04-2022_東原仁知服務_全球發售.pdf,2022,True,False,,,False,False,True,2022-04-29,11.9,11.9,0.0,False,11.4,-0.04201680672268907,11.4,-0.04201680672268907,9.8,-0.17647058823529407,平稳,,未知,True,False,775,5.52,True,144,False,,超长篇(≥500页),東原仁知服務,dataset/2022/02352_19-04-2022_東原仁知服務_全球發售.pdf
02361,2361.HK,strip_zero,中康控股,中康控股,2022-06-28,2022,02361_28-06-2022_中康控股_全球發售.pdf,/nfs/users/wuqianqian/IPOI/dataset/2022/02361_28-06-2022_中康控股_全球發售.pdf,2022,True,False,,,False,False,True,2022-07-12,4.74,5.36,0.1308016877637131,False,6.0,0.2658227848101265,5.44,0.1476793248945148,3.5,-0.2616033755274262,平稳,,未知,True,False,627,7.19,True,91,False,,超长篇(≥500页),中康控股,dataset/2022/02361_28-06-2022_中康控股_全球發售.pdf
02367,2367.HK,strip_zero,巨子生物,巨子生物,2022-10-25,2022,02367_25-10-2022_巨子生物_全球發售.pdf,/nfs/users/wuqianqian/IPOI/dataset/2022/02367_25-10-2022_巨子生物_全球發售.pdf,2022,True,False,,,False,True,True,2022-11-04,26.0,26.7,0.026923076923076897,False,33.4,0.2846153846153845,27.7,0.06538461538461536,44.5,0.7115384615384616,平稳,"设计,开发和生产以重组胶原蛋白为关键生物活性成分的专业皮肤护理产品,也开发和生产基于稀有人参皂苷技术的功能性食品,自主开发和生产多种类型的重组胶原蛋白和稀有人参皂苷.",生物科技/医药,True,False,605,9.88,False,0,True,,超长篇(≥500页),巨子生物,dataset/2022/02367_25-10-2022_巨子生物_全球發售.pdf
02370,2370.HK,strip_zero,力高健康生活,力高健康生活,2022-03-22,2022,02370_22-03-2022_力高健康生活_全球發售.pdf,/nfs/users/wuqianqian/IPOI/dataset/2022/02370_22-03-2022_力高健康生活_全球發售.pdf,2022,True,False,,,False,False,True,2022-03-31,4.55,5.18,0.13846153846153844,False,8.25,0.8131868131868133,8.35,0.8351648351648352,11.0,1.4175824175824177,暴涨,"公司为江西省领先的全国知名综合物业管理服务供应商,服务网络涵盖长江三角洲,大湾区,环渤海区及华中地区等具有策略意义的核心区域.",地产/建筑,True,False,610,8.08,False,0,True,,超长篇(≥500页),力高健康生活,dataset/2022/02370_22-03-2022_力高健康生活_全球發售.pdf
02372,2372.HK,strip_zero,偉立控股,偉立控股,2022-06-17,2022,02372_17-06-2022_偉立控股_股份發售.pdf,/nfs/users/wuqianqian/IPOI/dataset/2022/02372_17-06-2022_偉立控股_股份發售.pdf,2022,True,False,,,False,False,True,2022-06-30,0.7,0.63,-0.09999999999999994,True,0.66,-0.05714285714285704,0.45,-0.3571428571428571,0.415,-0.4071428571428571,破发/走弱,,未知,True,False,466,25.83,True,86,False,,长篇(300-499页),偉立控股,dataset/2022/02372_17-06-2022_偉立控股_股份發售.pdf
02373,2373.HK,strip_zero,美麗田園醫療健康,美麗田園醫療健康,2022-12-30,2022,02373_30-12-2022_美麗田園醫療健康_全球發售.pdf,/nfs/users/wuqianqian/IPOI/dataset/2022/02373_30-12-2022_美麗田園醫療健康_全球發售.pdf,2022,True,False,,,False,False,True,2023-01-16,30.5,29.65,-0.02786885245901644,True,30.2,-0.009836065573770515,29.1,-0.04590163934426225,29.65,-0.02786885245901644,平稳,,未知,True,False,697,10.11,True,160,False,,超长篇(≥500页),美麗田園醫療健康,dataset/2022/02373_30-12-2022_美麗田園醫療健康_全球發售.pdf
02376,2376.HK,strip_zero,魯商服務,魯商服務,2022-06-27,2022,02376_27-06-2022_魯商服務_全球發售.pdf,/nfs/users/wuqianqian/IPOI/dataset/2022/02376_27-06-2022_魯商服務_全球發售.pdf,2022,True,False,,,False,False,True,2022-07-08,5.01,4.43,-0.11576846307385233,True,3.6,-0.2814371257485029,2.56,-0.4890219560878243,2.42,-0.5169660678642715,暴跌,,未知,True,False,583,5.58,True,135,False,,超长篇(≥500页),魯商服務,dataset/2022/02376_27-06-2022_魯商服務_全球發售.pdf
02385,2385.HK,strip_zero,讀書郎,讀書郎,2022-06-29,2022,02385_29-06-2022_讀書郎_全球發售.pdf,/nfs/users/wuqianqian/IPOI/dataset/2022/02385_29-06-2022_讀書郎_全球發售.pdf,2022,True,False,,,False,False,True,2022-07-12,5.4,7.2,0.3333333333333333,False,7.37,0.3648148148148148,7.01,0.298148148148148,6.85,0.2685185185185184,暴涨,,未知,True,False,663,5.88,True,123,False,,超长篇(≥500页),讀書郎,dataset/2022/02385_29-06-2022_讀書郎_全球發售.pdf
02390,2390.HK,strip_zero,知乎－Ｗ,知乎－Ｗ,2022-04-11,2022,02390_11-04-2022_知乎－Ｗ_全球發售.pdf,/nfs/users/wuqianqian/IPOI/dataset/2022/02390_11-04-2022_知乎－Ｗ_全球發售.pdf,2022,True,False,,,False,False,True,2022-04-22,24.95,24.5,-0.01803607214428855,True,27.0,0.08216432865731466,22.7,-0.09018036072144288,22.6,-0.09418837675350693,平稳,,未知,True,False,587,39.55,True,94,False,,超长篇(≥500页),知乎－Ｗ,dataset/2022/02390_11-04-2022_知乎－Ｗ_全球發售.pdf
02391,2391.HK,strip_zero,塗鴉智能－Ｗ,塗鴉智能－Ｗ,2022-06-22,2022,02391_22-06-2022_塗鴉智能－Ｗ_全球發售.pdf,/nfs/users/wuqianqian/IPOI/dataset/2022/02391_22-06-2022_塗鴉智能－Ｗ_全球發售.pdf,2022,True,False,,,False,False,True,2022-07-05,19.56,19.3,-0.013292433537832209,True,18.9,-0.033742331288343565,13.06,-0.3323108384458077,7.81,-0.6007157464212679,平稳,,未知,True,False,721,6.68,True,87,False,,超长篇(≥500页),塗鴉智能－Ｗ,dataset/2022/02391_22-06-2022_塗鴉智能－Ｗ_全球發售.pdf
02392,2392.HK,strip_zero,玄武雲,玄武雲,2022-06-24,2022,02392_24-06-2022_玄武雲_全球發售.pdf,/nfs/users/wuqianqian/IPOI/dataset/2022/02392_24-06-2022_玄武雲_全球發售.pdf,2022,True,False,,,False,False,True,2022-07-08,6.24,6.28,0.006410256410256415,False,5.8,-0.07051282051282058,6.41,0.02724358974358973,5.28,-0.15384615384615385,破发/走弱,,未知,True,False,608,7.93,True,101,False,,超长篇(≥500页),玄武雲,dataset/2022/02392_24-06-2022_玄武雲_全球發售.pdf
02402,2402.HK,strip_zero,億華通,億華通,2022-12-29,2022,02402_29-12-2022_億華通_全球發售.pdf,/nfs/users/wuqianqian/IPOI/dataset/2022/02402_29-12-2022_億華通_全球發售.pdf,2022,True,False,,,False,False,True,2023-01-12,60.0,60.0,0.0,False,60.0,0.0,63.65,0.06083333333333332,60.2,0.003333333333333381,平稳,,未知,True,False,719,9.59,False,0,True,,超长篇(≥500页),億華通,dataset/2022/02402_29-12-2022_億華通_全球發售.pdf
02407,2407.HK,strip_zero,高視醫療,高視醫療,2022-11-30,2022,02407_30-11-2022_高視醫療_全球發售.pdf,/nfs/users/wuqianqian/IPOI/dataset/2022/02407_30-11-2022_高視醫療_全球發售.pdf,2022,True,False,,,False,False,True,2022-12-12,51.2,51.4,0.003906249999999917,False,51.4,0.003906249999999917,49.2,-0.0390625,52.65,0.02832031249999992,平稳,,未知,True,False,686,6.82,True,89,False,,超长篇(≥500页),高視醫療,dataset/2022/02407_30-11-2022_高視醫療_全球發售.pdf
02411,2411.HK,strip_zero,百果園集團,百果園集團,2022-12-29,2022,02411_29-12-2022_百果園集團_全球發售.pdf,/nfs/users/wuqianqian/IPOI/dataset/2022/02411_29-12-2022_百果園集團_全球發售.pdf,2022,True,False,,,False,False,True,2023-01-16,6.52,6.0,-0.07975460122699381,True,5.66,-0.13190184049079748,5.6,-0.1411042944785276,5.93,-0.09049079754601223,破发/走弱,,未知,True,False,850,40.12,True,172,False,,超长篇(≥500页),百果園集團,dataset/2022/02411_29-12-2022_百果園集團_全球發售.pdf
02418,2418.HK,strip_zero,德銀天下,德銀天下,2022-06-30,2022,02418_30-06-2022_德銀天下_全球發售.pdf,/nfs/users/wuqianqian/IPOI/dataset/2022/02418_30-06-2022_德銀天下_全球發售.pdf,2022,True,False,,,False,False,True,2022-07-15,1.75,1.8,0.0285714285714286,False,1.64,-0.06285714285714293,1.3,-0.2571428571428571,1.03,-0.4114285714285714,破发/走弱,,未知,True,False,739,12.98,True,70,False,,超长篇(≥500页),德銀天下,dataset/2022/02418_30-06-2022_德銀天下_全球發售.pdf
02420,2420.HK,strip_zero,子不語,子不語,2022-10-31,2022,02420_31-10-2022_子不語_全球發售.pdf,/nfs/users/wuqianqian/IPOI/dataset/2022/02420_31-10-2022_子不語_全球發售.pdf,2022,True,False,,,False,False,True,2022-11-11,8.36,8.29,-0.00837320574162683,True,6.57,-0.2141148325358851,6.19,-0.2595693779904305,5.8,-0.3062200956937799,暴跌,,未知,True,False,648,10.81,True,120,False,,超长篇(≥500页),子不語,dataset/2022/02420_31-10-2022_子不語_全球發售.pdf
02422,2422.HK,strip_zero,潤歌互動,潤歌互動,2022-09-30,2022,02422_30-09-2022_潤歌互動_全球發售.pdf,/nfs/users/wuqianqian/IPOI/dataset/2022/02422_30-09-2022_潤歌互動_全球發售.pdf,2022,True,False,,,False,False,True,2022-10-17,1.3,1.35,0.038461538461538484,False,2.04,0.5692307692307692,2.69,1.0692307692307692,2.4,0.8461538461538459,暴涨,,未知,True,False,686,6.98,True,103,False,,超长篇(≥500页),潤歌互動,dataset/2022/02422_30-09-2022_潤歌互動_全球發售.pdf
02425,2425.HK,strip_zero,澳亞集團,澳亞集團,2022-12-16,2022,02425_16-12-2022_澳亞集團_全球發售.pdf,/nfs/users/wuqianqian/IPOI/dataset/2022/02425_16-12-2022_澳亞集團_全球發售.pdf,2022,True,False,,,False,False,True,2022-12-30,6.1,6.37,0.044262295081967294,False,6.03,-0.011475409836065476,4.99,-0.18196721311475408,3.38,-0.4459016393442623,平稳,,未知,True,False,673,9.52,False,0,True,,超长篇(≥500页),澳亞集團,dataset/2022/02425_16-12-2022_澳亞集團_全球發售.pdf
02427,2427.HK,strip_zero,GUANZE MEDICAL,GUANZE MEDICAL,2022-12-15,2022,02427_15-12-2022_GUANZE MEDICAL_全球發售.pdf,/nfs/users/wuqianqian/IPOI/dataset/2022/02427_15-12-2022_GUANZE MEDICAL_全球發售.pdf,2022,True,False,,,False,False,True,2022-12-29,1.2,1.75,0.4583333333333334,False,2.02,0.6833333333333335,1.59,0.3250000000000001,4.14,2.45,暴涨,主要从事提供医用影像胶片产品及医学影像云服务.,其他,True,False,526,12.18,False,0,True,,超长篇(≥500页),GUANZE MEDICAL,dataset/2022/02427_15-12-2022_GUANZE MEDICAL_全球發售.pdf
02436,2436.HK,strip_zero,凌雄科技,凌雄科技,2022-11-14,2022,02436_14-11-2022_凌雄科技_全球發售.pdf,/nfs/users/wuqianqian/IPOI/dataset/2022/02436_14-11-2022_凌雄科技_全球發售.pdf,2022,True,False,,,False,False,True,2022-11-24,7.9,7.8,-0.012658227848101332,True,8.99,0.13797468354430378,10.88,0.3772151898734177,13.14,0.6632911392405063,平稳,DaaS(设备即服务)供应商及中国首家打造数字化.,其他,True,False,618,5.42,True,111,False,,超长篇(≥500页),凌雄科技,dataset/2022/02436_14-11-2022_凌雄科技_全球發售.pdf
02440,2440.HK,strip_zero,濠暻科技,濠暻科技,2022-11-30,2022,02440_30-11-2022_濠暻科技_全球發售.pdf,/nfs/users/wuqianqian/IPOI/dataset/2022/02440_30-11-2022_濠暻科技_全球發售.pdf,2022,True,False,,,False,False,True,2022-12-12,2.22,2.0,-0.09909909909909917,True,1.59,-0.2837837837837838,1.44,-0.3513513513513514,1.48,-0.3333333333333334,暴跌,,未知,True,False,615,10.45,True,175,False,,超长篇(≥500页),濠暻科技,dataset/2022/02440_30-11-2022_濠暻科技_全球發售.pdf
02450,2450.HK,strip_zero,淮北綠金股份,淮北綠金股份,2022-12-30,2022,02450_30-12-2022_淮北綠金股份_全球發售.pdf,/nfs/users/wuqianqian/IPOI/dataset/2022/02450_30-12-2022_淮北綠金股份_全球發售.pdf,2022,True,False,,,False,False,True,2023-01-20,1.21,1.06,-0.12396694214876025,True,1.0,-0.17355371900826444,0.84,-0.3057851239669421,0.69,-0.4297520661157025,破发/走弱,,未知,True,False,871,9.67,True,139,False,,超长篇(≥500页),淮北綠金股份,dataset/2022/02450_30-12-2022_淮北綠金股份_全球發售.pdf
02455,2455.HK,strip_zero,潤華服務,潤華服務,2022-12-30,2022,02455_30-12-2022_潤華服務_全球發售.pdf,/nfs/users/wuqianqian/IPOI/dataset/2022/02455_30-12-2022_潤華服務_全球發售.pdf,2022,True,False,,,False,False,True,2023-01-17,1.38,1.26,-0.08695652173913036,True,1.3,-0.05797101449275353,1.26,-0.08695652173913036,1.39,0.007246376811594209,破发/走弱,,未知,True,False,624,8.22,True,130,False,,超长篇(≥500页),潤華服務,dataset/2022/02455_30-12-2022_潤華服務_全球發售.pdf
02457,2457.HK,strip_zero,步陽國際,步陽國際,2022-11-29,2022,02457_29-11-2022_步陽國際_全球發售.pdf,/nfs/users/wuqianqian/IPOI/dataset/2022/02457_29-11-2022_步陽國際_全球發售.pdf,2022,True,False,,,False,False,True,2022-12-15,0.355,0.3,-0.15492957746478872,True,0.375,0.05633802816901413,0.41,0.15492957746478872,0.355,0.0,平稳,,未知,True,False,514,47.51,True,71,False,,超长篇(≥500页),步陽國際,dataset/2022/02457_29-11-2022_步陽國際_全球發售.pdf
02458,2458.HK,strip_zero,望塵科技控股,望塵科技控股,2022-12-30,2022,02458_30-12-2022_望塵科技控股_全球發售.pdf,/nfs/users/wuqianqian/IPOI/dataset/2022/02458_30-12-2022_望塵科技控股_全球發售.pdf,2022,True,False,,,False,False,True,2023-01-16,5.0,5.75,0.15,False,5.14,0.02799999999999993,6.83,0.366,5.1,0.019999999999999928,平稳,,未知,True,False,665,8.35,True,100,False,,超长篇(≥500页),望塵科技控股,dataset/2022/02458_30-12-2022_望塵科技控股_全球發售.pdf
02459,2459.HK,strip_zero,昇能集團,昇能集團,2022-12-30,2022,02459_30-12-2022_昇能集團_全球發售.pdf,/nfs/users/wuqianqian/IPOI/dataset/2022/02459_30-12-2022_昇能集團_全球發售.pdf,2022,True,False,,,False,False,True,2023-01-17,1.68,1.78,0.059523809523809576,False,1.65,-0.017857142857142873,2.39,0.4226190476190477,1.9,0.13095238095238093,平稳,,未知,True,False,697,16.6,True,118,False,,超长篇(≥500页),昇能集團,dataset/2022/02459_30-12-2022_昇能集團_全球發售.pdf
02469,2469.HK,strip_zero,粉筆,粉筆,2022-12-23,2022,02469_23-12-2022_粉筆_全球發售.pdf,/nfs/users/wuqianqian/IPOI/dataset/2022/02469_23-12-2022_粉筆_全球發售.pdf,2022,True,False,,,False,False,True,2023-01-09,10.5,11.1,0.05714285714285711,False,10.4,-0.00952380952380949,11.98,0.140952380952381,11.5,0.09523809523809523,平稳,,未知,True,False,506,9.18,False,0,True,,超长篇(≥500页),粉筆,dataset/2022/02469_23-12-2022_粉筆_全球發售.pdf
02602,2602.HK,strip_zero,萬物雲,萬物雲,2022-09-19,2022,02602_19-09-2022_萬物雲_全球發售.pdf,/nfs/users/wuqianqian/IPOI/dataset/2022/02602_19-09-2022_萬物雲_全球發售.pdf,2022,True,False,,,False,False,True,2022-09-29,45.6,46.0,0.008771929824561372,False,43.6,-0.04385964912280702,32.7,-0.2828947368421052,48.9,0.07236842105263151,平稳,,未知,True,False,829,9.86,True,139,False,,超长篇(≥500页),萬物雲,dataset/2022/02602_19-09-2022_萬物雲_全球發售.pdf
03611,3611.HK,strip_zero,花房集團,花房集團,2022-11-30,2022,03611_30-11-2022_花房集團_全球發售.pdf,/nfs/users/wuqianqian/IPOI/dataset/2022/03611_30-11-2022_花房集團_全球發售.pdf,2022,True,False,,,False,False,True,2022-12-12,3.29,3.15,-0.042553191489361736,True,2.55,-0.2249240121580548,2.42,-0.2644376899696049,1.91,-0.4194528875379939,暴跌,,未知,True,False,672,7.62,True,151,False,,超长篇(≥500页),花房集團,dataset/2022/03611_30-11-2022_花房集團_全球發售.pdf
03660,3660.HK,strip_zero,３６０數科－Ｓ,３６０數科－Ｓ,2022-11-18,2022,03660_18-11-2022_３６０數科－Ｓ_全球發售.pdf,/nfs/users/wuqianqian/IPOI/dataset/2022/03660_18-11-2022_３６０數科－Ｓ_全球發售.pdf,2022,True,False,,,False,False,True,2022-11-29,50.6,51.75,0.0227272727272727,False,66.95,0.3231225296442688,76.4,0.5098814229249012,85.75,0.6946640316205533,暴涨,,未知,True,False,667,27.49,True,112,False,,超长篇(≥500页),３６０數科－Ｓ,dataset/2022/03660_18-11-2022_３６０數科－Ｓ_全球發售.pdf
03931,3931.HK,strip_zero,中創新航,中創新航,2022-09-23,2022,03931_23-09-2022_中創新航_全球發售.pdf,/nfs/users/wuqianqian/IPOI/dataset/2022/03931_23-09-2022_中創新航_全球發售.pdf,2022,True,False,,,False,False,True,2022-10-06,38.0,38.0,0.0,False,37.0,-0.02631578947368421,20.55,-0.4592105263157895,20.0,-0.4736842105263158,平稳,,未知,True,False,893,6.81,True,101,False,,超长篇(≥500页),中創新航,dataset/2022/03931_23-09-2022_中創新航_全球發售.pdf
04801,4801.HK,,INTERRA ACQ Z25,INTERRA ACQ Z25,2022-09-09,2022,04801_09-09-2022_INTERRA ACQ Z25_發售A類股份及上市認股權證.pdf,/nfs/users/wuqianqian/IPOI/dataset/2022/04801_09-09-2022_INTERRA ACQ Z25_發售A類股份及上市認股權證.pdf,2022,True,False,,,False,False,False,,,,,,,,,,,,无行情,,未知,True,False,277,2.27,True,1089,False,,中篇(100-299页),INTERRA ACQ Z25,dataset/2022/04801_09-09-2022_INTERRA ACQ Z25_發售A類股份及上市認股權證.pdf
04841,4841.HK,,匯德收購Ｚ２５,匯德收購Ｚ２５,2022-08-09,2022,04841_09-08-2022_匯德收購Ｚ２５_透過特殊目的收購公司發售於香港聯合交易所有限公司主板上市.pdf,/nfs/users/wuqianqian/IPOI/dataset/2022/04841_09-08-2022_匯德收購Ｚ２５_透過特殊目的收購公司發售於香港聯合交易所有限公司主板上市.pdf,2022,True,False,,,False,False,False,,,,,,,,,,,,无行情,,未知,True,False,355,2.62,True,1151,False,,长篇(300-499页),匯德收購Ｚ２５,dataset/2022/04841_09-08-2022_匯德收購Ｚ２５_透過特殊目的收購公司發售於香港聯合交易所有限公司主板上市.pdf
06610,6610.HK,strip_zero,飛天雲動,飛天雲動,2022-09-29,2022,06610_29-09-2022_飛天雲動_全球發售.pdf,/nfs/users/wuqianqian/IPOI/dataset/2022/06610_29-09-2022_飛天雲動_全球發售.pdf,2022,True,False,,,False,False,True,2022-10-18,2.21,2.12,-0.040723981900452434,True,2.29,0.036199095022624465,2.79,0.2624434389140272,4.04,0.828054298642534,平稳,,未知,True,False,772,14.38,False,0,True,,超长篇(≥500页),飛天雲動,dataset/2022/06610_29-09-2022_飛天雲動_全球發售.pdf
06639,6639.HK,strip_zero,瑞爾集團,瑞爾集團,2022-03-09,2022,06639_09-03-2022_瑞爾集團_全球發售.pdf,/nfs/users/wuqianqian/IPOI/dataset/2022/06639_09-03-2022_瑞爾集團_全球發售.pdf,2022,True,False,,,False,False,True,2022-03-22,14.6,13.8,-0.05479452054794513,True,14.4,-0.013698630136986256,11.54,-0.20958904109589044,11.9,-0.18493150684931506,平稳,,未知,True,False,657,7.94,True,162,False,,超长篇(≥500页),瑞爾集團,dataset/2022/06639_09-03-2022_瑞爾集團_全球發售.pdf
06660,6660.HK,strip_zero,艾美疫苗,艾美疫苗,2022-09-23,2022,06660_23-09-2022_艾美疫苗_全球發售.pdf,/nfs/users/wuqianqian/IPOI/dataset/2022/06660_23-09-2022_艾美疫苗_全球發售.pdf,2022,True,False,,,False,False,True,2022-10-06,15.0,16.66,0.11066666666666668,False,16.76,0.11733333333333346,27.4,0.8266666666666665,23.6,0.5733333333333335,平稳,"按2021年批签发量(不包括新冠疫苗)计,公司是中国第二大疫苗公司,所占市场份额为7.4%,仅次于国有企业中国医药集团中国生物技术股份有限公司(中国最大的疫苗市场参与者,占35.5%的市场份额).",生物科技/医药,True,False,614,7.21,False,0,True,,超长篇(≥500页),艾美疫苗,dataset/2022/06660_23-09-2022_艾美疫苗_全球發售.pdf
06661,6661.HK,strip_zero,湖州燃氣,湖州燃氣,2022-06-29,2022,06661_29-06-2022_湖州燃氣_全球發售.pdf,/nfs/users/wuqianqian/IPOI/dataset/2022/06661_29-06-2022_湖州燃氣_全球發售.pdf,2022,True,False,,,False,False,True,2022-07-13,5.98,5.6,-0.06354515050167238,True,6.0,0.003344481605351099,5.95,-0.005016722408026797,5.56,-0.07023411371237473,平稳,,未知,True,False,620,4.5,True,75,False,,超长篇(≥500页),湖州燃氣,dataset/2022/06661_29-06-2022_湖州燃氣_全球發售.pdf
06667,6667.HK,strip_zero,美因基因,美因基因,2022-06-10,2022,06667_10-06-2022_美因基因_全球發售.pdf,/nfs/users/wuqianqian/IPOI/dataset/2022/06667_10-06-2022_美因基因_全球發售.pdf,2022,True,False,,,False,False,True,2022-06-22,19.48,18.0,-0.07597535934291583,True,17.8,-0.08624229979466118,17.76,-0.0882956878850102,13.3,-0.3172484599589322,破发/走弱,公司是中国领先的基因检测平台公司，专注于消费级基因检测及癌症筛查服务。,消费/零售,True,False,692,18.05,False,0,True,,超长篇(≥500页),美因基因,dataset/2022/06667_10-06-2022_美因基因_全球發售.pdf
06678,6678.HK,,百德醫療,百德醫療,2022-09-22,2022,06678_22-09-2022_百德醫療_全球發售.pdf,/nfs/users/wuqianqian/IPOI/dataset/2022/06678_22-09-2022_百德醫療_全球發售.pdf,2022,True,False,,,False,False,False,,,,,,,,,,,,无行情,,未知,True,False,635,5.92,True,178,False,,超长篇(≥500页),百德醫療,dataset/2022/06678_22-09-2022_百德醫療_全球發售.pdf
06686,6686.HK,strip_zero,諾亞控股－Ｓ,諾亞控股－Ｓ,2022-06-29,2022,06686_29-06-2022_諾亞控股－Ｓ_全球發售.pdf,/nfs/users/wuqianqian/IPOI/dataset/2022/06686_29-06-2022_諾亞控股－Ｓ_全球發售.pdf,2022,True,False,,,False,False,True,2022-07-13,285.0,279.0,-0.021052631578947368,True,274.0,-0.03859649122807018,241.0,-0.1543859649122807,216.8,-0.23929824561403504,平稳,,未知,True,False,509,4.52,True,239,False,,超长篇(≥500页),諾亞控股－Ｓ,dataset/2022/06686_29-06-2022_諾亞控股－Ｓ_全球發售.pdf
06689,6689.HK,strip_zero,洪九果品,洪九果品,2022-08-24,2022,06689_24-08-2022_洪九果品_全球發售.pdf,/nfs/users/wuqianqian/IPOI/dataset/2022/06689_24-08-2022_洪九果品_全球發售.pdf,2022,True,False,,,False,False,True,2022-09-05,40.0,40.0,0.0,False,40.0,0.0,35.85,-0.10374999999999997,70.0,0.75,平稳,"公司是中国高速增长的多品牌鲜果集团,拥有「端到端」的供应链.",其他,True,False,679,9.71,True,169,False,,超长篇(≥500页),洪九果品,dataset/2022/06689_24-08-2022_洪九果品_全球發售.pdf
06696,6696.HK,strip_zero,多想雲,多想雲,2022-10-28,2022,06696_28-10-2022_多想雲_全球發售.pdf,/nfs/users/wuqianqian/IPOI/dataset/2022/06696_28-10-2022_多想雲_全球發售.pdf,2022,True,False,,,False,False,True,2022-11-09,2.91,2.0,-0.3127147766323025,True,1.65,-0.4329896907216496,0.74,-0.7457044673539518,0.63,-0.7835051546391752,暴跌,,未知,True,False,634,8.43,True,104,False,,超长篇(≥500页),多想雲,dataset/2022/06696_28-10-2022_多想雲_全球發售.pdf
06698,6698.HK,strip_zero,星空華文,星空華文,2022-12-15,2022,06698_15-12-2022_星空華文_全球發售.pdf,/nfs/users/wuqianqian/IPOI/dataset/2022/06698_15-12-2022_星空華文_全球發售.pdf,2022,True,False,,,False,False,True,2022-12-29,32.55,45.2,0.3886328725038404,False,46.8,0.43778801843317977,79.25,1.4347158218125962,108.5,2.333333333333333,暴涨,,未知,True,False,729,22.4,True,107,False,,超长篇(≥500页),星空華文,dataset/2022/06698_15-12-2022_星空華文_全球發售.pdf
06922,6922.HK,strip_zero,康灃生物－Ｂ,康灃生物－Ｂ,2022-12-16,2022,06922_16-12-2022_康灃生物－Ｂ_全球發售.pdf,/nfs/users/wuqianqian/IPOI/dataset/2022/06922_16-12-2022_康灃生物－Ｂ_全球發售.pdf,2022,True,False,,,False,True,True,2022-12-30,18.5,17.66,-0.0454054054054054,True,17.04,-0.07891891891891896,15.3,-0.17297297297297293,19.02,0.028108108108108085,破发/走弱,,未知,True,False,644,9.34,True,181,False,,超长篇(≥500页),康灃生物－Ｂ,dataset/2022/06922_16-12-2022_康灃生物－Ｂ_全球發售.pdf
06929,6929.HK,strip_zero,業聚醫療,業聚醫療,2022-12-13,2022,06929_13-12-2022_業聚醫療_全球發售.pdf,/nfs/users/wuqianqian/IPOI/dataset/2022/06929_13-12-2022_業聚醫療_全球發售.pdf,2022,True,False,,,False,False,True,2022-12-23,8.8,9.15,0.03977272727272723,False,8.35,-0.05113636363636375,8.42,-0.043181818181818266,12.74,0.44772727272727264,破发/走弱,,未知,True,False,709,19.34,True,137,False,,超长篇(≥500页),業聚醫療,dataset/2022/06929_13-12-2022_業聚醫療_全球發售.pdf
06955,6955.HK,strip_zero,博安生物－Ｂ,博安生物－Ｂ,2022-12-19,2022,06955_19-12-2022_博安生物－Ｂ_全球發售.pdf,/nfs/users/wuqianqian/IPOI/dataset/2022/06955_19-12-2022_博安生物－Ｂ_全球發售.pdf,2022,True,False,,,False,True,True,2022-12-30,19.9,19.8,-0.005025125628140597,True,16.4,-0.17587939698492466,15.0,-0.2462311557788945,19.84,-0.003015075376884359,破发/走弱,公司主要从事生物制品的研发、生产与商业化，聚焦抗体、融合蛋白、ADC、重组蛋白、疫苗、基因及细胞疗法等领域，致力于在中国及全球市场提供高性价比的生物类似药和创新生物药。,生物科技/医药,True,False,855,11.54,True,128,False,,超长篇(≥500页),博安生物－Ｂ,dataset/2022/06955_19-12-2022_博安生物－Ｂ_全球發售.pdf
06963,6963.HK,strip_zero,陽光保險,陽光保險,2022-11-30,2022,06963_30-11-2022_陽光保險_全球發售.pdf,/nfs/users/wuqianqian/IPOI/dataset/2022/06963_30-11-2022_陽光保險_全球發售.pdf,2022,True,False,,,False,False,True,2022-12-09,5.83,5.83,0.0,False,4.24,-0.2727272727272727,5.09,-0.12692967409948547,4.4,-0.2452830188679245,暴跌,,未知,True,False,858,8.29,True,161,False,,超长篇(≥500页),陽光保險,dataset/2022/06963_30-11-2022_陽光保險_全球發售.pdf
07801,7801.HK,strip_zero,INTERRA ACQ-Z,INTERRA ACQ-Z,2022-09-09,2022,07801_09-09-2022_INTERRA ACQ-Z_發售A類股份及上市認股權證.pdf,/nfs/users/wuqianqian/IPOI/dataset/2022/07801_09-09-2022_INTERRA ACQ-Z_發售A類股份及上市認股權證.pdf,2022,True,False,,,False,False,True,2022-09-16,9.78,10.0,0.02249488752556244,False,10.0,0.02249488752556244,10.0,0.02249488752556244,10.0,0.02249488752556244,平稳,公司为一家新注册成立的特殊目的收购公司，于二零二二年一月十一日注册成立为开曼群岛获豁免有限公司，旨在进行特殊目的收购公司的并购交易。,其他,True,False,277,2.27,True,1089,False,,中篇(100-299页),INTERRA ACQ-Z,dataset/2022/07801_09-09-2022_INTERRA ACQ-Z_發售A類股份及上市認股權證.pdf
07841,7841.HK,,匯德收購－Ｚ,匯德收購－Ｚ,2022-08-09,2022,07841_09-08-2022_匯德收購－Ｚ_透過特殊目的收購公司發售於香港聯合交易所有限公司主板上市.pdf,/nfs/users/wuqianqian/IPOI/dataset/2022/07841_09-08-2022_匯德收購－Ｚ_透過特殊目的收購公司發售於香港聯合交易所有限公司主板上市.pdf,2022,True,False,,,False,False,False,,,,,,,,,,,,无行情,,未知,True,False,355,2.62,True,1151,False,,长篇(300-499页),匯德收購－Ｚ,dataset/2022/07841_09-08-2022_匯德收購－Ｚ_透過特殊目的收購公司發售於香港聯合交易所有限公司主板上市.pdf
09638,9638.HK,strip_zero,法拉帝,法拉帝,2022-03-22,2022,09638_22-03-2022_法拉帝_全球發售.pdf,/nfs/users/wuqianqian/IPOI/dataset/2022/09638_22-03-2022_法拉帝_全球發售.pdf,2022,True,False,,,False,False,True,2022-03-31,23.05,22.85,-0.008676789587852464,True,22.85,-0.008676789587852464,25.0,0.08459869848156179,19.9,-0.1366594360086769,平稳,"公司是全球豪华游艇行业的公认领导者,拥有一组历史悠久的标志性品牌以及卓越的高端制造能力.",工业/制造,True,False,708,14.77,True,92,False,,超长篇(≥500页),法拉帝,dataset/2022/09638_22-03-2022_法拉帝_全球發售.pdf
09696,9696.HK,strip_zero,天齊鋰業,天齊鋰業,2022-06-30,2022,09696_30-06-2022_天齊鋰業_全球發售.pdf,/nfs/users/wuqianqian/IPOI/dataset/2022/09696_30-06-2022_天齊鋰業_全球發售.pdf,2022,True,False,,,False,False,True,2022-07-13,74.5,82.0,0.10067114093959732,False,78.85,0.058389261744966364,85.8,0.15167785234899325,68.65,-0.07852348993288583,平稳,,未知,True,False,852,63.44,True,145,False,,超长篇(≥500页),天齊鋰業,dataset/2022/09696_30-06-2022_天齊鋰業_全球發售.pdf
09857,9857.HK,strip_zero,檸萌影視,檸萌影視,2022-07-29,2022,09857_29-07-2022_檸萌影視_全球發售.pdf,/nfs/users/wuqianqian/IPOI/dataset/2022/09857_29-07-2022_檸萌影視_全球發售.pdf,2022,True,False,,,False,False,True,2022-08-10,27.75,27.0,-0.027027027027027032,True,27.75,0.0,24.55,-0.11531531531531528,24.6,-0.11351351351351345,平稳,,未知,True,False,718,5.99,True,92,False,,超长篇(≥500页),檸萌影視,dataset/2022/09857_29-07-2022_檸萌影視_全球發售.pdf
09863,9863.HK,strip_zero,零跑汽車,零跑汽車,2022-09-20,2022,09863_20-09-2022_零跑汽車_全球發售.pdf,/nfs/users/wuqianqian/IPOI/dataset/2022/09863_20-09-2022_零跑汽車_全球發售.pdf,2022,True,False,,,False,False,True,2022-09-29,41.0,31.9,-0.22195121951219515,True,24.8,-0.39512195121951216,18.38,-0.5517073170731708,27.55,-0.32804878048780484,暴跌,,未知,True,False,740,6.36,False,0,True,,超长篇(≥500页),零跑汽車,dataset/2022/09863_20-09-2022_零跑汽車_全球發售.pdf
09877,9877.HK,strip_zero,健世科技－Ｂ,健世科技－Ｂ,2022-09-23,2022,09877_23-09-2022_健世科技－Ｂ_全球發售.pdf,/nfs/users/wuqianqian/IPOI/dataset/2022/09877_23-09-2022_健世科技－Ｂ_全球發售.pdf,2022,True,False,,,False,True,True,2022-10-10,28.0,28.25,0.008928571428571428,False,27.95,-0.001785714285714311,31.0,0.10714285714285714,40.0,0.42857142857142855,平稳,,未知,True,False,563,8.31,True,169,False,,超长篇(≥500页),健世科技－Ｂ,dataset/2022/09877_23-09-2022_健世科技－Ｂ_全球發售.pdf
09878,9878.HK,strip_zero,匯通達網絡,匯通達網絡,2022-01-31,2022,09878_31-01-2022_匯通達網絡_全球發售.pdf,/nfs/users/wuqianqian/IPOI/dataset/2022/09878_31-01-2022_匯通達網絡_全球發售.pdf,2022,True,True,0.388,主板,True,False,True,2022-02-18,43.55,45.1,0.03559127439724465,False,43.0,-0.01262916188289316,40.7,-0.06544202066590114,45.4,0.04247990815154999,平稳,,未知,True,False,693,7.67,True,154,False,,超长篇(≥500页),匯通達網絡,dataset/2022/09878_31-01-2022_匯通達網絡_全球發售.pdf
09886,9886.HK,strip_zero,叮噹健康,叮噹健康,2022-09-01,2022,09886_01-09-2022_叮噹健康_全球發售.pdf,/nfs/users/wuqianqian/IPOI/dataset/2022/09886_01-09-2022_叮噹健康_全球發售.pdf,2022,True,False,,,False,False,True,2022-09-14,12.34,12.0,-0.027552674230145856,True,12.04,-0.02431118314424641,11.78,-0.045380875202593235,12.58,0.0194489465153971,平稳,,未知,True,False,619,9.25,True,140,False,,超长篇(≥500页),叮噹健康,dataset/2022/09886_01-09-2022_叮噹健康_全球發售.pdf
09896,9896.HK,strip_zero,名創優品,名創優品,2022-06-30,2022,09896_30-06-2022_名創優品_全球發售.pdf,/nfs/users/wuqianqian/IPOI/dataset/2022/09896_30-06-2022_名創優品_全球發售.pdf,2022,True,False,,,False,False,True,2022-07-13,13.2,13.38,0.01363636363636375,False,14.32,0.08484848484848492,12.0,-0.09090909090909086,11.4,-0.1363636363636363,平稳,,未知,True,False,675,33.89,True,122,False,,超长篇(≥500页),名創優品,dataset/2022/09896_30-06-2022_名創優品_全球發售.pdf
09955,9955.HK,strip_zero,智雲健康,智雲健康,2022-06-23,2022,09955_23-06-2022_智雲健康_全球發售.pdf,/nfs/users/wuqianqian/IPOI/dataset/2022/09955_23-06-2022_智雲健康_全球發售.pdf,2022,True,False,,,False,False,True,2022-07-06,30.5,28.2,-0.07540983606557379,True,27.5,-0.09836065573770493,20.4,-0.3311475409836066,14.8,-0.5147540983606557,破发/走弱,,未知,True,False,711,56.72,True,136,False,,超长篇(≥500页),智雲健康,dataset/2022/09955_23-06-2022_智雲健康_全球發售.pdf
09985,9985.HK,strip_zero,衛龍,衛龍,2022-12-05,2022,09985_05-12-2022_衛龍_全球發售.pdf,/nfs/users/wuqianqian/IPOI/dataset/2022/09985_05-12-2022_衛龍_全球發售.pdf,2022,True,True,0.256,主板,True,False,True,2022-12-15,10.2,10.02,-0.017647058823529384,True,9.28,-0.09019607843137256,10.16,-0.003921568627450897,11.4,0.11764705882352952,破发/走弱,,未知,True,False,523,14.47,True,84,False,,超长篇(≥500页),衛龍,dataset/2022/09985_05-12-2022_衛龍_全球發售.pdf
00666,0666.HK,pad4,瑞浦蘭鈞,瑞浦蘭鈞,2023-12-08,2023,00666_08-12-2023_瑞浦蘭鈞_全球發售.pdf,/nfs/users/wuqianqian/IPOI/dataset/2023/00666_08-12-2023_瑞浦蘭鈞_全球發售.pdf,2023,True,False,,,False,False,True,2023-12-18,18.6,18.78,0.009677419354838694,False,18.44,-0.008602150537634416,18.86,0.013978494623655805,14.56,-0.21720430107526886,平稳,,未知,True,False,759,10.27,True,140,False,,超长篇(≥500页),瑞浦蘭鈞,dataset/2023/00666_08-12-2023_瑞浦蘭鈞_全球發售.pdf
01111,1111.HK,strip_zero,華視集團控股,華視集團控股,2023-10-31,2023,01111_31-10-2023_華視集團控股_全球發售.pdf,/nfs/users/wuqianqian/IPOI/dataset/2023/01111_31-10-2023_華視集團控股_全球發售.pdf,2023,True,False,,,False,False,True,2023-11-10,1.65,1.62,-0.018181818181818063,True,1.92,0.16363636363636366,2.06,0.24848484848484856,0.425,-0.7424242424242424,平稳,,未知,True,False,642,6.75,True,177,False,,超长篇(≥500页),華視集團控股,dataset/2023/01111_31-10-2023_華視集團控股_全球發售.pdf
01274,1274.HK,strip_zero,知行汽車科技,知行汽車科技,2023-12-12,2023,01274_12-12-2023_知行汽車科技_全球發售.pdf,/nfs/users/wuqianqian/IPOI/dataset/2023/01274_12-12-2023_知行汽車科技_全球發售.pdf,2023,True,False,,,False,False,True,2023-12-20,29.55,25.85,-0.1252115059221658,True,33.7,0.14043993231810498,40.45,0.3688663282571913,73.35,1.4822335025380708,平稳,,未知,True,False,676,9.34,True,138,False,,超长篇(≥500页),知行汽車科技,dataset/2023/01274_12-12-2023_知行汽車科技_全球發售.pdf
01284,1284.HK,strip_zero,新傳企劃,新傳企劃,2023-06-30,2023,01284_30-06-2023_新傳企劃_股份發售.pdf,/nfs/users/wuqianqian/IPOI/dataset/2023/01284_30-06-2023_新傳企劃_股份發售.pdf,2023,True,False,,,False,False,True,2023-07-18,0.88,0.93,0.05681818181818187,False,0.93,0.05681818181818187,0.53,-0.3977272727272727,0.405,-0.5397727272727273,平稳,,未知,True,False,480,6.65,True,114,False,,长篇(300-499页),新傳企劃,dataset/2023/01284_30-06-2023_新傳企劃_股份發售.pdf
01405,1405.HK,strip_zero,達勢股份,達勢股份,2023-03-16,2023,01405_16-03-2023_達勢股份_全球發售.pdf,/nfs/users/wuqianqian/IPOI/dataset/2023/01405_16-03-2023_達勢股份_全球發售.pdf,2023,True,False,,,False,False,True,2023-03-28,46.0,45.95,-0.0010869565217390686,True,56.5,0.2282608695652173,50.45,0.09673913043478267,51.15,0.1119565217391304,平稳,,未知,True,False,608,32.3,True,108,False,,超长篇(≥500页),達勢股份,dataset/2023/01405_16-03-2023_達勢股份_全球發售.pdf
01497,1497.HK,strip_zero,燕之屋,燕之屋,2023-11-30,2023,01497_30-11-2023_燕之屋_全球發售.pdf,/nfs/users/wuqianqian/IPOI/dataset/2023/01497_30-11-2023_燕之屋_全球發售.pdf,2023,True,False,,,False,False,True,2023-12-12,10.5,9.7,-0.07619047619047625,True,9.2,-0.12380952380952387,9.69,-0.0771428571428572,9.98,-0.04952380952380949,破发/走弱,"公司是全球燕窝(「燕窝」)产品市场的领先品牌,致力于研发,生产和销售优质的现代燕窝产品.",其他,True,False,484,19.66,True,161,False,,长篇(300-499页),燕之屋,dataset/2023/01497_30-11-2023_燕之屋_全球發售.pdf
01519,1519.HK,strip_zero,極兔速遞－Ｗ,極兔速遞－Ｗ,2023-10-16,2023,01519_16-10-2023_極兔速遞－Ｗ_全球發售.pdf,/nfs/users/wuqianqian/IPOI/dataset/2023/01519_16-10-2023_極兔速遞－Ｗ_全球發售.pdf,2023,True,False,,,False,False,True,2023-10-27,12.0,12.0,0.0,False,12.4,0.03333333333333336,12.06,0.005000000000000043,15.94,0.3283333333333333,平稳,,未知,True,False,732,11.51,True,204,False,,超长篇(≥500页),極兔速遞－Ｗ,dataset/2023/01519_16-10-2023_極兔速遞－Ｗ_全球發售.pdf
01541,1541.HK,strip_zero,宜明昂科－Ｂ,宜明昂科－Ｂ,2023-08-24,2023,01541_24-08-2023_宜明昂科－Ｂ_全球發售.pdf,/nfs/users/wuqianqian/IPOI/dataset/2023/01541_24-08-2023_宜明昂科－Ｂ_全球發售.pdf,2023,True,False,,,False,True,True,2023-09-05,21.2,19.52,-0.0792452830188679,True,25.0,0.17924528301886794,24.95,0.1768867924528302,30.15,0.4221698113207547,平稳,,未知,True,False,570,11.59,True,156,False,,超长篇(≥500页),宜明昂科－Ｂ,dataset/2023/01541_24-08-2023_宜明昂科－Ｂ_全球發售.pdf
01973,1973.HK,strip_zero,天圖投資,天圖投資,2023-09-25,2023,01973_25-09-2023_天圖投資_全球發售.pdf,/nfs/users/wuqianqian/IPOI/dataset/2023/01973_25-09-2023_天圖投資_全球發售.pdf,2023,True,False,,,False,False,True,2023-10-06,5.39,4.88,-0.09461966604823743,True,4.0,-0.2578849721706864,5.28,-0.020408163265306017,5.05,-0.06307977736549163,暴跌,,未知,True,False,820,6.92,True,156,False,,超长篇(≥500页),天圖投資,dataset/2023/01973_25-09-2023_天圖投資_全球發售.pdf
02105,2105.HK,strip_zero,來凱醫藥－Ｂ,來凱醫藥－Ｂ,2023-06-16,2023,02105_16-06-2023_來凱醫藥－Ｂ_全球發售.pdf,/nfs/users/wuqianqian/IPOI/dataset/2023/02105_16-06-2023_來凱醫藥－Ｂ_全球發售.pdf,2023,True,False,,,False,True,True,2023-06-29,12.44,15.0,0.2057877813504824,False,15.18,0.22025723472668807,13.92,0.11897106109324762,12.98,0.043408360128617436,平稳,,未知,True,False,592,8.11,True,116,False,,超长篇(≥500页),來凱醫藥－Ｂ,dataset/2023/02105_16-06-2023_來凱醫藥－Ｂ_全球發售.pdf
02149,2149.HK,strip_zero,貝克微,貝克微,2023-12-18,2023,02149_18-12-2023_貝克微_全球發售.pdf,/nfs/users/wuqianqian/IPOI/dataset/2023/02149_18-12-2023_貝克微_全球發售.pdf,2023,True,True,0.44,主板,True,False,True,2023-12-28,25.05,22.7,-0.09381237524950103,True,25.1,0.001996007984031965,20.3,-0.18962075848303392,23.35,-0.0678642714570858,平稳,,未知,True,False,551,7.27,True,157,False,,超长篇(≥500页),貝克微,dataset/2023/02149_18-12-2023_貝克微_全球發售.pdf
02268,2268.HK,strip_zero,藥明合聯,藥明合聯,2023-11-07,2023,02268_07-11-2023_藥明合聯_全球發售.pdf,/nfs/users/wuqianqian/IPOI/dataset/2023/02268_07-11-2023_藥明合聯_全球發售.pdf,2023,True,False,,,False,False,True,2023-11-17,26.95,28.0,0.03896103896103899,False,29.0,0.07606679035250467,30.3,0.12430426716141008,14.52,-0.4612244897959184,平稳,,未知,True,False,598,7.26,True,146,False,,超长篇(≥500页),藥明合聯,dataset/2023/02268_07-11-2023_藥明合聯_全球發售.pdf
02271,2271.HK,strip_zero,眾安智慧生活,眾安智慧生活,2023-06-30,2023,02271_30-06-2023_眾安智慧生活_全球發售.pdf,/nfs/users/wuqianqian/IPOI/dataset/2023/02271_30-06-2023_眾安智慧生活_全球發售.pdf,2023,True,False,,,False,False,True,2023-07-18,1.22,1.21,-0.008196721311475417,True,1.06,-0.13114754098360648,0.86,-0.29508196721311475,0.68,-0.4426229508196721,破发/走弱,,未知,True,False,654,3.89,True,147,False,,超长篇(≥500页),眾安智慧生活,dataset/2023/02271_30-06-2023_眾安智慧生活_全球發售.pdf
02405,2405.HK,strip_zero,力盟科技,力盟科技,2023-03-21,2023,02405_21-03-2023_力盟科技_全球發售.pdf,/nfs/users/wuqianqian/IPOI/dataset/2023/02405_21-03-2023_力盟科技_全球發售.pdf,2023,True,False,,,False,False,True,2023-03-31,0.76,0.84,0.1052631578947368,False,1.05,0.3815789473684211,1.62,1.1315789473684212,3.47,3.5657894736842106,暴涨,"公司是中国著名的跨境数字营销服务提供商,在服务跨境电子商务行业方面处于领先地位.",其他,True,False,552,3.98,True,147,False,,超长篇(≥500页),力盟科技,dataset/2023/02405_21-03-2023_力盟科技_全球發售.pdf
02409,2409.HK,strip_zero,洲際船務,洲際船務,2023-03-14,2023,02409_14-03-2023_洲際船務_全球發售.pdf,/nfs/users/wuqianqian/IPOI/dataset/2023/02409_14-03-2023_洲際船務_全球發售.pdf,2023,True,False,,,False,False,True,2023-03-29,3.28,2.58,-0.2134146341463414,True,3.02,-0.07926829268292677,2.94,-0.10365853658536582,3.09,-0.05792682926829267,破发/走弱,,未知,True,False,746,8.39,True,189,False,,超长篇(≥500页),洲際船務,dataset/2023/02409_14-03-2023_洲際船務_全球發售.pdf
02415,2415.HK,strip_zero,梅斯健康,梅斯健康,2023-04-17,2023,02415_17-04-2023_梅斯健康_全球發售.pdf,/nfs/users/wuqianqian/IPOI/dataset/2023/02415_17-04-2023_梅斯健康_全球發售.pdf,2023,True,False,,,False,False,True,2023-04-27,8.85,9.2,0.03954802259887002,False,8.6,-0.02824858757062147,8.94,0.010169491525423712,8.96,0.012429378531073584,平稳,公司运营中国在线专业医师平台.,其他,True,False,690,13.24,True,146,False,,超长篇(≥500页),梅斯健康,dataset/2023/02415_17-04-2023_梅斯健康_全球發售.pdf
02416,2416.HK,strip_zero,易點雲,易點雲,2023-05-15,2023,02416_15-05-2023_易點雲_全球發售.pdf,/nfs/users/wuqianqian/IPOI/dataset/2023/02416_15-05-2023_易點雲_全球發售.pdf,2023,True,False,,,False,False,True,2023-05-25,9.46,9.88,0.04439746300211416,False,11.0,0.1627906976744185,11.02,0.16490486257928105,6.98,-0.26215644820295986,平稳,,未知,True,False,549,6.59,False,24,True,,超长篇(≥500页),易點雲,dataset/2023/02416_15-05-2023_易點雲_全球發售.pdf
02419,2419.HK,strip_zero,德康農牧,德康農牧,2023-11-27,2023,02419_27-11-2023_德康農牧_全球發售.pdf,/nfs/users/wuqianqian/IPOI/dataset/2023/02419_27-11-2023_德康農牧_全球發售.pdf,2023,True,False,,,False,False,True,2023-12-06,36.95,37.5,0.014884979702300329,False,37.75,0.02165087956698233,58.85,0.5926928281461433,49.0,0.3261163734776724,平稳,,未知,True,False,726,10.96,True,138,False,,超长篇(≥500页),德康農牧,dataset/2023/02419_27-11-2023_德康農牧_全球發售.pdf
02429,2429.HK,strip_zero,友寶在線,友寶在線,2023-10-24,2023,02429_24-10-2023_友寶在線_全球發售.pdf,/nfs/users/wuqianqian/IPOI/dataset/2023/02429_24-10-2023_友寶在線_全球發售.pdf,2023,True,False,,,False,False,True,2023-11-03,12.5,14.58,0.1664,False,12.5,0.0,16.12,0.2896000000000001,21.2,0.696,平稳,,未知,True,False,746,11.26,True,182,False,,超长篇(≥500页),友寶在線,dataset/2023/02429_24-10-2023_友寶在線_全球發售.pdf
02433,2433.HK,strip_zero,中天湖南集團,中天湖南集團,2023-03-20,2023,02433_20-03-2023_中天湖南集團_全球發售.pdf,/nfs/users/wuqianqian/IPOI/dataset/2023/02433_20-03-2023_中天湖南集團_全球發售.pdf,2023,True,False,,,False,False,True,2023-03-30,2.92,2.67,-0.08561643835616438,True,2.09,-0.2842465753424658,1.35,-0.5376712328767123,0.52,-0.821917808219178,暴跌,,未知,True,False,785,34.14,True,145,False,,超长篇(≥500页),中天湖南集團,dataset/2023/02433_20-03-2023_中天湖南集團_全球發售.pdf
02439,2439.HK,strip_zero,中寶新材,中寶新材,2023-03-21,2023,02439_21-03-2023_中寶新材_全球發售.pdf,/nfs/users/wuqianqian/IPOI/dataset/2023/02439_21-03-2023_中寶新材_全球發售.pdf,2023,True,False,,,False,False,True,2023-03-31,0.65,0.68,0.04615384615384618,False,0.67,0.030769230769230795,0.63,-0.030769230769230795,0.58,-0.10769230769230778,平稳,,未知,True,False,690,44.89,True,170,False,,超长篇(≥500页),中寶新材,dataset/2023/02439_21-03-2023_中寶新材_全球發售.pdf
02442,2442.HK,strip_zero,怡俊集團控股,怡俊集團控股,2023-04-25,2023,02442_25-04-2023_怡俊集團控股_股份發售.pdf,/nfs/users/wuqianqian/IPOI/dataset/2023/02442_25-04-2023_怡俊集團控股_股份發售.pdf,2023,True,False,,,False,False,True,2023-05-09,0.87,0.98,0.1264367816091954,False,1.54,0.7701149425287357,1.61,0.8505747126436782,1.07,0.22988505747126445,暴涨,,未知,True,False,537,4.48,True,122,False,,超长篇(≥500页),怡俊集團控股,dataset/2023/02442_25-04-2023_怡俊集團控股_股份發售.pdf
02451,2451.HK,strip_zero,綠源集團控股,綠源集團控股,2023-09-28,2023,02451_28-09-2023_綠源集團控股_全球發售.pdf,/nfs/users/wuqianqian/IPOI/dataset/2023/02451_28-09-2023_綠源集團控股_全球發售.pdf,2023,True,False,,,False,False,True,2023-10-12,7.34,7.44,0.01362397820163495,False,7.25,-0.012261580381471371,7.3,-0.005449591280653956,7.19,-0.020435967302452243,平稳,,未知,True,False,685,8.13,True,147,False,,超长篇(≥500页),綠源集團控股,dataset/2023/02451_28-09-2023_綠源集團控股_全球發售.pdf
02453,2453.HK,strip_zero,美中嘉和,美中嘉和,2023-12-29,2023,02453_29-12-2023_美中嘉和_全球發售.pdf,/nfs/users/wuqianqian/IPOI/dataset/2023/02453_29-12-2023_美中嘉和_全球發售.pdf,2023,True,False,,,False,False,True,2024-01-09,9.8,11.08,0.1306122448979591,False,13.96,0.4244897959183673,12.5,0.27551020408163257,23.05,1.3520408163265305,暴涨,公司主要从事肿瘤医疗服务，为癌症患者及第三方医疗机构提供全方位的诊疗解决方案和相关服务。,生物科技/医药,True,False,528,11.75,True,186,False,,超长篇(≥500页),美中嘉和,dataset/2023/02453_29-12-2023_美中嘉和_全球發售.pdf
02473,2473.HK,strip_zero,喜相逢集團,喜相逢集團,2023-10-30,2023,02473_30-10-2023_喜相逢集團_全球發售.pdf,/nfs/users/wuqianqian/IPOI/dataset/2023/02473_30-10-2023_喜相逢集團_全球發售.pdf,2023,True,False,,,False,False,True,2023-11-09,2.18,1.64,-0.2477064220183487,True,1.61,-0.2614678899082569,2.52,0.1559633027522935,2.96,0.3577981651376146,暴跌,,未知,True,False,682,9.04,True,79,False,,超长篇(≥500页),喜相逢集團,dataset/2023/02473_30-10-2023_喜相逢集團_全球發售.pdf
02477,2477.HK,strip_zero,經緯天地,經緯天地,2023-12-28,2023,02477_28-12-2023_經緯天地_股份發售.pdf,/nfs/users/wuqianqian/IPOI/dataset/2023/02477_28-12-2023_經緯天地_股份發售.pdf,2023,True,False,,,False,False,True,2024-01-12,1.77,2.64,0.4915254237288136,False,3.5,0.9774011299435028,3.31,0.8700564971751412,3.63,1.0508474576271185,暴涨,,未知,True,False,598,5.72,True,124,False,,超长篇(≥500页),經緯天地,dataset/2023/02477_28-12-2023_經緯天地_股份發售.pdf
02480,2480.HK,strip_zero,綠竹生物－Ｂ,綠竹生物－Ｂ,2023-04-25,2023,02480_25-04-2023_綠竹生物－Ｂ_全球發售.pdf,/nfs/users/wuqianqian/IPOI/dataset/2023/02480_25-04-2023_綠竹生物－Ｂ_全球發售.pdf,2023,True,False,,,False,True,True,2023-05-08,31.5,22.0,-0.3015873015873016,True,22.65,-0.28095238095238106,35.5,0.12698412698412698,32.3,0.02539682539682531,暴跌,,未知,True,False,614,8.18,True,128,False,,超长篇(≥500页),綠竹生物－Ｂ,dataset/2023/02480_25-04-2023_綠竹生物－Ｂ_全球發售.pdf
02481,2481.HK,strip_zero,慧居科技,慧居科技,2023-06-28,2023,02481_28-06-2023_慧居科技_全球發售.pdf,/nfs/users/wuqianqian/IPOI/dataset/2023/02481_28-06-2023_慧居科技_全球發售.pdf,2023,True,False,,,False,False,True,2023-07-10,3.6,3.6,0.0,False,2.89,-0.19722222222222224,2.85,-0.2083333333333333,2.67,-0.25833333333333336,破发/走弱,,未知,True,False,824,6.46,True,131,False,,超长篇(≥500页),慧居科技,dataset/2023/02481_28-06-2023_慧居科技_全球發售.pdf
02482,2482.HK,strip_zero,維天運通,維天運通,2023-02-27,2023,02482_27-02-2023_維天運通_全球發售.pdf,/nfs/users/wuqianqian/IPOI/dataset/2023/02482_27-02-2023_維天運通_全球發售.pdf,2023,True,False,,,False,False,True,2023-03-09,2.81,2.84,0.010676156583629824,False,2.86,0.017793594306049758,2.79,-0.0071174377224199345,2.7,-0.039145907473309566,平稳,,未知,True,False,709,9.95,True,121,False,,超长篇(≥500页),維天運通,dataset/2023/02482_27-02-2023_維天運通_全球發售.pdf
02483,2483.HK,strip_zero,Ｋ ＣＡＳＨ集團,Ｋ ＣＡＳＨ集團,2023-11-27,2023,02483_27-11-2023_Ｋ ＣＡＳＨ集團_全球發售.pdf,/nfs/users/wuqianqian/IPOI/dataset/2023/02483_27-11-2023_Ｋ ＣＡＳＨ集團_全球發售.pdf,2023,True,False,,,False,False,True,2023-12-05,1.61,1.79,0.1118012422360248,False,1.71,0.06211180124223594,1.8,0.1180124223602484,1.7,0.05590062111801234,平稳,,未知,True,False,465,7.1,True,113,False,,长篇(300-499页),Ｋ ＣＡＳＨ集團,dataset/2023/02483_27-11-2023_Ｋ ＣＡＳＨ集團_全球發售.pdf
02486,2486.HK,strip_zero,普樂師集團控股,普樂師集團控股,2023-04-28,2023,02486_28-04-2023_普樂師集團控股_全球發售.pdf,/nfs/users/wuqianqian/IPOI/dataset/2023/02486_28-04-2023_普樂師集團控股_全球發售.pdf,2023,True,False,,,False,False,True,2023-05-11,10.4,7.99,-0.23173076923076924,True,7.5,-0.27884615384615385,5.85,-0.4375000000000001,5.34,-0.4865384615384616,暴跌,,未知,True,False,611,9.74,True,158,False,,超长篇(≥500页),普樂師集團控股,dataset/2023/02486_28-04-2023_普樂師集團控股_全球發售.pdf
02487,2487.HK,strip_zero,科笛－Ｂ,科笛－Ｂ,2023-05-31,2023,02487_31-05-2023_科笛－Ｂ_全球發售.pdf,/nfs/users/wuqianqian/IPOI/dataset/2023/02487_31-05-2023_科笛－Ｂ_全球發售.pdf,2023,True,False,,,False,True,True,2023-06-12,21.8,21.95,0.006880733944954063,False,30.3,0.3899082568807339,22.45,0.029816513761467826,20.8,-0.04587155963302752,暴涨,,未知,True,False,643,32.8,True,169,False,,超长篇(≥500页),科笛－Ｂ,dataset/2023/02487_31-05-2023_科笛－Ｂ_全球發售.pdf
02489,2489.HK,strip_zero,集海資源,集海資源,2023-12-14,2023,02489_14-12-2023_集海資源_全球發售.pdf,/nfs/users/wuqianqian/IPOI/dataset/2023/02489_14-12-2023_集海資源_全球發售.pdf,2023,True,False,,,False,False,True,2023-12-22,0.51,0.56,0.0980392156862746,False,0.55,0.07843137254901968,0.56,0.0980392156862746,0.61,0.19607843137254896,平稳,,未知,True,False,866,35.24,True,109,False,,超长篇(≥500页),集海資源,dataset/2023/02489_14-12-2023_集海資源_全球發售.pdf
02490,2490.HK,strip_zero,樂艙物流,樂艙物流,2023-09-13,2023,02490_13-09-2023_樂艙物流_全球發售.pdf,/nfs/users/wuqianqian/IPOI/dataset/2023/02490_13-09-2023_樂艙物流_全球發售.pdf,2023,True,False,,,False,False,True,2023-09-25,5.13,5.1,-0.005847953216374317,True,5.32,0.03703703703703711,4.96,-0.033138401559454175,5.5,0.07212475633528267,平稳,,未知,True,False,643,11.85,True,114,False,,超长篇(≥500页),樂艙物流,dataset/2023/02490_13-09-2023_樂艙物流_全球發售.pdf
02496,2496.HK,strip_zero,友芝友生物－Ｂ,友芝友生物－Ｂ,2023-09-13,2023,02496_13-09-2023_友芝友生物－Ｂ_全球發售.pdf,/nfs/users/wuqianqian/IPOI/dataset/2023/02496_13-09-2023_友芝友生物－Ｂ_全球發售.pdf,2023,True,False,,,False,True,True,2023-09-25,16.4,16.0,-0.024390243902438945,True,15.0,-0.08536585365853651,8.94,-0.4548780487804878,8.77,-0.4652439024390244,破发/走弱,,未知,True,False,802,20.27,False,0,True,,超长篇(≥500页),友芝友生物－Ｂ,dataset/2023/02496_13-09-2023_友芝友生物－Ｂ_全球發售.pdf
02498,2498.HK,strip_zero,速騰聚創,速騰聚創,2023-12-27,2023,02498_27-12-2023_速騰聚創_全球發售.pdf,/nfs/users/wuqianqian/IPOI/dataset/2023/02498_27-12-2023_速騰聚創_全球發售.pdf,2023,True,False,,,False,False,True,2024-01-05,43.0,43.0,0.0,False,43.0,0.0,40.7,-0.05348837209302319,42.65,-0.008139534883720963,平稳,,未知,True,False,575,8.79,True,166,False,,超长篇(≥500页),速騰聚創,dataset/2023/02498_27-12-2023_速騰聚創_全球發售.pdf
02499,2499.HK,strip_zero,佛朗斯股份,佛朗斯股份,2023-10-31,2023,02499_31-10-2023_佛朗斯股份_全球發售.pdf,/nfs/users/wuqianqian/IPOI/dataset/2023/02499_31-10-2023_佛朗斯股份_全球發售.pdf,2023,True,False,,,False,False,True,2023-11-10,15.48,14.76,-0.046511627906976785,True,14.82,-0.04263565891472869,14.46,-0.06589147286821702,14.24,-0.08010335917312662,平稳,通用机械设备销售;技术进出口;专用设备修理;商品信息咨询服务;机械设备租赁;仓储咨询服务;通用机械设备零售;机械配件批发;机械配件零售;货物进出口(专营专控商品除外);通用设备修理;供应链管理.,TMT/互联网,True,False,589,6.89,True,129,False,,超长篇(≥500页),佛朗斯股份,dataset/2023/02499_31-10-2023_佛朗斯股份_全球發售.pdf
02501,2501.HK,strip_zero,邁越科技,邁越科技,2023-09-28,2023,02501_28-09-2023_邁越科技_全球發售.pdf,/nfs/users/wuqianqian/IPOI/dataset/2023/02501_28-09-2023_邁越科技_全球發售.pdf,2023,True,False,,,False,False,True,2023-10-11,1.23,1.63,0.32520325203252026,False,1.35,0.09756097560975616,1.3,0.05691056910569111,1.2,-0.024390243902439046,平稳,,未知,True,False,662,36.77,False,0,True,,超长篇(≥500页),邁越科技,dataset/2023/02501_28-09-2023_邁越科技_全球發售.pdf
02502,2502.HK,strip_zero,金源氫化,金源氫化,2023-12-12,2023,02502_12-12-2023_金源氫化_全球發售.pdf,/nfs/users/wuqianqian/IPOI/dataset/2023/02502_12-12-2023_金源氫化_全球發售.pdf,2023,True,False,,,False,False,True,2023-12-20,1.06,0.87,-0.17924528301886794,True,0.95,-0.10377358490566048,0.89,-0.16037735849056606,0.79,-0.2547169811320755,破发/走弱,,未知,True,False,661,9.06,True,197,False,,超长篇(≥500页),金源氫化,dataset/2023/02502_12-12-2023_金源氫化_全球發售.pdf
02503,2503.HK,strip_zero,中深建業,中深建業,2023-12-28,2023,02503_28-12-2023_中深建業_股份發售.pdf,/nfs/users/wuqianqian/IPOI/dataset/2023/02503_28-12-2023_中深建業_股份發售.pdf,2023,True,False,,,False,False,True,2024-01-09,0.81,0.72,-0.1111111111111112,True,1.05,0.2962962962962963,1.41,0.7407407407407405,0.77,-0.04938271604938276,平稳,,未知,True,False,522,3.8,True,119,False,,超长篇(≥500页),中深建業,dataset/2023/02503_28-12-2023_中深建業_股份發售.pdf
02511,2511.HK,strip_zero,君聖泰醫藥－Ｂ,君聖泰醫藥－Ｂ,2023-12-14,2023,02511_14-12-2023_君聖泰醫藥－Ｂ_全球發售.pdf,/nfs/users/wuqianqian/IPOI/dataset/2023/02511_14-12-2023_君聖泰醫藥－Ｂ_全球發售.pdf,2023,True,False,,,False,True,True,2023-12-22,11.92,12.38,0.038590604026845714,False,11.72,-0.016778523489932827,12.2,0.023489932885905986,6.06,-0.4916107382550336,平稳,,未知,True,False,636,9.12,True,91,False,,超长篇(≥500页),君聖泰醫藥－Ｂ,dataset/2023/02511_14-12-2023_君聖泰醫藥－Ｂ_全球發售.pdf
02516,2516.HK,strip_zero,泛遠國際,泛遠國際,2023-12-12,2023,02516_12-12-2023_泛遠國際_股份發售.pdf,/nfs/users/wuqianqian/IPOI/dataset/2023/02516_12-12-2023_泛遠國際_股份發售.pdf,2023,True,False,,,False,False,True,2023-12-22,1.3,1.0,-0.2307692307692308,True,0.96,-0.2615384615384616,0.84,-0.3538461538461539,0.58,-0.5538461538461539,暴跌,,未知,True,False,646,22.58,False,0,True,,超长篇(≥500页),泛遠國際,dataset/2023/02516_12-12-2023_泛遠國際_股份發售.pdf
02517,2517.HK,strip_zero,鍋圈,鍋圈,2023-10-20,2023,02517_20-10-2023_鍋圈_全球發售.pdf,/nfs/users/wuqianqian/IPOI/dataset/2023/02517_20-10-2023_鍋圈_全球發售.pdf,2023,True,False,,,False,False,True,2023-11-02,5.98,5.98,0.0,False,6.37,0.06521739130434777,7.0,0.1705685618729096,9.76,0.6321070234113709,平稳,,未知,True,False,567,16.34,True,162,False,,超长篇(≥500页),鍋圈,dataset/2023/02517_20-10-2023_鍋圈_全球發售.pdf
02520,2520.HK,strip_zero,山西安裝,山西安裝,2023-11-10,2023,02520_10-11-2023_山西安裝_全球發售.pdf,/nfs/users/wuqianqian/IPOI/dataset/2023/02520_10-11-2023_山西安裝_全球發售.pdf,2023,True,False,,,False,False,True,2023-11-22,2.18,2.18,0.0,False,2.06,-0.05504587155963307,1.69,-0.22477064220183493,2.2,0.009174311926605512,破发/走弱,,未知,True,False,908,6.97,True,99,False,,超长篇(≥500页),山西安裝,dataset/2023/02520_10-11-2023_山西安裝_全球發售.pdf
02521,2521.HK,strip_zero,升輝清潔,升輝清潔,2023-11-27,2023,02521_27-11-2023_升輝清潔_股份發售.pdf,/nfs/users/wuqianqian/IPOI/dataset/2023/02521_27-11-2023_升輝清潔_股份發售.pdf,2023,True,False,,,False,False,True,2023-12-05,0.3,0.33,0.10000000000000007,False,0.37,0.2333333333333333,0.385,0.28333333333333344,0.275,-0.08333333333333323,平稳,,未知,True,False,568,7.53,True,152,False,,超长篇(≥500页),升輝清潔,dataset/2023/02521_27-11-2023_升輝清潔_股份發售.pdf
03650,3650.HK,strip_zero,KEEP,KEEP,2023-06-30,2023,03650_30-06-2023_KEEP_全球發售.pdf,/nfs/users/wuqianqian/IPOI/dataset/2023/03650_30-06-2023_KEEP_全球發售.pdf,2023,True,False,,,False,False,True,2023-07-12,30.3,29.0,-0.042904290429042924,True,28.85,-0.04785478547854783,29.3,-0.033003300330032986,29.4,-0.029702970297029768,平稳,"公司是一个以创新为基础,快速增长并以交付为导向的平台,为用户提供全面的健身解决方案,以帮助用户实现其健身目标.",其他,True,False,536,41.63,True,87,False,,超长篇(≥500页),KEEP,dataset/2023/03650_30-06-2023_KEEP_全球發售.pdf
06682,6682.HK,strip_zero,第四範式,第四範式,2023-09-18,2023,06682_18-09-2023_第四範式_全球發售.pdf,/nfs/users/wuqianqian/IPOI/dataset/2023/06682_18-09-2023_第四範式_全球發售.pdf,2023,True,False,,,False,False,True,2023-09-28,63.1,58.5,-0.07290015847860541,True,54.0,-0.14421553090332806,51.7,-0.18066561014263072,48.7,-0.2282091917591125,破发/走弱,,未知,True,False,624,9.67,True,192,False,,超长篇(≥500页),第四範式,dataset/2023/06682_18-09-2023_第四範式_全球發售.pdf
06683,6683.HK,strip_zero,巨星傳奇,巨星傳奇,2023-06-30,2023,06683_30-06-2023_巨星傳奇_全球發售.pdf,/nfs/users/wuqianqian/IPOI/dataset/2023/06683_30-06-2023_巨星傳奇_全球發售.pdf,2023,True,False,,,False,False,True,2023-07-13,5.75,5.26,-0.08521739130434787,True,7.1,0.2347826086956521,5.97,0.03826086956521735,9.01,0.5669565217391304,平稳,,未知,True,False,772,10.53,True,80,False,,超长篇(≥500页),巨星傳奇,dataset/2023/06683_30-06-2023_巨星傳奇_全球發售.pdf
06911,6911.HK,strip_zero,瀾滄古茶,瀾滄古茶,2023-12-14,2023,06911_14-12-2023_瀾滄古茶_全球發售.pdf,/nfs/users/wuqianqian/IPOI/dataset/2023/06911_14-12-2023_瀾滄古茶_全球發售.pdf,2023,True,False,,,False,False,True,2023-12-22,10.7,8.7,-0.1869158878504673,True,10.7,0.0,9.38,-0.12336448598130828,10.2,-0.046728971962616835,平稳,,未知,True,False,555,17.26,True,163,False,,超长篇(≥500页),瀾滄古茶,dataset/2023/06911_14-12-2023_瀾滄古茶_全球發售.pdf
06959,6959.HK,strip_zero,長久股份,長久股份,2023-12-29,2023,06959_29-12-2023_長久股份_全球發售.pdf,/nfs/users/wuqianqian/IPOI/dataset/2023/06959_29-12-2023_長久股份_全球發售.pdf,2023,True,False,,,False,False,True,2024-01-09,6.1,6.91,0.13278688524590174,False,7.42,0.21639344262295088,7.65,0.2540983606557378,38.0,5.229508196721312,平稳,,未知,True,False,516,9.37,True,122,False,,超长篇(≥500页),長久股份,dataset/2023/06959_29-12-2023_長久股份_全球發售.pdf
06979,6979.HK,strip_zero,珍酒李渡,珍酒李渡,2023-04-17,2023,06979_17-04-2023_珍酒李渡_全球發售.pdf,/nfs/users/wuqianqian/IPOI/dataset/2023/06979_17-04-2023_珍酒李渡_全球發售.pdf,2023,True,False,,,False,False,True,2023-04-27,9.0,8.88,-0.013333333333333246,True,9.1,0.011111111111111072,6.92,-0.2311111111111112,8.86,-0.01555555555555562,平稳,提供以酱香型为主的高品质白酒产品.,其他,True,False,506,49.4,True,61,False,,超长篇(≥500页),珍酒李渡,dataset/2023/06979_17-04-2023_珍酒李渡_全球發售.pdf
06990,6990.HK,strip_zero,科倫博泰生物－Ｂ,科倫博泰生物－Ｂ,2023-06-29,2023,06990_29-06-2023_科倫博泰生物－Ｂ_全球發售.pdf,/nfs/users/wuqianqian/IPOI/dataset/2023/06990_29-06-2023_科倫博泰生物－Ｂ_全球發售.pdf,2023,True,False,,,False,True,True,2023-07-11,60.6,62.5,0.03135313531353133,False,66.0,0.08910891089108908,70.4,0.1617161716171618,76.0,0.2541254125412541,平稳,,未知,True,False,769,13.74,True,182,False,,超长篇(≥500页),科倫博泰生物－Ｂ,dataset/2023/06990_29-06-2023_科倫博泰生物－Ｂ_全球發售.pdf
09636,9636.HK,strip_zero,九方財富,九方財富,2023-02-28,2023,09636_28-02-2023_九方財富_全球發售.pdf,/nfs/users/wuqianqian/IPOI/dataset/2023/09636_28-02-2023_九方財富_全球發售.pdf,2023,True,False,,,False,False,True,2023-03-10,17.02,17.14,0.007050528789659283,False,16.86,-0.009400705052878974,15.68,-0.07873090481786134,16.8,-0.012925969447708513,平稳,,未知,True,False,632,8.44,False,15,True,,超长篇(≥500页),九方財富,dataset/2023/09636_28-02-2023_九方財富_全球發售.pdf
09663,9663.HK,strip_zero,國鴻氫能,國鴻氫能,2023-11-27,2023,09663_27-11-2023_國鴻氫能_全球發售.pdf,/nfs/users/wuqianqian/IPOI/dataset/2023/09663_27-11-2023_國鴻氫能_全球發售.pdf,2023,True,False,,,False,False,True,2023-12-05,16.5,19.8,0.20000000000000004,False,15.26,-0.07515151515151516,16.86,0.021818181818181785,17.9,0.08484848484848476,破发/走弱,,未知,True,False,770,8.66,True,178,False,,超长篇(≥500页),國鴻氫能,dataset/2023/09663_27-11-2023_國鴻氫能_全球發售.pdf
09669,9669.HK,strip_zero,北森控股,北森控股,2023-03-30,2023,09669_30-03-2023_北森控股_全球發售.pdf,/nfs/users/wuqianqian/IPOI/dataset/2023/09669_30-03-2023_北森控股_全球發售.pdf,2023,True,False,,,False,False,True,2023-04-13,29.6,26.1,-0.11824324324324326,True,14.1,-0.5236486486486487,9.48,-0.6797297297297298,8.6,-0.7094594594594594,暴跌,公司是中国最大的云端人力资源管理(HCM)解决方案提供商。,其他,True,False,585,48.75,True,141,False,,超长篇(≥500页),北森控股,dataset/2023/09669_30-03-2023_北森控股_全球發售.pdf
09676,9676.HK,strip_zero,十月稻田,十月稻田,2023-09-28,2023,09676_28-09-2023_十月稻田_全球發售.pdf,/nfs/users/wuqianqian/IPOI/dataset/2023/09676_28-09-2023_十月稻田_全球發售.pdf,2023,True,False,,,False,False,True,2023-10-12,16.6,18.84,0.13493975903614447,False,24.7,0.4879518072289155,25.1,0.5120481927710843,25.05,0.5090361445783131,暴涨,"公司是中国领先且快速增长的厨房主食食品企业之一,拥有强大的多渠道品牌影响力.",消费/零售,True,False,597,10.44,True,112,False,,超长篇(≥500页),十月稻田,dataset/2023/09676_28-09-2023_十月稻田_全球發售.pdf
09686,9686.HK,strip_zero,東軟熙康,東軟熙康,2023-09-18,2023,09686_18-09-2023_東軟熙康_全球發售.pdf,/nfs/users/wuqianqian/IPOI/dataset/2023/09686_18-09-2023_東軟熙康_全球發售.pdf,2023,True,False,,,False,False,True,2023-09-28,3.69,2.72,-0.2628726287262872,True,2.32,-0.3712737127371274,1.72,-0.5338753387533876,1.35,-0.6341463414634146,暴跌,,未知,True,False,697,7.16,True,150,False,,超长篇(≥500页),東軟熙康,dataset/2023/09686_18-09-2023_東軟熙康_全球發售.pdf
09690,9690.HK,strip_zero,途虎－Ｗ,途虎－Ｗ,2023-09-14,2023,09690_14-09-2023_途虎－Ｗ_全球發售.pdf,/nfs/users/wuqianqian/IPOI/dataset/2023/09690_14-09-2023_途虎－Ｗ_全球發售.pdf,2023,True,False,,,False,False,True,2023-09-26,28.0,29.5,0.05357142857142857,False,28.7,0.02499999999999997,32.7,0.16785714285714295,30.45,0.08749999999999998,平稳,,未知,True,False,768,58.21,True,154,False,,超长篇(≥500页),途虎－Ｗ,dataset/2023/09690_14-09-2023_途虎－Ｗ_全球發售.pdf
09860,9860.HK,strip_zero,艾迪康控股,艾迪康控股,2023-06-19,2023,09860_19-06-2023_艾迪康控股_全球發售.pdf,/nfs/users/wuqianqian/IPOI/dataset/2023/09860_19-06-2023_艾迪康控股_全球發售.pdf,2023,True,False,,,False,False,True,2023-06-30,12.32,13.8,0.12012987012987016,False,12.52,0.016233766233766177,12.7,0.030844155844155764,15.4,0.25,平稳,公司为中国三大独立医学实验室(或ICL)服务提供商之一.,其他,True,False,501,8.52,True,143,False,,超长篇(≥500页),艾迪康控股,dataset/2023/09860_19-06-2023_艾迪康控股_全球發售.pdf
09880,9880.HK,strip_zero,優必選,優必選,2023-12-19,2023,09880_19-12-2023_優必選_全球發售.pdf,/nfs/users/wuqianqian/IPOI/dataset/2023/09880_19-12-2023_優必選_全球發售.pdf,2023,True,False,,,False,False,True,2023-12-29,89.9,90.85,0.010567296996662829,False,88.0,-0.02113459399332598,87.9,-0.022246941045606226,192.4,1.1401557285873192,平稳,,未知,True,False,776,29.76,True,144,False,,超长篇(≥500页),優必選,dataset/2023/09880_19-12-2023_優必選_全球發售.pdf
09885,9885.HK,strip_zero,藥師幫,藥師幫,2023-06-15,2023,09885_15-06-2023_藥師幫_全球發售.pdf,/nfs/users/wuqianqian/IPOI/dataset/2023/09885_15-06-2023_藥師幫_全球發售.pdf,2023,True,False,,,False,False,True,2023-06-28,23.05,21.1,-0.08459869848156179,True,24.5,0.06290672451193055,49.45,1.1453362255965294,53.25,1.3101952277657265,平稳,,未知,True,False,516,47.78,True,113,False,,超长篇(≥500页),藥師幫,dataset/2023/09885_15-06-2023_藥師幫_全球發售.pdf
09890,9890.HK,strip_zero,中旭未來,中旭未來,2023-09-18,2023,09890_18-09-2023_中旭未來_全球發售.pdf,/nfs/users/wuqianqian/IPOI/dataset/2023/09890_18-09-2023_中旭未來_全球發售.pdf,2023,True,False,,,False,False,True,2023-09-28,13.78,14.0,0.015965166908563182,False,13.46,-0.02322206095790991,11.6,-0.15820029027576196,41.9,2.0406386066763424,平稳,,未知,True,False,713,7.77,True,75,False,,超长篇(≥500页),中旭未來,dataset/2023/09890_18-09-2023_中旭未來_全球發售.pdf
09930,9930.HK,strip_zero,宏信建發,宏信建發,2023-05-12,2023,09930_12-05-2023_宏信建發_全球發售.pdf,/nfs/users/wuqianqian/IPOI/dataset/2023/09930_12-05-2023_宏信建發_全球發售.pdf,2023,True,False,,,False,False,True,2023-05-25,3.26,3.21,-0.015337423312883382,True,2.65,-0.1871165644171779,2.5,-0.2331288343558281,2.72,-0.16564417177914098,破发/走弱,,未知,True,False,657,7.56,True,192,False,,超长篇(≥500页),宏信建發,dataset/2023/09930_12-05-2023_宏信建發_全球發售.pdf
00300,0300.HK,pad4,美的集團,美的集團,2024-09-09,2024,00300_09-09-2024_美的集團_全球發售.pdf,/nfs/users/wuqianqian/IPOI/dataset/2024/00300_09-09-2024_美的集團_全球發售.pdf,2024,True,False,,,False,False,True,2024-09-17,59.2,59.1,-0.0016891891891892136,True,70.7,0.19425675675675674,76.3,0.2888513513513513,74.85,0.26435810810810795,平稳,,未知,True,False,741,8.41,True,146,False,,超长篇(≥500页),美的集團,dataset/2024/00300_09-09-2024_美的集團_全球發售.pdf
00325,0325.HK,pad4,布魯可,布魯可,2024-12-31,2024,00325_31-12-2024_布魯可_全球發售.pdf,/nfs/users/wuqianqian/IPOI/dataset/2024/00325_31-12-2024_布魯可_全球發售.pdf,2024,True,True,1.76,主板,True,False,True,2025-01-10,109.6,85.0,-0.2244525547445255,True,90.3,-0.1760948905109489,90.1,-0.1779197080291971,114.9,0.04835766423357675,破发/走弱,,未知,True,False,538,22.39,True,107,False,,超长篇(≥500页),布魯可,dataset/2024/00325_31-12-2024_布魯可_全球發售.pdf
00805,0805.HK,pad4,新吉奧房車,新吉奧房車,2024-12-31,2024,00805_31-12-2024_新吉奧房車_全球發售.pdf,/nfs/users/wuqianqian/IPOI/dataset/2024/00805_31-12-2024_新吉奧房車_全球發售.pdf,2024,True,False,,,False,False,True,2025-01-13,0.98,0.98,0.0,False,1.45,0.4795918367346938,0.92,-0.06122448979591831,1.19,0.21428571428571425,暴涨,,未知,True,False,554,14.24,True,203,False,,超长篇(≥500页),新吉奧房車,dataset/2024/00805_31-12-2024_新吉奧房車_全球發售.pdf
00917,0917.HK,pad4,趣致集團,趣致集團,2024-05-17,2024,00917_17-05-2024_趣致集團_全球發售.pdf,/nfs/users/wuqianqian/IPOI/dataset/2024/00917_17-05-2024_趣致集團_全球發售.pdf,2024,True,False,,,False,False,True,2024-05-27,33.0,35.0,0.060606060606060615,False,39.7,0.20303030303030312,52.35,0.5863636363636364,50.1,0.5181818181818182,平稳,,未知,True,False,634,11.55,True,90,False,,超长篇(≥500页),趣致集團,dataset/2024/00917_17-05-2024_趣致集團_全球發售.pdf
00999,0999.HK,pad4,小菜園,小菜園,2024-12-12,2024,00999_12-12-2024_小菜園_全球發售.pdf,/nfs/users/wuqianqian/IPOI/dataset/2024/00999_12-12-2024_小菜園_全球發售.pdf,2024,True,False,,,False,False,True,2024-12-20,9.0,9.66,0.07333333333333335,False,9.13,0.01444444444444453,9.0,0.0,11.02,0.2244444444444444,平稳,,未知,True,False,475,7.77,True,149,False,,长篇(300-499页),小菜園,dataset/2024/00999_12-12-2024_小菜園_全球發售.pdf
01318,1318.HK,strip_zero,毛戈平,毛戈平,2024-12-02,2024,01318_02-12-2024_毛戈平_全球發售.pdf,/nfs/users/wuqianqian/IPOI/dataset/2024/01318_02-12-2024_毛戈平_全球發售.pdf,2024,True,False,,,False,False,True,2024-12-10,47.65,52.6,0.10388247639034634,False,58.5,0.2277019937040924,60.25,0.2644281217208815,102.6,1.1532004197271772,平稳,"批发,零售:化妆品,化妆用品,美容器械,日用百货,日用化学品,文化用品,塑料制品,箱包,皮革制品与照明器材;服务:化妆品的技术开发,技术咨询,技术服务,化妆形象设计,成年人非证书劳动职业技能培训(涉及前置审批的项目除外),经济信息咨询(除证券,期货),企业形象策划;其他无需报经审批的一切合法项目(依法须经批准的项目,经相关部门批准后方可开展经营活动).",TMT/互联网,True,False,617,7.57,True,144,False,,超长篇(≥500页),毛戈平,dataset/2024/01318_02-12-2024_毛戈平_全球發售.pdf
01334,1334.HK,strip_zero,瑞昌國際控股,瑞昌國際控股,2024-06-28,2024,01334_28-06-2024_瑞昌國際控股_全球發售.pdf,/nfs/users/wuqianqian/IPOI/dataset/2024/01334_28-06-2024_瑞昌國際控股_全球發售.pdf,2024,True,False,,,False,False,True,2024-07-10,1.3,1.2,-0.07692307692307697,True,1.15,-0.11538461538461547,0.89,-0.3153846153846154,0.89,-0.3153846153846154,破发/走弱,,未知,True,False,519,9.97,True,135,False,,超长篇(≥500页),瑞昌國際控股,dataset/2024/01334_28-06-2024_瑞昌國際控股_全球發售.pdf
01354,1354.HK,strip_zero,經發物業,經發物業,2024-06-24,2024,01354_24-06-2024_經發物業_全球發售.pdf,/nfs/users/wuqianqian/IPOI/dataset/2024/01354_24-06-2024_經發物業_全球發售.pdf,2024,True,False,,,False,False,True,2024-07-03,7.65,6.64,-0.13202614379084976,True,5.7,-0.25490196078431376,7.97,0.04183006535947705,19.5,1.549019607843137,暴跌,,未知,True,False,562,3.05,True,133,False,,超长篇(≥500页),經發物業,dataset/2024/01354_24-06-2024_經發物業_全球發售.pdf
01471,1471.HK,strip_zero,眾淼控股,眾淼控股,2024-07-29,2024,01471_29-07-2024_眾淼控股_全球發售.pdf,/nfs/users/wuqianqian/IPOI/dataset/2024/01471_29-07-2024_眾淼控股_全球發售.pdf,2024,True,False,,,False,False,True,2024-08-06,6.88,7.35,0.06831395348837206,False,5.64,-0.18023255813953493,5.9,-0.14244186046511625,6.74,-0.020348837209302282,破发/走弱,,未知,True,False,584,8.96,True,246,False,,超长篇(≥500页),眾淼控股,dataset/2024/01471_29-07-2024_眾淼控股_全球發售.pdf
02228,2228.HK,strip_zero,QUANTUMPH-P,QUANTUMPH-P,2024-06-04,2024,02228_04-06-2024_QUANTUMPH-P_全球發售.pdf,/nfs/users/wuqianqian/IPOI/dataset/2024/02228_04-06-2024_QUANTUMPH-P_全球發售.pdf,2024,True,True,0.26,主板,True,False,True,2024-06-13,5.39,5.8,0.07606679035250467,False,5.3,-0.01669758812615953,5.47,0.014842300556586285,12.76,1.3673469387755104,平稳,,未知,True,False,847,14.4,False,0,True,,超长篇(≥500页),QUANTUMPH-P,dataset/2024/02228_04-06-2024_QUANTUMPH-P_全球發售.pdf
02410,2410.HK,strip_zero,同源康醫藥－Ｂ,同源康醫藥－Ｂ,2024-08-12,2024,02410_12-08-2024_同源康醫藥－Ｂ_全球發售.pdf,/nfs/users/wuqianqian/IPOI/dataset/2024/02410_12-08-2024_同源康醫藥－Ｂ_全球發售.pdf,2024,True,False,,,False,True,True,2024-08-20,14.48,13.7,-0.053867403314917205,True,23.0,0.5883977900552486,30.7,1.1201657458563534,24.75,0.7092541436464088,暴涨,,未知,True,False,706,7.31,True,153,False,,超长篇(≥500页),同源康醫藥－Ｂ,dataset/2024/02410_12-08-2024_同源康醫藥－Ｂ_全球發售.pdf
02431,2431.HK,strip_zero,佑駕創新,佑駕創新,2024-12-17,2024,02431_17-12-2024_佑駕創新_全球發售.pdf,/nfs/users/wuqianqian/IPOI/dataset/2024/02431_17-12-2024_佑駕創新_全球發售.pdf,2024,True,False,,,False,False,True,2024-12-27,18.6,19.4,0.04301075268817189,False,17.5,-0.05913978494623664,20.75,0.11559139784946228,32.7,0.7580645161290323,破发/走弱,,未知,True,False,694,7.69,True,171,False,,超长篇(≥500页),佑駕創新,dataset/2024/02431_17-12-2024_佑駕創新_全球發售.pdf
02432,2432.HK,strip_zero,越疆,越疆,2024-12-13,2024,02432_13-12-2024_越疆_全球發售.pdf,/nfs/users/wuqianqian/IPOI/dataset/2024/02432_13-12-2024_越疆_全球發售.pdf,2024,True,False,,,False,False,True,2024-12-23,19.7,18.94,-0.038578680203045584,True,19.1,-0.030456852791878063,20.85,0.05837563451776661,70.6,2.583756345177665,平稳,,未知,True,False,524,7.77,True,134,False,,超长篇(≥500页),越疆,dataset/2024/02432_13-12-2024_越疆_全球發售.pdf
02438,2438.HK,strip_zero,出門問問,出門問問,2024-04-16,2024,02438_16-04-2024_出門問問_全球發售.pdf,/nfs/users/wuqianqian/IPOI/dataset/2024/02438_16-04-2024_出門問問_全球發售.pdf,2024,True,False,,,False,False,True,2024-04-24,2.98,3.68,0.23489932885906045,False,3.85,0.29194630872483224,3.6,0.20805369127516785,1.42,-0.5234899328859061,平稳,,未知,True,False,743,19.91,True,147,False,,超长篇(≥500页),出門問問,dataset/2024/02438_16-04-2024_出門問問_全球發售.pdf
02443,2443.HK,strip_zero,汽車街,汽車街,2024-05-23,2024,02443_23-05-2024_汽車街_全球發售.pdf,/nfs/users/wuqianqian/IPOI/dataset/2024/02443_23-05-2024_汽車街_全球發售.pdf,2024,True,False,,,False,False,True,2024-05-31,14.5,12.94,-0.10758620689655177,True,11.48,-0.20827586206896548,8.0,-0.4482758620689655,6.22,-0.5710344827586208,暴跌,,未知,True,False,622,12.14,True,84,False,,超长篇(≥500页),汽車街,dataset/2024/02443_23-05-2024_汽車街_全球發售.pdf
02460,2460.HK,strip_zero,華潤飲料,華潤飲料,2024-10-15,2024,02460_15-10-2024_華潤飲料_全球發售.pdf,/nfs/users/wuqianqian/IPOI/dataset/2024/02460_15-10-2024_華潤飲料_全球發售.pdf,2024,True,False,,,False,False,True,2024-10-23,16.46,16.68,0.01336573511543128,False,15.46,-0.06075334143377885,12.72,-0.2272174969623329,11.48,-0.3025516403402187,破发/走弱,,未知,True,False,579,8.11,True,75,False,,超长篇(≥500页),華潤飲料,dataset/2024/02460_15-10-2024_華潤飲料_全球發售.pdf
02465,2465.HK,strip_zero,龍蟠科技,龍蟠科技,2024-10-22,2024,02465_22-10-2024_龍蟠科技_全球發售.pdf,/nfs/users/wuqianqian/IPOI/dataset/2024/02465_22-10-2024_龍蟠科技_全球發售.pdf,2024,True,False,,,False,False,True,2024-10-30,5.08,4.75,-0.06496062992125985,True,4.54,-0.1062992125984252,5.87,0.15551181102362205,4.65,-0.08464566929133853,破发/走弱,,未知,True,False,830,12.14,True,134,False,,超长篇(≥500页),龍蟠科技,dataset/2024/02465_22-10-2024_龍蟠科技_全球發售.pdf
02479,2479.HK,strip_zero,天聚地合,天聚地合,2024-06-20,2024,02479_20-06-2024_天聚地合_全球發售.pdf,/nfs/users/wuqianqian/IPOI/dataset/2024/02479_20-06-2024_天聚地合_全球發售.pdf,2024,True,False,,,False,False,True,2024-06-28,113.0,60.15,-0.4676991150442478,True,65.0,-0.4247787610619469,74.05,-0.3446902654867257,59.7,-0.4716814159292035,暴跌,公司提供的解决方案可协助组织进行数字化转型。公司提供定制化、数字化和本地化部署的数据管理解决方案，满足了包括政府机构、制造、金融、电信及其他行业多元化客户的需求。公司的技术可打通数据孤岛，清洗异构数据源，从而形成统一标准的数据。,金融,True,False,619,11.97,True,137,False,,超长篇(≥500页),天聚地合,dataset/2024/02479_20-06-2024_天聚地合_全球發售.pdf
02495,2495.HK,strip_zero,聲通科技,聲通科技,2024-06-28,2024,02495_28-06-2024_聲通科技_全球發售.pdf,/nfs/users/wuqianqian/IPOI/dataset/2024/02495_28-06-2024_聲通科技_全球發售.pdf,2024,True,False,,,False,False,True,2024-07-10,135.0,135.0,0.0,False,141.9,0.05111111111111116,188.5,0.3962962962962963,187.2,0.3866666666666666,平稳,,未知,True,False,729,15.39,True,230,False,,超长篇(≥500页),聲通科技,dataset/2024/02495_28-06-2024_聲通科技_全球發售.pdf
02497,2497.HK,strip_zero,富景中國控股,富景中國控股,2024-03-20,2024,02497_20-03-2024_富景中國控股_股份發售.pdf,/nfs/users/wuqianqian/IPOI/dataset/2024/02497_20-03-2024_富景中國控股_股份發售.pdf,2024,True,False,,,False,False,True,2024-03-28,2.13,1.48,-0.30516431924882625,True,1.24,-0.4178403755868544,1.05,-0.5070422535211268,1.03,-0.5164319248826291,暴跌,,未知,True,False,590,19.31,True,146,False,,超长篇(≥500页),富景中國控股,dataset/2024/02497_20-03-2024_富景中國控股_股份發售.pdf
02505,2505.HK,strip_zero,ＥＤＡ集團控股,ＥＤＡ集團控股,2024-05-19,2024,02505_19-05-2024_ＥＤＡ集團控股_全球發售.pdf,/nfs/users/wuqianqian/IPOI/dataset/2024/02505_19-05-2024_ＥＤＡ集團控股_全球發售.pdf,2024,True,False,,,False,False,True,2024-05-28,3.09,4.2,0.3592233009708739,False,3.08,-0.003236245954692488,4.45,0.4401294498381878,3.9,0.26213592233009714,平稳,,未知,True,False,799,6.29,True,134,False,,超长篇(≥500页),ＥＤＡ集團控股,dataset/2024/02505_19-05-2024_ＥＤＡ集團控股_全球發售.pdf
02506,2506.HK,strip_zero,訊飛醫療科技,訊飛醫療科技,2024-12-18,2024,02506_18-12-2024_訊飛醫療科技_全球發售.pdf,/nfs/users/wuqianqian/IPOI/dataset/2024/02506_18-12-2024_訊飛醫療科技_全球發售.pdf,2024,True,False,,,False,False,True,2024-12-30,89.75,87.0,-0.030640668523676882,True,84.6,-0.05738161559888585,86.2,-0.039554317548746484,125.0,0.3927576601671309,破发/走弱,,未知,True,False,740,13.42,True,149,False,,超长篇(≥500页),訊飛醫療科技,dataset/2024/02506_18-12-2024_訊飛醫療科技_全球發售.pdf
02507,2507.HK,strip_zero,西銳,西銳,2024-06-28,2024,02507_28-06-2024_西銳_全球發售.pdf,/nfs/users/wuqianqian/IPOI/dataset/2024/02507_28-06-2024_西銳_全球發售.pdf,2024,True,False,,,False,False,True,2024-07-12,27.5,27.5,0.0,False,24.65,-0.1036363636363637,25.6,-0.06909090909090904,22.75,-0.17272727272727273,破发/走弱,,未知,True,False,648,19.04,True,147,False,,超长篇(≥500页),西銳,dataset/2024/02507_28-06-2024_西銳_全球發售.pdf
02509,2509.HK,strip_zero,荃信生物－Ｂ,荃信生物－Ｂ,2024-03-12,2024,02509_12-03-2024_荃信生物－Ｂ_全球發售.pdf,/nfs/users/wuqianqian/IPOI/dataset/2024/02509_12-03-2024_荃信生物－Ｂ_全球發售.pdf,2024,True,False,,,False,True,True,2024-03-20,27.4,24.5,-0.10583941605839413,True,23.95,-0.12591240875912407,23.85,-0.12956204379562036,28.7,0.04744525547445258,破发/走弱,,未知,True,False,742,14.41,True,168,False,,超长篇(≥500页),荃信生物－Ｂ,dataset/2024/02509_12-03-2024_荃信生物－Ｂ_全球發售.pdf
02510,2510.HK,strip_zero,德翔海運,德翔海運,2024-10-24,2024,02510_24-10-2024_德翔海運_全球發售.pdf,/nfs/users/wuqianqian/IPOI/dataset/2024/02510_24-10-2024_德翔海運_全球發售.pdf,2024,True,False,,,False,False,True,2024-11-01,4.18,4.1,-0.01913875598086126,True,4.18,0.0,4.34,0.03827751196172252,4.3,0.028708133971291894,平稳,,未知,True,False,625,4.87,True,93,False,,超长篇(≥500页),德翔海運,dataset/2024/02510_24-10-2024_德翔海運_全球發售.pdf
02512,2512.HK,strip_zero,雲工場,雲工場,2024-06-05,2024,02512_05-06-2024_雲工場_全球發售.pdf,/nfs/users/wuqianqian/IPOI/dataset/2024/02512_05-06-2024_雲工場_全球發售.pdf,2024,True,False,,,False,False,True,2024-06-14,4.37,3.8,-0.1304347826086957,True,3.8,-0.1304347826086957,3.79,-0.13272311212814647,3.6,-0.17620137299771166,破发/走弱,,未知,True,False,614,10.28,True,64,False,,超长篇(≥500页),雲工場,dataset/2024/02512_05-06-2024_雲工場_全球發售.pdf
02515,2515.HK,strip_zero,天津建發,天津建發,2024-04-15,2024,02515_15-04-2024_天津建發_全球發售.pdf,/nfs/users/wuqianqian/IPOI/dataset/2024/02515_15-04-2024_天津建發_全球發售.pdf,2024,True,False,,,False,False,True,2024-04-23,1.88,1.52,-0.1914893617021276,True,1.52,-0.1914893617021276,1.29,-0.3138297872340425,1.29,-0.3138297872340425,破发/走弱,,未知,True,False,594,7.79,True,135,False,,超长篇(≥500页),天津建發,dataset/2024/02515_15-04-2024_天津建發_全球發售.pdf
02519,2519.HK,strip_zero,傲基股份,傲基股份,2024-10-31,2024,02519_31-10-2024_傲基股份_全球發售.pdf,/nfs/users/wuqianqian/IPOI/dataset/2024/02519_31-10-2024_傲基股份_全球發售.pdf,2024,True,False,,,False,False,True,2024-11-08,13.88,13.82,-0.0043227665706052215,True,12.04,-0.13256484149855918,12.8,-0.07780979827089338,12.0,-0.13544668587896258,破发/走弱,公司是专注于提供优质家具家居类产品的线上零售商。凭藉稳健的供应链管理及有效的物流解决方案，为消费者提供广泛「家与生活」场景下的愉快生活体验。,消费/零售,True,False,599,6.56,True,189,False,,超长篇(≥500页),傲基股份,dataset/2024/02519_31-10-2024_傲基股份_全球發售.pdf
02522,2522.HK,strip_zero,一脈陽光,一脈陽光,2024-05-30,2024,02522_30-05-2024_一脈陽光_全球發售.pdf,/nfs/users/wuqianqian/IPOI/dataset/2024/02522_30-05-2024_一脈陽光_全球發售.pdf,2024,True,False,,,False,False,True,2024-06-07,15.0,15.0,0.0,False,19.22,0.2813333333333333,17.5,0.16666666666666666,19.86,0.32399999999999995,平稳,,未知,True,False,788,7.18,True,147,False,,超长篇(≥500页),一脈陽光,dataset/2024/02522_30-05-2024_一脈陽光_全球發售.pdf
02529,2529.HK,strip_zero,泓盈城市服務,泓盈城市服務,2024-05-08,2024,02529_08-05-2024_泓盈城市服務_全球發售.pdf,/nfs/users/wuqianqian/IPOI/dataset/2024/02529_08-05-2024_泓盈城市服務_全球發售.pdf,2024,True,False,,,False,False,True,2024-05-17,3.46,3.21,-0.07225433526011561,True,2.58,-0.2543352601156069,2.96,-0.14450867052023122,2.8,-0.19075144508670525,暴跌,,未知,True,False,697,9.82,False,0,True,,超长篇(≥500页),泓盈城市服務,dataset/2024/02529_08-05-2024_泓盈城市服務_全球發售.pdf
02530,2530.HK,strip_zero,紐曼思,紐曼思,2024-12-30,2024,02530_30-12-2024_紐曼思_全球發售.pdf,/nfs/users/wuqianqian/IPOI/dataset/2024/02530_30-12-2024_紐曼思_全球發售.pdf,2024,True,False,,,False,False,True,2025-01-10,0.79,0.69,-0.12658227848101278,True,0.68,-0.1392405063291139,0.68,-0.1392405063291139,0.67,-0.15189873417721514,破发/走弱,,未知,True,False,600,7.95,True,143,False,,超长篇(≥500页),紐曼思,dataset/2024/02530_30-12-2024_紐曼思_全球發售.pdf
02531,2531.HK,strip_zero,廣聯科技控股,廣聯科技控股,2024-06-28,2024,02531_28-06-2024_廣聯科技控股_全球發售.pdf,/nfs/users/wuqianqian/IPOI/dataset/2024/02531_28-06-2024_廣聯科技控股_全球發售.pdf,2024,True,False,,,False,False,True,2024-07-15,5.48,4.8,-0.124087591240876,True,7.33,0.3375912408759123,6.88,0.25547445255474444,15.7,1.8649635036496344,暴涨,,未知,True,False,703,9.75,False,0,True,,超长篇(≥500页),廣聯科技控股,dataset/2024/02531_28-06-2024_廣聯科技控股_全球發售.pdf
02533,2533.HK,strip_zero,黑芝麻智能,黑芝麻智能,2024-07-31,2024,02533_31-07-2024_黑芝麻智能_全球發售.pdf,/nfs/users/wuqianqian/IPOI/dataset/2024/02533_31-07-2024_黑芝麻智能_全球發售.pdf,2024,True,False,,,False,False,True,2024-08-08,18.8,20.45,0.08776595744680843,False,20.15,0.07180851063829775,21.8,0.15957446808510636,24.35,0.29521276595744683,平稳,车规级智能汽车计算SoC及基于SoC的解决方案供应商,工业/制造,True,False,650,15.14,True,212,False,,超长篇(≥500页),黑芝麻智能,dataset/2024/02533_31-07-2024_黑芝麻智能_全球發售.pdf
02535,2535.HK,strip_zero,泓基集團,泓基集團,2024-02-29,2024,02535_29-02-2024_泓基集團_股份發售.pdf,/nfs/users/wuqianqian/IPOI/dataset/2024/02535_29-02-2024_泓基集團_股份發售.pdf,2024,True,False,,,False,False,True,2024-03-08,0.65,0.59,-0.09230769230769237,True,0.64,-0.015384615384615398,0.62,-0.04615384615384618,0.57,-0.12307692307692318,平稳,,未知,True,False,530,46.01,True,122,False,,超长篇(≥500页),泓基集團,dataset/2024/02535_29-02-2024_泓基集團_股份發售.pdf
02536,2536.HK,strip_zero,百樂皇宮,百樂皇宮,2024-03-18,2024,02536_18-03-2024_百樂皇宮_全球發售.pdf,/nfs/users/wuqianqian/IPOI/dataset/2024/02536_18-03-2024_百樂皇宮_全球發售.pdf,2024,True,False,,,False,False,True,2024-03-26,2.75,3.0,0.09090909090909093,False,5.5,1.0,5.22,0.8981818181818181,6.0,1.181818181818182,暴涨,,未知,True,False,614,28.44,True,146,False,,超长篇(≥500页),百樂皇宮,dataset/2024/02536_18-03-2024_百樂皇宮_全球發售.pdf
02540,2540.HK,strip_zero,樂思集團,樂思集團,2024-02-29,2024,02540_29-02-2024_樂思集團_全球發售.pdf,/nfs/users/wuqianqian/IPOI/dataset/2024/02540_29-02-2024_樂思集團_全球發售.pdf,2024,True,False,,,False,False,True,2024-03-08,0.9,1.5,0.6666666666666666,False,2.93,2.255555555555556,3.66,3.066666666666667,1.15,0.2777777777777776,暴涨,,未知,True,False,513,11.74,False,0,True,,超长篇(≥500页),樂思集團,dataset/2024/02540_29-02-2024_樂思集團_全球發售.pdf
02545,2545.HK,strip_zero,中贛通信,中贛通信,2024-06-21,2024,02545_21-06-2024_中贛通信_全球發售.pdf,/nfs/users/wuqianqian/IPOI/dataset/2024/02545_21-06-2024_中贛通信_全球發售.pdf,2024,True,False,,,False,False,True,2024-07-03,0.76,0.67,-0.1184210526315789,True,0.455,-0.4013157894736842,0.38,-0.5,0.35,-0.5394736842105263,暴跌,,未知,True,False,596,12.22,False,0,True,,超长篇(≥500页),中贛通信,dataset/2024/02545_21-06-2024_中贛通信_全球發售.pdf
02549,2549.HK,strip_zero,卡羅特,卡羅特,2024-09-23,2024,02549_23-09-2024_卡羅特_全球發售.pdf,/nfs/users/wuqianqian/IPOI/dataset/2024/02549_23-09-2024_卡羅特_全球發售.pdf,2024,True,False,,,False,False,True,2024-10-02,9.5,9.15,-0.03684210526315786,True,6.8,-0.2842105263157895,5.19,-0.4536842105263158,5.03,-0.4705263157894737,暴跌,,未知,True,False,704,7.39,True,103,False,,超长篇(≥500页),卡羅特,dataset/2024/02549_23-09-2024_卡羅特_全球發售.pdf
02550,2550.HK,strip_zero,宜搜科技,宜搜科技,2024-05-30,2024,02550_30-05-2024_宜搜科技_全球發售.pdf,/nfs/users/wuqianqian/IPOI/dataset/2024/02550_30-05-2024_宜搜科技_全球發售.pdf,2024,True,False,,,False,False,True,2024-06-07,8.5,11.12,0.3082352941176469,False,16.88,0.9858823529411764,17.82,1.096470588235294,19.38,1.2799999999999998,暴涨,"人工智能推荐技术为推动公司所有业务的基础.我们致力于持续改进人工智能推荐技术,并采用了多种人工智能算法,将先进的人工智能技术(如机器学习及深度学习)与数字内容和用户行为特征相结合.",其他,True,False,655,3.99,True,169,False,,超长篇(≥500页),宜搜科技,dataset/2024/02550_30-05-2024_宜搜科技_全球發售.pdf
02551,2551.HK,strip_zero,晶科電子股份,晶科電子股份,2024-10-31,2024,02551_31-10-2024_晶科電子股份_全球發售.pdf,/nfs/users/wuqianqian/IPOI/dataset/2024/02551_31-10-2024_晶科電子股份_全球發售.pdf,2024,True,False,,,False,False,True,2024-11-08,4.2,5.33,0.26904761904761904,False,4.52,0.07619047619047603,3.66,-0.1285714285714286,4.72,0.1238095238095237,平稳,,未知,True,False,760,15.08,True,153,False,,超长篇(≥500页),晶科電子股份,dataset/2024/02551_31-10-2024_晶科電子股份_全球發售.pdf
02555,2555.HK,strip_zero,茶百道,茶百道,2024-04-15,2024,02555_15-04-2024_茶百道_全球發售.pdf,/nfs/users/wuqianqian/IPOI/dataset/2024/02555_15-04-2024_茶百道_全球發售.pdf,2024,True,False,,,False,False,True,2024-04-23,15.74,12.8,-0.18678526048284624,True,11.44,-0.2731893265565439,11.26,-0.2846251588310038,10.1,-0.3583227445997459,暴跌,茶饮,其他,True,False,573,6.34,True,150,False,,超长篇(≥500页),茶百道,dataset/2024/02555_15-04-2024_茶百道_全球發售.pdf
02556,2556.HK,strip_zero,邁富時,邁富時,2024-05-07,2024,02556_07-05-2024_邁富時_全球發售.pdf,/nfs/users/wuqianqian/IPOI/dataset/2024/02556_07-05-2024_邁富時_全球發售.pdf,2024,True,False,,,False,False,True,2024-05-16,45.0,51.65,0.14777777777777776,False,61.05,0.3566666666666666,83.45,0.8544444444444446,98.35,1.1855555555555557,暴涨,,未知,True,False,674,8.26,True,139,False,,超长篇(≥500页),邁富時,dataset/2024/02556_07-05-2024_邁富時_全球發售.pdf
02559,2559.HK,strip_zero,嘀嗒出行,嘀嗒出行,2024-06-20,2024,02559_20-06-2024_嘀嗒出行_全球發售.pdf,/nfs/users/wuqianqian/IPOI/dataset/2024/02559_20-06-2024_嘀嗒出行_全球發售.pdf,2024,True,False,,,False,False,True,2024-06-28,5.23,4.65,-0.11089866156787764,True,2.92,-0.4416826003824093,2.35,-0.5506692160611855,2.08,-0.6022944550669216,暴跌,主要从事提供顺风车平台及智慧出租车服务业务,其他,True,False,592,10.15,True,132,False,,超长篇(≥500页),嘀嗒出行,dataset/2024/02559_20-06-2024_嘀嗒出行_全球發售.pdf
02560,2560.HK,strip_zero,海螺材料科技,海螺材料科技,2024-12-31,2024,02560_31-12-2024_海螺材料科技_全球發售.pdf,/nfs/users/wuqianqian/IPOI/dataset/2024/02560_31-12-2024_海螺材料科技_全球發售.pdf,2024,True,False,,,False,False,True,2025-01-09,1.8,1.57,-0.12777777777777774,True,1.45,-0.19444444444444448,1.38,-0.23333333333333345,1.72,-0.04444444444444448,破发/走弱,公司主要从事水泥外加剂、混凝土外加剂及相关上游原材料的生产与销售，并为客户提供与产品相关的技术支持。公司凭借强大的研发能力，持续推动产品创新和应用解决方案的提供。根据弗若斯特沙利文的资料，公司在水泥外加剂销量及收入方面均位居中国行业首位，市场份额分别约为28.3%和32.3%。,其他,True,False,676,8.93,True,155,False,,超长篇(≥500页),海螺材料科技,dataset/2024/02560_31-12-2024_海螺材料科技_全球發售.pdf
02563,2563.HK,strip_zero,華昊中天醫藥－Ｂ,華昊中天醫藥－Ｂ,2024-10-23,2024,02563_23-10-2024_華昊中天醫藥－Ｂ_全球發售.pdf,/nfs/users/wuqianqian/IPOI/dataset/2024/02563_23-10-2024_華昊中天醫藥－Ｂ_全球發售.pdf,2024,True,False,,,False,True,True,2024-10-31,21.5,20.8,-0.032558139534883686,True,28.0,0.3023255813953488,27.9,0.2976744186046511,16.36,-0.2390697674418605,暴涨,,未知,True,False,710,9.15,True,135,False,,超长篇(≥500页),華昊中天醫藥－Ｂ,dataset/2024/02563_23-10-2024_華昊中天醫藥－Ｂ_全球發售.pdf
02566,2566.HK,strip_zero,九源基因,九源基因,2024-11-20,2024,02566_20-11-2024_九源基因_全球發售.pdf,/nfs/users/wuqianqian/IPOI/dataset/2024/02566_20-11-2024_九源基因_全球發售.pdf,2024,True,False,,,False,False,True,2024-11-28,7.5,7.65,0.02000000000000005,False,8.03,0.07066666666666659,6.72,-0.10400000000000004,6.45,-0.14,平稳,生物药品及医疗器械,生物科技/医药,True,False,815,10.32,False,0,True,,超长篇(≥500页),九源基因,dataset/2024/02566_20-11-2024_九源基因_全球發售.pdf
02567,2567.HK,strip_zero,七牛智能,七牛智能,2024-09-30,2024,02567_30-09-2024_七牛智能_全球發售.pdf,/nfs/users/wuqianqian/IPOI/dataset/2024/02567_30-09-2024_七牛智能_全球發售.pdf,2024,True,False,,,False,False,True,2024-10-16,1.6,1.19,-0.2562500000000001,True,1.19,-0.2562500000000001,1.03,-0.35625,0.65,-0.59375,暴跌,"(1)MPaaS产品,(2)APaaS解决方案",其他,True,False,666,6.91,False,0,True,,超长篇(≥500页),七牛智能,dataset/2024/02567_30-09-2024_七牛智能_全球發售.pdf
02570,2570.HK,strip_zero,重塑能源,重塑能源,2024-11-28,2024,02570_28-11-2024_重塑能源_全球發售.pdf,/nfs/users/wuqianqian/IPOI/dataset/2024/02570_28-11-2024_重塑能源_全球發售.pdf,2024,True,False,,,False,False,True,2024-12-06,148.9,147.1,-0.012088650100738826,True,163.2,0.09603760913364663,181.0,0.21558092679650767,207.2,0.3915379449294827,平稳,"新能源汽车及相关零部件,蓄电池(除危险化学品),民用航空器,燃料油(除危险化学品),煤炭,化工原料及产品(除危险化学品,监控化学品,烟花爆竹,民用爆炸物品,易制毒化学品),金属材料,建筑材料,机械设备及配件,橡塑制品的销售,从事新能源技术领域内的技术开发,技术转让,技术咨询,技术服务,从事货物进出口及技术进出口业务.【依法须经批准的项目,经相关部门批准后方可开展经营活动】",地产/建筑,True,False,774,14.57,False,0,True,,超长篇(≥500页),重塑能源,dataset/2024/02570_28-11-2024_重塑能源_全球發售.pdf
02571,2571.HK,strip_zero,賽目科技,賽目科技,2024-12-31,2024,02571_31-12-2024_賽目科技_全球發售.pdf,/nfs/users/wuqianqian/IPOI/dataset/2024/02571_31-12-2024_賽目科技_全球發售.pdf,2024,True,False,,,False,False,True,2025-01-15,13.3,13.18,-0.00902255639097752,True,13.04,-0.019548872180451243,14.82,0.11428571428571425,12.76,-0.04060150375939856,平稳,,未知,True,False,762,9.71,True,148,False,,超长篇(≥500页),賽目科技,dataset/2024/02571_31-12-2024_賽目科技_全球發售.pdf
02576,2576.HK,strip_zero,太美醫療科技,太美醫療科技,2024-09-27,2024,02576_27-09-2024_太美醫療科技_全球發售.pdf,/nfs/users/wuqianqian/IPOI/dataset/2024/02576_27-09-2024_太美醫療科技_全球發售.pdf,2024,True,False,,,False,False,True,2024-10-08,11.24,9.2,-0.18149466192170827,True,5.87,-0.4777580071174377,5.89,-0.4759786476868328,4.16,-0.6298932384341637,暴跌,,未知,True,False,678,8.89,True,149,False,,超长篇(≥500页),太美醫療科技,dataset/2024/02576_27-09-2024_太美醫療科技_全球發售.pdf
02577,2577.HK,strip_zero,英諾賽科,英諾賽科,2024-12-18,2024,02577_18-12-2024_英諾賽科_全球發售.pdf,/nfs/users/wuqianqian/IPOI/dataset/2024/02577_18-12-2024_英諾賽科_全球發售.pdf,2024,True,False,,,False,False,True,2024-12-30,31.0,31.0,0.0,False,30.85,-0.004838709677419309,39.15,0.2629032258064516,46.85,0.5112903225806452,平稳,,未知,True,False,677,9.11,True,221,False,,超长篇(≥500页),英諾賽科,dataset/2024/02577_18-12-2024_英諾賽科_全球發售.pdf
02582,2582.HK,strip_zero,國富氫能,國富氫能,2024-11-07,2024,02582_07-11-2024_國富氫能_全球發售.pdf,/nfs/users/wuqianqian/IPOI/dataset/2024/02582_07-11-2024_國富氫能_全球發售.pdf,2024,True,False,,,False,False,True,2024-11-15,82.3,78.0,-0.05224787363304978,True,96.55,0.17314702308626975,114.3,0.3888213851761847,137.8,0.6743620899149455,平稳,,未知,True,False,764,10.44,True,139,False,,超长篇(≥500页),國富氫能,dataset/2024/02582_07-11-2024_國富氫能_全球發售.pdf
02585,2585.HK,strip_zero,夢金園,夢金園,2024-11-21,2024,02585_21-11-2024_夢金園_全球發售.pdf,/nfs/users/wuqianqian/IPOI/dataset/2024/02585_21-11-2024_夢金園_全球發售.pdf,2024,True,False,,,False,False,True,2024-11-29,12.5,12.9,0.03200000000000003,False,11.6,-0.07200000000000002,12.48,-0.0015999999999999658,17.7,0.4159999999999999,破发/走弱,,未知,True,False,778,6.65,True,130,False,,超长篇(≥500页),夢金園,dataset/2024/02585_21-11-2024_夢金園_全球發售.pdf
02586,2586.HK,strip_zero,多點數智,多點數智,2024-11-28,2024,02586_28-11-2024_多點數智_全球發售.pdf,/nfs/users/wuqianqian/IPOI/dataset/2024/02586_28-11-2024_多點數智_全球發售.pdf,2024,True,False,,,False,False,True,2024-12-06,21.7,13.8,-0.3640552995391704,True,6.29,-0.7101382488479263,5.84,-0.7308755760368664,9.17,-0.5774193548387097,暴跌,,未知,True,False,649,17.93,True,1396,False,,超长篇(≥500页),多點數智,dataset/2024/02586_28-11-2024_多點數智_全球發售.pdf
02587,2587.HK,strip_zero,健康之路,健康之路,2024-12-18,2024,02587_18-12-2024_健康之路_全球發售.pdf,/nfs/users/wuqianqian/IPOI/dataset/2024/02587_18-12-2024_健康之路_全球發售.pdf,2024,True,False,,,False,False,True,2024-12-30,9.95,10.66,0.07135678391959809,False,15.44,0.5517587939698493,12.84,0.29045226130653273,28.0,1.8140703517587944,暴涨,公司有两个主要业务分部:(i)数字健康医疗服务和(ii)企业解决方案及数字营销解决方案.,生物科技/医药,True,False,700,14.55,True,96,False,,超长篇(≥500页),健康之路,dataset/2024/02587_18-12-2024_健康之路_全球發售.pdf
02593,2593.HK,strip_zero,草姬集團,草姬集團,2024-12-11,2024,02593_11-12-2024_草姬集團_全球發售.pdf,/nfs/users/wuqianqian/IPOI/dataset/2024/02593_11-12-2024_草姬集團_全球發售.pdf,2024,True,False,,,False,False,True,2024-12-19,4.69,4.14,-0.1172707889125801,True,2.84,-0.3944562899786781,2.07,-0.5586353944562901,1.78,-0.6204690831556503,暴跌,,未知,True,False,446,8.14,True,122,False,,长篇(300-499页),草姬集團,dataset/2024/02593_11-12-2024_草姬集團_全球發售.pdf
02596,2596.HK,strip_zero,宜賓銀行,宜賓銀行,2024-12-30,2024,02596_30-12-2024_宜賓銀行_全球發售.pdf,/nfs/users/wuqianqian/IPOI/dataset/2024/02596_30-12-2024_宜賓銀行_全球發售.pdf,2024,True,False,,,False,False,True,2025-01-13,2.59,2.61,0.00772200772200773,False,2.6,0.003861003861003951,2.6,0.003861003861003951,2.61,0.00772200772200773,平稳,,未知,True,False,863,7.14,True,163,False,,超长篇(≥500页),宜賓銀行,dataset/2024/02596_30-12-2024_宜賓銀行_全球發售.pdf
02598,2598.HK,strip_zero,連連數字,連連數字,2024-03-20,2024,02598_20-03-2024_連連數字_全球發售.pdf,/nfs/users/wuqianqian/IPOI/dataset/2024/02598_20-03-2024_連連數字_全球發售.pdf,2024,True,False,,,False,False,True,2024-03-28,9.8,9.44,-0.036734693877551135,True,9.73,-0.00714285714285717,9.75,-0.005102040816326603,9.42,-0.038775510204081716,平稳,,未知,True,False,755,6.49,True,169,False,,超长篇(≥500页),連連數字,dataset/2024/02598_20-03-2024_連連數字_全球發售.pdf
02613,2613.HK,strip_zero,匯舸環保,匯舸環保,2024-12-31,2024,02613_31-12-2024_匯舸環保_全球發售.pdf,/nfs/users/wuqianqian/IPOI/dataset/2024/02613_31-12-2024_匯舸環保_全球發售.pdf,2024,True,False,,,False,False,True,2025-01-09,33.95,33.8,-0.0044182621502210796,True,30.0,-0.11634756995581745,30.5,-0.10162002945508107,29.0,-0.1458026509572902,破发/走弱,,未知,True,False,614,18.9,False,0,True,,超长篇(≥500页),匯舸環保,dataset/2024/02613_31-12-2024_匯舸環保_全球發售.pdf
02881,2881.HK,strip_zero,武漢有機,武漢有機,2024-06-07,2024,02881_07-06-2024_武漢有機_全球發售.pdf,/nfs/users/wuqianqian/IPOI/dataset/2024/02881_07-06-2024_武漢有機_全球發售.pdf,2024,True,False,,,False,False,True,2024-06-18,9.88,7.02,-0.28947368421052644,True,6.2,-0.3724696356275304,4.94,-0.5,4.2,-0.5748987854251012,暴跌,,未知,True,False,498,4.5,True,67,False,,长篇(300-499页),武漢有機,dataset/2024/02881_07-06-2024_武漢有機_全球發售.pdf
02898,2898.HK,strip_zero,盛禾生物－Ｂ,盛禾生物－Ｂ,2024-05-16,2024,02898_16-05-2024_盛禾生物－Ｂ_全球發售.pdf,/nfs/users/wuqianqian/IPOI/dataset/2024/02898_16-05-2024_盛禾生物－Ｂ_全球發售.pdf,2024,True,False,,,False,True,True,2024-05-24,14.46,14.52,0.004149377593360907,False,7.1,-0.5089903181189489,5.79,-0.5995850622406639,6.65,-0.5401106500691563,暴跌,,未知,True,False,658,10.0,True,121,False,,超长篇(≥500页),盛禾生物－Ｂ,dataset/2024/02898_16-05-2024_盛禾生物－Ｂ_全球發售.pdf
06086,6086.HK,strip_zero,方舟健客,方舟健客,2024-06-28,2024,06086_28-06-2024_方舟健客_全球發售.pdf,/nfs/users/wuqianqian/IPOI/dataset/2024/06086_28-06-2024_方舟健客_全球發售.pdf,2024,True,False,,,False,False,True,2024-07-09,4.68,4.53,-0.03205128205128194,True,4.6,-0.01709401709401711,4.32,-0.0769230769230768,7.0,0.4957264957264958,平稳,"公司开展的业务专注于慢病管理,以满足慢病(如高血压,心血管及呼吸系统慢病)患者未获满足的需求.",其他,True,False,600,12.35,True,194,False,,超长篇(≥500页),方舟健客,dataset/2024/06086_28-06-2024_方舟健客_全球發售.pdf
06181,6181.HK,strip_zero,老鋪黃金,老鋪黃金,2024-06-20,2024,06181_20-06-2024_老鋪黃金_全球發售.pdf,/nfs/users/wuqianqian/IPOI/dataset/2024/06181_20-06-2024_老鋪黃金_全球發售.pdf,2024,True,False,,,False,False,True,2024-06-28,64.5,70.0,0.08527131782945736,False,85.2,0.3209302325581396,80.15,0.2426356589147288,129.5,1.007751937984496,暴涨,,未知,True,False,581,9.05,True,119,False,,超长篇(≥500页),老鋪黃金,dataset/2024/06181_20-06-2024_老鋪黃金_全球發售.pdf
06657,6657.HK,strip_zero,百望股份,百望股份,2024-06-28,2024,06657_28-06-2024_百望股份_全球發售.pdf,/nfs/users/wuqianqian/IPOI/dataset/2024/06657_28-06-2024_百望股份_全球發售.pdf,2024,True,False,,,False,False,True,2024-07-09,32.0,38.9,0.215625,False,34.25,0.0703125,31.6,-0.012499999999999956,35.5,0.109375,平稳,提供SaaS财税数字化及数据驱动的分析服务,其他,True,False,617,6.55,True,101,False,,超长篇(≥500页),百望股份,dataset/2024/06657_28-06-2024_百望股份_全球發售.pdf
06681,6681.HK,strip_zero,腦動極光－Ｂ,腦動極光－Ｂ,2024-12-30,2024,06681_30-12-2024_腦動極光－Ｂ_全球發售.pdf,/nfs/users/wuqianqian/IPOI/dataset/2024/06681_30-12-2024_腦動極光－Ｂ_全球發售.pdf,2024,True,False,,,False,True,True,2025-01-08,3.22,3.33,0.034161490683229774,False,3.7,0.14906832298136646,5.42,0.6832298136645961,5.78,0.7950310559006211,平稳,,未知,True,False,698,10.41,True,120,False,,超长篇(≥500页),腦動極光－Ｂ,dataset/2024/06681_30-12-2024_腦動極光－Ｂ_全球發售.pdf
06936,6936.HK,strip_zero,順豐控股,順豐控股,2024-11-19,2024,06936_19-11-2024_順豐控股_全球發售.pdf,/nfs/users/wuqianqian/IPOI/dataset/2024/06936_19-11-2024_順豐控股_全球發售.pdf,2024,True,False,,,False,False,True,2024-11-27,34.3,34.3,0.0,False,32.6,-0.049562682215743316,33.7,-0.017492711370262225,39.5,0.15160349854227415,平稳,,未知,True,False,744,7.39,True,200,False,,超长篇(≥500页),順豐控股,dataset/2024/06936_19-11-2024_順豐控股_全球發售.pdf
08529,8529.HK,strip_zero,優博控股,優博控股,2024-05-24,2024,08529_24-05-2024_優博控股_股份發售.pdf,/nfs/users/wuqianqian/IPOI/dataset/2024/08529_24-05-2024_優博控股_股份發售.pdf,2024,True,False,,,False,False,True,2024-06-03,0.66,0.53,-0.19696969696969696,True,0.4,-0.3939393939393939,0.32,-0.5151515151515151,0.17,-0.7424242424242424,暴跌,,未知,True,False,597,12.26,True,62,False,,超长篇(≥500页),優博控股,dataset/2024/08529_24-05-2024_優博控股_股份發售.pdf
08629,8629.HK,strip_zero,集信國控,集信國控,2024-08-26,2024,08629_26-08-2024_集信國控_股份發售.pdf,/nfs/users/wuqianqian/IPOI/dataset/2024/08629_26-08-2024_集信國控_股份發售.pdf,2024,True,False,,,False,False,True,2024-09-09,12.1,9.5,-0.2148760330578512,True,6.95,-0.42561983471074377,10.06,-0.16859504132231398,10.12,-0.16363636363636366,暴跌,,未知,True,False,562,11.94,True,238,False,,超长篇(≥500页),集信國控,dataset/2024/08629_26-08-2024_集信國控_股份發售.pdf
08637,8637.HK,strip_zero,元續科技,元續科技,2024-06-21,2024,08637_21-06-2024_元續科技_股份發售.pdf,/nfs/users/wuqianqian/IPOI/dataset/2024/08637_21-06-2024_元續科技_股份發售.pdf,2024,True,False,,,False,False,True,2024-07-02,1.66,1.47,-0.11445783132530114,True,1.1,-0.33734939759036137,1.3,-0.216867469879518,0.99,-0.4036144578313253,暴跌,,未知,True,False,566,6.58,True,125,False,,超长篇(≥500页),元續科技,dataset/2024/08637_21-06-2024_元續科技_股份發售.pdf
09639,9639.HK,strip_zero,榮利營造,榮利營造,2024-09-27,2024,09639_27-09-2024_榮利營造_股份發售.pdf,/nfs/users/wuqianqian/IPOI/dataset/2024/09639_27-09-2024_榮利營造_股份發售.pdf,2024,True,False,,,False,False,True,2024-10-09,0.5,0.62,0.24,False,0.44,-0.12,0.485,-0.030000000000000027,0.42,-0.16000000000000006,破发/走弱,,未知,True,False,604,22.13,True,122,False,,超长篇(≥500页),榮利營造,dataset/2024/09639_27-09-2024_榮利營造_股份發售.pdf
09660,9660.HK,strip_zero,地平線機器人－Ｗ,地平線機器人－Ｗ,2024-10-16,2024,09660_16-10-2024_地平線機器人－Ｗ_全球發售.pdf,/nfs/users/wuqianqian/IPOI/dataset/2024/09660_16-10-2024_地平線機器人－Ｗ_全球發售.pdf,2024,True,False,,,False,False,True,2024-10-24,5.12,4.1,-0.19921875000000008,True,4.77,-0.0683593750000001,4.1,-0.19921875000000008,4.02,-0.2148437500000001,破发/走弱,,未知,True,False,701,36.55,True,178,False,,超长篇(≥500页),地平線機器人－Ｗ,dataset/2024/09660_16-10-2024_地平線機器人－Ｗ_全球發售.pdf
09680,9680.HK,strip_zero,如祺出行,如祺出行,2024-06-28,2024,09680_28-06-2024_如祺出行_全球發售.pdf,/nfs/users/wuqianqian/IPOI/dataset/2024/09680_28-06-2024_如祺出行_全球發售.pdf,2024,True,False,,,False,False,True,2024-07-10,30.0,33.9,0.12999999999999995,False,27.8,-0.0733333333333333,30.3,0.010000000000000023,25.2,-0.16000000000000006,破发/走弱,"公司致力于搭建全方位,立体化的出行科技解决方案及服务体系,公司提供:(i)出行服务,主要为网约车及Robotaxi服务;(ii)技术服务,主要是人工智能数据及模型解决方案以及高精地图;及(iii)公司为司机及运力加盟商提供全套支持的生态服务.",TMT/互联网,True,False,737,8.18,True,123,False,,超长篇(≥500页),如祺出行,dataset/2024/09680_28-06-2024_如祺出行_全球發售.pdf
09879,9879.HK,strip_zero,米高集團,米高集團,2024-03-13,2024,09879_13-03-2024_米高集團_全球發售.pdf,/nfs/users/wuqianqian/IPOI/dataset/2024/09879_13-03-2024_米高集團_全球發售.pdf,2024,True,False,,,False,False,True,2024-03-21,4.38,4.09,-0.06621004566210048,True,4.08,-0.06849315068493146,5.47,0.2488584474885845,7.07,0.6141552511415526,破发/走弱,,未知,True,False,666,9.6,True,132,False,,超长篇(≥500页),米高集團,dataset/2024/09879_13-03-2024_米高集團_全球發售.pdf
00100,0100.HK,pad4,MINIMAX-WP,MINIMAX-WP,2025-12-31,2025,00100_31-12-2025_MINIMAX-WP_хЕичРГчЩ╝хФо.pdf,/nfs/users/wuqianqian/IPOI/dataset/2025/00100_31-12-2025_MINIMAX-WP_хЕичРГчЩ╝хФо.pdf,2025,True,False,,,False,False,True,2026-01-09,235.4,345.0,0.465590484282073,False,438.0,0.8606627017841971,461.0,0.9583687340696686,960.0,3.0781648258283774,暴涨,MiniMax是一家全球化的AI大模型公司。公司由一群极具前瞻性的工程师创立，致力于推动人工智能科技创新，以执行各种人类智力任务，包括学习、推理、规划以及泛化多元领域知识。,TMT/互联网,True,False,716,7.53,True,145,False,,超长篇(≥500页),MINIMAX-WP_хЕичРГчЩ╝хФо,dataset/2025/00100_31-12-2025_MINIMAX-WP_хЕичРГчЩ╝хФо.pdf
00501,0501.HK,pad4,待补全_00501,待补全_00501,2025-12-31,2025,00501_31-12-2025_ш▒кхиБщЫЖхЬШ_хЕичРГчЩ╝хФо.pdf,/nfs/users/wuqianqian/IPOI/dataset/2025/00501_31-12-2025_ш▒кхиБщЫЖхЬШ_хЕичРГчЩ╝хФо.pdf,2025,True,False,,,False,False,True,2026-01-12,108.0,121.8,0.12777777777777774,False,116.5,0.0787037037037037,104.3,-0.03425925925925929,80.5,-0.25462962962962965,平稳,,未知,True,False,635,9.1,True,257,False,,超长篇(≥500页),ш▒кхиБщЫЖхЬШ_хЕичРГчЩ╝хФо,dataset/2025/00501_31-12-2025_ш▒кхиБщЫЖхЬШ_хЕичРГчЩ╝хФо.pdf
00638,0638.HK,pad4,待补全_00638,待补全_00638,2025-10-14,2025,00638_14-10-2025_х╗гхТМщАЪ_хЕичРГчЩ╝хФо.pdf,/nfs/users/wuqianqian/IPOI/dataset/2025/00638_14-10-2025_х╗гхТМщАЪ_хЕичРГчЩ╝хФо.pdf,2025,True,False,,,False,False,True,2025-10-22,21.5,18.98,-0.11720930232558135,True,19.3,-0.1023255813953488,16.46,-0.23441860465116274,15.85,-0.2627906976744186,破发/走弱,,未知,True,False,637,6.67,True,115,False,,超长篇(≥500页),х╗гхТМщАЪ_хЕичРГчЩ╝хФо,dataset/2025/00638_14-10-2025_х╗гхТМщАЪ_хЕичРГчЩ╝хФо.pdf
00699,0699.HK,pad4,待补全_00699,待补全_00699,2025-10-28,2025,00699_28-10-2025_хЭЗхЛЭщЫ╗хнР_хЕичРГчЩ╝хФо.pdf,/nfs/users/wuqianqian/IPOI/dataset/2025/00699_28-10-2025_хЭЗхЛЭщЫ╗хнР_хЕичРГчЩ╝хФо.pdf,2025,True,False,,,False,False,True,2025-11-06,21.5,20.24,-0.058604651162790775,True,17.5,-0.18604651162790692,17.42,-0.18976744186046504,16.92,-0.2130232558139534,破发/走弱,,未知,True,False,748,8.55,True,209,False,,超长篇(≥500页),хЭЗхЛЭщЫ╗хнР_хЕичРГчЩ╝хФо,dataset/2025/00699_28-10-2025_хЭЗхЛЭщЫ╗хнР_хЕичРГчЩ╝хФо.pdf
00800,0800.HK,pad4,待补全_00800,待补全_00800,2025-10-28,2025,00800_28-10-2025_цЦЗщБачЯешбМя╝Ня╝╖_хЕичРГчЩ╝хФо.pdf,/nfs/users/wuqianqian/IPOI/dataset/2025/00800_28-10-2025_цЦЗщБачЯешбМя╝Ня╝╖_хЕичРГчЩ╝хФо.pdf,2025,True,False,,,False,False,True,2025-11-06,24.98,24.4,-0.023218574859887986,True,20.7,-0.17133706965572462,23.5,-0.059247397918334686,20.4,-0.1833466773418736,破发/走弱,,未知,True,False,714,9.53,True,160,False,,超长篇(≥500页),цЦЗщБачЯешбМя╝Ня╝╖_хЕичРГчЩ╝хФо,dataset/2025/00800_28-10-2025_цЦЗщБачЯешбМя╝Ня╝╖_хЕичРГчЩ╝хФо.pdf
01276,1276.HK,strip_zero,恒瑞医药,恒瑞医药,2025-05-15,2025,01276_15-05-2025_цБТчСЮщЖлшЧе_хЕичРГчЩ╝хФо.pdf,/nfs/users/wuqianqian/IPOI/dataset/2025/01276_15-05-2025_цБТчСЮщЖлшЧе_хЕичРГчЩ╝хФо.pdf,2025,True,False,,,False,False,True,2025-05-23,57.0,55.15,-0.03245614035087722,True,58.0,0.017543859649122806,56.3,-0.012280701754386015,83.5,0.4649122807017544,平稳,,未知,True,False,683,8.44,True,157,False,,超长篇(≥500页),цБТчСЮщЖлшЧе_хЕичРГчЩ╝хФо,dataset/2025/01276_15-05-2025_цБТчСЮщЖлшЧе_хЕичРГчЩ╝хФо.pdf
01304,1304.HK,strip_zero,FORTIOR,FORTIOR,2025-06-30,2025,01304_30-06-2025_FORTIOR_хЕичРГчЩ╝хФо.pdf,/nfs/users/wuqianqian/IPOI/dataset/2025/01304_30-06-2025_FORTIOR_хЕичРГчЩ╝хФо.pdf,2025,True,False,,,False,False,True,2025-07-09,130.8,139.8,0.06880733944954127,False,151.6,0.1590214067278286,158.1,0.2087155963302751,197.6,0.5107033639143729,平稳,,未知,True,False,538,2.97,True,183,False,,超长篇(≥500页),FORTIOR_хЕичРГчЩ╝хФо,dataset/2025/01304_30-06-2025_FORTIOR_хЕичРГчЩ╝хФо.pdf
01333,1333.HK,strip_zero,待补全_01333,待补全_01333,2025-04-25,2025,01333_25-04-2025_хНЪщЫ╖щаУ_хЕичРГчЩ╝хФо.pdf,/nfs/users/wuqianqian/IPOI/dataset/2025/01333_25-04-2025_хНЪщЫ╖щаУ_хЕичРГчЩ╝хФо.pdf,2025,True,False,,,False,False,True,2025-05-07,29.0,24.9,-0.14137931034482765,True,23.6,-0.1862068965517241,29.5,0.017241379310344827,27.9,-0.03793103448275867,破发/走弱,,未知,True,False,617,9.37,True,90,False,,超长篇(≥500页),хНЪщЫ╖щаУ_хЕичРГчЩ╝хФо,dataset/2025/01333_25-04-2025_хНЪщЫ╖щаУ_хЕичРГчЩ╝хФо.pdf
01364,1364.HK,strip_zero,古茗,古茗,2025-02-04,2025,01364_04-02-2025_хПдшМЧ_хЕичРГчЩ╝хФо.pdf,/nfs/users/wuqianqian/IPOI/dataset/2025/01364_04-02-2025_хПдшМЧ_хЕичРГчЩ╝хФо.pdf,2025,True,False,,,False,False,True,2025-02-12,10.0,9.3,-0.06999999999999992,True,9.73,-0.026999999999999958,14.14,0.414,24.6,1.4600000000000002,平稳,,未知,True,False,592,18.62,True,114,False,,超长篇(≥500页),хПдшМЧ_хЕичРГчЩ╝хФо,dataset/2025/01364_04-02-2025_хПдшМЧ_хЕичРГчЩ╝хФо.pdf
01384,1384.HK,strip_zero,滴普科技,滴普科技,2025-10-20,2025,01384_20-10-2025_ц╗┤цЩочзСцКА_хЕичРГчЩ╝хФо.pdf,/nfs/users/wuqianqian/IPOI/dataset/2025/01384_20-10-2025_ц╗┤цЩочзСцКА_хЕичРГчЩ╝хФо.pdf,2025,True,False,,,False,False,True,2025-10-28,56.5,66.8,0.1823008849557521,False,101.0,0.7876106194690266,79.6,0.4088495575221238,75.55,0.3371681415929203,暴涨,,未知,True,False,628,8.52,True,114,False,,超长篇(≥500页),ц╗┤цЩочзСцКА_хЕичРГчЩ╝хФо,dataset/2025/01384_20-10-2025_ц╗┤цЩочзСцКА_хЕичРГчЩ╝хФо.pdf
01641,1641.HK,strip_zero,待补全_01641,待补全_01641,2025-12-31,2025,01641_31-12-2025_ч┤ЕцШЯхЖ╖щПИ_хЕичРГчЩ╝хФо.pdf,/nfs/users/wuqianqian/IPOI/dataset/2025/01641_31-12-2025_ч┤ЕцШЯхЖ╖щПИ_хЕичРГчЩ╝хФо.pdf,2025,True,False,,,False,False,True,2026-01-13,19.58,12.3,-0.3718079673135852,True,9.96,-0.4913176710929519,8.48,-0.5669050051072523,7.18,-0.6332992849846782,暴跌,,未知,True,False,357,6.46,True,120,False,,长篇(300-499页),ч┤ЕцШЯхЖ╖щПИ_хЕичРГчЩ╝хФо,dataset/2025/01641_31-12-2025_ч┤ЕцШЯхЖ╖щПИ_хЕичРГчЩ╝хФо.pdf
01828,1828.HK,strip_zero,富卫集团,富卫集团,2025-06-26,2025,01828_26-06-2025_хпМшбЫщЫЖхЬШ_хЕичРГчЩ╝хФо.pdf,/nfs/users/wuqianqian/IPOI/dataset/2025/01828_26-06-2025_хпМшбЫщЫЖхЬШ_хЕичРГчЩ╝хФо.pdf,2025,True,False,,,False,False,True,2025-07-07,38.0,38.4,0.01052631578947365,False,38.25,0.006578947368421052,38.1,0.002631578947368459,46.36,0.22,平稳,,未知,True,False,963,16.99,False,0,True,,超长篇(≥500页),хпМшбЫщЫЖхЬШ_хЕичРГчЩ╝хФо,dataset/2025/01828_26-06-2025_хпМшбЫщЫЖхЬШ_хЕичРГчЩ╝хФо.pdf
02026,2026.HK,strip_zero,待补全_02026,待补全_02026,2025-10-28,2025,02026_28-10-2025_х░ПщжмцЩ║шбМя╝Ня╝╖_хЕичРГчЩ╝хФо.pdf,/nfs/users/wuqianqian/IPOI/dataset/2025/02026_28-10-2025_х░ПщжмцЩ║шбМя╝Ня╝╖_хЕичРГчЩ╝хФо.pdf,2025,True,False,,,False,False,True,2025-11-06,124.0,126.1,0.0169354838709677,False,108.0,-0.12903225806451613,111.1,-0.10403225806451616,109.3,-0.11854838709677422,破发/走弱,,未知,True,False,779,9.44,True,167,False,,超长篇(≥500页),х░ПщжмцЩ║шбМя╝Ня╝╖_хЕичРГчЩ╝хФо,dataset/2025/02026_28-10-2025_х░ПщжмцЩ║шбМя╝Ня╝╖_хЕичРГчЩ╝хФо.pdf
02050,2050.HK,strip_zero,待补全_02050,待补全_02050,2025-06-13,2025,02050_13-06-2025_ф╕ЙшК▒цЩ║цОз_хЕичРГчЩ╝хФо.pdf,/nfs/users/wuqianqian/IPOI/dataset/2025/02050_13-06-2025_ф╕ЙшК▒цЩ║цОз_хЕичРГчЩ╝хФо.pdf,2025,True,False,,,False,False,True,2025-06-23,20.95,22.5,0.07398568019093082,False,25.15,0.20047732696897366,27.85,0.3293556085918856,37.12,0.7718377088305489,平稳,,未知,True,False,670,10.39,True,109,False,,超长篇(≥500页),ф╕ЙшК▒цЩ║цОз_хЕичРГчЩ╝хФо,dataset/2025/02050_13-06-2025_ф╕ЙшК▒цЩ║цОз_хЕичРГчЩ╝хФо.pdf
02076,2076.HK,strip_zero,待补全_02076,待补全_02076,2025-06-25,2025,02076_25-06-2025_я╝вя╝пя╝│я╝│чЫ┤шБШя╝Ня╝╖_шВбф╗╜чЩ╝хФо.pdf,/nfs/users/wuqianqian/IPOI/dataset/2025/02076_25-06-2025_я╝вя╝пя╝│я╝│чЫ┤шБШя╝Ня╝╖_шВбф╗╜чЩ╝хФо.pdf,2025,True,False,,,False,False,True,2025-05-26,65.85,66.05,0.003037205770691008,False,65.0,-0.012908124525436514,69.0,0.04783599088838278,82.35,0.2505694760820046,平稳,,未知,True,False,207,3.1,True,147,False,,中篇(100-299页),я╝вя╝пя╝│я╝│чЫ┤шБШя╝Ня╝╖_шВбф╗╜чЩ╝хФо,dataset/2025/02076_25-06-2025_я╝вя╝пя╝│я╝│чЫ┤шБШя╝Ня╝╖_шВбф╗╜чЩ╝хФо.pdf
02097,2097.HK,strip_zero,蜜雪集团,蜜雪集团,2025-02-21,2025,02097_21-02-2025_шЬЬщЫкщЫЖхЬШ_хЕичРГчЩ╝хФо.pdf,/nfs/users/wuqianqian/IPOI/dataset/2025/02097_21-02-2025_шЬЬщЫкщЫЖхЬШ_хЕичРГчЩ╝хФо.pdf,2025,True,False,,,False,False,True,2025-03-03,262.0,290.0,0.1068702290076336,False,393.4,0.5015267175572519,421.2,0.6076335877862595,584.5,1.2309160305343512,暴涨,,未知,True,False,558,22.04,False,0,True,,超长篇(≥500页),шЬЬщЫкщЫЖхЬШ_хЕичРГчЩ╝хФо,dataset/2025/02097_21-02-2025_шЬЬщЫкщЫЖхЬШ_хЕичРГчЩ╝хФо.pdf
02259,2259.HK,strip_zero,待补全_02259,待补全_02259,2025-09-19,2025,02259_19-09-2025_ч┤лщЗСщ╗ГщЗСхЬЛщЪЫ_хЕичРГчЩ╝хФо.pdf,/nfs/users/wuqianqian/IPOI/dataset/2025/02259_19-09-2025_ч┤лщЗСщ╗ГщЗСхЬЛщЪЫ_хЕичРГчЩ╝хФо.pdf,2025,True,False,,,False,False,True,2025-09-30,111.5,120.6,0.0816143497757847,False,141.3,0.2672645739910315,131.4,0.17847533632287,144.0,0.2914798206278027,平稳,,未知,True,False,2834,38.78,True,152,False,,超长篇(≥500页),ч┤лщЗСщ╗ГщЗСхЬЛщЪЫ_хЕичРГчЩ╝хФо,dataset/2025/02259_19-09-2025_ч┤лщЗСщ╗ГщЗСхЬЛщЪЫ_хЕичРГчЩ╝хФо.pdf
02396,2396.HK,strip_zero,待补全_02396,待补全_02396,2025-12-12,2025,02396_12-12-2025_шПпшКвчФЯчЙйя╝Ня╝в_хЕичРГчЩ╝хФо.pdf,/nfs/users/wuqianqian/IPOI/dataset/2025/02396_12-12-2025_шПпшКвчФЯчЙйя╝Ня╝в_хЕичРГчЩ╝хФо.pdf,2025,True,False,,,False,False,True,2025-12-22,33.8,27.0,-0.20118343195266267,True,16.17,-0.5215976331360945,10.57,-0.6872781065088757,7.15,-0.7884615384615384,暴跌,,未知,True,False,648,30.85,True,145,False,,超长篇(≥500页),шПпшКвчФЯчЙйя╝Ня╝в_хЕичРГчЩ╝хФо,dataset/2025/02396_12-12-2025_шПпшКвчФЯчЙйя╝Ня╝в_хЕичРГчЩ╝хФо.pdf
02408,2408.HK,strip_zero,待补全_02408,待补全_02408,2025-11-27,2025,02408_27-11-2025_щБЗшжЛх░Пщ║╡_хЕичРГчЩ╝хФо.pdf,/nfs/users/wuqianqian/IPOI/dataset/2025/02408_27-11-2025_щБЗшжЛх░Пщ║╡_хЕичРГчЩ╝хФо.pdf,2025,True,False,,,False,False,True,2025-12-05,5.0,5.08,0.016000000000000014,False,5.02,0.003999999999999915,4.53,-0.09399999999999993,4.58,-0.08399999999999999,平稳,,未知,True,False,590,10.92,True,112,False,,超长篇(≥500页),щБЗшжЛх░Пщ║╡_хЕичРГчЩ╝хФо,dataset/2025/02408_27-11-2025_щБЗшжЛх░Пщ║╡_хЕичРГчЩ╝хФо.pdf
02508,2508.HK,strip_zero,待补全_02508,待补全_02508,2025-06-18,2025,02508_18-06-2025_шБЦш▓ЭцЛЙ_хЕичРГчЩ╝хФо.pdf,/nfs/users/wuqianqian/IPOI/dataset/2025/02508_18-06-2025_шБЦш▓ЭцЛЙ_хЕичРГчЩ╝хФо.pdf,2025,True,False,,,False,False,True,2025-06-26,8.45,8.8,0.041420118343195436,False,6.61,-0.2177514792899408,7.17,-0.15147928994082835,6.48,-0.2331360946745561,暴跌,,未知,True,False,672,5.68,True,96,False,,超长篇(≥500页),шБЦш▓ЭцЛЙ_хЕичРГчЩ╝хФо,dataset/2025/02508_18-06-2025_шБЦш▓ЭцЛЙ_хЕичРГчЩ╝хФо.pdf
02513,2513.HK,strip_zero,待补全_02513,待补全_02513,2025-12-30,2025,02513_30-12-2025_цЩ║шнЬ_хЕичРГчЩ╝хФо.pdf,/nfs/users/wuqianqian/IPOI/dataset/2025/02513_30-12-2025_цЩ║шнЬ_хЕичРГчЩ╝хФо.pdf,2025,True,False,,,False,False,True,2026-01-08,120.0,131.5,0.09583333333333334,False,241.0,1.0083333333333333,216.2,0.8016666666666665,936.0,6.8,暴涨,,未知,True,False,504,8.9,True,196,False,,超长篇(≥500页),цЩ║шнЬ_хЕичРГчЩ╝хФо,dataset/2025/02513_30-12-2025_цЩ║шнЬ_хЕичРГчЩ╝хФо.pdf
02525,2525.HK,strip_zero,待补全_02525,待补全_02525,2025-09-08,2025,02525_08-09-2025_чж╛ш│╜я╝Ня╝╖_хЕичРГчЩ╝хФо.pdf,/nfs/users/wuqianqian/IPOI/dataset/2025/02525_08-09-2025_чж╛ш│╜я╝Ня╝╖_хЕичРГчЩ╝хФо.pdf,2025,True,False,,,False,False,True,2025-09-16,229.2,234.0,0.0209424083769634,False,230.0,0.0034904013961606084,181.6,-0.2076788830715532,161.1,-0.29712041884816753,平稳,,未知,True,False,666,8.18,True,185,False,,超长篇(≥500页),чж╛ш│╜я╝Ня╝╖_хЕичРГчЩ╝хФо,dataset/2025/02525_08-09-2025_чж╛ш│╜я╝Ня╝╖_хЕичРГчЩ╝хФо.pdf
02539,2539.HK,strip_zero,待补全_02539,待补全_02539,2025-11-25,2025,02539_25-11-2025_циВцСйчзСцКА_хЕичРГчЩ╝хФо.pdf,/nfs/users/wuqianqian/IPOI/dataset/2025/02539_25-11-2025_циВцСйчзСцКА_хЕичРГчЩ╝хФо.pdf,2025,True,False,,,False,False,True,2025-12-03,64.8,54.5,-0.15895061728395055,True,66.7,0.02932098765432108,35.04,-0.4592592592592593,18.79,-0.7100308641975309,平稳,,未知,True,False,562,9.25,True,166,False,,超长篇(≥500页),циВцСйчзСцКА_хЕичРГчЩ╝хФо,dataset/2025/02539_25-11-2025_циВцСйчзСцКА_хЕичРГчЩ╝хФо.pdf
02543,2543.HK,strip_zero,待补全_02543,待补全_02543,2025-09-01,2025,02543_01-09-2025_хдзшбМчзСх╖е_хЕичРГчЩ╝хФо.pdf,/nfs/users/wuqianqian/IPOI/dataset/2025/02543_01-09-2025_хдзшбМчзСх╖е_хЕичРГчЩ╝хФо.pdf,2025,True,False,,,False,False,True,2025-09-09,67.5,56.9,-0.15703703703703706,True,64.35,-0.04666666666666675,50.85,-0.24666666666666665,41.3,-0.3881481481481482,平稳,,未知,True,False,503,8.78,False,0,True,,超长篇(≥500页),хдзшбМчзСх╖е_хЕичРГчЩ╝хФо,dataset/2025/02543_01-09-2025_хдзшбМчзСх╖е_хЕичРГчЩ╝хФо.pdf
02546,2546.HK,strip_zero,待补全_02546,待补全_02546,2025-12-11,2025,02546_11-12-2025_цЩ║хМпчджцен_хЕичРГчЩ╝хФо.pdf,/nfs/users/wuqianqian/IPOI/dataset/2025/02546_11-12-2025_цЩ║хМпчджцен_хЕичРГчЩ╝хФо.pdf,2025,True,False,,,False,False,True,2025-12-19,10.8,8.6,-0.20370370370370372,True,9.44,-0.12592592592592602,11.6,0.07407407407407397,13.46,0.2462962962962963,破发/走弱,,未知,True,False,804,22.93,False,0,True,,超长篇(≥500页),цЩ║хМпчджцен_хЕичРГчЩ╝хФо,dataset/2025/02546_11-12-2025_цЩ║хМпчджцен_хЕичРГчЩ╝хФо.pdf
02553,2553.HK,,待补全_02553,待补全_02553,2025-06-30,2025,02553_30-06-2025_щжЦщЛ╝цЬЧц╛д_хЕичРГчЩ╝хФо.pdf,/nfs/users/wuqianqian/IPOI/dataset/2025/02553_30-06-2025_щжЦщЛ╝цЬЧц╛д_хЕичРГчЩ╝хФо.pdf,2025,True,False,,,False,False,False,,,,,,,,,,,,无行情,,未知,True,False,731,7.43,True,178,False,,超长篇(≥500页),щжЦщЛ╝цЬЧц╛д_хЕичРГчЩ╝хФо,dataset/2025/02553_30-06-2025_щжЦщЛ╝цЬЧц╛д_хЕичРГчЩ╝хФо.pdf
02561,2561.HK,strip_zero,待补全_02561,待补全_02561,2025-03-13,2025,02561_13-03-2025_ч╢нцШЗшЧеценя╝Ня╝в_хЕичРГчЩ╝хФо.pdf,/nfs/users/wuqianqian/IPOI/dataset/2025/02561_13-03-2025_ч╢нцШЗшЧеценя╝Ня╝в_хЕичРГчЩ╝хФо.pdf,2025,True,False,,,False,False,True,2025-03-21,68.8,68.8,0.0,False,57.25,-0.16787790697674415,48.35,-0.29723837209302323,48.7,-0.2921511627906976,破发/走弱,,未知,True,False,696,6.74,True,122,False,,超长篇(≥500页),ч╢нцШЗшЧеценя╝Ня╝в_хЕичРГчЩ╝хФо,dataset/2025/02561_13-03-2025_ч╢нцШЗшЧеценя╝Ня╝в_хЕичРГчЩ╝хФо.pdf
02565,2565.HK,strip_zero,待补全_02565,待补全_02565,2025-05-19,2025,02565_19-05-2025_ц┤╛ца╝чФЯчЙйщЖлшЧея╝Ня╝в_хЕичРГчЩ╝хФо.pdf,/nfs/users/wuqianqian/IPOI/dataset/2025/02565_19-05-2025_ц┤╛ца╝чФЯчЙйщЖлшЧея╝Ня╝в_хЕичРГчЩ╝хФо.pdf,2025,True,False,,,False,False,True,2025-05-27,13.0,11.56,-0.11076923076923073,True,9.7,-0.2538461538461539,9.07,-0.3023076923076923,30.76,1.3661538461538465,暴跌,,未知,True,False,613,10.92,True,182,False,,超长篇(≥500页),ц┤╛ца╝чФЯчЙйщЖлшЧея╝Ня╝в_хЕичРГчЩ╝хФо,dataset/2025/02565_19-05-2025_ц┤╛ца╝чФЯчЙйщЖлшЧея╝Ня╝в_хЕичРГчЩ╝хФо.pdf
02569,2569.HK,strip_zero,待补全_02569,待补全_02569,2025-03-19,2025,02569_19-03-2025_шИТхп╢хЬЛщЪЫ_хЕичРГчЩ╝хФо.pdf,/nfs/users/wuqianqian/IPOI/dataset/2025/02569_19-03-2025_шИТхп╢хЬЛщЪЫ_хЕичРГчЩ╝хФо.pdf,2025,True,False,,,False,False,True,2025-03-27,0.49,0.67,0.3673469387755103,False,0.5,0.02040816326530614,0.61,0.24489795918367346,1.49,2.0408163265306123,平稳,,未知,True,False,553,10.11,True,159,False,,超长篇(≥500页),шИТхп╢хЬЛщЪЫ_хЕичРГчЩ╝хФо,dataset/2025/02569_19-03-2025_шИТхп╢хЬЛщЪЫ_хЕичРГчЩ╝хФо.pdf
02573,2573.HK,strip_zero,待补全_02573,待补全_02573,2025-05-30,2025,02573_30-05-2025_цЦ░чРкхоЙ_хЕичРГчЩ╝хФо.pdf,/nfs/users/wuqianqian/IPOI/dataset/2025/02573_30-05-2025_цЦ░чРкхоЙ_хЕичРГчЩ╝хФо.pdf,2025,True,False,,,False,False,True,2025-06-10,30.25,22.95,-0.2413223140495868,True,15.72,-0.4803305785123967,12.7,-0.5801652892561984,12.28,-0.5940495867768595,暴跌,,未知,True,False,591,5.35,True,151,False,,超长篇(≥500页),цЦ░чРкхоЙ_хЕичРГчЩ╝хФо,dataset/2025/02573_30-05-2025_цЦ░чРкхоЙ_хЕичРГчЩ╝хФо.pdf
02575,2575.HK,strip_zero,待补全_02575,待补全_02575,2025-10-06,2025,02575_06-10-2025_ш╗Тчл╣чФЯчЙйя╝Ня╝в_хЕичРГчЩ╝хФо.pdf,/nfs/users/wuqianqian/IPOI/dataset/2025/02575_06-10-2025_ш╗Тчл╣чФЯчЙйя╝Ня╝в_хЕичРГчЩ╝хФо.pdf,2025,True,False,,,False,False,True,2025-10-15,29.46,26.3,-0.10726408689748812,True,60.0,1.0366598778004072,64.1,1.1758316361167682,66.5,1.2572980312287847,暴涨,,未知,True,False,732,9.75,False,0,True,,超长篇(≥500页),ш╗Тчл╣чФЯчЙйя╝Ня╝в_хЕичРГчЩ╝хФо,dataset/2025/02575_06-10-2025_ш╗Тчл╣чФЯчЙйя╝Ня╝в_хЕичРГчЩ╝хФо.pdf
02579,2579.HK,strip_zero,待补全_02579,待补全_02579,2025-11-07,2025,02579_07-11-2025_ф╕нхБЙцЦ░цЭР_хЕичРГчЩ╝хФо.pdf,/nfs/users/wuqianqian/IPOI/dataset/2025/02579_07-11-2025_ф╕нхБЙцЦ░цЭР_хЕичРГчЩ╝хФо.pdf,2025,True,False,,,False,False,True,2025-11-17,34.0,33.96,-0.0011764705882352686,True,30.3,-0.10882352941176468,26.44,-0.22235294117647056,37.38,0.09941176470588242,破发/走弱,,未知,True,False,677,53.6,True,137,False,,超长篇(≥500页),ф╕нхБЙцЦ░цЭР_хЕичРГчЩ╝хФо,dataset/2025/02579_07-11-2025_ф╕нхБЙцЦ░цЭР_хЕичРГчЩ╝хФо.pdf
02580,2580.HK,strip_zero,待补全_02580,待补全_02580,2025-08-25,2025,02580_25-08-2025_хезхЕЛцЦпщЫ╗ц░г_хЕичРГчЩ╝хФо.pdf,/nfs/users/wuqianqian/IPOI/dataset/2025/02580_25-08-2025_хезхЕЛцЦпщЫ╗ц░г_хЕичРГчЩ╝хФо.pdf,2025,True,False,,,False,False,True,2025-09-02,16.1,16.48,0.023602484472049625,False,16.1,0.0,14.34,-0.1093167701863355,15.96,-0.008695652173913078,平稳,,未知,True,False,626,31.61,True,219,False,,超长篇(≥500页),хезхЕЛцЦпщЫ╗ц░г_хЕичРГчЩ╝хФо,dataset/2025/02580_25-08-2025_хезхЕЛцЦпщЫ╗ц░г_хЕичРГчЩ╝хФо.pdf
02581,2581.HK,strip_zero,待补全_02581,待补全_02581,2025-12-12,2025,02581_12-12-2025_цШОхЯ║щЖлщЩв_хЕичРГчЩ╝хФо.pdf,/nfs/users/wuqianqian/IPOI/dataset/2025/02581_12-12-2025_цШОхЯ║щЖлщЩв_хЕичРГчЩ╝хФо.pdf,2025,True,False,,,False,False,True,2025-12-22,6.5,4.72,-0.2738461538461539,True,4.11,-0.3676923076923077,4.08,-0.3723076923076923,3.45,-0.4692307692307692,暴跌,,未知,True,False,598,7.51,True,134,False,,超长篇(≥500页),цШОхЯ║щЖлщЩв_хЕичРГчЩ╝хФо,dataset/2025/02581_12-12-2025_цШОхЯ║щЖлщЩв_хЕичРГчЩ╝хФо.pdf
02583,2583.HK,strip_zero,待补全_02583,待补全_02583,2025-09-19,2025,02583_19-09-2025_ше┐цЩох░╝_хЕичРГчЩ╝хФо.pdf,/nfs/users/wuqianqian/IPOI/dataset/2025/02583_19-09-2025_ше┐цЩох░╝_хЕичРГчЩ╝хФо.pdf,2025,True,False,,,False,False,True,2025-09-30,84.0,106.0,0.2619047619047619,False,165.0,0.9642857142857144,164.8,0.961904761904762,168.6,1.0071428571428571,暴涨,,未知,True,False,785,23.28,False,37,True,,超长篇(≥500页),ше┐цЩох░╝_хЕичРГчЩ╝хФо,dataset/2025/02583_19-09-2025_ше┐цЩох░╝_хЕичРГчЩ╝хФо.pdf
02589,2589.HK,strip_zero,沪上阿姨,沪上阿姨,2025-04-28,2025,02589_28-04-2025_ц╗мф╕КщШ┐хзи_хЕичРГчЩ╝хФо.pdf,/nfs/users/wuqianqian/IPOI/dataset/2025/02589_28-04-2025_ц╗мф╕КщШ┐хзи_хЕичРГчЩ╝хФо.pdf,2025,True,False,,,False,False,True,2025-05-08,190.6,158.4,-0.16894018887722975,True,127.7,-0.3300104931794333,124.5,-0.34679958027282265,135.7,-0.2880377754459601,暴跌,,未知,True,False,571,8.19,True,155,False,,超长篇(≥500页),ц╗мф╕КщШ┐хзи_хЕичРГчЩ╝хФо,dataset/2025/02589_28-04-2025_ц╗мф╕КщШ┐хзи_хЕичРГчЩ╝хФо.pdf
02590,2590.HK,strip_zero,待补全_02590,待补全_02590,2025-06-30,2025,02590_30-06-2025_це╡цЩ║хШЙя╝Ня╝╖_хЕичРГчЩ╝хФо.pdf,/nfs/users/wuqianqian/IPOI/dataset/2025/02590_30-06-2025_це╡цЩ║хШЙя╝Ня╝╖_хЕичРГчЩ╝хФо.pdf,2025,True,False,,,False,False,True,2025-07-09,16.9,17.7,0.047337278106508916,False,18.92,0.1195266272189351,18.97,0.12248520710059176,29.7,0.7573964497041421,平稳,,未知,True,False,625,24.66,True,216,False,,超长篇(≥500页),це╡цЩ║хШЙя╝Ня╝╖_хЕичРГчЩ╝хФо,dataset/2025/02590_30-06-2025_це╡цЩ║хШЙя╝Ня╝╖_хЕичРГчЩ╝хФо.pdf
02591,2591.HK,strip_zero,待补全_02591,待补全_02591,2025-08-07,2025,02591_07-08-2025_щКАшл╛щЖлшЧея╝Ня╝в_хЕичРГчЩ╝хФо.pdf,/nfs/users/wuqianqian/IPOI/dataset/2025/02591_07-08-2025_щКАшл╛щЖлшЧея╝Ня╝в_хЕичРГчЩ╝хФо.pdf,2025,True,False,,,False,False,True,2025-08-15,72.0,57.25,-0.2048611111111111,True,53.0,-0.2638888888888889,44.56,-0.3811111111111111,32.94,-0.5425,暴跌,,未知,True,False,624,9.31,True,225,False,,超长篇(≥500页),щКАшл╛щЖлшЧея╝Ня╝в_хЕичРГчЩ╝хФо,dataset/2025/02591_07-08-2025_щКАшл╛щЖлшЧея╝Ня╝в_хЕичРГчЩ╝хФо.pdf
02592,2592.HK,strip_zero,待补全_02592,待补全_02592,2025-06-24,2025,02592_24-06-2025_цТех║╖шжЦщЫ▓я╝Ня╝в_хЕичРГчЩ╝хФо.pdf,/nfs/users/wuqianqian/IPOI/dataset/2025/02592_24-06-2025_цТех║╖шжЦщЫ▓я╝Ня╝в_хЕичРГчЩ╝хФо.pdf,2025,True,False,,,False,False,True,2025-07-03,9.5,6.2,-0.34736842105263155,True,5.8,-0.3894736842105264,5.35,-0.4368421052631579,4.73,-0.5021052631578947,暴跌,,未知,True,False,710,4.9,True,149,False,,超长篇(≥500页),цТех║╖шжЦщЫ▓я╝Ня╝в_хЕичРГчЩ╝хФо,dataset/2025/02592_24-06-2025_цТех║╖шжЦщЫ▓я╝Ня╝в_хЕичРГчЩ╝хФо.pdf
02595,2595.HK,strip_zero,待补全_02595,待补全_02595,2025-09-11,2025,02595_11-09-2025_хЛБцЦ╣щЖлшЧея╝Ня╝в_хЕичРГчЩ╝хФо.pdf,/nfs/users/wuqianqian/IPOI/dataset/2025/02595_11-09-2025_хЛБцЦ╣щЖлшЧея╝Ня╝в_хЕичРГчЩ╝хФо.pdf,2025,True,False,,,False,False,True,2025-09-19,44.0,42.1,-0.04318181818181815,True,38.2,-0.13181818181818175,29.38,-0.3322727272727273,27.36,-0.3781818181818182,破发/走弱,,未知,True,False,724,10.43,True,137,False,,超长篇(≥500页),хЛБцЦ╣щЖлшЧея╝Ня╝в_хЕичРГчЩ╝хФо,dataset/2025/02595_11-09-2025_хЛБцЦ╣щЖлшЧея╝Ня╝в_хЕичРГчЩ╝хФо.pdf
02597,2597.HK,strip_zero,待补全_02597,待补全_02597,2025-06-30,2025,02597_30-06-2025_шиКчЬ╛щАЪф┐б_хЕичРГчЩ╝хФо.pdf,/nfs/users/wuqianqian/IPOI/dataset/2025/02597_30-06-2025_шиКчЬ╛щАЪф┐б_хЕичРГчЩ╝хФо.pdf,2025,True,False,,,False,False,True,2025-07-09,14.52,13.58,-0.06473829201101926,True,13.5,-0.0702479338842975,13.62,-0.0619834710743802,20.8,0.4325068870523417,破发/走弱,,未知,True,False,573,6.79,True,171,False,,超长篇(≥500页),шиКчЬ╛щАЪф┐б_хЕичРГчЩ╝хФо,dataset/2025/02597_30-06-2025_шиКчЬ╛щАЪф┐б_хЕичРГчЩ╝хФо.pdf
02603,2603.HK,strip_zero,待补全_02603,待补全_02603,2025-05-19,2025,02603_19-05-2025_хРЙхоПшВбф╗╜_хЕичРГчЩ╝хФо.pdf,/nfs/users/wuqianqian/IPOI/dataset/2025/02603_19-05-2025_хРЙхоПшВбф╗╜_хЕичРГчЩ╝хФо.pdf,2025,True,False,,,False,False,True,2025-05-27,11.0,10.68,-0.02909090909090912,True,10.0,-0.09090909090909093,10.76,-0.02181818181818184,17.1,0.5545454545454547,破发/走弱,,未知,True,False,683,17.75,True,150,False,,超长篇(≥500页),хРЙхоПшВбф╗╜_хЕичРГчЩ╝хФо,dataset/2025/02603_19-05-2025_хРЙхоПшВбф╗╜_хЕичРГчЩ╝хФо.pdf
02605,2605.HK,strip_zero,METALIGHT,METALIGHT,2025-06-02,2025,02605_02-06-2025_METALIGHT_хЕичРГчЩ╝хФо.pdf,/nfs/users/wuqianqian/IPOI/dataset/2025/02605_02-06-2025_METALIGHT_хЕичРГчЩ╝хФо.pdf,2025,True,False,,,False,False,True,2025-06-10,7.6,6.8,-0.10526315789473682,True,6.83,-0.10131578947368416,6.18,-0.1868421052631579,5.01,-0.3407894736842105,破发/走弱,公司专注于利用时序数据(按时间顺序排列的数据点)来发现及预测分析对象随时间变化的趋势、模式及波动特征。通过利用大数据分析及人工智能技术，公司在各种应用场景中为个人、企业及政府提供精确预测并支持智能决策。,其他,True,False,561,16.89,False,0,True,,超长篇(≥500页),METALIGHT_хЕичРГчЩ╝хФо,dataset/2025/02605_02-06-2025_METALIGHT_хЕичРГчЩ╝хФо.pdf
02609,2609.HK,strip_zero,待补全_02609,待补全_02609,2025-06-13,2025,02609_13-06-2025_ф╜░ц╛дщЖлчЩВ_хЕичРГчЩ╝хФо.pdf,/nfs/users/wuqianqian/IPOI/dataset/2025/02609_13-06-2025_ф╜░ц╛дщЖлчЩВ_хЕичРГчЩ╝хФо.pdf,2025,True,False,,,False,False,True,2025-06-23,5.25,6.0,0.14285714285714285,False,6.17,0.17523809523809522,6.56,0.24952380952380945,13.11,1.497142857142857,平稳,,未知,True,False,797,16.94,True,110,False,,超长篇(≥500页),ф╜░ц╛дщЖлчЩВ_хЕичРГчЩ╝хФо,dataset/2025/02609_13-06-2025_ф╜░ц╛дщЖлчЩВ_хЕичРГчЩ╝хФо.pdf
02610,2610.HK,strip_zero,待补全_02610,待补全_02610,2025-03-17,2025,02610_17-03-2025_хНЧх▒▒щЛБценхЬЛщЪЫ_хЕичРГчЩ╝хФо.pdf,/nfs/users/wuqianqian/IPOI/dataset/2025/02610_17-03-2025_хНЧх▒▒щЛБценхЬЛщЪЫ_хЕичРГчЩ╝хФо.pdf,2025,True,False,,,False,False,True,2025-03-25,26.6,25.25,-0.050751879699248166,True,24.25,-0.08834586466165419,24.3,-0.08646616541353386,30.7,0.15413533834586454,破发/走弱,,未知,True,False,638,16.49,True,208,False,,超长篇(≥500页),хНЧх▒▒щЛБценхЬЛщЪЫ_хЕичРГчЩ╝хФо,dataset/2025/02610_17-03-2025_хНЧх▒▒щЛБценхЬЛщЪЫ_хЕичРГчЩ╝хФо.pdf
02615,2615.HK,,待补全_02615,待补全_02615,2025-11-07,2025,02615_07-11-2025_чЩ╛хИйхдйцБТ_хЕичРГчЩ╝хФо.pdf,/nfs/users/wuqianqian/IPOI/dataset/2025/02615_07-11-2025_чЩ╛хИйхдйцБТ_хЕичРГчЩ╝хФо.pdf,2025,True,False,,,False,False,False,,,,,,,,,,,,无行情,,未知,True,False,857,25.63,True,183,False,,超长篇(≥500页),чЩ╛хИйхдйцБТ_хЕичРГчЩ╝хФо,dataset/2025/02615_07-11-2025_чЩ╛хИйхдйцБТ_хЕичРГчЩ╝хФо.pdf
02617,2617.HK,strip_zero,待补全_02617,待补全_02617,2025-06-13,2025,02617_13-06-2025_шЧецН╖хоЙх║╖я╝Ня╝в_хЕичРГчЩ╝хФо.pdf,/nfs/users/wuqianqian/IPOI/dataset/2025/02617_13-06-2025_шЧецН╖хоЙх║╖я╝Ня╝в_хЕичРГчЩ╝хФо.pdf,2025,True,False,,,False,False,True,2025-06-23,21.65,23.5,0.0854503464203234,False,30.15,0.3926096997690531,31.3,0.445727482678984,192.0,7.868360277136259,暴涨,,未知,True,False,674,22.52,True,138,False,,超长篇(≥500页),шЧецН╖хоЙх║╖я╝Ня╝в_хЕичРГчЩ╝хФо,dataset/2025/02617_13-06-2025_шЧецН╖хоЙх║╖я╝Ня╝в_хЕичРГчЩ╝хФо.pdf
02619,2619.HK,strip_zero,待补全_02619,待补全_02619,2025-06-17,2025,02619_17-06-2025_щжЩц▒ЯщЫ╗хЩи_хЕичРГчЩ╝хФо.pdf,/nfs/users/wuqianqian/IPOI/dataset/2025/02619_17-06-2025_щжЩц▒ЯщЫ╗хЩи_хЕичРГчЩ╝хФо.pdf,2025,True,False,,,False,False,True,2025-06-25,2.65,2.52,-0.04905660377358487,True,2.33,-0.12075471698113202,2.43,-0.08301886792452821,1.95,-0.2641509433962264,破发/走弱,,未知,True,False,676,5.76,True,136,False,,超长篇(≥500页),щжЩц▒ЯщЫ╗хЩи_хЕичРГчЩ╝хФо,dataset/2025/02619_17-06-2025_щжЩц▒ЯщЫ╗хЩи_хЕичРГчЩ╝хФо.pdf
02621,2621.HK,strip_zero,待补全_02621,待补全_02621,2025-05-22,2025,02621_22-05-2025_цЙЛхЫЮщЫЖхЬШ_хЕичРГчЩ╝хФо.pdf,/nfs/users/wuqianqian/IPOI/dataset/2025/02621_22-05-2025_цЙЛхЫЮщЫЖхЬШ_хЕичРГчЩ╝хФо.pdf,2025,True,False,,,False,False,True,2025-05-30,7.5,6.61,-0.11866666666666666,True,5.41,-0.2786666666666667,4.9,-0.3466666666666666,4.94,-0.3413333333333333,暴跌,,未知,True,False,644,20.43,False,0,True,,超长篇(≥500页),цЙЛхЫЮщЫЖхЬШ_хЕичРГчЩ╝хФо,dataset/2025/02621_22-05-2025_цЙЛхЫЮщЫЖхЬШ_хЕичРГчЩ╝хФо.pdf
02625,2625.HK,strip_zero,待补全_02625,待补全_02625,2025-03-21,2025,02625_21-03-2025_ц▒ЯшШЗхоПф┐б_хЕичРГчЩ╝хФо.pdf,/nfs/users/wuqianqian/IPOI/dataset/2025/02625_21-03-2025_ц▒ЯшШЗхоПф┐б_хЕичРГчЩ╝хФо.pdf,2025,True,False,,,False,False,True,2025-03-31,3.44,2.5,-0.2732558139534884,True,2.14,-0.3779069767441861,3.27,-0.04941860465116277,2.78,-0.1918604651162791,暴跌,,未知,True,False,755,5.94,True,183,False,,超长篇(≥500页),ц▒ЯшШЗхоПф┐б_хЕичРГчЩ╝хФо,dataset/2025/02625_21-03-2025_ц▒ЯшШЗхоПф┐б_хЕичРГчЩ╝хФо.pdf
02627,2627.HK,strip_zero,待补全_02627,待补全_02627,2025-07-31,2025,02627_31-07-2025_ф╕нцЕзчФЯчЙйя╝Ня╝в_хЕичРГчЩ╝хФо.pdf,/nfs/users/wuqianqian/IPOI/dataset/2025/02627_31-07-2025_ф╕нцЕзчФЯчЙйя╝Ня╝в_хЕичРГчЩ╝хФо.pdf,2025,True,False,,,False,False,True,2025-08-11,33.0,33.28,0.008484848484848519,False,53.5,0.6212121212121212,48.2,0.4606060606060607,40.0,0.21212121212121213,暴涨,,未知,True,False,637,10.76,True,134,False,,超长篇(≥500页),ф╕нцЕзчФЯчЙйя╝Ня╝в_хЕичРГчЩ╝хФо,dataset/2025/02627_31-07-2025_ф╕нцЕзчФЯчЙйя╝Ня╝в_хЕичРГчЩ╝хФо.pdf
02629,2629.HK,strip_zero,MIRXES-B,MIRXES-B,2025-05-15,2025,02629_15-05-2025_MIRXES-B_хЕичРГчЩ╝хФо.pdf,/nfs/users/wuqianqian/IPOI/dataset/2025/02629_15-05-2025_MIRXES-B_хЕичРГчЩ╝хФо.pdf,2025,True,False,,,False,True,True,2025-05-23,29.0,30.0,0.03448275862068965,False,29.2,0.006896551724137907,34.65,0.1948275862068965,45.98,0.5855172413793103,平稳,miRNA检测试剂盒;分子癌症筛查行业;IVD产品;RNA技术;疾病早期检测市场,其他,True,False,780,11.46,True,147,False,,超长篇(≥500页),MIRXES-B_хЕичРГчЩ╝хФо,dataset/2025/02629_15-05-2025_MIRXES-B_хЕичРГчЩ╝хФо.pdf
02630,2630.HK,strip_zero,待补全_02630,待补全_02630,2025-10-28,2025,02630_28-10-2025_цЧ║х▒▒цЧ║ц░┤я╝Ня╝в_хЕичРГчЩ╝хФо.pdf,/nfs/users/wuqianqian/IPOI/dataset/2025/02630_28-10-2025_цЧ║х▒▒цЧ║ц░┤я╝Ня╝в_хЕичРГчЩ╝хФо.pdf,2025,True,False,,,False,False,True,2025-11-06,95.0,82.0,-0.1368421052631579,True,55.05,-0.4205263157894737,76.1,-0.19894736842105268,98.0,0.03157894736842105,暴跌,,未知,True,False,733,11.06,True,195,False,,超长篇(≥500页),цЧ║х▒▒цЧ║ц░┤я╝Ня╝в_хЕичРГчЩ╝хФо,dataset/2025/02630_28-10-2025_цЧ║х▒▒цЧ║ц░┤я╝Ня╝в_хЕичРГчЩ╝хФо.pdf
02631,2631.HK,strip_zero,待补全_02631,待补全_02631,2025-08-11,2025,02631_11-08-2025_хдйх▓│хЕИщА▓_хЕичРГчЩ╝хФо.pdf,/nfs/users/wuqianqian/IPOI/dataset/2025/02631_11-08-2025_хдйх▓│хЕИщА▓_хЕичРГчЩ╝хФо.pdf,2025,True,False,,,False,False,True,2025-08-20,45.6,45.54,-0.0013157894736842606,True,43.8,-0.03947368421052641,58.55,0.2839912280701753,54.0,0.18421052631578946,平稳,,未知,True,False,673,5.19,True,152,False,,超长篇(≥500页),хдйх▓│хЕИщА▓_хЕичРГчЩ╝хФо,dataset/2025/02631_11-08-2025_хдйх▓│хЕИщА▓_хЕичРГчЩ╝хФо.pdf
02635,2635.HK,strip_zero,待补全_02635,待补全_02635,2025-12-15,2025,02635_15-12-2025_шл╛цпФф╛Г_хЕичРГчЩ╝хФо.pdf,/nfs/users/wuqianqian/IPOI/dataset/2025/02635_15-12-2025_шл╛цпФф╛Г_хЕичРГчЩ╝хФо.pdf,2025,True,False,,,False,False,True,2025-12-23,319.8,371.0,0.1601000625390869,False,345.4,0.08005003126954335,384.8,0.2032520325203252,55.55,-0.8262976860537836,平稳,,未知,True,False,700,7.8,True,178,False,,超长篇(≥500页),шл╛цпФф╛Г_хЕичРГчЩ╝хФо,dataset/2025/02635_15-12-2025_шл╛цпФф╛Г_хЕичРГчЩ╝хФо.pdf
02637,2637.HK,strip_zero,待补全_02637,待补全_02637,2025-10-09,2025,02637_09-10-2025_ц╡╖ше┐цЦ░шЧе_хЕичРГчЩ╝хФо.pdf,/nfs/users/wuqianqian/IPOI/dataset/2025/02637_09-10-2025_ц╡╖ше┐цЦ░шЧе_хЕичРГчЩ╝хФо.pdf,2025,True,False,,,False,False,True,2025-10-20,102.0,104.2,0.02156862745098042,False,112.9,0.10686274509803928,130.8,0.2823529411764707,161.5,0.5833333333333334,平稳,,未知,True,False,648,8.09,True,133,False,,超长篇(≥500页),ц╡╖ше┐цЦ░шЧе_хЕичРГчЩ╝хФо,dataset/2025/02637_09-10-2025_ц╡╖ше┐цЦ░шЧе_хЕичРГчЩ╝хФо.pdf
02643,2643.HK,strip_zero,待补全_02643,待补全_02643,2025-06-17,2025,02643_17-06-2025_цЫ╣цУНхЗ║шбМ_хЕичРГчЩ╝хФо.pdf,/nfs/users/wuqianqian/IPOI/dataset/2025/02643_17-06-2025_цЫ╣цУНхЗ║шбМ_хЕичРГчЩ╝хФо.pdf,2025,True,False,,,False,False,True,2025-06-25,33.8,36.0,0.0650887573964498,False,35.15,0.03994082840236692,41.15,0.2174556213017752,54.7,0.6183431952662725,平稳,,未知,True,False,658,9.45,False,0,True,,超长篇(≥500页),цЫ╣цУНхЗ║шбМ_хЕичРГчЩ╝хФо,dataset/2025/02643_17-06-2025_цЫ╣цУНхЗ║шбМ_хЕичРГчЩ╝хФо.pdf
02648,2648.HK,strip_zero,待补全_02648,待补全_02648,2025-06-25,2025,02648_25-06-2025_хоЙф║ХщгЯхУБ_хЕичРГчЩ╝хФо.pdf,/nfs/users/wuqianqian/IPOI/dataset/2025/02648_25-06-2025_хоЙф║ХщгЯхУБ_хЕичРГчЩ╝хФо.pdf,2025,True,False,,,False,False,True,2025-07-04,60.0,57.0,-0.05,True,60.05,0.000833333333333286,60.55,0.00916666666666662,59.4,-0.010000000000000023,平稳,,未知,True,False,584,17.33,True,134,False,,超长篇(≥500页),хоЙф║ХщгЯхУБ_хЕичРГчЩ╝хФо,dataset/2025/02648_25-06-2025_хоЙф║ХщгЯхУБ_хЕичРГчЩ╝хФо.pdf
02651,2651.HK,strip_zero,待补全_02651,待补全_02651,2025-06-30,2025,02651_30-06-2025_хдзчЬ╛хПгшЕФ_хЕичРГчЩ╝хФо.pdf,/nfs/users/wuqianqian/IPOI/dataset/2025/02651_30-06-2025_хдзчЬ╛хПгшЕФ_хЕичРГчЩ╝хФо.pdf,2025,True,False,,,False,False,True,2025-07-09,24.0,20.7,-0.13750000000000004,True,17.9,-0.2541666666666667,14.5,-0.3958333333333333,13.29,-0.44625,暴跌,,未知,True,False,599,6.82,True,128,False,,超长篇(≥500页),хдзчЬ╛хПгшЕФ_хЕичРГчЩ╝хФо,dataset/2025/02651_30-06-2025_хдзчЬ╛хПгшЕФ_хЕичРГчЩ╝хФо.pdf
02655,2655.HK,strip_zero,待补全_02655,待补全_02655,2025-12-08,2025,02655_08-12-2025_цЮЬф╕ЛчзСцКА_хЕичРГчЩ╝хФо.pdf,/nfs/users/wuqianqian/IPOI/dataset/2025/02655_08-12-2025_цЮЬф╕ЛчзСцКА_хЕичРГчЩ╝хФо.pdf,2025,True,False,,,False,False,True,2025-12-16,38.0,43.8,0.15263157894736834,False,41.76,0.09894736842105258,59.95,0.5776315789473685,46.44,0.22210526315789467,平稳,,未知,True,False,652,11.19,True,116,False,,超长篇(≥500页),цЮЬф╕ЛчзСцКА_хЕичРГчЩ╝хФо,dataset/2025/02655_08-12-2025_цЮЬф╕ЛчзСцКА_хЕичРГчЩ╝хФо.pdf
02656,2656.HK,strip_zero,待补全_02656,待补全_02656,2025-09-09,2025,02656_09-09-2025_хБех║╖я╝Ся╝Ця╝Р_хЕичРГчЩ╝хФо.pdf,/nfs/users/wuqianqian/IPOI/dataset/2025/02656_09-09-2025_хБех║╖я╝Ся╝Ця╝Р_хЕичРГчЩ╝хФо.pdf,2025,True,False,,,False,False,True,2025-09-17,29.98,28.22,-0.058705803869246224,True,28.5,-0.0493662441627752,38.82,0.2948632421614409,50.2,0.6744496330887259,平稳,,未知,True,False,741,6.69,True,132,False,,超长篇(≥500页),хБех║╖я╝Ся╝Ця╝Р_хЕичРГчЩ╝хФо,dataset/2025/02656_09-09-2025_хБех║╖я╝Ся╝Ця╝Р_хЕичРГчЩ╝хФо.pdf
02657,2657.HK,strip_zero,待补全_02657,待补全_02657,2025-12-18,2025,02657_18-12-2025_цЮЧц╕Еш╗Т_хЕичРГчЩ╝хФо.pdf,/nfs/users/wuqianqian/IPOI/dataset/2025/02657_18-12-2025_цЮЧц╕Еш╗Т_хЕичРГчЩ╝хФо.pdf,2025,True,False,,,False,False,True,2025-12-30,85.0,85.0,0.0,False,83.0,-0.023529411764705882,84.5,-0.005882352941176471,63.0,-0.25882352941176473,平稳,,未知,True,False,599,19.31,True,139,False,,超长篇(≥500页),цЮЧц╕Еш╗Т_хЕичРГчЩ╝хФо,dataset/2025/02657_18-12-2025_цЮЧц╕Еш╗Т_хЕичРГчЩ╝хФо.pdf
02658,2658.HK,strip_zero,待补全_02658,待补全_02658,2025-11-27,2025,02658_27-11-2025_хдйхЯЯхНКх░ОщлФ_хЕичРГчЩ╝хФо.pdf,/nfs/users/wuqianqian/IPOI/dataset/2025/02658_27-11-2025_хдйхЯЯхНКх░ОщлФ_хЕичРГчЩ╝хФо.pdf,2025,True,False,,,False,False,True,2025-12-05,38.0,40.5,0.06578947368421052,False,45.42,0.1952631578947369,47.0,0.2368421052631579,46.74,0.2300000000000001,平稳,,未知,True,False,706,10.82,True,82,False,,超长篇(≥500页),хдйхЯЯхНКх░ОщлФ_хЕичРГчЩ╝хФо,dataset/2025/02658_27-11-2025_хдйхЯЯхНКх░ОщлФ_хЕичРГчЩ╝хФо.pdf
02659,2659.HK,strip_zero,待补全_02659,待补全_02659,2025-12-02,2025,02659_02-12-2025_хп╢ц┐ЯшЧеценя╝Ня╝в_хЕичРГчЩ╝хФо.pdf,/nfs/users/wuqianqian/IPOI/dataset/2025/02659_02-12-2025_хп╢ц┐ЯшЧеценя╝Ня╝в_хЕичРГчЩ╝хФо.pdf,2025,True,False,,,False,False,True,2025-12-10,60.5,63.0,0.04132231404958678,False,72.2,0.19338842975206616,79.6,0.3157024793388429,113.8,0.88099173553719,平稳,,未知,True,False,724,11.12,True,125,False,,超长篇(≥500页),хп╢ц┐ЯшЧеценя╝Ня╝в_хЕичРГчЩ╝хФо,dataset/2025/02659_02-12-2025_хп╢ц┐ЯшЧеценя╝Ня╝в_хЕичРГчЩ╝хФо.pdf
02661,2661.HK,strip_zero,待补全_02661,待补全_02661,2025-12-15,2025,02661_15-12-2025_ш╝ХщмЖхБех║╖_хЕичРГчЩ╝хФо.pdf,/nfs/users/wuqianqian/IPOI/dataset/2025/02661_15-12-2025_ш╝ХщмЖхБех║╖_хЕичРГчЩ╝хФо.pdf,2025,True,False,,,False,False,True,2025-12-23,50.0,58.7,0.17400000000000004,False,74.7,0.4940000000000001,100.8,1.016,156.4,2.128,暴涨,,未知,True,False,444,12.9,True,137,False,,长篇(300-499页),ш╝ХщмЖхБех║╖_хЕичРГчЩ╝хФо,dataset/2025/02661_15-12-2025_ш╝ХщмЖхБех║╖_хЕичРГчЩ╝хФо.pdf
02670,2670.HK,strip_zero,待补全_02670,待补全_02670,2025-10-08,2025,02670_08-10-2025_щЫ▓ш┐╣_хЕичРГчЩ╝хФо.pdf,/nfs/users/wuqianqian/IPOI/dataset/2025/02670_08-10-2025_щЫ▓ш┐╣_хЕичРГчЩ╝хФо.pdf,2025,True,False,,,False,False,True,2025-10-16,142.8,120.5,-0.15616246498599445,True,123.5,-0.13515406162464993,114.4,-0.1988795518207283,116.5,-0.1841736694677872,破发/走弱,,未知,True,False,694,8.55,True,168,False,,超长篇(≥500页),щЫ▓ш┐╣_хЕичРГчЩ╝хФо,dataset/2025/02670_08-10-2025_щЫ▓ш┐╣_хЕичРГчЩ╝хФо.pdf
02671,2671.HK,strip_zero,待补全_02671,待补全_02671,2025-12-18,2025,02671_18-12-2025_ч╛ОшБпшВбф╗╜_хЕичРГчЩ╝хФо.pdf,/nfs/users/wuqianqian/IPOI/dataset/2025/02671_18-12-2025_ч╛ОшБпшВбф╗╜_хЕичРГчЩ╝хФо.pdf,2025,True,False,,,False,False,True,2025-12-30,8.21,7.64,-0.06942752740560305,True,7.4,-0.09866017052375158,5.0,-0.3909866017052376,4.07,-0.5042630937880633,破发/走弱,,未知,True,False,706,15.77,True,166,False,,超长篇(≥500页),ч╛ОшБпшВбф╗╜_хЕичРГчЩ╝хФо,dataset/2025/02671_18-12-2025_ч╛ОшБпшВбф╗╜_хЕичРГчЩ╝хФо.pdf
02675,2675.HK,strip_zero,待补全_02675,待补全_02675,2025-12-30,2025,02675_30-12-2025_ч▓╛щЛТщЖлчЩВя╝Ня╝в_хЕичРГчЩ╝хФо.pdf,/nfs/users/wuqianqian/IPOI/dataset/2025/02675_30-12-2025_ч▓╛щЛТщЖлчЩВя╝Ня╝в_хЕичРГчЩ╝хФо.pdf,2025,True,False,,,False,False,True,2026-01-08,59.0,56.6,-0.040677966101694885,True,67.25,0.13983050847457626,58.8,-0.003389830508474625,55.0,-0.06779661016949153,平稳,,未知,True,False,707,8.87,True,176,False,,超长篇(≥500页),ч▓╛щЛТщЖлчЩВя╝Ня╝в_хЕичРГчЩ╝хФо,dataset/2025/02675_30-12-2025_ч▓╛щЛТщЖлчЩВя╝Ня╝в_хЕичРГчЩ╝хФо.pdf
02676,2676.HK,strip_zero,待补全_02676,待补全_02676,2025-11-28,2025,02676_28-11-2025_ч┤НшКпх╛о_хЕичРГчЩ╝хФо.pdf,/nfs/users/wuqianqian/IPOI/dataset/2025/02676_28-11-2025_ч┤НшКпх╛о_хЕичРГчЩ╝хФо.pdf,2025,True,False,,,False,False,True,2025-12-08,116.0,111.0,-0.04310344827586207,True,113.1,-0.02500000000000005,144.7,0.2474137931034482,137.2,0.18275862068965507,平稳,,未知,True,False,639,12.29,True,148,False,,超长篇(≥500页),ч┤НшКпх╛о_хЕичРГчЩ╝хФо,dataset/2025/02676_28-11-2025_ч┤НшКпх╛о_хЕичРГчЩ╝хФо.pdf
02685,2685.HK,strip_zero,待补全_02685,待补全_02685,2025-11-19,2025,02685_19-11-2025_щЗПхМЦц┤╛_хЕичРГчЩ╝хФо.pdf,/nfs/users/wuqianqian/IPOI/dataset/2025/02685_19-11-2025_щЗПхМЦц┤╛_хЕичРГчЩ╝хФо.pdf,2025,True,False,,,False,False,True,2025-11-27,26.0,18.5,-0.28846153846153844,True,28.4,0.09230769230769226,27.12,0.04307692307692312,32.6,0.2538461538461539,平稳,,未知,True,False,491,21.54,True,97,False,,长篇(300-499页),щЗПхМЦц┤╛_хЕичРГчЩ╝хФо,dataset/2025/02685_19-11-2025_щЗПхМЦц┤╛_хЕичРГчЩ╝хФо.pdf
02687,2687.HK,strip_zero,待补全_02687,待补全_02687,2025-11-28,2025,02687_28-11-2025_хНУш╢КчЭ┐цЦ░_хЕичРГчЩ╝хФо.pdf,/nfs/users/wuqianqian/IPOI/dataset/2025/02687_28-11-2025_хНУш╢КчЭ┐цЦ░_хЕичРГчЩ╝хФо.pdf,2025,True,False,,,False,False,True,2025-12-08,83.6,126.4,0.5119617224880384,False,162.0,0.9377990430622012,159.8,0.9114832535885172,143.1,0.7117224880382775,暴涨,,未知,True,False,496,17.67,True,95,False,,长篇(300-499页),хНУш╢КчЭ┐цЦ░_хЕичРГчЩ╝хФо,dataset/2025/02687_28-11-2025_хНУш╢КчЭ┐цЦ░_хЕичРГчЩ╝хФо.pdf
02691,2691.HK,strip_zero,待补全_02691,待补全_02691,2025-12-12,2025,02691_12-12-2025_хНЧшПпцЬЯш▓ишВбф╗╜_хЕичРГчЩ╝хФо.pdf,/nfs/users/wuqianqian/IPOI/dataset/2025/02691_12-12-2025_хНЧшПпцЬЯш▓ишВбф╗╜_хЕичРГчЩ╝хФо.pdf,2025,True,False,,,False,False,True,2025-12-22,9.13,9.1,-0.0032858707557503982,True,9.91,0.08543263964950704,10.63,0.16429353778751368,11.54,0.2639649507119385,平稳,,未知,True,False,692,8.39,True,262,False,,超长篇(≥500页),хНЧшПпцЬЯш▓ишВбф╗╜_хЕичРГчЩ╝хФо,dataset/2025/02691_12-12-2025_хНЧшПпцЬЯш▓ишВбф╗╜_хЕичРГчЩ╝хФо.pdf
02693,2693.HK,strip_zero,待补全_02693,待补全_02693,2025-11-25,2025,02693_25-11-2025_щЗСх▓йщлШх╢║цЦ░цЭР_хЕичРГчЩ╝хФо.pdf,/nfs/users/wuqianqian/IPOI/dataset/2025/02693_25-11-2025_щЗСх▓йщлШх╢║цЦ░цЭР_хЕичРГчЩ╝хФо.pdf,2025,True,False,,,False,False,True,2025-12-03,9.3,7.46,-0.19784946236559145,True,6.46,-0.30537634408602155,4.36,-0.5311827956989247,4.55,-0.5107526881720431,暴跌,,未知,True,False,860,28.96,True,135,False,,超长篇(≥500页),щЗСх▓йщлШх╢║цЦ░цЭР_хЕичРГчЩ╝хФо,dataset/2025/02693_25-11-2025_щЗСх▓йщлШх╢║цЦ░цЭР_хЕичРГчЩ╝хФо.pdf
02695,2695.HK,strip_zero,待补全_02695,待补全_02695,2025-12-12,2025,02695_12-12-2025_хН░ш▒бхдзч┤ЕшвН_хЕичРГчЩ╝хФо.pdf,/nfs/users/wuqianqian/IPOI/dataset/2025/02695_12-12-2025_хН░ш▒бхдзч┤ЕшвН_хЕичРГчЩ╝хФо.pdf,2025,True,False,,,False,False,True,2025-12-22,3.26,2.33,-0.2852760736196318,True,2.12,-0.34969325153374226,2.33,-0.2852760736196318,1.84,-0.4355828220858895,暴跌,,未知,True,False,634,16.04,False,0,True,,超长篇(≥500页),хН░ш▒бхдзч┤ЕшвН_хЕичРГчЩ╝хФо,dataset/2025/02695_12-12-2025_хН░ш▒бхдзч┤ЕшвН_хЕичРГчЩ╝хФо.pdf
02698,2698.HK,strip_zero,待补全_02698,待补全_02698,2025-10-31,2025,02698_31-10-2025_циВшИТщБй_хЕичРГчЩ╝хФо.pdf,/nfs/users/wuqianqian/IPOI/dataset/2025/02698_31-10-2025_циВшИТщБй_хЕичРГчЩ╝хФо.pdf,2025,True,True,8.5,主板,True,False,True,2025-11-10,34.98,33.0,-0.05660377358490558,True,30.84,-0.11835334476843905,29.9,-0.14522584333905084,31.4,-0.10234419668381928,破发/走弱,,未知,True,False,631,16.34,True,118,False,,超长篇(≥500页),циВшИТщБй_хЕичРГчЩ╝хФо,dataset/2025/02698_31-10-2025_циВшИТщБй_хЕичРГчЩ╝хФо.pdf
02718,2718.HK,strip_zero,待补全_02718,待补全_02718,2025-10-23,2025,02718_23-10-2025_цШОчХечзСцКАя╝Ня╝╖_хЕичРГчЩ╝хФо.pdf,/nfs/users/wuqianqian/IPOI/dataset/2025/02718_23-10-2025_цШОчХечзСцКАя╝Ня╝╖_хЕичРГчЩ╝хФо.pdf,2025,True,False,,,False,False,True,2025-11-03,280.0,290.6,0.037857142857142936,False,221.6,-0.2085714285714286,200.0,-0.2857142857142857,256.8,-0.08285714285714281,暴跌,,未知,True,False,781,13.06,True,137,False,,超长篇(≥500页),цШОчХечзСцКАя╝Ня╝╖_хЕичРГчЩ╝хФо,dataset/2025/02718_23-10-2025_цШОчХечзСцКАя╝Ня╝╖_хЕичРГчЩ╝хФо.pdf
02788,2788.HK,strip_zero,待补全_02788,待补全_02788,2025-11-14,2025,02788_14-11-2025_хЙ╡цЦ░хпжцен_хЕичРГчЩ╝хФо.pdf,/nfs/users/wuqianqian/IPOI/dataset/2025/02788_14-11-2025_хЙ╡цЦ░хпжцен_хЕичРГчЩ╝хФо.pdf,2025,True,False,,,False,False,True,2025-11-24,15.2,14.59,-0.040131578947368386,True,17.52,0.15263157894736845,20.26,0.3328947368421054,24.24,0.5947368421052631,平稳,,未知,True,False,654,9.71,True,119,False,,超长篇(≥500页),хЙ╡цЦ░хпжцен_хЕичРГчЩ╝хФо,dataset/2025/02788_14-11-2025_хЙ╡цЦ░хпжцен_хЕичРГчЩ╝хФо.pdf
02865,2865.HK,strip_zero,待补全_02865,待补全_02865,2025-04-28,2025,02865_28-04-2025_щИЮщБФшВбф╗╜_хЕичРГчЩ╝хФо.pdf,/nfs/users/wuqianqian/IPOI/dataset/2025/02865_28-04-2025_щИЮщБФшВбф╗╜_хЕичРГчЩ╝хФо.pdf,2025,True,False,,,False,False,True,2025-05-08,22.2,26.6,0.1981981981981983,False,22.95,0.03378378378378378,24.1,0.08558558558558567,22.2,0.0,平稳,,未知,True,False,712,9.58,True,167,False,,超长篇(≥500页),щИЮщБФшВбф╗╜_хЕичРГчЩ╝хФо,dataset/2025/02865_28-04-2025_щИЮщБФшВбф╗╜_хЕичРГчЩ╝хФо.pdf
03288,3288.HK,strip_zero,海天味业,海天味业,2025-06-11,2025,03288_11-06-2025_ц╡╖хдйхС│цен_хЕичРГчЩ╝хФо.pdf,/nfs/users/wuqianqian/IPOI/dataset/2025/03288_11-06-2025_ц╡╖хдйхС│цен_хЕичРГчЩ╝хФо.pdf,2025,True,False,,,False,False,True,2025-06-19,37.5,36.5,-0.02666666666666667,True,35.05,-0.06533333333333341,35.7,-0.047999999999999925,34.72,-0.07413333333333337,破发/走弱,,未知,True,False,562,10.42,True,154,False,,超长篇(≥500页),ц╡╖хдйхС│цен_хЕичРГчЩ╝хФо,dataset/2025/03288_11-06-2025_ц╡╖хдйхС│цен_хЕичРГчЩ╝хФо.pdf
03317,3317.HK,strip_zero,待补全_03317,待补全_03317,2025-12-18,2025,03317_18-12-2025_ш┐ЕчнЦ_хЕичРГчЩ╝хФо.pdf,/nfs/users/wuqianqian/IPOI/dataset/2025/03317_18-12-2025_ш┐ЕчнЦ_хЕичРГчЩ╝хФо.pdf,2025,True,False,,,False,False,True,2025-12-30,48.02,48.5,0.0099958350687213,False,48.74,0.014993752603082024,57.6,0.1995002082465639,204.2,3.2523948354852137,平稳,,未知,True,False,552,6.07,True,130,False,,超长篇(≥500页),ш┐ЕчнЦ_хЕичРГчЩ╝хФо,dataset/2025/03317_18-12-2025_ш┐ЕчнЦ_хЕичРГчЩ╝хФо.pdf
03378,3378.HK,strip_zero,待补全_03378,待补全_03378,2025-12-15,2025,03378_15-12-2025_ч┐░цАЭшЙ╛ц│░я╝Ня╝в_хЕичРГчЩ╝хФо.pdf,/nfs/users/wuqianqian/IPOI/dataset/2025/03378_15-12-2025_ч┐░цАЭшЙ╛ц│░я╝Ня╝в_хЕичРГчЩ╝хФо.pdf,2025,True,False,,,False,False,True,2025-12-23,28.9,17.2,-0.4048442906574394,True,17.06,-0.4096885813148789,17.1,-0.4083044982698961,28.28,-0.021453287197231743,暴跌,,未知,True,False,704,11.66,True,152,False,,超长篇(≥500页),ч┐░цАЭшЙ╛ц│░я╝Ня╝в_хЕичРГчЩ╝хФо,dataset/2025/03378_15-12-2025_ч┐░цАЭшЙ╛ц│░я╝Ня╝в_хЕичРГчЩ╝хФо.pdf
03636,3636.HK,strip_zero,待补全_03636,待补全_03636,2025-12-31,2025,03636_31-12-2025_щЗСц╜пш│Зц║Р_хЕичРГчЩ╝хФо.pdf,/nfs/users/wuqianqian/IPOI/dataset/2025/03636_31-12-2025_щЗСц╜пш│Зц║Р_хЕичРГчЩ╝хФо.pdf,2025,True,False,,,False,False,True,2026-01-09,38.0,37.8,-0.0052631578947369174,True,39.38,0.03631578947368428,39.6,0.042105263157894784,25.4,-0.3315789473684211,平稳,,未知,True,False,576,6.11,True,191,False,,超长篇(≥500页),щЗСц╜пш│Зц║Р_хЕичРГчЩ╝хФо,dataset/2025/03636_31-12-2025_щЗСц╜пш│Зц║Р_хЕичРГчЩ╝хФо.pdf
03677,3677.HK,strip_zero,待补全_03677,待补全_03677,2025-04-03,2025,03677_03-04-2025_цнгхКЫцЦ░шГ╜_хЕичРГчЩ╝хФо.pdf,/nfs/users/wuqianqian/IPOI/dataset/2025/03677_03-04-2025_цнгхКЫцЦ░шГ╜_хЕичРГчЩ╝хФо.pdf,2025,True,False,,,False,False,True,2025-04-14,8.46,8.39,-0.00827423167848703,True,8.33,-0.015366430260047371,9.32,0.10165484633569732,10.18,0.20330969267139465,平稳,,未知,True,False,692,7.69,True,231,False,,超长篇(≥500页),цнгхКЫцЦ░шГ╜_хЕичРГчЩ╝хФо,dataset/2025/03677_03-04-2025_цнгхКЫцЦ░шГ╜_хЕичРГчЩ╝хФо.pdf
03696,3696.HK,strip_zero,待补全_03696,待补全_03696,2025-12-18,2025,03696_18-12-2025_шЛ▒чЯ╜цЩ║шГ╜_хЕичРГчЩ╝хФо.pdf,/nfs/users/wuqianqian/IPOI/dataset/2025/03696_18-12-2025_шЛ▒чЯ╜цЩ║шГ╜_хЕичРГчЩ╝хФо.pdf,2025,True,False,,,False,False,True,2025-12-30,35.0,29.98,-0.1434285714285714,True,40.5,0.15714285714285714,59.7,0.7057142857142858,58.7,0.6771428571428573,平稳,,未知,True,False,672,27.51,True,143,False,,超长篇(≥500页),шЛ▒чЯ╜цЩ║шГ╜_хЕичРГчЩ╝хФо,dataset/2025/03696_18-12-2025_шЛ▒чЯ╜цЩ║шГ╜_хЕичРГчЩ╝хФо.pdf
03750,3750.HK,strip_zero,宁德时代,宁德时代,2025-05-12,2025,03750_12-05-2025_хпзх╛╖цЩВф╗г_хЕичРГчЩ╝хФо.pdf,/nfs/users/wuqianqian/IPOI/dataset/2025/03750_12-05-2025_хпзх╛╖цЩВф╗г_хЕичРГчЩ╝хФо.pdf,2025,True,False,,,False,False,True,2025-05-20,296.0,306.2,0.03445945945945942,False,309.0,0.04391891891891892,310.0,0.0472972972972973,422.6,0.4277027027027028,平稳,,未知,True,False,626,5.98,True,355,False,,超长篇(≥500页),хпзх╛╖цЩВф╗г_хЕичРГчЩ╝хФо,dataset/2025/03750_12-05-2025_хпзх╛╖цЩВф╗г_хЕичРГчЩ╝хФо.pdf
03858,3858.HK,strip_zero,待补全_03858,待补全_03858,2025-08-20,2025,03858_20-08-2025_ф╜│щСлхЬЛщЪЫш│Зц║Р_хЕичРГчЩ╝хФо.pdf,/nfs/users/wuqianqian/IPOI/dataset/2025/03858_20-08-2025_ф╜│щСлхЬЛщЪЫш│Зц║Р_хЕичРГчЩ╝хФо.pdf,2025,True,False,,,False,False,True,2025-08-28,22.8,30.34,0.3307017543859649,False,32.06,0.40614035087719297,27.82,0.2201754385964912,32.5,0.425438596491228,暴涨,,未知,True,False,955,34.31,True,145,False,,超长篇(≥500页),ф╜│щСлхЬЛщЪЫш│Зц║Р_хЕичРГчЩ╝хФо,dataset/2025/03858_20-08-2025_ф╜│щСлхЬЛщЪЫш│Зц║Р_хЕичРГчЩ╝хФо.pdf
03880,3880.HK,strip_zero,待补全_03880,待补全_03880,2025-06-20,2025,03880_20-06-2025_ц│░х╛╖щЖлшЧе_хЕичРГчЩ╝хФо.pdf,/nfs/users/wuqianqian/IPOI/dataset/2025/03880_20-06-2025_ц│░х╛╖щЖлшЧе_хЕичРГчЩ╝хФо.pdf,2025,True,False,,,False,False,True,2025-06-30,30.3,30.8,0.0165016501650165,False,31.1,0.026402640264026424,34.15,0.12706270627062702,30.6,0.009900990099009924,平稳,,未知,True,False,571,7.93,True,102,False,,超长篇(≥500页),ц│░х╛╖щЖлшЧе_хЕичРГчЩ╝хФо,dataset/2025/03880_20-06-2025_ц│░х╛╖щЖлшЧе_хЕичРГчЩ╝хФо.pdf
03881,3881.HK,strip_zero,待补全_03881,待补全_03881,2025-12-11,2025,03881_11-12-2025_х╕Мш┐кцЩ║щзХ_хЕичРГчЩ╝хФо.pdf,/nfs/users/wuqianqian/IPOI/dataset/2025/03881_11-12-2025_х╕Мш┐кцЩ║щзХ_хЕичРГчЩ╝хФо.pdf,2025,True,True,0.76,主板,True,False,True,2025-12-19,263.0,227.0,-0.13688212927756654,True,223.0,-0.1520912547528517,245.6,-0.06615969581749051,22.36,-0.9149809885931558,破发/走弱,,未知,True,False,806,14.36,True,86,False,,超长篇(≥500页),х╕Мш┐кцЩ║щзХ_хЕичРГчЩ╝хФо,dataset/2025/03881_11-12-2025_х╕Мш┐кцЩ║щзХ_хЕичРГчЩ╝хФо.pdf
03887,3887.HK,strip_zero,HASHKEY,HASHKEY,2025-12-09,2025,03887_09-12-2025_HASHKEY HLDGS_хЕичРГчЩ╝хФо.pdf,/nfs/users/wuqianqian/IPOI/dataset/2025/03887_09-12-2025_HASHKEY HLDGS_хЕичРГчЩ╝хФо.pdf,2025,True,False,,,False,False,True,2025-12-17,6.7,6.67,-0.004477611940298544,True,5.73,-0.14477611940298504,7.5,0.11940298507462685,4.84,-0.2776119402985075,破发/走弱,公司提供一个持牌数字资产平台以提供(i)交易促成服务、(ii)链上服务及(iii)资产管理服务。公司的平台具备发行和流通代币化现实世界资产的能力，并已推出HashKey链－一个可扩展且具互操作性的Layer2基础架构，专为支持链上迁移而设计。,其他,True,False,684,6.99,True,93,False,,超长篇(≥500页),HASHKEY HLDGS_хЕичРГчЩ╝хФо,dataset/2025/03887_09-12-2025_HASHKEY HLDGS_хЕичРГчЩ╝хФо.pdf
03986,3986.HK,strip_zero,待补全_03986,待补全_03986,2025-12-31,2025,03986_31-12-2025_хЕЖцШУхЙ╡цЦ░_хЕичРГчЩ╝хФо.pdf,/nfs/users/wuqianqian/IPOI/dataset/2025/03986_31-12-2025_хЕЖцШУхЙ╡цЦ░_хЕичРГчЩ╝хФо.pdf,2025,True,True,1.81,主板,True,False,True,2026-01-13,235.0,222.8,-0.05191489361702123,True,306.0,0.3021276595744681,302.0,0.2851063829787234,407.6,0.7344680851063831,暴涨,,未知,True,False,603,12.77,True,118,False,,超长篇(≥500页),хЕЖцШУхЙ╡цЦ░_хЕичРГчЩ╝хФо,dataset/2025/03986_31-12-2025_хЕЖцШУхЙ╡цЦ░_хЕичРГчЩ╝хФо.pdf
06031,6031.HK,strip_zero,三一重工,三一重工,2025-10-20,2025,06031_20-10-2025_ф╕Йф╕АщЗНх╖е_хЕичРГчЩ╝хФо.pdf,/nfs/users/wuqianqian/IPOI/dataset/2025/06031_20-10-2025_ф╕Йф╕АщЗНх╖е_хЕичРГчЩ╝хФо.pdf,2025,True,False,,,False,False,True,2025-10-28,21.3,21.9,0.028169014084506942,False,22.72,0.06666666666666657,21.66,0.0169014084507042,25.02,0.1746478873239436,平稳,,未知,True,False,906,13.37,True,172,False,,超长篇(≥500页),ф╕Йф╕АщЗНх╖е_хЕичРГчЩ╝хФо,dataset/2025/06031_20-10-2025_ф╕Йф╕АщЗНх╖е_хЕичРГчЩ╝хФо.pdf
06082,6082.HK,strip_zero,待补全_06082,待补全_06082,2025-12-22,2025,06082_22-12-2025_хгБф╗ЮчзСцКА_хЕичРГчЩ╝хФо.pdf,/nfs/users/wuqianqian/IPOI/dataset/2025/06082_22-12-2025_хгБф╗ЮчзСцКА_хЕичРГчЩ╝хФо.pdf,2025,True,False,,,False,False,True,2026-01-02,35.7,34.46,-0.03473389355742302,True,34.06,-0.045938375350140066,34.8,-0.0252100840336136,31.6,-0.11484593837535018,平稳,,未知,True,False,663,8.64,True,195,False,,超长篇(≥500页),хгБф╗ЮчзСцКА_хЕичРГчЩ╝хФо,dataset/2025/06082_22-12-2025_хгБф╗ЮчзСцКА_хЕичРГчЩ╝хФо.pdf
06090,6090.HK,strip_zero,待补全_06090,待补全_06090,2025-09-15,2025,06090_15-09-2025_ф╕НхРМщЫЖхЬШ_хЕичРГчЩ╝хФо.pdf,/nfs/users/wuqianqian/IPOI/dataset/2025/06090_15-09-2025_ф╕НхРМщЫЖхЬШ_хЕичРГчЩ╝хФо.pdf,2025,True,False,,,False,False,True,2025-09-23,100.4,102.5,0.020916334661354525,False,104.0,0.035856573705179216,96.4,-0.0398406374501992,104.7,0.04282868525896411,平稳,,未知,True,False,573,10.82,True,70,False,,超长篇(≥500页),ф╕НхРМщЫЖхЬШ_хЕичРГчЩ╝хФо,dataset/2025/06090_15-09-2025_ф╕НхРМщЫЖхЬШ_хЕичРГчЩ╝хФо.pdf
06166,6166.HK,strip_zero,待补全_06166,待补全_06166,2025-10-20,2025,06166_20-10-2025_хКНцйЛчзСцКА_хЕичРГчЩ╝хФо.pdf,/nfs/users/wuqianqian/IPOI/dataset/2025/06166_20-10-2025_хКНцйЛчзСцКА_хЕичРГчЩ╝хФо.pdf,2025,True,False,,,False,False,True,2025-10-28,94.0,92.2,-0.01914893617021273,True,78.2,-0.1680851063829787,77.65,-0.1739361702127659,80.5,-0.14361702127659576,破发/走弱,,未知,True,False,623,10.92,True,114,False,,超长篇(≥500页),хКНцйЛчзСцКА_хЕичРГчЩ╝хФо,dataset/2025/06166_20-10-2025_хКНцйЛчзСцКА_хЕичРГчЩ╝хФо.pdf
06168,6168.HK,strip_zero,待补全_06168,待补全_06168,2025-06-18,2025,06168_18-06-2025_хСихЕнчжП_хЕичРГчЩ╝хФо.pdf,/nfs/users/wuqianqian/IPOI/dataset/2025/06168_18-06-2025_хСихЕнчжП_хЕичРГчЩ╝хФо.pdf,2025,True,False,,,False,False,True,2025-06-26,26.7,30.0,0.12359550561797755,False,37.3,0.3970037453183521,38.7,0.4494382022471912,47.06,0.7625468164794009,暴涨,,未知,True,False,663,12.67,True,141,False,,超长篇(≥500页),хСихЕнчжП_хЕичРГчЩ╝хФо,dataset/2025/06168_18-06-2025_хСихЕнчжП_хЕичРГчЩ╝хФо.pdf
06600,6600.HK,strip_zero,待补全_06600,待补全_06600,2025-12-18,2025,06600_18-12-2025_шЗехоЙцйЯхЩиф║║_хЕичРГчЩ╝хФо.pdf,/nfs/users/wuqianqian/IPOI/dataset/2025/06600_18-12-2025_шЗехоЙцйЯхЩиф║║_хЕичРГчЩ╝хФо.pdf,2025,True,False,,,False,False,True,2025-12-30,73.8,73.85,0.0006775067750677122,False,103.5,0.402439024390244,183.6,1.4878048780487805,96.95,0.31368563685636863,暴涨,,未知,True,False,680,16.04,True,133,False,,超长篇(≥500页),шЗехоЙцйЯхЩиф║║_хЕичРГчЩ╝хФо,dataset/2025/06600_18-12-2025_шЗехоЙцйЯхЩиф║║_хЕичРГчЩ╝хФо.pdf
06603,6603.HK,strip_zero,IFBH,IFBH,2025-06-20,2025,06603_20-06-2025_IFBH_хЕичРГчЩ╝хФо.pdf,/nfs/users/wuqianqian/IPOI/dataset/2025/06603_20-06-2025_IFBH_хЕичРГчЩ╝хФо.pdf,2025,True,False,,,False,False,True,2025-06-30,43.9,39.5,-0.1002277904328018,True,40.5,-0.07744874715261955,37.85,-0.13781321184510245,31.04,-0.2929384965831435,破发/走弱,公司主要从事即食饮料和食品业务，以“if”和“Innococo”两大泰国品牌为核心，产品涵盖天然椰子水饮料、其他健康饮品及植物基零食，主要在中国大陆、香港运营，并拓展至新加坡、中国台湾及其他国际市场。,消费/零售,True,False,527,15.73,True,98,False,,超长篇(≥500页),IFBH_хЕичРГчЩ╝хФо,dataset/2025/06603_20-06-2025_IFBH_хЕичРГчЩ╝хФо.pdf
06613,6613.HK,strip_zero,待补全_06613,待补全_06613,2025-06-30,2025,06613_30-06-2025_шЧНцАЭчзСцКА_хЕичРГчЩ╝хФо.pdf,/nfs/users/wuqianqian/IPOI/dataset/2025/06613_30-06-2025_шЧНцАЭчзСцКА_хЕичРГчЩ╝хФо.pdf,2025,True,False,,,False,False,True,2025-07-09,18.88,19.84,0.05084745762711869,False,19.34,0.024364406779661063,20.5,0.08580508474576277,33.52,0.7754237288135596,平稳,,未知,True,False,561,8.17,True,116,False,,超长篇(≥500页),шЧНцАЭчзСцКА_хЕичРГчЩ╝хФо,dataset/2025/06613_30-06-2025_шЧНцАЭчзСцКА_хЕичРГчЩ╝хФо.pdf
06651,6651.HK,strip_zero,待补全_06651,待补全_06651,2025-12-18,2025,06651_18-12-2025_ф║Фф╕АшжЦчХМ_хЕичРГчЩ╝хФо.pdf,/nfs/users/wuqianqian/IPOI/dataset/2025/06651_18-12-2025_ф║Фф╕АшжЦчХМ_хЕичРГчЩ╝хФо.pdf,2025,True,False,,,False,False,True,2025-12-30,35.0,39.62,0.13199999999999992,False,46.2,0.3200000000000001,90.45,1.5842857142857143,42.6,0.2171428571428572,暴涨,,未知,True,False,581,7.77,True,188,False,,超长篇(≥500页),ф║Фф╕АшжЦчХМ_хЕичРГчЩ╝хФо,dataset/2025/06651_18-12-2025_ф║Фф╕АшжЦчХМ_хЕичРГчЩ╝хФо.pdf
06687,6687.HK,strip_zero,待补全_06687,待补全_06687,2025-10-13,2025,06687_13-10-2025_шБЪц░┤ц╜н_хЕичРГчЩ╝хФо.pdf,/nfs/users/wuqianqian/IPOI/dataset/2025/06687_13-10-2025_шБЪц░┤ц╜н_хЕичРГчЩ╝хФо.pdf,2025,True,False,,,False,False,True,2025-10-21,38.0,37.9,-0.002631578947368459,True,33.2,-0.12631578947368413,26.24,-0.30947368421052635,28.88,-0.24,破发/走弱,,未知,True,False,572,10.35,True,140,False,,超长篇(≥500页),шБЪц░┤ц╜н_хЕичРГчЩ╝хФо,dataset/2025/06687_13-10-2025_шБЪц░┤ц╜н_хЕичРГчЩ╝хФо.pdf
06693,6693.HK,strip_zero,待补全_06693,待补全_06693,2025-02-28,2025,06693_28-02-2025_ш╡дх│░щ╗ГщЗС_хЕичРГчЩ╝хФо.pdf,/nfs/users/wuqianqian/IPOI/dataset/2025/06693_28-02-2025_ш╡дх│░щ╗ГщЗС_хЕичРГчЩ╝хФо.pdf,2025,True,False,,,False,False,True,2025-03-10,13.72,13.72,0.0,False,14.0,0.020408163265306083,17.2,0.25364431486880457,28.1,1.0481049562682216,平稳,,未知,True,False,2093,35.28,True,204,False,,超长篇(≥500页),ш╡дх│░щ╗ГщЗС_хЕичРГчЩ╝хФо,dataset/2025/06693_28-02-2025_ш╡дх│░щ╗ГщЗС_хЕичРГчЩ╝хФо.pdf
06831,6831.HK,strip_zero,待补全_06831,待补全_06831,2025-05-08,2025,06831_08-05-2025_ч╢ашМ╢щЫЖхЬШ_хЕичРГчЩ╝хФо.pdf,/nfs/users/wuqianqian/IPOI/dataset/2025/06831_08-05-2025_ч╢ашМ╢щЫЖхЬШ_хЕичРГчЩ╝хФо.pdf,2025,True,False,,,False,False,True,2025-05-16,7.19,6.29,-0.12517385257301816,True,5.78,-0.196105702364395,6.25,-0.1307371349095967,7.5,0.04311543810848395,破发/走弱,,未知,True,False,506,12.97,True,374,False,,超长篇(≥500页),ч╢ашМ╢щЫЖхЬШ_хЕичРГчЩ╝хФо,dataset/2025/06831_08-05-2025_ч╢ашМ╢щЫЖхЬШ_хЕичРГчЩ╝хФо.pdf
06883,6883.HK,strip_zero,待补全_06883,待补全_06883,2025-06-18,2025,06883_18-06-2025_чйОщАЪцОзшВб_хЕичРГчЩ╝хФо.pdf,/nfs/users/wuqianqian/IPOI/dataset/2025/06883_18-06-2025_чйОщАЪцОзшВб_хЕичРГчЩ╝хФо.pdf,2025,True,False,,,False,False,True,2025-06-26,2.58,2.4,-0.06976744186046517,True,2.2,-0.1472868217054263,2.03,-0.2131782945736435,2.07,-0.19767441860465124,破发/走弱,,未知,True,False,610,8.62,True,186,False,,超长篇(≥500页),чйОщАЪцОзшВб_хЕичРГчЩ╝хФо,dataset/2025/06883_18-06-2025_чйОщАЪцОзшВб_хЕичРГчЩ╝хФо.pdf
06938,6938.HK,strip_zero,待补全_06938,待补全_06938,2025-12-31,2025,06938_31-12-2025_чСЮхНЪчФЯчЙйя╝Ня╝в_хЕичРГчЩ╝хФо.pdf,/nfs/users/wuqianqian/IPOI/dataset/2025/06938_31-12-2025_чСЮхНЪчФЯчЙйя╝Ня╝в_хЕичРГчЩ╝хФо.pdf,2025,True,False,,,False,False,True,2026-01-09,75.0,82.1,0.0946666666666666,False,75.8,0.010666666666666628,69.3,-0.07600000000000004,67.15,-0.1046666666666666,平稳,,未知,True,False,732,21.72,False,0,True,,超长篇(≥500页),чСЮхНЪчФЯчЙйя╝Ня╝в_хЕичРГчЩ╝хФо,dataset/2025/06938_31-12-2025_чСЮхНЪчФЯчЙйя╝Ня╝в_хЕичРГчЩ╝хФо.pdf
06960,6960.HK,strip_zero,待补全_06960,待补全_06960,2025-08-18,2025,06960_18-08-2025_щЫЩчЩ╗шВбф╗╜_хЕичРГчЩ╝хФо.pdf,/nfs/users/wuqianqian/IPOI/dataset/2025/06960_18-08-2025_щЫЩчЩ╗шВбф╗╜_хЕичРГчЩ╝хФо.pdf,2025,True,False,,,False,False,True,2025-08-26,22.5,19.05,-0.1533333333333333,True,17.42,-0.2257777777777777,17.44,-0.2248888888888889,16.83,-0.2520000000000001,暴跌,,未知,True,False,694,8.8,True,136,False,,超长篇(≥500页),щЫЩчЩ╗шВбф╗╜_хЕичРГчЩ╝хФо,dataset/2025/06960_18-08-2025_щЫЩчЩ╗шВбф╗╜_хЕичРГчЩ╝хФо.pdf
06980,6980.HK,strip_zero,待补全_06980,待补全_06980,2025-10-20,2025,06980_20-10-2025_хЕлщжмшМ╢цен_хЕичРГчЩ╝хФо.pdf,/nfs/users/wuqianqian/IPOI/dataset/2025/06980_20-10-2025_хЕлщжмшМ╢цен_хЕичРГчЩ╝хФо.pdf,2025,True,False,,,False,False,True,2025-10-28,80.1,93.35,0.16541822721598004,False,73.0,-0.0886392009987515,52.9,-0.3395755305867665,29.76,-0.6284644194756553,破发/走弱,,未知,True,False,690,17.25,True,117,False,,超长篇(≥500页),хЕлщжмшМ╢цен_хЕичРГчЩ╝хФо,dataset/2025/06980_20-10-2025_хЕлщжмшМ╢цен_хЕичРГчЩ╝хФо.pdf
07618,7618.HK,strip_zero,待补全_07618,待补全_07618,2025-12-03,2025,07618_03-12-2025_ф║мцЭ▒х╖ецен_хЕичРГчЩ╝хФо.pdf,/nfs/users/wuqianqian/IPOI/dataset/2025/07618_03-12-2025_ф║мцЭ▒х╖ецен_хЕичРГчЩ╝хФо.pdf,2025,True,False,,,False,False,True,2025-12-11,13.0,14.1,0.08461538461538459,False,13.92,0.07076923076923076,14.2,0.09230769230769226,13.38,0.029230769230769286,平稳,,未知,True,False,565,41.97,False,29,True,,超长篇(≥500页),ф║мцЭ▒х╖ецен_хЕичРГчЩ╝хФо,dataset/2025/07618_03-12-2025_ф║мцЭ▒х╖ецен_хЕичРГчЩ╝хФо.pdf
08610,8610.HK,strip_zero,BBSB,BBSB,2025-12-31,2025,08610_31-12-2025_BBSB INTL_шВбф╗╜чЩ╝хФо.pdf,/nfs/users/wuqianqian/IPOI/dataset/2025/08610_31-12-2025_BBSB INTL_шВбф╗╜чЩ╝хФо.pdf,2025,True,False,,,False,False,True,2026-01-13,3.0,0.67,-0.7766666666666667,True,0.64,-0.7866666666666666,0.69,-0.77,0.55,-0.8166666666666668,暴跌,公司为一家于马来西亚拥有超过16年经验的土木工程承包商，专门为大型交通基础建设工程项目作为承包商提供桥梁工程服务。公司的桥梁工程服务主要涉及设计及建造整段或任何一段或多段横跨道路及河流的不同结构及跨度的大梁桥，以及建造与桥梁相关连接高速公路、道路和附属设施。,其他,True,False,515,17.62,True,106,False,,超长篇(≥500页),BBSB INTL_шВбф╗╜чЩ╝хФо,dataset/2025/08610_31-12-2025_BBSB INTL_шВбф╗╜чЩ╝хФо.pdf
09606,9606.HK,strip_zero,待补全_09606,待补全_09606,2025-04-07,2025,09606_07-04-2025_цШацБйчФЯчЙйя╝Ня╝в_хЕичРГчЩ╝хФо.pdf,/nfs/users/wuqianqian/IPOI/dataset/2025/09606_07-04-2025_цШацБйчФЯчЙйя╝Ня╝в_хЕичРГчЩ╝хФо.pdf,2025,True,False,,,False,False,True,2025-04-15,181.0,205.0,0.13259668508287292,False,225.0,0.2430939226519337,190.5,0.052486187845303865,300.2,0.6585635359116021,平稳,,未知,True,False,703,13.24,False,0,True,,超长篇(≥500页),цШацБйчФЯчЙйя╝Ня╝в_хЕичРГчЩ╝хФо,dataset/2025/09606_07-04-2025_цШацБйчФЯчЙйя╝Ня╝в_хЕичРГчЩ╝хФо.pdf
09609,9609.HK,strip_zero,待补全_09609,待补全_09609,2025-11-20,2025,09609_20-11-2025_ц╡╖хБЙшВбф╗╜_хЕичРГчЩ╝хФо.pdf,/nfs/users/wuqianqian/IPOI/dataset/2025/09609_20-11-2025_ц╡╖хБЙшВбф╗╜_хЕичРГчЩ╝хФо.pdf,2025,True,False,,,False,False,True,2025-11-28,13.5,11.0,-0.1851851851851852,True,11.21,-0.16962962962962955,9.81,-0.2733333333333333,9.32,-0.3096296296296296,破发/走弱,,未知,True,False,488,7.21,True,201,False,,长篇(300-499页),ц╡╖хБЙшВбф╗╜_хЕичРГчЩ╝хФо,dataset/2025/09609_20-11-2025_ц╡╖хБЙшВбф╗╜_хЕичРГчЩ╝хФо.pdf
09678,9678.HK,strip_zero,待补全_09678,待补全_09678,2025-06-20,2025,09678_20-06-2025_щЫ▓чЯешБ▓_хЕичРГчЩ╝хФо.pdf,/nfs/users/wuqianqian/IPOI/dataset/2025/09678_20-06-2025_щЫ▓чЯешБ▓_хЕичРГчЩ╝хФо.pdf,2025,True,False,,,False,False,True,2025-06-30,205.0,296.4,0.4458536585365853,False,421.0,1.053658536585366,578.0,1.8195121951219515,530.0,1.5853658536585369,暴涨,,未知,True,False,565,8.37,True,179,False,,超长篇(≥500页),щЫ▓чЯешБ▓_хЕичРГчЩ╝хФо,dataset/2025/09678_20-06-2025_щЫ▓чЯешБ▓_хЕичРГчЩ╝хФо.pdf
09881,9881.HK,strip_zero,待补全_09881,待补全_09881,2025-05-30,2025,09881_30-05-2025_хо╣хдзчзСцКА_хЕичРГчЩ╝хФо.pdf,/nfs/users/wuqianqian/IPOI/dataset/2025/09881_30-05-2025_хо╣хдзчзСцКА_хЕичРГчЩ╝хФо.pdf,2025,True,False,,,False,False,True,2025-06-10,16.6,14.2,-0.14457831325301215,True,13.0,-0.21686746987951813,9.41,-0.4331325301204821,10.66,-0.3578313253012049,暴跌,,未知,True,False,642,12.93,True,73,False,,超长篇(≥500页),хо╣хдзчзСцКА_хЕичРГчЩ╝хФо,dataset/2025/09881_30-05-2025_хо╣хдзчзСцКА_хЕичРГчЩ╝хФо.pdf
09887,9887.HK,strip_zero,待补全_09887,待补全_09887,2025-07-17,2025,09887_17-07-2025_ч╢нчлЛх┐ЧхНЪя╝Ня╝в_хЕичРГчЩ╝хФо.pdf,/nfs/users/wuqianqian/IPOI/dataset/2025/09887_17-07-2025_ч╢нчлЛх┐ЧхНЪя╝Ня╝в_хЕичРГчЩ╝хФо.pdf,2025,True,False,,,False,False,True,2025-07-25,72.4,67.1,-0.07320441988950291,True,70.0,-0.03314917127071832,67.35,-0.06975138121546977,65.35,-0.09737569060773496,平稳,,未知,True,False,746,12.95,True,136,False,,超长篇(≥500页),ч╢нчлЛх┐ЧхНЪя╝Ня╝в_хЕичРГчЩ╝хФо,dataset/2025/09887_17-07-2025_ч╢нчлЛх┐ЧхНЪя╝Ня╝в_хЕичРГчЩ╝хФо.pdf
09903,9903.HK,strip_zero,待补全_09903,待补全_09903,2025-12-30,2025,09903_30-12-2025_хдйцХ╕цЩ║шКп_хЕичРГчЩ╝хФо.pdf,/nfs/users/wuqianqian/IPOI/dataset/2025/09903_30-12-2025_хдйцХ╕цЩ║шКп_хЕичРГчЩ╝хФо.pdf,2025,True,False,,,False,False,True,2026-01-08,190.2,156.8,-0.17560462670872753,True,176.0,-0.07465825446897996,168.3,-0.11514195583596205,314.8,0.6550998948475291,破发/走弱,,未知,True,False,606,6.84,True,146,False,,超长篇(≥500页),хдйцХ╕цЩ║шКп_хЕичРГчЩ╝хФо,dataset/2025/09903_30-12-2025_хдйцХ╕цЩ║шКп_хЕичРГчЩ╝хФо.pdf
09927,9927.HK,strip_zero,待补全_09927,待补全_09927,2025-10-27,2025,09927_27-10-2025_ш│╜хКЫцЦп_хЕичРГчЩ╝хФо.pdf,/nfs/users/wuqianqian/IPOI/dataset/2025/09927_27-10-2025_ш│╜хКЫцЦп_хЕичРГчЩ╝хФо.pdf,2025,True,True,0.95,主板,True,False,True,2025-11-05,128.9,131.5,0.02017067494181532,False,115.5,-0.10395655546935613,116.5,-0.09619860356865792,95.7,-0.2575640031031808,破发/走弱,,未知,True,False,617,8.12,True,131,False,,超长篇(≥500页),ш│╜хКЫцЦп_хЕичРГчЩ╝хФо,dataset/2025/09927_27-10-2025_ш│╜хКЫцЦп_хЕичРГчЩ╝хФо.pdf
09973,9973.HK,strip_zero,待补全_09973,待补全_09973,2025-09-17,2025,09973_17-09-2025_хеЗчСЮц▒╜ш╗К_хЕичРГчЩ╝хФо.pdf,/nfs/users/wuqianqian/IPOI/dataset/2025/09973_17-09-2025_хеЗчСЮц▒╜ш╗К_хЕичРГчЩ╝хФо.pdf,2025,True,False,,,False,False,True,2025-09-25,34.2,31.92,-0.0666666666666667,True,31.88,-0.06783625730994162,32.74,-0.04269005847953219,30.5,-0.10818713450292404,破发/走弱,,未知,True,False,725,11.4,True,133,False,,超长篇(≥500页),хеЗчСЮц▒╜ш╗К_хЕичРГчЩ╝хФо,dataset/2025/09973_17-09-2025_хеЗчСЮц▒╜ш╗К_хЕичРГчЩ╝хФо.pdf
