company_name_pdf,list_date_pdf,list_year,match_status,pdf_filename,pdf_path,stock_code,unmatched_reason,windcode_candidates,windcode_resolved,windcode_rule
德合集團,2020-06-30,2020,matched,00368_30-06-2020_德合集團_股份發售.pdf,/nfs/users/wuqianqian/IPOI/dataset/2020/00368_30-06-2020_德合集團_股份發售.pdf,00368,,368.HK|0368.HK|00368.HK,0368.HK,pad4
建中建設,2020-02-28,2020,matched,00589_28-02-2020_建中建設_股份發售.pdf,/nfs/users/wuqianqian/IPOI/dataset/2020/00589_28-02-2020_建中建設_股份發售.pdf,00589,,589.HK|0589.HK|00589.HK,0589.HK,pad4
世茂服務,2020-10-20,2020,matched,00873_20-10-2020_世茂服務_全球發售.pdf,/nfs/users/wuqianqian/IPOI/dataset/2020/00873_20-10-2020_世茂服務_全球發售.pdf,00873,,873.HK|0873.HK|00873.HK,0873.HK,pad4
明源雲,2020-09-15,2020,matched,00909_15-09-2020_明源雲_全球發售.pdf,/nfs/users/wuqianqian/IPOI/dataset/2020/00909_15-09-2020_明源雲_全球發售.pdf,00909,,909.HK|0909.HK|00909.HK,0909.HK,pad4
伊登軟件,2020-04-23,2020,matched,01147_23-04-2020_伊登軟件_股份發售.pdf,/nfs/users/wuqianqian/IPOI/dataset/2020/01147_23-04-2020_伊登軟件_股份發售.pdf,01147,,1147.HK|01147.HK,1147.HK,strip_zero
佳源服務,2020-11-27,2020,matched,01153_27-11-2020_佳源服務_全球發售.pdf,/nfs/users/wuqianqian/IPOI/dataset/2020/01153_27-11-2020_佳源服務_全球發售.pdf,01153,,1153.HK|01153.HK,1153.HK,strip_zero
CHINANEWENERGY,2020-06-30,2020,matched,01156_30-06-2020_CHINANEWENERGY_全球發售.pdf,/nfs/users/wuqianqian/IPOI/dataset/2020/01156_30-06-2020_CHINANEWENERGY_全球發售.pdf,01156,,1156.HK|01156.HK,1156.HK,strip_zero
虎視傳媒,2020-06-29,2020,matched,01163_29-06-2020_虎視傳媒_全球發售.pdf,/nfs/users/wuqianqian/IPOI/dataset/2020/01163_29-06-2020_虎視傳媒_全球發售.pdf,01163,,1163.HK|01163.HK,1163.HK,strip_zero
加科思－Ｂ,2020-12-09,2020,matched,01167_09-12-2020_加科思－Ｂ_全球發售.pdf,/nfs/users/wuqianqian/IPOI/dataset/2020/01167_09-12-2020_加科思－Ｂ_全球發售.pdf,01167,,1167.HK|01167.HK,1167.HK,strip_zero
華住集團－Ｓ,2020-09-11,2020,matched,01179_11-09-2020_華住集團－Ｓ_全球發售.pdf,/nfs/users/wuqianqian/IPOI/dataset/2020/01179_11-09-2020_華住集團－Ｓ_全球發售.pdf,01179,,1179.HK|01179.HK,1179.HK,strip_zero
華潤萬象生活,2020-11-25,2020,matched,01209_25-11-2020_華潤萬象生活_全球發售.pdf,/nfs/users/wuqianqian/IPOI/dataset/2020/01209_25-11-2020_華潤萬象生活_全球發售.pdf,01209,,1209.HK|01209.HK,1209.HK,strip_zero
天兆豬業,2020-10-29,2020,unmatched,01248_29-10-2020_天兆豬業_全球發售.pdf,/nfs/users/wuqianqian/IPOI/dataset/2020/01248_29-10-2020_天兆豬業_全球發售.pdf,01248,EOD全库无匹配WindCode，可能暂缓/取消上市或极短交易后摘牌,1248.HK|01248.HK,,
偉源控股,2020-02-25,2020,matched,01343_25-02-2020_偉源控股_股份發售.pdf,/nfs/users/wuqianqian/IPOI/dataset/2020/01343_25-02-2020_偉源控股_股份發售.pdf,01343,,1343.HK|01343.HK,1343.HK,strip_zero
輝煌明天,2020-10-28,2020,matched,01351_28-10-2020_輝煌明天_股份發售.pdf,/nfs/users/wuqianqian/IPOI/dataset/2020/01351_28-10-2020_輝煌明天_股份發售.pdf,01351,,1351.HK|01351.HK,1351.HK,strip_zero
RAFFLESINTERIOR,2020-04-21,2020,matched,01376_21-04-2020_RAFFLESINTERIOR_股份發售.pdf,/nfs/users/wuqianqian/IPOI/dataset/2020/01376_21-04-2020_RAFFLESINTERIOR_股份發售.pdf,01376,,1376.HK|01376.HK,1376.HK,strip_zero
温嶺工量刃具,2020-12-11,2020,matched,01379_11-12-2020_温嶺工量刃具_全球發售.pdf,/nfs/users/wuqianqian/IPOI/dataset/2020/01379_11-12-2020_温嶺工量刃具_全球發售.pdf,01379,,1379.HK|01379.HK,1379.HK,strip_zero
濠江機電,2020-08-31,2020,matched,01408_31-08-2020_濠江機電_全球發售.pdf,/nfs/users/wuqianqian/IPOI/dataset/2020/01408_31-08-2020_濠江機電_全球發售.pdf,01408,,1408.HK|01408.HK,1408.HK,strip_zero
天任集團,2020-09-15,2020,matched,01429_15-09-2020_天任集團_股份發售.pdf,/nfs/users/wuqianqian/IPOI/dataset/2020/01429_15-09-2020_天任集團_股份發售.pdf,01429,,1429.HK|01429.HK,1429.HK,strip_zero
常達控股,2020-02-28,2020,matched,01433_28-02-2020_常達控股_全球發售.pdf,/nfs/users/wuqianqian/IPOI/dataset/2020/01433_28-02-2020_常達控股_全球發售.pdf,01433,,1433.HK|01433.HK,1433.HK,strip_zero
DEYUN HOLDING,2020-12-28,2020,matched,01440_28-12-2020_DEYUN HOLDING_股份發售.pdf,/nfs/users/wuqianqian/IPOI/dataset/2020/01440_28-12-2020_DEYUN HOLDING_股份發售.pdf,01440,,1440.HK|01440.HK,1440.HK,strip_zero
立德教育,2020-07-27,2020,matched,01449_27-07-2020_立德教育_全球發售.pdf,/nfs/users/wuqianqian/IPOI/dataset/2020/01449_27-07-2020_立德教育_全球發售.pdf,01449,,1449.HK|01449.HK,1449.HK,strip_zero
科利實業控股,2020-08-31,2020,matched,01455_31-08-2020_科利實業控股_全球發售.pdf,/nfs/users/wuqianqian/IPOI/dataset/2020/01455_31-08-2020_科利實業控股_全球發售.pdf,01455,,1455.HK|01455.HK,1455.HK,strip_zero
C-LINK SQ,2020-03-17,2020,matched,01463_17-03-2020_C-LINK SQ_股份發售.pdf,/nfs/users/wuqianqian/IPOI/dataset/2020/01463_17-03-2020_C-LINK SQ_股份發售.pdf,01463,,1463.HK|01463.HK,1463.HK,strip_zero
生興控股,2020-02-28,2020,matched,01472_28-02-2020_生興控股_股份發售.pdf,/nfs/users/wuqianqian/IPOI/dataset/2020/01472_28-02-2020_生興控股_股份發售.pdf,01472,,1472.HK|01472.HK,1472.HK,strip_zero
歐康維視生物－Ｂ,2020-06-29,2020,matched,01477_29-06-2020_歐康維視生物－Ｂ_全球發售.pdf,/nfs/users/wuqianqian/IPOI/dataset/2020/01477_29-06-2020_歐康維視生物－Ｂ_全球發售.pdf,01477,,1477.HK|01477.HK,1477.HK,strip_zero
CHESHI,2020-12-31,2020,matched,01490_31-12-2020_CHESHI_全球發售.pdf,/nfs/users/wuqianqian/IPOI/dataset/2020/01490_31-12-2020_CHESHI_全球發售.pdf,01490,,1490.HK|01490.HK,1490.HK,strip_zero
金融街物業,2020-06-19,2020,matched,01502_19-06-2020_金融街物業_全球發售.pdf,/nfs/users/wuqianqian/IPOI/dataset/2020/01502_19-06-2020_金融街物業_全球發售.pdf,01502,,1502.HK|01502.HK,1502.HK,strip_zero
融創服務,2020-11-09,2020,matched,01516_09-11-2020_融創服務_全球發售.pdf,/nfs/users/wuqianqian/IPOI/dataset/2020/01516_09-11-2020_融創服務_全球發售.pdf,01516,,1516.HK|01516.HK,1516.HK,strip_zero
納泉能源科技,2020-09-29,2020,matched,01597_29-09-2020_納泉能源科技_全球發售.pdf,/nfs/users/wuqianqian/IPOI/dataset/2020/01597_29-09-2020_納泉能源科技_全球發售.pdf,01597,,1597.HK|01597.HK,1597.HK,strip_zero
現代中藥集團,2020-12-31,2020,matched,01643_31-12-2020_現代中藥集團_全球發售.pdf,/nfs/users/wuqianqian/IPOI/dataset/2020/01643_31-12-2020_現代中藥集團_全球發售.pdf,01643,,1643.HK|01643.HK,1643.HK,strip_zero
海納智能,2020-05-20,2020,matched,01645_20-05-2020_海納智能_股份發售.pdf,/nfs/users/wuqianqian/IPOI/dataset/2020/01645_20-05-2020_海納智能_股份發售.pdf,01645,,1645.HK|01645.HK,1645.HK,strip_zero
HYGIEIA GROUP,2020-06-12,2020,matched,01650_12-06-2020_HYGIEIA GROUP_以股份發售方式.pdf,/nfs/users/wuqianqian/IPOI/dataset/2020/01650_12-06-2020_HYGIEIA GROUP_以股份發售方式.pdf,01650,,1650.HK|01650.HK,1650.HK,strip_zero
亞東集團,2020-10-30,2020,matched,01795_30-10-2020_亞東集團_股份發售.pdf,/nfs/users/wuqianqian/IPOI/dataset/2020/01795_30-10-2020_亞東集團_股份發售.pdf,01795,,1795.HK|01795.HK,1795.HK,strip_zero
中邦環境,2020-12-22,2020,matched,01855_22-12-2020_中邦環境_全球發售.pdf,/nfs/users/wuqianqian/IPOI/dataset/2020/01855_22-12-2020_中邦環境_全球發售.pdf,01855,,1855.HK|01855.HK,1855.HK,strip_zero
煜盛文化,2020-02-28,2020,matched,01859_28-02-2020_煜盛文化_全球發售.pdf,/nfs/users/wuqianqian/IPOI/dataset/2020/01859_28-02-2020_煜盛文化_全球發售.pdf,01859,,1859.HK|01859.HK,1859.HK,strip_zero
RITAMIX,2020-04-24,2020,matched,01936_24-04-2020_RITAMIX_股份發售.pdf,/nfs/users/wuqianqian/IPOI/dataset/2020/01936_24-04-2020_RITAMIX_股份發售.pdf,01936,,1936.HK|01936.HK,1936.HK,strip_zero
CGII HLDGS,2020-12-16,2020,matched,01940_16-12-2020_CGII HLDGS_全球發售.pdf,/nfs/users/wuqianqian/IPOI/dataset/2020/01940_16-12-2020_CGII HLDGS_全球發售.pdf,01940,,1940.HK|01940.HK,1940.HK,strip_zero
燁星集團,2020-02-28,2020,matched,01941_28-02-2020_燁星集團_全球發售.pdf,/nfs/users/wuqianqian/IPOI/dataset/2020/01941_28-02-2020_燁星集團_全球發售.pdf,01941,,1941.HK|01941.HK,1941.HK,strip_zero
MOG HOLDINGS,2020-03-27,2020,matched,01942_27-03-2020_MOG HOLDINGS_全球發售.pdf,/nfs/users/wuqianqian/IPOI/dataset/2020/01942_27-03-2020_MOG HOLDINGS_全球發售.pdf,01942,,1942.HK|01942.HK,1942.HK,strip_zero
清科創業,2020-12-16,2020,matched,01945_16-12-2020_清科創業_全球發售.pdf,/nfs/users/wuqianqian/IPOI/dataset/2020/01945_16-12-2020_清科創業_全球發售.pdf,01945,,1945.HK|01945.HK,1945.HK,strip_zero
深藍科技控股,2020-02-27,2020,matched,01950_27-02-2020_深藍科技控股_全球發售.pdf,/nfs/users/wuqianqian/IPOI/dataset/2020/01950_27-02-2020_深藍科技控股_全球發售.pdf,01950,,1950.HK|01950.HK,1950.HK,strip_zero
雲頂新耀－Ｂ,2020-09-25,2020,matched,01952_25-09-2020_雲頂新耀－Ｂ_全球發售.pdf,/nfs/users/wuqianqian/IPOI/dataset/2020/01952_25-09-2020_雲頂新耀－Ｂ_全球發售.pdf,01952,,1952.HK|01952.HK,1952.HK,strip_zero
RIMBACO,2020-04-14,2020,matched,01953_14-04-2020_RIMBACO_股份發售.pdf,/nfs/users/wuqianqian/IPOI/dataset/2020/01953_14-04-2020_RIMBACO_股份發售.pdf,01953,,1953.HK|01953.HK,1953.HK,strip_zero
MBV INTL,2020-06-18,2020,matched,01957_18-06-2020_MBV INTL_全球發售.pdf,/nfs/users/wuqianqian/IPOI/dataset/2020/01957_18-06-2020_MBV INTL_全球發售.pdf,01957,,1957.HK|01957.HK,1957.HK,strip_zero
九尊數字互娛,2020-02-27,2020,matched,01961_27-02-2020_九尊數字互娛_全球發售.pdf,/nfs/users/wuqianqian/IPOI/dataset/2020/01961_27-02-2020_九尊數字互娛_全球發售.pdf,01961,,1961.HK|01961.HK,1961.HK,strip_zero
弘陽服務,2020-06-24,2020,matched,01971_24-06-2020_弘陽服務_全球發售.pdf,/nfs/users/wuqianqian/IPOI/dataset/2020/01971_24-06-2020_弘陽服務_全球發售.pdf,01971,,1971.HK|01971.HK,1971.HK,strip_zero
華夏視聽教育,2020-06-30,2020,matched,01981_30-06-2020_華夏視聽教育_全球發售.pdf,/nfs/users/wuqianqian/IPOI/dataset/2020/01981_30-06-2020_華夏視聽教育_全球發售.pdf,01981,,1981.HK|01981.HK,1981.HK,strip_zero
中通快遞－ＳＷ,2020-09-17,2020,matched,02057_17-09-2020_中通快遞－ＳＷ_全球發售.pdf,/nfs/users/wuqianqian/IPOI/dataset/2020/02057_17-09-2020_中通快遞－ＳＷ_全球發售.pdf,02057,,2057.HK|02057.HK,2057.HK,strip_zero
先聲藥業,2020-10-13,2020,matched,02096_13-10-2020_先聲藥業_全球發售.pdf,/nfs/users/wuqianqian/IPOI/dataset/2020/02096_13-10-2020_先聲藥業_全球發售.pdf,02096,,2096.HK|02096.HK,2096.HK,strip_zero
福祿控股,2020-09-07,2020,matched,02101_07-09-2020_福祿控股_全球發售.pdf,/nfs/users/wuqianqian/IPOI/dataset/2020/02101_07-09-2020_福祿控股_全球發售.pdf,02101,,2101.HK|02101.HK,2101.HK,strip_zero
第一服務控股,2020-10-12,2020,matched,02107_12-10-2020_第一服務控股_全球發售.pdf,/nfs/users/wuqianqian/IPOI/dataset/2020/02107_12-10-2020_第一服務控股_全球發售.pdf,02107,,2107.HK|02107.HK,2107.HK,strip_zero
裕勤控股,2020-11-23,2020,matched,02110_23-11-2020_裕勤控股_股份發售.pdf,/nfs/users/wuqianqian/IPOI/dataset/2020/02110_23-11-2020_裕勤控股_股份發售.pdf,02110,,2110.HK|02110.HK,2110.HK,strip_zero
捷心隆,2020-09-22,2020,matched,02115_22-09-2020_捷心隆_全球發售.pdf,/nfs/users/wuqianqian/IPOI/dataset/2020/02115_22-09-2020_捷心隆_全球發售.pdf,02115,,2115.HK|02115.HK,2115.HK,strip_zero
大唐集團控股,2020-11-27,2020,matched,02117_27-11-2020_大唐集團控股_全球發售.pdf,/nfs/users/wuqianqian/IPOI/dataset/2020/02117_27-11-2020_大唐集團控股_全球發售.pdf,02117,,2117.HK|02117.HK,2117.HK,strip_zero
稻草熊娛樂,2020-12-31,2020,matched,02125_31-12-2020_稻草熊娛樂_全球發售.pdf,/nfs/users/wuqianqian/IPOI/dataset/2020/02125_31-12-2020_稻草熊娛樂_全球發售.pdf,02125,,2125.HK|02125.HK,2125.HK,strip_zero
藥明巨諾－Ｂ,2020-10-22,2020,matched,02126_22-10-2020_藥明巨諾－Ｂ_全球發售.pdf,/nfs/users/wuqianqian/IPOI/dataset/2020/02126_22-10-2020_藥明巨諾－Ｂ_全球發售.pdf,02126,,2126.HK|02126.HK,2126.HK,strip_zero
匯森家居,2020-12-14,2020,matched,02127_14-12-2020_匯森家居_全球發售.pdf,/nfs/users/wuqianqian/IPOI/dataset/2020/02127_14-12-2020_匯森家居_全球發售.pdf,02127,,2127.HK|02127.HK,2127.HK,strip_zero
LEGION CONSO,2020-12-30,2020,matched,02129_30-12-2020_LEGION CONSO_股份發售.pdf,/nfs/users/wuqianqian/IPOI/dataset/2020/02129_30-12-2020_LEGION CONSO_股份發售.pdf,02129,,2129.HK|02129.HK,2129.HK,strip_zero
嘉泓物流,2020-09-30,2020,matched,02130_30-09-2020_嘉泓物流_全球發售.pdf,/nfs/users/wuqianqian/IPOI/dataset/2020/02130_30-09-2020_嘉泓物流_全球發售.pdf,02130,,2130.HK|02130.HK,2130.HK,strip_zero
云想科技,2020-12-07,2020,matched,02131_07-12-2020_云想科技_全球發售.pdf,/nfs/users/wuqianqian/IPOI/dataset/2020/02131_07-12-2020_云想科技_全球發售.pdf,02131,,2131.HK|02131.HK,2131.HK,strip_zero
譽燊豐控股,2020-09-30,2020,matched,02132_30-09-2020_譽燊豐控股_股份發售.pdf,/nfs/users/wuqianqian/IPOI/dataset/2020/02132_30-09-2020_譽燊豐控股_股份發售.pdf,02132,,2132.HK|02132.HK,2132.HK,strip_zero
瑞麗醫美,2020-12-15,2020,matched,02135_15-12-2020_瑞麗醫美_全球發售.pdf,/nfs/users/wuqianqian/IPOI/dataset/2020/02135_15-12-2020_瑞麗醫美_全球發售.pdf,02135,,2135.HK|02135.HK,2135.HK,strip_zero
和鉑醫藥－Ｂ,2020-11-30,2020,matched,02142_30-11-2020_和鉑醫藥－Ｂ_全球發售.pdf,/nfs/users/wuqianqian/IPOI/dataset/2020/02142_30-11-2020_和鉑醫藥－Ｂ_全球發售.pdf,02142,,2142.HK|02142.HK,2142.HK,strip_zero
榮萬家,2020-12-31,2020,matched,02146_31-12-2020_榮萬家_全球發售.pdf,/nfs/users/wuqianqian/IPOI/dataset/2020/02146_31-12-2020_榮萬家_全球發售.pdf,02146,,2146.HK|02146.HK,2146.HK,strip_zero
VESYNC,2020-12-08,2020,matched,02148_08-12-2020_VESYNC_全球發售.pdf,/nfs/users/wuqianqian/IPOI/dataset/2020/02148_08-12-2020_VESYNC_全球發售.pdf,02148,,2148.HK|02148.HK,2148.HK,strip_zero
達豐設備,2020-12-30,2020,matched,02153_30-12-2020_達豐設備_全球發售.pdf,/nfs/users/wuqianqian/IPOI/dataset/2020/02153_30-12-2020_達豐設備_全球發售.pdf,02153,,2153.HK|02153.HK,2153.HK,strip_zero
醫渡科技,2020-12-31,2020,matched,02158_31-12-2020_醫渡科技_全球發售.pdf,/nfs/users/wuqianqian/IPOI/dataset/2020/02158_31-12-2020_醫渡科技_全球發售.pdf,02158,,2158.HK|02158.HK,2158.HK,strip_zero
麥迪衛康,2020-12-31,2020,matched,02159_31-12-2020_麥迪衛康_全球發售.pdf,/nfs/users/wuqianqian/IPOI/dataset/2020/02159_31-12-2020_麥迪衛康_全球發售.pdf,02159,,2159.HK|02159.HK,2159.HK,strip_zero
滄港鐵路,2020-10-12,2020,matched,02169_12-10-2020_滄港鐵路_全球發售.pdf,/nfs/users/wuqianqian/IPOI/dataset/2020/02169_12-10-2020_滄港鐵路_全球發售.pdf,02169,,2169.HK|02169.HK,2169.HK,strip_zero
富石金融,2020-01-31,2020,matched,02263_31-01-2020_富石金融_股份發售.pdf,/nfs/users/wuqianqian/IPOI/dataset/2020/02263_31-01-2020_富石金融_股份發售.pdf,02263,,2263.HK|02263.HK,2263.HK,strip_zero
蜆壳電業,2020-05-19,2020,matched,02381_19-05-2020_蜆壳電業_股份發售.pdf,/nfs/users/wuqianqian/IPOI/dataset/2020/02381_19-05-2020_蜆壳電業_股份發售.pdf,02381,,2381.HK|02381.HK,2381.HK,strip_zero
祥生控股集團,2020-10-30,2020,matched,02599_30-10-2020_祥生控股集團_全球發售.pdf,/nfs/users/wuqianqian/IPOI/dataset/2020/02599_30-10-2020_祥生控股集團_全球發售.pdf,02599,,2599.HK|02599.HK,2599.HK,strip_zero
泰格醫藥,2020-07-28,2020,matched,03347_28-07-2020_泰格醫藥_全球發售.pdf,/nfs/users/wuqianqian/IPOI/dataset/2020/03347_28-07-2020_泰格醫藥_全球發售.pdf,03347,,3347.HK|03347.HK,3347.HK,strip_zero
滿貫集團,2020-03-30,2020,matched,03390_30-03-2020_滿貫集團_全球發售.pdf,/nfs/users/wuqianqian/IPOI/dataset/2020/03390_30-03-2020_滿貫集團_全球發售.pdf,03390,,3390.HK|03390.HK,3390.HK,strip_zero
合景悠活,2020-10-19,2020,matched,03913_19-10-2020_合景悠活_全球發售.pdf,/nfs/users/wuqianqian/IPOI/dataset/2020/03913_19-10-2020_合景悠活_全球發售.pdf,03913,,3913.HK|03913.HK,3913.HK,strip_zero
智中國際,2020-03-30,2020,matched,06063_30-03-2020_智中國際_股份發售.pdf,/nfs/users/wuqianqian/IPOI/dataset/2020/06063_30-03-2020_智中國際_股份發售.pdf,06063,,6063.HK|06063.HK,6063.HK,strip_zero
海吉亞醫療,2020-06-16,2020,matched,06078_16-06-2020_海吉亞醫療_全球發售.pdf,/nfs/users/wuqianqian/IPOI/dataset/2020/06078_16-06-2020_海吉亞醫療_全球發售.pdf,06078,,6078.HK|06078.HK,6078.HK,strip_zero
京東健康,2020-11-26,2020,matched,06618_26-11-2020_京東健康_全球發售.pdf,/nfs/users/wuqianqian/IPOI/dataset/2020/06618_26-11-2020_京東健康_全球發售.pdf,06618,,6618.HK|06618.HK,6618.HK,strip_zero
恒大物業,2020-11-23,2020,matched,06666_23-11-2020_恒大物業_全球發售.pdf,/nfs/users/wuqianqian/IPOI/dataset/2020/06666_23-11-2020_恒大物業_全球發售.pdf,06666,,6666.HK|06666.HK,6666.HK,strip_zero
遠洋服務,2020-12-07,2020,matched,06677_07-12-2020_遠洋服務_全球發售.pdf,/nfs/users/wuqianqian/IPOI/dataset/2020/06677_07-12-2020_遠洋服務_全球發售.pdf,06677,,6677.HK|06677.HK,6677.HK,strip_zero
螞蟻集團,2020-10-26,2020,unmatched,06688_26-10-2020_螞蟻集團_H股首次公開發售.pdf,/nfs/users/wuqianqian/IPOI/dataset/2020/06688_26-10-2020_螞蟻集團_H股首次公開發售.pdf,06688,蚂蚁集团IPO取消，EOD无行情属预期,6688.HK|06688.HK,,
大喜屋集團,2020-01-24,2020,unmatched,06813_24-01-2020_大喜屋集團_股份發售.pdf,/nfs/users/wuqianqian/IPOI/dataset/2020/06813_24-01-2020_大喜屋集團_股份發售.pdf,06813,EOD全库无匹配WindCode，可能暂缓/取消上市或极短交易后摘牌,6813.HK|06813.HK,,
上坤地產,2020-10-30,2020,matched,06900_30-10-2020_上坤地產_全球發售.pdf,/nfs/users/wuqianqian/IPOI/dataset/2020/06900_30-10-2020_上坤地產_全球發售.pdf,06900,,6900.HK|06900.HK,6900.HK,strip_zero
奇士達,2020-02-28,2020,matched,06918_28-02-2020_奇士達_全球發售.pdf,/nfs/users/wuqianqian/IPOI/dataset/2020/06918_28-02-2020_奇士達_全球發售.pdf,06918,,6918.HK|06918.HK,6918.HK,strip_zero
新娛科控股,2020-06-30,2020,matched,06933_30-06-2020_新娛科控股_全球發售.pdf,/nfs/users/wuqianqian/IPOI/dataset/2020/06933_30-06-2020_新娛科控股_全球發售.pdf,06933,,6933.HK|06933.HK,6933.HK,strip_zero
正榮服務,2020-06-29,2020,matched,06958_29-06-2020_正榮服務_全球發售.pdf,/nfs/users/wuqianqian/IPOI/dataset/2020/06958_29-06-2020_正榮服務_全球發售.pdf,06958,,6958.HK|06958.HK,6958.HK,strip_zero
港龍中國地產,2020-06-29,2020,matched,06968_29-06-2020_港龍中國地產_全球發售.pdf,/nfs/users/wuqianqian/IPOI/dataset/2020/06968_29-06-2020_港龍中國地產_全球發售.pdf,06968,,6968.HK|06968.HK,6968.HK,strip_zero
思摩爾國際,2020-06-29,2020,matched,06969_29-06-2020_思摩爾國際_全球發售.pdf,/nfs/users/wuqianqian/IPOI/dataset/2020/06969_29-06-2020_思摩爾國際_全球發售.pdf,06969,,6969.HK|06969.HK,6969.HK,strip_zero
永泰生物－Ｂ,2020-06-29,2020,matched,06978_29-06-2020_永泰生物－Ｂ_全球發售.pdf,/nfs/users/wuqianqian/IPOI/dataset/2020/06978_29-06-2020_永泰生物－Ｂ_全球發售.pdf,06978,,6978.HK|06978.HK,6978.HK,strip_zero
樂享互動,2020-09-10,2020,matched,06988_10-09-2020_樂享互動_全球發售.pdf,/nfs/users/wuqianqian/IPOI/dataset/2020/06988_10-09-2020_樂享互動_全球發售.pdf,06988,,6988.HK|06988.HK,6988.HK,strip_zero
卓越商企服務,2020-10-07,2020,matched,06989_07-10-2020_卓越商企服務_全球發售.pdf,/nfs/users/wuqianqian/IPOI/dataset/2020/06989_07-10-2020_卓越商企服務_全球發售.pdf,06989,,6989.HK|06989.HK,6989.HK,strip_zero
藍月亮集團,2020-12-04,2020,matched,06993_04-12-2020_藍月亮集團_全球發售.pdf,/nfs/users/wuqianqian/IPOI/dataset/2020/06993_04-12-2020_藍月亮集團_全球發售.pdf,06993,,6993.HK|06993.HK,6993.HK,strip_zero
德琪醫藥－Ｂ,2020-11-09,2020,matched,06996_09-11-2020_德琪醫藥－Ｂ_全球發售.pdf,/nfs/users/wuqianqian/IPOI/dataset/2020/06996_09-11-2020_德琪醫藥－Ｂ_全球發售.pdf,06996,,6996.HK|06996.HK,6996.HK,strip_zero
嘉和生物－Ｂ,2020-09-23,2020,matched,06998_23-09-2020_嘉和生物－Ｂ_全球發售.pdf,/nfs/users/wuqianqian/IPOI/dataset/2020/06998_23-09-2020_嘉和生物－Ｂ_全球發售.pdf,06998,,6998.HK|06998.HK,6998.HK,strip_zero
領地控股,2020-11-26,2020,matched,06999_26-11-2020_領地控股_全球發售.pdf,/nfs/users/wuqianqian/IPOI/dataset/2020/06999_26-11-2020_領地控股_全球發售.pdf,06999,,6999.HK|06999.HK,6999.HK,strip_zero
裕程物流,2020-12-30,2020,matched,08489_30-12-2020_裕程物流_以股份發售方式於香港聯合交易所有限公司GEM上市.pdf,/nfs/users/wuqianqian/IPOI/dataset/2020/08489_30-12-2020_裕程物流_以股份發售方式於香港聯合交易所有限公司GEM上市.pdf,08489,,8489.HK|08489.HK,8489.HK,strip_zero
新加坡美食控股,2020-04-29,2020,matched,08496_29-04-2020_新加坡美食控股_股份發售.pdf,/nfs/users/wuqianqian/IPOI/dataset/2020/08496_29-04-2020_新加坡美食控股_股份發售.pdf,08496,,8496.HK|08496.HK,8496.HK,strip_zero
新威工程集團,2020-03-31,2020,matched,08616_31-03-2020_新威工程集團_股份發售.pdf,/nfs/users/wuqianqian/IPOI/dataset/2020/08616_31-03-2020_新威工程集團_股份發售.pdf,08616,,8616.HK|08616.HK,8616.HK,strip_zero
亞洲速運,2020-03-31,2020,matched,08620_31-03-2020_亞洲速運_股份發售.pdf,/nfs/users/wuqianqian/IPOI/dataset/2020/08620_31-03-2020_亞洲速運_股份發售.pdf,08620,,8620.HK|08620.HK,8620.HK,strip_zero
中國蜀塔,2020-06-24,2020,matched,08623_24-06-2020_中國蜀塔_股份發售.pdf,/nfs/users/wuqianqian/IPOI/dataset/2020/08623_24-06-2020_中國蜀塔_股份發售.pdf,08623,,8623.HK|08623.HK,8623.HK,strip_zero
TRUE PARTNER,2020-09-30,2020,matched,08657_30-09-2020_TRUE PARTNER_股份發售.pdf,/nfs/users/wuqianqian/IPOI/dataset/2020/08657_30-09-2020_TRUE PARTNER_股份發售.pdf,08657,,8657.HK|08657.HK,8657.HK,strip_zero
易和國際控股,2020-06-30,2020,matched,08659_30-06-2020_易和國際控股_股份發售.pdf,/nfs/users/wuqianqian/IPOI/dataset/2020/08659_30-06-2020_易和國際控股_股份發售.pdf,08659,,8659.HK|08659.HK,8659.HK,strip_zero
新紐科技,2020-12-21,2020,matched,09600_21-12-2020_新紐科技_全球發售.pdf,/nfs/users/wuqianqian/IPOI/dataset/2020/09600_21-12-2020_新紐科技_全球發售.pdf,09600,,9600.HK|09600.HK,9600.HK,strip_zero
宋都服務,2020-12-31,2020,matched,09608_31-12-2020_宋都服務_全球發售.pdf,/nfs/users/wuqianqian/IPOI/dataset/2020/09608_31-12-2020_宋都服務_全球發售.pdf,09608,,9608.HK|09608.HK,9608.HK,strip_zero
東軟教育,2020-09-17,2020,matched,09616_17-09-2020_東軟教育_全球發售.pdf,/nfs/users/wuqianqian/IPOI/dataset/2020/09616_17-09-2020_東軟教育_全球發售.pdf,09616,,9616.HK|09616.HK,9616.HK,strip_zero
京東集團－ＳＷ,2020-06-08,2020,matched,09618_08-06-2020_京東集團－ＳＷ_全球發售.pdf,/nfs/users/wuqianqian/IPOI/dataset/2020/09618_08-06-2020_京東集團－ＳＷ_全球發售.pdf,09618,,9618.HK|09618.HK,9618.HK,strip_zero
農夫山泉,2020-08-25,2020,matched,09633_25-08-2020_農夫山泉_全球發售.pdf,/nfs/users/wuqianqian/IPOI/dataset/2020/09633_25-08-2020_農夫山泉_全球發售.pdf,09633,,9633.HK|09633.HK,9633.HK,strip_zero
金科服務,2020-11-05,2020,matched,09666_05-11-2020_金科服務_全球發售.pdf,/nfs/users/wuqianqian/IPOI/dataset/2020/09666_05-11-2020_金科服務_全球發售.pdf,09666,,9666.HK|09666.HK,9666.HK,strip_zero
渤海銀行,2020-06-30,2020,matched,09668_30-06-2020_渤海銀行_全球發售.pdf,/nfs/users/wuqianqian/IPOI/dataset/2020/09668_30-06-2020_渤海銀行_全球發售.pdf,09668,,9668.HK|09668.HK,9668.HK,strip_zero
威海銀行,2020-09-29,2020,matched,09677_29-09-2020_威海銀行_全球發售.pdf,/nfs/users/wuqianqian/IPOI/dataset/2020/09677_29-09-2020_威海銀行_全球發售.pdf,09677,,9677.HK|09677.HK,9677.HK,strip_zero
再鼎醫藥－ＳＢ,2020-09-17,2020,matched,09688_17-09-2020_再鼎醫藥－ＳＢ_全球發售.pdf,/nfs/users/wuqianqian/IPOI/dataset/2020/09688_17-09-2020_再鼎醫藥－ＳＢ_全球發售.pdf,09688,,9688.HK|09688.HK,9688.HK,strip_zero
萬國數據－ＳＷ,2020-10-21,2020,matched,09698_21-10-2020_萬國數據－ＳＷ_全球發售.pdf,/nfs/users/wuqianqian/IPOI/dataset/2020/09698_21-10-2020_萬國數據－ＳＷ_全球發售.pdf,09698,,9698.HK|09698.HK,9698.HK,strip_zero
新東方－Ｓ,2020-10-29,2020,matched,09901_29-10-2020_新東方－Ｓ_全球發售.pdf,/nfs/users/wuqianqian/IPOI/dataset/2020/09901_29-10-2020_新東方－Ｓ_全球發售.pdf,09901,,9901.HK|09901.HK,9901.HK,strip_zero
宏力醫療管理,2020-06-24,2020,matched,09906_24-06-2020_宏力醫療管理_全球發售.pdf,/nfs/users/wuqianqian/IPOI/dataset/2020/09906_24-06-2020_宏力醫療管理_全球發售.pdf,09906,,9906.HK|09906.HK,9906.HK,strip_zero
嘉興燃氣,2020-06-30,2020,matched,09908_30-06-2020_嘉興燃氣_全球發售.pdf,/nfs/users/wuqianqian/IPOI/dataset/2020/09908_30-06-2020_嘉興燃氣_全球發售.pdf,09908,,9908.HK|09908.HK,9908.HK,strip_zero
智勤控股,2020-07-30,2020,matched,09913_30-07-2020_智勤控股_以股份發售方式於香港聯合交易所有限公司主板上市.pdf,/nfs/users/wuqianqian/IPOI/dataset/2020/09913_30-07-2020_智勤控股_以股份發售方式於香港聯合交易所有限公司主板上市.pdf,09913,,9913.HK|09913.HK,9913.HK,strip_zero
興業物聯,2020-02-25,2020,matched,09916_25-02-2020_興業物聯_全球發售.pdf,/nfs/users/wuqianqian/IPOI/dataset/2020/09916_25-02-2020_興業物聯_全球發售.pdf,09916,,9916.HK|09916.HK,9916.HK,strip_zero
移卡,2020-05-19,2020,matched,09923_19-05-2020_移卡_全球發售.pdf,/nfs/users/wuqianqian/IPOI/dataset/2020/09923_19-05-2020_移卡_全球發售.pdf,09923,,9923.HK|09923.HK,9923.HK,strip_zero
康方生物－Ｂ,2020-04-14,2020,matched,09926_14-04-2020_康方生物－Ｂ_全球發售.pdf,/nfs/users/wuqianqian/IPOI/dataset/2020/09926_14-04-2020_康方生物－Ｂ_全球發售.pdf,09926,,9926.HK|09926.HK,9926.HK,strip_zero
澳達控股,2020-01-31,2020,matched,09929_31-01-2020_澳達控股_股份發售.pdf,/nfs/users/wuqianqian/IPOI/dataset/2020/09929_31-01-2020_澳達控股_股份發售.pdf,09929,,9929.HK|09929.HK,9929.HK,strip_zero
稀美資源,2020-02-26,2020,matched,09936_26-02-2020_稀美資源_全球發售.pdf,/nfs/users/wuqianqian/IPOI/dataset/2020/09936_26-02-2020_稀美資源_全球發售.pdf,09936,,9936.HK|09936.HK,9936.HK,strip_zero
開拓藥業－Ｂ,2020-05-12,2020,matched,09939_12-05-2020_開拓藥業－Ｂ_全球發售.pdf,/nfs/users/wuqianqian/IPOI/dataset/2020/09939_12-05-2020_開拓藥業－Ｂ_全球發售.pdf,09939,,9939.HK|09939.HK,9939.HK,strip_zero
力天影業,2020-06-10,2020,matched,09958_10-06-2020_力天影業_全球發售.pdf,/nfs/users/wuqianqian/IPOI/dataset/2020/09958_10-06-2020_力天影業_全球發售.pdf,09958,,9958.HK|09958.HK,9958.HK,strip_zero
諾誠健華－Ｂ,2020-03-11,2020,matched,09969_11-03-2020_諾誠健華－Ｂ_全球發售.pdf,/nfs/users/wuqianqian/IPOI/dataset/2020/09969_11-03-2020_諾誠健華－Ｂ_全球發售.pdf,09969,,9969.HK|09969.HK,9969.HK,strip_zero
鳳祥股份,2020-06-30,2020,matched,09977_30-06-2020_鳳祥股份_全球發售.pdf,/nfs/users/wuqianqian/IPOI/dataset/2020/09977_30-06-2020_鳳祥股份_全球發售.pdf,09977,,9977.HK|09977.HK,9977.HK,strip_zero
綠城管理控股,2020-06-29,2020,matched,09979_29-06-2020_綠城管理控股_全球發售.pdf,/nfs/users/wuqianqian/IPOI/dataset/2020/09979_29-06-2020_綠城管理控股_全球發售.pdf,09979,,9979.HK|09979.HK,9979.HK,strip_zero
建業新生活,2020-05-05,2020,matched,09983_05-05-2020_建業新生活_全球發售.pdf,/nfs/users/wuqianqian/IPOI/dataset/2020/09983_05-05-2020_建業新生活_全球發售.pdf,09983,,9983.HK|09983.HK,9983.HK,strip_zero
大山教育,2020-06-30,2020,matched,09986_30-06-2020_大山教育_股份發售.pdf,/nfs/users/wuqianqian/IPOI/dataset/2020/09986_30-06-2020_大山教育_股份發售.pdf,09986,,9986.HK|09986.HK,9986.HK,strip_zero
百勝中國－Ｓ,2020-09-01,2020,matched,09987_01-09-2020_百勝中國－Ｓ_全球發售.pdf,/nfs/users/wuqianqian/IPOI/dataset/2020/09987_01-09-2020_百勝中國－Ｓ_全球發售.pdf,09987,,9987.HK|09987.HK,9987.HK,strip_zero
海普瑞,2020-06-24,2020,matched,09989_24-06-2020_海普瑞_全球發售.pdf,/nfs/users/wuqianqian/IPOI/dataset/2020/09989_24-06-2020_海普瑞_全球發售.pdf,09989,,9989.HK|09989.HK,9989.HK,strip_zero
祖龍娛樂,2020-06-30,2020,matched,09990_30-06-2020_祖龍娛樂_全球發售.pdf,/nfs/users/wuqianqian/IPOI/dataset/2020/09990_30-06-2020_祖龍娛樂_全球發售.pdf,09990,,9990.HK|09990.HK,9990.HK,strip_zero
寶尊電商－ＳＷ,2020-09-18,2020,matched,09991_18-09-2020_寶尊電商－ＳＷ_全球發售.pdf,/nfs/users/wuqianqian/IPOI/dataset/2020/09991_18-09-2020_寶尊電商－ＳＷ_全球發售.pdf,09991,,9991.HK|09991.HK,9991.HK,strip_zero
泡泡瑪特,2020-12-01,2020,matched,09992_01-12-2020_泡泡瑪特_全球發售.pdf,/nfs/users/wuqianqian/IPOI/dataset/2020/09992_01-12-2020_泡泡瑪特_全球發售.pdf,09992,,9992.HK|09992.HK,9992.HK,strip_zero
金輝控股,2020-10-16,2020,matched,09993_16-10-2020_金輝控股_全球發售.pdf,/nfs/users/wuqianqian/IPOI/dataset/2020/09993_16-10-2020_金輝控股_全球發售.pdf,09993,,9993.HK|09993.HK,9993.HK,strip_zero
榮昌生物－Ｂ,2020-10-28,2020,matched,09995_28-10-2020_榮昌生物－Ｂ_全球發售.pdf,/nfs/users/wuqianqian/IPOI/dataset/2020/09995_28-10-2020_榮昌生物－Ｂ_全球發售.pdf,09995,,9995.HK|09995.HK,9995.HK,strip_zero
沛嘉醫療－Ｂ,2020-05-05,2020,matched,09996_05-05-2020_沛嘉醫療－Ｂ_全球發售.pdf,/nfs/users/wuqianqian/IPOI/dataset/2020/09996_05-05-2020_沛嘉醫療－Ｂ_全球發售.pdf,09996,,9996.HK|09996.HK,9996.HK,strip_zero
康基醫療,2020-06-16,2020,matched,09997_16-06-2020_康基醫療_全球發售.pdf,/nfs/users/wuqianqian/IPOI/dataset/2020/09997_16-06-2020_康基醫療_全球發售.pdf,09997,,9997.HK|09997.HK,9997.HK,strip_zero
網易－Ｓ,2020-06-02,2020,matched,09999_02-06-2020_網易－Ｓ_全球發售.pdf,/nfs/users/wuqianqian/IPOI/dataset/2020/09999_02-06-2020_網易－Ｓ_全球發售.pdf,09999,,9999.HK|09999.HK,9999.HK,strip_zero
和黃醫藥,2021-06-18,2021,matched,00013_18-06-2021_和黃醫藥_全球發售.pdf,/nfs/users/wuqianqian/IPOI/dataset/2021/00013_18-06-2021_和黃醫藥_全球發售.pdf,00013,,13.HK|0013.HK|00013.HK,0013.HK,pad4
商湯－Ｗ,2021-12-07,2021,matched,00020_07-12-2021_商湯－Ｗ_全球發售.pdf,/nfs/users/wuqianqian/IPOI/dataset/2021/00020_07-12-2021_商湯－Ｗ_全球發售.pdf,00020,,20.HK|0020.HK|00020.HK,0020.HK,pad4
中駿商管,2021-06-21,2021,matched,00606_21-06-2021_中駿商管_全球發售.pdf,/nfs/users/wuqianqian/IPOI/dataset/2021/00606_21-06-2021_中駿商管_全球發售.pdf,00606,,606.HK|0606.HK|00606.HK,0606.HK,pad4
快手－Ｗ,2021-01-26,2021,matched,01024_26-01-2021_快手－Ｗ_全球發售.pdf,/nfs/users/wuqianqian/IPOI/dataset/2021/01024_26-01-2021_快手－Ｗ_全球發售.pdf,01024,,1024.HK|01024.HK,1024.HK,strip_zero
北海康成－Ｂ,2021-11-30,2021,matched,01228_30-11-2021_北海康成－Ｂ_全球發售.pdf,/nfs/users/wuqianqian/IPOI/dataset/2021/01228_30-11-2021_北海康成－Ｂ_全球發售.pdf,01228,,1228.HK|01228.HK,1228.HK,strip_zero
廣聯工程控股,2021-02-26,2021,matched,01413_26-02-2021_廣聯工程控股_股份發售.pdf,/nfs/users/wuqianqian/IPOI/dataset/2021/01413_26-02-2021_廣聯工程控股_股份發售.pdf,01413,,1413.HK|01413.HK,1413.HK,strip_zero
環聯連訊,2021-01-29,2021,matched,01473_29-01-2021_環聯連訊_股份發售.pdf,/nfs/users/wuqianqian/IPOI/dataset/2021/01473_29-01-2021_環聯連訊_股份發售.pdf,01473,,1473.HK|01473.HK,1473.HK,strip_zero
貝特集團控股,2021-10-29,2021,unmatched,01491_29-10-2021_貝特集團控股_全球發售.pdf,/nfs/users/wuqianqian/IPOI/dataset/2021/01491_29-10-2021_貝特集團控股_全球發售.pdf,01491,EOD全库无匹配WindCode，可能暂缓/取消上市或极短交易后摘牌,1491.HK|01491.HK,,
久久王,2021-02-26,2021,matched,01927_26-02-2021_久久王_全球發售.pdf,/nfs/users/wuqianqian/IPOI/dataset/2021/01927_26-02-2021_久久王_全球發售.pdf,01927,,1927.HK|01927.HK,1927.HK,strip_zero
UJU HOLDING,2021-10-26,2021,matched,01948_26-10-2021_UJU HOLDING_全球發售.pdf,/nfs/users/wuqianqian/IPOI/dataset/2021/01948_26-10-2021_UJU HOLDING_全球發售.pdf,01948,,1948.HK|01948.HK,1948.HK,strip_zero
朗詩綠色生活,2021-06-25,2021,matched,01965_25-06-2021_朗詩綠色生活_全球發售.pdf,/nfs/users/wuqianqian/IPOI/dataset/2021/01965_25-06-2021_朗詩綠色生活_全球發售.pdf,01965,,1965.HK|01965.HK,1965.HK,strip_zero
理想汽車－Ｗ,2021-08-03,2021,matched,02015_03-08-2021_理想汽車－Ｗ_全球發售.pdf,/nfs/users/wuqianqian/IPOI/dataset/2021/02015_03-08-2021_理想汽車－Ｗ_全球發售.pdf,02015,,2015.HK|02015.HK,2015.HK,strip_zero
騰盛博藥－Ｂ,2021-06-30,2021,matched,02137_30-06-2021_騰盛博藥－Ｂ_全球發售.pdf,/nfs/users/wuqianqian/IPOI/dataset/2021/02137_30-06-2021_騰盛博藥－Ｂ_全球發售.pdf,02137,,2137.HK|02137.HK,2137.HK,strip_zero
奈雪的茶,2021-06-18,2021,matched,02150_18-06-2021_奈雪的茶_全球發售.pdf,/nfs/users/wuqianqian/IPOI/dataset/2021/02150_18-06-2021_奈雪的茶_全球發售.pdf,02150,,2150.HK|02150.HK,2150.HK,strip_zero
森松國際,2021-06-15,2021,matched,02155_15-06-2021_森松國際_全球發售.pdf,/nfs/users/wuqianqian/IPOI/dataset/2021/02155_15-06-2021_森松國際_全球發售.pdf,02155,,2155.HK|02155.HK,2155.HK,strip_zero
心通醫療－Ｂ,2021-01-26,2021,matched,02160_26-01-2021_心通醫療－Ｂ_全球發售.pdf,/nfs/users/wuqianqian/IPOI/dataset/2021/02160_26-01-2021_心通醫療－Ｂ_全球發售.pdf,02160,,2160.HK|02160.HK,2160.HK,strip_zero
健倍苗苗,2021-01-26,2021,matched,02161_26-01-2021_健倍苗苗_公開發售.pdf,/nfs/users/wuqianqian/IPOI/dataset/2021/02161_26-01-2021_健倍苗苗_公開發售.pdf,02161,,2161.HK|02161.HK,2161.HK,strip_zero
康諾亞－Ｂ,2021-06-25,2021,matched,02162_25-06-2021_康諾亞－Ｂ_全球發售.pdf,/nfs/users/wuqianqian/IPOI/dataset/2021/02162_25-06-2021_康諾亞－Ｂ_全球發售.pdf,02162,,2162.HK|02162.HK,2162.HK,strip_zero
領悅服務集團,2021-06-29,2021,matched,02165_29-06-2021_領悅服務集團_全球發售.pdf,/nfs/users/wuqianqian/IPOI/dataset/2021/02165_29-06-2021_領悅服務集團_全球發售.pdf,02165,,2165.HK|02165.HK,2165.HK,strip_zero
貝康醫療－Ｂ,2021-01-27,2021,matched,02170_27-01-2021_貝康醫療－Ｂ_全球發售.pdf,/nfs/users/wuqianqian/IPOI/dataset/2021/02170_27-01-2021_貝康醫療－Ｂ_全球發售.pdf,02170,,2170.HK|02170.HK,2170.HK,strip_zero
科濟藥業－Ｂ,2021-06-07,2021,matched,02171_07-06-2021_科濟藥業－Ｂ_全球發售.pdf,/nfs/users/wuqianqian/IPOI/dataset/2021/02171_07-06-2021_科濟藥業－Ｂ_全球發售.pdf,02171,,2171.HK|02171.HK,2171.HK,strip_zero
中國通才教育,2021-06-30,2021,matched,02175_30-06-2021_中國通才教育_全球發售.pdf,/nfs/users/wuqianqian/IPOI/dataset/2021/02175_30-06-2021_中國通才教育_全球發售.pdf,02175,,2175.HK|02175.HK,2175.HK,strip_zero
優趣匯控股,2021-06-28,2021,matched,02177_28-06-2021_優趣匯控股_全球發售.pdf,/nfs/users/wuqianqian/IPOI/dataset/2021/02177_28-06-2021_優趣匯控股_全球發售.pdf,02177,,2177.HK|02177.HK,2177.HK,strip_zero
百心安－Ｂ,2021-12-13,2021,matched,02185_13-12-2021_百心安－Ｂ_全球發售.pdf,/nfs/users/wuqianqian/IPOI/dataset/2021/02185_13-12-2021_百心安－Ｂ_全球發售.pdf,02185,,2185.HK|02185.HK,2185.HK,strip_zero
智欣集團控股,2021-03-16,2021,matched,02187_16-03-2021_智欣集團控股_股份發售.pdf,/nfs/users/wuqianqian/IPOI/dataset/2021/02187_16-03-2021_智欣集團控股_股份發售.pdf,02187,,2187.HK|02187.HK,2187.HK,strip_zero
歸創通橋－Ｂ,2021-06-22,2021,matched,02190_22-06-2021_歸創通橋－Ｂ_全球發售.pdf,/nfs/users/wuqianqian/IPOI/dataset/2021/02190_22-06-2021_歸創通橋－Ｂ_全球發售.pdf,02190,,2190.HK|02190.HK,2190.HK,strip_zero
順豐房託,2021-05-05,2021,matched,02191_05-05-2021_順豐房託_全球發售.pdf,/nfs/users/wuqianqian/IPOI/dataset/2021/02191_05-05-2021_順豐房託_全球發售.pdf,02191,,2191.HK|02191.HK,2191.HK,strip_zero
醫脈通,2021-06-30,2021,matched,02192_30-06-2021_醫脈通_全球發售.pdf,/nfs/users/wuqianqian/IPOI/dataset/2021/02192_30-06-2021_醫脈通_全球發售.pdf,02192,,2192.HK|02192.HK,2192.HK,strip_zero
盈滙企業控股,2021-03-19,2021,matched,02195_19-03-2021_盈滙企業控股_股份發售.pdf,/nfs/users/wuqianqian/IPOI/dataset/2021/02195_19-03-2021_盈滙企業控股_股份發售.pdf,02195,,2195.HK|02195.HK,2195.HK,strip_zero
三葉草生物－Ｂ,2021-10-25,2021,matched,02197_25-10-2021_三葉草生物－Ｂ_全球發售.pdf,/nfs/users/wuqianqian/IPOI/dataset/2021/02197_25-10-2021_三葉草生物－Ｂ_全球發售.pdf,02197,,2197.HK|02197.HK,2197.HK,strip_zero
康橋悅生活,2021-06-29,2021,matched,02205_29-06-2021_康橋悅生活_全球發售.pdf,/nfs/users/wuqianqian/IPOI/dataset/2021/02205_29-06-2021_康橋悅生活_全球發售.pdf,02205,,2205.HK|02205.HK,2205.HK,strip_zero
融信服務,2021-06-30,2021,matched,02207_30-06-2021_融信服務_全球發售.pdf,/nfs/users/wuqianqian/IPOI/dataset/2021/02207_30-06-2021_融信服務_全球發售.pdf,02207,,2207.HK|02207.HK,2207.HK,strip_zero
喆麗控股,2021-06-28,2021,matched,02209_28-06-2021_喆麗控股_全球發售.pdf,/nfs/users/wuqianqian/IPOI/dataset/2021/02209_28-06-2021_喆麗控股_全球發售.pdf,02209,,2209.HK|02209.HK,2209.HK,strip_zero
京城佳業,2021-10-29,2021,matched,02210_29-10-2021_京城佳業_全球發售.pdf,/nfs/users/wuqianqian/IPOI/dataset/2021/02210_29-10-2021_京城佳業_全球發售.pdf,02210,,2210.HK|02210.HK,2210.HK,strip_zero
德信服務集團,2021-06-29,2021,matched,02215_29-06-2021_德信服務集團_全球發售.pdf,/nfs/users/wuqianqian/IPOI/dataset/2021/02215_29-06-2021_德信服務集團_全球發售.pdf,02215,,2215.HK|02215.HK,2215.HK,strip_zero
堃博醫療－Ｂ,2021-09-13,2021,matched,02216_13-09-2021_堃博醫療－Ｂ_全球發售.pdf,/nfs/users/wuqianqian/IPOI/dataset/2021/02216_13-09-2021_堃博醫療－Ｂ_全球發售.pdf,02216,,2216.HK|02216.HK,2216.HK,strip_zero
譚仔國際,2021-09-23,2021,matched,02217_23-09-2021_譚仔國際_全球發售.pdf,/nfs/users/wuqianqian/IPOI/dataset/2021/02217_23-09-2021_譚仔國際_全球發售.pdf,02217,,2217.HK|02217.HK,2217.HK,strip_zero
朝聚眼科,2021-06-24,2021,matched,02219_24-06-2021_朝聚眼科_全球發售.pdf,/nfs/users/wuqianqian/IPOI/dataset/2021/02219_24-06-2021_朝聚眼科_全球發售.pdf,02219,,2219.HK|02219.HK,2219.HK,strip_zero
微泰醫療－Ｂ,2021-10-06,2021,matched,02235_06-10-2021_微泰醫療－Ｂ_全球發售.pdf,/nfs/users/wuqianqian/IPOI/dataset/2021/02235_06-10-2021_微泰醫療－Ｂ_全球發售.pdf,02235,,2235.HK|02235.HK,2235.HK,strip_zero
德盈控股,2021-12-30,2021,matched,02250_30-12-2021_德盈控股_全球發售.pdf,/nfs/users/wuqianqian/IPOI/dataset/2021/02250_30-12-2021_德盈控股_全球發售.pdf,02250,,2250.HK|02250.HK,2250.HK,strip_zero
鷹瞳科技－Ｂ,2021-10-26,2021,matched,02251_26-10-2021_鷹瞳科技－Ｂ_全球發售.pdf,/nfs/users/wuqianqian/IPOI/dataset/2021/02251_26-10-2021_鷹瞳科技－Ｂ_全球發售.pdf,02251,,2251.HK|02251.HK,2251.HK,strip_zero
微創機器人－Ｂ,2021-10-21,2021,matched,02252_21-10-2021_微創機器人－Ｂ_全球發售.pdf,/nfs/users/wuqianqian/IPOI/dataset/2021/02252_21-10-2021_微創機器人－Ｂ_全球發售.pdf,02252,,2252.HK|02252.HK,2252.HK,strip_zero
和譽－Ｂ,2021-09-30,2021,matched,02256_30-09-2021_和譽－Ｂ_全球發售.pdf,/nfs/users/wuqianqian/IPOI/dataset/2021/02256_30-09-2021_和譽－Ｂ_全球發售.pdf,02256,,2256.HK|02256.HK,2256.HK,strip_zero
聖諾醫藥－Ｂ,2021-12-20,2021,matched,02257_20-12-2021_聖諾醫藥－Ｂ_全球發售.pdf,/nfs/users/wuqianqian/IPOI/dataset/2021/02257_20-12-2021_聖諾醫藥－Ｂ_全球發售.pdf,02257,,2257.HK|02257.HK,2257.HK,strip_zero
環龍控股,2021-12-29,2021,matched,02260_29-12-2021_環龍控股_全球發售.pdf,/nfs/users/wuqianqian/IPOI/dataset/2021/02260_29-12-2021_環龍控股_全球發售.pdf,02260,,2260.HK|02260.HK,2260.HK,strip_zero
鴻承環保科技,2021-10-29,2021,matched,02265_29-10-2021_鴻承環保科技_全球發售.pdf,/nfs/users/wuqianqian/IPOI/dataset/2021/02265_29-10-2021_鴻承環保科技_全球發售.pdf,02265,,2265.HK|02265.HK,2265.HK,strip_zero
德商產投服務,2021-11-30,2021,matched,02270_30-11-2021_德商產投服務_全球發售.pdf,/nfs/users/wuqianqian/IPOI/dataset/2021/02270_30-11-2021_德商產投服務_全球發售.pdf,02270,,2270.HK|02270.HK,2270.HK,strip_zero
固生堂,2021-11-30,2021,matched,02273_30-11-2021_固生堂_全球發售.pdf,/nfs/users/wuqianqian/IPOI/dataset/2021/02273_30-11-2021_固生堂_全球發售.pdf,02273,,2273.HK|02273.HK,2273.HK,strip_zero
康耐特光學,2021-11-30,2021,matched,02276_30-11-2021_康耐特光學_全球發售.pdf,/nfs/users/wuqianqian/IPOI/dataset/2021/02276_30-11-2021_康耐特光學_全球發售.pdf,02276,,2276.HK|02276.HK,2276.HK,strip_zero
雍禾醫療,2021-12-01,2021,matched,02279_01-12-2021_雍禾醫療_全球發售.pdf,/nfs/users/wuqianqian/IPOI/dataset/2021/02279_01-12-2021_雍禾醫療_全球發售.pdf,02279,,2279.HK|02279.HK,2279.HK,strip_zero
泉峰控股,2021-12-17,2021,matched,02285_17-12-2021_泉峰控股_全球發售.pdf,/nfs/users/wuqianqian/IPOI/dataset/2021/02285_17-12-2021_泉峰控股_全球發售.pdf,02285,,2285.HK|02285.HK,2285.HK,strip_zero
保誠,2021-09-20,2021,matched,02378_20-09-2021_保誠_售股章程 - 股份發售.pdf,/nfs/users/wuqianqian/IPOI/dataset/2021/02378_20-09-2021_保誠_售股章程 - 股份發售.pdf,02378,,2378.HK|02378.HK,2378.HK,strip_zero
汽車之家－Ｓ,2021-03-04,2021,matched,02518_04-03-2021_汽車之家－Ｓ_全球發售.pdf,/nfs/users/wuqianqian/IPOI/dataset/2021/02518_04-03-2021_汽車之家－Ｓ_全球發售.pdf,02518,,2518.HK|02518.HK,2518.HK,strip_zero
京東物流,2021-05-17,2021,matched,02618_17-05-2021_京東物流_全球發售.pdf,/nfs/users/wuqianqian/IPOI/dataset/2021/02618_17-05-2021_京東物流_全球發售.pdf,02618,,2618.HK|02618.HK,2618.HK,strip_zero
新希望服務,2021-05-11,2021,matched,03658_11-05-2021_新希望服務_全球發售.pdf,/nfs/users/wuqianqian/IPOI/dataset/2021/03658_11-05-2021_新希望服務_全球發售.pdf,03658,,3658.HK|03658.HK,3658.HK,strip_zero
昭衍新藥,2021-02-16,2021,matched,06127_16-02-2021_昭衍新藥_全球發售.pdf,/nfs/users/wuqianqian/IPOI/dataset/2021/06127_16-02-2021_昭衍新藥_全球發售.pdf,06127,,6127.HK|06127.HK,6127.HK,strip_zero
朝雲集團,2021-02-26,2021,matched,06601_26-02-2021_朝雲集團_全球發售.pdf,/nfs/users/wuqianqian/IPOI/dataset/2021/06601_26-02-2021_朝雲集團_全球發售.pdf,06601,,6601.HK|06601.HK,6601.HK,strip_zero
諾輝健康－Ｂ,2021-02-05,2021,matched,06606_05-02-2021_諾輝健康－Ｂ_全球發售.pdf,/nfs/users/wuqianqian/IPOI/dataset/2021/06606_05-02-2021_諾輝健康－Ｂ_全球發售.pdf,06606,,6606.HK|06606.HK,6606.HK,strip_zero
百融雲－Ｗ,2021-03-19,2021,matched,06608_19-03-2021_百融雲－Ｗ_全球發售.pdf,/nfs/users/wuqianqian/IPOI/dataset/2021/06608_19-03-2021_百融雲－Ｗ_全球發售.pdf,06608,,6608.HK|06608.HK,6608.HK,strip_zero
心瑋醫療－Ｂ,2021-08-10,2021,matched,06609_10-08-2021_心瑋醫療－Ｂ_全球發售.pdf,/nfs/users/wuqianqian/IPOI/dataset/2021/06609_10-08-2021_心瑋醫療－Ｂ_全球發售.pdf,06609,,6609.HK|06609.HK,6609.HK,strip_zero
三巽集團,2021-06-30,2021,matched,06611_30-06-2021_三巽集團_全球發售.pdf,/nfs/users/wuqianqian/IPOI/dataset/2021/06611_30-06-2021_三巽集團_全球發售.pdf,06611,,6611.HK|06611.HK,6611.HK,strip_zero
環球新材國際,2021-06-30,2021,matched,06616_30-06-2021_環球新材國際_全球發售.pdf,/nfs/users/wuqianqian/IPOI/dataset/2021/06616_30-06-2021_環球新材國際_全球發售.pdf,06616,,6616.HK|06616.HK,6616.HK,strip_zero
兆科眼科－Ｂ,2021-04-16,2021,matched,06622_16-04-2021_兆科眼科－Ｂ_全球發售.pdf,/nfs/users/wuqianqian/IPOI/dataset/2021/06622_16-04-2021_兆科眼科－Ｂ_全球發售.pdf,06622,,6622.HK|06622.HK,6622.HK,strip_zero
越秀服務,2021-06-16,2021,matched,06626_16-06-2021_越秀服務_全球發售.pdf,/nfs/users/wuqianqian/IPOI/dataset/2021/06626_16-06-2021_越秀服務_全球發售.pdf,06626,,6626.HK|06626.HK,6626.HK,strip_zero
創勝集團－Ｂ,2021-09-14,2021,matched,06628_14-09-2021_創勝集團－Ｂ_全球發售.pdf,/nfs/users/wuqianqian/IPOI/dataset/2021/06628_14-09-2021_創勝集團－Ｂ_全球發售.pdf,06628,,6628.HK|06628.HK,6628.HK,strip_zero
青瓷遊戲,2021-12-06,2021,matched,06633_06-12-2021_青瓷遊戲_全球發售.pdf,/nfs/users/wuqianqian/IPOI/dataset/2021/06633_06-12-2021_青瓷遊戲_全球發售.pdf,06633,,6633.HK|06633.HK,6633.HK,strip_zero
星盛商業,2021-01-14,2021,matched,06668_14-01-2021_星盛商業_全球發售.pdf,/nfs/users/wuqianqian/IPOI/dataset/2021/06668_14-01-2021_星盛商業_全球發售.pdf,06668,,6668.HK|06668.HK,6668.HK,strip_zero
先瑞達醫療－Ｂ,2021-08-12,2021,matched,06669_12-08-2021_先瑞達醫療－Ｂ_全球發售.pdf,/nfs/users/wuqianqian/IPOI/dataset/2021/06669_12-08-2021_先瑞達醫療－Ｂ_全球發售.pdf,06669,,6669.HK|06669.HK,6669.HK,strip_zero
金力永磁,2021-12-31,2021,matched,06680_31-12-2021_金力永磁_全球發售.pdf,/nfs/users/wuqianqian/IPOI/dataset/2021/06680_31-12-2021_金力永磁_全球發售.pdf,06680,,6680.HK|06680.HK,6680.HK,strip_zero
時代天使,2021-06-03,2021,matched,06699_03-06-2021_時代天使_全球發售.pdf,/nfs/users/wuqianqian/IPOI/dataset/2021/06699_03-06-2021_時代天使_全球發售.pdf,06699,,6699.HK|06699.HK,6699.HK,strip_zero
凱萊英,2021-11-30,2021,matched,06821_30-11-2021_凱萊英_全球發售.pdf,/nfs/users/wuqianqian/IPOI/dataset/2021/06821_30-11-2021_凱萊英_全球發售.pdf,06821,,6821.HK|06821.HK,6821.HK,strip_zero
百得利控股,2021-06-30,2021,matched,06909_30-06-2021_百得利控股_全球發售.pdf,/nfs/users/wuqianqian/IPOI/dataset/2021/06909_30-06-2021_百得利控股_全球發售.pdf,06909,,6909.HK|06909.HK,6909.HK,strip_zero
華南職業教育,2021-06-30,2021,matched,06913_30-06-2021_華南職業教育_全球發售.pdf,/nfs/users/wuqianqian/IPOI/dataset/2021/06913_30-06-2021_華南職業教育_全球發售.pdf,06913,,6913.HK|06913.HK,6913.HK,strip_zero
美佳音控股,2021-03-18,2021,matched,06939_18-03-2021_美佳音控股_全球發售.pdf,/nfs/users/wuqianqian/IPOI/dataset/2021/06939_18-03-2021_美佳音控股_全球發售.pdf,06939,,6939.HK|06939.HK,6939.HK,strip_zero
嗶哩嗶哩－ＳＷ,2021-03-18,2021,matched,09626_18-03-2021_嗶哩嗶哩－ＳＷ_全球發售.pdf,/nfs/users/wuqianqian/IPOI/dataset/2021/09626_18-03-2021_嗶哩嗶哩－ＳＷ_全球發售.pdf,09626,,9626.HK|09626.HK,9626.HK,strip_zero
順豐同城,2021-11-30,2021,matched,09699_30-11-2021_順豐同城_全球發售.pdf,/nfs/users/wuqianqian/IPOI/dataset/2021/09699_30-11-2021_順豐同城_全球發售.pdf,09699,,9699.HK|09699.HK,9699.HK,strip_zero
優然牧業,2021-06-07,2021,matched,09858_07-06-2021_優然牧業_全球發售.pdf,/nfs/users/wuqianqian/IPOI/dataset/2021/09858_07-06-2021_優然牧業_全球發售.pdf,09858,,9858.HK|09858.HK,9858.HK,strip_zero
小鵬汽車－Ｗ,2021-06-25,2021,matched,09868_25-06-2021_小鵬汽車－Ｗ_全球發售.pdf,/nfs/users/wuqianqian/IPOI/dataset/2021/09868_25-06-2021_小鵬汽車－Ｗ_全球發售.pdf,09868,,9868.HK|09868.HK,9868.HK,strip_zero
海倫司,2021-08-31,2021,matched,09869_31-08-2021_海倫司_全球發售.pdf,/nfs/users/wuqianqian/IPOI/dataset/2021/09869_31-08-2021_海倫司_全球發售.pdf,09869,,9869.HK|09869.HK,9869.HK,strip_zero
百度集團－ＳＷ,2021-03-12,2021,matched,09888_12-03-2021_百度集團－ＳＷ_全球發售.pdf,/nfs/users/wuqianqian/IPOI/dataset/2021/09888_12-03-2021_百度集團－ＳＷ_全球發售.pdf,09888,,9888.HK|09888.HK,9888.HK,strip_zero
東莞農商銀行,2021-09-16,2021,matched,09889_16-09-2021_東莞農商銀行_全球發售.pdf,/nfs/users/wuqianqian/IPOI/dataset/2021/09889_16-09-2021_東莞農商銀行_全球發售.pdf,09889,,9889.HK|09889.HK,9889.HK,strip_zero
微博－ＳＷ,2021-11-29,2021,matched,09898_29-11-2021_微博－ＳＷ_全球發售.pdf,/nfs/users/wuqianqian/IPOI/dataset/2021/09898_29-11-2021_微博－ＳＷ_全球發售.pdf,09898,,9898.HK|09898.HK,9898.HK,strip_zero
雲音樂,2021-11-23,2021,matched,09899_23-11-2021_雲音樂_全球發售.pdf,/nfs/users/wuqianqian/IPOI/dataset/2021/09899_23-11-2021_雲音樂_全球發售.pdf,09899,,9899.HK|09899.HK,9899.HK,strip_zero
安能物流,2021-10-29,2021,matched,09956_29-10-2021_安能物流_全球發售.pdf,/nfs/users/wuqianqian/IPOI/dataset/2021/09956_29-10-2021_安能物流_全球發售.pdf,09956,,9956.HK|09956.HK,9956.HK,strip_zero
聯易融科技－Ｗ,2021-03-26,2021,matched,09959_26-03-2021_聯易融科技－Ｗ_全球發售.pdf,/nfs/users/wuqianqian/IPOI/dataset/2021/09959_26-03-2021_聯易融科技－Ｗ_全球發售.pdf,09959,,9959.HK|09959.HK,9959.HK,strip_zero
康聖環球,2021-06-29,2021,matched,09960_29-06-2021_康聖環球_全球發售.pdf,/nfs/users/wuqianqian/IPOI/dataset/2021/09960_29-06-2021_康聖環球_全球發售.pdf,09960,,9960.HK|09960.HK,9960.HK,strip_zero
攜程集團－Ｓ,2021-04-08,2021,matched,09961_08-04-2021_攜程集團－Ｓ_全球發售.pdf,/nfs/users/wuqianqian/IPOI/dataset/2021/09961_08-04-2021_攜程集團－Ｓ_全球發售.pdf,09961,,9961.HK|09961.HK,9961.HK,strip_zero
中原建業,2021-05-18,2021,matched,09982_18-05-2021_中原建業_全球發售.pdf,/nfs/users/wuqianqian/IPOI/dataset/2021/09982_18-05-2021_中原建業_全球發售.pdf,09982,,9982.HK|09982.HK,9982.HK,strip_zero
思派健康,2022-12-12,2022,matched,00314_12-12-2022_思派健康_全球發售.pdf,/nfs/users/wuqianqian/IPOI/dataset/2022/00314_12-12-2022_思派健康_全球發售.pdf,00314,,314.HK|0314.HK|00314.HK,0314.HK,pad4
金茂服務,2022-02-25,2022,matched,00816_25-02-2022_金茂服務_全球發售.pdf,/nfs/users/wuqianqian/IPOI/dataset/2022/00816_25-02-2022_金茂服務_全球發售.pdf,00816,,816.HK|0816.HK|00816.HK,0816.HK,pad4
博維智慧,2022-06-29,2022,matched,01204_29-06-2022_博維智慧_全球發售.pdf,/nfs/users/wuqianqian/IPOI/dataset/2022/01204_29-06-2022_博維智慧_全球發售.pdf,01204,,1204.HK|01204.HK,1204.HK,strip_zero
3D MEDICINES-B,2022-11-29,2022,matched,01244_29-11-2022_3D MEDICINES-B_全球發售.pdf,/nfs/users/wuqianqian/IPOI/dataset/2022/01244_29-11-2022_3D MEDICINES-B_全球發售.pdf,01244,,1244.HK|01244.HK,1244.HK,strip_zero
清晰醫療,2022-01-31,2022,matched,01406_31-01-2022_清晰醫療_全球發售.pdf,/nfs/users/wuqianqian/IPOI/dataset/2022/01406_31-01-2022_清晰醫療_全球發售.pdf,01406,,1406.HK|01406.HK,1406.HK,strip_zero
交運燃氣,2022-10-31,2022,matched,01407_31-10-2022_交運燃氣_全球發售.pdf,/nfs/users/wuqianqian/IPOI/dataset/2022/01407_31-10-2022_交運燃氣_全球發售.pdf,01407,,1407.HK|01407.HK,1407.HK,strip_zero
GC CONSTRUCTION,2022-09-23,2022,matched,01489_23-09-2022_GC CONSTRUCTION_股份發售.pdf,/nfs/users/wuqianqian/IPOI/dataset/2022/01489_23-09-2022_GC CONSTRUCTION_股份發售.pdf,01489,,1489.HK|01489.HK,1489.HK,strip_zero
中國中免,2022-08-15,2022,matched,01880_15-08-2022_中國中免_全球發售.pdf,/nfs/users/wuqianqian/IPOI/dataset/2022/01880_15-08-2022_中國中免_全球發售.pdf,01880,,1880.HK|01880.HK,1880.HK,strip_zero
美皓集團,2022-11-30,2022,matched,01947_30-11-2022_美皓集團_全球發售.pdf,/nfs/users/wuqianqian/IPOI/dataset/2022/01947_30-11-2022_美皓集團_全球發售.pdf,01947,,1947.HK|01947.HK,1947.HK,strip_zero
創新奇智,2022-01-17,2022,matched,02121_17-01-2022_創新奇智_全球發售.pdf,/nfs/users/wuqianqian/IPOI/dataset/2022/02121_17-01-2022_創新奇智_全球發售.pdf,02121,,2121.HK|02121.HK,2121.HK,strip_zero
上美股份,2022-12-12,2022,matched,02145_12-12-2022_上美股份_全球發售.pdf,/nfs/users/wuqianqian/IPOI/dataset/2022/02145_12-12-2022_上美股份_全球發售.pdf,02145,,2145.HK|02145.HK,2145.HK,strip_zero
正味集團,2022-12-30,2022,matched,02147_30-12-2022_正味集團_股份發售.pdf,/nfs/users/wuqianqian/IPOI/dataset/2022/02147_30-12-2022_正味集團_股份發售.pdf,02147,,2147.HK|02147.HK,2147.HK,strip_zero
蘇新服務,2022-08-11,2022,matched,02152_11-08-2022_蘇新服務_全球發售.pdf,/nfs/users/wuqianqian/IPOI/dataset/2022/02152_11-08-2022_蘇新服務_全球發售.pdf,02152,,2152.HK|02152.HK,2152.HK,strip_zero
樂普生物－Ｂ,2022-02-10,2022,matched,02157_10-02-2022_樂普生物－Ｂ_全球發售.pdf,/nfs/users/wuqianqian/IPOI/dataset/2022/02157_10-02-2022_樂普生物－Ｂ_全球發售.pdf,02157,,2157.HK|02157.HK,2157.HK,strip_zero
天潤雲,2022-06-21,2022,matched,02167_21-06-2022_天潤雲_全球發售.pdf,/nfs/users/wuqianqian/IPOI/dataset/2022/02167_21-06-2022_天潤雲_全球發售.pdf,02167,,2167.HK|02167.HK,2167.HK,strip_zero
微創腦科學,2022-06-29,2022,matched,02172_29-06-2022_微創腦科學_全球發售.pdf,/nfs/users/wuqianqian/IPOI/dataset/2022/02172_29-06-2022_微創腦科學_全球發售.pdf,02172,,2172.HK|02172.HK,2172.HK,strip_zero
瑞科生物－Ｂ,2022-03-21,2022,matched,02179_21-03-2022_瑞科生物－Ｂ_全球發售.pdf,/nfs/users/wuqianqian/IPOI/dataset/2022/02179_21-03-2022_瑞科生物－Ｂ_全球發售.pdf,02179,,2179.HK|02179.HK,2179.HK,strip_zero
中國石墨,2022-06-30,2022,matched,02237_30-06-2022_中國石墨_全球發售.pdf,/nfs/users/wuqianqian/IPOI/dataset/2022/02237_30-06-2022_中國石墨_全球發售.pdf,02237,,2237.HK|02237.HK,2237.HK,strip_zero
力勤資源,2022-11-21,2022,matched,02245_21-11-2022_力勤資源_全球發售.pdf,/nfs/users/wuqianqian/IPOI/dataset/2022/02245_21-11-2022_力勤資源_全球發售.pdf,02245,,2245.HK|02245.HK,2245.HK,strip_zero
快狗打車,2022-06-14,2022,matched,02246_14-06-2022_快狗打車_全球發售.pdf,/nfs/users/wuqianqian/IPOI/dataset/2022/02246_14-06-2022_快狗打車_全球發售.pdf,02246,,2246.HK|02246.HK,2246.HK,strip_zero
心泰醫療,2022-10-27,2022,matched,02291_27-10-2022_心泰醫療_全球發售.pdf,/nfs/users/wuqianqian/IPOI/dataset/2022/02291_27-10-2022_心泰醫療_全球發售.pdf,02291,,2291.HK|02291.HK,2291.HK,strip_zero
潤邁德－Ｂ,2022-06-27,2022,matched,02297_27-06-2022_潤邁德－Ｂ_全球發售.pdf,/nfs/users/wuqianqian/IPOI/dataset/2022/02297_27-06-2022_潤邁德－Ｂ_全球發售.pdf,02297,,2297.HK|02297.HK,2297.HK,strip_zero
樂華娛樂,2022-12-30,2022,matched,02306_30-12-2022_樂華娛樂_全球發售.pdf,/nfs/users/wuqianqian/IPOI/dataset/2022/02306_30-12-2022_樂華娛樂_全球發售.pdf,02306,,2306.HK|02306.HK,2306.HK,strip_zero
百奧賽圖－Ｂ,2022-08-19,2022,matched,02315_19-08-2022_百奧賽圖－Ｂ_全球發售.pdf,/nfs/users/wuqianqian/IPOI/dataset/2022/02315_19-08-2022_百奧賽圖－Ｂ_全球發售.pdf,02315,,2315.HK|02315.HK,2315.HK,strip_zero
雙財莊,2022-08-08,2022,matched,02321_08-08-2022_雙財莊_全球發售.pdf,/nfs/users/wuqianqian/IPOI/dataset/2022/02321_08-08-2022_雙財莊_全球發售.pdf,02321,,2321.HK|02321.HK,2321.HK,strip_zero
雲康集團,2022-05-05,2022,matched,02325_05-05-2022_雲康集團_全球發售.pdf,/nfs/users/wuqianqian/IPOI/dataset/2022/02325_05-05-2022_雲康集團_全球發售.pdf,02325,,2325.HK|02325.HK,2325.HK,strip_zero
友和集團,2022-05-26,2022,matched,02347_26-05-2022_友和集團_全球發售.pdf,/nfs/users/wuqianqian/IPOI/dataset/2022/02347_26-05-2022_友和集團_全球發售.pdf,02347,,2347.HK|02347.HK,2347.HK,strip_zero
數科集團,2022-09-13,2022,matched,02350_13-09-2022_數科集團_股份發售.pdf,/nfs/users/wuqianqian/IPOI/dataset/2022/02350_13-09-2022_數科集團_股份發售.pdf,02350,,2350.HK|02350.HK,2350.HK,strip_zero
東原仁知服務,2022-04-19,2022,matched,02352_19-04-2022_東原仁知服務_全球發售.pdf,/nfs/users/wuqianqian/IPOI/dataset/2022/02352_19-04-2022_東原仁知服務_全球發售.pdf,02352,,2352.HK|02352.HK,2352.HK,strip_zero
中康控股,2022-06-28,2022,matched,02361_28-06-2022_中康控股_全球發售.pdf,/nfs/users/wuqianqian/IPOI/dataset/2022/02361_28-06-2022_中康控股_全球發售.pdf,02361,,2361.HK|02361.HK,2361.HK,strip_zero
巨子生物,2022-10-25,2022,matched,02367_25-10-2022_巨子生物_全球發售.pdf,/nfs/users/wuqianqian/IPOI/dataset/2022/02367_25-10-2022_巨子生物_全球發售.pdf,02367,,2367.HK|02367.HK,2367.HK,strip_zero
力高健康生活,2022-03-22,2022,matched,02370_22-03-2022_力高健康生活_全球發售.pdf,/nfs/users/wuqianqian/IPOI/dataset/2022/02370_22-03-2022_力高健康生活_全球發售.pdf,02370,,2370.HK|02370.HK,2370.HK,strip_zero
偉立控股,2022-06-17,2022,matched,02372_17-06-2022_偉立控股_股份發售.pdf,/nfs/users/wuqianqian/IPOI/dataset/2022/02372_17-06-2022_偉立控股_股份發售.pdf,02372,,2372.HK|02372.HK,2372.HK,strip_zero
美麗田園醫療健康,2022-12-30,2022,matched,02373_30-12-2022_美麗田園醫療健康_全球發售.pdf,/nfs/users/wuqianqian/IPOI/dataset/2022/02373_30-12-2022_美麗田園醫療健康_全球發售.pdf,02373,,2373.HK|02373.HK,2373.HK,strip_zero
魯商服務,2022-06-27,2022,matched,02376_27-06-2022_魯商服務_全球發售.pdf,/nfs/users/wuqianqian/IPOI/dataset/2022/02376_27-06-2022_魯商服務_全球發售.pdf,02376,,2376.HK|02376.HK,2376.HK,strip_zero
讀書郎,2022-06-29,2022,matched,02385_29-06-2022_讀書郎_全球發售.pdf,/nfs/users/wuqianqian/IPOI/dataset/2022/02385_29-06-2022_讀書郎_全球發售.pdf,02385,,2385.HK|02385.HK,2385.HK,strip_zero
知乎－Ｗ,2022-04-11,2022,matched,02390_11-04-2022_知乎－Ｗ_全球發售.pdf,/nfs/users/wuqianqian/IPOI/dataset/2022/02390_11-04-2022_知乎－Ｗ_全球發售.pdf,02390,,2390.HK|02390.HK,2390.HK,strip_zero
塗鴉智能－Ｗ,2022-06-22,2022,matched,02391_22-06-2022_塗鴉智能－Ｗ_全球發售.pdf,/nfs/users/wuqianqian/IPOI/dataset/2022/02391_22-06-2022_塗鴉智能－Ｗ_全球發售.pdf,02391,,2391.HK|02391.HK,2391.HK,strip_zero
玄武雲,2022-06-24,2022,matched,02392_24-06-2022_玄武雲_全球發售.pdf,/nfs/users/wuqianqian/IPOI/dataset/2022/02392_24-06-2022_玄武雲_全球發售.pdf,02392,,2392.HK|02392.HK,2392.HK,strip_zero
億華通,2022-12-29,2022,matched,02402_29-12-2022_億華通_全球發售.pdf,/nfs/users/wuqianqian/IPOI/dataset/2022/02402_29-12-2022_億華通_全球發售.pdf,02402,,2402.HK|02402.HK,2402.HK,strip_zero
高視醫療,2022-11-30,2022,matched,02407_30-11-2022_高視醫療_全球發售.pdf,/nfs/users/wuqianqian/IPOI/dataset/2022/02407_30-11-2022_高視醫療_全球發售.pdf,02407,,2407.HK|02407.HK,2407.HK,strip_zero
百果園集團,2022-12-29,2022,matched,02411_29-12-2022_百果園集團_全球發售.pdf,/nfs/users/wuqianqian/IPOI/dataset/2022/02411_29-12-2022_百果園集團_全球發售.pdf,02411,,2411.HK|02411.HK,2411.HK,strip_zero
德銀天下,2022-06-30,2022,matched,02418_30-06-2022_德銀天下_全球發售.pdf,/nfs/users/wuqianqian/IPOI/dataset/2022/02418_30-06-2022_德銀天下_全球發售.pdf,02418,,2418.HK|02418.HK,2418.HK,strip_zero
子不語,2022-10-31,2022,matched,02420_31-10-2022_子不語_全球發售.pdf,/nfs/users/wuqianqian/IPOI/dataset/2022/02420_31-10-2022_子不語_全球發售.pdf,02420,,2420.HK|02420.HK,2420.HK,strip_zero
潤歌互動,2022-09-30,2022,matched,02422_30-09-2022_潤歌互動_全球發售.pdf,/nfs/users/wuqianqian/IPOI/dataset/2022/02422_30-09-2022_潤歌互動_全球發售.pdf,02422,,2422.HK|02422.HK,2422.HK,strip_zero
澳亞集團,2022-12-16,2022,matched,02425_16-12-2022_澳亞集團_全球發售.pdf,/nfs/users/wuqianqian/IPOI/dataset/2022/02425_16-12-2022_澳亞集團_全球發售.pdf,02425,,2425.HK|02425.HK,2425.HK,strip_zero
GUANZE MEDICAL,2022-12-15,2022,matched,02427_15-12-2022_GUANZE MEDICAL_全球發售.pdf,/nfs/users/wuqianqian/IPOI/dataset/2022/02427_15-12-2022_GUANZE MEDICAL_全球發售.pdf,02427,,2427.HK|02427.HK,2427.HK,strip_zero
凌雄科技,2022-11-14,2022,matched,02436_14-11-2022_凌雄科技_全球發售.pdf,/nfs/users/wuqianqian/IPOI/dataset/2022/02436_14-11-2022_凌雄科技_全球發售.pdf,02436,,2436.HK|02436.HK,2436.HK,strip_zero
濠暻科技,2022-11-30,2022,matched,02440_30-11-2022_濠暻科技_全球發售.pdf,/nfs/users/wuqianqian/IPOI/dataset/2022/02440_30-11-2022_濠暻科技_全球發售.pdf,02440,,2440.HK|02440.HK,2440.HK,strip_zero
淮北綠金股份,2022-12-30,2022,matched,02450_30-12-2022_淮北綠金股份_全球發售.pdf,/nfs/users/wuqianqian/IPOI/dataset/2022/02450_30-12-2022_淮北綠金股份_全球發售.pdf,02450,,2450.HK|02450.HK,2450.HK,strip_zero
潤華服務,2022-12-30,2022,matched,02455_30-12-2022_潤華服務_全球發售.pdf,/nfs/users/wuqianqian/IPOI/dataset/2022/02455_30-12-2022_潤華服務_全球發售.pdf,02455,,2455.HK|02455.HK,2455.HK,strip_zero
步陽國際,2022-11-29,2022,matched,02457_29-11-2022_步陽國際_全球發售.pdf,/nfs/users/wuqianqian/IPOI/dataset/2022/02457_29-11-2022_步陽國際_全球發售.pdf,02457,,2457.HK|02457.HK,2457.HK,strip_zero
望塵科技控股,2022-12-30,2022,matched,02458_30-12-2022_望塵科技控股_全球發售.pdf,/nfs/users/wuqianqian/IPOI/dataset/2022/02458_30-12-2022_望塵科技控股_全球發售.pdf,02458,,2458.HK|02458.HK,2458.HK,strip_zero
昇能集團,2022-12-30,2022,matched,02459_30-12-2022_昇能集團_全球發售.pdf,/nfs/users/wuqianqian/IPOI/dataset/2022/02459_30-12-2022_昇能集團_全球發售.pdf,02459,,2459.HK|02459.HK,2459.HK,strip_zero
粉筆,2022-12-23,2022,matched,02469_23-12-2022_粉筆_全球發售.pdf,/nfs/users/wuqianqian/IPOI/dataset/2022/02469_23-12-2022_粉筆_全球發售.pdf,02469,,2469.HK|02469.HK,2469.HK,strip_zero
萬物雲,2022-09-19,2022,matched,02602_19-09-2022_萬物雲_全球發售.pdf,/nfs/users/wuqianqian/IPOI/dataset/2022/02602_19-09-2022_萬物雲_全球發售.pdf,02602,,2602.HK|02602.HK,2602.HK,strip_zero
花房集團,2022-11-30,2022,matched,03611_30-11-2022_花房集團_全球發售.pdf,/nfs/users/wuqianqian/IPOI/dataset/2022/03611_30-11-2022_花房集團_全球發售.pdf,03611,,3611.HK|03611.HK,3611.HK,strip_zero
３６０數科－Ｓ,2022-11-18,2022,matched,03660_18-11-2022_３６０數科－Ｓ_全球發售.pdf,/nfs/users/wuqianqian/IPOI/dataset/2022/03660_18-11-2022_３６０數科－Ｓ_全球發售.pdf,03660,,3660.HK|03660.HK,3660.HK,strip_zero
中創新航,2022-09-23,2022,matched,03931_23-09-2022_中創新航_全球發售.pdf,/nfs/users/wuqianqian/IPOI/dataset/2022/03931_23-09-2022_中創新航_全球發售.pdf,03931,,3931.HK|03931.HK,3931.HK,strip_zero
INTERRA ACQ Z25,2022-09-09,2022,unmatched,04801_09-09-2022_INTERRA ACQ Z25_發售A類股份及上市認股權證.pdf,/nfs/users/wuqianqian/IPOI/dataset/2022/04801_09-09-2022_INTERRA ACQ Z25_發售A類股份及上市認股權證.pdf,04801,SPAC/收购类标的，可能未上市或代码不同,4801.HK|04801.HK,,
匯德收購Ｚ２５,2022-08-09,2022,unmatched,04841_09-08-2022_匯德收購Ｚ２５_透過特殊目的收購公司發售於香港聯合交易所有限公司主板上市.pdf,/nfs/users/wuqianqian/IPOI/dataset/2022/04841_09-08-2022_匯德收購Ｚ２５_透過特殊目的收購公司發售於香港聯合交易所有限公司主板上市.pdf,04841,SPAC/收购类标的，可能未上市或代码不同,4841.HK|04841.HK,,
飛天雲動,2022-09-29,2022,matched,06610_29-09-2022_飛天雲動_全球發售.pdf,/nfs/users/wuqianqian/IPOI/dataset/2022/06610_29-09-2022_飛天雲動_全球發售.pdf,06610,,6610.HK|06610.HK,6610.HK,strip_zero
瑞爾集團,2022-03-09,2022,matched,06639_09-03-2022_瑞爾集團_全球發售.pdf,/nfs/users/wuqianqian/IPOI/dataset/2022/06639_09-03-2022_瑞爾集團_全球發售.pdf,06639,,6639.HK|06639.HK,6639.HK,strip_zero
艾美疫苗,2022-09-23,2022,matched,06660_23-09-2022_艾美疫苗_全球發售.pdf,/nfs/users/wuqianqian/IPOI/dataset/2022/06660_23-09-2022_艾美疫苗_全球發售.pdf,06660,,6660.HK|06660.HK,6660.HK,strip_zero
湖州燃氣,2022-06-29,2022,matched,06661_29-06-2022_湖州燃氣_全球發售.pdf,/nfs/users/wuqianqian/IPOI/dataset/2022/06661_29-06-2022_湖州燃氣_全球發售.pdf,06661,,6661.HK|06661.HK,6661.HK,strip_zero
美因基因,2022-06-10,2022,matched,06667_10-06-2022_美因基因_全球發售.pdf,/nfs/users/wuqianqian/IPOI/dataset/2022/06667_10-06-2022_美因基因_全球發售.pdf,06667,,6667.HK|06667.HK,6667.HK,strip_zero
百德醫療,2022-09-22,2022,unmatched,06678_22-09-2022_百德醫療_全球發售.pdf,/nfs/users/wuqianqian/IPOI/dataset/2022/06678_22-09-2022_百德醫療_全球發售.pdf,06678,EOD全库无匹配WindCode，可能暂缓/取消上市或极短交易后摘牌,6678.HK|06678.HK,,
諾亞控股－Ｓ,2022-06-29,2022,matched,06686_29-06-2022_諾亞控股－Ｓ_全球發售.pdf,/nfs/users/wuqianqian/IPOI/dataset/2022/06686_29-06-2022_諾亞控股－Ｓ_全球發售.pdf,06686,,6686.HK|06686.HK,6686.HK,strip_zero
洪九果品,2022-08-24,2022,matched,06689_24-08-2022_洪九果品_全球發售.pdf,/nfs/users/wuqianqian/IPOI/dataset/2022/06689_24-08-2022_洪九果品_全球發售.pdf,06689,,6689.HK|06689.HK,6689.HK,strip_zero
多想雲,2022-10-28,2022,matched,06696_28-10-2022_多想雲_全球發售.pdf,/nfs/users/wuqianqian/IPOI/dataset/2022/06696_28-10-2022_多想雲_全球發售.pdf,06696,,6696.HK|06696.HK,6696.HK,strip_zero
星空華文,2022-12-15,2022,matched,06698_15-12-2022_星空華文_全球發售.pdf,/nfs/users/wuqianqian/IPOI/dataset/2022/06698_15-12-2022_星空華文_全球發售.pdf,06698,,6698.HK|06698.HK,6698.HK,strip_zero
康灃生物－Ｂ,2022-12-16,2022,matched,06922_16-12-2022_康灃生物－Ｂ_全球發售.pdf,/nfs/users/wuqianqian/IPOI/dataset/2022/06922_16-12-2022_康灃生物－Ｂ_全球發售.pdf,06922,,6922.HK|06922.HK,6922.HK,strip_zero
業聚醫療,2022-12-13,2022,matched,06929_13-12-2022_業聚醫療_全球發售.pdf,/nfs/users/wuqianqian/IPOI/dataset/2022/06929_13-12-2022_業聚醫療_全球發售.pdf,06929,,6929.HK|06929.HK,6929.HK,strip_zero
博安生物－Ｂ,2022-12-19,2022,matched,06955_19-12-2022_博安生物－Ｂ_全球發售.pdf,/nfs/users/wuqianqian/IPOI/dataset/2022/06955_19-12-2022_博安生物－Ｂ_全球發售.pdf,06955,,6955.HK|06955.HK,6955.HK,strip_zero
陽光保險,2022-11-30,2022,matched,06963_30-11-2022_陽光保險_全球發售.pdf,/nfs/users/wuqianqian/IPOI/dataset/2022/06963_30-11-2022_陽光保險_全球發售.pdf,06963,,6963.HK|06963.HK,6963.HK,strip_zero
INTERRA ACQ-Z,2022-09-09,2022,matched,07801_09-09-2022_INTERRA ACQ-Z_發售A類股份及上市認股權證.pdf,/nfs/users/wuqianqian/IPOI/dataset/2022/07801_09-09-2022_INTERRA ACQ-Z_發售A類股份及上市認股權證.pdf,07801,,7801.HK|07801.HK,7801.HK,strip_zero
匯德收購－Ｚ,2022-08-09,2022,unmatched,07841_09-08-2022_匯德收購－Ｚ_透過特殊目的收購公司發售於香港聯合交易所有限公司主板上市.pdf,/nfs/users/wuqianqian/IPOI/dataset/2022/07841_09-08-2022_匯德收購－Ｚ_透過特殊目的收購公司發售於香港聯合交易所有限公司主板上市.pdf,07841,SPAC/收购类标的，可能未上市或代码不同,7841.HK|07841.HK,,
法拉帝,2022-03-22,2022,matched,09638_22-03-2022_法拉帝_全球發售.pdf,/nfs/users/wuqianqian/IPOI/dataset/2022/09638_22-03-2022_法拉帝_全球發售.pdf,09638,,9638.HK|09638.HK,9638.HK,strip_zero
天齊鋰業,2022-06-30,2022,matched,09696_30-06-2022_天齊鋰業_全球發售.pdf,/nfs/users/wuqianqian/IPOI/dataset/2022/09696_30-06-2022_天齊鋰業_全球發售.pdf,09696,,9696.HK|09696.HK,9696.HK,strip_zero
檸萌影視,2022-07-29,2022,matched,09857_29-07-2022_檸萌影視_全球發售.pdf,/nfs/users/wuqianqian/IPOI/dataset/2022/09857_29-07-2022_檸萌影視_全球發售.pdf,09857,,9857.HK|09857.HK,9857.HK,strip_zero
零跑汽車,2022-09-20,2022,matched,09863_20-09-2022_零跑汽車_全球發售.pdf,/nfs/users/wuqianqian/IPOI/dataset/2022/09863_20-09-2022_零跑汽車_全球發售.pdf,09863,,9863.HK|09863.HK,9863.HK,strip_zero
健世科技－Ｂ,2022-09-23,2022,matched,09877_23-09-2022_健世科技－Ｂ_全球發售.pdf,/nfs/users/wuqianqian/IPOI/dataset/2022/09877_23-09-2022_健世科技－Ｂ_全球發售.pdf,09877,,9877.HK|09877.HK,9877.HK,strip_zero
匯通達網絡,2022-01-31,2022,matched,09878_31-01-2022_匯通達網絡_全球發售.pdf,/nfs/users/wuqianqian/IPOI/dataset/2022/09878_31-01-2022_匯通達網絡_全球發售.pdf,09878,,9878.HK|09878.HK,9878.HK,strip_zero
叮噹健康,2022-09-01,2022,matched,09886_01-09-2022_叮噹健康_全球發售.pdf,/nfs/users/wuqianqian/IPOI/dataset/2022/09886_01-09-2022_叮噹健康_全球發售.pdf,09886,,9886.HK|09886.HK,9886.HK,strip_zero
名創優品,2022-06-30,2022,matched,09896_30-06-2022_名創優品_全球發售.pdf,/nfs/users/wuqianqian/IPOI/dataset/2022/09896_30-06-2022_名創優品_全球發售.pdf,09896,,9896.HK|09896.HK,9896.HK,strip_zero
智雲健康,2022-06-23,2022,matched,09955_23-06-2022_智雲健康_全球發售.pdf,/nfs/users/wuqianqian/IPOI/dataset/2022/09955_23-06-2022_智雲健康_全球發售.pdf,09955,,9955.HK|09955.HK,9955.HK,strip_zero
衛龍,2022-12-05,2022,matched,09985_05-12-2022_衛龍_全球發售.pdf,/nfs/users/wuqianqian/IPOI/dataset/2022/09985_05-12-2022_衛龍_全球發售.pdf,09985,,9985.HK|09985.HK,9985.HK,strip_zero
瑞浦蘭鈞,2023-12-08,2023,matched,00666_08-12-2023_瑞浦蘭鈞_全球發售.pdf,/nfs/users/wuqianqian/IPOI/dataset/2023/00666_08-12-2023_瑞浦蘭鈞_全球發售.pdf,00666,,666.HK|0666.HK|00666.HK,0666.HK,pad4
華視集團控股,2023-10-31,2023,matched,01111_31-10-2023_華視集團控股_全球發售.pdf,/nfs/users/wuqianqian/IPOI/dataset/2023/01111_31-10-2023_華視集團控股_全球發售.pdf,01111,,1111.HK|01111.HK,1111.HK,strip_zero
知行汽車科技,2023-12-12,2023,matched,01274_12-12-2023_知行汽車科技_全球發售.pdf,/nfs/users/wuqianqian/IPOI/dataset/2023/01274_12-12-2023_知行汽車科技_全球發售.pdf,01274,,1274.HK|01274.HK,1274.HK,strip_zero
新傳企劃,2023-06-30,2023,matched,01284_30-06-2023_新傳企劃_股份發售.pdf,/nfs/users/wuqianqian/IPOI/dataset/2023/01284_30-06-2023_新傳企劃_股份發售.pdf,01284,,1284.HK|01284.HK,1284.HK,strip_zero
達勢股份,2023-03-16,2023,matched,01405_16-03-2023_達勢股份_全球發售.pdf,/nfs/users/wuqianqian/IPOI/dataset/2023/01405_16-03-2023_達勢股份_全球發售.pdf,01405,,1405.HK|01405.HK,1405.HK,strip_zero
燕之屋,2023-11-30,2023,matched,01497_30-11-2023_燕之屋_全球發售.pdf,/nfs/users/wuqianqian/IPOI/dataset/2023/01497_30-11-2023_燕之屋_全球發售.pdf,01497,,1497.HK|01497.HK,1497.HK,strip_zero
極兔速遞－Ｗ,2023-10-16,2023,matched,01519_16-10-2023_極兔速遞－Ｗ_全球發售.pdf,/nfs/users/wuqianqian/IPOI/dataset/2023/01519_16-10-2023_極兔速遞－Ｗ_全球發售.pdf,01519,,1519.HK|01519.HK,1519.HK,strip_zero
宜明昂科－Ｂ,2023-08-24,2023,matched,01541_24-08-2023_宜明昂科－Ｂ_全球發售.pdf,/nfs/users/wuqianqian/IPOI/dataset/2023/01541_24-08-2023_宜明昂科－Ｂ_全球發售.pdf,01541,,1541.HK|01541.HK,1541.HK,strip_zero
天圖投資,2023-09-25,2023,matched,01973_25-09-2023_天圖投資_全球發售.pdf,/nfs/users/wuqianqian/IPOI/dataset/2023/01973_25-09-2023_天圖投資_全球發售.pdf,01973,,1973.HK|01973.HK,1973.HK,strip_zero
來凱醫藥－Ｂ,2023-06-16,2023,matched,02105_16-06-2023_來凱醫藥－Ｂ_全球發售.pdf,/nfs/users/wuqianqian/IPOI/dataset/2023/02105_16-06-2023_來凱醫藥－Ｂ_全球發售.pdf,02105,,2105.HK|02105.HK,2105.HK,strip_zero
貝克微,2023-12-18,2023,matched,02149_18-12-2023_貝克微_全球發售.pdf,/nfs/users/wuqianqian/IPOI/dataset/2023/02149_18-12-2023_貝克微_全球發售.pdf,02149,,2149.HK|02149.HK,2149.HK,strip_zero
藥明合聯,2023-11-07,2023,matched,02268_07-11-2023_藥明合聯_全球發售.pdf,/nfs/users/wuqianqian/IPOI/dataset/2023/02268_07-11-2023_藥明合聯_全球發售.pdf,02268,,2268.HK|02268.HK,2268.HK,strip_zero
眾安智慧生活,2023-06-30,2023,matched,02271_30-06-2023_眾安智慧生活_全球發售.pdf,/nfs/users/wuqianqian/IPOI/dataset/2023/02271_30-06-2023_眾安智慧生活_全球發售.pdf,02271,,2271.HK|02271.HK,2271.HK,strip_zero
力盟科技,2023-03-21,2023,matched,02405_21-03-2023_力盟科技_全球發售.pdf,/nfs/users/wuqianqian/IPOI/dataset/2023/02405_21-03-2023_力盟科技_全球發售.pdf,02405,,2405.HK|02405.HK,2405.HK,strip_zero
洲際船務,2023-03-14,2023,matched,02409_14-03-2023_洲際船務_全球發售.pdf,/nfs/users/wuqianqian/IPOI/dataset/2023/02409_14-03-2023_洲際船務_全球發售.pdf,02409,,2409.HK|02409.HK,2409.HK,strip_zero
梅斯健康,2023-04-17,2023,matched,02415_17-04-2023_梅斯健康_全球發售.pdf,/nfs/users/wuqianqian/IPOI/dataset/2023/02415_17-04-2023_梅斯健康_全球發售.pdf,02415,,2415.HK|02415.HK,2415.HK,strip_zero
易點雲,2023-05-15,2023,matched,02416_15-05-2023_易點雲_全球發售.pdf,/nfs/users/wuqianqian/IPOI/dataset/2023/02416_15-05-2023_易點雲_全球發售.pdf,02416,,2416.HK|02416.HK,2416.HK,strip_zero
德康農牧,2023-11-27,2023,matched,02419_27-11-2023_德康農牧_全球發售.pdf,/nfs/users/wuqianqian/IPOI/dataset/2023/02419_27-11-2023_德康農牧_全球發售.pdf,02419,,2419.HK|02419.HK,2419.HK,strip_zero
友寶在線,2023-10-24,2023,matched,02429_24-10-2023_友寶在線_全球發售.pdf,/nfs/users/wuqianqian/IPOI/dataset/2023/02429_24-10-2023_友寶在線_全球發售.pdf,02429,,2429.HK|02429.HK,2429.HK,strip_zero
中天湖南集團,2023-03-20,2023,matched,02433_20-03-2023_中天湖南集團_全球發售.pdf,/nfs/users/wuqianqian/IPOI/dataset/2023/02433_20-03-2023_中天湖南集團_全球發售.pdf,02433,,2433.HK|02433.HK,2433.HK,strip_zero
中寶新材,2023-03-21,2023,matched,02439_21-03-2023_中寶新材_全球發售.pdf,/nfs/users/wuqianqian/IPOI/dataset/2023/02439_21-03-2023_中寶新材_全球發售.pdf,02439,,2439.HK|02439.HK,2439.HK,strip_zero
怡俊集團控股,2023-04-25,2023,matched,02442_25-04-2023_怡俊集團控股_股份發售.pdf,/nfs/users/wuqianqian/IPOI/dataset/2023/02442_25-04-2023_怡俊集團控股_股份發售.pdf,02442,,2442.HK|02442.HK,2442.HK,strip_zero
綠源集團控股,2023-09-28,2023,matched,02451_28-09-2023_綠源集團控股_全球發售.pdf,/nfs/users/wuqianqian/IPOI/dataset/2023/02451_28-09-2023_綠源集團控股_全球發售.pdf,02451,,2451.HK|02451.HK,2451.HK,strip_zero
美中嘉和,2023-12-29,2023,matched,02453_29-12-2023_美中嘉和_全球發售.pdf,/nfs/users/wuqianqian/IPOI/dataset/2023/02453_29-12-2023_美中嘉和_全球發售.pdf,02453,,2453.HK|02453.HK,2453.HK,strip_zero
喜相逢集團,2023-10-30,2023,matched,02473_30-10-2023_喜相逢集團_全球發售.pdf,/nfs/users/wuqianqian/IPOI/dataset/2023/02473_30-10-2023_喜相逢集團_全球發售.pdf,02473,,2473.HK|02473.HK,2473.HK,strip_zero
經緯天地,2023-12-28,2023,matched,02477_28-12-2023_經緯天地_股份發售.pdf,/nfs/users/wuqianqian/IPOI/dataset/2023/02477_28-12-2023_經緯天地_股份發售.pdf,02477,,2477.HK|02477.HK,2477.HK,strip_zero
綠竹生物－Ｂ,2023-04-25,2023,matched,02480_25-04-2023_綠竹生物－Ｂ_全球發售.pdf,/nfs/users/wuqianqian/IPOI/dataset/2023/02480_25-04-2023_綠竹生物－Ｂ_全球發售.pdf,02480,,2480.HK|02480.HK,2480.HK,strip_zero
慧居科技,2023-06-28,2023,matched,02481_28-06-2023_慧居科技_全球發售.pdf,/nfs/users/wuqianqian/IPOI/dataset/2023/02481_28-06-2023_慧居科技_全球發售.pdf,02481,,2481.HK|02481.HK,2481.HK,strip_zero
維天運通,2023-02-27,2023,matched,02482_27-02-2023_維天運通_全球發售.pdf,/nfs/users/wuqianqian/IPOI/dataset/2023/02482_27-02-2023_維天運通_全球發售.pdf,02482,,2482.HK|02482.HK,2482.HK,strip_zero
Ｋ ＣＡＳＨ集團,2023-11-27,2023,matched,02483_27-11-2023_Ｋ ＣＡＳＨ集團_全球發售.pdf,/nfs/users/wuqianqian/IPOI/dataset/2023/02483_27-11-2023_Ｋ ＣＡＳＨ集團_全球發售.pdf,02483,,2483.HK|02483.HK,2483.HK,strip_zero
普樂師集團控股,2023-04-28,2023,matched,02486_28-04-2023_普樂師集團控股_全球發售.pdf,/nfs/users/wuqianqian/IPOI/dataset/2023/02486_28-04-2023_普樂師集團控股_全球發售.pdf,02486,,2486.HK|02486.HK,2486.HK,strip_zero
科笛－Ｂ,2023-05-31,2023,matched,02487_31-05-2023_科笛－Ｂ_全球發售.pdf,/nfs/users/wuqianqian/IPOI/dataset/2023/02487_31-05-2023_科笛－Ｂ_全球發售.pdf,02487,,2487.HK|02487.HK,2487.HK,strip_zero
集海資源,2023-12-14,2023,matched,02489_14-12-2023_集海資源_全球發售.pdf,/nfs/users/wuqianqian/IPOI/dataset/2023/02489_14-12-2023_集海資源_全球發售.pdf,02489,,2489.HK|02489.HK,2489.HK,strip_zero
樂艙物流,2023-09-13,2023,matched,02490_13-09-2023_樂艙物流_全球發售.pdf,/nfs/users/wuqianqian/IPOI/dataset/2023/02490_13-09-2023_樂艙物流_全球發售.pdf,02490,,2490.HK|02490.HK,2490.HK,strip_zero
友芝友生物－Ｂ,2023-09-13,2023,matched,02496_13-09-2023_友芝友生物－Ｂ_全球發售.pdf,/nfs/users/wuqianqian/IPOI/dataset/2023/02496_13-09-2023_友芝友生物－Ｂ_全球發售.pdf,02496,,2496.HK|02496.HK,2496.HK,strip_zero
速騰聚創,2023-12-27,2023,matched,02498_27-12-2023_速騰聚創_全球發售.pdf,/nfs/users/wuqianqian/IPOI/dataset/2023/02498_27-12-2023_速騰聚創_全球發售.pdf,02498,,2498.HK|02498.HK,2498.HK,strip_zero
佛朗斯股份,2023-10-31,2023,matched,02499_31-10-2023_佛朗斯股份_全球發售.pdf,/nfs/users/wuqianqian/IPOI/dataset/2023/02499_31-10-2023_佛朗斯股份_全球發售.pdf,02499,,2499.HK|02499.HK,2499.HK,strip_zero
邁越科技,2023-09-28,2023,matched,02501_28-09-2023_邁越科技_全球發售.pdf,/nfs/users/wuqianqian/IPOI/dataset/2023/02501_28-09-2023_邁越科技_全球發售.pdf,02501,,2501.HK|02501.HK,2501.HK,strip_zero
金源氫化,2023-12-12,2023,matched,02502_12-12-2023_金源氫化_全球發售.pdf,/nfs/users/wuqianqian/IPOI/dataset/2023/02502_12-12-2023_金源氫化_全球發售.pdf,02502,,2502.HK|02502.HK,2502.HK,strip_zero
中深建業,2023-12-28,2023,matched,02503_28-12-2023_中深建業_股份發售.pdf,/nfs/users/wuqianqian/IPOI/dataset/2023/02503_28-12-2023_中深建業_股份發售.pdf,02503,,2503.HK|02503.HK,2503.HK,strip_zero
君聖泰醫藥－Ｂ,2023-12-14,2023,matched,02511_14-12-2023_君聖泰醫藥－Ｂ_全球發售.pdf,/nfs/users/wuqianqian/IPOI/dataset/2023/02511_14-12-2023_君聖泰醫藥－Ｂ_全球發售.pdf,02511,,2511.HK|02511.HK,2511.HK,strip_zero
泛遠國際,2023-12-12,2023,matched,02516_12-12-2023_泛遠國際_股份發售.pdf,/nfs/users/wuqianqian/IPOI/dataset/2023/02516_12-12-2023_泛遠國際_股份發售.pdf,02516,,2516.HK|02516.HK,2516.HK,strip_zero
鍋圈,2023-10-20,2023,matched,02517_20-10-2023_鍋圈_全球發售.pdf,/nfs/users/wuqianqian/IPOI/dataset/2023/02517_20-10-2023_鍋圈_全球發售.pdf,02517,,2517.HK|02517.HK,2517.HK,strip_zero
山西安裝,2023-11-10,2023,matched,02520_10-11-2023_山西安裝_全球發售.pdf,/nfs/users/wuqianqian/IPOI/dataset/2023/02520_10-11-2023_山西安裝_全球發售.pdf,02520,,2520.HK|02520.HK,2520.HK,strip_zero
升輝清潔,2023-11-27,2023,matched,02521_27-11-2023_升輝清潔_股份發售.pdf,/nfs/users/wuqianqian/IPOI/dataset/2023/02521_27-11-2023_升輝清潔_股份發售.pdf,02521,,2521.HK|02521.HK,2521.HK,strip_zero
KEEP,2023-06-30,2023,matched,03650_30-06-2023_KEEP_全球發售.pdf,/nfs/users/wuqianqian/IPOI/dataset/2023/03650_30-06-2023_KEEP_全球發售.pdf,03650,,3650.HK|03650.HK,3650.HK,strip_zero
第四範式,2023-09-18,2023,matched,06682_18-09-2023_第四範式_全球發售.pdf,/nfs/users/wuqianqian/IPOI/dataset/2023/06682_18-09-2023_第四範式_全球發售.pdf,06682,,6682.HK|06682.HK,6682.HK,strip_zero
巨星傳奇,2023-06-30,2023,matched,06683_30-06-2023_巨星傳奇_全球發售.pdf,/nfs/users/wuqianqian/IPOI/dataset/2023/06683_30-06-2023_巨星傳奇_全球發售.pdf,06683,,6683.HK|06683.HK,6683.HK,strip_zero
瀾滄古茶,2023-12-14,2023,matched,06911_14-12-2023_瀾滄古茶_全球發售.pdf,/nfs/users/wuqianqian/IPOI/dataset/2023/06911_14-12-2023_瀾滄古茶_全球發售.pdf,06911,,6911.HK|06911.HK,6911.HK,strip_zero
長久股份,2023-12-29,2023,matched,06959_29-12-2023_長久股份_全球發售.pdf,/nfs/users/wuqianqian/IPOI/dataset/2023/06959_29-12-2023_長久股份_全球發售.pdf,06959,,6959.HK|06959.HK,6959.HK,strip_zero
珍酒李渡,2023-04-17,2023,matched,06979_17-04-2023_珍酒李渡_全球發售.pdf,/nfs/users/wuqianqian/IPOI/dataset/2023/06979_17-04-2023_珍酒李渡_全球發售.pdf,06979,,6979.HK|06979.HK,6979.HK,strip_zero
科倫博泰生物－Ｂ,2023-06-29,2023,matched,06990_29-06-2023_科倫博泰生物－Ｂ_全球發售.pdf,/nfs/users/wuqianqian/IPOI/dataset/2023/06990_29-06-2023_科倫博泰生物－Ｂ_全球發售.pdf,06990,,6990.HK|06990.HK,6990.HK,strip_zero
九方財富,2023-02-28,2023,matched,09636_28-02-2023_九方財富_全球發售.pdf,/nfs/users/wuqianqian/IPOI/dataset/2023/09636_28-02-2023_九方財富_全球發售.pdf,09636,,9636.HK|09636.HK,9636.HK,strip_zero
國鴻氫能,2023-11-27,2023,matched,09663_27-11-2023_國鴻氫能_全球發售.pdf,/nfs/users/wuqianqian/IPOI/dataset/2023/09663_27-11-2023_國鴻氫能_全球發售.pdf,09663,,9663.HK|09663.HK,9663.HK,strip_zero
北森控股,2023-03-30,2023,matched,09669_30-03-2023_北森控股_全球發售.pdf,/nfs/users/wuqianqian/IPOI/dataset/2023/09669_30-03-2023_北森控股_全球發售.pdf,09669,,9669.HK|09669.HK,9669.HK,strip_zero
十月稻田,2023-09-28,2023,matched,09676_28-09-2023_十月稻田_全球發售.pdf,/nfs/users/wuqianqian/IPOI/dataset/2023/09676_28-09-2023_十月稻田_全球發售.pdf,09676,,9676.HK|09676.HK,9676.HK,strip_zero
東軟熙康,2023-09-18,2023,matched,09686_18-09-2023_東軟熙康_全球發售.pdf,/nfs/users/wuqianqian/IPOI/dataset/2023/09686_18-09-2023_東軟熙康_全球發售.pdf,09686,,9686.HK|09686.HK,9686.HK,strip_zero
途虎－Ｗ,2023-09-14,2023,matched,09690_14-09-2023_途虎－Ｗ_全球發售.pdf,/nfs/users/wuqianqian/IPOI/dataset/2023/09690_14-09-2023_途虎－Ｗ_全球發售.pdf,09690,,9690.HK|09690.HK,9690.HK,strip_zero
艾迪康控股,2023-06-19,2023,matched,09860_19-06-2023_艾迪康控股_全球發售.pdf,/nfs/users/wuqianqian/IPOI/dataset/2023/09860_19-06-2023_艾迪康控股_全球發售.pdf,09860,,9860.HK|09860.HK,9860.HK,strip_zero
優必選,2023-12-19,2023,matched,09880_19-12-2023_優必選_全球發售.pdf,/nfs/users/wuqianqian/IPOI/dataset/2023/09880_19-12-2023_優必選_全球發售.pdf,09880,,9880.HK|09880.HK,9880.HK,strip_zero
藥師幫,2023-06-15,2023,matched,09885_15-06-2023_藥師幫_全球發售.pdf,/nfs/users/wuqianqian/IPOI/dataset/2023/09885_15-06-2023_藥師幫_全球發售.pdf,09885,,9885.HK|09885.HK,9885.HK,strip_zero
中旭未來,2023-09-18,2023,matched,09890_18-09-2023_中旭未來_全球發售.pdf,/nfs/users/wuqianqian/IPOI/dataset/2023/09890_18-09-2023_中旭未來_全球發售.pdf,09890,,9890.HK|09890.HK,9890.HK,strip_zero
宏信建發,2023-05-12,2023,matched,09930_12-05-2023_宏信建發_全球發售.pdf,/nfs/users/wuqianqian/IPOI/dataset/2023/09930_12-05-2023_宏信建發_全球發售.pdf,09930,,9930.HK|09930.HK,9930.HK,strip_zero
美的集團,2024-09-09,2024,matched,00300_09-09-2024_美的集團_全球發售.pdf,/nfs/users/wuqianqian/IPOI/dataset/2024/00300_09-09-2024_美的集團_全球發售.pdf,00300,,300.HK|0300.HK|00300.HK,0300.HK,pad4
布魯可,2024-12-31,2024,matched,00325_31-12-2024_布魯可_全球發售.pdf,/nfs/users/wuqianqian/IPOI/dataset/2024/00325_31-12-2024_布魯可_全球發售.pdf,00325,,325.HK|0325.HK|00325.HK,0325.HK,pad4
新吉奧房車,2024-12-31,2024,matched,00805_31-12-2024_新吉奧房車_全球發售.pdf,/nfs/users/wuqianqian/IPOI/dataset/2024/00805_31-12-2024_新吉奧房車_全球發售.pdf,00805,,805.HK|0805.HK|00805.HK,0805.HK,pad4
趣致集團,2024-05-17,2024,matched,00917_17-05-2024_趣致集團_全球發售.pdf,/nfs/users/wuqianqian/IPOI/dataset/2024/00917_17-05-2024_趣致集團_全球發售.pdf,00917,,917.HK|0917.HK|00917.HK,0917.HK,pad4
小菜園,2024-12-12,2024,matched,00999_12-12-2024_小菜園_全球發售.pdf,/nfs/users/wuqianqian/IPOI/dataset/2024/00999_12-12-2024_小菜園_全球發售.pdf,00999,,999.HK|0999.HK|00999.HK,0999.HK,pad4
毛戈平,2024-12-02,2024,matched,01318_02-12-2024_毛戈平_全球發售.pdf,/nfs/users/wuqianqian/IPOI/dataset/2024/01318_02-12-2024_毛戈平_全球發售.pdf,01318,,1318.HK|01318.HK,1318.HK,strip_zero
瑞昌國際控股,2024-06-28,2024,matched,01334_28-06-2024_瑞昌國際控股_全球發售.pdf,/nfs/users/wuqianqian/IPOI/dataset/2024/01334_28-06-2024_瑞昌國際控股_全球發售.pdf,01334,,1334.HK|01334.HK,1334.HK,strip_zero
經發物業,2024-06-24,2024,matched,01354_24-06-2024_經發物業_全球發售.pdf,/nfs/users/wuqianqian/IPOI/dataset/2024/01354_24-06-2024_經發物業_全球發售.pdf,01354,,1354.HK|01354.HK,1354.HK,strip_zero
眾淼控股,2024-07-29,2024,matched,01471_29-07-2024_眾淼控股_全球發售.pdf,/nfs/users/wuqianqian/IPOI/dataset/2024/01471_29-07-2024_眾淼控股_全球發售.pdf,01471,,1471.HK|01471.HK,1471.HK,strip_zero
QUANTUMPH-P,2024-06-04,2024,matched,02228_04-06-2024_QUANTUMPH-P_全球發售.pdf,/nfs/users/wuqianqian/IPOI/dataset/2024/02228_04-06-2024_QUANTUMPH-P_全球發售.pdf,02228,,2228.HK|02228.HK,2228.HK,strip_zero
同源康醫藥－Ｂ,2024-08-12,2024,matched,02410_12-08-2024_同源康醫藥－Ｂ_全球發售.pdf,/nfs/users/wuqianqian/IPOI/dataset/2024/02410_12-08-2024_同源康醫藥－Ｂ_全球發售.pdf,02410,,2410.HK|02410.HK,2410.HK,strip_zero
佑駕創新,2024-12-17,2024,matched,02431_17-12-2024_佑駕創新_全球發售.pdf,/nfs/users/wuqianqian/IPOI/dataset/2024/02431_17-12-2024_佑駕創新_全球發售.pdf,02431,,2431.HK|02431.HK,2431.HK,strip_zero
越疆,2024-12-13,2024,matched,02432_13-12-2024_越疆_全球發售.pdf,/nfs/users/wuqianqian/IPOI/dataset/2024/02432_13-12-2024_越疆_全球發售.pdf,02432,,2432.HK|02432.HK,2432.HK,strip_zero
出門問問,2024-04-16,2024,matched,02438_16-04-2024_出門問問_全球發售.pdf,/nfs/users/wuqianqian/IPOI/dataset/2024/02438_16-04-2024_出門問問_全球發售.pdf,02438,,2438.HK|02438.HK,2438.HK,strip_zero
汽車街,2024-05-23,2024,matched,02443_23-05-2024_汽車街_全球發售.pdf,/nfs/users/wuqianqian/IPOI/dataset/2024/02443_23-05-2024_汽車街_全球發售.pdf,02443,,2443.HK|02443.HK,2443.HK,strip_zero
華潤飲料,2024-10-15,2024,matched,02460_15-10-2024_華潤飲料_全球發售.pdf,/nfs/users/wuqianqian/IPOI/dataset/2024/02460_15-10-2024_華潤飲料_全球發售.pdf,02460,,2460.HK|02460.HK,2460.HK,strip_zero
龍蟠科技,2024-10-22,2024,matched,02465_22-10-2024_龍蟠科技_全球發售.pdf,/nfs/users/wuqianqian/IPOI/dataset/2024/02465_22-10-2024_龍蟠科技_全球發售.pdf,02465,,2465.HK|02465.HK,2465.HK,strip_zero
天聚地合,2024-06-20,2024,matched,02479_20-06-2024_天聚地合_全球發售.pdf,/nfs/users/wuqianqian/IPOI/dataset/2024/02479_20-06-2024_天聚地合_全球發售.pdf,02479,,2479.HK|02479.HK,2479.HK,strip_zero
聲通科技,2024-06-28,2024,matched,02495_28-06-2024_聲通科技_全球發售.pdf,/nfs/users/wuqianqian/IPOI/dataset/2024/02495_28-06-2024_聲通科技_全球發售.pdf,02495,,2495.HK|02495.HK,2495.HK,strip_zero
富景中國控股,2024-03-20,2024,matched,02497_20-03-2024_富景中國控股_股份發售.pdf,/nfs/users/wuqianqian/IPOI/dataset/2024/02497_20-03-2024_富景中國控股_股份發售.pdf,02497,,2497.HK|02497.HK,2497.HK,strip_zero
ＥＤＡ集團控股,2024-05-19,2024,matched,02505_19-05-2024_ＥＤＡ集團控股_全球發售.pdf,/nfs/users/wuqianqian/IPOI/dataset/2024/02505_19-05-2024_ＥＤＡ集團控股_全球發售.pdf,02505,,2505.HK|02505.HK,2505.HK,strip_zero
訊飛醫療科技,2024-12-18,2024,matched,02506_18-12-2024_訊飛醫療科技_全球發售.pdf,/nfs/users/wuqianqian/IPOI/dataset/2024/02506_18-12-2024_訊飛醫療科技_全球發售.pdf,02506,,2506.HK|02506.HK,2506.HK,strip_zero
西銳,2024-06-28,2024,matched,02507_28-06-2024_西銳_全球發售.pdf,/nfs/users/wuqianqian/IPOI/dataset/2024/02507_28-06-2024_西銳_全球發售.pdf,02507,,2507.HK|02507.HK,2507.HK,strip_zero
荃信生物－Ｂ,2024-03-12,2024,matched,02509_12-03-2024_荃信生物－Ｂ_全球發售.pdf,/nfs/users/wuqianqian/IPOI/dataset/2024/02509_12-03-2024_荃信生物－Ｂ_全球發售.pdf,02509,,2509.HK|02509.HK,2509.HK,strip_zero
德翔海運,2024-10-24,2024,matched,02510_24-10-2024_德翔海運_全球發售.pdf,/nfs/users/wuqianqian/IPOI/dataset/2024/02510_24-10-2024_德翔海運_全球發售.pdf,02510,,2510.HK|02510.HK,2510.HK,strip_zero
雲工場,2024-06-05,2024,matched,02512_05-06-2024_雲工場_全球發售.pdf,/nfs/users/wuqianqian/IPOI/dataset/2024/02512_05-06-2024_雲工場_全球發售.pdf,02512,,2512.HK|02512.HK,2512.HK,strip_zero
天津建發,2024-04-15,2024,matched,02515_15-04-2024_天津建發_全球發售.pdf,/nfs/users/wuqianqian/IPOI/dataset/2024/02515_15-04-2024_天津建發_全球發售.pdf,02515,,2515.HK|02515.HK,2515.HK,strip_zero
傲基股份,2024-10-31,2024,matched,02519_31-10-2024_傲基股份_全球發售.pdf,/nfs/users/wuqianqian/IPOI/dataset/2024/02519_31-10-2024_傲基股份_全球發售.pdf,02519,,2519.HK|02519.HK,2519.HK,strip_zero
一脈陽光,2024-05-30,2024,matched,02522_30-05-2024_一脈陽光_全球發售.pdf,/nfs/users/wuqianqian/IPOI/dataset/2024/02522_30-05-2024_一脈陽光_全球發售.pdf,02522,,2522.HK|02522.HK,2522.HK,strip_zero
泓盈城市服務,2024-05-08,2024,matched,02529_08-05-2024_泓盈城市服務_全球發售.pdf,/nfs/users/wuqianqian/IPOI/dataset/2024/02529_08-05-2024_泓盈城市服務_全球發售.pdf,02529,,2529.HK|02529.HK,2529.HK,strip_zero
紐曼思,2024-12-30,2024,matched,02530_30-12-2024_紐曼思_全球發售.pdf,/nfs/users/wuqianqian/IPOI/dataset/2024/02530_30-12-2024_紐曼思_全球發售.pdf,02530,,2530.HK|02530.HK,2530.HK,strip_zero
廣聯科技控股,2024-06-28,2024,matched,02531_28-06-2024_廣聯科技控股_全球發售.pdf,/nfs/users/wuqianqian/IPOI/dataset/2024/02531_28-06-2024_廣聯科技控股_全球發售.pdf,02531,,2531.HK|02531.HK,2531.HK,strip_zero
黑芝麻智能,2024-07-31,2024,matched,02533_31-07-2024_黑芝麻智能_全球發售.pdf,/nfs/users/wuqianqian/IPOI/dataset/2024/02533_31-07-2024_黑芝麻智能_全球發售.pdf,02533,,2533.HK|02533.HK,2533.HK,strip_zero
泓基集團,2024-02-29,2024,matched,02535_29-02-2024_泓基集團_股份發售.pdf,/nfs/users/wuqianqian/IPOI/dataset/2024/02535_29-02-2024_泓基集團_股份發售.pdf,02535,,2535.HK|02535.HK,2535.HK,strip_zero
百樂皇宮,2024-03-18,2024,matched,02536_18-03-2024_百樂皇宮_全球發售.pdf,/nfs/users/wuqianqian/IPOI/dataset/2024/02536_18-03-2024_百樂皇宮_全球發售.pdf,02536,,2536.HK|02536.HK,2536.HK,strip_zero
樂思集團,2024-02-29,2024,matched,02540_29-02-2024_樂思集團_全球發售.pdf,/nfs/users/wuqianqian/IPOI/dataset/2024/02540_29-02-2024_樂思集團_全球發售.pdf,02540,,2540.HK|02540.HK,2540.HK,strip_zero
中贛通信,2024-06-21,2024,matched,02545_21-06-2024_中贛通信_全球發售.pdf,/nfs/users/wuqianqian/IPOI/dataset/2024/02545_21-06-2024_中贛通信_全球發售.pdf,02545,,2545.HK|02545.HK,2545.HK,strip_zero
卡羅特,2024-09-23,2024,matched,02549_23-09-2024_卡羅特_全球發售.pdf,/nfs/users/wuqianqian/IPOI/dataset/2024/02549_23-09-2024_卡羅特_全球發售.pdf,02549,,2549.HK|02549.HK,2549.HK,strip_zero
宜搜科技,2024-05-30,2024,matched,02550_30-05-2024_宜搜科技_全球發售.pdf,/nfs/users/wuqianqian/IPOI/dataset/2024/02550_30-05-2024_宜搜科技_全球發售.pdf,02550,,2550.HK|02550.HK,2550.HK,strip_zero
晶科電子股份,2024-10-31,2024,matched,02551_31-10-2024_晶科電子股份_全球發售.pdf,/nfs/users/wuqianqian/IPOI/dataset/2024/02551_31-10-2024_晶科電子股份_全球發售.pdf,02551,,2551.HK|02551.HK,2551.HK,strip_zero
茶百道,2024-04-15,2024,matched,02555_15-04-2024_茶百道_全球發售.pdf,/nfs/users/wuqianqian/IPOI/dataset/2024/02555_15-04-2024_茶百道_全球發售.pdf,02555,,2555.HK|02555.HK,2555.HK,strip_zero
邁富時,2024-05-07,2024,matched,02556_07-05-2024_邁富時_全球發售.pdf,/nfs/users/wuqianqian/IPOI/dataset/2024/02556_07-05-2024_邁富時_全球發售.pdf,02556,,2556.HK|02556.HK,2556.HK,strip_zero
嘀嗒出行,2024-06-20,2024,matched,02559_20-06-2024_嘀嗒出行_全球發售.pdf,/nfs/users/wuqianqian/IPOI/dataset/2024/02559_20-06-2024_嘀嗒出行_全球發售.pdf,02559,,2559.HK|02559.HK,2559.HK,strip_zero
海螺材料科技,2024-12-31,2024,matched,02560_31-12-2024_海螺材料科技_全球發售.pdf,/nfs/users/wuqianqian/IPOI/dataset/2024/02560_31-12-2024_海螺材料科技_全球發售.pdf,02560,,2560.HK|02560.HK,2560.HK,strip_zero
華昊中天醫藥－Ｂ,2024-10-23,2024,matched,02563_23-10-2024_華昊中天醫藥－Ｂ_全球發售.pdf,/nfs/users/wuqianqian/IPOI/dataset/2024/02563_23-10-2024_華昊中天醫藥－Ｂ_全球發售.pdf,02563,,2563.HK|02563.HK,2563.HK,strip_zero
九源基因,2024-11-20,2024,matched,02566_20-11-2024_九源基因_全球發售.pdf,/nfs/users/wuqianqian/IPOI/dataset/2024/02566_20-11-2024_九源基因_全球發售.pdf,02566,,2566.HK|02566.HK,2566.HK,strip_zero
七牛智能,2024-09-30,2024,matched,02567_30-09-2024_七牛智能_全球發售.pdf,/nfs/users/wuqianqian/IPOI/dataset/2024/02567_30-09-2024_七牛智能_全球發售.pdf,02567,,2567.HK|02567.HK,2567.HK,strip_zero
重塑能源,2024-11-28,2024,matched,02570_28-11-2024_重塑能源_全球發售.pdf,/nfs/users/wuqianqian/IPOI/dataset/2024/02570_28-11-2024_重塑能源_全球發售.pdf,02570,,2570.HK|02570.HK,2570.HK,strip_zero
賽目科技,2024-12-31,2024,matched,02571_31-12-2024_賽目科技_全球發售.pdf,/nfs/users/wuqianqian/IPOI/dataset/2024/02571_31-12-2024_賽目科技_全球發售.pdf,02571,,2571.HK|02571.HK,2571.HK,strip_zero
太美醫療科技,2024-09-27,2024,matched,02576_27-09-2024_太美醫療科技_全球發售.pdf,/nfs/users/wuqianqian/IPOI/dataset/2024/02576_27-09-2024_太美醫療科技_全球發售.pdf,02576,,2576.HK|02576.HK,2576.HK,strip_zero
英諾賽科,2024-12-18,2024,matched,02577_18-12-2024_英諾賽科_全球發售.pdf,/nfs/users/wuqianqian/IPOI/dataset/2024/02577_18-12-2024_英諾賽科_全球發售.pdf,02577,,2577.HK|02577.HK,2577.HK,strip_zero
國富氫能,2024-11-07,2024,matched,02582_07-11-2024_國富氫能_全球發售.pdf,/nfs/users/wuqianqian/IPOI/dataset/2024/02582_07-11-2024_國富氫能_全球發售.pdf,02582,,2582.HK|02582.HK,2582.HK,strip_zero
夢金園,2024-11-21,2024,matched,02585_21-11-2024_夢金園_全球發售.pdf,/nfs/users/wuqianqian/IPOI/dataset/2024/02585_21-11-2024_夢金園_全球發售.pdf,02585,,2585.HK|02585.HK,2585.HK,strip_zero
多點數智,2024-11-28,2024,matched,02586_28-11-2024_多點數智_全球發售.pdf,/nfs/users/wuqianqian/IPOI/dataset/2024/02586_28-11-2024_多點數智_全球發售.pdf,02586,,2586.HK|02586.HK,2586.HK,strip_zero
健康之路,2024-12-18,2024,matched,02587_18-12-2024_健康之路_全球發售.pdf,/nfs/users/wuqianqian/IPOI/dataset/2024/02587_18-12-2024_健康之路_全球發售.pdf,02587,,2587.HK|02587.HK,2587.HK,strip_zero
草姬集團,2024-12-11,2024,matched,02593_11-12-2024_草姬集團_全球發售.pdf,/nfs/users/wuqianqian/IPOI/dataset/2024/02593_11-12-2024_草姬集團_全球發售.pdf,02593,,2593.HK|02593.HK,2593.HK,strip_zero
宜賓銀行,2024-12-30,2024,matched,02596_30-12-2024_宜賓銀行_全球發售.pdf,/nfs/users/wuqianqian/IPOI/dataset/2024/02596_30-12-2024_宜賓銀行_全球發售.pdf,02596,,2596.HK|02596.HK,2596.HK,strip_zero
連連數字,2024-03-20,2024,matched,02598_20-03-2024_連連數字_全球發售.pdf,/nfs/users/wuqianqian/IPOI/dataset/2024/02598_20-03-2024_連連數字_全球發售.pdf,02598,,2598.HK|02598.HK,2598.HK,strip_zero
匯舸環保,2024-12-31,2024,matched,02613_31-12-2024_匯舸環保_全球發售.pdf,/nfs/users/wuqianqian/IPOI/dataset/2024/02613_31-12-2024_匯舸環保_全球發售.pdf,02613,,2613.HK|02613.HK,2613.HK,strip_zero
武漢有機,2024-06-07,2024,matched,02881_07-06-2024_武漢有機_全球發售.pdf,/nfs/users/wuqianqian/IPOI/dataset/2024/02881_07-06-2024_武漢有機_全球發售.pdf,02881,,2881.HK|02881.HK,2881.HK,strip_zero
盛禾生物－Ｂ,2024-05-16,2024,matched,02898_16-05-2024_盛禾生物－Ｂ_全球發售.pdf,/nfs/users/wuqianqian/IPOI/dataset/2024/02898_16-05-2024_盛禾生物－Ｂ_全球發售.pdf,02898,,2898.HK|02898.HK,2898.HK,strip_zero
方舟健客,2024-06-28,2024,matched,06086_28-06-2024_方舟健客_全球發售.pdf,/nfs/users/wuqianqian/IPOI/dataset/2024/06086_28-06-2024_方舟健客_全球發售.pdf,06086,,6086.HK|06086.HK,6086.HK,strip_zero
老鋪黃金,2024-06-20,2024,matched,06181_20-06-2024_老鋪黃金_全球發售.pdf,/nfs/users/wuqianqian/IPOI/dataset/2024/06181_20-06-2024_老鋪黃金_全球發售.pdf,06181,,6181.HK|06181.HK,6181.HK,strip_zero
百望股份,2024-06-28,2024,matched,06657_28-06-2024_百望股份_全球發售.pdf,/nfs/users/wuqianqian/IPOI/dataset/2024/06657_28-06-2024_百望股份_全球發售.pdf,06657,,6657.HK|06657.HK,6657.HK,strip_zero
腦動極光－Ｂ,2024-12-30,2024,matched,06681_30-12-2024_腦動極光－Ｂ_全球發售.pdf,/nfs/users/wuqianqian/IPOI/dataset/2024/06681_30-12-2024_腦動極光－Ｂ_全球發售.pdf,06681,,6681.HK|06681.HK,6681.HK,strip_zero
順豐控股,2024-11-19,2024,matched,06936_19-11-2024_順豐控股_全球發售.pdf,/nfs/users/wuqianqian/IPOI/dataset/2024/06936_19-11-2024_順豐控股_全球發售.pdf,06936,,6936.HK|06936.HK,6936.HK,strip_zero
優博控股,2024-05-24,2024,matched,08529_24-05-2024_優博控股_股份發售.pdf,/nfs/users/wuqianqian/IPOI/dataset/2024/08529_24-05-2024_優博控股_股份發售.pdf,08529,,8529.HK|08529.HK,8529.HK,strip_zero
集信國控,2024-08-26,2024,matched,08629_26-08-2024_集信國控_股份發售.pdf,/nfs/users/wuqianqian/IPOI/dataset/2024/08629_26-08-2024_集信國控_股份發售.pdf,08629,,8629.HK|08629.HK,8629.HK,strip_zero
元續科技,2024-06-21,2024,matched,08637_21-06-2024_元續科技_股份發售.pdf,/nfs/users/wuqianqian/IPOI/dataset/2024/08637_21-06-2024_元續科技_股份發售.pdf,08637,,8637.HK|08637.HK,8637.HK,strip_zero
榮利營造,2024-09-27,2024,matched,09639_27-09-2024_榮利營造_股份發售.pdf,/nfs/users/wuqianqian/IPOI/dataset/2024/09639_27-09-2024_榮利營造_股份發售.pdf,09639,,9639.HK|09639.HK,9639.HK,strip_zero
地平線機器人－Ｗ,2024-10-16,2024,matched,09660_16-10-2024_地平線機器人－Ｗ_全球發售.pdf,/nfs/users/wuqianqian/IPOI/dataset/2024/09660_16-10-2024_地平線機器人－Ｗ_全球發售.pdf,09660,,9660.HK|09660.HK,9660.HK,strip_zero
如祺出行,2024-06-28,2024,matched,09680_28-06-2024_如祺出行_全球發售.pdf,/nfs/users/wuqianqian/IPOI/dataset/2024/09680_28-06-2024_如祺出行_全球發售.pdf,09680,,9680.HK|09680.HK,9680.HK,strip_zero
米高集團,2024-03-13,2024,matched,09879_13-03-2024_米高集團_全球發售.pdf,/nfs/users/wuqianqian/IPOI/dataset/2024/09879_13-03-2024_米高集團_全球發售.pdf,09879,,9879.HK|09879.HK,9879.HK,strip_zero
MINIMAX-WP_хЕичРГчЩ╝хФо,2025-12-31,2025,matched,00100_31-12-2025_MINIMAX-WP_хЕичРГчЩ╝хФо.pdf,/nfs/users/wuqianqian/IPOI/dataset/2025/00100_31-12-2025_MINIMAX-WP_хЕичРГчЩ╝хФо.pdf,00100,,100.HK|0100.HK|00100.HK,0100.HK,pad4
ш▒кхиБщЫЖхЬШ_хЕичРГчЩ╝хФо,2025-12-31,2025,matched,00501_31-12-2025_ш▒кхиБщЫЖхЬШ_хЕичРГчЩ╝хФо.pdf,/nfs/users/wuqianqian/IPOI/dataset/2025/00501_31-12-2025_ш▒кхиБщЫЖхЬШ_хЕичРГчЩ╝хФо.pdf,00501,,501.HK|0501.HK|00501.HK,0501.HK,pad4
х╗гхТМщАЪ_хЕичРГчЩ╝хФо,2025-10-14,2025,matched,00638_14-10-2025_х╗гхТМщАЪ_хЕичРГчЩ╝хФо.pdf,/nfs/users/wuqianqian/IPOI/dataset/2025/00638_14-10-2025_х╗гхТМщАЪ_хЕичРГчЩ╝хФо.pdf,00638,,638.HK|0638.HK|00638.HK,0638.HK,pad4
хЭЗхЛЭщЫ╗хнР_хЕичРГчЩ╝хФо,2025-10-28,2025,matched,00699_28-10-2025_хЭЗхЛЭщЫ╗хнР_хЕичРГчЩ╝хФо.pdf,/nfs/users/wuqianqian/IPOI/dataset/2025/00699_28-10-2025_хЭЗхЛЭщЫ╗хнР_хЕичРГчЩ╝хФо.pdf,00699,,699.HK|0699.HK|00699.HK,0699.HK,pad4
цЦЗщБачЯешбМя╝Ня╝╖_хЕичРГчЩ╝хФо,2025-10-28,2025,matched,00800_28-10-2025_цЦЗщБачЯешбМя╝Ня╝╖_хЕичРГчЩ╝хФо.pdf,/nfs/users/wuqianqian/IPOI/dataset/2025/00800_28-10-2025_цЦЗщБачЯешбМя╝Ня╝╖_хЕичРГчЩ╝хФо.pdf,00800,,800.HK|0800.HK|00800.HK,0800.HK,pad4
цБТчСЮщЖлшЧе_хЕичРГчЩ╝хФо,2025-05-15,2025,matched,01276_15-05-2025_цБТчСЮщЖлшЧе_хЕичРГчЩ╝хФо.pdf,/nfs/users/wuqianqian/IPOI/dataset/2025/01276_15-05-2025_цБТчСЮщЖлшЧе_хЕичРГчЩ╝хФо.pdf,01276,,1276.HK|01276.HK,1276.HK,strip_zero
FORTIOR_хЕичРГчЩ╝хФо,2025-06-30,2025,matched,01304_30-06-2025_FORTIOR_хЕичРГчЩ╝хФо.pdf,/nfs/users/wuqianqian/IPOI/dataset/2025/01304_30-06-2025_FORTIOR_хЕичРГчЩ╝хФо.pdf,01304,,1304.HK|01304.HK,1304.HK,strip_zero
хНЪщЫ╖щаУ_хЕичРГчЩ╝хФо,2025-04-25,2025,matched,01333_25-04-2025_хНЪщЫ╖щаУ_хЕичРГчЩ╝хФо.pdf,/nfs/users/wuqianqian/IPOI/dataset/2025/01333_25-04-2025_хНЪщЫ╖щаУ_хЕичРГчЩ╝хФо.pdf,01333,,1333.HK|01333.HK,1333.HK,strip_zero
хПдшМЧ_хЕичРГчЩ╝хФо,2025-02-04,2025,matched,01364_04-02-2025_хПдшМЧ_хЕичРГчЩ╝хФо.pdf,/nfs/users/wuqianqian/IPOI/dataset/2025/01364_04-02-2025_хПдшМЧ_хЕичРГчЩ╝хФо.pdf,01364,,1364.HK|01364.HK,1364.HK,strip_zero
ц╗┤цЩочзСцКА_хЕичРГчЩ╝хФо,2025-10-20,2025,matched,01384_20-10-2025_ц╗┤цЩочзСцКА_хЕичРГчЩ╝хФо.pdf,/nfs/users/wuqianqian/IPOI/dataset/2025/01384_20-10-2025_ц╗┤цЩочзСцКА_хЕичРГчЩ╝хФо.pdf,01384,,1384.HK|01384.HK,1384.HK,strip_zero
ч┤ЕцШЯхЖ╖щПИ_хЕичРГчЩ╝хФо,2025-12-31,2025,matched,01641_31-12-2025_ч┤ЕцШЯхЖ╖щПИ_хЕичРГчЩ╝хФо.pdf,/nfs/users/wuqianqian/IPOI/dataset/2025/01641_31-12-2025_ч┤ЕцШЯхЖ╖щПИ_хЕичРГчЩ╝хФо.pdf,01641,,1641.HK|01641.HK,1641.HK,strip_zero
хпМшбЫщЫЖхЬШ_хЕичРГчЩ╝хФо,2025-06-26,2025,matched,01828_26-06-2025_хпМшбЫщЫЖхЬШ_хЕичРГчЩ╝хФо.pdf,/nfs/users/wuqianqian/IPOI/dataset/2025/01828_26-06-2025_хпМшбЫщЫЖхЬШ_хЕичРГчЩ╝хФо.pdf,01828,,1828.HK|01828.HK,1828.HK,strip_zero
х░ПщжмцЩ║шбМя╝Ня╝╖_хЕичРГчЩ╝хФо,2025-10-28,2025,matched,02026_28-10-2025_х░ПщжмцЩ║шбМя╝Ня╝╖_хЕичРГчЩ╝хФо.pdf,/nfs/users/wuqianqian/IPOI/dataset/2025/02026_28-10-2025_х░ПщжмцЩ║шбМя╝Ня╝╖_хЕичРГчЩ╝хФо.pdf,02026,,2026.HK|02026.HK,2026.HK,strip_zero
ф╕ЙшК▒цЩ║цОз_хЕичРГчЩ╝хФо,2025-06-13,2025,matched,02050_13-06-2025_ф╕ЙшК▒цЩ║цОз_хЕичРГчЩ╝хФо.pdf,/nfs/users/wuqianqian/IPOI/dataset/2025/02050_13-06-2025_ф╕ЙшК▒цЩ║цОз_хЕичРГчЩ╝хФо.pdf,02050,,2050.HK|02050.HK,2050.HK,strip_zero
я╝вя╝пя╝│я╝│чЫ┤шБШя╝Ня╝╖_шВбф╗╜чЩ╝хФо,2025-06-25,2025,matched,02076_25-06-2025_я╝вя╝пя╝│я╝│чЫ┤шБШя╝Ня╝╖_шВбф╗╜чЩ╝хФо.pdf,/nfs/users/wuqianqian/IPOI/dataset/2025/02076_25-06-2025_я╝вя╝пя╝│я╝│чЫ┤шБШя╝Ня╝╖_шВбф╗╜чЩ╝хФо.pdf,02076,,2076.HK|02076.HK,2076.HK,strip_zero
шЬЬщЫкщЫЖхЬШ_хЕичРГчЩ╝хФо,2025-02-21,2025,matched,02097_21-02-2025_шЬЬщЫкщЫЖхЬШ_хЕичРГчЩ╝хФо.pdf,/nfs/users/wuqianqian/IPOI/dataset/2025/02097_21-02-2025_шЬЬщЫкщЫЖхЬШ_хЕичРГчЩ╝хФо.pdf,02097,,2097.HK|02097.HK,2097.HK,strip_zero
ч┤лщЗСщ╗ГщЗСхЬЛщЪЫ_хЕичРГчЩ╝хФо,2025-09-19,2025,matched,02259_19-09-2025_ч┤лщЗСщ╗ГщЗСхЬЛщЪЫ_хЕичРГчЩ╝хФо.pdf,/nfs/users/wuqianqian/IPOI/dataset/2025/02259_19-09-2025_ч┤лщЗСщ╗ГщЗСхЬЛщЪЫ_хЕичРГчЩ╝хФо.pdf,02259,,2259.HK|02259.HK,2259.HK,strip_zero
шПпшКвчФЯчЙйя╝Ня╝в_хЕичРГчЩ╝хФо,2025-12-12,2025,matched,02396_12-12-2025_шПпшКвчФЯчЙйя╝Ня╝в_хЕичРГчЩ╝хФо.pdf,/nfs/users/wuqianqian/IPOI/dataset/2025/02396_12-12-2025_шПпшКвчФЯчЙйя╝Ня╝в_хЕичРГчЩ╝хФо.pdf,02396,,2396.HK|02396.HK,2396.HK,strip_zero
щБЗшжЛх░Пщ║╡_хЕичРГчЩ╝хФо,2025-11-27,2025,matched,02408_27-11-2025_щБЗшжЛх░Пщ║╡_хЕичРГчЩ╝хФо.pdf,/nfs/users/wuqianqian/IPOI/dataset/2025/02408_27-11-2025_щБЗшжЛх░Пщ║╡_хЕичРГчЩ╝хФо.pdf,02408,,2408.HK|02408.HK,2408.HK,strip_zero
шБЦш▓ЭцЛЙ_хЕичРГчЩ╝хФо,2025-06-18,2025,matched,02508_18-06-2025_шБЦш▓ЭцЛЙ_хЕичРГчЩ╝хФо.pdf,/nfs/users/wuqianqian/IPOI/dataset/2025/02508_18-06-2025_шБЦш▓ЭцЛЙ_хЕичРГчЩ╝хФо.pdf,02508,,2508.HK|02508.HK,2508.HK,strip_zero
цЩ║шнЬ_хЕичРГчЩ╝хФо,2025-12-30,2025,matched,02513_30-12-2025_цЩ║шнЬ_хЕичРГчЩ╝хФо.pdf,/nfs/users/wuqianqian/IPOI/dataset/2025/02513_30-12-2025_цЩ║шнЬ_хЕичРГчЩ╝хФо.pdf,02513,,2513.HK|02513.HK,2513.HK,strip_zero
чж╛ш│╜я╝Ня╝╖_хЕичРГчЩ╝хФо,2025-09-08,2025,matched,02525_08-09-2025_чж╛ш│╜я╝Ня╝╖_хЕичРГчЩ╝хФо.pdf,/nfs/users/wuqianqian/IPOI/dataset/2025/02525_08-09-2025_чж╛ш│╜я╝Ня╝╖_хЕичРГчЩ╝хФо.pdf,02525,,2525.HK|02525.HK,2525.HK,strip_zero
циВцСйчзСцКА_хЕичРГчЩ╝хФо,2025-11-25,2025,matched,02539_25-11-2025_циВцСйчзСцКА_хЕичРГчЩ╝хФо.pdf,/nfs/users/wuqianqian/IPOI/dataset/2025/02539_25-11-2025_циВцСйчзСцКА_хЕичРГчЩ╝хФо.pdf,02539,,2539.HK|02539.HK,2539.HK,strip_zero
хдзшбМчзСх╖е_хЕичРГчЩ╝хФо,2025-09-01,2025,matched,02543_01-09-2025_хдзшбМчзСх╖е_хЕичРГчЩ╝хФо.pdf,/nfs/users/wuqianqian/IPOI/dataset/2025/02543_01-09-2025_хдзшбМчзСх╖е_хЕичРГчЩ╝хФо.pdf,02543,,2543.HK|02543.HK,2543.HK,strip_zero
цЩ║хМпчджцен_хЕичРГчЩ╝хФо,2025-12-11,2025,matched,02546_11-12-2025_цЩ║хМпчджцен_хЕичРГчЩ╝хФо.pdf,/nfs/users/wuqianqian/IPOI/dataset/2025/02546_11-12-2025_цЩ║хМпчджцен_хЕичРГчЩ╝хФо.pdf,02546,,2546.HK|02546.HK,2546.HK,strip_zero
щжЦщЛ╝цЬЧц╛д_хЕичРГчЩ╝хФо,2025-06-30,2025,unmatched,02553_30-06-2025_щжЦщЛ╝цЬЧц╛д_хЕичРГчЩ╝хФо.pdf,/nfs/users/wuqianqian/IPOI/dataset/2025/02553_30-06-2025_щжЦщЛ╝цЬЧц╛д_хЕичРГчЩ╝хФо.pdf,02553,2025新股，需确认是否已上市或EOD截止日未覆盖,2553.HK|02553.HK,,
ч╢нцШЗшЧеценя╝Ня╝в_хЕичРГчЩ╝хФо,2025-03-13,2025,matched,02561_13-03-2025_ч╢нцШЗшЧеценя╝Ня╝в_хЕичРГчЩ╝хФо.pdf,/nfs/users/wuqianqian/IPOI/dataset/2025/02561_13-03-2025_ч╢нцШЗшЧеценя╝Ня╝в_хЕичРГчЩ╝хФо.pdf,02561,,2561.HK|02561.HK,2561.HK,strip_zero
ц┤╛ца╝чФЯчЙйщЖлшЧея╝Ня╝в_хЕичРГчЩ╝хФо,2025-05-19,2025,matched,02565_19-05-2025_ц┤╛ца╝чФЯчЙйщЖлшЧея╝Ня╝в_хЕичРГчЩ╝хФо.pdf,/nfs/users/wuqianqian/IPOI/dataset/2025/02565_19-05-2025_ц┤╛ца╝чФЯчЙйщЖлшЧея╝Ня╝в_хЕичРГчЩ╝хФо.pdf,02565,,2565.HK|02565.HK,2565.HK,strip_zero
шИТхп╢хЬЛщЪЫ_хЕичРГчЩ╝хФо,2025-03-19,2025,matched,02569_19-03-2025_шИТхп╢хЬЛщЪЫ_хЕичРГчЩ╝хФо.pdf,/nfs/users/wuqianqian/IPOI/dataset/2025/02569_19-03-2025_шИТхп╢хЬЛщЪЫ_хЕичРГчЩ╝хФо.pdf,02569,,2569.HK|02569.HK,2569.HK,strip_zero
цЦ░чРкхоЙ_хЕичРГчЩ╝хФо,2025-05-30,2025,matched,02573_30-05-2025_цЦ░чРкхоЙ_хЕичРГчЩ╝хФо.pdf,/nfs/users/wuqianqian/IPOI/dataset/2025/02573_30-05-2025_цЦ░чРкхоЙ_хЕичРГчЩ╝хФо.pdf,02573,,2573.HK|02573.HK,2573.HK,strip_zero
ш╗Тчл╣чФЯчЙйя╝Ня╝в_хЕичРГчЩ╝хФо,2025-10-06,2025,matched,02575_06-10-2025_ш╗Тчл╣чФЯчЙйя╝Ня╝в_хЕичРГчЩ╝хФо.pdf,/nfs/users/wuqianqian/IPOI/dataset/2025/02575_06-10-2025_ш╗Тчл╣чФЯчЙйя╝Ня╝в_хЕичРГчЩ╝хФо.pdf,02575,,2575.HK|02575.HK,2575.HK,strip_zero
ф╕нхБЙцЦ░цЭР_хЕичРГчЩ╝хФо,2025-11-07,2025,matched,02579_07-11-2025_ф╕нхБЙцЦ░цЭР_хЕичРГчЩ╝хФо.pdf,/nfs/users/wuqianqian/IPOI/dataset/2025/02579_07-11-2025_ф╕нхБЙцЦ░цЭР_хЕичРГчЩ╝хФо.pdf,02579,,2579.HK|02579.HK,2579.HK,strip_zero
хезхЕЛцЦпщЫ╗ц░г_хЕичРГчЩ╝хФо,2025-08-25,2025,matched,02580_25-08-2025_хезхЕЛцЦпщЫ╗ц░г_хЕичРГчЩ╝хФо.pdf,/nfs/users/wuqianqian/IPOI/dataset/2025/02580_25-08-2025_хезхЕЛцЦпщЫ╗ц░г_хЕичРГчЩ╝хФо.pdf,02580,,2580.HK|02580.HK,2580.HK,strip_zero
цШОхЯ║щЖлщЩв_хЕичРГчЩ╝хФо,2025-12-12,2025,matched,02581_12-12-2025_цШОхЯ║щЖлщЩв_хЕичРГчЩ╝хФо.pdf,/nfs/users/wuqianqian/IPOI/dataset/2025/02581_12-12-2025_цШОхЯ║щЖлщЩв_хЕичРГчЩ╝хФо.pdf,02581,,2581.HK|02581.HK,2581.HK,strip_zero
ше┐цЩох░╝_хЕичРГчЩ╝хФо,2025-09-19,2025,matched,02583_19-09-2025_ше┐цЩох░╝_хЕичРГчЩ╝хФо.pdf,/nfs/users/wuqianqian/IPOI/dataset/2025/02583_19-09-2025_ше┐цЩох░╝_хЕичРГчЩ╝хФо.pdf,02583,,2583.HK|02583.HK,2583.HK,strip_zero
ц╗мф╕КщШ┐хзи_хЕичРГчЩ╝хФо,2025-04-28,2025,matched,02589_28-04-2025_ц╗мф╕КщШ┐хзи_хЕичРГчЩ╝хФо.pdf,/nfs/users/wuqianqian/IPOI/dataset/2025/02589_28-04-2025_ц╗мф╕КщШ┐хзи_хЕичРГчЩ╝хФо.pdf,02589,,2589.HK|02589.HK,2589.HK,strip_zero
це╡цЩ║хШЙя╝Ня╝╖_хЕичРГчЩ╝хФо,2025-06-30,2025,matched,02590_30-06-2025_це╡цЩ║хШЙя╝Ня╝╖_хЕичРГчЩ╝хФо.pdf,/nfs/users/wuqianqian/IPOI/dataset/2025/02590_30-06-2025_це╡цЩ║хШЙя╝Ня╝╖_хЕичРГчЩ╝хФо.pdf,02590,,2590.HK|02590.HK,2590.HK,strip_zero
щКАшл╛щЖлшЧея╝Ня╝в_хЕичРГчЩ╝хФо,2025-08-07,2025,matched,02591_07-08-2025_щКАшл╛щЖлшЧея╝Ня╝в_хЕичРГчЩ╝хФо.pdf,/nfs/users/wuqianqian/IPOI/dataset/2025/02591_07-08-2025_щКАшл╛щЖлшЧея╝Ня╝в_хЕичРГчЩ╝хФо.pdf,02591,,2591.HK|02591.HK,2591.HK,strip_zero
цТех║╖шжЦщЫ▓я╝Ня╝в_хЕичРГчЩ╝хФо,2025-06-24,2025,matched,02592_24-06-2025_цТех║╖шжЦщЫ▓я╝Ня╝в_хЕичРГчЩ╝хФо.pdf,/nfs/users/wuqianqian/IPOI/dataset/2025/02592_24-06-2025_цТех║╖шжЦщЫ▓я╝Ня╝в_хЕичРГчЩ╝хФо.pdf,02592,,2592.HK|02592.HK,2592.HK,strip_zero
хЛБцЦ╣щЖлшЧея╝Ня╝в_хЕичРГчЩ╝хФо,2025-09-11,2025,matched,02595_11-09-2025_хЛБцЦ╣щЖлшЧея╝Ня╝в_хЕичРГчЩ╝хФо.pdf,/nfs/users/wuqianqian/IPOI/dataset/2025/02595_11-09-2025_хЛБцЦ╣щЖлшЧея╝Ня╝в_хЕичРГчЩ╝хФо.pdf,02595,,2595.HK|02595.HK,2595.HK,strip_zero
шиКчЬ╛щАЪф┐б_хЕичРГчЩ╝хФо,2025-06-30,2025,matched,02597_30-06-2025_шиКчЬ╛щАЪф┐б_хЕичРГчЩ╝хФо.pdf,/nfs/users/wuqianqian/IPOI/dataset/2025/02597_30-06-2025_шиКчЬ╛щАЪф┐б_хЕичРГчЩ╝хФо.pdf,02597,,2597.HK|02597.HK,2597.HK,strip_zero
хРЙхоПшВбф╗╜_хЕичРГчЩ╝хФо,2025-05-19,2025,matched,02603_19-05-2025_хРЙхоПшВбф╗╜_хЕичРГчЩ╝хФо.pdf,/nfs/users/wuqianqian/IPOI/dataset/2025/02603_19-05-2025_хРЙхоПшВбф╗╜_хЕичРГчЩ╝хФо.pdf,02603,,2603.HK|02603.HK,2603.HK,strip_zero
METALIGHT_хЕичРГчЩ╝хФо,2025-06-02,2025,matched,02605_02-06-2025_METALIGHT_хЕичРГчЩ╝хФо.pdf,/nfs/users/wuqianqian/IPOI/dataset/2025/02605_02-06-2025_METALIGHT_хЕичРГчЩ╝хФо.pdf,02605,,2605.HK|02605.HK,2605.HK,strip_zero
ф╜░ц╛дщЖлчЩВ_хЕичРГчЩ╝хФо,2025-06-13,2025,matched,02609_13-06-2025_ф╜░ц╛дщЖлчЩВ_хЕичРГчЩ╝хФо.pdf,/nfs/users/wuqianqian/IPOI/dataset/2025/02609_13-06-2025_ф╜░ц╛дщЖлчЩВ_хЕичРГчЩ╝хФо.pdf,02609,,2609.HK|02609.HK,2609.HK,strip_zero
хНЧх▒▒щЛБценхЬЛщЪЫ_хЕичРГчЩ╝хФо,2025-03-17,2025,matched,02610_17-03-2025_хНЧх▒▒щЛБценхЬЛщЪЫ_хЕичРГчЩ╝хФо.pdf,/nfs/users/wuqianqian/IPOI/dataset/2025/02610_17-03-2025_хНЧх▒▒щЛБценхЬЛщЪЫ_хЕичРГчЩ╝хФо.pdf,02610,,2610.HK|02610.HK,2610.HK,strip_zero
чЩ╛хИйхдйцБТ_хЕичРГчЩ╝хФо,2025-11-07,2025,unmatched,02615_07-11-2025_чЩ╛хИйхдйцБТ_хЕичРГчЩ╝хФо.pdf,/nfs/users/wuqianqian/IPOI/dataset/2025/02615_07-11-2025_чЩ╛хИйхдйцБТ_хЕичРГчЩ╝хФо.pdf,02615,2025新股，需确认是否已上市或EOD截止日未覆盖,2615.HK|02615.HK,,
шЧецН╖хоЙх║╖я╝Ня╝в_хЕичРГчЩ╝хФо,2025-06-13,2025,matched,02617_13-06-2025_шЧецН╖хоЙх║╖я╝Ня╝в_хЕичРГчЩ╝хФо.pdf,/nfs/users/wuqianqian/IPOI/dataset/2025/02617_13-06-2025_шЧецН╖хоЙх║╖я╝Ня╝в_хЕичРГчЩ╝хФо.pdf,02617,,2617.HK|02617.HK,2617.HK,strip_zero
щжЩц▒ЯщЫ╗хЩи_хЕичРГчЩ╝хФо,2025-06-17,2025,matched,02619_17-06-2025_щжЩц▒ЯщЫ╗хЩи_хЕичРГчЩ╝хФо.pdf,/nfs/users/wuqianqian/IPOI/dataset/2025/02619_17-06-2025_щжЩц▒ЯщЫ╗хЩи_хЕичРГчЩ╝хФо.pdf,02619,,2619.HK|02619.HK,2619.HK,strip_zero
цЙЛхЫЮщЫЖхЬШ_хЕичРГчЩ╝хФо,2025-05-22,2025,matched,02621_22-05-2025_цЙЛхЫЮщЫЖхЬШ_хЕичРГчЩ╝хФо.pdf,/nfs/users/wuqianqian/IPOI/dataset/2025/02621_22-05-2025_цЙЛхЫЮщЫЖхЬШ_хЕичРГчЩ╝хФо.pdf,02621,,2621.HK|02621.HK,2621.HK,strip_zero
ц▒ЯшШЗхоПф┐б_хЕичРГчЩ╝хФо,2025-03-21,2025,matched,02625_21-03-2025_ц▒ЯшШЗхоПф┐б_хЕичРГчЩ╝хФо.pdf,/nfs/users/wuqianqian/IPOI/dataset/2025/02625_21-03-2025_ц▒ЯшШЗхоПф┐б_хЕичРГчЩ╝хФо.pdf,02625,,2625.HK|02625.HK,2625.HK,strip_zero
ф╕нцЕзчФЯчЙйя╝Ня╝в_хЕичРГчЩ╝хФо,2025-07-31,2025,matched,02627_31-07-2025_ф╕нцЕзчФЯчЙйя╝Ня╝в_хЕичРГчЩ╝хФо.pdf,/nfs/users/wuqianqian/IPOI/dataset/2025/02627_31-07-2025_ф╕нцЕзчФЯчЙйя╝Ня╝в_хЕичРГчЩ╝хФо.pdf,02627,,2627.HK|02627.HK,2627.HK,strip_zero
MIRXES-B_хЕичРГчЩ╝хФо,2025-05-15,2025,matched,02629_15-05-2025_MIRXES-B_хЕичРГчЩ╝хФо.pdf,/nfs/users/wuqianqian/IPOI/dataset/2025/02629_15-05-2025_MIRXES-B_хЕичРГчЩ╝хФо.pdf,02629,,2629.HK|02629.HK,2629.HK,strip_zero
цЧ║х▒▒цЧ║ц░┤я╝Ня╝в_хЕичРГчЩ╝хФо,2025-10-28,2025,matched,02630_28-10-2025_цЧ║х▒▒цЧ║ц░┤я╝Ня╝в_хЕичРГчЩ╝хФо.pdf,/nfs/users/wuqianqian/IPOI/dataset/2025/02630_28-10-2025_цЧ║х▒▒цЧ║ц░┤я╝Ня╝в_хЕичРГчЩ╝хФо.pdf,02630,,2630.HK|02630.HK,2630.HK,strip_zero
хдйх▓│хЕИщА▓_хЕичРГчЩ╝хФо,2025-08-11,2025,matched,02631_11-08-2025_хдйх▓│хЕИщА▓_хЕичРГчЩ╝хФо.pdf,/nfs/users/wuqianqian/IPOI/dataset/2025/02631_11-08-2025_хдйх▓│хЕИщА▓_хЕичРГчЩ╝хФо.pdf,02631,,2631.HK|02631.HK,2631.HK,strip_zero
шл╛цпФф╛Г_хЕичРГчЩ╝хФо,2025-12-15,2025,matched,02635_15-12-2025_шл╛цпФф╛Г_хЕичРГчЩ╝хФо.pdf,/nfs/users/wuqianqian/IPOI/dataset/2025/02635_15-12-2025_шл╛цпФф╛Г_хЕичРГчЩ╝хФо.pdf,02635,,2635.HK|02635.HK,2635.HK,strip_zero
ц╡╖ше┐цЦ░шЧе_хЕичРГчЩ╝хФо,2025-10-09,2025,matched,02637_09-10-2025_ц╡╖ше┐цЦ░шЧе_хЕичРГчЩ╝хФо.pdf,/nfs/users/wuqianqian/IPOI/dataset/2025/02637_09-10-2025_ц╡╖ше┐цЦ░шЧе_хЕичРГчЩ╝хФо.pdf,02637,,2637.HK|02637.HK,2637.HK,strip_zero
цЫ╣цУНхЗ║шбМ_хЕичРГчЩ╝хФо,2025-06-17,2025,matched,02643_17-06-2025_цЫ╣цУНхЗ║шбМ_хЕичРГчЩ╝хФо.pdf,/nfs/users/wuqianqian/IPOI/dataset/2025/02643_17-06-2025_цЫ╣цУНхЗ║шбМ_хЕичРГчЩ╝хФо.pdf,02643,,2643.HK|02643.HK,2643.HK,strip_zero
хоЙф║ХщгЯхУБ_хЕичРГчЩ╝хФо,2025-06-25,2025,matched,02648_25-06-2025_хоЙф║ХщгЯхУБ_хЕичРГчЩ╝хФо.pdf,/nfs/users/wuqianqian/IPOI/dataset/2025/02648_25-06-2025_хоЙф║ХщгЯхУБ_хЕичРГчЩ╝хФо.pdf,02648,,2648.HK|02648.HK,2648.HK,strip_zero
хдзчЬ╛хПгшЕФ_хЕичРГчЩ╝хФо,2025-06-30,2025,matched,02651_30-06-2025_хдзчЬ╛хПгшЕФ_хЕичРГчЩ╝хФо.pdf,/nfs/users/wuqianqian/IPOI/dataset/2025/02651_30-06-2025_хдзчЬ╛хПгшЕФ_хЕичРГчЩ╝хФо.pdf,02651,,2651.HK|02651.HK,2651.HK,strip_zero
цЮЬф╕ЛчзСцКА_хЕичРГчЩ╝хФо,2025-12-08,2025,matched,02655_08-12-2025_цЮЬф╕ЛчзСцКА_хЕичРГчЩ╝хФо.pdf,/nfs/users/wuqianqian/IPOI/dataset/2025/02655_08-12-2025_цЮЬф╕ЛчзСцКА_хЕичРГчЩ╝хФо.pdf,02655,,2655.HK|02655.HK,2655.HK,strip_zero
хБех║╖я╝Ся╝Ця╝Р_хЕичРГчЩ╝хФо,2025-09-09,2025,matched,02656_09-09-2025_хБех║╖я╝Ся╝Ця╝Р_хЕичРГчЩ╝хФо.pdf,/nfs/users/wuqianqian/IPOI/dataset/2025/02656_09-09-2025_хБех║╖я╝Ся╝Ця╝Р_хЕичРГчЩ╝хФо.pdf,02656,,2656.HK|02656.HK,2656.HK,strip_zero
цЮЧц╕Еш╗Т_хЕичРГчЩ╝хФо,2025-12-18,2025,matched,02657_18-12-2025_цЮЧц╕Еш╗Т_хЕичРГчЩ╝хФо.pdf,/nfs/users/wuqianqian/IPOI/dataset/2025/02657_18-12-2025_цЮЧц╕Еш╗Т_хЕичРГчЩ╝хФо.pdf,02657,,2657.HK|02657.HK,2657.HK,strip_zero
хдйхЯЯхНКх░ОщлФ_хЕичРГчЩ╝хФо,2025-11-27,2025,matched,02658_27-11-2025_хдйхЯЯхНКх░ОщлФ_хЕичРГчЩ╝хФо.pdf,/nfs/users/wuqianqian/IPOI/dataset/2025/02658_27-11-2025_хдйхЯЯхНКх░ОщлФ_хЕичРГчЩ╝хФо.pdf,02658,,2658.HK|02658.HK,2658.HK,strip_zero
хп╢ц┐ЯшЧеценя╝Ня╝в_хЕичРГчЩ╝хФо,2025-12-02,2025,matched,02659_02-12-2025_хп╢ц┐ЯшЧеценя╝Ня╝в_хЕичРГчЩ╝хФо.pdf,/nfs/users/wuqianqian/IPOI/dataset/2025/02659_02-12-2025_хп╢ц┐ЯшЧеценя╝Ня╝в_хЕичРГчЩ╝хФо.pdf,02659,,2659.HK|02659.HK,2659.HK,strip_zero
ш╝ХщмЖхБех║╖_хЕичРГчЩ╝хФо,2025-12-15,2025,matched,02661_15-12-2025_ш╝ХщмЖхБех║╖_хЕичРГчЩ╝хФо.pdf,/nfs/users/wuqianqian/IPOI/dataset/2025/02661_15-12-2025_ш╝ХщмЖхБех║╖_хЕичРГчЩ╝хФо.pdf,02661,,2661.HK|02661.HK,2661.HK,strip_zero
щЫ▓ш┐╣_хЕичРГчЩ╝хФо,2025-10-08,2025,matched,02670_08-10-2025_щЫ▓ш┐╣_хЕичРГчЩ╝хФо.pdf,/nfs/users/wuqianqian/IPOI/dataset/2025/02670_08-10-2025_щЫ▓ш┐╣_хЕичРГчЩ╝хФо.pdf,02670,,2670.HK|02670.HK,2670.HK,strip_zero
ч╛ОшБпшВбф╗╜_хЕичРГчЩ╝хФо,2025-12-18,2025,matched,02671_18-12-2025_ч╛ОшБпшВбф╗╜_хЕичРГчЩ╝хФо.pdf,/nfs/users/wuqianqian/IPOI/dataset/2025/02671_18-12-2025_ч╛ОшБпшВбф╗╜_хЕичРГчЩ╝хФо.pdf,02671,,2671.HK|02671.HK,2671.HK,strip_zero
ч▓╛щЛТщЖлчЩВя╝Ня╝в_хЕичРГчЩ╝хФо,2025-12-30,2025,matched,02675_30-12-2025_ч▓╛щЛТщЖлчЩВя╝Ня╝в_хЕичРГчЩ╝хФо.pdf,/nfs/users/wuqianqian/IPOI/dataset/2025/02675_30-12-2025_ч▓╛щЛТщЖлчЩВя╝Ня╝в_хЕичРГчЩ╝хФо.pdf,02675,,2675.HK|02675.HK,2675.HK,strip_zero
ч┤НшКпх╛о_хЕичРГчЩ╝хФо,2025-11-28,2025,matched,02676_28-11-2025_ч┤НшКпх╛о_хЕичРГчЩ╝хФо.pdf,/nfs/users/wuqianqian/IPOI/dataset/2025/02676_28-11-2025_ч┤НшКпх╛о_хЕичРГчЩ╝хФо.pdf,02676,,2676.HK|02676.HK,2676.HK,strip_zero
щЗПхМЦц┤╛_хЕичРГчЩ╝хФо,2025-11-19,2025,matched,02685_19-11-2025_щЗПхМЦц┤╛_хЕичРГчЩ╝хФо.pdf,/nfs/users/wuqianqian/IPOI/dataset/2025/02685_19-11-2025_щЗПхМЦц┤╛_хЕичРГчЩ╝хФо.pdf,02685,,2685.HK|02685.HK,2685.HK,strip_zero
хНУш╢КчЭ┐цЦ░_хЕичРГчЩ╝хФо,2025-11-28,2025,matched,02687_28-11-2025_хНУш╢КчЭ┐цЦ░_хЕичРГчЩ╝хФо.pdf,/nfs/users/wuqianqian/IPOI/dataset/2025/02687_28-11-2025_хНУш╢КчЭ┐цЦ░_хЕичРГчЩ╝хФо.pdf,02687,,2687.HK|02687.HK,2687.HK,strip_zero
хНЧшПпцЬЯш▓ишВбф╗╜_хЕичРГчЩ╝хФо,2025-12-12,2025,matched,02691_12-12-2025_хНЧшПпцЬЯш▓ишВбф╗╜_хЕичРГчЩ╝хФо.pdf,/nfs/users/wuqianqian/IPOI/dataset/2025/02691_12-12-2025_хНЧшПпцЬЯш▓ишВбф╗╜_хЕичРГчЩ╝хФо.pdf,02691,,2691.HK|02691.HK,2691.HK,strip_zero
щЗСх▓йщлШх╢║цЦ░цЭР_хЕичРГчЩ╝хФо,2025-11-25,2025,matched,02693_25-11-2025_щЗСх▓йщлШх╢║цЦ░цЭР_хЕичРГчЩ╝хФо.pdf,/nfs/users/wuqianqian/IPOI/dataset/2025/02693_25-11-2025_щЗСх▓йщлШх╢║цЦ░цЭР_хЕичРГчЩ╝хФо.pdf,02693,,2693.HK|02693.HK,2693.HK,strip_zero
хН░ш▒бхдзч┤ЕшвН_хЕичРГчЩ╝хФо,2025-12-12,2025,matched,02695_12-12-2025_хН░ш▒бхдзч┤ЕшвН_хЕичРГчЩ╝хФо.pdf,/nfs/users/wuqianqian/IPOI/dataset/2025/02695_12-12-2025_хН░ш▒бхдзч┤ЕшвН_хЕичРГчЩ╝хФо.pdf,02695,,2695.HK|02695.HK,2695.HK,strip_zero
циВшИТщБй_хЕичРГчЩ╝хФо,2025-10-31,2025,matched,02698_31-10-2025_циВшИТщБй_хЕичРГчЩ╝хФо.pdf,/nfs/users/wuqianqian/IPOI/dataset/2025/02698_31-10-2025_циВшИТщБй_хЕичРГчЩ╝хФо.pdf,02698,,2698.HK|02698.HK,2698.HK,strip_zero
цШОчХечзСцКАя╝Ня╝╖_хЕичРГчЩ╝хФо,2025-10-23,2025,matched,02718_23-10-2025_цШОчХечзСцКАя╝Ня╝╖_хЕичРГчЩ╝хФо.pdf,/nfs/users/wuqianqian/IPOI/dataset/2025/02718_23-10-2025_цШОчХечзСцКАя╝Ня╝╖_хЕичРГчЩ╝хФо.pdf,02718,,2718.HK|02718.HK,2718.HK,strip_zero
хЙ╡цЦ░хпжцен_хЕичРГчЩ╝хФо,2025-11-14,2025,matched,02788_14-11-2025_хЙ╡цЦ░хпжцен_хЕичРГчЩ╝хФо.pdf,/nfs/users/wuqianqian/IPOI/dataset/2025/02788_14-11-2025_хЙ╡цЦ░хпжцен_хЕичРГчЩ╝хФо.pdf,02788,,2788.HK|02788.HK,2788.HK,strip_zero
щИЮщБФшВбф╗╜_хЕичРГчЩ╝хФо,2025-04-28,2025,matched,02865_28-04-2025_щИЮщБФшВбф╗╜_хЕичРГчЩ╝хФо.pdf,/nfs/users/wuqianqian/IPOI/dataset/2025/02865_28-04-2025_щИЮщБФшВбф╗╜_хЕичРГчЩ╝хФо.pdf,02865,,2865.HK|02865.HK,2865.HK,strip_zero
ц╡╖хдйхС│цен_хЕичРГчЩ╝хФо,2025-06-11,2025,matched,03288_11-06-2025_ц╡╖хдйхС│цен_хЕичРГчЩ╝хФо.pdf,/nfs/users/wuqianqian/IPOI/dataset/2025/03288_11-06-2025_ц╡╖хдйхС│цен_хЕичРГчЩ╝хФо.pdf,03288,,3288.HK|03288.HK,3288.HK,strip_zero
ш┐ЕчнЦ_хЕичРГчЩ╝хФо,2025-12-18,2025,matched,03317_18-12-2025_ш┐ЕчнЦ_хЕичРГчЩ╝хФо.pdf,/nfs/users/wuqianqian/IPOI/dataset/2025/03317_18-12-2025_ш┐ЕчнЦ_хЕичРГчЩ╝хФо.pdf,03317,,3317.HK|03317.HK,3317.HK,strip_zero
ч┐░цАЭшЙ╛ц│░я╝Ня╝в_хЕичРГчЩ╝хФо,2025-12-15,2025,matched,03378_15-12-2025_ч┐░цАЭшЙ╛ц│░я╝Ня╝в_хЕичРГчЩ╝хФо.pdf,/nfs/users/wuqianqian/IPOI/dataset/2025/03378_15-12-2025_ч┐░цАЭшЙ╛ц│░я╝Ня╝в_хЕичРГчЩ╝хФо.pdf,03378,,3378.HK|03378.HK,3378.HK,strip_zero
щЗСц╜пш│Зц║Р_хЕичРГчЩ╝хФо,2025-12-31,2025,matched,03636_31-12-2025_щЗСц╜пш│Зц║Р_хЕичРГчЩ╝хФо.pdf,/nfs/users/wuqianqian/IPOI/dataset/2025/03636_31-12-2025_щЗСц╜пш│Зц║Р_хЕичРГчЩ╝хФо.pdf,03636,,3636.HK|03636.HK,3636.HK,strip_zero
цнгхКЫцЦ░шГ╜_хЕичРГчЩ╝хФо,2025-04-03,2025,matched,03677_03-04-2025_цнгхКЫцЦ░шГ╜_хЕичРГчЩ╝хФо.pdf,/nfs/users/wuqianqian/IPOI/dataset/2025/03677_03-04-2025_цнгхКЫцЦ░шГ╜_хЕичРГчЩ╝хФо.pdf,03677,,3677.HK|03677.HK,3677.HK,strip_zero
шЛ▒чЯ╜цЩ║шГ╜_хЕичРГчЩ╝хФо,2025-12-18,2025,matched,03696_18-12-2025_шЛ▒чЯ╜цЩ║шГ╜_хЕичРГчЩ╝хФо.pdf,/nfs/users/wuqianqian/IPOI/dataset/2025/03696_18-12-2025_шЛ▒чЯ╜цЩ║шГ╜_хЕичРГчЩ╝хФо.pdf,03696,,3696.HK|03696.HK,3696.HK,strip_zero
хпзх╛╖цЩВф╗г_хЕичРГчЩ╝хФо,2025-05-12,2025,matched,03750_12-05-2025_хпзх╛╖цЩВф╗г_хЕичРГчЩ╝хФо.pdf,/nfs/users/wuqianqian/IPOI/dataset/2025/03750_12-05-2025_хпзх╛╖цЩВф╗г_хЕичРГчЩ╝хФо.pdf,03750,,3750.HK|03750.HK,3750.HK,strip_zero
ф╜│щСлхЬЛщЪЫш│Зц║Р_хЕичРГчЩ╝хФо,2025-08-20,2025,matched,03858_20-08-2025_ф╜│щСлхЬЛщЪЫш│Зц║Р_хЕичРГчЩ╝хФо.pdf,/nfs/users/wuqianqian/IPOI/dataset/2025/03858_20-08-2025_ф╜│щСлхЬЛщЪЫш│Зц║Р_хЕичРГчЩ╝хФо.pdf,03858,,3858.HK|03858.HK,3858.HK,strip_zero
ц│░х╛╖щЖлшЧе_хЕичРГчЩ╝хФо,2025-06-20,2025,matched,03880_20-06-2025_ц│░х╛╖щЖлшЧе_хЕичРГчЩ╝хФо.pdf,/nfs/users/wuqianqian/IPOI/dataset/2025/03880_20-06-2025_ц│░х╛╖щЖлшЧе_хЕичРГчЩ╝хФо.pdf,03880,,3880.HK|03880.HK,3880.HK,strip_zero
х╕Мш┐кцЩ║щзХ_хЕичРГчЩ╝хФо,2025-12-11,2025,matched,03881_11-12-2025_х╕Мш┐кцЩ║щзХ_хЕичРГчЩ╝хФо.pdf,/nfs/users/wuqianqian/IPOI/dataset/2025/03881_11-12-2025_х╕Мш┐кцЩ║щзХ_хЕичРГчЩ╝хФо.pdf,03881,,3881.HK|03881.HK,3881.HK,strip_zero
HASHKEY HLDGS_хЕичРГчЩ╝хФо,2025-12-09,2025,matched,03887_09-12-2025_HASHKEY HLDGS_хЕичРГчЩ╝хФо.pdf,/nfs/users/wuqianqian/IPOI/dataset/2025/03887_09-12-2025_HASHKEY HLDGS_хЕичРГчЩ╝хФо.pdf,03887,,3887.HK|03887.HK,3887.HK,strip_zero
хЕЖцШУхЙ╡цЦ░_хЕичРГчЩ╝хФо,2025-12-31,2025,matched,03986_31-12-2025_хЕЖцШУхЙ╡цЦ░_хЕичРГчЩ╝хФо.pdf,/nfs/users/wuqianqian/IPOI/dataset/2025/03986_31-12-2025_хЕЖцШУхЙ╡цЦ░_хЕичРГчЩ╝хФо.pdf,03986,,3986.HK|03986.HK,3986.HK,strip_zero
ф╕Йф╕АщЗНх╖е_хЕичРГчЩ╝хФо,2025-10-20,2025,matched,06031_20-10-2025_ф╕Йф╕АщЗНх╖е_хЕичРГчЩ╝хФо.pdf,/nfs/users/wuqianqian/IPOI/dataset/2025/06031_20-10-2025_ф╕Йф╕АщЗНх╖е_хЕичРГчЩ╝хФо.pdf,06031,,6031.HK|06031.HK,6031.HK,strip_zero
хгБф╗ЮчзСцКА_хЕичРГчЩ╝хФо,2025-12-22,2025,matched,06082_22-12-2025_хгБф╗ЮчзСцКА_хЕичРГчЩ╝хФо.pdf,/nfs/users/wuqianqian/IPOI/dataset/2025/06082_22-12-2025_хгБф╗ЮчзСцКА_хЕичРГчЩ╝хФо.pdf,06082,,6082.HK|06082.HK,6082.HK,strip_zero
ф╕НхРМщЫЖхЬШ_хЕичРГчЩ╝хФо,2025-09-15,2025,matched,06090_15-09-2025_ф╕НхРМщЫЖхЬШ_хЕичРГчЩ╝хФо.pdf,/nfs/users/wuqianqian/IPOI/dataset/2025/06090_15-09-2025_ф╕НхРМщЫЖхЬШ_хЕичРГчЩ╝хФо.pdf,06090,,6090.HK|06090.HK,6090.HK,strip_zero
хКНцйЛчзСцКА_хЕичРГчЩ╝хФо,2025-10-20,2025,matched,06166_20-10-2025_хКНцйЛчзСцКА_хЕичРГчЩ╝хФо.pdf,/nfs/users/wuqianqian/IPOI/dataset/2025/06166_20-10-2025_хКНцйЛчзСцКА_хЕичРГчЩ╝хФо.pdf,06166,,6166.HK|06166.HK,6166.HK,strip_zero
хСихЕнчжП_хЕичРГчЩ╝хФо,2025-06-18,2025,matched,06168_18-06-2025_хСихЕнчжП_хЕичРГчЩ╝хФо.pdf,/nfs/users/wuqianqian/IPOI/dataset/2025/06168_18-06-2025_хСихЕнчжП_хЕичРГчЩ╝хФо.pdf,06168,,6168.HK|06168.HK,6168.HK,strip_zero
шЗехоЙцйЯхЩиф║║_хЕичРГчЩ╝хФо,2025-12-18,2025,matched,06600_18-12-2025_шЗехоЙцйЯхЩиф║║_хЕичРГчЩ╝хФо.pdf,/nfs/users/wuqianqian/IPOI/dataset/2025/06600_18-12-2025_шЗехоЙцйЯхЩиф║║_хЕичРГчЩ╝хФо.pdf,06600,,6600.HK|06600.HK,6600.HK,strip_zero
IFBH_хЕичРГчЩ╝хФо,2025-06-20,2025,matched,06603_20-06-2025_IFBH_хЕичРГчЩ╝хФо.pdf,/nfs/users/wuqianqian/IPOI/dataset/2025/06603_20-06-2025_IFBH_хЕичРГчЩ╝хФо.pdf,06603,,6603.HK|06603.HK,6603.HK,strip_zero
шЧНцАЭчзСцКА_хЕичРГчЩ╝хФо,2025-06-30,2025,matched,06613_30-06-2025_шЧНцАЭчзСцКА_хЕичРГчЩ╝хФо.pdf,/nfs/users/wuqianqian/IPOI/dataset/2025/06613_30-06-2025_шЧНцАЭчзСцКА_хЕичРГчЩ╝хФо.pdf,06613,,6613.HK|06613.HK,6613.HK,strip_zero
ф║Фф╕АшжЦчХМ_хЕичРГчЩ╝хФо,2025-12-18,2025,matched,06651_18-12-2025_ф║Фф╕АшжЦчХМ_хЕичРГчЩ╝хФо.pdf,/nfs/users/wuqianqian/IPOI/dataset/2025/06651_18-12-2025_ф║Фф╕АшжЦчХМ_хЕичРГчЩ╝хФо.pdf,06651,,6651.HK|06651.HK,6651.HK,strip_zero
шБЪц░┤ц╜н_хЕичРГчЩ╝хФо,2025-10-13,2025,matched,06687_13-10-2025_шБЪц░┤ц╜н_хЕичРГчЩ╝хФо.pdf,/nfs/users/wuqianqian/IPOI/dataset/2025/06687_13-10-2025_шБЪц░┤ц╜н_хЕичРГчЩ╝хФо.pdf,06687,,6687.HK|06687.HK,6687.HK,strip_zero
ш╡дх│░щ╗ГщЗС_хЕичРГчЩ╝хФо,2025-02-28,2025,matched,06693_28-02-2025_ш╡дх│░щ╗ГщЗС_хЕичРГчЩ╝хФо.pdf,/nfs/users/wuqianqian/IPOI/dataset/2025/06693_28-02-2025_ш╡дх│░щ╗ГщЗС_хЕичРГчЩ╝хФо.pdf,06693,,6693.HK|06693.HK,6693.HK,strip_zero
ч╢ашМ╢щЫЖхЬШ_хЕичРГчЩ╝хФо,2025-05-08,2025,matched,06831_08-05-2025_ч╢ашМ╢щЫЖхЬШ_хЕичРГчЩ╝хФо.pdf,/nfs/users/wuqianqian/IPOI/dataset/2025/06831_08-05-2025_ч╢ашМ╢щЫЖхЬШ_хЕичРГчЩ╝хФо.pdf,06831,,6831.HK|06831.HK,6831.HK,strip_zero
чйОщАЪцОзшВб_хЕичРГчЩ╝хФо,2025-06-18,2025,matched,06883_18-06-2025_чйОщАЪцОзшВб_хЕичРГчЩ╝хФо.pdf,/nfs/users/wuqianqian/IPOI/dataset/2025/06883_18-06-2025_чйОщАЪцОзшВб_хЕичРГчЩ╝хФо.pdf,06883,,6883.HK|06883.HK,6883.HK,strip_zero
чСЮхНЪчФЯчЙйя╝Ня╝в_хЕичРГчЩ╝хФо,2025-12-31,2025,matched,06938_31-12-2025_чСЮхНЪчФЯчЙйя╝Ня╝в_хЕичРГчЩ╝хФо.pdf,/nfs/users/wuqianqian/IPOI/dataset/2025/06938_31-12-2025_чСЮхНЪчФЯчЙйя╝Ня╝в_хЕичРГчЩ╝хФо.pdf,06938,,6938.HK|06938.HK,6938.HK,strip_zero
щЫЩчЩ╗шВбф╗╜_хЕичРГчЩ╝хФо,2025-08-18,2025,matched,06960_18-08-2025_щЫЩчЩ╗шВбф╗╜_хЕичРГчЩ╝хФо.pdf,/nfs/users/wuqianqian/IPOI/dataset/2025/06960_18-08-2025_щЫЩчЩ╗шВбф╗╜_хЕичРГчЩ╝хФо.pdf,06960,,6960.HK|06960.HK,6960.HK,strip_zero
хЕлщжмшМ╢цен_хЕичРГчЩ╝хФо,2025-10-20,2025,matched,06980_20-10-2025_хЕлщжмшМ╢цен_хЕичРГчЩ╝хФо.pdf,/nfs/users/wuqianqian/IPOI/dataset/2025/06980_20-10-2025_хЕлщжмшМ╢цен_хЕичРГчЩ╝хФо.pdf,06980,,6980.HK|06980.HK,6980.HK,strip_zero
ф║мцЭ▒х╖ецен_хЕичРГчЩ╝хФо,2025-12-03,2025,matched,07618_03-12-2025_ф║мцЭ▒х╖ецен_хЕичРГчЩ╝хФо.pdf,/nfs/users/wuqianqian/IPOI/dataset/2025/07618_03-12-2025_ф║мцЭ▒х╖ецен_хЕичРГчЩ╝хФо.pdf,07618,,7618.HK|07618.HK,7618.HK,strip_zero
BBSB INTL_шВбф╗╜чЩ╝хФо,2025-12-31,2025,matched,08610_31-12-2025_BBSB INTL_шВбф╗╜чЩ╝хФо.pdf,/nfs/users/wuqianqian/IPOI/dataset/2025/08610_31-12-2025_BBSB INTL_шВбф╗╜чЩ╝хФо.pdf,08610,,8610.HK|08610.HK,8610.HK,strip_zero
цШацБйчФЯчЙйя╝Ня╝в_хЕичРГчЩ╝хФо,2025-04-07,2025,matched,09606_07-04-2025_цШацБйчФЯчЙйя╝Ня╝в_хЕичРГчЩ╝хФо.pdf,/nfs/users/wuqianqian/IPOI/dataset/2025/09606_07-04-2025_цШацБйчФЯчЙйя╝Ня╝в_хЕичРГчЩ╝хФо.pdf,09606,,9606.HK|09606.HK,9606.HK,strip_zero
ц╡╖хБЙшВбф╗╜_хЕичРГчЩ╝хФо,2025-11-20,2025,matched,09609_20-11-2025_ц╡╖хБЙшВбф╗╜_хЕичРГчЩ╝хФо.pdf,/nfs/users/wuqianqian/IPOI/dataset/2025/09609_20-11-2025_ц╡╖хБЙшВбф╗╜_хЕичРГчЩ╝хФо.pdf,09609,,9609.HK|09609.HK,9609.HK,strip_zero
щЫ▓чЯешБ▓_хЕичРГчЩ╝хФо,2025-06-20,2025,matched,09678_20-06-2025_щЫ▓чЯешБ▓_хЕичРГчЩ╝хФо.pdf,/nfs/users/wuqianqian/IPOI/dataset/2025/09678_20-06-2025_щЫ▓чЯешБ▓_хЕичРГчЩ╝хФо.pdf,09678,,9678.HK|09678.HK,9678.HK,strip_zero
хо╣хдзчзСцКА_хЕичРГчЩ╝хФо,2025-05-30,2025,matched,09881_30-05-2025_хо╣хдзчзСцКА_хЕичРГчЩ╝хФо.pdf,/nfs/users/wuqianqian/IPOI/dataset/2025/09881_30-05-2025_хо╣хдзчзСцКА_хЕичРГчЩ╝хФо.pdf,09881,,9881.HK|09881.HK,9881.HK,strip_zero
ч╢нчлЛх┐ЧхНЪя╝Ня╝в_хЕичРГчЩ╝хФо,2025-07-17,2025,matched,09887_17-07-2025_ч╢нчлЛх┐ЧхНЪя╝Ня╝в_хЕичРГчЩ╝хФо.pdf,/nfs/users/wuqianqian/IPOI/dataset/2025/09887_17-07-2025_ч╢нчлЛх┐ЧхНЪя╝Ня╝в_хЕичРГчЩ╝хФо.pdf,09887,,9887.HK|09887.HK,9887.HK,strip_zero
хдйцХ╕цЩ║шКп_хЕичРГчЩ╝хФо,2025-12-30,2025,matched,09903_30-12-2025_хдйцХ╕цЩ║шКп_хЕичРГчЩ╝хФо.pdf,/nfs/users/wuqianqian/IPOI/dataset/2025/09903_30-12-2025_хдйцХ╕цЩ║шКп_хЕичРГчЩ╝хФо.pdf,09903,,9903.HK|09903.HK,9903.HK,strip_zero
ш│╜хКЫцЦп_хЕичРГчЩ╝хФо,2025-10-27,2025,matched,09927_27-10-2025_ш│╜хКЫцЦп_хЕичРГчЩ╝хФо.pdf,/nfs/users/wuqianqian/IPOI/dataset/2025/09927_27-10-2025_ш│╜хКЫцЦп_хЕичРГчЩ╝хФо.pdf,09927,,9927.HK|09927.HK,9927.HK,strip_zero
хеЗчСЮц▒╜ш╗К_хЕичРГчЩ╝хФо,2025-09-17,2025,matched,09973_17-09-2025_хеЗчСЮц▒╜ш╗К_хЕичРГчЩ╝хФо.pdf,/nfs/users/wuqianqian/IPOI/dataset/2025/09973_17-09-2025_хеЗчСЮц▒╜ш╗К_хЕичРГчЩ╝хФо.pdf,09973,,9973.HK|09973.HK,9973.HK,strip_zero
