date,ipo_count_30d,ipo_count_90d,avg_day1_return_60d,avg_day5_return_60d,avg_day20_return_60d,break_rate_60d,avg_mdd20_60d
2020-01-01,0,0,,,,,
2020-01-02,0,0,,,,,
2020-01-03,0,0,,,,,
2020-01-04,0,0,,,,,
2020-01-05,0,0,,,,,
2020-01-06,0,0,,,,,
2020-01-07,0,0,,,,,
2020-01-08,0,0,,,,,
2020-01-09,0,0,,,,,
2020-01-10,0,0,,,,,
2020-01-11,0,0,,,,,
2020-01-12,0,0,,,,,
2020-01-13,0,0,,,,,
2020-01-14,0,0,,,,,
2020-01-15,0,0,,,,,
2020-01-16,0,0,,,,,
2020-01-17,0,0,,,,,
2020-01-18,0,0,,,,,
2020-01-19,0,0,,,,,
2020-01-20,0,0,,,,,
2020-01-21,0,0,,,,,
2020-01-22,0,0,,,,,
2020-01-23,0,0,,,,,
2020-01-24,1,1,,,,0.0,
2020-01-25,1,1,,,,0.0,
2020-01-26,1,1,,,,0.0,
2020-01-27,1,1,,,,0.0,
2020-01-28,1,1,,,,0.0,
2020-01-29,1,1,,,,0.0,
2020-01-30,1,1,,,,0.0,
2020-01-31,1,1,,,,0.0,
2020-02-01,1,1,,,,0.0,
2020-02-02,1,1,,,,0.0,
2020-02-03,1,1,,,,0.0,
2020-02-04,1,1,,,,0.0,
2020-02-05,1,1,,,,0.0,
2020-02-06,1,1,,,,0.0,
2020-02-07,1,1,,,,0.0,
2020-02-08,1,1,,,,0.0,
2020-02-09,1,1,,,,0.0,
2020-02-10,1,1,,,,0.0,
2020-02-11,1,1,,,,0.0,
2020-02-12,1,1,,,,0.0,
2020-02-13,1,1,,,,0.0,
2020-02-14,2,2,-0.2272727272727273,-0.2909090909090909,-0.6696969696969698,0.5,-0.5372549019607844
2020-02-15,2,2,-0.2272727272727273,-0.2909090909090909,-0.6696969696969698,0.5,-0.5372549019607844
2020-02-16,2,2,-0.2272727272727273,-0.2909090909090909,-0.6696969696969698,0.5,-0.5372549019607844
2020-02-17,2,2,-0.2272727272727273,-0.2909090909090909,-0.6696969696969698,0.5,-0.5372549019607844
2020-02-18,2,2,-0.2272727272727273,-0.2909090909090909,-0.6696969696969698,0.5,-0.5372549019607844
2020-02-19,3,3,-0.2564935064935065,-0.3329545454545455,-0.6455627705627707,0.6666666666666666,-0.49719887955182074
2020-02-20,3,3,-0.2564935064935065,-0.3329545454545455,-0.6455627705627707,0.6666666666666666,-0.49719887955182074
2020-02-21,3,3,-0.2564935064935065,-0.3329545454545455,-0.6455627705627707,0.6666666666666666,-0.49719887955182074
2020-02-22,3,3,-0.2564935064935065,-0.3329545454545455,-0.6455627705627707,0.6666666666666666,-0.49719887955182074
2020-02-23,2,3,-0.2564935064935065,-0.3329545454545455,-0.6455627705627707,0.6666666666666666,-0.49719887955182074
2020-02-24,2,3,-0.2564935064935065,-0.3329545454545455,-0.6455627705627707,0.6666666666666666,-0.49719887955182074
2020-02-25,2,3,-0.2564935064935065,-0.3329545454545455,-0.6455627705627707,0.6666666666666666,-0.49719887955182074
2020-02-26,2,3,-0.2564935064935065,-0.3329545454545455,-0.6455627705627707,0.6666666666666666,-0.49719887955182074
2020-02-27,2,3,-0.2564935064935065,-0.3329545454545455,-0.6455627705627707,0.6666666666666666,-0.49719887955182074
2020-02-28,2,3,-0.2564935064935065,-0.3329545454545455,-0.6455627705627707,0.6666666666666666,-0.49719887955182074
2020-02-29,2,3,-0.2564935064935065,-0.3329545454545455,-0.6455627705627707,0.6666666666666666,-0.49719887955182074
2020-03-01,2,3,-0.2564935064935065,-0.3329545454545455,-0.6455627705627707,0.6666666666666666,-0.49719887955182074
2020-03-02,2,3,-0.2564935064935065,-0.3329545454545455,-0.6455627705627707,0.6666666666666666,-0.49719887955182074
2020-03-03,2,3,-0.2564935064935065,-0.3329545454545455,-0.6455627705627707,0.6666666666666666,-0.49719887955182074
2020-03-04,2,3,-0.2564935064935065,-0.3329545454545455,-0.6455627705627707,0.6666666666666666,-0.49719887955182074
2020-03-05,2,3,-0.2564935064935065,-0.3329545454545455,-0.6455627705627707,0.6666666666666666,-0.49719887955182074
2020-03-06,2,3,-0.2564935064935065,-0.3329545454545455,-0.6455627705627707,0.6666666666666666,-0.49719887955182074
2020-03-07,2,3,-0.2564935064935065,-0.3329545454545455,-0.6455627705627707,0.6666666666666666,-0.49719887955182074
2020-03-08,2,3,-0.2564935064935065,-0.3329545454545455,-0.6455627705627707,0.6666666666666666,-0.49719887955182074
2020-03-09,3,4,-0.13048001722034877,-0.2680102126234723,-0.4874654197858619,0.5,-0.433272159438488
2020-03-10,3,4,-0.13048001722034877,-0.2680102126234723,-0.4874654197858619,0.5,-0.433272159438488
2020-03-11,3,4,-0.13048001722034877,-0.2680102126234723,-0.4874654197858619,0.5,-0.433272159438488
2020-03-12,7,8,-0.04231308635086818,0.019881159984794044,0.0688679700474079,0.375,-0.28398477410646905
2020-03-13,9,10,-0.021880004158020442,-0.0018915067020388232,0.044905055908082685,0.4,-0.27515906941392776
2020-03-14,9,10,-0.021880004158020442,-0.0018915067020388232,0.044905055908082685,0.4,-0.27515906941392776
2020-03-15,8,10,-0.021880004158020442,-0.0018915067020388232,0.044905055908082685,0.4,-0.27515906941392776
2020-03-16,8,10,-0.021880004158020442,-0.0018915067020388232,0.044905055908082685,0.4,-0.27515906941392776
2020-03-17,10,12,0.013306816521354918,0.029591379573984958,0.1347551293375431,0.4166666666666667,-0.26997723609778
2020-03-18,12,14,0.02061577505990702,0.04235258040152238,0.12407903275752082,0.42857142857142855,-0.24634430482713893
2020-03-19,12,14,0.02061577505990702,0.04235258040152238,0.12407903275752082,0.42857142857142855,-0.24634430482713893
2020-03-20,11,14,0.02061577505990702,0.04235258040152238,0.12407903275752082,0.42857142857142855,-0.24634430482713893
2020-03-21,11,14,0.02061577505990702,0.04235258040152238,0.12407903275752082,0.42857142857142855,-0.24634430482713893
2020-03-22,11,14,0.02061577505990702,0.04235258040152238,0.12407903275752082,0.42857142857142855,-0.24634430482713893
2020-03-23,12,15,0.022258721218241923,0.051333475114483544,0.15229831157271306,0.4,-0.23394686903838405
2020-03-24,12,15,0.022258721218241923,0.051333475114483544,0.15229831157271306,0.42857142857142855,-0.23394686903838405
2020-03-25,12,15,0.022258721218241923,0.051333475114483544,0.15229831157271306,0.42857142857142855,-0.23394686903838405
2020-03-26,12,15,0.022258721218241923,0.051333475114483544,0.15229831157271306,0.42857142857142855,-0.23394686903838405
2020-03-27,13,16,0.006707528182897354,0.04118341469400725,0.14887291954737622,0.4666666666666667,-0.23365905307780038
2020-03-28,13,16,0.006707528182897354,0.04118341469400725,0.14887291954737622,0.4666666666666667,-0.23365905307780038
2020-03-29,13,16,0.006707528182897354,0.04118341469400725,0.14887291954737622,0.4666666666666667,-0.23365905307780038
2020-03-30,13,16,0.006707528182897354,0.04118341469400725,0.14887291954737622,0.4666666666666667,-0.23365905307780038
2020-03-31,13,16,0.006707528182897354,0.04118341469400725,0.14887291954737622,0.4666666666666667,-0.23365905307780038
2020-04-01,13,16,0.006707528182897354,0.04118341469400725,0.14887291954737622,0.4666666666666667,-0.23365905307780038
2020-04-02,13,16,0.006707528182897354,0.04118341469400725,0.14887291954737622,0.4666666666666667,-0.23365905307780038
2020-04-03,13,16,0.006707528182897354,0.04118341469400725,0.14887291954737622,0.4666666666666667,-0.23365905307780038
2020-04-04,13,16,0.006707528182897354,0.04118341469400725,0.14887291954737622,0.4666666666666667,-0.23365905307780038
2020-04-05,13,16,0.006707528182897354,0.04118341469400725,0.14887291954737622,0.4666666666666667,-0.23365905307780038
2020-04-06,13,16,0.006707528182897354,0.04118341469400725,0.14887291954737622,0.4666666666666667,-0.23365905307780038
2020-04-07,13,16,0.006707528182897354,0.04118341469400725,0.14887291954737622,0.4666666666666667,-0.23365905307780038
2020-04-08,12,16,0.006707528182897354,0.04118341469400725,0.14887291954737622,0.4666666666666667,-0.23365905307780038
2020-04-09,12,16,0.006707528182897354,0.04118341469400725,0.14887291954737622,0.4666666666666667,-0.23365905307780038
2020-04-10,12,16,0.006707528182897354,0.04118341469400725,0.14887291954737622,0.4666666666666667,-0.23365905307780038
2020-04-11,8,16,0.006707528182897354,0.04118341469400725,0.14887291954737622,0.4666666666666667,-0.23365905307780038
2020-04-12,6,16,0.006707528182897354,0.04118341469400725,0.14887291954737622,0.4666666666666667,-0.23365905307780038
2020-04-13,6,16,0.006707528182897354,0.04118341469400725,0.14887291954737622,0.4666666666666667,-0.23365905307780038
2020-04-14,6,16,0.02342040357258483,0.0649043079513714,0.2073421973505438,0.42857142857142855,-0.2119736353004444
2020-04-15,9,19,0.004421741213733616,0.00235719696213156,0.13033005758570565,0.47058823529411764,-0.21928912794956923
2020-04-16,7,19,0.004421741213733616,0.00235719696213156,0.13033005758570565,0.47058823529411764,-0.21928912794956923
2020-04-17,5,19,0.004421741213733616,0.00235719696213156,0.13033005758570565,0.47058823529411764,-0.21928912794956923
2020-04-18,5,19,0.004421741213733616,0.00235719696213156,0.13033005758570565,0.47058823529411764,-0.21928912794956923
2020-04-19,5,19,0.02255524289673482,0.025942021772264793,0.17731497189909798,0.4375,-0.20442326987498874
2020-04-20,6,20,-0.01070430920643446,-0.009197424886607927,0.12738888111511742,0.47058823529411764,-0.21592778341175412
2020-04-21,6,20,-0.01070430920643446,-0.009197424886607927,0.12738888111511742,0.47058823529411764,-0.21592778341175412
2020-04-22,5,20,-0.01070430920643446,-0.009197424886607927,0.12738888111511742,0.47058823529411764,-0.21592778341175412
2020-04-23,6,20,0.009890374638367467,0.026128357977462876,0.14179320253464794,0.4444444444444444,-0.21842454906762285
2020-04-24,7,21,0.011161541930637037,0.02699282289914176,0.1429530227819845,0.42105263157894735,-0.21439263500186273
2020-04-25,7,21,0.011161541930637037,0.02699282289914176,0.1429530227819845,0.42105263157894735,-0.21439263500186273
2020-04-26,6,21,0.011161541930637037,0.02699282289914176,0.1429530227819845,0.42105263157894735,-0.21439263500186273
2020-04-27,6,21,0.011161541930637037,0.02699282289914176,0.1429530227819845,0.42105263157894735,-0.21439263500186273
2020-04-28,7,22,0.0015517406961741537,0.011419043823150201,0.1280467509532301,0.45,-0.21438728896605536
2020-04-29,7,22,0.0015517406961741537,0.011419043823150201,0.1280467509532301,0.45,-0.21438728896605536
2020-04-30,7,22,0.0015517406961741537,0.011419043823150201,0.1280467509532301,0.45,-0.21438728896605536
2020-05-01,7,22,0.0015517406961741537,0.011419043823150201,0.1280467509532301,0.45,-0.21438728896605536
2020-05-02,7,22,0.0015517406961741537,0.011419043823150201,0.1280467509532301,0.45,-0.21438728896605536
2020-05-03,7,22,0.0015517406961741537,0.011419043823150201,0.1280467509532301,0.45,-0.21438728896605536
2020-05-04,7,22,0.0015517406961741537,0.011419043823150201,0.1280467509532301,0.45,-0.21438728896605536
2020-05-05,7,22,0.0015517406961741537,0.011419043823150201,0.1280467509532301,0.45,-0.21438728896605536
2020-05-06,7,22,0.0015517406961741537,0.011419043823150201,0.1280467509532301,0.45,-0.21438728896605536
2020-05-07,8,23,-0.00560065879643646,0.0050837740400658344,0.11358377825661556,0.47619047619047616,-0.2146154219768042
2020-05-08,8,23,-0.011958039802556619,0.012244040090135421,0.1278265030810485,0.5,-0.21007525711505326
2020-05-09,8,23,-0.011958039802556619,0.012244040090135421,0.1278265030810485,0.5,-0.21007525711505326
2020-05-10,8,23,-0.011958039802556619,0.012244040090135421,0.1278265030810485,0.5,-0.21007525711505326
2020-05-11,8,23,-0.02090057770350634,-0.04364487224757919,0.0382536257457206,0.5625,-0.21958926261695288
2020-05-12,8,23,-0.030977200734999624,-0.03872330541066852,0.049284878506474346,0.5714285714285714,-0.21606357113508423
2020-05-13,10,25,-0.018002164599409592,-0.027400199065109987,0.05369051329951719,0.5625,-0.21660865002489554
2020-05-14,10,24,-0.018002164599409592,-0.027400199065109987,0.05369051329951719,0.5625,-0.21660865002489554
2020-05-15,9,26,-0.01840479492814774,-0.022111904138202333,0.06097565013064468,0.6111111111111112,-0.20955223628628236
2020-05-16,9,26,-0.04216133299148421,-0.04628393813248912,0.0012125489257108699,0.625,-0.20491389255017825
2020-05-17,9,26,-0.056872244421973896,-0.0689729557161273,-0.007951444308815864,0.6428571428571429,-0.2175639939375447
2020-05-18,10,27,-0.028191872571620084,-0.046152536446163274,0.009023096422882975,0.6,-0.21417083878615278
2020-05-19,10,26,-0.028191872571620084,-0.046152536446163274,0.009023096422882975,0.6,-0.21417083878615278
2020-05-20,9,26,-0.028191872571620084,-0.046152536446163274,0.009023096422882975,0.6,-0.21417083878615278
2020-05-21,9,26,-0.028191872571620084,-0.046152536446163274,0.009023096422882975,0.6,-0.21417083878615278
2020-05-22,10,27,-0.026633172749365004,-0.07631602658219974,-0.04083910726224451,0.6,-0.23127231357260777
2020-05-23,9,27,-0.026633172749365004,-0.07631602658219974,-0.04083910726224451,0.6,-0.23127231357260777
2020-05-24,8,27,-0.026633172749365004,-0.07631602658219974,-0.04083910726224451,0.6,-0.23127231357260777
2020-05-25,8,27,-0.026633172749365004,-0.07631602658219974,-0.04083910726224451,0.6,-0.23127231357260777
2020-05-26,8,27,-0.013463458352039177,-0.07455878339573822,-0.05096457429473772,0.5714285714285714,-0.23138964813996338
2020-05-27,8,27,-0.013463458352039177,-0.07455878339573822,-0.05096457429473772,0.5714285714285714,-0.23138964813996338
2020-05-28,7,27,-0.013463458352039177,-0.07455878339573822,-0.05096457429473772,0.5714285714285714,-0.23138964813996338
2020-05-29,7,27,-0.013463458352039177,-0.07455878339573822,-0.05096457429473772,0.5714285714285714,-0.23138964813996338
2020-05-30,7,27,-0.013463458352039177,-0.07455878339573822,-0.05096457429473772,0.5714285714285714,-0.23138964813996338
2020-05-31,7,27,-0.013463458352039177,-0.07455878339573822,-0.05096457429473772,0.5714285714285714,-0.23138964813996338
2020-06-01,8,28,-0.0005338089004059112,-0.06201244026026478,-0.03758476132036484,0.5333333333333333,-0.22580562562028766
2020-06-02,9,29,-0.018492870086554793,-0.08023262233995782,-0.058278643030771335,0.5625,-0.22100128465731758
2020-06-03,10,30,-0.017891199070282,-0.09447270629565306,-0.07186555804937933,0.5882352941176471,-0.22662866006963225
2020-06-04,10,30,-0.017891199070282,-0.09447270629565306,-0.07186555804937933,0.5882352941176471,-0.22662866006963225
2020-06-05,10,30,-0.017891199070282,-0.09447270629565306,-0.07186555804937933,0.5882352941176471,-0.22662866006963225
2020-06-06,9,30,-0.017891199070282,-0.09447270629565306,-0.07186555804937933,0.5882352941176471,-0.22662866006963225
2020-06-07,9,29,-0.017891199070282,-0.09447270629565306,-0.07186555804937933,0.5882352941176471,-0.22662866006963225
2020-06-08,9,29,-0.017891199070282,-0.09447270629565306,-0.07186555804937933,0.5882352941176471,-0.22662866006963225
2020-06-09,9,29,-0.017891199070282,-0.09447270629565306,-0.07186555804937933,0.5882352941176471,-0.22662866006963225
2020-06-10,9,25,-0.017891199070282,-0.09447270629565306,-0.07186555804937933,0.5882352941176471,-0.22662866006963225
2020-06-11,10,24,-0.018150376398457645,-0.09185580155992963,-0.060479543337362864,0.6111111111111112,-0.2161321960486698
2020-06-12,8,24,-0.018150376398457645,-0.09185580155992963,-0.060479543337362864,0.6111111111111112,-0.2161321960486698
2020-06-13,8,24,-0.018150376398457645,-0.09185580155992963,-0.060479543337362864,0.6111111111111112,-0.2161321960486698
2020-06-14,6,24,-0.004932715052634751,-0.052321097674384684,-0.0267634664081276,0.6,-0.20867301652930667
2020-06-15,6,22,-0.004932715052634751,-0.052321097674384684,-0.0267634664081276,0.6,-0.20867301652930667
2020-06-16,6,20,-0.004932715052634751,-0.052321097674384684,-0.0267634664081276,0.6,-0.20867301652930667
2020-06-17,5,20,-0.004932715052634751,-0.052321097674384684,-0.0267634664081276,0.6,-0.20867301652930667
2020-06-18,6,21,-0.005931951742598206,-0.05025395794002853,-0.02435853218439788,0.625,-0.20291478758269121
2020-06-19,6,21,0.029863060998371427,-0.015508983707459003,0.018779470431880368,0.6,-0.18977577342153726
2020-06-20,6,21,0.029863060998371427,-0.015508983707459003,0.018779470431880368,0.6,-0.18977577342153726
2020-06-21,5,20,0.029863060998371427,-0.015508983707459003,0.018779470431880368,0.6,-0.18977577342153726
2020-06-22,6,21,-0.01663693900162858,-0.08617565037412568,-0.03255386290145297,0.6666666666666666,-0.18664023427287263
2020-06-23,6,21,-0.020256902729708426,-0.09537056765008904,-0.046581266482559794,0.7142857142857143,-0.1898418094482077
2020-06-24,6,21,-0.020256902729708426,-0.09537056765008904,-0.046581266482559794,0.7142857142857143,-0.1898418094482077
2020-06-25,6,20,-0.020256902729708426,-0.09537056765008904,-0.046581266482559794,0.7142857142857143,-0.1898418094482077
2020-06-26,6,20,-0.020256902729708426,-0.09537056765008904,-0.046581266482559794,0.7142857142857143,-0.1898418094482077
2020-06-27,6,20,-0.007889396573638258,-0.08082347603696594,-0.038228101304825665,0.6923076923076923,-0.1879615090760918
2020-06-28,6,20,-0.007889396573638258,-0.08082347603696594,-0.038228101304825665,0.6923076923076923,-0.1879615090760918
2020-06-29,8,22,0.006895052491516716,-0.03702018874907299,-0.0020521979467625776,0.6,-0.1831121786710737
2020-06-30,8,22,0.006895052491516716,-0.03702018874907299,-0.0020521979467625776,0.6,-0.1831121786710737
2020-07-01,7,22,0.006895052491516716,-0.03702018874907299,-0.0020521979467625776,0.6,-0.1831121786710737
2020-07-02,6,22,0.006895052491516716,-0.03702018874907299,-0.0020521979467625776,0.6,-0.1831121786710737
2020-07-03,6,23,-0.022535888289203068,-0.07020642695225592,-0.04217393557508993,0.625,-0.1931228913847286
2020-07-04,6,23,-0.022535888289203068,-0.07020642695225592,-0.04217393557508993,0.625,-0.1931228913847286
2020-07-05,6,23,-0.022535888289203068,-0.07020642695225592,-0.04217393557508993,0.625,-0.1931228913847286
2020-07-06,7,24,-0.01217007893145823,-0.05467496807402286,-0.019635066060413986,0.5625,-0.1877734978889637
2020-07-07,8,25,-0.017240112861237444,-0.0484452929992732,0.010449542454229476,0.5882352941176471,-0.18327607178810681
2020-07-08,10,27,-0.02859554816371421,-0.056084700422088775,-0.011920381114418595,0.631578947368421,-0.1835756824311643
2020-07-09,10,27,-0.02859554816371421,-0.056084700422088775,-0.011920381114418595,0.631578947368421,-0.1835756824311643
2020-07-10,17,34,-0.00139976295596745,-0.044079470323448694,0.01390583129812655,0.5384615384615384,-0.19586099691768394
2020-07-11,16,34,-0.00139976295596745,-0.044079470323448694,0.01390583129812655,0.5384615384615384,-0.19586099691768394
2020-07-12,16,34,-0.007585000564774784,-0.052074554963219395,0.008020487502068999,0.5416666666666666,-0.19381406313969304
2020-07-13,18,36,-0.0038367550488543354,-0.025744989949910983,-0.02976699486091963,0.5384615384615384,-0.22176910671584205
2020-07-14,18,33,-0.0023543315064211193,-0.02957327705215847,-0.04218563983096831,0.5,-0.22749145507738078
2020-07-15,24,39,-0.006596527461556571,-0.030564487396915033,0.015282710203552314,0.5333333333333333,-0.20862990800368025
2020-07-16,27,42,-0.015387990429041803,-0.042307535925246324,0.006625839197283443,0.5454545454545454,-0.1972471527055227
2020-07-17,28,43,-0.026701121742173116,-0.05145616507387547,-0.004745012173567929,0.5454545454545454,-0.19717796770483084
2020-07-18,27,43,-0.026701121742173116,-0.05145616507387547,-0.004745012173567929,0.5454545454545454,-0.19717796770483084
2020-07-19,27,42,-0.026701121742173116,-0.05145616507387547,-0.004745012173567929,0.5454545454545454,-0.19717796770483084
2020-07-20,27,42,-0.026701121742173116,-0.05145616507387547,-0.004745012173567929,0.5454545454545454,-0.19717796770483084
2020-07-21,27,42,-0.02962920425319171,-0.044177693805635077,0.0022562099180924375,0.5625,-0.19304908152118821
2020-07-22,26,41,-0.02962920425319171,-0.044177693805635077,0.0022562099180924375,0.5625,-0.19304908152118821
2020-07-23,26,40,-0.02962920425319171,-0.044177693805635077,0.0022562099180924375,0.5625,-0.19304908152118821
2020-07-24,26,40,-0.02962920425319171,-0.044177693805635077,0.0022562099180924375,0.5625,-0.19304908152118821
2020-07-25,26,40,-0.02962920425319171,-0.044177693805635077,0.0022562099180924375,0.5625,-0.19304908152118821
2020-07-26,26,40,-0.02962920425319171,-0.044177693805635077,0.0022562099180924375,0.5625,-0.19304908152118821
2020-07-27,26,39,-0.02962920425319171,-0.044177693805635077,0.0022562099180924375,0.5625,-0.19304908152118821
2020-07-28,26,39,-0.02962920425319171,-0.044177693805635077,0.0022562099180924375,0.5625,-0.19304908152118821
2020-07-29,24,39,-0.02962920425319171,-0.044177693805635077,0.0022562099180924375,0.5625,-0.19304908152118821
2020-07-30,24,39,-0.02962920425319171,-0.044177693805635077,0.0022562099180924375,0.5625,-0.19304908152118821
2020-07-31,24,39,-0.03640696192014821,-0.04926846985215116,-0.002501093643287015,0.5806451612903226,-0.1945142354301031
2020-08-01,24,39,-0.02802456772152688,-0.03912624039604442,0.009705098858165688,0.5666666666666667,-0.196033504270681
2020-08-02,23,39,-0.028705950649513423,-0.02936114352739847,0.020014109106623382,0.5517241379310345,-0.19187374005012978
2020-08-03,23,39,-0.028705950649513423,-0.02936114352739847,0.020014109106623382,0.5517241379310345,-0.19187374005012978
2020-08-04,23,39,-0.028705950649513423,-0.02936114352739847,0.020014109106623382,0.5517241379310345,-0.19187374005012978
2020-08-05,22,38,-0.028705950649513423,-0.02936114352739847,0.020014109106623382,0.5517241379310345,-0.19187374005012978
2020-08-06,22,39,-0.029937637816415154,-0.03545314581385892,0.008067510856941332,0.5666666666666667,-0.19484731808449482
2020-08-07,21,40,-0.030517041746978064,-0.03669496626605485,0.005774197278200211,0.5806451612903226,-0.19163774878559997
2020-08-08,21,40,-0.030517041746978064,-0.03669496626605485,0.005774197278200211,0.5806451612903226,-0.19163774878559997
2020-08-09,14,40,-0.030517041746978064,-0.03669496626605485,0.005774197278200211,0.5806451612903226,-0.19163774878559997
2020-08-10,14,40,-0.030782396772629214,-0.03633918443983562,0.0015305802952429782,0.5666666666666667,-0.1967692634887097
2020-08-11,14,38,-0.030782396772629214,-0.03633918443983562,0.0015305802952429782,0.5666666666666667,-0.1967692634887097
2020-08-12,12,38,-0.030782396772629214,-0.03633918443983562,0.0015305802952429782,0.5666666666666667,-0.1967692634887097
2020-08-13,12,36,-0.030782396772629214,-0.03633918443983562,0.0015305802952429782,0.5666666666666667,-0.1967692634887097
2020-08-14,7,37,-0.026437929009121706,-0.021342067891085156,0.0014812067373319144,0.5483870967741935,-0.20438431372763916
2020-08-15,4,37,-0.026437929009121706,-0.021342067891085156,0.0014812067373319144,0.5483870967741935,-0.20438431372763916
2020-08-16,3,36,-0.026437929009121706,-0.021342067891085156,0.0014812067373319144,0.5483870967741935,-0.20438431372763916
2020-08-17,3,36,-0.02662184323969075,-0.02141190808996513,0.0011400642561913772,0.5333333333333333,-0.2073124124057785
2020-08-18,3,36,-0.02662184323969075,-0.02141190808996513,0.0011400642561913772,0.5333333333333333,-0.2073124124057785
2020-08-19,3,36,-0.02662184323969075,-0.02141190808996513,0.0011400642561913772,0.5333333333333333,-0.2073124124057785
2020-08-20,3,35,-0.02662184323969075,-0.02141190808996513,0.0011400642561913772,0.5333333333333333,-0.2073124124057785
2020-08-21,3,35,-0.01590190679968009,-0.007207721012607607,0.014397767621347403,0.5172413793103449,-0.20708744462710116
2020-08-22,3,35,-0.01590190679968009,-0.007207721012607607,0.014397767621347403,0.5172413793103449,-0.20708744462710116
2020-08-23,3,35,-0.01590190679968009,-0.007207721012607607,0.014397767621347403,0.5172413793103449,-0.20708744462710116
2020-08-24,3,35,-0.01590190679968009,-0.007207721012607607,0.014397767621347403,0.5172413793103449,-0.20708744462710116
2020-08-25,3,35,-0.01590190679968009,-0.007207721012607607,0.014397767621347403,0.5172413793103449,-0.20708744462710116
2020-08-26,3,35,-0.01590190679968009,-0.007207721012607607,0.014397767621347403,0.5172413793103449,-0.20708744462710116
2020-08-27,3,35,-0.01590190679968009,-0.007207721012607607,0.014397767621347403,0.5172413793103449,-0.20708744462710116
2020-08-28,3,35,-0.02470900888965818,-0.02608986172629937,-0.0018017439534155652,0.5555555555555556,-0.21119825304107487
2020-08-29,3,35,-0.02470900888965818,-0.02608986172629937,-0.0018017439534155652,0.5555555555555556,-0.21119825304107487
2020-08-30,3,34,-0.02470900888965818,-0.02608986172629937,-0.0018017439534155652,0.5555555555555556,-0.21119825304107487
2020-08-31,3,33,-0.02470900888965818,-0.02608986172629937,-0.0018017439534155652,0.5555555555555556,-0.21119825304107487
2020-09-01,3,32,-0.007813201539260418,-0.0052471641003878095,0.022898188971453057,0.5384615384615384,-0.2061180480776719
2020-09-02,3,32,-0.007813201539260418,-0.0052471641003878095,0.022898188971453057,0.5384615384615384,-0.2061180480776719
2020-09-03,3,32,-0.007813201539260418,-0.0052471641003878095,0.022898188971453057,0.5384615384615384,-0.2061180480776719
2020-09-04,3,32,-0.008813901643841581,-0.010532319481607617,0.016416267067945602,0.56,-0.20901925855039707
2020-09-05,2,32,-0.005082786889930612,-0.013105728968204652,-0.003391525082911855,0.5416666666666666,-0.2130901753993971
2020-09-06,1,32,0.005829391414145391,-0.0032953712820395294,0.014669675495725893,0.5,-0.215541793808692
2020-09-07,1,32,0.005829391414145391,-0.0032953712820395294,0.014669675495725893,0.5,-0.215541793808692
2020-09-08,2,33,-0.034188542230433196,-0.006569160903003468,-0.021135644726707134,0.625,-0.20293039177458028
2020-09-09,2,32,-0.034188542230433196,-0.006569160903003468,-0.021135644726707134,0.625,-0.20293039177458028
2020-09-10,3,33,-0.03501819756551532,-0.007244432643285905,-0.019031539369755924,0.6470588235294118,-0.19363022674118713
2020-09-11,4,34,-0.01973056118708631,-0.002306766793048377,0.09345489684554176,0.625,-0.14340263095880762
2020-09-12,4,34,-0.01973056118708631,-0.002306766793048377,0.09345489684554176,0.625,-0.14340263095880762
2020-09-13,3,34,-0.017429711130079063,0.01702677039668738,0.0024341687478859502,0.6,-0.14953397770876534
2020-09-14,3,34,0.019372964144413116,0.0927831096560788,0.03773861429643933,0.5714285714285714,-0.17786871113083008
2020-09-15,4,35,0.07501206188877405,0.02017301298583172,-0.0508113319978679,0.5714285714285714,-0.2754892412856068
2020-09-16,4,34,0.07501206188877405,0.02017301298583172,-0.0508113319978679,0.5714285714285714,-0.2754892412856068
2020-09-17,4,34,0.07501206188877405,0.02017301298583172,-0.0508113319978679,0.5714285714285714,-0.2754892412856068
2020-09-18,5,35,0.06402265092687082,4.385948088234115e-05,-0.07739002302501614,0.625,-0.2804049379767578
2020-09-19,5,35,0.06402265092687082,4.385948088234115e-05,-0.07739002302501614,0.625,-0.2804049379767578
2020-09-20,5,34,0.06402265092687082,4.385948088234115e-05,-0.07739002302501614,0.625,-0.2804049379767578
2020-09-21,5,34,0.06402265092687082,4.385948088234115e-05,-0.07739002302501614,0.625,-0.2804049379767578
2020-09-22,6,35,0.059094815395834166,0.013008020813607617,-0.05647783467433128,0.5555555555555556,-0.2602357983753676
2020-09-23,7,36,0.05318533385625075,0.015410922435950544,0.0013921710153240647,0.5,-0.24195632628193856
2020-09-24,7,36,0.05318533385625075,0.015410922435950544,0.0013921710153240647,0.5,-0.24195632628193856
2020-09-25,8,37,0.06561598356206023,0.040789351615487114,0.031040099090745624,0.45454545454545453,-0.23404132428792834
2020-09-26,8,37,0.06561598356206023,0.040789351615487114,0.031040099090745624,0.45454545454545453,-0.23404132428792834
2020-09-27,8,35,0.06561598356206023,0.040789351615487114,0.031040099090745624,0.45454545454545453,-0.23404132428792834
2020-09-28,9,36,0.05967257064229333,0.044181871689366305,0.032732152772873786,0.5,-0.22245799079010511
2020-09-29,13,40,0.03676643665235933,0.02760997356484718,-0.032914955222288135,0.5625,-0.24498447895758704
2020-09-30,13,40,0.03676643665235933,0.02760997356484718,-0.032914955222288135,0.5625,-0.24498447895758704
2020-10-01,13,39,0.03676643665235933,0.02760997356484718,-0.032914955222288135,0.5625,-0.24498447895758704
2020-10-02,13,39,0.03676643665235933,0.02760997356484718,-0.032914955222288135,0.5625,-0.24498447895758704
2020-10-03,13,39,0.03676643665235933,0.02760997356484718,-0.032914955222288135,0.5625,-0.24498447895758704
2020-10-04,13,38,0.03676643665235933,0.02760997356484718,-0.032914955222288135,0.5625,-0.24498447895758704
2020-10-05,13,37,0.043594636806287654,0.04359205261058448,-0.012550363011518118,0.5333333333333333,-0.24257803881602075
2020-10-06,13,35,0.05012990798272716,0.0519878834993357,-0.008945016792052713,0.5,-0.2530942794586826
2020-10-07,14,36,0.04393403283867321,0.039389604508055794,-0.031453705170299426,0.5333333333333333,-0.26089143650222885
2020-10-08,13,29,0.04393403283867321,0.039389604508055794,-0.031453705170299426,0.5333333333333333,-0.26089143650222885
2020-10-09,14,30,0.04313712814628449,0.032453976763509945,-0.03462604845541227,0.5,-0.26013983708052846
2020-10-10,13,30,0.04313712814628449,0.032453976763509945,-0.03462604845541227,0.5,-0.26013983708052846
2020-10-11,12,28,0.04313712814628449,0.032453976763509945,-0.03462604845541227,0.5,-0.26013983708052846
2020-10-12,13,29,0.04059965002003246,0.03054491930683289,-0.03258922207568212,0.47058823529411764,-0.24518867897306976
2020-10-13,13,23,0.036643621652778,0.005668262477795651,-0.03462604845541227,0.5,-0.2334607326029165
2020-10-14,13,20,0.036643621652778,0.005668262477795651,-0.03462604845541227,0.5,-0.2334607326029165
2020-10-15,14,21,0.032179603886674096,0.023821044191365277,0.017380481343006918,0.5,-0.23086093108636727
2020-10-16,15,22,0.018455865336247646,0.011665049384300952,-0.0012034537652716294,0.5263157894736842,-0.23208395369528156
2020-10-17,15,22,0.018455865336247646,0.011665049384300952,-0.0012034537652716294,0.5263157894736842,-0.23208395369528156
2020-10-18,14,22,0.018455865336247646,0.011665049384300952,-0.0012034537652716294,0.5263157894736842,-0.23208395369528156
2020-10-19,15,23,0.01577868610452298,0.005994077616840274,-0.007809947743674714,0.55,-0.227208887185986
2020-10-20,17,25,0.009907030657791454,-0.014507548486855154,-0.030671381065678308,0.5909090909090909,-0.23478183959056578
2020-10-21,17,25,0.009907030657791454,-0.014507548486855154,-0.030671381065678308,0.5909090909090909,-0.23478183959056578
2020-10-22,17,26,0.004258898890061396,-0.02692026377003536,-0.04346827754108361,0.6086956521739131,-0.23569053431192452
2020-10-23,17,27,0.005370104563456605,-0.006468689205734068,-0.003426858760376942,0.5833333333333334,-0.23340021586418871
2020-10-24,17,27,0.005370104563456605,-0.006468689205734068,-0.003426858760376942,0.5833333333333334,-0.23340021586418871
2020-10-25,16,27,0.005370104563456605,-0.006468689205734068,-0.003426858760376942,0.5833333333333334,-0.23340021586418871
2020-10-26,17,28,0.005370104563456604,-0.006468689205734068,-0.0034268587603769416,0.56,-0.23340021586418871
2020-10-27,18,29,0.005082573108191071,-0.012173578001141064,-0.010417057137234596,0.5769230769230769,-0.23289898983831683
2020-10-28,17,29,0.005082573108191071,-0.012173578001141064,-0.010417057137234596,0.5769230769230769,-0.23289898983831683
2020-10-29,15,31,0.0065433280254505646,-0.009497045464843961,-0.009464321594046875,0.5357142857142857,-0.22548666605332662
2020-10-30,17,33,0.005679680178299691,-0.00985470074658959,-0.017678638631526994,0.5333333333333333,-0.223326306337176
2020-10-31,17,33,0.005679680178299691,-0.00985470074658959,-0.017678638631526994,0.5333333333333333,-0.223326306337176
2020-11-01,17,33,0.005679680178299691,-0.00985470074658959,-0.017678638631526994,0.5333333333333333,-0.223326306337176
2020-11-02,18,34,0.006335255276451126,-0.0017243343096062977,-0.014089038917115042,0.5161290322580645,-0.22041756507271038
2020-11-03,19,35,0.002907105425689202,0.004082630153691323,-0.010265537072307722,0.53125,-0.22047772031102747
2020-11-04,19,34,0.002907105425689202,0.004082630153691323,-0.010265537072307722,0.53125,-0.22047772031102747
2020-11-05,19,33,0.002907105425689202,0.004082630153691323,-0.010265537072307722,0.53125,-0.22047772031102747
2020-11-06,18,33,0.002907105425689202,0.004082630153691323,-0.010265537072307722,0.53125,-0.22047772031102747
2020-11-07,18,33,0.008812236941841016,0.008122214870479498,-0.008106958295213506,0.5161290322580645,-0.22430747762279662
2020-11-08,17,33,0.008812236941841016,0.008122214870479498,-0.008106958295213506,0.5161290322580645,-0.22430747762279662
2020-11-09,19,35,0.014802564279080608,0.018611134659364363,-0.006573595817937583,0.5,-0.2246145771347384
2020-11-10,19,35,0.002833522981643329,-0.0037356078236460547,-0.03619271816962343,0.5161290322580645,-0.22831895910490177
2020-11-11,19,36,-0.0016521453492817078,-0.010796716305372824,-0.04277072536836054,0.53125,-0.22714510874393382
2020-11-12,19,35,-0.0016521453492817078,-0.010796716305372824,-0.04277072536836054,0.53125,-0.22714510874393382
2020-11-13,19,35,-0.0016521453492817078,-0.010796716305372824,-0.04277072536836054,0.53125,-0.22714510874393382
2020-11-14,17,35,-0.015139242920309569,0.007342779865585283,-0.018437955462732324,0.5483870967741935,-0.20574572377899106
2020-11-15,16,35,-0.015139242920309569,0.007342779865585283,-0.018437955462732324,0.5483870967741935,-0.20574572377899106
2020-11-16,16,35,-0.015139242920309569,0.007342779865585283,-0.018437955462732324,0.5483870967741935,-0.20574572377899106
2020-11-17,18,37,-0.014889294999000553,0.014363031686371095,-0.002452094564879892,0.53125,-0.1908234646562835
2020-11-18,19,39,-0.011080424587878812,0.01927782455226798,0.018671556082267192,0.5,-0.18967731796190077
2020-11-19,18,40,-0.0041093354415376515,0.022350910328636037,0.027301153651352095,0.4857142857142857,-0.1886442776379085
2020-11-20,19,41,-0.0059692649513603735,0.01599124970072297,0.02202638982847319,0.5,-0.1872148507566803
2020-11-21,18,41,-0.006746276954357383,0.012938823586338516,0.019335684304149725,0.5142857142857142,-0.189891583156451
2020-11-22,17,41,-0.00695709810918105,0.012185754416004196,0.0036204799942099576,0.5294117647058824,-0.19340566146005644
2020-11-23,17,41,-0.00695709810918105,0.012185754416004196,0.0036204799942099576,0.5294117647058824,-0.19340566146005644
2020-11-24,17,41,-0.013308052261740278,0.0030764676742348904,-0.006827871613878792,0.5454545454545454,-0.19464806007658003
2020-11-25,16,41,-0.013308052261740278,0.0030764676742348904,-0.006827871613878792,0.5454545454545454,-0.19464806007658003
2020-11-26,15,41,-0.013308052261740278,0.0030764676742348904,-0.006827871613878792,0.5454545454545454,-0.19464806007658003
2020-11-27,15,41,-0.013561488287960203,0.00046236351330813756,-0.008766958776884205,0.53125,-0.1979682846686644
2020-11-28,13,41,-0.010732184129578286,0.00393437648592634,0.025246782827868058,0.5,-0.18033818331614615
2020-11-29,11,41,-0.010732184129578286,0.00393437648592634,0.025246782827868058,0.5,-0.18033818331614615
2020-11-30,11,41,-0.010732184129578286,0.00393437648592634,0.025246782827868058,0.5,-0.18033818331614615
2020-12-01,11,41,-0.010732184129578286,0.00393437648592634,0.025246782827868058,0.5,-0.18033818331614615
2020-12-02,11,42,-0.010586078432806578,0.0002693023777665033,0.024730687804412572,0.5172413793103449,-0.17774148292396563
2020-12-03,10,42,-0.010586078432806578,0.0002693023777665033,0.024730687804412572,0.5172413793103449,-0.17774148292396563
2020-12-04,10,42,-0.010586078432806578,0.0002693023777665033,0.024730687804412572,0.5172413793103449,-0.17774148292396563
2020-12-05,10,42,-0.010586078432806578,0.0002693023777665033,0.024730687804412572,0.5172413793103449,-0.17774148292396563
2020-12-06,10,42,-0.009346765327219056,0.0055483640603676415,0.03901168896864972,0.5,-0.17034493860904598
2020-12-07,11,42,-0.021086358814125166,-0.014410217324584248,0.016514180020493114,0.5172413793103449,-0.1829401877963653
2020-12-08,12,43,-0.0161664474711359,0.005211319623776351,0.034726587696638084,0.5172413793103449,-0.1838084043353531
2020-12-09,12,44,-0.01853818118146252,0.004747958191082923,0.047149960383159994,0.5483870967741935,-0.17389731795838803
2020-12-10,14,45,-0.019827715501953887,0.0013076889913124035,0.03572441390206567,0.5454545454545454,-0.16896952932324627
2020-12-11,15,47,-0.022285581217215758,0.0012262919334207964,0.033249144815329035,0.5588235294117647,-0.16941173372462512
2020-12-12,15,47,-0.022285581217215758,0.0012262919334207964,0.033249144815329035,0.5588235294117647,-0.16941173372462512
2020-12-13,15,47,-0.022285581217215758,0.0012262919334207964,0.033249144815329035,0.5588235294117647,-0.16941173372462512
2020-12-14,15,46,-0.023535784082219666,-0.009961508464345962,0.006570239820993617,0.5625,-0.16670168137600191
2020-12-15,15,46,-0.01646558944466074,-0.00316215161336283,0.01837315449462393,0.5483870967741935,-0.16368800278014897
2020-12-16,16,47,-0.016874090684233838,-0.002404005045223752,0.02272155152060818,0.5625,-0.16045111288807484
2020-12-17,16,48,-0.010768919466678023,-0.00286786305499972,0.019541795065155965,0.5588235294117647,-0.1603093620989117
2020-12-18,15,49,-0.014480120546300152,0.003557153814096088,0.0396339425010534,0.5588235294117647,-0.15981040964472165
2020-12-19,14,49,-0.012191493662085242,0.018429218036623136,0.05956191962017125,0.53125,-0.14976367937861218
2020-12-20,13,49,-0.012191493662085242,0.018429218036623136,0.05956191962017125,0.53125,-0.14976367937861218
2020-12-21,14,49,-0.011445561246565842,0.025133431636956895,0.08065808148917417,0.53125,-0.14364736921818438
2020-12-22,14,48,-0.012906712843052469,0.010002945632258996,0.05180057487859822,0.5483870967741935,-0.14236890293031954
2020-12-23,14,48,-0.012906712843052469,0.010002945632258996,0.05180057487859822,0.5483870967741935,-0.14236890293031954
2020-12-24,14,47,-0.012906712843052469,0.010002945632258996,0.05180057487859822,0.5483870967741935,-0.14236890293031954
2020-12-25,14,47,-0.012906712843052469,0.010002945632258996,0.05180057487859822,0.5666666666666667,-0.14236890293031954
2020-12-26,14,47,-0.013302731808226425,0.015684869015229287,0.06001423177361309,0.5517241379310345,-0.1395653078486384
2020-12-27,14,46,-0.013302731808226425,0.015684869015229287,0.06001423177361309,0.5517241379310345,-0.1395653078486384
2020-12-28,15,43,-0.01784818635368097,0.004611731626302428,0.05010309028352423,0.6071428571428571,-0.146751048524219
2020-12-29,17,45,-0.01811218318541882,0.03294666686622118,0.11880135346127538,0.6071428571428571,-0.13944660954254856
2020-12-30,19,47,-0.02623071311065055,0.019323421715003824,0.0918514888002131,0.6333333333333333,-0.14632259967769906
2020-12-31,19,47,-0.02623071311065055,0.019323421715003824,0.0918514888002131,0.6333333333333333,-0.14632259967769906
2021-01-01,18,47,-0.027986646598076127,0.01219919743186858,0.09203879003172322,0.6551724137931034,-0.14657604071252753
2021-01-02,18,47,-0.025539411110635752,0.006474718783388088,0.09173246051760245,0.6428571428571429,-0.14387439137289557
2021-01-03,18,47,-0.025539411110635752,0.006474718783388088,0.09173246051760245,0.6428571428571429,-0.14387439137289557
2021-01-04,18,47,-0.025539411110635752,0.006474718783388088,0.09173246051760245,0.6428571428571429,-0.14387439137289557
2021-01-05,18,46,-0.025539411110635752,0.006474718783388088,0.09173246051760245,0.6428571428571429,-0.14387439137289557
2021-01-06,19,48,-0.02299357087536653,0.002512879454370488,0.076348127059928,0.6333333333333333,-0.14690278514672622
2021-01-07,18,47,-0.02299357087536653,0.002512879454370488,0.076348127059928,0.6333333333333333,-0.14690278514672622
2021-01-08,16,47,-0.029644160728328407,-0.008191237300646638,0.07992556247976115,0.6428571428571429,-0.14745483947192298
2021-01-09,14,47,-0.029644160728328407,-0.008191237300646638,0.07992556247976115,0.6428571428571429,-0.14745483947192298
2021-01-10,12,46,-0.025862961979521763,-0.0005105845238020982,0.09153513642833515,0.6296296296296297,-0.14576415025696224
2021-01-11,12,46,-0.025862961979521763,-0.0005105845238020982,0.09153513642833515,0.6296296296296297,-0.14576415025696224
2021-01-12,12,46,-0.025862961979521763,-0.0005105845238020982,0.09153513642833515,0.6296296296296297,-0.14576415025696224
2021-01-13,16,48,-0.020809292447979164,0.024866081987809745,0.09630986121684075,0.6129032258064516,-0.16621546529568404
2021-01-14,16,47,-0.020809292447979164,0.024866081987809745,0.09630986121684075,0.6129032258064516,-0.16621546529568404
2021-01-15,20,52,-0.0016115722280453792,0.014192929723813372,0.06204685245897913,0.5833333333333334,-0.18760232475231142
2021-01-16,18,52,-0.0011021343859453794,0.012760451488878971,0.059882049331337124,0.5882352941176471,-0.19649385076972448
2021-01-17,17,51,-0.004049307258751172,0.007745497360638842,0.042654282677703596,0.625,-0.19799439659619722
2021-01-18,18,50,-0.01991975745032206,-0.00922049880794355,0.019421524057013938,0.65625,-0.20246919348790732
2021-01-19,19,51,-0.019455790613587362,-0.005193075338555789,0.02182904956721803,0.65625,-0.20701103933010423
2021-01-20,18,50,-0.019455790613587362,-0.005193075338555789,0.02182904956721803,0.65625,-0.20701103933010423
2021-01-21,18,49,-0.019455790613587362,-0.005193075338555789,0.02182904956721803,0.65625,-0.20701103933010423
2021-01-22,18,49,-0.019455790613587362,-0.005193075338555789,0.02182904956721803,0.65625,-0.20701103933010423
2021-01-23,18,49,-0.019455790613587362,-0.005193075338555789,0.02182904956721803,0.65625,-0.20701103933010423
2021-01-24,18,48,-0.019455790613587362,-0.005193075338555789,0.02182904956721803,0.65625,-0.20701103933010423
2021-01-25,18,47,-0.019455790613587362,-0.005193075338555789,0.02182904956721803,0.65625,-0.20701103933010423
2021-01-26,19,48,-0.02162104213769353,-0.00792827140267669,0.015244698202922166,0.6666666666666666,-0.20608126548420588
2021-01-27,18,46,-0.02162104213769353,-0.00792827140267669,0.015244698202922166,0.6666666666666666,-0.20608126548420588
2021-01-28,16,44,-0.02162104213769353,-0.00792827140267669,0.015244698202922166,0.6666666666666666,-0.20608126548420588
2021-01-29,14,44,-0.02162104213769353,-0.00792827140267669,0.015244698202922166,0.6666666666666666,-0.20608126548420588
2021-01-30,14,44,-0.02162104213769353,-0.00792827140267669,0.015244698202922166,0.6666666666666666,-0.20608126548420588
2021-01-31,14,43,-0.022084595632098268,-0.0052065728704356745,0.015367588234433162,0.65625,-0.20907670275786
2021-02-01,14,42,-0.022084595632098268,-0.0052065728704356745,0.015367588234433162,0.65625,-0.20907670275786
2021-02-02,14,42,-0.022084595632098268,-0.0052065728704356745,0.015367588234433162,0.65625,-0.20907670275786
2021-02-03,14,42,-0.022084595632098268,-0.0052065728704356745,0.015367588234433162,0.65625,-0.20907670275786
2021-02-04,15,43,-0.025192673424783096,-0.007895873340182866,0.006417055257632151,0.6666666666666666,-0.20978369380784628
2021-02-05,15,45,-0.004647323811401672,0.0319617302069592,0.015812361960199816,0.6470588235294118,-0.21288670706580123
2021-02-06,15,45,-0.009758490109358206,0.019045386934410748,0.0038817120340298296,0.6666666666666666,-0.21108607114938024
2021-02-07,15,43,-0.0071263548731315095,0.020371374552777776,-0.009730144715465398,0.6451612903225806,-0.2221175820706719
2021-02-08,16,44,-0.007351058047852871,0.02651105688711659,-0.013658082201060772,0.6666666666666666,-0.2371569413835206
2021-02-09,16,43,-0.004359011537330446,0.028451025838382746,-0.013080652469939887,0.6785714285714286,-0.24734350078873263
2021-02-10,16,43,-0.004359011537330446,0.028451025838382746,-0.013080652469939887,0.6785714285714286,-0.24734350078873263
2021-02-11,16,43,-0.004359011537330446,0.028451025838382746,-0.013080652469939887,0.6785714285714286,-0.24734350078873263
2021-02-12,12,43,-0.004359011537330446,0.028451025838382746,-0.013080652469939887,0.6785714285714286,-0.24734350078873263
2021-02-13,12,43,-0.004359011537330446,0.028451025838382746,-0.013080652469939887,0.6785714285714286,-0.24734350078873263
2021-02-14,7,43,-0.0034567294967925415,0.028779499186811396,-0.01907716053453586,0.6666666666666666,-0.25403839689135516
2021-02-15,7,41,-0.01019795976026868,0.03186791777788743,-0.018350969235968552,0.68,-0.26170682062174644
2021-02-16,7,39,-0.0042126183400234786,0.028868824608376323,-0.040349567313108264,0.6666666666666666,-0.2676689321070154
2021-02-17,6,38,-0.0042126183400234786,0.028868824608376323,-0.040349567313108264,0.6666666666666666,-0.2676689321070154
2021-02-18,6,38,0.00016641270936693152,0.024608808466146534,-0.047261900410057615,0.64,-0.27272407958463957
2021-02-19,7,39,0.006459353512236199,0.02259360289201468,-0.06375639913047305,0.6,-0.2816673649653732
2021-02-20,7,39,0.006459353512236199,0.02259360289201468,-0.06375639913047305,0.6,-0.2816673649653732
2021-02-21,7,39,0.006459353512236199,0.02259360289201468,-0.06375639913047305,0.6,-0.2816673649653732
2021-02-22,7,39,0.006459353512236199,0.02259360289201468,-0.06375639913047305,0.6,-0.2816673649653732
2021-02-23,7,39,0.006459353512236199,0.02259360289201468,-0.06375639913047305,0.6,-0.2816673649653732
2021-02-24,7,39,0.006459353512236199,0.02259360289201468,-0.06375639913047305,0.6,-0.2816673649653732
2021-02-25,6,39,0.006459353512236199,0.02259360289201468,-0.06375639913047305,0.6,-0.2816673649653732
2021-02-26,7,40,0.007125071862165069,0.028374541725585095,-0.05609494820586424,0.6,-0.2771949168040718
2021-02-27,7,40,0.00854844310922216,-0.002391574119979658,-0.13378241538635222,0.6086956521739131,-0.29321365006670136
2021-02-28,7,40,0.022685450268566616,0.013704657906883152,-0.11933820576079922,0.5714285714285714,-0.2980352870664056
2021-03-01,7,40,0.022685450268566616,0.013704657906883152,-0.11933820576079922,0.5714285714285714,-0.2980352870664056
2021-03-02,7,39,0.022685450268566616,0.013704657906883152,-0.11933820576079922,0.5714285714285714,-0.2980352870664056
2021-03-03,7,39,0.022685450268566616,0.013704657906883152,-0.11933820576079922,0.5714285714285714,-0.2980352870664056
2021-03-04,7,39,0.022685450268566616,0.013704657906883152,-0.11933820576079922,0.5714285714285714,-0.2980352870664056
2021-03-05,7,39,0.022685450268566616,0.013704657906883152,-0.11933820576079922,0.5714285714285714,-0.2980352870664056
2021-03-06,6,39,0.022685450268566616,0.013704657906883152,-0.11933820576079922,0.5714285714285714,-0.2980352870664056
2021-03-07,4,38,0.023742003726478625,0.02072123991306831,-0.11726511780430289,0.5789473684210527,-0.3094810753912531
2021-03-08,4,37,0.023742003726478625,0.02072123991306831,-0.11726511780430289,0.5789473684210527,-0.3094810753912531
2021-03-09,4,35,0.023742003726478625,0.02072123991306831,-0.11726511780430289,0.5789473684210527,-0.3094810753912531
2021-03-10,4,34,0.02318861710162491,0.022600260300177887,-0.10899375038050092,0.55,-0.29808310857821213
2021-03-11,5,33,0.013681035895104957,0.009385868819964002,-0.12014344107199901,0.5714285714285714,-0.29295896962097295
2021-03-12,5,33,0.013681035895104957,0.009385868819964002,-0.12014344107199901,0.5714285714285714,-0.29295896962097295
2021-03-13,5,33,0.013681035895104957,0.009385868819964002,-0.12014344107199901,0.5714285714285714,-0.29295896962097295
2021-03-14,5,33,0.01376999095514532,-0.03456065167914792,-0.17865701627464667,0.5882352941176471,-0.29029947028307107
2021-03-15,6,34,0.012698054686612078,-0.028282113326193428,-0.16781081616853524,0.6111111111111112,-0.27917622035956263
2021-03-16,7,34,-0.04010035943166719,-0.03850214576931639,-0.18792818017246637,0.7142857142857143,-0.26367207706181905
2021-03-17,7,32,-0.04010035943166719,-0.03850214576931639,-0.18792818017246637,0.7142857142857143,-0.26367207706181905
2021-03-18,7,31,-0.04010035943166719,-0.03850214576931639,-0.18792818017246637,0.7142857142857143,-0.26367207706181905
2021-03-19,7,31,-0.020962780242650143,-0.008985216811400559,-0.168538040185733,0.6923076923076923,-0.26097143008158374
2021-03-20,6,31,-0.018334678596204326,-0.004317318212350617,-0.17633287686787746,0.6666666666666666,-0.2589371467028449
2021-03-21,5,30,-0.018334678596204326,-0.004317318212350617,-0.17633287686787746,0.6666666666666666,-0.2589371467028449
2021-03-22,5,30,-0.018334678596204326,-0.004317318212350617,-0.17633287686787746,0.6666666666666666,-0.2589371467028449
2021-03-23,6,31,-0.017530012223267947,-0.019793817659371493,-0.175972928132432,0.6923076923076923,-0.25440352003339534
2021-03-24,6,31,-0.017530012223267947,-0.019793817659371493,-0.175972928132432,0.6923076923076923,-0.25440352003339534
2021-03-25,6,31,-0.017530012223267947,-0.019793817659371493,-0.175972928132432,0.6923076923076923,-0.25440352003339534
2021-03-26,7,32,-0.03548969115313304,-0.0380844070383819,-0.17818175838898243,0.7142857142857143,-0.24163400089535567
2021-03-27,7,32,-0.031226660402674744,-0.03367131946790777,-0.1768530824608622,0.6923076923076923,-0.24665750077842466
2021-03-28,6,31,-0.031226660402674744,-0.03367131946790777,-0.1768530824608622,0.6923076923076923,-0.24665750077842466
2021-03-29,7,30,-0.02809202552761932,-0.025389190862153067,-0.1505227085780339,0.6428571428571429,-0.23590409642403243
2021-03-30,7,28,-0.02809202552761932,-0.025389190862153067,-0.1505227085780339,0.6428571428571429,-0.23590409642403243
2021-03-31,10,31,-0.04103754048341765,-0.044332072069658134,-0.13009691748632604,0.7058823529411765,-0.22604708385858152
2021-04-01,10,31,-0.04103754048341765,-0.044332072069658134,-0.13009691748632604,0.7058823529411765,-0.22604708385858152
2021-04-02,10,31,-0.04103754048341765,-0.044332072069658134,-0.13009691748632604,0.7058823529411765,-0.22604708385858152
2021-04-03,10,31,-0.04103754048341765,-0.044332072069658134,-0.13009691748632604,0.7058823529411765,-0.22604708385858152
2021-04-04,10,31,-0.04103754048341765,-0.044332072069658134,-0.13009691748632604,0.7058823529411765,-0.22604708385858152
2021-04-05,10,31,-0.035811689089212666,-0.04123073355075596,-0.12072797482922142,0.6875,-0.2256495636367799
2021-04-06,10,29,-0.06571574638456454,-0.10525864648152924,-0.1206488591272069,0.7142857142857143,-0.198906443353107
2021-04-07,10,29,-0.06571574638456454,-0.10525864648152924,-0.1206488591272069,0.7142857142857143,-0.198906443353107
2021-04-08,10,29,-0.06571574638456454,-0.10525864648152924,-0.1206488591272069,0.7142857142857143,-0.198906443353107
2021-04-09,10,30,-0.06023955590837406,-0.09992738354157063,-0.08445483369094545,0.6428571428571429,-0.17429897558114454
2021-04-10,9,30,-0.06023955590837406,-0.09992738354157063,-0.08445483369094545,0.6428571428571429,-0.17429897558114454
2021-04-11,9,30,-0.06023955590837406,-0.09992738354157063,-0.08445483369094545,0.6428571428571429,-0.17429897558114454
2021-04-12,9,30,-0.06023955590837406,-0.09992738354157063,-0.08445483369094545,0.6428571428571429,-0.17429897558114454
2021-04-13,9,26,-0.06023955590837406,-0.09992738354157063,-0.08445483369094545,0.6428571428571429,-0.17429897558114454
2021-04-14,8,26,-0.06023955590837406,-0.09992738354157063,-0.08445483369094545,0.6428571428571429,-0.17429897558114454
2021-04-15,7,21,-0.06023955590837406,-0.09992738354157063,-0.08445483369094545,0.6428571428571429,-0.17429897558114454
2021-04-16,7,21,-0.06023955590837406,-0.09992738354157063,-0.08445483369094545,0.6428571428571429,-0.17429897558114454
2021-04-17,7,21,-0.06023955590837406,-0.09992738354157063,-0.08445483369094545,0.6428571428571429,-0.17429897558114454
2021-04-18,7,20,-0.06023955590837406,-0.09992738354157063,-0.08445483369094545,0.6428571428571429,-0.17429897558114454
2021-04-19,8,20,-0.06796170826435298,-0.08985761392179163,-0.06689068310094731,0.7142857142857143,-0.15519884336524875
2021-04-20,8,20,-0.07778195447986577,-0.0852886818124461,-0.06399938088253568,0.7692307692307693,-0.14438531994047377
2021-04-21,8,20,-0.07778195447986577,-0.0852886818124461,-0.06399938088253568,0.7692307692307693,-0.14438531994047377
2021-04-22,7,20,-0.07778195447986577,-0.0852886818124461,-0.06399938088253568,0.7692307692307693,-0.14438531994047377
2021-04-23,7,20,-0.07778195447986577,-0.0852886818124461,-0.06399938088253568,0.7692307692307693,-0.14438531994047377
2021-04-24,7,20,-0.07778195447986577,-0.0852886818124461,-0.06399938088253568,0.7692307692307693,-0.14438531994047377
2021-04-25,6,20,-0.07778195447986577,-0.0852886818124461,-0.06399938088253568,0.7692307692307693,-0.14438531994047377
2021-04-26,6,19,-0.07778195447986577,-0.0852886818124461,-0.06399938088253568,0.7692307692307693,-0.14438531994047377
2021-04-27,6,19,-0.07863315338922396,-0.08338706295447425,-0.0633641941542785,0.75,-0.14562008774282223
2021-04-28,5,19,-0.07863315338922396,-0.08338706295447425,-0.0633641941542785,0.75,-0.14562008774282223
2021-04-29,6,20,-0.07853210986919643,-0.09739297484457417,-0.07197138937000806,0.7692307692307693,-0.15268240157781784
2021-04-30,3,20,-0.07853210986919643,-0.09739297484457417,-0.07197138937000806,0.7692307692307693,-0.15268240157781784
2021-05-01,3,20,-0.07853210986919643,-0.09739297484457417,-0.07197138937000806,0.7692307692307693,-0.15268240157781784
2021-05-02,3,20,-0.07853210986919643,-0.09739297484457417,-0.07197138937000806,0.7692307692307693,-0.15268240157781784
2021-05-03,3,20,-0.07853210986919643,-0.09739297484457417,-0.07197138937000806,0.7692307692307693,-0.15268240157781784
2021-05-04,3,20,-0.07853210986919643,-0.09739297484457417,-0.07197138937000806,0.7692307692307693,-0.15268240157781784
2021-05-05,3,19,-0.07853210986919643,-0.09739297484457417,-0.07197138937000806,0.7692307692307693,-0.15268240157781784
2021-05-06,3,17,-0.07853210986919643,-0.09739297484457417,-0.07197138937000806,0.7692307692307693,-0.15268240157781784
2021-05-07,3,17,-0.07853210986919643,-0.09739297484457417,-0.07197138937000806,0.7692307692307693,-0.15268240157781784
2021-05-08,3,17,-0.07853210986919643,-0.09739297484457417,-0.07197138937000806,0.7692307692307693,-0.15268240157781784
2021-05-09,2,16,-0.08613264162741315,-0.11036752671956034,-0.08198252437348678,0.8333333333333334,-0.15861245678176644
2021-05-10,2,16,-0.07792010102669669,-0.09722803271367365,-0.05824118523453459,0.8181818181818182,-0.155715753718637
2021-05-11,2,16,-0.07792010102669669,-0.09722803271367365,-0.05824118523453459,0.8181818181818182,-0.155715753718637
2021-05-12,2,16,-0.07792010102669669,-0.09722803271367365,-0.05824118523453459,0.8181818181818182,-0.155715753718637
2021-05-13,2,16,-0.07792010102669669,-0.09722803271367365,-0.05824118523453459,0.8181818181818182,-0.155715753718637
2021-05-14,2,16,-0.08515962494152107,-0.11479613985244433,-0.06572276232152395,0.8,-0.1622792319245088
2021-05-15,2,16,-0.07207752207673034,-0.09534514734007501,-0.032767642515058835,0.7777777777777778,-0.15061677110386035
2021-05-16,2,16,-0.07207752207673034,-0.09534514734007501,-0.032767642515058835,0.7777777777777778,-0.15061677110386035
2021-05-17,3,17,-0.07221943579333348,-0.08336074396464214,-0.029490878263552945,0.8,-0.1438706590254573
2021-05-18,3,17,-0.07221943579333348,-0.08336074396464214,-0.029490878263552945,0.8,-0.1438706590254573
2021-05-19,2,16,-0.07221943579333348,-0.08336074396464214,-0.029490878263552945,0.8,-0.1438706590254573
2021-05-20,2,15,-0.07221943579333348,-0.08336074396464214,-0.029490878263552945,0.8,-0.1438706590254573
2021-05-21,2,15,-0.07221943579333348,-0.08336074396464214,-0.029490878263552945,0.8,-0.1438706590254573
2021-05-22,2,15,-0.07936892690947815,-0.06978840318031104,-0.013695026592049207,0.7777777777777778,-0.1376340655838414
2021-05-23,2,15,-0.07936892690947815,-0.06978840318031104,-0.013695026592049207,0.7777777777777778,-0.1376340655838414
2021-05-24,2,15,-0.07936892690947815,-0.06978840318031104,-0.013695026592049207,0.7777777777777778,-0.1376340655838414
2021-05-25,3,16,-0.048899074116576374,-0.033581506628586916,-0.01672991265778825,0.6666666666666666,-0.16718449961884155
2021-05-26,3,16,-0.048899074116576374,-0.033581506628586916,-0.01672991265778825,0.6666666666666666,-0.16718449961884155
2021-05-27,3,15,-0.048899074116576374,-0.033581506628586916,-0.01672991265778825,0.6666666666666666,-0.16718449961884155
2021-05-28,4,16,-0.060801381734877875,-0.0405520074142858,-0.04780991650610941,0.7777777777777778,-0.17104463562026972
2021-05-29,3,16,-0.060801381734877875,-0.0405520074142858,-0.04780991650610941,0.7777777777777778,-0.17104463562026972
2021-05-30,3,16,-0.0404771007970785,0.00553808106424553,-0.054326595229986084,0.6666666666666666,-0.16654310748716597
2021-05-31,4,17,-0.026694657826067288,0.017889783769353313,-0.05799422448284521,0.5714285714285714,-0.17537604962073444
2021-06-01,4,17,-0.026694657826067288,0.017889783769353313,-0.05799422448284521,0.5714285714285714,-0.17537604962073444
2021-06-02,4,17,-0.026694657826067288,0.017889783769353313,-0.05799422448284521,0.5714285714285714,-0.17537604962073444
2021-06-03,4,17,-0.026694657826067288,0.017889783769353313,-0.05799422448284521,0.5714285714285714,-0.17537604962073444
2021-06-04,4,17,-0.026694657826067288,0.017889783769353313,-0.05799422448284521,0.5714285714285714,-0.17537604962073444
2021-06-05,4,17,-0.026694657826067288,0.017889783769353313,-0.05799422448284521,0.5714285714285714,-0.17537604962073444
2021-06-06,4,17,-0.026694657826067288,0.017889783769353313,-0.05799422448284521,0.5714285714285714,-0.17537604962073444
2021-06-07,4,17,-0.026694657826067288,0.017889783769353313,-0.05799422448284521,0.5714285714285714,-0.17537604962073444
2021-06-08,4,16,-0.03114376746374517,-0.0026793102401022847,-0.09077932124792948,0.6666666666666666,-0.1913400851017412
2021-06-09,4,15,-0.03114376746374517,-0.0026793102401022847,-0.09077932124792948,0.6666666666666666,-0.1913400851017412
2021-06-10,4,15,-0.03114376746374517,-0.0026793102401022847,-0.09077932124792948,0.6666666666666666,-0.1913400851017412
2021-06-11,4,15,-0.03114376746374517,-0.0026793102401022847,-0.09077932124792948,0.6666666666666666,-0.1913400851017412
2021-06-12,4,15,-0.03114376746374517,-0.0026793102401022847,-0.09077932124792948,0.6666666666666666,-0.1913400851017412
2021-06-13,4,14,-0.03114376746374517,-0.0026793102401022847,-0.09077932124792948,0.6666666666666666,-0.1913400851017412
2021-06-14,4,13,-0.03114376746374517,-0.0026793102401022847,-0.09077932124792948,0.6666666666666666,-0.1913400851017412
2021-06-15,4,13,-0.03114376746374517,-0.0026793102401022847,-0.09077932124792948,0.6666666666666666,-0.1913400851017412
2021-06-16,4,14,-0.02633751496892443,0.005917734079912327,-0.07702513249822529,0.5714285714285714,-0.1803022782275669
2021-06-17,4,14,-0.02633751496892443,0.005917734079912327,-0.07702513249822529,0.5714285714285714,-0.1803022782275669
2021-06-18,6,16,-0.01164487066778475,0.017418559001287547,-0.0743029999720772,0.5,-0.17448752265113965
2021-06-19,6,16,-0.01164487066778475,0.017418559001287547,-0.0743029999720772,0.5,-0.17448752265113965
2021-06-20,6,16,-0.01164487066778475,0.017418559001287547,-0.0743029999720772,0.5,-0.17448752265113965
2021-06-21,6,15,-0.01164487066778475,0.017418559001287547,-0.0743029999720772,0.5,-0.17448752265113965
2021-06-22,6,15,-0.01164487066778475,0.017418559001287547,-0.0743029999720772,0.5,-0.17448752265113965
2021-06-23,6,15,-0.01164487066778475,0.017418559001287547,-0.0743029999720772,0.5,-0.17448752265113965
2021-06-24,5,14,-0.01164487066778475,0.017418559001287547,-0.0743029999720772,0.5,-0.17448752265113965
2021-06-25,5,14,-0.01164487066778475,0.017418559001287547,-0.0743029999720772,0.5,-0.17448752265113965
2021-06-26,5,14,-0.01164487066778475,0.017418559001287547,-0.0743029999720772,0.5,-0.17448752265113965
2021-06-27,4,13,-0.01164487066778475,0.017418559001287547,-0.0743029999720772,0.5,-0.17448752265113965
2021-06-28,6,15,0.08835356974032578,0.2579943873678075,0.024109960684515534,0.3333333333333333,-0.18522028975980354
2021-06-29,6,12,0.08835356974032578,0.2579943873678075,0.024109960684515534,0.3333333333333333,-0.18522028975980354
2021-06-30,7,14,0.07964319363284106,0.20721299045853472,0.030492084072154268,0.36363636363636365,-0.20762604492447911
2021-07-01,7,14,0.07964319363284106,0.20721299045853472,0.030492084072154268,0.36363636363636365,-0.20762604492447911
2021-07-02,8,15,0.07716199136378758,0.19716308902268564,0.03254425291915976,0.3333333333333333,-0.19953956078861568
2021-07-03,8,15,0.07716199136378758,0.19716308902268564,0.03254425291915976,0.3333333333333333,-0.19953956078861568
2021-07-04,8,15,0.07716199136378758,0.19716308902268564,0.03254425291915976,0.3333333333333333,-0.19953956078861568
2021-07-05,9,16,0.07821946055958014,0.18241627797898258,0.018292597100203405,0.3076923076923077,-0.2068826714971837
2021-07-06,9,16,0.07821946055958014,0.18241627797898258,0.018292597100203405,0.3076923076923077,-0.2068826714971837
2021-07-07,11,18,0.08861230157751215,0.18090782426342608,0.03815517145509692,0.3333333333333333,-0.20852343142180413
2021-07-08,13,19,0.055939964438679636,0.12537115715551173,-0.0030305048246882277,0.4117647058823529,-0.21275804873187032
2021-07-09,14,20,0.03707419461766718,0.09770215912168237,-0.028051929504890154,0.4444444444444444,-0.21571015456661224
2021-07-10,14,20,0.03707419461766718,0.09770215912168237,-0.028051929504890154,0.4444444444444444,-0.21571015456661224
2021-07-11,14,20,0.03707419461766718,0.09770215912168237,-0.028051929504890154,0.4444444444444444,-0.21571015456661224
2021-07-12,16,22,0.010643780065884095,0.06263120671196913,-0.06340344686536678,0.5,-0.2166033194723615
2021-07-13,18,24,0.008893197065724773,0.0434373288100197,-0.017404240946659568,0.5,-0.2103739259008062
2021-07-14,18,24,0.008893197065724773,0.0434373288100197,-0.017404240946659568,0.5,-0.2103739259008062
2021-07-15,21,27,0.008020723405521806,0.05663573434489991,0.009006490840801653,0.48,-0.20089375655446912
2021-07-16,25,32,0.007792858021117872,0.04648954044640286,0.0355772415352533,0.4827586206896552,-0.18713139470353596
2021-07-17,25,32,0.007792858021117872,0.04648954044640286,0.0355772415352533,0.4827586206896552,-0.18713139470353596
2021-07-18,23,31,0.007792858021117872,0.04648954044640286,0.0355772415352533,0.4827586206896552,-0.18713139470353596
2021-07-19,24,32,0.007463068075876126,0.04486986108698496,0.03257060519276168,0.5,-0.18388263541289826
2021-07-20,24,32,0.007463068075876126,0.04486986108698496,0.03257060519276168,0.5,-0.18388263541289826
2021-07-21,24,32,0.007463068075876126,0.04486986108698496,0.03257060519276168,0.5,-0.18388263541289826
2021-07-22,24,32,0.007463068075876126,0.04486986108698496,0.03257060519276168,0.5,-0.18388263541289826
2021-07-23,24,32,0.007463068075876126,0.04486986108698496,0.03257060519276168,0.5,-0.18388263541289826
2021-07-24,24,32,0.007538927047639555,0.04469295974515684,0.04176995455512549,0.5172413793103449,-0.1784446518610726
2021-07-25,24,32,0.007538927047639555,0.04469295974515684,0.04176995455512549,0.5172413793103449,-0.1784446518610726
2021-07-26,24,32,0.007538927047639555,0.04469295974515684,0.04176995455512549,0.5172413793103449,-0.1784446518610726
2021-07-27,24,32,0.011181836610648544,0.04559113780957787,0.046402734458385574,0.5,-0.18014442286218996
2021-07-28,22,31,0.011181836610648544,0.04559113780957787,0.046402734458385574,0.5,-0.18014442286218996
2021-07-29,22,31,0.011181836610648544,0.04559113780957787,0.046402734458385574,0.5,-0.18014442286218996
2021-07-30,20,31,0.009521904633265157,0.04387229106178445,0.05108431721610356,0.5185185185185185,-0.17835815324885826
2021-07-31,20,31,0.009521904633265157,0.04387229106178445,0.05108431721610356,0.5185185185185185,-0.17835815324885826
2021-08-01,19,31,0.009521904633265157,0.04387229106178445,0.05108431721610356,0.5185185185185185,-0.17835815324885826
2021-08-02,19,31,0.009521904633265157,0.04387229106178445,0.05108431721610356,0.5185185185185185,-0.17835815324885826
2021-08-03,19,31,0.009521904633265157,0.04387229106178445,0.05108431721610356,0.5185185185185185,-0.17835815324885826
2021-08-04,18,31,0.009521904633265157,0.04387229106178445,0.05108431721610356,0.5185185185185185,-0.17835815324885826
2021-08-05,18,31,0.009521904633265157,0.04387229106178445,0.05108431721610356,0.5185185185185185,-0.17835815324885826
2021-08-06,16,31,0.009521904633265157,0.04387229106178445,0.05108431721610356,0.5185185185185185,-0.17835815324885826
2021-08-07,14,31,0.009521904633265157,0.04387229106178445,0.05108431721610356,0.5185185185185185,-0.17835815324885826
2021-08-08,13,31,0.009521904633265157,0.04387229106178445,0.05108431721610356,0.5185185185185185,-0.17835815324885826
2021-08-09,13,31,0.009521904633265157,0.04387229106178445,0.05108431721610356,0.5185185185185185,-0.17835815324885826
2021-08-10,13,31,0.009521904633265157,0.04387229106178445,0.05108431721610356,0.5185185185185185,-0.17835815324885826
2021-08-11,11,31,0.009521904633265157,0.04387229106178445,0.05108431721610356,0.5185185185185185,-0.17835815324885826
2021-08-12,10,32,0.008879173172391891,0.039551186235728,0.04862428409518947,0.5357142857142857,-0.17577332298936002
2021-08-13,10,32,0.008879173172391891,0.039551186235728,0.04862428409518947,0.5357142857142857,-0.17577332298936002
2021-08-14,7,32,0.008879173172391891,0.039551186235728,0.04862428409518947,0.5357142857142857,-0.17577332298936002
2021-08-15,2,31,0.009115438845443446,0.03888641535556977,0.05022147980241871,0.5555555555555556,-0.1780584298785022
2021-08-16,2,31,0.009115438845443446,0.03888641535556977,0.05022147980241871,0.5555555555555556,-0.1780584298785022
2021-08-17,2,31,0.0063104073790299165,0.035546547416797296,0.05513951253724855,0.56,-0.18188590420313328
2021-08-18,1,31,0.0063104073790299165,0.035546547416797296,0.05513951253724855,0.56,-0.18188590420313328
2021-08-19,1,31,0.0063104073790299165,0.035546547416797296,0.05513951253724855,0.56,-0.18188590420313328
2021-08-20,2,32,0.002744535314876779,0.029167387334194408,0.04288583549152522,0.5769230769230769,-0.18612802596296843
2021-08-21,2,32,0.002744535314876779,0.029167387334194408,0.04288583549152522,0.5769230769230769,-0.18612802596296843
2021-08-22,2,32,0.002744535314876779,0.029167387334194408,0.04288583549152522,0.5769230769230769,-0.18612802596296843
2021-08-23,3,32,0.0037791396059900367,0.03004533827230517,0.03890408566140686,0.5555555555555556,-0.18144323071430365
2021-08-24,4,33,0.00224055211850225,0.02717877831217449,0.030379594766762105,0.5714285714285714,-0.1842420124684474
2021-08-25,4,33,0.00224055211850225,0.02717877831217449,0.030379594766762105,0.5714285714285714,-0.1842420124684474
2021-08-26,4,32,0.00224055211850225,0.02717877831217449,0.030379594766762105,0.5714285714285714,-0.1842420124684474
2021-08-27,4,32,-0.028780232540703114,-0.0444665886166657,0.008248951518878632,0.6153846153846154,-0.17885629826498645
2021-08-28,4,32,-0.028780232540703114,-0.0444665886166657,0.008248951518878632,0.6153846153846154,-0.17885629826498645
2021-08-29,4,31,-0.034549127014858357,-0.04639686303195508,0.004002060869074471,0.625,-0.16805666118994203
2021-08-30,4,31,-0.034549127014858357,-0.04639686303195508,0.004002060869074471,0.625,-0.16805666118994203
2021-08-31,4,31,-0.038219470206991304,-0.05217995156501166,0.0017796239400681326,0.6521739130434783,-0.17055528840280393
2021-09-01,4,31,-0.038219470206991304,-0.05217995156501166,0.0017796239400681326,0.6521739130434783,-0.17055528840280393
2021-09-02,4,31,-0.038219470206991304,-0.05217995156501166,0.0017796239400681326,0.6521739130434783,-0.17055528840280393
2021-09-03,4,31,-0.04408895025772231,-0.05479970142953698,0.008802664697674533,0.6818181818181818,-0.1648987106029314
2021-09-04,4,31,-0.04408895025772231,-0.05479970142953698,0.008802664697674533,0.6818181818181818,-0.1648987106029314
2021-09-05,4,31,-0.06411442210290157,-0.07738995908372161,-0.0070432593087484865,0.7,-0.15946974457004087
2021-09-06,4,31,-0.050226850769605716,-0.05363841607592997,0.02683227598173245,0.6666666666666666,-0.15001997412700468
2021-09-07,4,31,-0.03649643655960931,-0.03487180481843079,0.05508218333761806,0.6470588235294118,-0.14320374003110933
2021-09-08,4,31,-0.03649643655960931,-0.03487180481843079,0.05508218333761806,0.6470588235294118,-0.14320374003110933
2021-09-09,4,31,-0.03649643655960931,-0.03487180481843079,0.05508218333761806,0.6470588235294118,-0.14320374003110933
2021-09-10,5,32,-0.006984349049309557,-0.005560946834961649,0.10296691158948154,0.5625,-0.12998938619012293
2021-09-11,4,32,-0.006751737065515428,0.014859125075683053,0.05444963921077711,0.5714285714285714,-0.12740501419081857
2021-09-12,4,32,-0.006751737065515428,0.014859125075683053,0.05444963921077711,0.5714285714285714,-0.12740501419081857
2021-09-13,4,32,-0.009035642600846928,-0.022931306703863775,0.01402176155493891,0.6363636363636364,-0.12632296860249717
2021-09-14,4,31,-0.008561701140154617,-0.03484109574665673,-0.10872305939966286,0.6666666666666666,-0.1503217452944708
2021-09-15,4,31,-0.008561701140154617,-0.03484109574665673,-0.10872305939966286,0.6666666666666666,-0.1503217452944708
2021-09-16,4,29,-0.008561701140154617,-0.03484109574665673,-0.10872305939966286,0.6666666666666666,-0.1503217452944708
2021-09-17,4,29,-0.009853873300958656,-0.0413891468287612,-0.11954330153169627,0.6,-0.16245237115648387
2021-09-18,4,29,-0.009853873300958656,-0.0413891468287612,-0.11954330153169627,0.6,-0.16245237115648387
2021-09-19,3,29,-0.009853873300958656,-0.0413891468287612,-0.11954330153169627,0.6,-0.16245237115648387
2021-09-20,3,29,-0.009853873300958656,-0.0413891468287612,-0.11954330153169627,0.6,-0.16245237115648387
2021-09-21,3,29,-0.009853873300958656,-0.0413891468287612,-0.11954330153169627,0.6,-0.16245237115648387
2021-09-22,2,29,-0.009853873300958656,-0.0413891468287612,-0.11954330153169627,0.6,-0.16245237115648387
2021-09-23,1,29,-0.009853873300958656,-0.0413891468287612,-0.11954330153169627,0.6,-0.16245237115648387
2021-09-24,2,30,-0.03598933886190998,-0.076157622357301,-0.16406386238752468,0.6666666666666666,-0.18173459185777627
2021-09-25,2,30,-0.03598933886190998,-0.076157622357301,-0.16406386238752468,0.6666666666666666,-0.18173459185777627
2021-09-26,2,28,-0.03598933886190998,-0.076157622357301,-0.16406386238752468,0.6666666666666666,-0.18173459185777627
2021-09-27,2,28,-0.03598933886190998,-0.076157622357301,-0.16406386238752468,0.6666666666666666,-0.18173459185777627
2021-09-28,2,26,-0.03598933886190998,-0.076157622357301,-0.16406386238752468,0.6666666666666666,-0.18173459185777627
2021-09-29,4,28,-0.02077806183874019,-0.0404235052295142,-0.17225462755987428,0.5,-0.20144062192363524
2021-09-30,4,27,-0.02077806183874019,-0.0404235052295142,-0.17225462755987428,0.5,-0.20144062192363524
2021-10-01,4,27,-0.02077806183874019,-0.0404235052295142,-0.17225462755987428,0.5,-0.20144062192363524
2021-10-02,4,27,-0.02077806183874019,-0.0404235052295142,-0.17225462755987428,0.5,-0.20144062192363524
2021-10-03,4,26,-0.02077806183874019,-0.0404235052295142,-0.17225462755987428,0.5,-0.20144062192363524
2021-10-04,4,26,-0.02077806183874019,-0.0404235052295142,-0.17225462755987428,0.5,-0.20144062192363524
2021-10-05,4,24,-0.02077806183874019,-0.0404235052295142,-0.17225462755987428,0.5,-0.20144062192363524
2021-10-06,4,22,-0.02077806183874019,-0.0404235052295142,-0.17225462755987428,0.5,-0.20144062192363524
2021-10-07,5,22,-0.015506425338139432,-0.050006078722531135,-0.12978189116433267,0.4444444444444444,-0.19853885007930636
2021-10-08,5,22,-0.015506425338139432,-0.050006078722531135,-0.12978189116433267,0.4444444444444444,-0.19853885007930636
2021-10-09,5,22,-0.015506425338139432,-0.050006078722531135,-0.12978189116433267,0.4444444444444444,-0.19853885007930636
2021-10-10,4,20,-0.015506425338139432,-0.050006078722531135,-0.12978189116433267,0.4444444444444444,-0.19853885007930636
2021-10-11,4,18,-0.016385406471508566,-0.046617008054372966,-0.14378005128868787,0.375,-0.2101083430913564
2021-10-12,4,18,-0.016385406471508566,-0.046617008054372966,-0.14378005128868787,0.375,-0.2101083430913564
2021-10-13,5,16,-0.00374867989207841,-0.03848748798540136,-0.12996771520646394,0.3333333333333333,-0.20103085107318003
2021-10-14,5,11,-0.00374867989207841,-0.03848748798540136,-0.12996771520646394,0.3333333333333333,-0.20103085107318003
2021-10-15,5,11,-0.00374867989207841,-0.03848748798540136,-0.12996771520646394,0.3333333333333333,-0.20103085107318003
2021-10-16,5,11,-0.00374867989207841,-0.03848748798540136,-0.12996771520646394,0.3333333333333333,-0.20103085107318003
2021-10-17,5,10,-0.00374867989207841,-0.03848748798540136,-0.12996771520646394,0.3333333333333333,-0.20103085107318003
2021-10-18,5,10,-0.00374867989207841,-0.03848748798540136,-0.12996771520646394,0.3333333333333333,-0.20103085107318003
2021-10-19,6,11,0.004059457222464611,-0.025621322907776904,-0.10965538972188221,0.3333333333333333,-0.17922572767215178
2021-10-20,6,11,0.004059457222464611,-0.025621322907776904,-0.10965538972188221,0.3333333333333333,-0.17922572767215178
2021-10-21,6,11,0.004059457222464611,-0.025621322907776904,-0.10965538972188221,0.3333333333333333,-0.17922572767215178
2021-10-22,6,11,0.000732032978405836,-0.0354329961041472,-0.11528463719690864,0.375,-0.19417412435004325
2021-10-23,6,11,0.006451081981559242,-0.03332080403168912,-0.10321363402666042,0.2857142857142857,-0.1847976964242882
2021-10-24,5,11,0.006451081981559242,-0.03332080403168912,-0.10321363402666042,0.2857142857142857,-0.1847976964242882
2021-10-25,5,11,0.006451081981559242,-0.03332080403168912,-0.10321363402666042,0.2857142857142857,-0.1847976964242882
2021-10-26,5,11,0.006451081981559242,-0.03332080403168912,-0.10321363402666042,0.2857142857142857,-0.1847976964242882
2021-10-27,5,11,0.006451081981559242,-0.03332080403168912,-0.10321363402666042,0.2857142857142857,-0.1847976964242882
2021-10-28,5,11,0.006451081981559242,-0.03332080403168912,-0.10321363402666042,0.2857142857142857,-0.1847976964242882
2021-10-29,4,12,0.00645108198155924,-0.03332080403168911,-0.10321363402666041,0.25,-0.18479769642428817
2021-10-30,4,12,0.00645108198155924,-0.03332080403168911,-0.10321363402666041,0.25,-0.18479769642428817
2021-10-31,4,12,0.00645108198155924,-0.03332080403168911,-0.10321363402666041,0.25,-0.18479769642428817
2021-11-01,4,12,0.00645108198155924,-0.03332080403168911,-0.10321363402666041,0.25,-0.18479769642428817
2021-11-02,5,13,0.02448891783939197,0.027691030140613755,-0.026869718718051466,0.2222222222222222,-0.17892672337418472
2021-11-03,5,13,0.02448891783939197,0.027691030140613755,-0.026869718718051466,0.2222222222222222,-0.17892672337418472
2021-11-04,5,13,0.02448891783939197,0.027691030140613755,-0.026869718718051466,0.2222222222222222,-0.17892672337418472
2021-11-05,7,15,0.017193313626021323,-0.0037465797491412155,-0.04085656251391101,0.2727272727272727,-0.1822282091171852
2021-11-06,6,15,0.017193313626021323,-0.0037465797491412155,-0.04085656251391101,0.2727272727272727,-0.1822282091171852
2021-11-07,6,15,0.017193313626021323,-0.0037465797491412155,-0.04085656251391101,0.2727272727272727,-0.1822282091171852
2021-11-08,7,16,0.011559728805202563,-0.005169889324185359,-0.05613825900179156,0.3333333333333333,-0.17977327016080608
2021-11-09,7,16,0.007292708193315017,-0.005469958516907585,-0.05654601114925922,0.36363636363636365,-0.18828557660075498
2021-11-10,8,16,0.0064101475450865615,-0.013426795841018302,-0.07215645282343723,0.4166666666666667,-0.1879671249730184
2021-11-11,9,17,0.003474431599326465,-0.03067965411267216,-0.09388116724953409,0.46153846153846156,-0.20061674883159722
2021-11-12,9,18,-0.006408216985237109,-0.032757550541874896,-0.09923350349661135,0.5,-0.203499709544185
2021-11-13,9,18,-0.006408216985237109,-0.032757550541874896,-0.09923350349661135,0.5,-0.203499709544185
2021-11-14,9,18,-0.006408216985237109,-0.032757550541874896,-0.09923350349661135,0.5,-0.203499709544185
2021-11-15,9,18,-0.006408216985237109,-0.032757550541874896,-0.09923350349661135,0.5,-0.203499709544185
2021-11-16,9,18,-0.006408216985237109,-0.032757550541874896,-0.09923350349661135,0.5,-0.203499709544185
2021-11-17,9,18,-0.006408216985237109,-0.032757550541874896,-0.09923350349661135,0.5,-0.203499709544185
2021-11-18,8,17,-0.006408216985237109,-0.032757550541874896,-0.09923350349661135,0.5,-0.203499709544185
2021-11-19,8,17,-0.006408216985237109,-0.032757550541874896,-0.09923350349661135,0.5,-0.203499709544185
2021-11-20,8,17,-0.006408216985237109,-0.032757550541874896,-0.09923350349661135,0.5,-0.203499709544185
2021-11-21,8,16,-0.006408216985237109,-0.032757550541874896,-0.09923350349661135,0.5,-0.203499709544185
2021-11-22,8,15,-0.006408216985237109,-0.032757550541874896,-0.09923350349661135,0.5,-0.203499709544185
2021-11-23,8,15,0.006946653821548683,-0.01465401308703114,-0.07528073989910673,0.46153846153846156,-0.1972792107258472
2021-11-24,8,15,0.006946653821548683,-0.01465401308703114,-0.07528073989910673,0.46153846153846156,-0.1972792107258472
2021-11-25,8,15,0.006946653821548683,-0.01465401308703114,-0.07528073989910673,0.46153846153846156,-0.1972792107258472
2021-11-26,8,15,0.006946653821548683,-0.01465401308703114,-0.07528073989910673,0.46153846153846156,-0.1972792107258472
2021-11-27,8,15,0.006946653821548683,-0.01465401308703114,-0.07528073989910673,0.46153846153846156,-0.1972792107258472
2021-11-28,7,15,0.003364830739704579,-0.030940584935206607,-0.05097150326354346,0.5454545454545454,-0.1846233104467742
2021-11-29,7,15,0.003364830739704579,-0.030940584935206607,-0.05097150326354346,0.5454545454545454,-0.1846233104467742
2021-11-30,7,15,0.003364830739704579,-0.030940584935206607,-0.05097150326354346,0.5454545454545454,-0.1846233104467742
2021-12-01,7,15,0.003364830739704579,-0.030940584935206607,-0.05097150326354346,0.5454545454545454,-0.1846233104467742
2021-12-02,7,16,0.0007972962378689171,-0.030611174774799788,-0.06762376128171356,0.5833333333333334,-0.19893046065238906
2021-12-03,7,16,0.0007972962378689171,-0.030611174774799788,-0.06762376128171356,0.5833333333333334,-0.19893046065238906
2021-12-04,7,16,0.0007972962378689171,-0.030611174774799788,-0.06762376128171356,0.5833333333333334,-0.19893046065238906
2021-12-05,5,16,0.0007972962378689171,-0.030611174774799788,-0.06762376128171356,0.5833333333333334,-0.19893046065238906
2021-12-06,5,16,-0.0017896408050108495,-0.021005625585613107,-0.09538613740988491,0.6363636363636364,-0.20129103918516048
2021-12-07,5,16,-0.0017896408050108495,-0.021005625585613107,-0.09538613740988491,0.6363636363636364,-0.20129103918516048
2021-12-08,5,17,-0.0026914554476040724,-0.03222497081482534,-0.08962432901998621,0.6666666666666666,-0.19519923568031966
2021-12-09,5,16,-0.0026914554476040724,-0.03222497081482534,-0.08962432901998621,0.6666666666666666,-0.19519923568031966
2021-12-10,7,19,-0.021397930295782106,-0.06664345537846995,-0.08894561200313214,0.7333333333333333,-0.19504802487413445
2021-12-11,6,19,-0.021397930295782106,-0.06664345537846995,-0.08894561200313214,0.7333333333333333,-0.19504802487413445
2021-12-12,5,19,-0.030532012068024025,-0.07381208060499622,-0.09428996473039827,0.7857142857142857,-0.20017395640847027
2021-12-13,6,20,-0.024544047464180384,-0.06754268978585762,-0.10387113838816171,0.7333333333333333,-0.2111446338693092
2021-12-14,7,21,-0.02422356710691923,-0.06268896660715131,-0.1019463958289509,0.75,-0.20811176790043362
2021-12-15,7,21,-0.02422356710691923,-0.06268896660715131,-0.1019463958289509,0.75,-0.20811176790043362
2021-12-16,9,23,-0.017012155703352655,-0.051766365267562175,-0.09814472419737583,0.6666666666666666,-0.1991715497887532
2021-12-17,10,24,-0.021335235175771752,-0.0512850921013566,-0.09556580273813463,0.6842105263157895,-0.18964967356592127
2021-12-18,10,24,-0.02164148240622512,-0.05344797228189182,-0.09644348752918243,0.6666666666666666,-0.19516230381394054
2021-12-19,10,24,-0.02164148240622512,-0.05344797228189182,-0.09644348752918243,0.6666666666666666,-0.19516230381394054
2021-12-20,10,24,-0.02164148240622512,-0.05344797228189182,-0.09644348752918243,0.6666666666666666,-0.19516230381394054
2021-12-21,10,24,-0.02164148240622512,-0.05344797228189182,-0.09644348752918243,0.6666666666666666,-0.19516230381394054
2021-12-22,10,24,-0.02164148240622512,-0.05344797228189182,-0.09644348752918243,0.6666666666666666,-0.19516230381394054
2021-12-23,11,24,-0.01684925315766835,-0.026437915441372396,-0.06160105272294723,0.631578947368421,-0.19826447221947074
2021-12-24,11,24,-0.01684925315766835,-0.026437915441372396,-0.06160105272294723,0.631578947368421,-0.19826447221947074
2021-12-25,11,24,-0.01684925315766835,-0.026437915441372396,-0.06160105272294723,0.631578947368421,-0.19826447221947074
2021-12-26,11,24,-0.01684925315766835,-0.026437915441372396,-0.06160105272294723,0.631578947368421,-0.19826447221947074
2021-12-27,11,24,-0.01684925315766835,-0.026437915441372396,-0.06160105272294723,0.631578947368421,-0.19826447221947074
2021-12-28,11,22,-0.01684925315766835,-0.026437915441372393,-0.06160105272294723,0.6666666666666666,-0.19826447221947074
2021-12-29,11,22,-0.01684925315766835,-0.026437915441372393,-0.06160105272294723,0.6666666666666666,-0.19826447221947074
2021-12-30,14,25,0.0007692662304818513,0.039756627202541764,-0.010716171885193618,0.5714285714285714,-0.1963145147567783
2021-12-31,14,25,0.0007692662304818513,0.039756627202541764,-0.010716171885193618,0.5714285714285714,-0.1963145147567783
2022-01-01,13,25,-0.006729958900205109,0.019005765095332142,-0.03662886490156386,0.6,-0.19923874489344423
2022-01-02,13,25,-0.006729958900205109,0.019005765095332142,-0.03662886490156386,0.6,-0.19923874489344423
2022-01-03,13,25,-0.006729958900205109,0.019005765095332142,-0.03662886490156386,0.6,-0.19923874489344423
2022-01-04,13,25,-0.0061456095305099795,0.03550607447349806,-0.029942745702032147,0.6111111111111112,-0.19966147742725057
2022-01-05,13,24,-0.0061456095305099795,0.03550607447349806,-0.029942745702032147,0.6111111111111112,-0.19966147742725057
2022-01-06,13,24,-0.0061456095305099795,0.03550607447349806,-0.029942745702032147,0.6111111111111112,-0.19966147742725057
2022-01-07,12,24,-0.003873226596834975,0.038736019152799527,-0.019412599926822448,0.5882352941176471,-0.20227545371138206
2022-01-08,12,24,-0.003873226596834975,0.038736019152799527,-0.019412599926822448,0.5882352941176471,-0.20227545371138206
2022-01-09,9,24,-0.003964337075562287,0.04696921841748235,-0.0063595830744227755,0.5625,-0.2033687565248652
2022-01-10,9,24,-0.0023073966269974698,0.06479790598537216,0.015406646449722334,0.5333333333333333,-0.19427583287479191
2022-01-11,10,24,0.003926199173527465,0.06654432229871761,0.023679410431147734,0.5333333333333333,-0.18324152667919538
2022-01-12,9,24,0.003926199173527465,0.06654432229871761,0.023679410431147734,0.5333333333333333,-0.18324152667919538
2022-01-13,8,24,0.003926199173527465,0.06654432229871761,0.023679410431147734,0.5333333333333333,-0.18324152667919538
2022-01-14,9,25,-0.0015951623007920204,0.055283029427775014,0.020778992733746456,0.5625,-0.17801883479872316
2022-01-15,7,25,-0.0015951623007920204,0.055283029427775014,0.020778992733746456,0.5625,-0.17801883479872316
2022-01-16,6,25,-0.0015951623007920204,0.055283029427775014,0.020778992733746456,0.5625,-0.17801883479872316
2022-01-17,7,25,-0.0062524604459943,0.04071886932568869,0.007791993161173142,0.5882352941176471,-0.1882215171721185
2022-01-18,7,25,-0.0062524604459943,0.04071886932568869,0.007791993161173142,0.5882352941176471,-0.1882215171721185
2022-01-19,7,25,-0.0062524604459943,0.04071886932568869,0.007791993161173142,0.5882352941176471,-0.1882215171721185
2022-01-20,7,25,-0.0062524604459943,0.04071886932568869,0.007791993161173142,0.5882352941176471,-0.1882215171721185
2022-01-21,7,25,-0.0062524604459943,0.04071886932568869,0.007791993161173142,0.5882352941176471,-0.1882215171721185
2022-01-22,6,25,-0.0062524604459943,0.04071886932568869,0.007791993161173142,0.5882352941176471,-0.1882215171721185
2022-01-23,6,25,-0.0062524604459943,0.04071886932568869,0.007791993161173142,0.5882352941176471,-0.1882215171721185
2022-01-24,6,25,-0.0062524604459943,0.04071886932568869,0.007791993161173142,0.5882352941176471,-0.1882215171721185
2022-01-25,6,25,-0.0062524604459943,0.04071886932568869,0.007791993161173142,0.5882352941176471,-0.1882215171721185
2022-01-26,6,25,-0.0062524604459943,0.04071886932568869,0.007791993161173142,0.5882352941176471,-0.1882215171721185
2022-01-27,7,25,-0.02005803773849609,0.019360807933070164,-0.01731347667435464,0.6111111111111112,-0.19226476621811192
2022-01-28,7,25,-0.02005803773849609,0.019360807933070164,-0.01731347667435464,0.6111111111111112,-0.19226476621811192
2022-01-29,4,25,-0.02005803773849609,0.019360807933070164,-0.01731347667435464,0.6111111111111112,-0.19226476621811192
2022-01-30,4,25,-0.02005803773849609,0.019360807933070164,-0.01731347667435464,0.6111111111111112,-0.19226476621811192
2022-01-31,4,24,-0.01977450767720247,0.0221065656450585,-0.0045586022749981745,0.5882352941176471,-0.18345669583632215
2022-02-01,4,24,-0.01977450767720247,0.0221065656450585,-0.0045586022749981745,0.5882352941176471,-0.18345669583632215
2022-02-02,4,24,-0.01977450767720247,0.0221065656450585,-0.0045586022749981745,0.5882352941176471,-0.18345669583632215
2022-02-03,4,22,-0.01977450767720247,0.0221065656450585,-0.0045586022749981745,0.5882352941176471,-0.18345669583632215
2022-02-04,4,22,-0.01977450767720247,0.0221065656450585,-0.0045586022749981745,0.5882352941176471,-0.18345669583632215
2022-02-05,4,22,-0.01977450767720247,0.0221065656450585,-0.0045586022749981745,0.5882352941176471,-0.18345669583632215
2022-02-06,4,21,-0.020278564289931605,0.03251437744205889,-0.0028431245971231173,0.5625,-0.1865301642865978
2022-02-07,4,21,-0.020278564289931605,0.03251437744205889,-0.0028431245971231173,0.5625,-0.1865301642865978
2022-02-08,4,20,-0.004191693417046227,0.084520287339111,0.016452381174617798,0.46153846153846156,-0.18469245175624602
2022-02-09,4,19,-0.004191693417046227,0.084520287339111,0.016452381174617798,0.46153846153846156,-0.18469245175624602
2022-02-10,3,18,-0.004191693417046227,0.084520287339111,0.016452381174617798,0.46153846153846156,-0.18469245175624602
2022-02-11,3,18,-0.008982625567282318,0.09040036204545822,0.03685894593409315,0.5,-0.17060320266424858
2022-02-12,3,18,-0.008004969518374982,0.09814010787734198,0.047027941019010706,0.45454545454545453,-0.17105334433043706
2022-02-13,2,18,-0.008004969518374982,0.09814010787734198,0.047027941019010706,0.45454545454545453,-0.17105334433043706
2022-02-14,2,18,-0.01802239159432424,0.11324832189911654,0.07295241390336038,0.5555555555555556,-0.17970521774805637
2022-02-15,2,18,-0.008421742267752719,0.13279229317098884,0.08853698288265972,0.5,-0.1986961477443412
2022-02-16,1,18,-0.008421742267752719,0.13279229317098884,0.08853698288265972,0.5,-0.1986961477443412
2022-02-17,1,18,-0.008421742267752719,0.13279229317098884,0.08853698288265972,0.5,-0.1986961477443412
2022-02-18,3,20,-0.0063229204625280255,0.0955369560843508,0.035983497447084824,0.5,-0.2273389528275076
2022-02-19,3,20,-0.0063229204625280255,0.0955369560843508,0.035983497447084824,0.5,-0.2273389528275076
2022-02-20,3,20,-0.0063229204625280255,0.0955369560843508,0.035983497447084824,0.5,-0.2273389528275076
2022-02-21,3,20,-0.014205316521452994,0.05807072333289451,-0.018987262723578053,0.5555555555555556,-0.22470979924017678
2022-02-22,3,20,-0.014205316521452994,0.05807072333289451,-0.018987262723578053,0.5555555555555556,-0.22470979924017678
2022-02-23,4,21,-0.012644532414889753,0.05226365099960506,-0.02466216898978967,0.5,-0.21215502043347753
2022-02-24,4,21,-0.012644532414889753,0.05226365099960506,-0.02466216898978967,0.5,-0.21215502043347753
2022-02-25,4,21,-0.012644532414889753,0.05226365099960506,-0.02466216898978967,0.5,-0.21215502043347753
2022-02-26,3,21,-0.012644532414889753,0.05226365099960506,-0.02466216898978967,0.5,-0.21215502043347753
2022-02-27,3,21,-0.012644532414889753,0.05226365099960506,-0.02466216898978967,0.5,-0.21215502043347753
2022-02-28,3,21,-0.06369806740386383,-0.11259073417171847,-0.16148586133169726,0.7142857142857143,-0.2239579849132721
2022-03-01,3,21,-0.06369806740386383,-0.11259073417171847,-0.16148586133169726,0.7142857142857143,-0.2239579849132721
2022-03-02,3,20,-0.06369806740386383,-0.11259073417171847,-0.16148586133169726,0.7142857142857143,-0.2239579849132721
2022-03-03,3,20,-0.06369806740386383,-0.11259073417171847,-0.16148586133169726,0.7142857142857143,-0.2239579849132721
2022-03-04,3,20,-0.06369806740386383,-0.11259073417171847,-0.16148586133169726,0.7142857142857143,-0.2239579849132721
2022-03-05,3,20,-0.06369806740386383,-0.11259073417171847,-0.16148586133169726,0.7142857142857143,-0.2239579849132721
2022-03-06,3,20,-0.06369806740386383,-0.11259073417171847,-0.16148586133169726,0.7142857142857143,-0.2239579849132721
2022-03-07,3,20,-0.06369806740386383,-0.11259073417171847,-0.16148586133169726,0.7142857142857143,-0.2239579849132721
2022-03-08,3,19,-0.06369806740386383,-0.11259073417171847,-0.16148586133169726,0.7142857142857143,-0.2239579849132721
2022-03-09,3,19,-0.06369806740386383,-0.11259073417171847,-0.16148586133169726,0.7142857142857143,-0.2239579849132721
2022-03-10,4,17,-0.08276283600540787,-0.139395270778632,-0.16055688542199187,0.75,-0.246609788523251
2022-03-11,4,17,-0.08276283600540787,-0.139395270778632,-0.16055688542199187,0.75,-0.246609788523251
2022-03-12,4,17,-0.090086660721591,-0.15480944331956148,-0.17786928637653965,0.7142857142857143,-0.2714710947178168
2022-03-13,4,16,-0.090086660721591,-0.15480944331956148,-0.17786928637653965,0.7142857142857143,-0.2714710947178168
2022-03-14,4,15,-0.090086660721591,-0.15480944331956148,-0.17786928637653965,0.7142857142857143,-0.2714710947178168
2022-03-15,4,15,-0.09103184010592541,-0.1616716232667611,-0.20372628865141743,0.6666666666666666,-0.30010320107217964
2022-03-16,4,13,-0.09103184010592541,-0.1616716232667611,-0.20372628865141743,0.6666666666666666,-0.30010320107217964
2022-03-17,4,12,-0.09103184010592541,-0.1616716232667611,-0.20372628865141743,0.6666666666666666,-0.30010320107217964
2022-03-18,4,12,-0.09308436197326436,-0.15554440945857487,-0.20447154638170098,0.6,-0.28983095425732686
2022-03-19,4,12,-0.09308436197326436,-0.15554440945857487,-0.20447154638170098,0.6,-0.28983095425732686
2022-03-20,2,12,-0.09308436197326436,-0.15554440945857487,-0.20447154638170098,0.6,-0.28983095425732686
2022-03-21,2,12,-0.09308436197326436,-0.15554440945857487,-0.20447154638170098,0.6,-0.28983095425732686
2022-03-22,3,13,-0.08670272173571114,-0.1319034462383101,-0.20532446216739922,0.6666666666666666,-0.29147975469878523
2022-03-23,3,12,-0.08670272173571114,-0.1319034462383101,-0.20532446216739922,0.6666666666666666,-0.29147975469878523
2022-03-24,3,12,-0.08670272173571114,-0.1319034462383101,-0.20532446216739922,0.6666666666666666,-0.29147975469878523
2022-03-25,2,12,-0.08670272173571114,-0.1319034462383101,-0.20532446216739922,0.6666666666666666,-0.29147975469878523
2022-03-26,2,12,-0.08670272173571114,-0.1319034462383101,-0.20532446216739922,0.6666666666666666,-0.29147975469878523
2022-03-27,2,12,-0.08670272173571114,-0.1319034462383101,-0.20532446216739922,0.6666666666666666,-0.29147975469878523
2022-03-28,2,12,-0.05309269574064809,-0.08953888833768314,-0.15756806182521363,0.6,-0.2975757056385423
2022-03-29,2,12,-0.05309269574064809,-0.08953888833768314,-0.15756806182521363,0.6,-0.2975757056385423
2022-03-30,2,9,-0.05309269574064809,-0.08953888833768314,-0.15756806182521363,0.6,-0.2975757056385423
2022-03-31,5,12,-0.015709841228694302,0.05610194773881813,0.016990403065041085,0.5,-0.21884960385834457
2022-04-01,5,12,-0.015709841228694302,0.05610194773881813,0.016990403065041085,0.5,-0.21884960385834457
2022-04-02,5,12,-0.015709841228694302,0.05610194773881813,0.016990403065041085,0.5,-0.21884960385834457
2022-04-03,5,12,-0.015709841228694302,0.05610194773881813,0.016990403065041085,0.5,-0.21884960385834457
2022-04-04,5,12,-0.015709841228694302,0.05610194773881813,0.016990403065041085,0.5,-0.21884960385834457
2022-04-05,5,12,-0.015709841228694302,0.05610194773881813,0.016990403065041085,0.5,-0.21884960385834457
2022-04-06,5,12,-0.015709841228694302,0.05610194773881813,0.016990403065041085,0.5,-0.21884960385834457
2022-04-07,5,12,-0.015709841228694302,0.05610194773881813,0.016990403065041085,0.5,-0.21884960385834457
2022-04-08,5,12,-0.015709841228694302,0.05610194773881813,0.016990403065041085,0.5,-0.21884960385834457
2022-04-09,4,12,-0.015709841228694302,0.05610194773881813,0.016990403065041085,0.5,-0.21884960385834457
2022-04-10,4,12,-0.015709841228694302,0.05610194773881813,0.016990403065041085,0.5,-0.21884960385834457
2022-04-11,4,11,-0.015709841228694302,0.05610194773881813,0.016990403065041085,0.5,-0.21884960385834457
2022-04-12,4,11,-0.015709841228694302,0.05610194773881813,0.016990403065041085,0.5,-0.21884960385834457
2022-04-13,4,11,-0.015709841228694302,0.05610194773881813,0.016990403065041085,0.5,-0.21884960385834457
2022-04-14,4,10,-0.015709841228694302,0.05610194773881813,0.016990403065041085,0.5,-0.21884960385834457
2022-04-15,4,10,-0.015709841228694302,0.05610194773881813,0.016990403065041085,0.5,-0.21884960385834457
2022-04-16,4,10,-0.015709841228694302,0.05610194773881813,0.016990403065041085,0.5,-0.21884960385834457
2022-04-17,4,9,-0.015709841228694302,0.05610194773881813,0.016990403065041085,0.5,-0.21884960385834457
2022-04-18,4,9,-0.015709841228694302,0.05610194773881813,0.016990403065041085,0.5,-0.21884960385834457
2022-04-19,4,9,-0.021637243891049308,0.09263072773915794,0.0807306855184597,0.5,-0.17782941409106834
2022-04-20,4,9,-0.021637243891049308,0.09263072773915794,0.0807306855184597,0.5,-0.17782941409106834
2022-04-21,3,9,-0.021637243891049308,0.09263072773915794,0.0807306855184597,0.5,-0.17782941409106834
2022-04-22,4,10,-0.021122790784369194,0.09113552787032318,0.056314821769902206,0.5714285714285714,-0.18946224911509565
2022-04-23,4,10,-0.021122790784369194,0.09113552787032318,0.056314821769902206,0.5714285714285714,-0.18946224911509565
2022-04-24,4,10,-0.024877010005793964,0.10632478251537704,0.07832334629583494,0.6666666666666666,-0.20451228877208086
2022-04-25,4,10,-0.024877010005793964,0.10632478251537704,0.07832334629583494,0.6666666666666666,-0.20451228877208086
2022-04-26,4,10,-0.024877010005793964,0.10632478251537704,0.07832334629583494,0.6666666666666666,-0.20451228877208086
2022-04-27,4,9,-0.024877010005793964,0.10632478251537704,0.07832334629583494,0.6666666666666666,-0.20451228877208086
2022-04-28,4,9,-0.024877010005793964,0.10632478251537704,0.07832334629583494,0.6666666666666666,-0.20451228877208086
2022-04-29,5,10,-0.021323151433537683,0.08513312690993903,0.061131895864617244,0.5714285714285714,-0.20058387935018246
2022-04-30,2,10,-0.021323151433537683,0.08513312690993903,0.061131895864617244,0.5714285714285714,-0.20058387935018246
2022-05-01,2,10,-0.021323151433537683,0.08513312690993903,0.061131895864617244,0.5714285714285714,-0.20058387935018246
2022-05-02,2,10,-0.021323151433537683,0.08513312690993903,0.061131895864617244,0.5714285714285714,-0.20058387935018246
2022-05-03,2,10,-0.021323151433537683,0.08513312690993903,0.061131895864617244,0.5714285714285714,-0.20058387935018246
2022-05-04,2,10,-0.021323151433537683,0.08513312690993903,0.061131895864617244,0.5714285714285714,-0.20058387935018246
2022-05-05,2,10,-0.021323151433537683,0.08513312690993903,0.061131895864617244,0.5714285714285714,-0.20058387935018246
2022-05-06,2,10,-0.021323151433537683,0.08513312690993903,0.061131895864617244,0.5714285714285714,-0.20058387935018246
2022-05-07,2,10,-0.021323151433537683,0.08513312690993903,0.061131895864617244,0.5714285714285714,-0.20058387935018246
2022-05-08,2,10,-0.021323151433537683,0.08513312690993903,0.061131895864617244,0.5714285714285714,-0.20058387935018246
2022-05-09,2,10,0.01115902603024207,0.15382648589943337,0.09699622085106245,0.5,-0.1664857902763623
2022-05-10,2,10,0.01115902603024207,0.15382648589943337,0.09699622085106245,0.5,-0.1664857902763623
2022-05-11,2,10,0.01115902603024207,0.15382648589943337,0.09699622085106245,0.5,-0.1664857902763623
2022-05-12,2,10,0.01115902603024207,0.15382648589943337,0.09699622085106245,0.5,-0.1664857902763623
2022-05-13,2,10,0.01115902603024207,0.15382648589943337,0.09699622085106245,0.5,-0.1664857902763623
2022-05-14,2,10,0.01115902603024207,0.15382648589943337,0.09699622085106245,0.5,-0.1664857902763623
2022-05-15,2,10,0.01115902603024207,0.15382648589943337,0.09699622085106245,0.5,-0.1664857902763623
2022-05-16,2,10,0.01115902603024207,0.15382648589943337,0.09699622085106245,0.5,-0.1664857902763623
2022-05-17,2,10,0.01115902603024207,0.15382648589943337,0.09699622085106245,0.5,-0.1664857902763623
2022-05-18,3,11,0.020609601525831245,0.15375965675319891,0.203907316586806,0.42857142857142855,-0.1484811165845472
2022-05-19,3,9,0.020609601525831245,0.15375965675319891,0.203907316586806,0.42857142857142855,-0.1484811165845472
2022-05-20,3,9,0.020609601525831245,0.15375965675319891,0.203907316586806,0.42857142857142855,-0.1484811165845472
2022-05-21,3,9,0.03317695520479397,0.18166937123489643,0.2728233762005888,0.3333333333333333,-0.12327400986429222
2022-05-22,2,9,0.03317695520479397,0.18166937123489643,0.2728233762005888,0.3333333333333333,-0.12327400986429222
2022-05-23,2,9,0.03317695520479397,0.18166937123489643,0.2728233762005888,0.3333333333333333,-0.12327400986429222
2022-05-24,2,8,0.03317695520479397,0.18166937123489643,0.2728233762005888,0.3333333333333333,-0.12327400986429222
2022-05-25,2,8,0.03317695520479397,0.18166937123489643,0.2728233762005888,0.3333333333333333,-0.12327400986429222
2022-05-26,2,8,0.03317695520479397,0.18166937123489643,0.2728233762005888,0.3333333333333333,-0.12327400986429222
2022-05-27,2,8,0.03317695520479397,0.18166937123489643,0.2728233762005888,0.3333333333333333,-0.12327400986429222
2022-05-28,2,8,0.03317695520479397,0.18166937123489643,0.2728233762005888,0.3333333333333333,-0.12327400986429222
2022-05-29,1,8,0.03317695520479397,0.18166937123489643,0.2728233762005888,0.3333333333333333,-0.12327400986429222
2022-05-30,1,8,0.01975899411835927,0.06450206793680589,0.23772557451904527,0.3333333333333333,-0.15890858550390274
2022-05-31,1,8,0.01975899411835927,0.06450206793680589,0.23772557451904527,0.3333333333333333,-0.15890858550390274
2022-06-01,1,8,0.01975899411835927,0.06450206793680589,0.23772557451904527,0.3333333333333333,-0.15890858550390274
2022-06-02,1,8,0.01975899411835927,0.06450206793680589,0.23772557451904527,0.3333333333333333,-0.15890858550390274
2022-06-03,1,8,0.01975899411835927,0.06450206793680589,0.23772557451904527,0.3333333333333333,-0.15890858550390274
2022-06-04,1,8,0.01975899411835927,0.06450206793680589,0.23772557451904527,0.3333333333333333,-0.15890858550390274
2022-06-05,1,8,0.01975899411835927,0.06450206793680589,0.23772557451904527,0.3333333333333333,-0.15890858550390274
2022-06-06,1,8,0.01975899411835927,0.06450206793680589,0.23772557451904527,0.3333333333333333,-0.15890858550390274
2022-06-07,1,8,0.01975899411835927,0.06450206793680589,0.23772557451904527,0.3333333333333333,-0.15890858550390274
2022-06-08,1,7,0.01975899411835927,0.06450206793680589,0.23772557451904527,0.3333333333333333,-0.15890858550390274
2022-06-09,1,7,0.01975899411835927,0.06450206793680589,0.23772557451904527,0.3333333333333333,-0.15890858550390274
2022-06-10,2,8,-0.004917596516493675,0.014385322882428999,0.08399593527524887,0.5,-0.20727667722316515
2022-06-11,2,8,-0.004917596516493675,0.014385322882428999,0.08399593527524887,0.5,-0.20727667722316515
2022-06-12,2,8,-0.004917596516493675,0.014385322882428999,0.08399593527524887,0.5,-0.20727667722316515
2022-06-13,2,8,-0.004917596516493675,0.014385322882428999,0.08399593527524887,0.5,-0.20727667722316515
2022-06-14,2,8,-0.004917596516493675,0.014385322882428999,0.08399593527524887,0.5,-0.20727667722316515
2022-06-15,2,8,-0.004917596516493675,0.014385322882428999,0.08399593527524887,0.5,-0.20727667722316515
2022-06-16,2,8,-0.004917596516493675,0.014385322882428999,0.08399593527524887,0.5,-0.20727667722316515
2022-06-17,1,8,-0.004917596516493675,0.014385322882428999,0.08399593527524887,0.5,-0.20727667722316515
2022-06-18,1,8,-0.004917596516493675,0.014385322882428999,0.08399593527524887,0.5,-0.20727667722316515
2022-06-19,1,8,-0.004917596516493675,0.014385322882428999,0.08399593527524887,0.5,-0.20727667722316515
2022-06-20,1,7,-0.004917596516493675,0.014385322882428999,0.08399593527524887,0.5,-0.20727667722316515
2022-06-21,1,7,-0.0005447713072287327,-0.008207679042532869,0.14205470060747943,0.3333333333333333,-0.18994914987780043
2022-06-22,2,8,-0.0194024183161505,-0.027716334230564924,0.08446710348435703,0.5,-0.14828226152143234
2022-06-23,2,8,-0.0194024183161505,-0.027716334230564924,0.08446710348435703,0.5,-0.14828226152143234
2022-06-24,3,9,-0.05998705093199017,-0.11798702087282405,-0.06665887535204926,0.6,-0.2254439910353277
2022-06-25,3,9,-0.05998705093199017,-0.11798702087282405,-0.06665887535204926,0.6,-0.2254439910353277
2022-06-26,3,9,-0.05998705093199017,-0.11798702087282405,-0.06665887535204926,0.6,-0.2254439910353277
2022-06-27,3,9,-0.05998705093199017,-0.11798702087282405,-0.06665887535204926,0.6,-0.2254439910353277
2022-06-28,3,9,-0.07498381366498771,-0.1369795744103578,-0.07281939250938932,0.75,-0.23755163308946162
2022-06-29,3,6,-0.07498381366498771,-0.1369795744103578,-0.07281939250938932,0.75,-0.23755163308946162
2022-06-30,5,8,-0.06665587577665845,-0.09617062860111969,-0.15298180536080633,0.6666666666666666,-0.27233834362826853
2022-07-01,5,8,-0.06665587577665845,-0.09617062860111969,-0.15298180536080633,0.6666666666666666,-0.27233834362826853
2022-07-02,5,8,-0.06665587577665845,-0.09617062860111969,-0.15298180536080633,0.6666666666666666,-0.27233834362826853
2022-07-03,5,8,-0.06665587577665845,-0.09617062860111969,-0.15298180536080633,0.6666666666666666,-0.27233834362826853
2022-07-04,5,8,-0.06665587577665845,-0.09617062860111969,-0.15298180536080633,0.6666666666666666,-0.27233834362826853
2022-07-05,6,9,-0.05903252688539757,-0.08725230041358024,-0.17860023865866367,0.7142857142857143,-0.2713307194089822
2022-07-06,7,10,-0.06107969053291958,-0.08864084482909582,-0.19766865144928153,0.75,-0.2729406952723331
2022-07-07,7,10,-0.06107969053291958,-0.08864084482909582,-0.19766865144928153,0.75,-0.2729406952723331
2022-07-08,10,13,-0.05955805346089178,-0.10441606408128087,-0.20879081877362868,0.7272727272727273,-0.26421990248422317
2022-07-09,10,13,-0.05955805346089178,-0.10441606408128087,-0.20879081877362868,0.7272727272727273,-0.26421990248422317
2022-07-10,9,13,-0.05955805346089178,-0.10441606408128087,-0.20879081877362868,0.7272727272727273,-0.26421990248422317
2022-07-11,9,13,-0.05955805346089178,-0.10441606408128087,-0.20879081877362868,0.7272727272727273,-0.26421990248422317
2022-07-12,11,15,-0.014692582074827938,-0.03984146963608833,-0.14237473334363482,0.6153846153846154,-0.249973231541017
2022-07-13,15,19,-0.009487873204554222,-0.024114904017553902,-0.1146767917263328,0.5882352941176471,-0.2122951535519447
2022-07-14,15,19,-0.009487873204554222,-0.024114904017553902,-0.1146767917263328,0.5882352941176471,-0.2122951535519447
2022-07-15,18,22,-0.0033297780152726575,-0.02043539735264975,-0.11104091784881723,0.55,-0.21714598113157643
2022-07-16,18,22,-0.0033297780152726575,-0.02043539735264975,-0.11104091784881723,0.55,-0.21714598113157643
2022-07-17,18,22,-0.007574137621306291,-0.029582454154146686,-0.16137853936724275,0.5789473684210527,-0.22644560779988798
2022-07-18,19,23,0.0325772965324863,-0.020148785991893896,-0.09194597603524425,0.55,-0.23284484639723538
2022-07-19,19,23,0.0325772965324863,-0.020148785991893896,-0.09194597603524425,0.55,-0.23284484639723538
2022-07-20,19,23,0.0325772965324863,-0.020148785991893896,-0.09194597603524425,0.55,-0.23284484639723538
2022-07-21,19,22,0.0325772965324863,-0.020148785991893896,-0.09194597603524425,0.55,-0.23284484639723538
2022-07-22,18,22,0.0325772965324863,-0.020148785991893896,-0.09194597603524425,0.55,-0.23284484639723538
2022-07-23,18,22,0.0325772965324863,-0.020148785991893896,-0.09194597603524425,0.55,-0.23284484639723538
2022-07-24,17,22,0.0325772965324863,-0.020148785991893896,-0.09194597603524425,0.55,-0.23284484639723538
2022-07-25,17,22,0.0325772965324863,-0.020148785991893896,-0.09194597603524425,0.55,-0.23284484639723538
2022-07-26,17,22,0.0325772965324863,-0.020148785991893896,-0.09194597603524425,0.55,-0.23284484639723538
2022-07-27,17,22,0.0325772965324863,-0.020148785991893896,-0.09194597603524425,0.55,-0.23284484639723538
2022-07-28,17,21,0.0325772965324863,-0.020148785991893896,-0.09194597603524425,0.55,-0.23284484639723538
2022-07-29,17,21,0.0325772965324863,-0.020148785991893896,-0.09194597603524425,0.55,-0.23284484639723538
2022-07-30,15,21,0.0325772965324863,-0.020148785991893896,-0.09194597603524425,0.55,-0.23284484639723538
2022-07-31,15,21,0.0325772965324863,-0.020148785991893896,-0.09194597603524425,0.55,-0.23284484639723538
2022-08-01,15,21,0.0325772965324863,-0.020148785991893896,-0.09194597603524425,0.55,-0.23284484639723538
2022-08-02,15,21,0.0325772965324863,-0.020148785991893896,-0.09194597603524425,0.55,-0.23284484639723538
2022-08-03,15,21,0.0325772965324863,-0.020148785991893896,-0.09194597603524425,0.55,-0.23284484639723538
2022-08-04,14,21,0.0325772965324863,-0.020148785991893896,-0.09194597603524425,0.55,-0.23284484639723538
2022-08-05,13,21,0.0325772965324863,-0.020148785991893896,-0.09194597603524425,0.55,-0.23284484639723538
2022-08-06,13,21,0.0325772965324863,-0.020148785991893896,-0.09194597603524425,0.55,-0.23284484639723538
2022-08-07,10,21,0.0325772965324863,-0.020148785991893896,-0.09194597603524425,0.55,-0.23284484639723538
2022-08-08,10,21,0.0325772965324863,-0.020148785991893896,-0.09194597603524425,0.55,-0.23284484639723538
2022-08-09,12,23,0.03844701574056729,-0.014053200397746124,-0.07693297569730236,0.47619047619047616,-0.22655347239809234
2022-08-10,13,24,0.035173313602187575,-0.013350540377858818,-0.078852092678203,0.5,-0.2272947642954291
2022-08-11,11,24,0.035173313602187575,-0.013350540377858818,-0.078852092678203,0.5,-0.2272947642954291
2022-08-12,7,24,0.035173313602187575,-0.013350540377858818,-0.078852092678203,0.5,-0.2272947642954291
2022-08-13,7,24,0.035173313602187575,-0.013350540377858818,-0.078852092678203,0.5,-0.2272947642954291
2022-08-14,4,24,0.035173313602187575,-0.013350540377858818,-0.078852092678203,0.5,-0.2272947642954291
2022-08-15,4,24,0.035173313602187575,-0.013350540377858818,-0.078852092678203,0.5,-0.2272947642954291
2022-08-16,4,23,0.035173313602187575,-0.013350540377858818,-0.078852092678203,0.5,-0.2272947642954291
2022-08-17,3,23,0.035173313602187575,-0.013350540377858818,-0.078852092678203,0.5,-0.2272947642954291
2022-08-18,3,23,0.035173313602187575,-0.013350540377858818,-0.078852092678203,0.5,-0.2272947642954291
2022-08-19,4,24,0.03290315581160722,-0.006167181312246491,-0.05783532636019332,0.5217391304347826,-0.2291696167892976
2022-08-20,4,24,0.03290315581160722,-0.006167181312246491,-0.05783532636019332,0.5217391304347826,-0.2291696167892976
2022-08-21,4,24,0.03834708156933337,-0.002163425388125761,-0.056312308283952485,0.5,-0.23946401780614607
2022-08-22,4,24,0.03834708156933337,-0.002163425388125761,-0.056312308283952485,0.5,-0.23946401780614607
2022-08-23,4,24,0.05206669540957981,0.02293690840417606,-0.023951756577967127,0.47619047619047616,-0.22395733931747436
2022-08-24,5,25,0.051841409419588626,0.024168111764455064,-0.03574197362711755,0.45454545454545453,-0.2279390783770931
2022-08-25,6,26,0.06445213595516378,0.04325534453757624,-0.010230451073445276,0.43478260869565216,-0.22009373241565117
2022-08-26,6,26,0.06445213595516378,0.04325534453757624,-0.010230451073445276,0.43478260869565216,-0.22009373241565117
2022-08-27,6,26,0.06445213595516378,0.04325534453757624,-0.010230451073445276,0.43478260869565216,-0.22009373241565117
2022-08-28,6,26,0.06445213595516378,0.04325534453757624,-0.010230451073445276,0.43478260869565216,-0.22009373241565117
2022-08-29,6,26,0.07649972921360204,0.04934040575023095,0.021672304714996322,0.42857142857142855,-0.20727078164825843
2022-08-30,6,26,0.07649972921360204,0.04934040575023095,0.021672304714996322,0.42857142857142855,-0.20727078164825843
2022-08-31,6,26,0.07649972921360204,0.04934040575023095,0.021672304714996322,0.42857142857142855,-0.20727078164825843
2022-09-01,7,27,0.07210440054759874,0.04516235884674984,0.020398575410805423,0.45454545454545453,-0.20041277762119608
2022-09-02,7,27,0.07210440054759874,0.04516235884674984,0.020398575410805423,0.45454545454545453,-0.20041277762119608
2022-09-03,7,27,0.07659897076262141,0.04931523727491263,0.0389622287716798,0.42857142857142855,-0.19699845149108722
2022-09-04,7,27,0.08504390447529891,0.057519453553391386,0.05952388264697349,0.4,-0.1921533362230482
2022-09-05,8,28,0.08056790950291477,0.05449211389268658,0.050930520402395936,0.38095238095238093,-0.18828879485255084
2022-09-06,8,28,0.10608070902261461,0.09217500688889801,0.10518935516007413,0.3333333333333333,-0.17841210856566725
2022-09-07,8,28,0.10608070902261461,0.09217500688889801,0.10518935516007413,0.3333333333333333,-0.17841210856566725
2022-09-08,6,27,0.10608070902261461,0.09217500688889801,0.10518935516007413,0.3333333333333333,-0.17841210856566725
2022-09-09,6,28,0.1060807090226146,0.09217500688889803,0.10518935516007416,0.3157894736842105,-0.17841210856566725
2022-09-10,6,28,0.08808259451891338,0.06029732218553049,0.08837158639418023,0.35294117647058826,-0.17938290388170783
2022-09-11,6,28,0.1203446600769446,0.07361767736266947,0.13358361353989287,0.3076923076923077,-0.21519950539940708
2022-09-12,6,28,0.1203446600769446,0.07361767736266947,0.13358361353989287,0.3076923076923077,-0.21519950539940708
2022-09-13,6,28,0.15839261665678248,0.10499019319732475,0.22959271900394504,0.3,-0.20258472024937174
2022-09-14,7,29,0.13514945529591646,0.08882752115462836,0.19522101972812775,0.36363636363636365,-0.1828886398645025
2022-09-15,7,29,0.13514945529591646,0.08882752115462836,0.19522101972812775,0.36363636363636365,-0.1828886398645025
2022-09-16,8,30,0.03852949805479355,0.07175301845896004,0.04462378975973216,0.36363636363636365,-0.13858484239614804
2022-09-17,8,30,0.03852949805479355,0.07175301845896004,0.04462378975973216,0.36363636363636365,-0.13858484239614804
2022-09-18,7,30,0.03852949805479355,0.07175301845896004,0.04462378975973216,0.36363636363636365,-0.13858484239614804
2022-09-19,7,30,0.03852949805479355,0.07175301845896004,0.04462378975973216,0.36363636363636365,-0.13858484239614804
2022-09-20,7,29,0.03852949805479355,0.07175301845896004,0.04462378975973216,0.36363636363636365,-0.13858484239614804
2022-09-21,7,29,0.03852949805479355,0.07175301845896004,0.04462378975973216,0.36363636363636365,-0.13858484239614804
2022-09-22,8,29,0.03852949805479355,0.07175301845896004,0.04462378975973216,0.3333333333333333,-0.13858484239614804
2022-09-23,7,29,0.03852949805479355,0.07175301845896004,0.04462378975973216,0.3333333333333333,-0.13858484239614804
2022-09-24,6,29,0.03852949805479355,0.07175301845896004,0.04462378975973216,0.3333333333333333,-0.13858484239614804
2022-09-25,6,29,0.03852949805479355,0.07175301845896004,0.04462378975973216,0.3333333333333333,-0.13858484239614804
2022-09-26,7,30,-0.00031945851919585656,0.021805152210433623,-0.004778853546904746,0.38461538461538464,-0.1628690662568935
2022-09-27,7,30,-0.00031945851919585656,0.021805152210433623,-0.004778853546904746,0.38461538461538464,-0.1628690662568935
2022-09-28,7,28,-0.00031945851919585656,0.021805152210433623,-0.004778853546904746,0.38461538461538464,-0.1628690662568935
2022-09-29,9,30,-0.01964131057821786,-0.02206683913167423,-0.07978288507612896,0.4,-0.19252150435701304
2022-09-30,9,30,-0.01964131057821786,-0.02206683913167423,-0.07978288507612896,0.4,-0.19252150435701304
2022-10-01,8,30,-0.01964131057821786,-0.02206683913167423,-0.07978288507612896,0.4,-0.19252150435701304
2022-10-02,8,30,-0.01964131057821786,-0.02206683913167423,-0.07978288507612896,0.4,-0.19252150435701304
2022-10-03,8,29,-0.01964131057821786,-0.02206683913167423,-0.07978288507612896,0.4,-0.19252150435701304
2022-10-04,8,28,-0.01964131057821786,-0.02206683913167423,-0.07978288507612896,0.4,-0.19252150435701304
2022-10-05,7,28,-0.01964131057821786,-0.02206683913167423,-0.07978288507612896,0.4,-0.19252150435701304
2022-10-06,9,27,-0.008106749976440761,-0.011670591276059029,-0.039242738114349356,0.35294117647058826,-0.2407471361132879
2022-10-07,9,27,-0.008106749976440761,-0.011670591276059029,-0.039242738114349356,0.35294117647058826,-0.2407471361132879
2022-10-08,9,27,-0.008106749976440763,-0.01167059127605902,-0.039242738114349356,0.4,-0.2407471361132879
2022-10-09,8,27,-0.006530060222225243,-0.012643140549063939,-0.03290335668093554,0.35714285714285715,-0.2406944549273263
2022-10-10,10,27,-0.013023955503184501,-0.023637339693799383,-0.03091847952506784,0.375,-0.22179815044544368
2022-10-11,10,23,-0.013023955503184501,-0.023637339693799383,-0.03091847952506784,0.375,-0.22179815044544368
2022-10-12,10,23,-0.013023955503184501,-0.023637339693799383,-0.03091847952506784,0.375,-0.22179815044544368
2022-10-13,10,20,-0.013023955503184501,-0.023637339693799383,-0.03091847952506784,0.375,-0.22179815044544368
2022-10-14,9,20,-0.013023955503184501,-0.023637339693799383,-0.03091847952506784,0.375,-0.22179815044544368
2022-10-15,9,20,-0.013023955503184501,-0.023637339693799383,-0.03091847952506784,0.375,-0.22179815044544368
2022-10-16,8,19,-0.013023955503184501,-0.023637339693799383,-0.03091847952506784,0.375,-0.22179815044544368
2022-10-17,9,20,-0.009591589238869642,0.01588720090117186,0.042424803725321286,0.35294117647058826,-0.2173675941374303
2022-10-18,10,21,-0.011473188032233132,0.0091338072360135,0.03575436631958975,0.35294117647058826,-0.20762194487370875
2022-10-19,10,21,-0.011473188032233132,0.0091338072360135,0.03575436631958975,0.35294117647058826,-0.20762194487370875
2022-10-20,10,21,-0.011473188032233132,0.0091338072360135,0.03575436631958975,0.35294117647058826,-0.20762194487370875
2022-10-21,10,21,-0.011473188032233132,0.0091338072360135,0.03575436631958975,0.35294117647058826,-0.20762194487370875
2022-10-22,9,21,-0.011473188032233132,0.0091338072360135,0.03575436631958975,0.35294117647058826,-0.20762194487370875
2022-10-23,9,21,-0.015689914006660942,0.006389009495031879,0.056862256596773006,0.375,-0.20076693232827011
2022-10-24,9,21,-0.041255804827686135,-0.025811835928427198,0.022774737873447845,0.4,-0.2113500184160745
2022-10-25,9,21,-0.041255804827686135,-0.025811835928427198,0.022774737873447845,0.4,-0.2113500184160745
2022-10-26,8,21,-0.041255804827686135,-0.025811835928427198,0.022774737873447845,0.4,-0.2113500184160745
2022-10-27,8,21,-0.041255804827686135,-0.025811835928427198,0.022774737873447845,0.4,-0.2113500184160745
2022-10-28,8,21,-0.041255804827686135,-0.025811835928427198,0.022774737873447845,0.4,-0.2113500184160745
2022-10-29,6,21,-0.041255804827686135,-0.025811835928427198,0.022774737873447845,0.4,-0.2113500184160745
2022-10-30,6,21,-0.041255804827686135,-0.025811835928427198,0.022774737873447845,0.4,-0.2113500184160745
2022-10-31,6,21,-0.04374321822112132,-0.025111111229180156,0.02498948947697027,0.35714285714285715,-0.2231199615251631
2022-11-01,6,21,-0.04374321822112132,-0.025111111229180156,0.02498948947697027,0.35714285714285715,-0.2231199615251631
2022-11-02,6,21,-0.04374321822112132,-0.025111111229180156,0.02498948947697027,0.35714285714285715,-0.2231199615251631
2022-11-03,6,21,-0.04374321822112132,-0.025111111229180156,0.02498948947697027,0.35714285714285715,-0.2231199615251631
2022-11-04,7,22,-0.04149962847753159,-0.0013931625112314505,0.03908404075902154,0.35714285714285715,-0.23776373626685707
2022-11-05,5,22,-0.04149962847753159,-0.0013931625112314505,0.03908404075902154,0.35714285714285715,-0.23776373626685707
2022-11-06,5,22,-0.04149962847753159,-0.0013931625112314505,0.03908404075902154,0.35714285714285715,-0.23776373626685707
2022-11-07,5,20,-0.04149962847753159,-0.0013931625112314505,0.03908404075902154,0.35714285714285715,-0.23776373626685707
2022-11-08,6,20,-0.0399852017128686,-0.007093946603036565,0.03388346147502866,0.42857142857142855,-0.22382835452209163
2022-11-09,5,21,-0.05946588563568531,-0.0375150711829375,-0.02180139058418423,0.4666666666666667,-0.2606977577705137
2022-11-10,5,21,-0.05946588563568531,-0.0375150711829375,-0.02180139058418423,0.4666666666666667,-0.2606977577705137
2022-11-11,6,22,-0.05605970697608141,-0.04928838860646733,-0.03765258974460065,0.5,-0.2626986873087721
2022-11-12,6,22,-0.05605970697608141,-0.04928838860646733,-0.03765258974460065,0.5,-0.2626986873087721
2022-11-13,6,22,-0.05809592360079109,-0.05107247471091168,-0.03710056935474403,0.4666666666666667,-0.2782474451757974
2022-11-14,6,22,-0.05809592360079109,-0.05107247471091168,-0.03710056935474403,0.4666666666666667,-0.2782474451757974
2022-11-15,6,22,-0.06429521676435675,-0.05673150257525584,-0.04168483526861376,0.5,-0.2996510948047049
2022-11-16,6,23,-0.06440194940148916,-0.06113789900785035,-0.06032388838852481,0.5333333333333333,-0.29937420573917767
2022-11-17,5,22,-0.06440194940148916,-0.06113789900785035,-0.06032388838852481,0.5333333333333333,-0.29937420573917767
2022-11-18,5,22,-0.06440194940148916,-0.06113789900785035,-0.06032388838852481,0.5333333333333333,-0.29937420573917767
2022-11-19,5,22,-0.06440194940148916,-0.06113789900785035,-0.06032388838852481,0.5333333333333333,-0.29937420573917767
2022-11-20,5,22,-0.06440194940148916,-0.06113789900785035,-0.06032388838852481,0.5333333333333333,-0.29937420573917767
2022-11-21,5,22,-0.06440194940148916,-0.06113789900785035,-0.06032388838852481,0.5714285714285714,-0.29937420573917767
2022-11-22,5,21,-0.06440194940148916,-0.06113789900785035,-0.06032388838852481,0.5714285714285714,-0.29937420573917767
2022-11-23,5,20,-0.06440194940148916,-0.06113789900785035,-0.06032388838852481,0.5714285714285714,-0.29937420573917767
2022-11-24,6,21,-0.060952367964596625,-0.047863726837706747,-0.031154616504395313,0.6,-0.28571458069980715
2022-11-25,6,21,-0.043083886311274175,-0.02429843748484453,-0.00480851768328069,0.5714285714285714,-0.28061256095387505
2022-11-26,6,21,-0.043083886311274175,-0.02429843748484453,-0.00480851768328069,0.5714285714285714,-0.28061256095387505
2022-11-27,6,21,-0.043083886311274175,-0.02429843748484453,-0.00480851768328069,0.5714285714285714,-0.28061256095387505
2022-11-28,6,21,-0.032499593222517054,0.008233622962874635,0.06394023386244556,0.5833333333333334,-0.27305507514492905
2022-11-29,7,22,-0.028251372764840917,0.03245584655375111,0.0982434022518652,0.5384615384615384,-0.2545034584351137
2022-11-30,7,21,-0.028251372764840917,0.03245584655375111,0.0982434022518652,0.5384615384615384,-0.2545034584351137
2022-12-01,8,22,-0.02623341756735228,0.02751551031709078,0.09158768002953487,0.5,-0.2406191185030701
2022-12-02,8,22,-0.02623341756735228,0.02751551031709078,0.09158768002953487,0.5,-0.2406191185030701
2022-12-03,8,22,-0.02623341756735228,0.02751551031709078,0.09158768002953487,0.5,-0.2406191185030701
2022-12-04,7,21,-0.02623341756735228,0.02751551031709078,0.09158768002953487,0.5,-0.2406191185030701
2022-12-05,7,21,-0.039827876050799876,0.02451663338163514,0.07623094833855089,0.5833333333333334,-0.19639095312478175
2022-12-06,7,21,-0.039827876050799876,0.02451663338163514,0.07623094833855089,0.5833333333333334,-0.19639095312478175
2022-12-07,7,21,-0.039827876050799876,0.02451663338163514,0.07623094833855089,0.5833333333333334,-0.19639095312478175
2022-12-08,6,20,-0.039827876050799876,0.02451663338163514,0.07623094833855089,0.5833333333333334,-0.19639095312478175
2022-12-09,6,21,-0.03399635074833804,0.01824339972516116,0.07507819446753174,0.5454545454545454,-0.2193252784651234
2022-12-10,6,21,-0.03399635074833804,0.01824339972516116,0.07507819446753174,0.5454545454545454,-0.2193252784651234
2022-12-11,5,21,-0.03399635074833804,0.01824339972516116,0.07507819446753174,0.5454545454545454,-0.2193252784651234
2022-12-12,8,24,-0.03655042134429852,-0.02172315349750472,0.012214899844420915,0.5714285714285714,-0.23667549787426648
2022-12-13,8,23,-0.03655042134429852,-0.02172315349750472,0.012214899844420915,0.5714285714285714,-0.23667549787426648
2022-12-14,9,24,-0.037622498517836514,-0.04220476782574124,-0.008774865408365036,0.6,-0.24311935357153758
2022-12-15,12,26,-0.036246186413065345,-0.013105282493880897,0.0487780954092797,0.6111111111111112,-0.22142748241704752
2022-12-16,11,26,-0.040640758464512615,-0.04736034436003679,-0.011248532462572632,0.6470588235294118,-0.22531499280480075
2022-12-17,11,26,-0.04063555699976638,-0.052582809321453115,-0.028354280673610125,0.625,-0.2318670593731731
2022-12-18,11,26,-0.04063555699976638,-0.052582809321453115,-0.028354280673610125,0.625,-0.2318670593731731
2022-12-19,11,26,-0.04063555699976638,-0.052582809321453115,-0.028354280673610125,0.625,-0.2318670593731731
2022-12-20,11,26,-0.04063555699976638,-0.052582809321453115,-0.028354280673610125,0.625,-0.2318670593731731
2022-12-21,11,25,-0.04063555699976638,-0.052582809321453115,-0.028354280673610125,0.625,-0.2318670593731731
2022-12-22,12,26,-0.038245230117427184,-0.03828522109806232,-0.014081339793649854,0.5882352941176471,-0.2326741873685228
2022-12-23,14,28,-0.029239150739391026,-0.048272368195849714,-0.019757452573330263,0.5263157894736842,-0.22740793698690662
2022-12-24,13,28,-0.029239150739391026,-0.048272368195849714,-0.019757452573330263,0.5263157894736842,-0.22740793698690662
2022-12-25,13,27,-0.029239150739391026,-0.048272368195849714,-0.019757452573330263,0.5263157894736842,-0.22740793698690662
2022-12-26,13,27,-0.029239150739391026,-0.048272368195849714,-0.019757452573330263,0.5263157894736842,-0.22740793698690662
2022-12-27,13,27,-0.029239150739391026,-0.048272368195849714,-0.019757452573330263,0.5263157894736842,-0.22740793698690662
2022-12-28,13,25,-0.029239150739391026,-0.048272368195849714,-0.019757452573330263,0.5263157894736842,-0.22740793698690662
2022-12-29,14,27,0.013877254370892591,0.00971173124025565,0.06592020109139625,0.47619047619047616,-0.2208248539785008
2022-12-30,17,30,0.011885587743215237,-0.002596973737272507,0.0326313700438625,0.5,-0.22120860350230265
2022-12-31,16,30,0.011885587743215237,-0.002596973737272507,0.0326313700438625,0.5,-0.22120860350230265
2023-01-01,16,30,0.011885587743215237,-0.002596973737272507,0.0326313700438625,0.5,-0.22120860350230265
2023-01-02,16,30,0.011885587743215237,-0.002596973737272507,0.0326313700438625,0.5,-0.22120860350230265
2023-01-03,16,30,0.011231783865829952,-0.01508446757869238,0.031207315898612375,0.5217391304347826,-0.21802409291179733
2023-01-04,16,28,0.011231783865829952,-0.01508446757869238,0.031207315898612375,0.5217391304347826,-0.21802409291179733
2023-01-05,16,28,0.011231783865829952,-0.01508446757869238,0.031207315898612375,0.5217391304347826,-0.21802409291179733
2023-01-06,16,28,0.011231783865829952,-0.01508446757869238,0.031207315898612375,0.5217391304347826,-0.21802409291179733
2023-01-07,16,28,0.012733777702318259,-0.012338154482055769,0.03392235252731683,0.5,-0.22536138015392873
2023-01-08,15,26,0.02823132790872877,0.007692871053162982,0.07104743918832963,0.47619047619047616,-0.20085477920887773
2023-01-09,16,27,0.029545488328461877,0.006910294663300607,0.07422493654124107,0.45454545454545453,-0.1959019206944693
2023-01-10,16,27,0.03135114042703753,0.017435300720404695,0.09011990389989209,0.42857142857142855,-0.1913871692587587
2023-01-11,13,27,0.03135114042703753,0.017435300720404695,0.09011990389989209,0.42857142857142855,-0.1913871692587587
2023-01-12,14,28,0.02992608858944491,0.01664278705129538,0.0887886961468667,0.4090909090909091,-0.18452059704904974
2023-01-13,14,29,0.018049161118458473,0.0006430419033542307,0.06965217234259635,0.43478260869565216,-0.18387373879225877
2023-01-14,11,29,0.018049161118458473,0.0006430419033542307,0.06965217234259635,0.43478260869565216,-0.18387373879225877
2023-01-15,11,28,0.02186000815494343,0.006055046200396639,0.08657416103759474,0.4090909090909091,-0.17878733383339218
2023-01-16,14,30,0.020931869028909807,0.000778924413766322,0.08334502436017178,0.44,-0.1707712774903707
2023-01-17,16,32,0.018365333833608315,-0.002087223963175492,0.08960326425497082,0.4444444444444444,-0.16471869895653157
2023-01-18,16,32,0.018365333833608315,-0.002087223963175492,0.08960326425497082,0.4444444444444444,-0.16471869895653157
2023-01-19,17,33,0.020451775992612102,-0.007242272086939626,0.0793240660417831,0.42857142857142855,-0.16914150306273928
2023-01-20,18,34,0.015471820194633746,-0.012977149566985306,0.06604443880010293,0.4482758620689655,-0.17239994653079532
2023-01-21,17,34,0.015471820194633746,-0.012977149566985306,0.06604443880010293,0.4482758620689655,-0.17239994653079532
2023-01-22,15,34,0.015471820194633746,-0.012977149566985306,0.06604443880010293,0.4482758620689655,-0.17239994653079532
2023-01-23,15,34,0.01647646476758857,-0.01836828646381706,0.05493119769034166,0.42857142857142855,-0.17518280783015872
2023-01-24,15,34,0.01647646476758857,-0.01836828646381706,0.05493119769034166,0.42857142857142855,-0.17518280783015872
2023-01-25,15,34,0.01647646476758857,-0.01836828646381706,0.05493119769034166,0.42857142857142855,-0.17518280783015872
2023-01-26,15,34,0.01647646476758857,-0.01836828646381706,0.05493119769034166,0.42857142857142855,-0.17518280783015872
2023-01-27,15,34,0.01647646476758857,-0.01836828646381706,0.05493119769034166,0.42857142857142855,-0.17518280783015872
2023-01-28,13,34,0.016244953361674343,-0.03101609446782023,0.038081189348320936,0.4444444444444444,-0.1804901689380413
2023-01-29,10,34,0.016244953361674343,-0.03101609446782023,0.038081189348320936,0.4444444444444444,-0.1804901689380413
2023-01-30,10,34,0.01686975926020028,-0.030797141918140494,0.039351108510208656,0.46153846153846156,-0.18511968699771583
2023-01-31,10,34,0.01686975926020028,-0.030797141918140494,0.039351108510208656,0.46153846153846156,-0.18511968699771583
2023-02-01,10,34,0.01686975926020028,-0.030797141918140494,0.039351108510208656,0.46153846153846156,-0.18511968699771583
2023-02-02,10,33,0.01686975926020028,-0.030797141918140494,0.039351108510208656,0.46153846153846156,-0.18511968699771583
2023-02-03,10,33,0.01686975926020028,-0.030797141918140494,0.039351108510208656,0.46153846153846156,-0.18511968699771583
2023-02-04,10,33,0.01686975926020028,-0.030797141918140494,0.039351108510208656,0.46153846153846156,-0.18511968699771583
2023-02-05,10,33,0.01686975926020028,-0.030797141918140494,0.039351108510208656,0.46153846153846156,-0.18511968699771583
2023-02-06,10,32,0.01686975926020028,-0.030797141918140494,0.039351108510208656,0.46153846153846156,-0.18511968699771583
2023-02-07,10,31,0.01754454963060829,-0.021119936685775206,0.04600233981459642,0.48,-0.18161538356853357
2023-02-08,9,31,0.01754454963060829,-0.021119936685775206,0.04600233981459642,0.48,-0.18161538356853357
2023-02-09,9,30,0.01754454963060829,-0.021119936685775206,0.04600233981459642,0.48,-0.18161538356853357
2023-02-10,9,30,0.026198171879712184,-0.0010544032364791561,0.08204136530390303,0.45454545454545453,-0.1654320764586348
2023-02-11,8,30,0.026198171879712184,-0.0010544032364791561,0.08204136530390303,0.45454545454545453,-0.1654320764586348
2023-02-12,7,30,0.02995196953814459,0.01455954748659577,0.10035912455396356,0.42857142857142855,-0.15743677851222057
2023-02-13,7,30,0.03983806877603694,-0.005079218626541732,0.06099516206337358,0.3888888888888889,-0.16484822049015782
2023-02-14,7,29,0.03983806877603694,-0.005079218626541732,0.06099516206337358,0.3888888888888889,-0.16484822049015782
2023-02-15,4,29,0.03983806877603694,-0.005079218626541732,0.06099516206337358,0.3888888888888889,-0.16484822049015782
2023-02-16,2,29,0.03983806877603694,-0.005079218626541732,0.06099516206337358,0.3888888888888889,-0.16484822049015782
2023-02-17,2,29,0.03983806877603694,-0.005079218626541732,0.06099516206337358,0.3888888888888889,-0.16484822049015782
2023-02-18,1,29,0.03983806877603694,-0.005079218626541732,0.06099516206337358,0.3888888888888889,-0.16484822049015782
2023-02-19,0,29,0.03983806877603694,-0.005079218626541732,0.06099516206337358,0.3888888888888889,-0.16484822049015782
2023-02-20,0,29,0.04218148458639206,-0.016582477985525975,0.051978070756177074,0.4117647058823529,-0.16009880785463076
2023-02-21,0,29,0.04149734600138882,-0.0010383925799904326,0.06797573501708251,0.4666666666666667,-0.1570926744028256
2023-02-22,0,28,0.04149734600138882,-0.0010383925799904326,0.06797573501708251,0.4666666666666667,-0.1570926744028256
2023-02-23,0,28,0.04149734600138882,-0.0010383925799904326,0.06797573501708251,0.4666666666666667,-0.1570926744028256
2023-02-24,0,28,0.04149734600138882,-0.0010383925799904326,0.06797573501708251,0.4666666666666667,-0.1570926744028256
2023-02-25,0,28,0.04149734600138882,-0.0010383925799904326,0.06797573501708251,0.4666666666666667,-0.1570926744028256
2023-02-26,0,28,0.04149734600138882,-0.0010383925799904326,0.06797573501708251,0.4666666666666667,-0.1570926744028256
2023-02-27,0,27,-0.017269693524333964,-0.08743824926664383,-0.056929215119719885,0.5384615384615384,-0.15690915271116107
2023-02-28,0,27,-0.021833777986476288,-0.08704235147264607,-0.0138908454689737,0.5,-0.13681344347383462
2023-03-01,0,26,-0.021833777986476288,-0.08704235147264607,-0.0138908454689737,0.5,-0.13681344347383462
2023-03-02,0,26,-0.021833777986476288,-0.08704235147264607,-0.0138908454689737,0.5,-0.13681344347383462
2023-03-03,0,26,-0.021833777986476288,-0.08704235147264607,-0.0138908454689737,0.5,-0.13681344347383462
2023-03-04,0,26,-0.021833777986476288,-0.08704235147264607,-0.0138908454689737,0.5,-0.13681344347383462
2023-03-05,0,26,-0.021833777986476288,-0.08704235147264607,-0.0138908454689737,0.5,-0.13681344347383462
2023-03-06,0,26,-0.021833777986476288,-0.08704235147264607,-0.0138908454689737,0.5,-0.13681344347383462
2023-03-07,0,26,-0.021833777986476288,-0.08704235147264607,-0.0138908454689737,0.5,-0.13681344347383462
2023-03-08,0,26,-0.021833777986476288,-0.08704235147264607,-0.0138908454689737,0.5,-0.13681344347383462
2023-03-09,1,26,-0.018878329389193916,-0.07751181094731009,-0.013275081128377901,0.45454545454545453,-0.1281769346752947
2023-03-10,2,27,-0.023432177421302814,-0.07750061963177096,-0.033246288925672655,0.45454545454545453,-0.12873578229296587
2023-03-11,2,27,-0.023432177421302814,-0.07750061963177096,-0.033246288925672655,0.45454545454545453,-0.12873578229296587
2023-03-12,2,24,-0.023432177421302814,-0.07750061963177096,-0.033246288925672655,0.45454545454545453,-0.12873578229296587
2023-03-13,2,24,-0.02577539516343309,-0.08525068159494806,-0.042654251151573244,0.5,-0.1375771024577463
2023-03-14,2,23,-0.0016123009323430902,-0.055683940510903245,-0.008354573351597928,0.4444444444444444,-0.1340142408260673
2023-03-15,2,20,-0.0016123009323430902,-0.055683940510903245,-0.008354573351597928,0.4444444444444444,-0.1340142408260673
2023-03-16,2,20,-0.0016123009323430902,-0.055683940510903245,-0.008354573351597928,0.4444444444444444,-0.1340142408260673
2023-03-17,2,20,-0.009481209117512929,-0.06456959308892686,-0.042364204390265246,0.3333333333333333,-0.14502792908499454
2023-03-18,2,20,-0.007363635622439198,-0.07789735029591621,-0.14746193805537722,0.25,-0.17301115998572048
2023-03-19,2,20,-0.007363635622439198,-0.07789735029591621,-0.14746193805537722,0.25,-0.17301115998572048
2023-03-20,2,20,-0.035413418925157064,-0.055053609918364534,-0.1305444888357411,0.3333333333333333,-0.13449580867084454
2023-03-21,2,20,0.0088633426866445,0.0041964446265854,-0.0429241712701406,0.0,-0.06992553118808498
2023-03-22,2,19,0.0088633426866445,0.0041964446265854,-0.0429241712701406,0.0,-0.06992553118808498
2023-03-23,2,17,0.0088633426866445,0.0041964446265854,-0.0429241712701406,0.0,-0.06992553118808498
2023-03-24,2,17,0.0088633426866445,0.0041964446265854,-0.0429241712701406,0.0,-0.06992553118808498
2023-03-25,2,17,0.0088633426866445,0.0041964446265854,-0.0429241712701406,0.0,-0.06992553118808498
2023-03-26,2,17,0.0088633426866445,0.0041964446265854,-0.0429241712701406,0.0,-0.06992553118808498
2023-03-27,2,17,0.0088633426866445,0.0041964446265854,-0.0429241712701406,0.0,-0.06992553118808498
2023-03-28,3,18,0.00554657628385,0.07888458627279603,0.0036302626315004674,0.3333333333333333,-0.11553735622182604
2023-03-29,4,17,-0.04919372632369785,0.03934636653386535,-0.023191937172716094,0.5,-0.10974218914089182
2023-03-30,5,15,-0.05647826873019114,-0.025372221841400876,-0.12608779631351533,0.6,-0.18922232274128487
2023-03-31,7,17,-0.018710619943196113,0.04078386699009249,0.06719581929023058,0.42857142857142855,-0.20703945295263576
2023-04-01,7,17,-0.018710619943196113,0.04078386699009249,0.06719581929023058,0.42857142857142855,-0.20703945295263576
2023-04-02,7,17,-0.018710619943196113,0.04078386699009249,0.06719581929023058,0.42857142857142855,-0.20703945295263576
2023-04-03,7,17,-0.018710619943196113,0.04078386699009249,0.06719581929023058,0.42857142857142855,-0.20703945295263576
2023-04-04,7,17,-0.018710619943196113,0.04078386699009249,0.06719581929023058,0.42857142857142855,-0.20703945295263576
2023-04-05,7,17,-0.018710619943196113,0.04078386699009249,0.06719581929023058,0.42857142857142855,-0.20703945295263576
2023-04-06,7,17,-0.018710619943196113,0.04078386699009249,0.06719581929023058,0.42857142857142855,-0.20703945295263576
2023-04-07,7,17,-0.018710619943196113,0.04078386699009249,0.06719581929023058,0.42857142857142855,-0.20703945295263576
2023-04-08,6,17,-0.018710619943196113,0.04078386699009249,0.06719581929023058,0.42857142857142855,-0.20703945295263576
2023-04-09,5,16,-0.018710619943196113,0.04078386699009249,0.06719581929023058,0.42857142857142855,-0.20703945295263576
2023-04-10,5,16,-0.018710619943196113,0.04078386699009249,0.06719581929023058,0.42857142857142855,-0.20703945295263576
2023-04-11,5,16,-0.018710619943196113,0.04078386699009249,0.06719581929023058,0.42857142857142855,-0.20703945295263576
2023-04-12,5,15,-0.018710619943196113,0.04078386699009249,0.06719581929023058,0.42857142857142855,-0.20703945295263576
2023-04-13,6,15,-0.031152197855702002,-0.029770197464750167,-0.026169874337264476,0.5,-0.25860205006918846
2023-04-14,6,15,-0.031152197855702002,-0.029770197464750167,-0.026169874337264476,0.5,-0.25860205006918846
2023-04-15,6,15,-0.031152197855702002,-0.029770197464750167,-0.026169874337264476,0.5,-0.25860205006918846
2023-04-16,6,12,-0.031152197855702002,-0.029770197464750167,-0.026169874337264476,0.5,-0.25860205006918846
2023-04-17,6,10,-0.031152197855702002,-0.029770197464750167,-0.026169874337264476,0.5,-0.25860205006918846
2023-04-18,6,10,-0.031152197855702002,-0.029770197464750167,-0.026169874337264476,0.5,-0.25860205006918846
2023-04-19,6,9,-0.031152197855702002,-0.029770197464750167,-0.026169874337264476,0.5,-0.25860205006918846
2023-04-20,6,8,-0.031152197855702002,-0.029770197464750167,-0.026169874337264476,0.5,-0.25860205006918846
2023-04-21,6,8,-0.031152197855702002,-0.029770197464750167,-0.026169874337264476,0.5,-0.25860205006918846
2023-04-22,6,8,-0.031152197855702002,-0.029770197464750167,-0.026169874337264476,0.5,-0.25860205006918846
2023-04-23,6,8,-0.031152197855702002,-0.029770197464750167,-0.026169874337264476,0.5,-0.25860205006918846
2023-04-24,6,8,-0.031152197855702002,-0.029770197464750167,-0.026169874337264476,0.5,-0.25860205006918846
2023-04-25,6,8,-0.031152197855702002,-0.029770197464750167,-0.026169874337264476,0.5,-0.25860205006918846
2023-04-26,6,8,-0.031152197855702002,-0.029770197464750167,-0.026169874337264476,0.5,-0.25860205006918846
2023-04-27,7,10,-0.022300289358007923,-0.025529905617751175,-0.043030061428380326,0.5,-0.24164598718807923
2023-04-28,6,10,-0.022300289358007923,-0.025529905617751175,-0.043030061428380326,0.5,-0.24164598718807923
2023-04-29,5,10,-0.022300289358007923,-0.025529905617751175,-0.043030061428380326,0.5,-0.24164598718807923
2023-04-30,3,10,-0.022300289358007923,-0.025529905617751175,-0.043030061428380326,0.5,-0.24164598718807923
2023-05-01,3,10,-0.022300289358007923,-0.025529905617751175,-0.043030061428380326,0.5,-0.24164598718807923
2023-05-02,3,10,-0.022300289358007923,-0.025529905617751175,-0.043030061428380326,0.5,-0.24164598718807923
2023-05-03,3,10,-0.022300289358007923,-0.025529905617751175,-0.043030061428380326,0.5,-0.24164598718807923
2023-05-04,3,10,-0.022300289358007923,-0.025529905617751175,-0.043030061428380326,0.5,-0.24164598718807923
2023-05-05,3,10,-0.022300289358007923,-0.025529905617751175,-0.043030061428380326,0.5,-0.24164598718807923
2023-05-06,3,10,-0.022300289358007923,-0.025529905617751175,-0.043030061428380326,0.5,-0.24164598718807923
2023-05-07,3,10,-0.022300289358007923,-0.025529905617751175,-0.043030061428380326,0.5,-0.24164598718807923
2023-05-08,4,11,-0.053526635175101055,-0.05540450314359424,-0.02961990495772565,0.6,-0.2615557116099988
2023-05-09,5,12,-0.04158800989314745,0.02254706161456721,0.06331065678842829,0.6,-0.28984702813660945
2023-05-10,5,12,-0.04158800989314745,0.02254706161456721,0.06331065678842829,0.6,-0.28984702813660945
2023-05-11,6,13,-0.058873715287476695,-0.004852321609134695,0.017782415262207515,0.6363636363636364,-0.2968924745583277
2023-05-12,6,13,-0.058873715287476695,-0.004852321609134695,0.017782415262207515,0.6363636363636364,-0.2968924745583277
2023-05-13,5,13,-0.058873715287476695,-0.004852321609134695,0.017782415262207515,0.6363636363636364,-0.2968924745583277
2023-05-14,5,13,-0.058873715287476695,-0.004852321609134695,0.017782415262207515,0.6363636363636364,-0.2968924745583277
2023-05-15,5,13,-0.058873715287476695,-0.004852321609134695,0.017782415262207515,0.6363636363636364,-0.2968924745583277
2023-05-16,5,13,-0.058873715287476695,-0.004852321609134695,0.017782415262207515,0.6363636363636364,-0.2968924745583277
2023-05-17,5,13,-0.058873715287476695,-0.004852321609134695,0.017782415262207515,0.6363636363636364,-0.2968924745583277
2023-05-18,5,13,-0.058873715287476695,-0.004852321609134695,0.017782415262207515,0.6363636363636364,-0.2968924745583277
2023-05-19,5,13,-0.058873715287476695,-0.004852321609134695,0.017782415262207515,0.6363636363636364,-0.2968924745583277
2023-05-20,5,13,-0.058873715287476695,-0.004852321609134695,0.017782415262207515,0.6363636363636364,-0.2968924745583277
2023-05-21,5,13,-0.058873715287476695,-0.004852321609134695,0.017782415262207515,0.6363636363636364,-0.2968924745583277
2023-05-22,5,13,-0.058873715287476695,-0.004852321609134695,0.017782415262207515,0.6363636363636364,-0.2968924745583277
2023-05-23,5,13,-0.058873715287476695,-0.004852321609134695,0.017782415262207515,0.6363636363636364,-0.2968924745583277
2023-05-24,5,13,-0.058873715287476695,-0.004852321609134695,0.017782415262207515,0.6363636363636364,-0.2968924745583277
2023-05-25,7,15,-0.047580832959462534,-0.0059770311110185536,0.009798661239056603,0.6153846153846154,-0.29609054067793533
2023-05-26,7,15,-0.047580832959462534,-0.0059770311110185536,0.009798661239056603,0.6153846153846154,-0.29609054067793533
2023-05-27,5,15,-0.05145532266260616,-0.02549685616737152,0.002553622139412746,0.5833333333333334,-0.3035346685436543
2023-05-28,5,15,-0.036731748891357496,-0.020608543756866507,0.012209272932574445,0.5454545454545454,-0.3227326667841603
2023-05-29,5,15,-0.03184327994487681,0.0057552594016934185,0.06719732351350313,0.5,-0.30429164774829054
2023-05-30,5,15,-0.05873122543716888,-0.04434944801508971,-0.0536045601830199,0.625,-0.31746899006511003
2023-05-31,5,15,-0.05873122543716888,-0.04434944801508971,-0.0536045601830199,0.625,-0.31746899006511003
2023-06-01,5,15,-0.05873122543716888,-0.04434944801508971,-0.0536045601830199,0.625,-0.31746899006511003
2023-06-02,5,15,-0.05873122543716888,-0.04434944801508971,-0.0536045601830199,0.625,-0.31746899006511003
2023-06-03,5,15,-0.05873122543716888,-0.04434944801508971,-0.0536045601830199,0.625,-0.31746899006511003
2023-06-04,5,15,-0.05873122543716888,-0.04434944801508971,-0.0536045601830199,0.625,-0.31746899006511003
2023-06-05,5,15,-0.05873122543716888,-0.04434944801508971,-0.0536045601830199,0.625,-0.31746899006511003
2023-06-06,5,15,-0.05873122543716888,-0.04434944801508971,-0.0536045601830199,0.625,-0.31746899006511003
2023-06-07,4,14,-0.05873122543716888,-0.04434944801508971,-0.0536045601830199,0.625,-0.31746899006511003
2023-06-08,3,13,-0.05873122543716888,-0.04434944801508971,-0.0536045601830199,0.625,-0.31746899006511003
2023-06-09,3,13,-0.05873122543716888,-0.04434944801508971,-0.0536045601830199,0.625,-0.31746899006511003
2023-06-10,2,13,-0.05873122543716888,-0.04434944801508971,-0.0536045601830199,0.625,-0.31746899006511003
2023-06-11,2,13,-0.05873122543716888,-0.04434944801508971,-0.0536045601830199,0.625,-0.31746899006511003
2023-06-12,3,14,-0.04309072828864423,0.06984516517608312,0.03508872025337978,0.5,-0.27805235129711536
2023-06-13,3,14,-0.04309072828864423,0.06984516517608312,0.03508872025337978,0.5,-0.27805235129711536
2023-06-14,3,14,-0.04309072828864423,0.06984516517608312,0.03508872025337978,0.5,-0.27805235129711536
2023-06-15,3,14,-0.04309072828864423,0.06984516517608312,0.03508872025337978,0.5,-0.27805235129711536
2023-06-16,3,14,-0.04309072828864423,0.06984516517608312,0.03508872025337978,0.5,-0.27805235129711536
2023-06-17,3,14,-0.04309072828864423,0.06984516517608312,0.03508872025337978,0.5,-0.27805235129711536
2023-06-18,3,14,-0.04309072828864423,0.06984516517608312,0.03508872025337978,0.5,-0.27805235129711536
2023-06-19,3,14,-0.04309072828864423,0.06984516517608312,0.03508872025337978,0.5,-0.27805235129711536
2023-06-20,3,14,-0.04309072828864423,0.06984516517608312,0.03508872025337978,0.5,-0.27805235129711536
2023-06-21,3,14,-0.04309072828864423,0.06984516517608312,0.03508872025337978,0.5,-0.27805235129711536
2023-06-22,3,14,-0.04309072828864423,0.06984516517608312,0.03508872025337978,0.5,-0.27805235129711536
2023-06-23,3,14,-0.04309072828864423,0.06984516517608312,0.03508872025337978,0.5,-0.27805235129711536
2023-06-24,1,14,-0.04309072828864423,0.06984516517608312,0.03508872025337978,0.5,-0.27805235129711536
2023-06-25,1,14,-0.04309072828864423,0.06984516517608312,0.03508872025337978,0.5,-0.27805235129711536
2023-06-26,1,13,-0.06182341926244844,0.09598313297802923,0.08360856360212097,0.5,-0.3127958898416064
2023-06-27,1,12,-0.06182341926244844,0.09598313297802923,0.08360856360212097,0.5,-0.3127958898416064
2023-06-28,2,12,-0.06507703057946462,0.09125793176858653,0.23528394388703644,0.5714285714285714,-0.2788979347330387
2023-06-29,3,11,-0.031218929088221246,0.10738284463834924,0.22074483353781282,0.5,-0.27295028363873985
2023-06-30,4,12,-0.01440239584176665,0.09725516926006221,0.19964475823851757,0.4444444444444444,-0.26597191073846116
2023-07-01,4,12,-0.01440239584176665,0.09725516926006221,0.19964475823851757,0.4444444444444444,-0.26597191073846116
2023-07-02,4,12,-0.01440239584176665,0.09725516926006221,0.19964475823851757,0.4444444444444444,-0.26597191073846116
2023-07-03,4,12,-0.01440239584176665,0.09725516926006221,0.19964475823851757,0.4444444444444444,-0.26597191073846116
2023-07-04,4,12,-0.01440239584176665,0.09725516926006221,0.19964475823851757,0.4444444444444444,-0.26597191073846116
2023-07-05,4,12,-0.01440239584176665,0.09725516926006221,0.19964475823851757,0.4444444444444444,-0.26597191073846116
2023-07-06,4,12,-0.01440239584176665,0.09725516926006221,0.19964475823851757,0.4444444444444444,-0.26597191073846116
2023-07-07,4,12,0.02149571737642522,0.14453111303661764,0.20872733714531644,0.375,-0.26910476321713245
2023-07-08,4,12,0.006504136771743767,0.05516199453774361,0.11703485493126474,0.42857142857142855,-0.25312653211209696
2023-07-09,4,12,0.006504136771743767,0.05516199453774361,0.11703485493126474,0.42857142857142855,-0.25312653211209696
2023-07-10,5,13,0.039608532376139365,0.06682255619830528,0.14977295016936004,0.2857142857142857,-0.2435055408584526
2023-07-11,6,14,0.038576607743313354,0.06960835053490325,0.15126585285033523,0.25,-0.238067348251146
2023-07-12,6,14,0.029523174613051553,0.05655689097785313,0.13079150249696095,0.3333333333333333,-0.22400157731613707
2023-07-13,7,15,0.018049118021311615,0.07437946274963303,0.12153843920378664,0.4,-0.2258594841006524
2023-07-14,7,15,0.018049118021311615,0.07437946274963303,0.12153843920378664,0.4,-0.2258594841006524
2023-07-15,7,15,0.018049118021311615,0.07437946274963303,0.12153843920378664,0.4,-0.2258594841006524
2023-07-16,7,15,0.018049118021311615,0.07437946274963303,0.12153843920378664,0.4,-0.2258594841006524
2023-07-17,8,16,0.021573578366481636,0.07278298266495566,0.07433246539187215,0.36363636363636365,-0.2499395983406604
2023-07-18,9,17,0.019092720059985215,0.05578877236090881,0.04354792934145657,0.4166666666666667,-0.25114986597205163
2023-07-19,9,17,0.019092720059985215,0.05578877236090881,0.04354792934145657,0.4166666666666667,-0.25114986597205163
2023-07-20,9,17,0.019092720059985215,0.05578877236090881,0.04354792934145657,0.4166666666666667,-0.25114986597205163
2023-07-21,9,17,0.019092720059985215,0.05578877236090881,0.04354792934145657,0.4166666666666667,-0.25114986597205163
2023-07-22,9,17,0.019092720059985215,0.05578877236090881,0.04354792934145657,0.4166666666666667,-0.25114986597205163
2023-07-23,9,17,0.019092720059985215,0.05578877236090881,0.04354792934145657,0.4166666666666667,-0.25114986597205163
2023-07-24,9,17,0.020005260103059176,0.0693791135073665,0.0590799123874026,0.4,-0.24304385829930641
2023-07-25,9,17,0.020005260103059176,0.0693791135073665,0.0590799123874026,0.4,-0.24304385829930641
2023-07-26,9,15,0.020005260103059176,0.0693791135073665,0.0590799123874026,0.4,-0.24304385829930641
2023-07-27,9,15,0.020005260103059176,0.0693791135073665,0.0590799123874026,0.4,-0.24304385829930641
2023-07-28,8,15,0.020005260103059176,0.0693791135073665,0.0590799123874026,0.4,-0.24304385829930641
2023-07-29,7,15,0.020005260103059176,0.0693791135073665,0.0590799123874026,0.4,-0.24304385829930641
2023-07-30,6,15,0.020005260103059176,0.0693791135073665,0.0590799123874026,0.4,-0.24304385829930641
2023-07-31,6,15,0.020005260103059176,0.0693791135073665,0.0590799123874026,0.4,-0.24304385829930641
2023-08-01,6,15,0.020005260103059176,0.0693791135073665,0.0590799123874026,0.4,-0.24304385829930641
2023-08-02,6,15,0.020005260103059176,0.0693791135073665,0.0590799123874026,0.4,-0.24304385829930641
2023-08-03,6,15,0.020005260103059176,0.0693791135073665,0.0590799123874026,0.4,-0.24304385829930641
2023-08-04,6,15,0.020005260103059176,0.0693791135073665,0.0590799123874026,0.4,-0.24304385829930641
2023-08-05,6,15,0.020005260103059176,0.0693791135073665,0.0590799123874026,0.4,-0.24304385829930641
2023-08-06,6,14,0.020005260103059176,0.0693791135073665,0.0590799123874026,0.4,-0.24304385829930641
2023-08-07,6,13,0.020005260103059176,0.0693791135073665,0.0590799123874026,0.4,-0.24304385829930641
2023-08-08,6,13,0.020005260103059176,0.0693791135073665,0.0590799123874026,0.4,-0.24304385829930641
2023-08-09,5,12,0.020005260103059176,0.0693791135073665,0.0590799123874026,0.4,-0.24304385829930641
2023-08-10,4,12,0.020005260103059176,0.0693791135073665,0.0590799123874026,0.4,-0.24304385829930641
2023-08-11,3,12,0.021463540787293085,0.03376476424365901,0.06233140112361757,0.4444444444444444,-0.2362479403613293
2023-08-12,2,12,0.021463540787293085,0.03376476424365901,0.06233140112361757,0.4444444444444444,-0.2362479403613293
2023-08-13,2,12,0.021463540787293085,0.03376476424365901,0.06233140112361757,0.4444444444444444,-0.2362479403613293
2023-08-14,2,12,0.021463540787293085,0.03376476424365901,0.06233140112361757,0.4444444444444444,-0.2362479403613293
2023-08-15,2,12,0.021463540787293085,0.03376476424365901,0.06233140112361757,0.4444444444444444,-0.2362479403613293
2023-08-16,1,12,0.021463540787293085,0.03376476424365901,0.06233140112361757,0.4444444444444444,-0.2362479403613293
2023-08-17,0,12,0.021463540787293085,0.03376476424365901,0.06233140112361757,0.4444444444444444,-0.2362479403613293
2023-08-18,0,12,0.021463540787293085,0.03376476424365901,0.06233140112361757,0.4444444444444444,-0.2362479403613293
2023-08-19,0,12,0.021463540787293085,0.03376476424365901,0.06233140112361757,0.4444444444444444,-0.2362479403613293
2023-08-20,0,12,0.021463540787293085,0.03376476424365901,0.06233140112361757,0.4444444444444444,-0.2362479403613293
2023-08-21,0,12,0.021463540787293085,0.03376476424365901,0.06233140112361757,0.4444444444444444,-0.2362479403613293
2023-08-22,0,12,0.021463540787293085,0.03376476424365901,0.06233140112361757,0.4444444444444444,-0.2362479403613293
2023-08-23,0,10,0.021463540787293085,0.03376476424365901,0.06233140112361757,0.4444444444444444,-0.2362479403613293
2023-08-24,0,10,0.021463540787293085,0.03376476424365901,0.06233140112361757,0.4444444444444444,-0.2362479403613293
2023-08-25,0,10,0.021463540787293085,0.03376476424365901,0.06233140112361757,0.4444444444444444,-0.2362479403613293
2023-08-26,0,10,0.021463540787293085,0.03376476424365901,0.06233140112361757,0.4444444444444444,-0.2362479403613293
2023-08-27,0,10,0.034721320695899935,0.030122019210125084,-0.0730442019354964,0.375,-0.2563401573962914
2023-08-28,0,10,0.010283254888102444,0.002959845564901797,-0.10047495379674554,0.42857142857142855,-0.25991493331309773
2023-08-29,0,10,-0.008024514318858832,0.0007475254534244127,-0.12236147207022907,0.5,-0.26820993427590867
2023-08-30,0,10,-0.008024514318858832,0.0007475254534244127,-0.12236147207022907,0.5,-0.26820993427590867
2023-08-31,0,10,-0.008024514318858832,0.0007475254534244127,-0.12236147207022907,0.5,-0.26820993427590867
2023-09-01,0,10,-0.008024514318858832,0.0007475254534244127,-0.12236147207022907,0.5,-0.26820993427590867
2023-09-02,0,10,-0.008024514318858832,0.0007475254534244127,-0.12236147207022907,0.5,-0.26820993427590867
2023-09-03,0,10,-0.008024514318858832,0.0007475254534244127,-0.12236147207022907,0.5,-0.26820993427590867
2023-09-04,0,10,-0.008024514318858832,0.0007475254534244127,-0.12236147207022907,0.5,-0.26820993427590867
2023-09-05,1,11,-0.018198909847431555,0.026247205105630632,-0.07961171999550633,0.5714285714285714,-0.24674167918318132
2023-09-06,1,11,-0.018198909847431555,0.026247205105630632,-0.07961171999550633,0.5714285714285714,-0.24674167918318132
2023-09-07,1,11,-0.018198909847431555,0.026247205105630632,-0.07961171999550633,0.5714285714285714,-0.24674167918318132
2023-09-08,1,11,-0.021232061488670146,0.06349210966027276,-0.05815811777253518,0.6666666666666666,-0.23786529238037823
2023-09-09,1,11,-0.03174910084911044,0.05836874941410952,-0.10213297565047456,0.8,-0.24543835085645388
2023-09-10,1,10,-0.028960303454127326,0.08492463313727386,-0.11941539448058498,0.75,-0.278929086111551
2023-09-11,1,10,-0.010207940837387167,0.034971974617814434,-0.17197414916251907,0.6666666666666666,-0.29104523309497116
2023-09-12,1,10,-0.010207940837387167,0.034971974617814434,-0.17197414916251907,0.6666666666666666,-0.29104523309497116
2023-09-13,1,10,-0.010207940837387167,0.034971974617814434,-0.17197414916251907,0.6666666666666666,-0.29104523309497116
2023-09-14,1,10,-0.010207940837387167,0.034971974617814434,-0.17197414916251907,0.6666666666666666,-0.29104523309497116
2023-09-15,1,10,-0.043721002165171656,0.024048871017630757,-0.059097587380142244,1.0,-0.1911974792720864
2023-09-16,1,10,-0.0792452830188679,0.1792452830188679,0.1768867924528302,1.0,-0.11793214862681745
2023-09-17,1,10,-0.0792452830188679,0.1792452830188679,0.1768867924528302,1.0,-0.11793214862681745
2023-09-18,1,10,-0.0792452830188679,0.1792452830188679,0.1768867924528302,1.0,-0.11793214862681745
2023-09-19,1,10,-0.0792452830188679,0.1792452830188679,0.1768867924528302,1.0,-0.11793214862681745
2023-09-20,1,10,-0.0792452830188679,0.1792452830188679,0.1768867924528302,1.0,-0.11793214862681745
2023-09-21,1,10,-0.0792452830188679,0.1792452830188679,0.1768867924528302,1.0,-0.11793214862681745
2023-09-22,1,10,-0.0792452830188679,0.1792452830188679,0.1768867924528302,1.0,-0.11793214862681745
2023-09-23,1,10,-0.0792452830188679,0.1792452830188679,0.1768867924528302,1.0,-0.11793214862681745
2023-09-24,1,10,-0.0792452830188679,0.1792452830188679,0.1768867924528302,1.0,-0.11793214862681745
2023-09-25,3,12,-0.036494493379227035,0.04363882213245617,-0.10370988596237057,1.0,-0.32168831350437505
2023-09-26,4,12,-0.013978012891563153,0.038979116599342105,-0.035818128757492206,0.75,-0.26325320581232037
2023-09-27,4,11,-0.013978012891563153,0.038979116599342105,-0.035818128757492206,0.75,-0.26325320581232037
2023-09-28,7,13,-0.05367423883751173,-0.054684976885856704,-0.14514482202882126,0.7142857142857143,-0.2628152290464878
2023-09-29,7,13,-0.05367423883751173,-0.054684976885856704,-0.14514482202882126,0.7142857142857143,-0.2628152290464878
2023-09-30,7,13,-0.05367423883751173,-0.054684976885856704,-0.14514482202882126,0.7142857142857143,-0.2628152290464878
2023-10-01,7,13,-0.05367423883751173,-0.054684976885856704,-0.14514482202882126,0.7142857142857143,-0.2628152290464878
2023-10-02,7,13,-0.05367423883751173,-0.054684976885856704,-0.14514482202882126,0.7142857142857143,-0.2628152290464878
2023-10-03,7,13,-0.05367423883751173,-0.054684976885856704,-0.14514482202882126,0.7142857142857143,-0.2628152290464878
2023-10-04,7,13,-0.05367423883751173,-0.054684976885856704,-0.14514482202882126,0.7142857142857143,-0.2628152290464878
2023-10-05,6,13,-0.05367423883751173,-0.054684976885856704,-0.14514482202882126,0.7142857142857143,-0.2628152290464878
2023-10-06,7,14,-0.05879241723885244,-0.08008497629646041,-0.12955273968338188,0.75,-0.2525043090222342
2023-10-07,7,14,-0.05879241723885244,-0.08008497629646041,-0.12955273968338188,0.75,-0.2525043090222342
2023-10-08,7,13,-0.05879241723885244,-0.08008497629646041,-0.12955273968338188,0.75,-0.2525043090222342
2023-10-09,7,12,-0.05879241723885244,-0.08008497629646041,-0.12955273968338188,0.75,-0.2525043090222342
2023-10-10,7,11,-0.05879241723885244,-0.08008497629646041,-0.12955273968338188,0.75,-0.2525043090222342
2023-10-11,8,11,-0.016126231764255483,-0.060346537195769684,-0.10883459426237375,0.6666666666666666,-0.24830648872869354
2023-10-12,10,13,0.0003116046690436409,-0.0061298734467711835,-0.04299206789735759,0.5454545454545454,-0.2271033774920007
2023-10-13,10,13,0.0003116046690436409,-0.0061298734467711835,-0.04299206789735759,0.5454545454545454,-0.2271033774920007
2023-10-14,10,13,0.0003116046690436409,-0.0061298734467711835,-0.04299206789735759,0.5454545454545454,-0.2271033774920007
2023-10-15,10,12,0.0003116046690436409,-0.0061298734467711835,-0.04299206789735759,0.5454545454545454,-0.2271033774920007
2023-10-16,10,11,0.0003116046690436409,-0.0061298734467711835,-0.04299206789735759,0.5454545454545454,-0.2271033774920007
2023-10-17,10,11,0.0003116046690436409,-0.0061298734467711835,-0.04299206789735759,0.5454545454545454,-0.2271033774920007
2023-10-18,10,11,0.0003116046690436409,-0.0061298734467711835,-0.04299206789735759,0.5454545454545454,-0.2271033774920007
2023-10-19,10,11,0.0003116046690436409,-0.0061298734467711835,-0.04299206789735759,0.5454545454545454,-0.2271033774920007
2023-10-20,10,11,0.0003116046690436409,-0.0061298734467711835,-0.04299206789735759,0.5454545454545454,-0.2271033774920007
2023-10-21,10,11,0.0003116046690436409,-0.0061298734467711835,-0.04299206789735759,0.5454545454545454,-0.2271033774920007
2023-10-22,10,11,0.0003116046690436409,-0.0061298734467711835,-0.04299206789735759,0.5454545454545454,-0.2271033774920007
2023-10-23,10,11,0.0003116046690436409,-0.0061298734467711835,-0.04299206789735759,0.5454545454545454,-0.2271033774920007
2023-10-24,10,11,0.0003116046690436409,-0.0061298734467711835,-0.04299206789735759,0.5454545454545454,-0.2271033774920007
2023-10-25,8,11,0.0003116046690436409,-0.0061298734467711835,-0.04299206789735759,0.5454545454545454,-0.2271033774920007
2023-10-26,7,11,0.0003116046690436409,-0.0061298734467711835,-0.04299206789735759,0.5454545454545454,-0.2271033774920007
2023-10-27,8,12,0.00028563761328999956,-0.0028412728817624744,-0.03899272890591112,0.5,-0.21599473620391532
2023-10-28,5,12,0.00028563761328999956,-0.0028412728817624744,-0.03899272890591112,0.5,-0.21599473620391532
2023-10-29,5,12,0.00028563761328999956,-0.0028412728817624744,-0.03899272890591112,0.5,-0.21599473620391532
2023-10-30,5,12,0.00028563761328999956,-0.0028412728817624744,-0.03899272890591112,0.5,-0.21599473620391532
2023-10-31,5,12,0.00028563761328999956,-0.0028412728817624744,-0.03899272890591112,0.5,-0.21599473620391532
2023-11-01,5,12,0.00028563761328999956,-0.0028412728817624744,-0.03899272890591112,0.5,-0.21599473620391532
2023-11-02,6,13,0.00026366548919077096,0.0023940089787075408,-0.022872629615232603,0.46153846153846156,-0.2137248708410362
2023-11-03,7,14,0.012130546525677145,0.002223008337371288,-0.0005531560712874155,0.42857142857142855,-0.21044282994303182
2023-11-04,7,14,0.01915945649064215,-0.011394089715051531,-0.014202382880834918,0.38461538461538464,-0.2175590361981252
2023-11-05,6,14,0.01915945649064215,-0.011394089715051531,-0.014202382880834918,0.38461538461538464,-0.2175590361981252
2023-11-06,6,14,0.01915945649064215,-0.011394089715051531,-0.014202382880834918,0.38461538461538464,-0.2175590361981252
2023-11-07,6,14,0.01915945649064215,-0.011394089715051531,-0.014202382880834918,0.38461538461538464,-0.2175590361981252
2023-11-08,6,14,0.01915945649064215,-0.011394089715051531,-0.014202382880834918,0.38461538461538464,-0.2175590361981252
2023-11-09,7,15,9.760802571423062e-05,-0.029256504014566198,-0.00204769104989718,0.42857142857142855,-0.21809053361254485
2023-11-10,8,17,-0.003957933358049719,-0.01803689696764323,0.009620356307379438,0.5,-0.20065134735559853
2023-11-11,6,17,-0.003957933358049719,-0.01803689696764323,0.009620356307379438,0.5,-0.20065134735559853
2023-11-12,6,17,-0.003957933358049719,-0.01803689696764323,0.009620356307379438,0.5,-0.20065134735559853
2023-11-13,6,17,-0.003957933358049719,-0.01803689696764323,0.009620356307379438,0.5,-0.20065134735559853
2023-11-14,6,17,-0.003957933358049719,-0.01803689696764323,0.009620356307379438,0.5,-0.20065134735559853
2023-11-15,6,17,-0.003957933358049719,-0.01803689696764323,0.009620356307379438,0.5,-0.20065134735559853
2023-11-16,6,17,-0.003957933358049719,-0.01803689696764323,0.009620356307379438,0.5,-0.20065134735559853
2023-11-17,7,18,-0.0014332879275150972,-0.012501385948811007,0.016366468710557705,0.47058823529411764,-0.19752571091999332
2023-11-18,7,18,-0.0014332879275150972,-0.012501385948811007,0.016366468710557705,0.47058823529411764,-0.19752571091999332
2023-11-19,7,18,-0.0014332879275150972,-0.012501385948811007,0.016366468710557705,0.47058823529411764,-0.19752571091999332
2023-11-20,7,18,-0.0014332879275150972,-0.012501385948811007,0.016366468710557705,0.47058823529411764,-0.19752571091999332
2023-11-21,7,18,-0.0014332879275150972,-0.012501385948811007,0.016366468710557705,0.47058823529411764,-0.19752571091999332
2023-11-22,8,19,-0.0013536608204309233,-0.014864968482745568,0.002969962548758115,0.4444444444444444,-0.20213778178140146
2023-11-23,8,19,-0.0013536608204309233,-0.014864968482745568,0.002969962548758115,0.4444444444444444,-0.20213778178140146
2023-11-24,8,19,0.0003670188969410373,-0.013702538504245052,0.03384223601359926,0.375,-0.1744592050111824
2023-11-25,8,19,-0.003179941748024792,-0.01628270773786138,0.024907908890696332,0.4,-0.18022662649618415
2023-11-26,7,19,-0.003179941748024792,-0.01628270773786138,0.024907908890696332,0.4,-0.18022662649618415
2023-11-27,7,19,0.022675707839663134,0.024539224044203722,0.10386332271101877,0.3333333333333333,-0.15972546811388577
2023-11-28,7,19,0.022675707839663134,0.024539224044203722,0.10386332271101877,0.3333333333333333,-0.15972546811388577
2023-11-29,7,19,0.022675707839663134,0.024539224044203722,0.10386332271101877,0.3333333333333333,-0.15972546811388577
2023-11-30,7,19,0.022675707839663134,0.024539224044203722,0.10386332271101877,0.3333333333333333,-0.15972546811388577
2023-12-01,7,19,0.022675707839663134,0.024539224044203722,0.10386332271101877,0.3333333333333333,-0.15972546811388577
2023-12-02,6,19,0.022675707839663134,0.024539224044203722,0.10386332271101877,0.3333333333333333,-0.15972546811388577
2023-12-03,5,19,0.022675707839663134,0.024539224044203722,0.10386332271101877,0.3333333333333333,-0.15972546811388577
2023-12-04,5,18,0.022675707839663134,0.024539224044203722,0.10386332271101877,0.3333333333333333,-0.15972546811388577
2023-12-05,8,21,0.05560924302573,0.05518923429465609,0.12070942666494963,0.21428571428571427,-0.1640699272826063
2023-12-06,9,22,0.052894292137501346,0.05295334397947783,0.15217498676369587,0.2,-0.15816444555989256
2023-12-07,9,22,0.052894292137501346,0.05295334397947783,0.15217498676369587,0.2,-0.15816444555989256
2023-12-08,9,22,0.052894292137501346,0.05295334397947783,0.15217498676369587,0.2,-0.15816444555989256
2023-12-09,8,22,0.052894292137501346,0.05295334397947783,0.15217498676369587,0.2,-0.15816444555989256
2023-12-10,6,22,0.033443652144999995,0.049767084577315095,0.15897958802498194,0.21428571428571427,-0.15412448264414433
2023-12-11,6,22,0.026637282732685053,0.018420746436247262,0.14325963590494303,0.25,-0.1578636669303545
2023-12-12,7,23,0.01872745512321111,0.007479956417341794,0.1263055979781892,0.3076923076923077,-0.16253236186116785
2023-12-13,7,23,0.01872745512321111,0.007479956417341794,0.1263055979781892,0.3076923076923077,-0.16253236186116785
2023-12-14,7,23,0.01872745512321111,0.007479956417341794,0.1263055979781892,0.3076923076923077,-0.16253236186116785
2023-12-15,7,23,0.01872745512321111,0.007479956417341794,0.1263055979781892,0.3076923076923077,-0.16253236186116785
2023-12-16,7,23,0.01872745512321111,0.007479956417341794,0.1263055979781892,0.3076923076923077,-0.16253236186116785
2023-12-17,6,23,0.01872745512321111,0.007479956417341794,0.1263055979781892,0.3076923076923077,-0.16253236186116785
2023-12-18,7,24,0.018081023996898787,0.006331234491986351,0.11828223345286537,0.2857142857142857,-0.16684689171512113
2023-12-19,7,24,0.018081023996898787,0.006331234491986351,0.11828223345286537,0.2857142857142857,-0.16684689171512113
2023-12-20,9,26,-0.003207653311528169,0.007831476893765836,0.11652751488167129,0.375,-0.1557798882998983
2023-12-21,9,26,-0.003207653311528169,0.007831476893765836,0.11652751488167129,0.375,-0.1557798882998983
2023-12-22,12,30,-0.016618887594551428,-0.0037290991089560708,0.07543793734257295,0.4,-0.1543766062558441
2023-12-23,12,30,-0.016618887594551428,-0.0037290991089560708,0.07543793734257295,0.4,-0.1543766062558441
2023-12-24,12,28,-0.016618887594551428,-0.0037290991089560708,0.07543793734257295,0.4,-0.1543766062558441
2023-12-25,12,27,-0.016618887594551428,-0.0037290991089560708,0.07543793734257295,0.4,-0.1543766062558441
2023-12-26,12,27,-0.0174935658890015,-0.0056797534480239305,0.07914519720270836,0.42105263157894735,-0.1575648654253635
2023-12-27,12,24,-0.0174935658890015,-0.0056797534480239305,0.07914519720270836,0.42105263157894735,-0.1575648654253635
2023-12-28,13,25,-0.021309506357026477,-0.0052959653764211405,0.06570689941842126,0.45,-0.1628445168909374
2023-12-29,14,26,-0.019791563340184132,-0.006050185786749939,0.06151862130108662,0.42857142857142855,-0.16405298487346137
2023-12-30,14,26,-0.019791563340184132,-0.006050185786749939,0.06151862130108662,0.42857142857142855,-0.16405298487346137
2023-12-31,14,26,-0.019791563340184132,-0.006050185786749939,0.06151862130108662,0.42857142857142855,-0.16405298487346137
2024-01-01,14,26,-0.02078114150719334,-0.009613564641304825,0.05606612427249548,0.45,-0.16293130979281012
2024-01-02,14,26,-0.030632780533887728,-0.010119541727689285,0.04377486765525837,0.47368421052631576,-0.16267631039932776
2024-01-03,14,26,-0.030632780533887728,-0.010119541727689285,0.04377486765525837,0.47368421052631576,-0.16267631039932776
2024-01-04,11,25,-0.030632780533887728,-0.010119541727689285,0.04377486765525837,0.47368421052631576,-0.16267631039932776
2024-01-05,11,26,-0.02910114150719334,-0.00961356464130482,0.0389117056678443,0.45,-0.15691792941006819
2024-01-06,11,26,-0.02910114150719334,-0.00961356464130482,0.0389117056678443,0.45,-0.15691792941006819
2024-01-07,11,26,-0.02910114150719334,-0.00961356464130482,0.0389117056678443,0.45,-0.15691792941006819
2024-01-08,11,26,-0.017595600427658845,0.0036419261622189746,0.03275109529497856,0.42105263157894735,-0.1533346625369139
2024-01-09,14,28,-0.005866747150198687,0.044268771359907,0.08550133702330362,0.35,-0.16296390143613843
2024-01-10,14,26,-0.005866747150198687,0.044268771359907,0.08550133702330362,0.35,-0.16296390143613843
2024-01-11,13,26,-0.005866747150198687,0.044268771359907,0.08550133702330362,0.35,-0.16296390143613843
2024-01-12,14,27,0.017818594320230474,0.08870364557817347,0.12286110655434346,0.3333333333333333,-0.16506488082798185
2024-01-13,14,27,0.017818594320230474,0.08870364557817347,0.12286110655434346,0.3333333333333333,-0.16506488082798185
2024-01-14,14,27,0.017818594320230474,0.08870364557817347,0.12286110655434346,0.3333333333333333,-0.16506488082798185
2024-01-15,14,27,0.017818594320230474,0.08870364557817347,0.12286110655434346,0.3333333333333333,-0.16506488082798185
2024-01-16,14,27,0.01676147208819005,0.0893354883394569,0.12278894852399014,0.35,-0.16594234847186543
2024-01-17,13,27,0.01676147208819005,0.0893354883394569,0.12278894852399014,0.35,-0.16594234847186543
2024-01-18,13,27,0.01676147208819005,0.0893354883394569,0.12278894852399014,0.35,-0.16594234847186543
2024-01-19,11,27,0.01676147208819005,0.0893354883394569,0.12278894852399014,0.35,-0.16594234847186543
2024-01-20,11,27,0.01676147208819005,0.0893354883394569,0.12278894852399014,0.35,-0.16594234847186543
2024-01-21,7,27,0.017643654829673738,0.09693450728151427,0.14108155856219148,0.3684210526315789,-0.15991073594799834
2024-01-22,7,27,0.017643654829673738,0.09693450728151427,0.14108155856219148,0.3684210526315789,-0.15991073594799834
2024-01-23,7,27,0.017643654829673738,0.09693450728151427,0.14108155856219148,0.3684210526315789,-0.15991073594799834
2024-01-24,7,27,0.017643654829673738,0.09693450728151427,0.14108155856219148,0.3684210526315789,-0.15991073594799834
2024-01-25,7,26,0.017643654829673738,0.09693450728151427,0.14108155856219148,0.3684210526315789,-0.15991073594799834
2024-01-26,7,26,0.017643654829673738,0.09693450728151427,0.14108155856219148,0.3684210526315789,-0.15991073594799834
2024-01-27,6,26,0.017643654829673738,0.09693450728151427,0.14108155856219148,0.3684210526315789,-0.15991073594799834
2024-01-28,5,26,0.017643654829673738,0.09693450728151427,0.14108155856219148,0.3684210526315789,-0.15991073594799834
2024-01-29,5,26,0.017643654829673738,0.09693450728151427,0.14108155856219148,0.3684210526315789,-0.15991073594799834
2024-01-30,5,26,0.017643654829673738,0.09693450728151427,0.14108155856219148,0.3684210526315789,-0.15991073594799834
2024-01-31,5,25,0.017643654829673738,0.09693450728151427,0.14108155856219148,0.3684210526315789,-0.15991073594799834
2024-02-01,5,24,0.017643654829673738,0.09693450728151427,0.14108155856219148,0.3684210526315789,-0.15991073594799834
2024-02-02,5,24,0.017643654829673738,0.09693450728151427,0.14108155856219148,0.3684210526315789,-0.15991073594799834
2024-02-03,5,24,-0.004785737529513983,0.1013413761827948,0.14108660469811715,0.4375,-0.1548564218481031
2024-02-04,4,24,-0.00609711867830161,0.10665407595718232,0.11097952313491541,0.4666666666666667,-0.1601476698751833
2024-02-05,4,24,-0.00609711867830161,0.10665407595718232,0.11097952313491541,0.4666666666666667,-0.1601476698751833
2024-02-06,4,24,-0.00609711867830161,0.10665407595718232,0.11097952313491541,0.4666666666666667,-0.1601476698751833
2024-02-07,4,23,-0.00609711867830161,0.10665407595718232,0.11097952313491541,0.4666666666666667,-0.1601476698751833
2024-02-08,1,21,-0.00609711867830161,0.10665407595718232,0.11097952313491541,0.4666666666666667,-0.1601476698751833
2024-02-09,1,21,-0.00609711867830161,0.10665407595718232,0.11097952313491541,0.4666666666666667,-0.1601476698751833
2024-02-10,1,21,-0.0010904502845748474,0.12311576165480419,0.12441683601189919,0.42857142857142855,-0.15597559622120158
2024-02-11,0,21,-0.0010904502845748474,0.12311576165480419,0.12441683601189919,0.42857142857142855,-0.15597559622120158
2024-02-12,0,21,-0.0010904502845748474,0.12311576165480419,0.12441683601189919,0.42857142857142855,-0.15597559622120158
2024-02-13,0,21,-0.0010904502845748474,0.12311576165480419,0.12441683601189919,0.42857142857142855,-0.15597559622120158
2024-02-14,0,21,-0.0010904502845748474,0.12311576165480419,0.12441683601189919,0.42857142857142855,-0.15597559622120158
2024-02-15,0,20,-0.0010904502845748474,0.12311576165480419,0.12441683601189919,0.42857142857142855,-0.15597559622120158
2024-02-16,0,20,-0.001918747949145121,0.13324790874653025,0.13291209304176405,0.46153846153846156,-0.15082481286771604
2024-02-17,0,20,-0.001918747949145121,0.13324790874653025,0.13291209304176405,0.46153846153846156,-0.15082481286771604
2024-02-18,0,20,0.025410278691104293,0.1541414969356771,0.13812438543420977,0.36363636363636365,-0.16400916713578464
2024-02-19,0,20,0.025410278691104293,0.1541414969356771,0.13812438543420977,0.36363636363636365,-0.16400916713578464
2024-02-20,0,19,0.08008119492981787,0.27077743982454616,0.26786424729022695,0.2857142857142857,-0.17272098945358896
2024-02-21,0,19,0.08008119492981787,0.27077743982454616,0.26786424729022695,0.2857142857142857,-0.17272098945358896
2024-02-22,0,19,0.08008119492981787,0.27077743982454616,0.26786424729022695,0.2857142857142857,-0.17272098945358896
2024-02-23,0,19,0.08008119492981787,0.27077743982454616,0.26786424729022695,0.2857142857142857,-0.17272098945358896
2024-02-24,0,19,0.08008119492981787,0.27077743982454616,0.26786424729022695,0.2857142857142857,-0.17272098945358896
2024-02-25,0,19,0.08008119492981787,0.27077743982454616,0.26786424729022695,0.2857142857142857,-0.17272098945358896
2024-02-26,0,19,0.109063456626371,0.31557434513129856,0.3441117482524371,0.16666666666666666,-0.15764817190638006
2024-02-27,0,19,0.12876268855231263,0.38291613295622345,0.4173834861120458,0.2,-0.15153333738286795
2024-02-28,0,19,0.12876268855231263,0.38291613295622345,0.4173834861120458,0.2,-0.15153333738286795
2024-02-29,0,19,0.12876268855231263,0.38291613295622345,0.4173834861120458,0.2,-0.15153333738286795
2024-03-01,0,19,0.12876268855231263,0.38291613295622345,0.4173834861120458,0.2,-0.15153333738286795
2024-03-02,0,19,0.12876268855231263,0.38291613295622345,0.4173834861120458,0.2,-0.15153333738286795
2024-03-03,0,19,0.12876268855231263,0.38291613295622345,0.4173834861120458,0.2,-0.15153333738286795
2024-03-04,0,16,0.12876268855231263,0.38291613295622345,0.4173834861120458,0.2,-0.15153333738286795
2024-03-05,0,15,0.1609533606903908,0.4786451661952793,0.5351014506633129,0.25,-0.1775394990750508
2024-03-06,0,15,0.1609533606903908,0.4786451661952793,0.5351014506633129,0.25,-0.1775394990750508
2024-03-07,0,15,0.1609533606903908,0.4786451661952793,0.5351014506633129,0.25,-0.1775394990750508
2024-03-08,2,17,0.20302873618675624,0.6924586008253429,0.8601531038610121,0.3333333333333333,-0.23104135133221135
2024-03-09,2,17,0.35529479936259595,1.0725240233714812,1.2968564392293207,0.3333333333333333,-0.29439152678597164
2024-03-10,2,17,0.35529479936259595,1.0725240233714812,1.2968564392293207,0.3333333333333333,-0.29439152678597164
2024-03-11,2,16,0.35529479936259595,1.0725240233714812,1.2968564392293207,0.3333333333333333,-0.29439152678597164
2024-03-12,2,16,0.28717948717948716,1.1200854700854703,1.5102564102564104,0.5,-0.33804505584653244
2024-03-13,2,16,0.28717948717948716,1.1200854700854703,1.5102564102564104,0.5,-0.33804505584653244
2024-03-14,2,16,0.28717948717948716,1.1200854700854703,1.5102564102564104,0.5,-0.33804505584653244
2024-03-15,2,16,0.28717948717948716,1.1200854700854703,1.5102564102564104,0.5,-0.33804505584653244
2024-03-16,2,16,0.28717948717948716,1.1200854700854703,1.5102564102564104,0.5,-0.33804505584653244
2024-03-17,2,15,0.28717948717948716,1.1200854700854703,1.5102564102564104,0.5,-0.33804505584653244
2024-03-18,2,15,0.28717948717948716,1.1200854700854703,1.5102564102564104,0.5,-0.33804505584653244
2024-03-19,2,13,0.28717948717948716,1.1200854700854703,1.5102564102564104,0.5,-0.33804505584653244
2024-03-20,3,14,0.1561731861001934,0.7047528438039389,0.9636502589057335,0.6666666666666666,-0.3116218739657155
2024-03-21,4,11,0.10057737815961995,0.5114413451817214,0.7849523060514463,0.75,-0.25855084256037936
2024-03-22,4,11,0.10057737815961995,0.5114413451817214,0.7849523060514463,0.75,-0.25855084256037936
2024-03-23,4,11,0.10057737815961995,0.5114413451817214,0.7849523060514463,0.75,-0.25855084256037936
2024-03-24,4,11,0.10057737815961995,0.5114413451817214,0.7849523060514463,0.75,-0.25855084256037936
2024-03-25,4,11,0.10057737815961995,0.5114413451817214,0.7849523060514463,0.75,-0.25855084256037936
2024-03-26,5,12,0.09864372070951415,0.6091530761453771,0.8075982084775205,0.6,-0.2268406740483035
2024-03-27,5,11,0.09864372070951415,0.6091530761453771,0.8075982084775205,0.6,-0.2268406740483035
2024-03-28,7,12,0.02161708434588478,0.37439744971388195,0.5036923925785929,0.7142857142857143,-0.2352130656698063
2024-03-29,7,12,0.02161708434588478,0.37439744971388195,0.5036923925785929,0.7142857142857143,-0.2352130656698063
2024-03-30,7,12,0.02161708434588478,0.37439744971388195,0.5036923925785929,0.7142857142857143,-0.2352130656698063
2024-03-31,7,12,0.02161708434588478,0.37439744971388195,0.5036923925785929,0.7142857142857143,-0.2352130656698063
2024-04-01,7,12,0.02161708434588478,0.37439744971388195,0.5036923925785929,0.7142857142857143,-0.2352130656698063
2024-04-02,7,12,0.02161708434588478,0.37439744971388195,0.5036923925785929,0.7142857142857143,-0.2352130656698063
2024-04-03,7,12,0.02161708434588478,0.37439744971388195,0.5036923925785929,0.7142857142857143,-0.2352130656698063
2024-04-04,7,11,0.02161708434588478,0.37439744971388195,0.5036923925785929,0.7142857142857143,-0.2352130656698063
2024-04-05,7,11,0.02161708434588478,0.37439744971388195,0.5036923925785929,0.7142857142857143,-0.2352130656698063
2024-04-06,7,11,0.02161708434588478,0.37439744971388195,0.5036923925785929,0.7142857142857143,-0.2352130656698063
2024-04-07,5,11,0.02161708434588478,0.37439744971388195,0.5036923925785929,0.7142857142857143,-0.2352130656698063
2024-04-08,5,8,0.02161708434588478,0.37439744971388195,0.5036923925785929,0.7142857142857143,-0.2352130656698063
2024-04-09,5,8,0.02161708434588478,0.37439744971388195,0.5036923925785929,0.7142857142857143,-0.2352130656698063
2024-04-10,5,8,0.02161708434588478,0.37439744971388195,0.5036923925785929,0.7142857142857143,-0.2352130656698063
2024-04-11,5,7,0.02161708434588478,0.37439744971388195,0.5036923925785929,0.7142857142857143,-0.2352130656698063
2024-04-12,5,7,0.02161708434588478,0.37439744971388195,0.5036923925785929,0.7142857142857143,-0.2352130656698063
2024-04-13,5,7,0.02161708434588478,0.37439744971388195,0.5036923925785929,0.7142857142857143,-0.2352130656698063
2024-04-14,5,7,0.02161708434588478,0.37439744971388195,0.5036923925785929,0.7142857142857143,-0.2352130656698063
2024-04-15,5,7,0.02161708434588478,0.37439744971388195,0.5036923925785929,0.7142857142857143,-0.2352130656698063
2024-04-16,5,7,0.02161708434588478,0.37439744971388195,0.5036923925785929,0.7142857142857143,-0.2352130656698063
2024-04-17,5,7,0.02161708434588478,0.37439744971388195,0.5036923925785929,0.7142857142857143,-0.2352130656698063
2024-04-18,5,7,0.02161708434588478,0.37439744971388195,0.5036923925785929,0.7142857142857143,-0.2352130656698063
2024-04-19,4,7,0.02161708434588478,0.37439744971388195,0.5036923925785929,0.7142857142857143,-0.2352130656698063
2024-04-20,3,7,0.02161708434588478,0.37439744971388195,0.5036923925785929,0.7142857142857143,-0.2352130656698063
2024-04-21,3,7,0.02161708434588478,0.37439744971388195,0.5036923925785929,0.7142857142857143,-0.2352130656698063
2024-04-22,3,7,0.02161708434588478,0.37439744971388195,0.5036923925785929,0.7142857142857143,-0.2352130656698063
2024-04-23,5,9,-0.025217225751531153,0.2395670510820558,0.32526575577612266,0.7777777777777778,-0.22887845487055397
2024-04-24,6,10,0.0007944297095280106,0.24480497684633346,0.3135445493260271,0.7,-0.22273589240236644
2024-04-25,5,10,0.0007944297095280106,0.24480497684633346,0.3135445493260271,0.7,-0.22273589240236644
2024-04-26,5,10,0.0007944297095280106,0.24480497684633346,0.3135445493260271,0.7,-0.22273589240236644
2024-04-27,3,10,0.0007944297095280106,0.24480497684633346,0.3135445493260271,0.7,-0.22273589240236644
2024-04-28,3,10,0.0007944297095280106,0.24480497684633346,0.3135445493260271,0.7,-0.22273589240236644
2024-04-29,3,10,0.0007944297095280106,0.24480497684633346,0.3135445493260271,0.7,-0.22273589240236644
2024-04-30,3,10,0.0007944297095280106,0.24480497684633346,0.3135445493260271,0.7,-0.22273589240236644
2024-05-01,3,10,0.0007944297095280106,0.24480497684633346,0.3135445493260271,0.7,-0.22273589240236644
2024-05-02,3,10,0.0007944297095280106,0.24480497684633346,0.3135445493260271,0.7,-0.22273589240236644
2024-05-03,3,10,0.0007944297095280106,0.24480497684633346,0.3135445493260271,0.7,-0.22273589240236644
2024-05-04,3,10,0.0007944297095280106,0.24480497684633346,0.3135445493260271,0.7,-0.22273589240236644
2024-05-05,3,10,0.0007944297095280106,0.24480497684633346,0.3135445493260271,0.7,-0.22273589240236644
2024-05-06,3,10,0.0007944297095280106,0.24480497684633346,0.3135445493260271,0.7,-0.22273589240236644
2024-05-07,3,10,-0.07080183465796178,0.025984853536549224,0.014366584093431306,0.75,-0.193908601541325
2024-05-08,3,10,-0.07080183465796178,0.025984853536549224,0.014366584093431306,0.75,-0.193908601541325
2024-05-09,3,10,-0.07080183465796178,0.025984853536549224,0.014366584093431306,0.75,-0.193908601541325
2024-05-10,3,10,-0.07080183465796178,0.025984853536549224,0.014366584093431306,0.75,-0.193908601541325
2024-05-11,3,10,-0.07080183465796178,0.025984853536549224,0.014366584093431306,0.75,-0.193908601541325
2024-05-12,3,10,-0.07080183465796178,0.025984853536549224,0.014366584093431306,0.75,-0.193908601541325
2024-05-13,3,10,-0.07080183465796178,0.025984853536549224,0.014366584093431306,0.75,-0.193908601541325
2024-05-14,3,10,-0.07080183465796178,0.025984853536549224,0.014366584093431306,0.75,-0.193908601541325
2024-05-15,3,10,-0.07080183465796178,0.025984853536549224,0.014366584093431306,0.75,-0.193908601541325
2024-05-16,4,11,-0.04651521105399073,0.06272727721767335,0.10770856857687722,0.6666666666666666,-0.17909184236165587
2024-05-17,5,12,-0.04908912347460322,0.03102102348434534,0.08248684466716641,0.7,-0.18641630298530337
2024-05-18,5,12,-0.04908912347460322,0.03102102348434534,0.08248684466716641,0.7,-0.18641630298530337
2024-05-19,5,12,-0.04278353540973756,0.04845807151139748,0.10604783227414266,0.6666666666666666,-0.1783763910721058
2024-05-20,5,12,-0.03985522162819221,0.06307697428593859,0.08819650537233745,0.625,-0.18825622141307263
2024-05-21,5,12,-0.03985522162819221,0.06307697428593859,0.08819650537233745,0.625,-0.18825622141307263
2024-05-22,5,12,-0.03985522162819221,0.06307697428593859,0.08819650537233745,0.625,-0.18825622141307263
2024-05-23,3,12,-0.03985522162819221,0.06307697428593859,0.08819650537233745,0.625,-0.18825622141307263
2024-05-24,3,13,-0.034965821714686304,-0.0004860582034933571,0.011776331193115077,0.5555555555555556,-0.23207715548930608
2024-05-25,3,13,-0.05070018579265846,-0.12554681547893,-0.0990243546804728,0.625,-0.2485867999254693
2024-05-26,3,13,-0.05070018579265846,-0.12554681547893,-0.0990243546804728,0.625,-0.2485867999254693
2024-05-27,4,14,-0.00044234465840425473,-0.05376585543877506,0.043759013322472486,0.42857142857142855,-0.21589176793291404
2024-05-28,5,15,0.04451586104525552,-0.04744965425326472,0.0933053178869369,0.375,-0.23533386836987125
2024-05-29,5,15,0.04451586104525552,-0.04744965425326472,0.0933053178869369,0.375,-0.23533386836987125
2024-05-30,5,15,0.04451586104525552,-0.04744965425326472,0.0933053178869369,0.375,-0.23533386836987125
2024-05-31,6,16,0.0276156312739436,-0.0653192328994537,0.03312963122516996,0.4444444444444444,-0.23825834247747954
2024-06-01,6,16,0.0276156312739436,-0.0653192328994537,0.03312963122516996,0.4444444444444444,-0.23825834247747954
2024-06-02,6,16,0.0276156312739436,-0.0653192328994537,0.03312963122516996,0.4444444444444444,-0.23825834247747954
2024-06-03,7,17,0.005157098449579548,-0.09818124900344773,-0.021698483412498547,0.5,-0.2597155270976561
2024-06-04,7,17,0.005157098449579548,-0.09818124900344773,-0.021698483412498547,0.5,-0.2597155270976561
2024-06-05,7,17,0.005157098449579548,-0.09818124900344773,-0.021698483412498547,0.5,-0.2597155270976561
2024-06-06,7,15,0.005157098449579548,-0.09818124900344773,-0.021698483412498547,0.5,-0.2597155270976561
2024-06-07,9,17,0.02998385655112019,0.02378359968666936,0.08717936839808127,0.4166666666666667,-0.248167761227301
2024-06-08,9,17,0.02998385655112019,0.02378359968666936,0.08717936839808127,0.4166666666666667,-0.248167761227301
2024-06-09,9,17,0.02998385655112019,0.02378359968666936,0.08717936839808127,0.4166666666666667,-0.248167761227301
2024-06-10,9,17,0.02998385655112019,0.02378359968666936,0.08717936839808127,0.4166666666666667,-0.248167761227301
2024-06-11,9,17,0.02998385655112019,0.02378359968666936,0.08717936839808127,0.4166666666666667,-0.248167761227301
2024-06-12,9,17,0.02998385655112019,0.02378359968666936,0.08717936839808127,0.4166666666666667,-0.248167761227301
2024-06-13,10,18,0.033528697612765154,0.020669662162605597,0.0816149785641201,0.38461538461538464,-0.2373007451116731
2024-06-14,11,19,0.021817020454089373,0.009876487536084102,0.06630511494324394,0.42857142857142855,-0.22598053003156413
2024-06-15,10,19,0.021817020454089373,0.009876487536084102,0.06630511494324394,0.42857142857142855,-0.22598053003156413
2024-06-16,9,19,0.021817020454089373,0.009876487536084102,0.06630511494324394,0.42857142857142855,-0.22598053003156413
2024-06-17,9,19,0.021817020454089373,0.009876487536084102,0.06630511494324394,0.42857142857142855,-0.22598053003156413
2024-06-18,10,19,0.0010643068097816585,-0.015613254008156859,0.028551440613694346,0.4666666666666667,-0.23750995022173296
2024-06-19,10,18,0.0010643068097816585,-0.015613254008156859,0.028551440613694346,0.4666666666666667,-0.23750995022173296
2024-06-20,10,18,0.0010643068097816585,-0.015613254008156859,0.028551440613694346,0.4666666666666667,-0.23750995022173296
2024-06-21,10,18,0.0010643068097816585,-0.015613254008156859,0.028551440613694346,0.4666666666666667,-0.23750995022173296
2024-06-22,10,18,0.030326094179361426,0.017729221395101434,0.07897896579003551,0.38461538461538464,-0.24224881685997332
2024-06-23,9,18,0.013278324622719856,-0.005122202549042794,0.06822273866627444,0.4166666666666667,-0.2484818157492478
2024-06-24,9,17,0.013278324622719856,-0.005122202549042794,0.06822273866627444,0.4166666666666667,-0.2484818157492478
2024-06-25,9,17,0.013278324622719856,-0.005122202549042794,0.06822273866627444,0.4166666666666667,-0.2484818157492478
2024-06-26,8,15,0.013278324622719856,-0.005122202549042794,0.06822273866627444,0.4166666666666667,-0.2484818157492478
2024-06-27,7,15,0.013278324622719856,-0.005122202549042794,0.06822273866627444,0.4166666666666667,-0.2484818157492478
2024-06-28,10,18,-0.022265770887335324,-0.04046650396498202,0.011063269424140732,0.4666666666666667,-0.26022141724671494
2024-06-29,10,18,-0.022265770887335324,-0.04046650396498202,0.011063269424140732,0.4666666666666667,-0.26022141724671494
2024-06-30,9,18,-0.022265770887335324,-0.04046650396498202,0.011063269424140732,0.4666666666666667,-0.26022141724671494
2024-07-01,9,18,-0.022265770887335324,-0.04046650396498202,0.011063269424140732,0.4666666666666667,-0.26022141724671494
2024-07-02,10,19,-0.028027774664708176,-0.05902168481656822,-0.003182401782337932,0.5,-0.2605392113218564
2024-07-03,11,21,-0.038827310614319974,-0.0889202615179494,-0.0282826868421072,0.5555555555555556,-0.2755820981644391
2024-07-04,11,21,-0.038827310614319974,-0.0889202615179494,-0.0282826868421072,0.5555555555555556,-0.2755820981644391
2024-07-05,11,21,-0.038827310614319974,-0.0889202615179494,-0.0282826868421072,0.5555555555555556,-0.2755820981644391
2024-07-06,11,21,-0.038827310614319974,-0.0889202615179494,-0.0282826868421072,0.5555555555555556,-0.2755820981644391
2024-07-07,9,21,-0.038827310614319974,-0.0889202615179494,-0.0282826868421072,0.5555555555555556,-0.2755820981644391
2024-07-08,9,21,-0.038827310614319974,-0.0889202615179494,-0.0282826868421072,0.5555555555555556,-0.2755820981644391
2024-07-09,11,23,-0.025765893655452076,-0.07736731122085531,-0.029925572004050327,0.55,-0.28224641878411794
2024-07-10,14,26,-0.02009743261009211,-0.07325882878364974,-0.02206955474649241,0.5217391304347826,-0.2893949603676935
2024-07-11,14,26,-0.02009743261009211,-0.07325882878364974,-0.02206955474649241,0.5217391304347826,-0.2893949603676935
2024-07-12,15,27,-0.0192600395846716,-0.07452455940251283,-0.024028777844176438,0.5,-0.28263986732206997
2024-07-13,14,27,-0.0192600395846716,-0.07452455940251283,-0.024028777844176438,0.5,-0.28263986732206997
2024-07-14,13,27,-0.0192600395846716,-0.07452455940251283,-0.024028777844176438,0.5,-0.28263986732206997
2024-07-15,14,28,-0.03058776329378217,-0.07531936881046092,-0.0489858608395806,0.5416666666666666,-0.29503573561933266
2024-07-16,14,28,-0.028776173208289423,-0.06753606918849804,-0.04483269520129146,0.5217391304347826,-0.2968922263593849
2024-07-17,14,28,-0.028776173208289423,-0.06753606918849804,-0.04483269520129146,0.5217391304347826,-0.2968922263593849
2024-07-18,13,28,-0.028776173208289423,-0.06753606918849804,-0.04483269520129146,0.5217391304347826,-0.2968922263593849
2024-07-19,13,28,-0.028776173208289423,-0.06753606918849804,-0.04483269520129146,0.5217391304347826,-0.2968922263593849
2024-07-20,13,28,-0.028776173208289423,-0.06753606918849804,-0.04483269520129146,0.5217391304347826,-0.2968922263593849
2024-07-21,13,28,-0.028776173208289423,-0.06753606918849804,-0.04483269520129146,0.5217391304347826,-0.2968922263593849
2024-07-22,13,26,-0.028776173208289423,-0.06753606918849804,-0.04483269520129146,0.5217391304347826,-0.2968922263593849
2024-07-23,13,25,-0.030272789153818976,-0.047469966964386656,-0.01961667851768362,0.5454545454545454,-0.2839034808257581
2024-07-24,13,25,-0.030272789153818976,-0.047469966964386656,-0.01961667851768362,0.5454545454545454,-0.2839034808257581
2024-07-25,13,25,-0.030272789153818976,-0.047469966964386656,-0.01961667851768362,0.5454545454545454,-0.2839034808257581
2024-07-26,13,25,-0.034600353428098946,-0.05939855124984807,-0.04847288398822265,0.5714285714285714,-0.29576383393299566
2024-07-27,13,25,-0.05429153614804759,-0.062206666514605845,-0.0729030006795432,0.6,-0.2919805970582169
2024-07-28,10,25,-0.05429153614804759,-0.062206666514605845,-0.0729030006795432,0.6,-0.2919805970582169
2024-07-29,10,25,-0.05429153614804759,-0.062206666514605845,-0.0729030006795432,0.6,-0.2919805970582169
2024-07-30,10,25,-0.0514865534770737,-0.05451881411700798,-0.05314653429062622,0.5789473684210527,-0.29357672662242057
2024-07-31,10,25,-0.0514865534770737,-0.05451881411700798,-0.05314653429062622,0.5789473684210527,-0.29357672662242057
2024-08-01,9,25,-0.0514865534770737,-0.05451881411700798,-0.05314653429062622,0.5789473684210527,-0.29357672662242057
2024-08-02,7,25,-0.043404156616372404,-0.035662115237986534,-0.02747959090946573,0.5555555555555556,-0.2847293120637081
2024-08-03,7,25,-0.043404156616372404,-0.035662115237986534,-0.02747959090946573,0.5555555555555556,-0.2847293120637081
2024-08-04,7,25,-0.043404156616372404,-0.035662115237986534,-0.02747959090946573,0.5555555555555556,-0.2847293120637081
2024-08-05,7,25,-0.043404156616372404,-0.035662115237986534,-0.02747959090946573,0.5555555555555556,-0.2847293120637081
2024-08-06,8,26,-0.060070362336704604,-0.12290390109987073,-0.11177716186690942,0.5882352941176471,-0.29276016556589324
2024-08-07,8,26,-0.060070362336704604,-0.12290390109987073,-0.11177716186690942,0.5882352941176471,-0.29276016556589324
2024-08-08,7,27,-0.05185723345984277,-0.11208654489219468,-0.09670207131401966,0.5555555555555556,-0.2856136084458203
2024-08-09,4,27,-0.05185723345984277,-0.11208654489219468,-0.09670207131401966,0.5555555555555556,-0.2856136084458203
2024-08-10,4,27,-0.05185723345984277,-0.11208654489219468,-0.09670207131401966,0.5555555555555556,-0.2856136084458203
2024-08-11,3,27,-0.05185723345984277,-0.11208654489219468,-0.09670207131401966,0.5555555555555556,-0.2856136084458203
2024-08-12,3,27,-0.05938217603703967,-0.11769765999607913,-0.10326350495346703,0.5882352941176471,-0.29612637648827217
2024-08-13,3,27,-0.05494138812631117,-0.11690158983279059,-0.1014222795050496,0.5625,-0.3097081666444049
2024-08-14,2,26,-0.05494138812631117,-0.11690158983279059,-0.1014222795050496,0.5625,-0.3097081666444049
2024-08-15,2,25,-0.05494138812631117,-0.11690158983279059,-0.1014222795050496,0.5625,-0.3097081666444049
2024-08-16,2,25,-0.05494138812631117,-0.11690158983279059,-0.1014222795050496,0.5625,-0.3097081666444049
2024-08-17,2,25,-0.03930590172069682,-0.09986372011314128,-0.0748504314720529,0.5333333333333333,-0.3037605888950921
2024-08-18,2,25,-0.03930590172069682,-0.09986372011314128,-0.0748504314720529,0.5333333333333333,-0.3037605888950921
2024-08-19,2,25,-0.03930590172069682,-0.09986372011314128,-0.0748504314720529,0.5333333333333333,-0.3037605888950921
2024-08-20,3,26,-0.0402159955703356,-0.0568473757276169,-0.00016192038902751796,0.5625,-0.2907538129587141
2024-08-21,3,26,-0.0402159955703356,-0.0568473757276169,-0.00016192038902751796,0.5625,-0.2907538129587141
2024-08-22,3,25,-0.0402159955703356,-0.0568473757276169,-0.00016192038902751796,0.5625,-0.2907538129587141
2024-08-23,3,25,-0.0402159955703356,-0.0568473757276169,-0.00016192038902751796,0.5625,-0.2907538129587141
2024-08-24,3,25,-0.0402159955703356,-0.0568473757276169,-0.00016192038902751796,0.5625,-0.2907538129587141
2024-08-25,3,24,-0.0402159955703356,-0.0568473757276169,-0.00016192038902751796,0.5625,-0.2907538129587141
2024-08-26,3,23,-0.0402159955703356,-0.0568473757276169,-0.00016192038902751796,0.5625,-0.2907538129587141
2024-08-27,3,23,-0.011548420795592408,-0.028002067904281065,0.05001023818528787,0.5384615384615384,-0.28696319520228275
2024-08-28,3,23,-0.011548420795592408,-0.028002067904281065,0.05001023818528787,0.5384615384615384,-0.28696319520228275
2024-08-29,3,22,-0.011548420795592408,-0.028002067904281065,0.05001023818528787,0.5384615384615384,-0.28696319520228275
2024-08-30,3,22,-0.011548420795592408,-0.028002067904281065,0.05001023818528787,0.5384615384615384,-0.28696319520228275
2024-08-31,3,22,-0.0029726365847833522,-0.002223123763774381,0.07225004719068835,0.5,-0.288767951265058
2024-09-01,3,21,0.02147755574050283,0.06295402650927054,0.1325170500928783,0.4,-0.26733650293704947
2024-09-02,3,21,0.02147755574050283,0.06295402650927054,0.1325170500928783,0.4,-0.26733650293704947
2024-09-03,3,21,0.02147755574050283,0.06295402650927054,0.1325170500928783,0.4,-0.26733650293704947
2024-09-04,3,21,0.02147755574050283,0.06295402650927054,0.1325170500928783,0.4,-0.26733650293704947
2024-09-05,2,19,0.02147755574050283,0.06295402650927054,0.1325170500928783,0.4,-0.26733650293704947
2024-09-06,3,20,-9.13415025662435e-06,0.018538220943814687,0.10514322360058811,0.45454545454545453,-0.2768256546443334
2024-09-07,2,20,-0.02040824373350456,0.0167446608306643,0.1384442818366162,0.4444444444444444,-0.2622923991516904
2024-09-08,2,20,-0.03945851944641066,0.048051464180469405,0.19251447593631085,0.5,-0.2249126465984368
2024-09-09,2,20,-0.03945851944641066,0.048051464180469405,0.19251447593631085,0.5,-0.2249126465984368
2024-09-10,2,20,-0.0473502233356928,0.07838902974383602,0.24483555294175482,0.6,-0.24444063046357867
2024-09-11,2,19,-0.0473502233356928,0.07838902974383602,0.24483555294175482,0.6,-0.24444063046357867
2024-09-12,2,18,-0.0473502233356928,0.07838902974383602,0.24483555294175482,0.6,-0.24444063046357867
2024-09-13,2,18,-0.028165881359396995,0.013588476960816928,0.2421758280385074,0.5,-0.2160361360648213
2024-09-14,2,18,-0.028165881359396995,0.013588476960816928,0.2421758280385074,0.5,-0.2160361360648213
2024-09-15,2,18,-0.028165881359396995,0.013588476960816928,0.2421758280385074,0.5,-0.2160361360648213
2024-09-16,2,17,-0.028165881359396995,0.013588476960816928,0.2421758280385074,0.5,-0.2160361360648213
2024-09-17,3,18,-0.022870542925355435,0.049722132920004894,0.2515109327010762,0.6,-0.2170394351676465
2024-09-18,3,18,-0.022870542925355435,0.049722132920004894,0.2515109327010762,0.6,-0.2170394351676465
2024-09-19,2,18,-0.022870542925355435,0.049722132920004894,0.2515109327010762,0.6,-0.2170394351676465
2024-09-20,2,18,-0.022870542925355435,0.049722132920004894,0.2515109327010762,0.6,-0.2170394351676465
2024-09-21,2,18,-0.022870542925355435,0.049722132920004894,0.2515109327010762,0.6,-0.2170394351676465
2024-09-22,2,18,-0.022870542925355435,0.049722132920004894,0.2515109327010762,0.6,-0.2170394351676465
2024-09-23,2,18,-0.022870542925355435,0.049722132920004894,0.2515109327010762,0.6,-0.2170394351676465
2024-09-24,2,18,-0.022870542925355435,0.049722132920004894,0.2515109327010762,0.6,-0.2170394351676465
2024-09-25,2,18,-0.022870542925355435,0.049722132920004894,0.2515109327010762,0.6,-0.2170394351676465
2024-09-26,2,15,-0.022870542925355435,0.049722132920004894,0.2515109327010762,0.6,-0.2170394351676465
2024-09-27,2,15,-0.022870542925355435,0.049722132920004894,0.2515109327010762,0.6,-0.2170394351676465
2024-09-28,2,15,-0.022870542925355435,0.049722132920004894,0.2515109327010762,0.6,-0.2170394351676465
2024-09-29,2,15,-0.022870542925355435,0.049722132920004894,0.2515109327010762,0.6,-0.2170394351676465
2024-09-30,2,14,-0.022870542925355435,0.049722132920004894,0.2515109327010762,0.6,-0.2170394351676465
2024-10-01,2,12,-0.022870542925355435,0.049722132920004894,0.2515109327010762,0.6,-0.2170394351676465
2024-10-02,3,13,-0.0251991366483225,-0.005933310285960845,0.13397840882984421,0.6666666666666666,-0.25791537630090766
2024-10-03,3,13,-0.0251991366483225,-0.005933310285960845,0.13397840882984421,0.6666666666666666,-0.25791537630090766
2024-10-04,3,13,-0.0251991366483225,-0.005933310285960845,0.13397840882984421,0.6666666666666666,-0.25791537630090766
2024-10-05,3,13,-0.043901754675661396,0.02892653928475395,0.1892624626888363,0.8,-0.2629678393161912
2024-10-06,2,13,-0.043901754675661396,0.02892653928475395,0.1892624626888363,0.8,-0.2629678393161912
2024-10-07,2,11,-0.07681868270627884,0.018206046446368016,0.19668446133976875,1.0,-0.28767926479409395
2024-10-08,3,9,-0.09775387854936472,-0.08098676426639313,0.06215183953444845,1.0,-0.30253471618310124
2024-10-09,4,10,-0.04146156545780394,-0.08748897022199427,0.04679319961204037,0.8333333333333334,-0.3058757043461328
2024-10-10,4,9,-0.04146156545780394,-0.08748897022199427,0.04679319961204037,0.8333333333333334,-0.3058757043461328
2024-10-11,4,9,-0.04146156545780394,-0.08748897022199427,0.04679319961204037,0.8333333333333334,-0.3058757043461328
2024-10-12,4,9,-0.04146156545780394,-0.08748897022199427,0.04679319961204037,0.8333333333333334,-0.3058757043461328
2024-10-13,4,8,-0.04146156545780394,-0.08748897022199427,0.04679319961204037,0.8333333333333334,-0.3058757043461328
2024-10-14,4,8,-0.04146156545780394,-0.08748897022199427,0.04679319961204037,0.8333333333333334,-0.3058757043461328
2024-10-15,4,8,-0.04146156545780394,-0.08748897022199427,0.04679319961204037,0.8333333333333334,-0.3058757043461328
2024-10-16,5,9,-0.07214562753526052,-0.11159768876170939,-0.010784400332536831,0.8571428571428571,-0.2850363180109709
2024-10-17,4,9,-0.07214562753526052,-0.11159768876170939,-0.010784400332536831,0.8571428571428571,-0.2850363180109709
2024-10-18,4,9,-0.07214562753526052,-0.11159768876170939,-0.010784400332536831,0.8571428571428571,-0.2850363180109709
2024-10-19,4,9,-0.07519199823865108,-0.22826360189786907,-0.19927609136401855,0.8333333333333334,-0.3166003420272922
2024-10-20,4,9,-0.07519199823865108,-0.22826360189786907,-0.19927609136401855,0.8333333333333334,-0.3166003420272922
2024-10-21,4,9,-0.07519199823865108,-0.22826360189786907,-0.19927609136401855,0.8333333333333334,-0.3166003420272922
2024-10-22,4,9,-0.07519199823865108,-0.22826360189786907,-0.19927609136401855,0.8333333333333334,-0.3166003420272922
2024-10-23,5,10,-0.06254089347378218,-0.20433356468871336,-0.2032677207352063,0.7142857142857143,-0.30511615476268755
2024-10-24,6,11,-0.0796256255395594,-0.18733679097762415,-0.2027615993933055,0.75,-0.29251691046646755
2024-10-25,6,11,-0.0796256255395594,-0.18733679097762415,-0.2027615993933055,0.75,-0.29251691046646755
2024-10-26,6,11,-0.0796256255395594,-0.18733679097762415,-0.2027615993933055,0.75,-0.29251691046646755
2024-10-27,6,11,-0.0796256255395594,-0.18733679097762415,-0.2027615993933055,0.75,-0.29251691046646755
2024-10-28,6,11,-0.0796256255395594,-0.18733679097762415,-0.2027615993933055,0.75,-0.29251691046646755
2024-10-29,6,11,-0.0796256255395594,-0.18733679097762415,-0.2027615993933055,0.75,-0.29251691046646755
2024-10-30,7,12,-0.07799618158197057,-0.17833261560215757,-0.16295344268031356,0.7777777777777778,-0.28130158123335125
2024-10-31,8,13,-0.07345237737726187,-0.13026679590240695,-0.1168906565518171,0.8,-0.2560724470008011
2024-11-01,8,14,-0.06851477543213455,-0.11842435991127905,-0.1027844594142226,0.8181818181818182,-0.24901991760581144
2024-11-02,8,14,-0.06851477543213455,-0.11842435991127905,-0.1027844594142226,0.8181818181818182,-0.24901991760581144
2024-11-03,8,14,-0.06851477543213455,-0.11842435991127905,-0.1027844594142226,0.8181818181818182,-0.24901991760581144
2024-11-04,8,13,-0.06851477543213455,-0.11842435991127905,-0.1027844594142226,0.8181818181818182,-0.24901991760581144
2024-11-05,8,13,-0.053878649669562885,-0.08770481243133259,-0.09620340122341346,0.8,-0.23675019219467539
2024-11-06,8,12,-0.053878649669562885,-0.08770481243133259,-0.09620340122341346,0.8,-0.23675019219467539
2024-11-07,7,12,-0.053878649669562885,-0.08770481243133259,-0.09620340122341346,0.8,-0.23675019219467539
2024-11-08,8,14,-0.022838470351551243,-0.07778520746845075,-0.0973679365897047,0.75,-0.24450227583419884
2024-11-09,8,14,-0.022838470351551243,-0.07778520746845075,-0.0973679365897047,0.75,-0.24450227583419884
2024-11-10,8,14,-0.022838470351551243,-0.07778520746845075,-0.0973679365897047,0.75,-0.24450227583419884
2024-11-11,8,14,-0.022838470351551243,-0.07778520746845075,-0.0973679365897047,0.75,-0.24450227583419884
2024-11-12,8,14,-0.022838470351551243,-0.07778520746845075,-0.0973679365897047,0.75,-0.24450227583419884
2024-11-13,8,14,-0.022838470351551243,-0.07778520746845075,-0.0973679365897047,0.75,-0.24450227583419884
2024-11-14,8,14,-0.022838470351551243,-0.07778520746845075,-0.0973679365897047,0.75,-0.24450227583419884
2024-11-15,8,15,-0.02510073214243574,-0.05848272819501071,-0.0599687579923286,0.7692307692307693,-0.23431067303665729
2024-11-16,8,15,-0.02705169405520629,-0.07954435194099134,-0.08903710043763524,0.75,-0.23541550982479975
2024-11-17,8,15,-0.02705169405520629,-0.07954435194099134,-0.08903710043763524,0.75,-0.23541550982479975
2024-11-18,8,14,-0.02705169405520629,-0.07954435194099134,-0.08903710043763524,0.75,-0.23541550982479975
2024-11-19,8,14,-0.02705169405520629,-0.07954435194099134,-0.08903710043763524,0.75,-0.23541550982479975
2024-11-20,8,14,-0.02705169405520629,-0.07954435194099134,-0.08903710043763524,0.75,-0.23541550982479975
2024-11-21,8,14,-0.02705169405520629,-0.07954435194099134,-0.08903710043763524,0.75,-0.23541550982479975
2024-11-22,7,14,-0.02705169405520629,-0.07954435194099134,-0.08903710043763524,0.75,-0.23541550982479975
2024-11-23,6,14,-0.02705169405520629,-0.07954435194099134,-0.08903710043763524,0.75,-0.23541550982479975
2024-11-24,6,14,-0.02705169405520629,-0.07954435194099134,-0.08903710043763524,0.75,-0.23541550982479975
2024-11-25,6,14,-0.02705169405520629,-0.07954435194099134,-0.08903710043763524,0.75,-0.23541550982479975
2024-11-26,6,14,-0.02705169405520629,-0.07954435194099134,-0.08903710043763524,0.75,-0.23541550982479975
2024-11-27,7,15,-0.024970794512498114,-0.07723806965443379,-0.08353368589399117,0.6923076923076923,-0.2216798022962269
2024-11-28,8,16,-0.021758594904462532,-0.06667344563149806,-0.08499556547299181,0.6428571428571429,-0.2187616194692426
2024-11-29,8,17,-0.018174688577498363,-0.06702854925606486,-0.07943586110812569,0.6,-0.21658257479576568
2024-11-30,7,17,-0.018174688577498363,-0.06702854925606486,-0.07943586110812569,0.6,-0.21658257479576568
2024-12-01,6,17,-0.016841301671379833,-0.05151555089465594,-0.05270383614968351,0.5714285714285714,-0.19903168142637656
2024-12-02,6,17,-0.016841301671379833,-0.05151555089465594,-0.05270383614968351,0.5714285714285714,-0.19903168142637656
2024-12-03,6,17,-0.016841301671379833,-0.05151555089465594,-0.05270383614968351,0.5714285714285714,-0.19903168142637656
2024-12-04,6,17,-0.016841301671379833,-0.05151555089465594,-0.05270383614968351,0.5714285714285714,-0.19903168142637656
2024-12-05,6,16,-0.016841301671379833,-0.05151555089465594,-0.05270383614968351,0.5714285714285714,-0.19903168142637656
2024-12-06,8,18,-0.038245135814951675,-0.08345739701496643,-0.0783217722084955,0.625,-0.21794734507587146
2024-12-07,8,18,-0.028695167407834572,-0.057170689674801684,-0.05181131384327302,0.6,-0.20834673329832087
2024-12-08,6,18,-0.04788767936553705,-0.052682881794430376,-0.05336926483207823,0.6428571428571429,-0.20018716816525162
2024-12-09,6,18,-0.04788767936553705,-0.052682881794430376,-0.05336926483207823,0.6428571428571429,-0.20018716816525162
2024-12-10,7,19,-0.037769668981811486,-0.03399055676119553,-0.032182772395214256,0.6,-0.19339873400341515
2024-12-11,7,19,-0.037769668981811486,-0.03399055676119553,-0.032182772395214256,0.6,-0.19339873400341515
2024-12-12,7,19,-0.037769668981811486,-0.03399055676119553,-0.032182772395214256,0.6,-0.19339873400341515
2024-12-13,7,19,-0.037769668981811486,-0.03399055676119553,-0.032182772395214256,0.6,-0.19339873400341515
2024-12-14,7,19,-0.037769668981811486,-0.03399055676119553,-0.032182772395214256,0.6,-0.19339873400341515
2024-12-15,6,19,-0.02216393105194087,-0.018114882244138052,-0.009035113280586704,0.5714285714285714,-0.195784357860802
2024-12-16,6,18,-0.02216393105194087,-0.018114882244138052,-0.009035113280586704,0.5714285714285714,-0.195784357860802
2024-12-17,6,18,-0.02216393105194087,-0.018114882244138052,-0.009035113280586704,0.5714285714285714,-0.195784357860802
2024-12-18,6,18,-0.02216393105194087,-0.018114882244138052,-0.009035113280586704,0.5714285714285714,-0.195784357860802
2024-12-19,7,19,-0.028504388242650152,-0.043204309426440726,-0.04567513202563359,0.6,-0.21751467603240068
2024-12-20,8,20,-0.02213953064415118,-0.0396012623095104,-0.04282043627403151,0.5625,-0.20825489490874002
2024-12-21,8,20,-0.02213953064415118,-0.0396012623095104,-0.04282043627403151,0.5625,-0.20825489490874002
2024-12-22,8,20,-0.02450654836145668,-0.038191123701225835,-0.030527298894811414,0.6,-0.20639115249098533
2024-12-23,9,21,-0.01379721037499304,-0.035664288887351035,-0.013354339926960305,0.6,-0.20710509348079575
2024-12-24,9,21,-0.01379721037499304,-0.035664288887351035,-0.013354339926960305,0.6,-0.20710509348079575
2024-12-25,9,21,-0.01379721037499304,-0.035664288887351035,-0.013354339926960305,0.6,-0.20710509348079575
2024-12-26,9,21,-0.01379721037499304,-0.035664288887351035,-0.013354339926960305,0.6,-0.20710509348079575
2024-12-27,9,22,-0.010246712683545241,-0.03713150739103138,-0.0052952313159339015,0.5625,-0.20261728149633354
2024-12-28,8,22,-0.010246712683545241,-0.03713150739103138,-0.0052952313159339015,0.5625,-0.20261728149633354
2024-12-29,7,22,-0.006599118201030938,-0.03252032704387179,-0.01601570080523762,0.5333333333333333,-0.20335317043819437
2024-12-30,10,25,-0.0015125010638034832,-0.0176818834329342,-0.001418162418763384,0.47058823529411764,-0.20206575502653432
2024-12-31,10,24,-0.0004108601314873825,-0.018787001147492592,-0.0038991420675437427,0.4375,-0.2035389507371981
2025-01-01,10,24,-0.0004108601314873825,-0.018787001147492592,-0.0038991420675437427,0.4375,-0.2035389507371981
2025-01-02,10,24,-0.0004108601314873825,-0.018787001147492592,-0.0038991420675437427,0.4375,-0.2035389507371981
2025-01-03,10,24,-0.0004108601314873825,-0.018787001147492592,-0.0038991420675437427,0.4375,-0.2035389507371981
2025-01-04,10,24,-0.0004108601314873825,-0.018787001147492592,-0.0038991420675437427,0.4375,-0.2035389507371981
2025-01-05,8,24,-0.0004108601314873825,-0.018787001147492592,-0.0038991420675437427,0.4375,-0.2035389507371981
2025-01-06,8,23,-0.0004108601314873825,-0.018787001147492592,-0.0038991420675437427,0.4375,-0.2035389507371981
2025-01-07,8,22,-0.01937847247005799,-0.01744411807512846,0.010285353840115847,0.42857142857142855,-0.1921498445522527
2025-01-08,9,23,-0.015809141593172142,-0.006343288671362137,0.055148317828414534,0.4,-0.1916125821881631
2025-01-09,10,25,-0.021725480225034167,-0.023878902615923164,0.028957141449282565,0.47058823529411764,-0.1869377969897153
2025-01-10,12,27,-0.03791410510795363,-0.03796193375319772,0.009216378435762776,0.5263157894736842,-0.18385929509453547
2025-01-11,12,27,-0.03791410510795363,-0.03796193375319772,0.009216378435762776,0.5263157894736842,-0.18385929509453547
2025-01-12,12,27,-0.03791410510795363,-0.03796193375319772,0.009216378435762776,0.5263157894736842,-0.18385929509453547
2025-01-13,14,29,-0.03393552330138626,-0.011324947653098043,0.005607033540218013,0.47619047619047616,-0.18543299477719422
2025-01-14,14,28,-0.033019905784803086,-0.02054854619006643,-0.013553684041580315,0.45,-0.18910407254274603
2025-01-15,15,29,-0.03187717486128758,-0.020500942665799035,-0.007466093645042492,0.47619047619047616,-0.18559362220188264
2025-01-16,15,29,-0.03187717486128758,-0.020500942665799035,-0.007466093645042492,0.47619047619047616,-0.18559362220188264
2025-01-17,15,29,-0.03187717486128758,-0.020500942665799035,-0.007466093645042492,0.47619047619047616,-0.18559362220188264
2025-01-18,14,29,-0.03187717486128758,-0.020500942665799035,-0.007466093645042492,0.47619047619047616,-0.18559362220188264
2025-01-19,13,29,-0.03187717486128758,-0.020500942665799035,-0.007466093645042492,0.47619047619047616,-0.18559362220188264
2025-01-20,13,29,-0.03187717486128758,-0.020500942665799035,-0.007466093645042492,0.47619047619047616,-0.18559362220188264
2025-01-21,13,28,-0.03187717486128758,-0.020500942665799035,-0.007466093645042492,0.47619047619047616,-0.18559362220188264
2025-01-22,12,27,-0.03187717486128758,-0.020500942665799035,-0.007466093645042492,0.47619047619047616,-0.18559362220188264
2025-01-23,12,27,-0.03187717486128758,-0.020500942665799035,-0.007466093645042492,0.47619047619047616,-0.18559362220188264
2025-01-24,12,27,-0.03187717486128758,-0.020500942665799035,-0.007466093645042492,0.47619047619047616,-0.18559362220188264
2025-01-25,12,27,-0.03187717486128758,-0.020500942665799035,-0.007466093645042492,0.47619047619047616,-0.18559362220188264
2025-01-26,11,27,-0.033471033604351955,-0.019047855688301824,-0.006964762758781507,0.5,-0.19203073771430915
2025-01-27,11,27,-0.0362852985308968,-0.023769672654352786,-0.0018576450092436803,0.5263157894736842,-0.1926205006088282
2025-01-28,11,26,-0.04007892622705773,-0.021090210024039054,-0.001871958620868339,0.5555555555555556,-0.19298408678892487
2025-01-29,8,25,-0.04007892622705773,-0.021090210024039054,-0.001871958620868339,0.5555555555555556,-0.19298408678892487
2025-01-30,8,24,-0.04007892622705773,-0.021090210024039054,-0.001871958620868339,0.5555555555555556,-0.19298408678892487
2025-01-31,8,24,-0.04007892622705773,-0.021090210024039054,-0.001871958620868339,0.5555555555555556,-0.19298408678892487
2025-02-01,8,24,-0.04007892622705773,-0.021090210024039054,-0.001871958620868339,0.5555555555555556,-0.19298408678892487
2025-02-02,8,24,-0.04007892622705773,-0.021090210024039054,-0.001871958620868339,0.5555555555555556,-0.19298408678892487
2025-02-03,8,24,-0.04007892622705773,-0.021090210024039054,-0.001871958620868339,0.5555555555555556,-0.19298408678892487
2025-02-04,8,24,-0.02157979515294562,0.014654803705098543,0.030099962129045536,0.5,-0.1733124738097485
2025-02-05,8,24,-0.02157979515294562,0.014654803705098543,0.030099962129045536,0.5,-0.1733124738097485
2025-02-06,8,22,-0.02157979515294562,0.014654803705098543,0.030099962129045536,0.5,-0.1733124738097485
2025-02-07,7,22,-0.02157979515294562,0.014654803705098543,0.030099962129045536,0.5,-0.1733124738097485
2025-02-08,5,22,-0.029943946589165087,0.0004516577051656164,0.014478084822923143,0.5333333333333333,-0.17830926168121808
2025-02-09,3,22,-0.029943946589165087,0.0004516577051656164,0.014478084822923143,0.5333333333333333,-0.17830926168121808
2025-02-10,3,22,-0.029943946589165087,0.0004516577051656164,0.014478084822923143,0.5333333333333333,-0.17830926168121808
2025-02-11,3,22,-0.029943946589165087,0.0004516577051656164,0.014478084822923143,0.5333333333333333,-0.17830926168121808
2025-02-12,2,23,-0.03244744992734226,-0.0012640709014072257,0.03944820452149044,0.5625,-0.17452380379388388
2025-02-13,2,22,-0.03244744992734226,-0.0012640709014072257,0.03944820452149044,0.5625,-0.17452380379388388
2025-02-14,1,22,-0.03244744992734226,-0.0012640709014072257,0.03944820452149044,0.5625,-0.17452380379388388
2025-02-15,1,22,-0.03244744992734226,-0.0012640709014072257,0.03944820452149044,0.5625,-0.17452380379388388
2025-02-16,1,22,-0.03244744992734226,-0.0012640709014072257,0.03944820452149044,0.5625,-0.17452380379388388
2025-02-17,1,22,-0.02679256066165974,0.024948743703744163,0.07932044445334248,0.5333333333333333,-0.1513761153511573
2025-02-18,1,22,-0.03394441023273067,0.02569905079369414,0.08498619048572409,0.5714285714285714,-0.1572345394438235
2025-02-19,1,22,-0.03394441023273067,0.02569905079369414,0.08498619048572409,0.5714285714285714,-0.1572345394438235
2025-02-20,1,22,-0.03394441023273067,0.02569905079369414,0.08498619048572409,0.5714285714285714,-0.1572345394438235
2025-02-21,1,22,-0.03358792792732184,0.030018735684892,0.08703315632941312,0.5384615384615384,-0.15278863361334197
2025-02-22,1,22,-0.03358792792732184,0.030018735684892,0.08703315632941312,0.5384615384615384,-0.15278863361334197
2025-02-23,1,22,-0.03358792792732184,0.030018735684892,0.08703315632941312,0.5384615384615384,-0.15278863361334197
2025-02-24,1,22,-0.03358792792732184,0.030018735684892,0.08703315632941312,0.5384615384615384,-0.15278863361334197
2025-02-25,1,21,-0.039971151311946305,0.03744861240415272,0.08465330286940903,0.5833333333333334,-0.15424601127033719
2025-02-26,1,20,-0.039971151311946305,0.03744861240415272,0.08465330286940903,0.5833333333333334,-0.15424601127033719
2025-02-27,1,19,-0.039971151311946305,0.03744861240415272,0.08465330286940903,0.5833333333333334,-0.15424601127033719
2025-02-28,1,19,-0.057818881237697434,-0.004461679982634622,0.05578205165207449,0.6666666666666666,-0.15968017971755863
2025-03-01,1,19,-0.057818881237697434,-0.004461679982634622,0.05578205165207449,0.6666666666666666,-0.15968017971755863
2025-03-02,1,19,-0.057818881237697434,-0.004461679982634622,0.05578205165207449,0.6666666666666666,-0.15968017971755863
2025-03-03,2,20,-0.041349970213164326,0.046137159771354026,0.110967205265493,0.6,-0.160271301530749
2025-03-04,2,20,-0.041349970213164326,0.046137159771354026,0.110967205265493,0.6,-0.160271301530749
2025-03-05,2,20,-0.041349970213164326,0.046137159771354026,0.110967205265493,0.6,-0.160271301530749
2025-03-06,2,18,-0.041349970213164326,0.046137159771354026,0.110967205265493,0.6,-0.160271301530749
2025-03-07,2,18,-0.041349970213164326,0.046137159771354026,0.110967205265493,0.6,-0.160271301530749
2025-03-08,2,18,-0.041349970213164326,0.046137159771354026,0.110967205265493,0.6,-0.160271301530749
2025-03-09,2,18,-0.04974013253498589,0.03470036385913043,0.04738247099892598,0.6666666666666666,-0.157624678468509
2025-03-10,3,18,-0.03943314411085928,0.0804379315497177,0.12687998958094412,0.5,-0.15144186961006673
2025-03-11,3,18,0.005928280056443985,0.15980647487296742,0.222033355167644,0.3333333333333333,-0.1493584831515866
2025-03-12,3,18,0.005928280056443985,0.15980647487296742,0.222033355167644,0.3333333333333333,-0.1493584831515866
2025-03-13,3,18,0.005928280056443985,0.15980647487296742,0.222033355167644,0.3333333333333333,-0.1493584831515866
2025-03-14,2,18,0.0069619181541640505,0.11884650216052668,0.34739090423519453,0.5,-0.12384615384615383
2025-03-15,2,18,0.0069619181541640505,0.11884650216052668,0.34739090423519453,0.5,-0.12384615384615383
2025-03-16,2,18,0.0122900763358779,0.1649782936075193,0.4250926342183547,0.3333333333333333,-0.12666666666666668
2025-03-17,2,18,0.0122900763358779,0.1649782936075193,0.4250926342183547,0.3333333333333333,-0.12666666666666668
2025-03-18,2,18,0.0122900763358779,0.1649782936075193,0.4250926342183547,0.3333333333333333,-0.12666666666666668
2025-03-19,2,17,0.0122900763358779,0.1649782936075193,0.4250926342183547,0.3333333333333333,-0.12666666666666668
2025-03-20,2,16,0.0122900763358779,0.1649782936075193,0.4250926342183547,0.3333333333333333,-0.12666666666666668
2025-03-21,3,17,0.009217557251908426,0.08176424346145346,0.2445098826405102,0.25,-0.19674418604651164
2025-03-22,3,17,0.009217557251908426,0.08176424346145346,0.2445098826405102,0.25,-0.19674418604651164
2025-03-23,3,16,0.009217557251908426,0.08176424346145346,0.2445098826405102,0.25,-0.19674418604651164
2025-03-24,3,16,0.009217557251908426,0.08176424346145346,0.2445098826405102,0.25,-0.19674418604651164
2025-03-25,4,17,-0.002776330138322879,0.04774222183683195,0.1783146730297014,0.4,-0.19066267556988256
2025-03-26,4,17,-0.002776330138322879,0.04774222183683195,0.1783146730297014,0.4,-0.19066267556988256
2025-03-27,5,17,0.05891088134731598,0.0431865454082443,0.18941188738869674,0.3333333333333333,-0.20863680675599672
2025-03-28,5,17,0.05891088134731598,0.0431865454082443,0.18941188738869674,0.3333333333333333,-0.20863680675599672
2025-03-29,5,17,0.05891088134731598,0.0431865454082443,0.18941188738869674,0.3333333333333333,-0.20863680675599672
2025-03-30,5,14,0.05891088134731598,0.0431865454082443,0.18941188738869674,0.3333333333333333,-0.20863680675599672
2025-03-31,6,15,0.011458496304343924,-0.016969672042102896,0.15529324566871683,0.42857142857142855,-0.20054583436228285
2025-04-01,6,15,0.011458496304343924,-0.016969672042102896,0.15529324566871683,0.42857142857142855,-0.20054583436228285
2025-04-02,5,15,0.011458496304343924,-0.016969672042102896,0.15529324566871683,0.42857142857142855,-0.20054583436228285
2025-04-03,5,15,0.011458496304343924,-0.016969672042102896,0.15529324566871683,0.42857142857142855,-0.20054583436228285
2025-04-04,5,15,0.011458496304343924,-0.016969672042102896,0.15529324566871683,0.42857142857142855,-0.20054583436228285
2025-04-05,5,15,0.011458496304343924,-0.016969672042102896,0.15529324566871683,0.42857142857142855,-0.20054583436228285
2025-04-06,5,15,0.011458496304343924,-0.016969672042102896,0.15529324566871683,0.42857142857142855,-0.20054583436228285
2025-04-07,5,15,0.011458496304343924,-0.016969672042102896,0.15529324566871683,0.42857142857142855,-0.20054583436228285
2025-04-08,5,14,0.011458496304343924,-0.016969672042102896,0.15529324566871683,0.42857142857142855,-0.20054583436228285
2025-04-09,4,12,0.011458496304343924,-0.016969672042102896,0.15529324566871683,0.42857142857142855,-0.20054583436228285
2025-04-10,4,10,0.011458496304343924,-0.016969672042102896,0.15529324566871683,0.42857142857142855,-0.20054583436228285
2025-04-11,4,10,0.011458496304343924,-0.016969672042102896,0.15529324566871683,0.42857142857142855,-0.20054583436228285
2025-04-12,4,10,0.011458496304343924,-0.016969672042102896,0.15529324566871683,0.42857142857142855,-0.20054583436228285
2025-04-13,4,8,0.025034912355067895,-0.015297950715786726,0.11217545328016963,0.3333333333333333,-0.21434648417535151
2025-04-14,5,9,0.020276463207417193,-0.015307733507823952,0.1106725094309593,0.42857142857142855,-0.1938379174151488
2025-04-15,6,9,0.03431649094184916,0.01699247351214575,0.10339921923275236,0.375,-0.19655262218269964
2025-04-16,6,9,0.03431649094184916,0.01699247351214575,0.10339921923275236,0.375,-0.19655262218269964
2025-04-17,6,9,0.03431649094184916,0.01699247351214575,0.10339921923275236,0.375,-0.19655262218269964
2025-04-18,6,9,0.03431649094184916,0.01699247351214575,0.10339921923275236,0.375,-0.19655262218269964
2025-04-19,6,9,0.03431649094184916,0.01699247351214575,0.10339921923275236,0.375,-0.19655262218269964
2025-04-20,5,9,0.03431649094184916,0.01699247351214575,0.10339921923275236,0.375,-0.19655262218269964
2025-04-21,5,9,0.03431649094184916,0.01699247351214575,0.10339921923275236,0.375,-0.19655262218269964
2025-04-22,5,9,0.03431649094184916,0.01699247351214575,0.10339921923275236,0.375,-0.19655262218269964
2025-04-23,5,9,0.03431649094184916,0.01699247351214575,0.10339921923275236,0.375,-0.19655262218269964
2025-04-24,4,9,0.03431649094184916,0.01699247351214575,0.10339921923275236,0.375,-0.19655262218269964
2025-04-25,4,9,0.03431649094184916,0.01699247351214575,0.10339921923275236,0.375,-0.19655262218269964
2025-04-26,3,9,0.03431649094184916,0.01699247351214575,0.10339921923275236,0.375,-0.19655262218269964
2025-04-27,3,9,0.03431649094184916,0.01699247351214575,0.10339921923275236,0.375,-0.19655262218269964
2025-04-28,3,9,0.03431649094184916,0.01699247351214575,0.10339921923275236,0.375,-0.19655262218269964
2025-04-29,3,9,0.03431649094184916,0.01699247351214575,0.10339921923275236,0.375,-0.19655262218269964
2025-04-30,2,9,0.03431649094184916,0.01699247351214575,0.10339921923275236,0.375,-0.19655262218269964
2025-05-01,2,9,0.03431649094184916,0.01699247351214575,0.10339921923275236,0.375,-0.19655262218269964
2025-05-02,2,9,0.023951671218165667,-0.052226704208583684,0.031365738010822763,0.42857142857142855,-0.20097565423030497
2025-05-03,2,9,0.023951671218165667,-0.052226704208583684,0.031365738010822763,0.42857142857142855,-0.20097565423030497
2025-05-04,2,9,0.023951671218165667,-0.052226704208583684,0.031365738010822763,0.42857142857142855,-0.20097565423030497
2025-05-05,2,9,0.023951671218165667,-0.052226704208583684,0.031365738010822763,0.42857142857142855,-0.20097565423030497
2025-05-06,2,9,0.023951671218165667,-0.052226704208583684,0.031365738010822763,0.42857142857142855,-0.20097565423030497
2025-05-07,3,10,0.003285298522791507,-0.06897422825147624,0.02960019317326302,0.5,-0.19073464983246924
2025-05-08,5,12,0.005554039750330067,-0.08480205354074595,-0.0024412449301132884,0.5,-0.18764790821563743
2025-05-09,5,12,0.006171155278144519,-0.09649207763030726,-0.030895196018881934,0.5555555555555556,-0.19775693505441197
2025-05-10,5,12,0.006171155278144519,-0.09649207763030726,-0.030895196018881934,0.5555555555555556,-0.19775693505441197
2025-05-11,5,12,0.006171155278144519,-0.09649207763030726,-0.030895196018881934,0.5555555555555556,-0.19775693505441197
2025-05-12,5,12,0.006171155278144519,-0.09649207763030726,-0.030895196018881934,0.5555555555555556,-0.19775693505441197
2025-05-13,5,11,0.006171155278144519,-0.09649207763030726,-0.030895196018881934,0.5555555555555556,-0.19775693505441197
2025-05-14,4,11,0.006171155278144519,-0.09649207763030726,-0.030895196018881934,0.5555555555555556,-0.19775693505441197
2025-05-15,3,11,0.006171155278144519,-0.09649207763030726,-0.030895196018881934,0.5555555555555556,-0.19775693505441197
2025-05-16,4,12,-0.006963345506971743,-0.10645344010371605,-0.04087938990795341,0.6,-0.19018781431892381
2025-05-17,4,12,-0.006963345506971743,-0.10645344010371605,-0.04087938990795341,0.6,-0.19018781431892381
2025-05-18,4,12,-0.006963345506971743,-0.10645344010371605,-0.04087938990795341,0.6,-0.19018781431892381
2025-05-19,4,12,-0.006963345506971743,-0.10645344010371605,-0.04087938990795341,0.6,-0.19018781431892381
2025-05-20,5,13,-0.0035173995610258023,-0.08527375751414974,-0.006425822968921362,0.6,-0.16069345940239382
2025-05-21,5,13,-0.0035173995610258023,-0.08527375751414974,-0.006425822968921362,0.6,-0.16069345940239382
2025-05-22,5,13,-0.0035173995610258023,-0.08527375751414974,-0.006425822968921362,0.6,-0.16069345940239382
2025-05-23,7,15,-0.0027622814450371353,-0.06902476364735306,0.009857387896941407,0.5833333333333334,-0.1417205065514813
2025-05-24,7,15,0.0016004093053456814,-0.06726829991878024,0.018614074561530067,0.5454545454545454,-0.13948267681403725
2025-05-25,7,15,0.0016004093053456814,-0.06726829991878024,0.018614074561530067,0.5454545454545454,-0.13948267681403725
2025-05-26,8,16,-0.03151865733145607,-0.07029705335430231,0.0006993501710490916,0.5454545454545454,-0.11931877524114755
2025-05-27,10,18,-0.037428105423550496,-0.08600175628096694,-0.02434100171110262,0.6153846153846154,-0.1250553934211787
2025-05-28,10,18,-0.037428105423550496,-0.08600175628096694,-0.02434100171110262,0.6153846153846154,-0.1250553934211787
2025-05-29,10,18,-0.037428105423550496,-0.08600175628096694,-0.02434100171110262,0.6153846153846154,-0.1250553934211787
2025-05-30,11,19,-0.02553663255533345,-0.07836788627500389,-0.047206237250756775,0.6153846153846154,-0.13361212564508188
2025-05-31,11,19,-0.02553663255533345,-0.07836788627500389,-0.047206237250756775,0.6153846153846154,-0.13361212564508188
2025-06-01,11,18,-0.02553663255533345,-0.07836788627500389,-0.047206237250756775,0.6153846153846154,-0.13361212564508188
2025-06-02,11,18,-0.02553663255533345,-0.07836788627500389,-0.047206237250756775,0.6153846153846154,-0.13361212564508188
2025-06-03,11,18,-0.02553663255533345,-0.07836788627500389,-0.047206237250756775,0.6153846153846154,-0.13361212564508188
2025-06-04,11,18,-0.02553663255533345,-0.07836788627500389,-0.047206237250756775,0.6153846153846154,-0.13361212564508188
2025-06-05,11,18,-0.02553663255533345,-0.07836788627500389,-0.047206237250756775,0.6153846153846154,-0.13361212564508188
2025-06-06,10,18,-0.02553663255533345,-0.07836788627500389,-0.047206237250756775,0.6153846153846154,-0.13361212564508188
2025-06-07,8,18,-0.02553663255533345,-0.07836788627500389,-0.047206237250756775,0.6153846153846154,-0.13361212564508188
2025-06-08,8,17,-0.02553663255533345,-0.07836788627500389,-0.047206237250756775,0.6153846153846154,-0.13361212564508188
2025-06-09,8,17,-0.02553663255533345,-0.07836788627500389,-0.047206237250756775,0.6153846153846154,-0.13361212564508188
2025-06-10,11,20,-0.051446250526041896,-0.1135810224650406,-0.11336381305622978,0.6875,-0.1674318359621972
2025-06-11,11,20,-0.051446250526041896,-0.1135810224650406,-0.11336381305622978,0.6875,-0.1674318359621972
2025-06-12,11,20,-0.051446250526041896,-0.1135810224650406,-0.11336381305622978,0.6875,-0.1674318359621972
2025-06-13,11,20,-0.05432438511587889,-0.12012866194537349,-0.1276983903490249,0.6666666666666666,-0.1738748572360815
2025-06-14,11,20,-0.06767589013007545,-0.14607313227375257,-0.14056871736290552,0.7142857142857143,-0.17089766449897623
2025-06-15,10,20,-0.06767589013007545,-0.14607313227375257,-0.14056871736290552,0.7142857142857143,-0.17089766449897623
2025-06-16,10,20,-0.06767589013007545,-0.14607313227375257,-0.14056871736290552,0.7142857142857143,-0.17089766449897623
2025-06-17,10,20,-0.06767589013007545,-0.14607313227375257,-0.14056871736290552,0.7142857142857143,-0.17089766449897623
2025-06-18,10,20,-0.06767589013007545,-0.14607313227375257,-0.14056871736290552,0.7142857142857143,-0.17089766449897623
2025-06-19,10,20,-0.06494194189918152,-0.140690479011058,-0.13439746953871182,0.7333333333333333,-0.16260950969676138
2025-06-20,10,20,-0.06494194189918152,-0.140690479011058,-0.13439746953871182,0.7333333333333333,-0.16260950969676138
2025-06-21,10,20,-0.06494194189918152,-0.140690479011058,-0.13439746953871182,0.7333333333333333,-0.16260950969676138
2025-06-22,8,20,-0.06494194189918152,-0.140690479011058,-0.13439746953871182,0.7333333333333333,-0.16260950969676138
2025-06-23,11,22,-0.03732421994551811,-0.07455733684387485,-0.05507528568255546,0.6111111111111112,-0.15381422829993102
2025-06-24,11,22,-0.03732421994551811,-0.07455733684387485,-0.05507528568255546,0.6111111111111112,-0.15381422829993102
2025-06-25,12,23,-0.03279019026982305,-0.07114229758842563,-0.042845919445437565,0.6,-0.1477454014760823
2025-06-26,13,26,-0.024371983621554485,-0.0604730655411099,-0.033571207442436156,0.5652173913043478,-0.16106179789551686
2025-06-27,13,26,-0.024371983621554485,-0.0604730655411099,-0.033571207442436156,0.5652173913043478,-0.16106179789551686
2025-06-28,13,26,-0.024371983621554485,-0.0604730655411099,-0.033571207442436156,0.5652173913043478,-0.16106179789551686
2025-06-29,12,25,-0.024371983621554485,-0.0604730655411099,-0.033571207442436156,0.5652173913043478,-0.16106179789551686
2025-06-30,15,28,-0.007631850193344354,-0.014933387605721339,0.03987015070659401,0.5384615384615384,-0.15816417313735015
2025-07-01,15,28,-0.007631850193344354,-0.014933387605721339,0.03987015070659401,0.5384615384615384,-0.15816417313735015
2025-07-02,15,28,-0.007631850193344354,-0.014933387605721339,0.03987015070659401,0.5384615384615384,-0.15816417313735015
2025-07-03,16,29,-0.020214686151095725,-0.028805250442936352,0.022214141226232827,0.5555555555555556,-0.15624889312867887
2025-07-04,17,30,-0.021278447359985166,-0.027746729593783864,0.021748159991962605,0.5714285714285714,-0.15212569458438416
2025-07-05,17,30,-0.021278447359985166,-0.027746729593783864,0.021748159991962605,0.5714285714285714,-0.15212569458438416
2025-07-06,17,30,-0.016830267249435454,-0.021877834521267563,0.02191507779498549,0.5555555555555556,-0.15335080849315322
2025-07-07,18,31,-0.018198034971778923,-0.01107291828115975,0.03290587208073898,0.5384615384615384,-0.14631296658815107
2025-07-08,18,31,-0.018198034971778923,-0.01107291828115975,0.03290587208073898,0.5384615384615384,-0.14631296658815107
2025-07-09,23,36,-0.016399842777229116,-0.009980581778538477,0.0262819921892945,0.5161290322580645,-0.14811854117630305
2025-07-10,20,36,-0.016399842777229116,-0.009980581778538477,0.0262819921892945,0.5161290322580645,-0.14811854117630305
2025-07-11,20,36,-0.016399842777229116,-0.009980581778538477,0.0262819921892945,0.5161290322580645,-0.14811854117630305
2025-07-12,20,36,-0.016399842777229116,-0.009980581778538477,0.0262819921892945,0.5161290322580645,-0.14811854117630305
2025-07-13,20,35,-0.016399842777229116,-0.009980581778538477,0.0262819921892945,0.5161290322580645,-0.14811854117630305
2025-07-14,20,34,-0.016399842777229116,-0.009980581778538477,0.0262819921892945,0.5161290322580645,-0.14811854117630305
2025-07-15,20,34,-0.012774042450702816,-0.003776411092343257,0.031515963092590873,0.5,-0.1489869682921955
2025-07-16,20,34,-0.012774042450702816,-0.003776411092343257,0.031515963092590873,0.5,-0.1489869682921955
2025-07-17,20,34,-0.012774042450702816,-0.003776411092343257,0.031515963092590873,0.5,-0.1489869682921955
2025-07-18,20,34,-0.012774042450702816,-0.003776411092343257,0.031515963092590873,0.5,-0.1489869682921955
2025-07-19,19,34,-0.014402783895880827,-0.005421077644455747,0.030971779154497548,0.5172413793103449,-0.15026123633603855
2025-07-20,19,34,-0.014402783895880827,-0.005421077644455747,0.030971779154497548,0.5172413793103449,-0.15026123633603855
2025-07-21,19,34,-0.014402783895880827,-0.005421077644455747,0.030971779154497548,0.5172413793103449,-0.15026123633603855
2025-07-22,19,34,-0.015544716712976159,-0.006727839372684347,0.026504989297330313,0.5185185185185185,-0.1579209025611585
2025-07-23,16,34,-0.015544716712976159,-0.006727839372684347,0.026504989297330313,0.5185185185185185,-0.1579209025611585
2025-07-24,16,34,-0.015544716712976159,-0.006727839372684347,0.026504989297330313,0.5185185185185185,-0.1579209025611585
2025-07-25,15,35,-0.018368480626316668,-0.007477507770657746,0.02214990144163207,0.5555555555555556,-0.1607450415543338
2025-07-26,12,35,-0.014243553482016415,0.005714501397899416,0.036886928521997604,0.52,-0.16107610140577255
2025-07-27,12,35,-0.014243553482016415,0.005714501397899416,0.036886928521997604,0.52,-0.16107610140577255
2025-07-28,12,35,-0.014243553482016415,0.005714501397899416,0.036886928521997604,0.52,-0.16107610140577255
2025-07-29,12,35,-0.009892590432655989,0.017563716733923013,0.05286832832152528,0.5,-0.15681937567639884
2025-07-30,9,35,-0.009892590432655989,0.017563716733923013,0.05286832832152528,0.5,-0.15681937567639884
2025-07-31,9,35,-0.009892590432655989,0.017563716733923013,0.05286832832152528,0.5,-0.15681937567639884
2025-08-01,9,35,-0.009892590432655989,0.017563716733923013,0.05286832832152528,0.5,-0.15681937567639884
2025-08-02,8,35,-0.009892590432655989,0.017563716733923013,0.05286832832152528,0.5,-0.15681937567639884
2025-08-03,7,35,-0.009892590432655989,0.017563716733923013,0.05286832832152528,0.5,-0.15681937567639884
2025-08-04,7,35,-0.009892590432655989,0.017563716733923013,0.05286832832152528,0.5,-0.15681937567639884
2025-08-05,7,34,-0.009892590432655989,0.017563716733923013,0.05286832832152528,0.5,-0.15681937567639884
2025-08-06,6,32,-0.009892590432655989,0.017563716733923013,0.05286832832152528,0.5,-0.15681937567639884
2025-08-07,6,32,-0.009892590432655989,0.017563716733923013,0.05286832832152528,0.5,-0.15681937567639884
2025-08-08,1,32,-0.009892590432655989,0.017563716733923013,0.05286832832152528,0.5,-0.15681937567639884
2025-08-09,1,32,0.01208293403874247,0.05809728759427386,0.11757046687411643,0.42857142857142855,-0.13436729877259437
2025-08-10,1,32,0.01208293403874247,0.05809728759427386,0.11757046687411643,0.42857142857142855,-0.13436729877259437
2025-08-11,2,33,0.011919384695383652,0.08369341639508511,0.1331629938619321,0.4090909090909091,-0.1346337799673615
2025-08-12,2,33,0.011919384695383652,0.08369341639508511,0.1331629938619321,0.4090909090909091,-0.1346337799673615
2025-08-13,2,33,0.011919384695383652,0.08369341639508511,0.1331629938619321,0.4090909090909091,-0.1346337799673615
2025-08-14,2,32,0.011919384695383652,0.08369341639508511,0.1331629938619321,0.4090909090909091,-0.1346337799673615
2025-08-15,3,33,0.0024941457472751863,0.06858114225230363,0.11080325016745195,0.43478260869565216,-0.14125782864544661
2025-08-16,3,33,0.0024941457472751863,0.06858114225230363,0.11080325016745195,0.43478260869565216,-0.14125782864544661
2025-08-17,3,33,0.0024941457472751863,0.06858114225230363,0.11080325016745195,0.43478260869565216,-0.14125782864544661
2025-08-18,3,32,0.003819637220636177,0.07466816386983259,0.11802157972051795,0.4090909090909091,-0.14556157801725084
2025-08-19,3,32,0.003819637220636177,0.07466816386983259,0.11802157972051795,0.4090909090909091,-0.14556157801725084
2025-08-20,4,33,0.003596357799143989,0.06970547482286045,0.12523765138789433,0.43478260869565216,-0.1425934522769503
2025-08-21,4,31,0.003596357799143989,0.06970547482286045,0.12523765138789433,0.43478260869565216,-0.1425934522769503
2025-08-22,4,31,-0.010978847004404263,0.04174503994748343,0.09279295405634452,0.5,-0.14750679692112592
2025-08-23,4,31,-0.010978847004404263,0.04174503994748343,0.09279295405634452,0.5,-0.14750679692112592
2025-08-24,3,30,-0.013089394095052788,0.050873038196024095,0.0956345737638691,0.5,-0.15354911212775724
2025-08-25,3,28,-0.02205715172077721,0.05891661621369658,0.10910944733446161,0.5333333333333333,-0.13429137974829258
2025-08-26,4,29,-0.03026191307156196,0.04112321658922943,0.08823455132050219,0.5625,-0.13854697803783383
2025-08-27,4,29,-0.03026191307156196,0.04112321658922943,0.08823455132050219,0.5625,-0.13854697803783383
2025-08-28,5,29,-0.009028756162295674,0.06259481272381552,0.09599577998379566,0.5294117647058824,-0.14069388241526531
2025-08-29,5,29,-0.03682974093055903,0.004392813329149363,-0.012630959273067819,0.5714285714285714,-0.1417106322203781
2025-08-30,5,29,-0.03682974093055903,0.004392813329149363,-0.012630959273067819,0.5714285714285714,-0.1417106322203781
2025-08-31,5,29,-0.03682974093055903,0.004392813329149363,-0.012630959273067819,0.5714285714285714,-0.1417106322203781
2025-09-01,5,29,-0.012942150151938076,0.03469023621681674,0.0200006673415545,0.5384615384615384,-0.14442286447554367
2025-09-02,6,30,-0.007280420577165032,0.03462613365271418,0.01088655681440049,0.46153846153846156,-0.1519267245274422
2025-09-03,6,30,-0.007280420577165032,0.03462613365271418,0.01088655681440049,0.46153846153846156,-0.1519267245274422
2025-09-04,6,30,-0.007280420577165032,0.03462613365271418,0.01088655681440049,0.46153846153846156,-0.1519267245274422
2025-09-05,6,30,-0.008764315274384918,0.03696339917640528,0.011574471636653162,0.5,-0.16339835278194478
2025-09-06,6,30,-0.008764315274384918,0.03696339917640528,0.011574471636653162,0.5,-0.16339835278194478
2025-09-07,6,30,-0.009989366637824069,0.06643756427734326,0.025672082267274566,0.5714285714285714,-0.16760608402998153
2025-09-08,6,27,-0.009989366637824069,0.06643756427734326,0.025672082267274566,0.5714285714285714,-0.16760608402998153
2025-09-09,7,28,-0.02837032543772569,0.05229953540934202,-0.008370261349468083,0.625,-0.1704509723218826
2025-09-10,6,28,-0.02837032543772569,0.05229953540934202,-0.008370261349468083,0.625,-0.1704509723218826
2025-09-11,6,28,-0.02837032543772569,0.05229953540934202,-0.008370261349468083,0.625,-0.1704509723218826
2025-09-12,6,28,-0.02837032543772569,0.05229953540934202,-0.008370261349468083,0.625,-0.1704509723218826
2025-09-13,6,28,-0.02837032543772569,0.05229953540934202,-0.008370261349468083,0.625,-0.1704509723218826
2025-09-14,5,28,-0.02837032543772569,0.05229953540934202,-0.008370261349468083,0.625,-0.1704509723218826
2025-09-15,5,28,-0.02837032543772569,0.05229953540934202,-0.008370261349468083,0.625,-0.1704509723218826
2025-09-16,6,29,-0.022891132791649123,0.04687629829676629,-0.030515663763033083,0.5555555555555556,-0.1756335328521198
2025-09-17,7,29,-0.026472599899408828,0.03725204405081215,0.002022226829414317,0.6,-0.1658142873110155
2025-09-18,7,29,-0.026472599899408828,0.03725204405081215,0.002022226829414317,0.6,-0.1658142873110155
2025-09-19,7,30,-0.02799161974326422,0.021882023517267257,-0.028368223543507654,0.6363636363636364,-0.17557291072756973
2025-09-20,7,30,-0.02799161974326422,0.021882023517267257,-0.028368223543507654,0.6363636363636364,-0.17557291072756973
2025-09-21,7,27,-0.02799161974326422,0.021882023517267257,-0.028368223543507654,0.6363636363636364,-0.17557291072756973
2025-09-22,7,27,-0.02799161974326422,0.021882023517267257,-0.028368223543507654,0.6363636363636364,-0.17557291072756973
2025-09-23,8,26,-0.019435187511368093,0.02815527306053067,-0.02564906501939215,0.5454545454545454,-0.17909269218107499
2025-09-24,8,23,-0.019435187511368093,0.02815527306053067,-0.02564906501939215,0.5454545454545454,-0.17909269218107499
2025-09-25,8,24,-0.023371144107642974,0.020155978862991312,-0.027069147807737146,0.5833333333333334,-0.1698593580765545
2025-09-26,8,24,-0.023371144107642974,0.020155978862991312,-0.027069147807737146,0.5833333333333334,-0.1698593580765545
2025-09-27,7,24,-0.023371144107642974,0.020155978862991312,-0.027069147807737146,0.5833333333333334,-0.1698593580765545
2025-09-28,7,21,-0.023371144107642974,0.020155978862991312,-0.027069147807737146,0.5833333333333334,-0.1698593580765545
2025-09-29,7,21,-0.023371144107642974,0.020155978862991312,-0.027069147807737146,0.5833333333333334,-0.1698593580765545
2025-09-30,9,23,0.004504670170630778,0.1052444310451887,0.05825359460962759,0.5,-0.1663921905373479
2025-10-01,9,22,0.004504670170630778,0.1052444310451887,0.05825359460962759,0.5,-0.1663921905373479
2025-10-02,8,21,0.004504670170630778,0.1052444310451887,0.05825359460962759,0.5,-0.1663921905373479
2025-10-03,8,21,0.004504670170630778,0.1052444310451887,0.05825359460962759,0.5,-0.1663921905373479
2025-10-04,8,21,0.004504670170630778,0.1052444310451887,0.05825359460962759,0.5,-0.1663921905373479
2025-10-05,8,20,0.004504670170630778,0.1052444310451887,0.05825359460962759,0.5,-0.1663921905373479
2025-10-06,8,20,0.004504670170630778,0.1052444310451887,0.05825359460962759,0.5,-0.1663921905373479
2025-10-07,8,15,0.004504670170630778,0.1052444310451887,0.05825359460962759,0.5,-0.1663921905373479
2025-10-08,8,15,0.004504670170630778,0.1052444310451887,0.05825359460962759,0.5,-0.1663921905373479
2025-10-09,7,15,0.004504670170630778,0.1052444310451887,0.05825359460962759,0.5,-0.1663921905373479
2025-10-10,7,15,0.004198502607998648,0.06555460872465543,0.027303404917594268,0.5384615384615384,-0.16840467557426148
2025-10-11,7,15,0.004198502607998648,0.06555460872465543,0.027303404917594268,0.5384615384615384,-0.16840467557426148
2025-10-12,7,15,0.004198502607998648,0.06555460872465543,0.027303404917594268,0.5384615384615384,-0.16840467557426148
2025-10-13,7,15,0.004198502607998648,0.06555460872465543,0.027303404917594268,0.5384615384615384,-0.16840467557426148
2025-10-14,7,15,0.021620137084591127,0.09300823352578413,0.061337947919986396,0.5,-0.15852282357517336
2025-10-15,8,16,0.011705966009046574,0.1655968215469089,0.14706823162743116,0.5384615384615384,-0.15301052067384163
2025-10-16,8,17,-0.0002846362048849263,0.1441146156060833,0.12235767566684833,0.5714285714285714,-0.1572892794639664
2025-10-17,7,17,-0.0002846362048849263,0.1441146156060833,0.12235767566684833,0.5714285714285714,-0.1572892794639664
2025-10-18,7,17,-0.0002846362048849263,0.1441146156060833,0.12235767566684833,0.5714285714285714,-0.1572892794639664
2025-10-19,6,17,-0.00020531672266959643,0.1582367925150533,0.10992432548197704,0.5384615384615384,-0.16344270973116853
2025-10-20,7,18,0.001349965004019687,0.15456721769955228,0.12224065517444085,0.5,-0.1578114244412763
2025-10-21,8,19,0.0010845287405938143,0.1358416838880032,0.09345969921544305,0.5333333333333333,-0.16600658189717013
2025-10-22,9,20,-0.00630883570104213,0.1209562298077937,0.07296730522378019,0.5625,-0.16491425876389107
2025-10-23,8,19,-0.00630883570104213,0.1209562298077937,0.07296730522378019,0.5625,-0.16491425876389107
2025-10-24,8,19,-0.00630883570104213,0.1209562298077937,0.07296730522378019,0.5625,-0.16491425876389107
2025-10-25,7,19,0.0034927974744439457,0.14407183031349843,0.09282438483129146,0.5333333333333333,-0.16241647918942034
2025-10-26,7,19,0.0034927974744439457,0.14407183031349843,0.09282438483129146,0.5333333333333333,-0.16241647918942034
2025-10-27,7,19,-0.019879270876378977,0.12535265027323456,0.08372788099092006,0.5714285714285714,-0.16151448824193823
2025-10-28,11,23,0.0043571887675955935,0.13069389347662483,0.060246088835898694,0.5,-0.18965637736955934
2025-10-29,11,23,0.0043571887675955935,0.13069389347662483,0.060246088835898694,0.5,-0.18965637736955934
2025-10-30,9,23,0.0043571887675955935,0.13069389347662483,0.060246088835898694,0.5,-0.18965637736955934
2025-10-31,9,23,0.0043571887675955935,0.13069389347662483,0.060246088835898694,0.5,-0.18965637736955934
2025-11-01,9,23,0.0032251125496865346,0.1383817695634851,0.070220374660736,0.5294117647058824,-0.1926744281228801
2025-11-02,9,23,0.0032251125496865346,0.1383817695634851,0.070220374660736,0.5294117647058824,-0.1926744281228801
2025-11-03,10,24,0.005149114233434107,0.11910659188932324,0.050446226862123675,0.5,-0.2044142788507785
2025-11-04,10,24,0.005149114233434107,0.11910659188932324,0.050446226862123675,0.5,-0.2044142788507785
2025-11-05,11,25,0.005939722691769959,0.10736642623886644,0.042728077892082536,0.47368421052631576,-0.20246091576537634
2025-11-06,15,29,-0.003864135490053894,0.04926173666960179,0.01129734842109565,0.5217391304347826,-0.2187745430410895
2025-11-07,16,30,-0.0038641354900538953,0.04926173666960179,0.011297348421095648,0.5,-0.2187745430410895
2025-11-08,16,30,0.003098269125718066,0.05362211863943218,0.023022985470539378,0.4782608695652174,-0.2200658772536304
2025-11-09,16,29,0.003098269125718066,0.05362211863943218,0.023022985470539378,0.4782608695652174,-0.2200658772536304
2025-11-10,17,30,0.0005025281382996492,0.046144924578220385,0.015707819000557205,0.5,-0.21651267728074042
2025-11-11,17,30,0.0005025281382996492,0.046144924578220385,0.015707819000557205,0.5,-0.21651267728074042
2025-11-12,17,30,0.0005025281382996492,0.046144924578220385,0.015707819000557205,0.5,-0.21651267728074042
2025-11-13,17,29,0.0005025281382996492,0.046144924578220385,0.015707819000557205,0.5,-0.21651267728074042
2025-11-14,16,29,0.0005025281382996492,0.046144924578220385,0.015707819000557205,0.5,-0.21651267728074042
2025-11-15,15,29,-0.00042655732709415676,0.048083766541041274,0.025861760003834944,0.5217391304347826,-0.2164862527437733
2025-11-16,15,29,0.002348644889198796,0.05272424324122302,0.013052165615377526,0.5,-0.2231074515677112
2025-11-17,16,30,0.002188412367497251,0.04538116266608721,0.0023519334884753466,0.5217391304347826,-0.2226835182568114
2025-11-18,16,29,0.004348899536512268,0.05381922668914764,0.018286441143770697,0.5,-0.22027991698841612
2025-11-19,15,29,0.004348899536512268,0.05381922668914764,0.018286441143770697,0.5,-0.22027991698841612
2025-11-20,14,29,0.004348899536512268,0.05381922668914764,0.018286441143770697,0.5,-0.22027991698841612
2025-11-21,13,29,0.004348899536512268,0.05381922668914764,0.018286441143770697,0.5,-0.22027991698841612
2025-11-22,13,29,0.0035205277802701574,0.05471735933834606,0.021192795073469193,0.5238095238095238,-0.22171021812838335
2025-11-23,13,29,0.0035205277802701574,0.05471735933834606,0.021192795073469193,0.5238095238095238,-0.22171021812838335
2025-11-24,14,29,0.004847282166235077,0.06574075115121156,0.039972034839551064,0.5238095238095238,-0.22358227519719182
2025-11-25,14,29,0.004847282166235077,0.06574075115121156,0.039972034839551064,0.5238095238095238,-0.22358227519719182
2025-11-26,14,28,0.004847282166235077,0.06574075115121156,0.039972034839551064,0.5238095238095238,-0.22358227519719182
2025-11-27,11,29,-0.009119804530325567,0.06700584358723445,0.04011988666037831,0.5454545454545454,-0.21961887529222945
2025-11-28,12,30,-0.01712277637827373,0.05624968571374063,0.02587201302430051,0.5652173913043478,-0.21552267972889172
2025-11-29,12,30,-0.036011009600128444,0.00029713987127740133,-0.02855979058465104,0.6190476190476191,-0.22251602917157004
2025-11-30,12,30,-0.036011009600128444,0.00029713987127740133,-0.02855979058465104,0.6190476190476191,-0.22251602917157004
2025-12-01,12,29,-0.036011009600128444,0.00029713987127740133,-0.02855979058465104,0.6190476190476191,-0.22251602917157004
2025-12-02,12,29,-0.036011009600128444,0.00029713987127740133,-0.02855979058465104,0.6190476190476191,-0.22251602917157004
2025-12-03,13,31,-0.04895546689327774,-0.012277843591188749,-0.0709835393932366,0.6521739130434783,-0.24604847951534625
2025-12-04,13,31,-0.04895546689327774,-0.012277843591188749,-0.0709835393932366,0.6521739130434783,-0.24604847951534625
2025-12-05,14,33,-0.04146794991532917,-0.002952058379642315,-0.059116490057835286,0.6,-0.23915000703398356
2025-12-06,10,33,-0.04146794991532917,-0.002952058379642315,-0.059116490057835286,0.6,-0.23915000703398356
2025-12-07,9,33,-0.04146794991532917,-0.002952058379642315,-0.059116490057835286,0.6,-0.23915000703398356
2025-12-08,11,34,-0.02024509706752783,0.03238267853656866,-0.00999610441138775,0.5925925925925926,-0.2272554958260571
2025-12-09,11,34,-0.02024509706752783,0.03238267853656866,-0.00999610441138775,0.5925925925925926,-0.2272554958260571
2025-12-10,11,35,-0.017964822581708777,0.03834585450751303,0.0020668060978800483,0.5714285714285714,-0.22382747541601097
2025-12-11,12,36,-0.014301243753241157,0.0395038322311458,0.005289694891087626,0.5517241379310345,-0.2173533938472021
2025-12-12,12,36,-0.014301243753241157,0.0395038322311458,0.005289694891087626,0.5517241379310345,-0.2173533938472021
2025-12-13,12,36,-0.014301243753241157,0.0395038322311458,0.005289694891087626,0.5517241379310345,-0.2173533938472021
2025-12-14,12,36,-0.010858175488639418,0.0025721268396916713,-0.03806371033949312,0.5357142857142857,-0.22218637562458507
2025-12-15,12,35,-0.005269548969510382,0.007869287934474044,-0.031878485667137926,0.5185185185185185,-0.22254303838954648
2025-12-16,13,35,0.0005786409533369812,0.011242550174717683,-0.009304038829563615,0.5,-0.22081178092171108
2025-12-17,13,36,0.0003980604928499959,0.005670454832656879,-0.004707359404413957,0.5172413793103449,-0.21919037066925975
2025-12-18,13,35,0.0003980604928499959,0.005670454832656879,-0.004707359404413957,0.5172413793103449,-0.21919037066925975
2025-12-19,15,37,-0.012103750573532782,-0.007796799671118082,-0.014008435387706143,0.5666666666666667,-0.2137969735294722
2025-12-20,15,37,-0.012442042417324366,-0.003563978606740725,-0.003456105072605423,0.5517241379310345,-0.21140619450267892
2025-12-21,15,37,-0.00856177353183337,9.3858533578097e-05,0.005098061578452255,0.5357142857142857,-0.21373496423371496
2025-12-22,19,40,-0.03208901340431289,-0.03712956039696867,-0.033642602323563725,0.59375,-0.21892738947824747
2025-12-23,22,43,-0.03133834246035447,-0.029019262422098954,-0.00682273934647195,0.5714285714285714,-0.21325469484718995
2025-12-24,21,42,-0.03133834246035447,-0.029019262422098954,-0.00682273934647195,0.5714285714285714,-0.21325469484718995
2025-12-25,21,42,-0.03133834246035447,-0.029019262422098954,-0.00682273934647195,0.5714285714285714,-0.21325469484718995
2025-12-26,21,42,-0.03133834246035447,-0.029019262422098954,-0.00682273934647195,0.5714285714285714,-0.21325469484718995
2025-12-27,20,42,-0.047408094457935944,-0.052806930036844245,-0.0048070800984447324,0.6129032258064516,-0.2032682555846508
2025-12-28,19,42,-0.047408094457935944,-0.052806930036844245,-0.0048070800984447324,0.6129032258064516,-0.2032682555846508
2025-12-29,19,40,-0.047408094457935944,-0.052806930036844245,-0.0048070800984447324,0.6129032258064516,-0.2032682555846508
2025-12-30,25,46,-0.041456266409124,-0.022550606923822263,0.09545065913043302,0.5675675675675675,-0.1981844965586798
2025-12-31,25,46,-0.041456266409124,-0.022550606923822263,0.09545065913043302,0.5675675675675675,-0.1981844965586798
2026-01-01,25,46,-0.041456266409124,-0.022550606923822263,0.09545065913043302,0.5675675675675675,-0.1981844965586798
2026-01-02,24,47,-0.04347268408730639,-0.01803302211211981,0.10268688695489611,0.5945945945945946,-0.19140367861472748
2026-01-03,24,47,-0.04347268408730639,-0.01803302211211981,0.10268688695489611,0.5945945945945946,-0.19140367861472748
2026-01-04,22,47,-0.04529106577385272,-0.015578064016198774,0.10836932954128338,0.6111111111111112,-0.1920923442829158
2026-01-05,22,47,-0.04462765982806375,0.011668061760344016,0.14015874194223507,0.59375,-0.17865080514513365
2026-01-06,22,47,-0.04462765982806374,0.011668061760344016,0.14015874194223507,0.6129032258064516,-0.17865080514513368
2026-01-07,20,47,-0.04462765982806374,0.011668061760344016,0.14015874194223507,0.6129032258064516,-0.17865080514513368
2026-01-08,23,50,-0.04423255041609015,0.042212220644399834,0.14788399648622108,0.6176470588235294,-0.18057907945797133
2026-01-09,25,53,-0.024786359653004367,0.06836705568340502,0.16938210336383697,0.5833333333333334,-0.18464295464569547
2026-01-10,24,53,-0.024786359653004367,0.06836705568340502,0.16938210336383697,0.5833333333333334,-0.18464295464569547
2026-01-11,24,53,-0.024786359653004367,0.06836705568340502,0.16938210336383697,0.5833333333333334,-0.18464295464569547
2026-01-12,25,54,-0.020663004587307555,0.0686464245488185,0.16387828275240193,0.5675675675675675,-0.18346922902641583
2026-01-13,28,56,-0.049123017433191314,0.03910152575302836,0.1252924459927586,0.6,-0.18539899265429388
2026-01-14,28,55,-0.049123017433191314,0.03910152575302836,0.1252924459927586,0.6,-0.18539899265429388
2026-01-15,27,55,-0.049123017433191314,0.03910152575302836,0.1252924459927586,0.6,-0.18539899265429388
2026-01-16,26,55,-0.05035241607024147,0.042894475885458944,0.13420643027914908,0.5897435897435898,-0.18467125096009843
2026-01-17,26,55,-0.05035241607024147,0.042894475885458944,0.13420643027914908,0.5897435897435898,-0.18467125096009843
2026-01-18,24,54,-0.05035241607024147,0.042894475885458944,0.13420643027914908,0.5897435897435898,-0.18467125096009843
2026-01-19,24,53,-0.05035241607024147,0.042894475885458944,0.13420643027914908,0.5897435897435898,-0.18467125096009843
2026-01-20,24,52,-0.05035241607024147,0.042894475885458944,0.13420643027914908,0.5897435897435898,-0.18467125096009843
2026-01-21,20,52,-0.05035241607024147,0.042894475885458944,0.13420643027914908,0.5897435897435898,-0.18467125096009843
2026-01-22,17,52,-0.05035241607024147,0.042894475885458944,0.13420643027914908,0.5897435897435898,-0.18467125096009843
2026-01-23,17,52,-0.05062138546821181,0.04000665738382975,0.1289777906327555,0.5789473684210527,-0.18674855166160106
2026-01-24,17,52,-0.05062138546821181,0.04000665738382975,0.1289777906327555,0.5789473684210527,-0.18674855166160106
2026-01-25,17,52,-0.05062138546821181,0.04000665738382975,0.1289777906327555,0.5789473684210527,-0.18674855166160106
2026-01-26,17,48,-0.04419327322514893,0.03859311589940103,0.131299435701832,0.5675675675675675,-0.1880025428634556
2026-01-27,17,48,-0.04027683122625904,0.04437708105298521,0.14253923484169773,0.5555555555555556,-0.18962754202914053
2026-01-28,17,48,-0.04027683122625904,0.04437708105298521,0.14253923484169773,0.5555555555555556,-0.18962754202914053
2026-01-29,11,48,-0.04027683122625904,0.04437708105298521,0.14253923484169773,0.5555555555555556,-0.18962754202914053
2026-01-30,11,48,-0.04027683122625904,0.04437708105298521,0.14253923484169773,0.5555555555555556,-0.18962754202914053
2026-01-31,11,48,-0.04027683122625904,0.04437708105298521,0.14253923484169773,0.5555555555555556,-0.18962754202914053
2026-02-01,10,47,-0.03215193660281717,0.055106772774681415,0.18005454438997945,0.5294117647058824,-0.17246604550420125
2026-02-02,10,47,-0.03215193660281717,0.055106772774681415,0.18005454438997945,0.5294117647058824,-0.17246604550420125
2026-02-03,10,46,-0.036717353693124816,0.05232397238888848,0.1868441376248795,0.5625,-0.1730409977395267
2026-02-04,10,42,-0.036717353693124816,0.05232397238888848,0.1868441376248795,0.5625,-0.1730409977395267
2026-02-05,10,41,-0.036717353693124816,0.05232397238888848,0.1868441376248795,0.5625,-0.1730409977395267
2026-02-06,10,41,-0.054793786413072344,0.025385602446074348,0.1606705119101393,0.5666666666666667,-0.1789423068334325
2026-02-07,7,41,-0.054793786413072344,0.025385602446074348,0.1606705119101393,0.5666666666666667,-0.1789423068334325
2026-02-08,4,40,-0.058108134704888174,0.01959240150448842,0.15532458199880467,0.5862068965517241,-0.18046794000855743
2026-02-09,4,40,-0.06320540325204077,0.017764657602176194,0.15757518520205868,0.6071428571428571,-0.18539346674138585
2026-02-10,4,40,-0.06320540325204077,0.017764657602176194,0.15757518520205868,0.6071428571428571,-0.18539346674138585
2026-02-11,3,40,-0.06320540325204077,0.017764657602176194,0.15757518520205868,0.6071428571428571,-0.18539346674138585
2026-02-12,0,40,-0.06320540325204077,0.017764657602176194,0.15757518520205868,0.6071428571428571,-0.18539346674138585
2026-02-13,0,40,-0.06320540325204077,0.017764657602176194,0.15757518520205868,0.6071428571428571,-0.18539346674138585
2026-02-14,0,40,-0.07119936555572258,0.014757890534810416,0.14201754098926947,0.6296296296296297,-0.1857488141481782
2026-02-15,0,39,-0.07376558684862353,0.020893813993956397,0.14288733160137104,0.6153846153846154,-0.18614637262106687
2026-02-16,0,39,-0.07376558684862353,0.020893813993956397,0.14288733160137104,0.6153846153846154,-0.18614637262106687
2026-02-17,0,39,-0.06572164271178921,0.034219014355068494,0.15446484347412773,0.5833333333333334,-0.1955174632858184
2026-02-18,0,39,-0.06572164271178921,0.034219014355068494,0.15446484347412773,0.5833333333333334,-0.1955174632858184
2026-02-19,0,39,-0.06572164271178921,0.034219014355068494,0.15446484347412773,0.5833333333333334,-0.1955174632858184
2026-02-20,0,39,-0.040686394745437136,0.09874034486171406,0.24438622890138756,0.5,-0.18382570396721368
2026-02-21,0,39,-0.0437049215759053,0.10649679101644803,0.2398104143398425,0.5294117647058824,-0.1889766781391463
2026-02-22,0,38,-0.0437049215759053,0.10649679101644803,0.2398104143398425,0.5294117647058824,-0.1889766781391463
2026-02-23,0,38,-0.0437049215759053,0.10649679101644803,0.2398104143398425,0.5294117647058824,-0.1889766781391463
2026-02-24,0,38,-0.0437049215759053,0.10649679101644803,0.2398104143398425,0.5294117647058824,-0.1889766781391463
2026-02-25,0,37,-0.0437049215759053,0.10649679101644803,0.2398104143398425,0.5294117647058824,-0.1889766781391463
2026-02-26,0,36,-0.0437049215759053,0.10649679101644803,0.2398104143398425,0.5294117647058824,-0.1889766781391463
2026-02-27,0,36,-0.0437049215759053,0.10649679101644803,0.2398104143398425,0.5294117647058824,-0.1889766781391463
2026-02-28,0,36,-0.061163719072727704,0.09436903594835369,0.045121901102581054,0.6363636363636364,-0.19781902907204899
2026-03-01,0,36,-0.061163719072727704,0.09436903594835369,0.045121901102581054,0.6363636363636364,-0.19781902907204899
2026-03-02,0,36,-0.061163719072727704,0.09436903594835369,0.045121901102581054,0.6363636363636364,-0.19781902907204899
2026-03-03,0,34,-0.06380670162425817,0.10839977707820307,0.05215509961620052,0.6,-0.20161270245497728
2026-03-04,0,34,-0.06380670162425817,0.10839977707820307,0.05215509961620052,0.6,-0.20161270245497728
2026-03-05,0,32,-0.06380670162425817,0.10839977707820307,0.05215509961620052,0.6,-0.20161270245497728
2026-03-06,0,32,-0.06380670162425817,0.10839977707820307,0.05215509961620052,0.6,-0.20161270245497728
2026-03-07,0,32,-0.06380670162425817,0.10839977707820307,0.05215509961620052,0.6,-0.20161270245497728
2026-03-08,0,30,-0.06380670162425817,0.10839977707820307,0.05215509961620052,0.6,-0.20161270245497728
2026-03-09,0,30,-0.07394539382364182,0.0014988833490144587,-0.023083412022889247,0.5714285714285714,-0.20208761178255585
2026-03-10,0,29,-0.26815293745487384,-0.22428824362036168,-0.27151447034694703,0.75,-0.1922033347316792
2026-03-11,0,28,-0.26815293745487384,-0.22428824362036168,-0.27151447034694703,0.75,-0.1922033347316792
2026-03-12,0,28,-0.26815293745487384,-0.22428824362036168,-0.27151447034694703,0.75,-0.1922033347316792
2026-03-13,0,28,-0.4001298425324244,-0.32528555939505016,-0.35059954070950966,1.0,-0.2091994107314562
2026-03-14,0,28,,,,,
2026-03-15,0,28,,,,,
2026-03-16,0,27,,,,,
2026-03-17,0,26,,,,,
2026-03-18,0,26,,,,,
2026-03-19,0,24,,,,,
2026-03-20,0,24,,,,,
2026-03-21,0,24,,,,,
2026-03-22,0,20,,,,,
2026-03-23,0,17,,,,,
2026-03-24,0,17,,,,,
2026-03-25,0,17,,,,,
2026-03-26,0,17,,,,,
2026-03-27,0,17,,,,,
2026-03-28,0,17,,,,,
2026-03-29,0,17,,,,,
2026-03-30,0,11,,,,,
2026-03-31,0,11,,,,,
2026-04-01,0,11,,,,,
2026-04-02,0,10,,,,,
2026-04-03,0,10,,,,,
2026-04-04,0,10,,,,,
2026-04-05,0,10,,,,,
2026-04-06,0,10,,,,,
2026-04-07,0,10,,,,,
2026-04-08,0,7,,,,,
2026-04-09,0,4,,,,,
2026-04-10,0,4,,,,,
2026-04-11,0,4,,,,,
2026-04-12,0,3,,,,,
2026-04-13,0,0,,,,,
2026-04-14,0,0,,,,,
2026-04-15,0,0,,,,,
2026-04-16,0,0,,,,,
2026-04-17,0,0,,,,,
2026-04-18,0,0,,,,,
2026-04-19,0,0,,,,,
2026-04-20,0,0,,,,,
2026-04-21,0,0,,,,,
2026-04-22,0,0,,,,,
2026-04-23,0,0,,,,,
2026-04-24,0,0,,,,,
2026-04-25,0,0,,,,,
2026-04-26,0,0,,,,,
2026-04-27,0,0,,,,,
2026-04-28,0,0,,,,,
2026-04-29,0,0,,,,,
2026-04-30,0,0,,,,,
2026-05-01,0,0,,,,,
2026-05-02,0,0,,,,,
2026-05-03,0,0,,,,,
2026-05-04,0,0,,,,,
2026-05-05,0,0,,,,,
2026-05-06,0,0,,,,,
2026-05-07,0,0,,,,,
2026-05-08,0,0,,,,,
2026-05-09,0,0,,,,,
2026-05-10,0,0,,,,,
2026-05-11,0,0,,,,,
2026-05-12,0,0,,,,,
2026-05-13,0,0,,,,,
2026-05-14,0,0,,,,,
2026-05-15,0,0,,,,,
2026-05-16,0,0,,,,,
2026-05-17,0,0,,,,,
2026-05-18,0,0,,,,,
2026-05-19,0,0,,,,,
2026-05-20,0,0,,,,,
2026-05-21,0,0,,,,,
2026-05-22,0,0,,,,,
2026-05-23,0,0,,,,,
2026-05-24,0,0,,,,,
2026-05-25,0,0,,,,,
2026-05-26,0,0,,,,,
2026-05-27,0,0,,,,,
2026-05-28,0,0,,,,,
2026-05-29,0,0,,,,,
2026-05-30,0,0,,,,,
2026-05-31,0,0,,,,,
2026-06-01,0,0,,,,,
2026-06-02,0,0,,,,,
2026-06-03,1,1,,,,0.0,
2026-06-04,1,1,,,,0.0,
2026-06-05,1,1,,,,0.0,
2026-06-06,1,1,,,,0.0,
2026-06-07,1,1,,,,0.0,
2026-06-08,1,1,,,,0.0,
2026-06-09,1,1,,,,0.0,
2026-06-10,1,1,,,,0.0,
2026-06-11,1,1,,,,0.0,
2026-06-12,1,1,,,,0.0,
2026-06-13,1,1,,,,0.0,
2026-06-14,1,1,,,,0.0,
2026-06-15,1,1,,,,0.0,
2026-06-16,1,1,,,,0.0,
2026-06-17,1,1,,,,0.0,
2026-06-18,1,1,,,,0.0,
2026-06-19,1,1,,,,0.0,
2026-06-20,1,1,,,,0.0,
2026-06-21,1,1,,,,0.0,
2026-06-22,1,1,,,,0.0,
2026-06-23,1,1,,,,0.0,
2026-06-24,1,1,,,,0.0,
2026-06-25,1,1,,,,0.0,
2026-06-26,1,1,,,,0.0,
2026-06-27,1,1,,,,0.0,
2026-06-28,1,1,,,,0.0,
2026-06-29,1,1,,,,0.0,
2026-06-30,1,1,,,,0.0,
