stock_code,windcode,company,listing_date,as_of_date,market_observation_date,industry,hsics_l1_name,industry_source,hsi_ret_5d,hsi_ret_20d,hsi_ret_60d,hstech_ret_5d,hstech_ret_20d,hstech_ret_60d,hsi_vol_20d,vhsi_avg_5d,mkt_turnover_avg_20d,dff_level,dff_chg_30cd,dxy_ret_20d,us10y_level,us10y_chg_20d,mkt_turnover_chg_20d,southbound_net_20d,southbound_net_prev20d,hsics_index_code,hsics_index_name,ind_ret_5d,ind_ret_20d,ind_ret_60d,ind_excess_20d,industry_return_source,ind_amount_chg_20d,ind_newhigh_ratio,hs_sector_index,hs_sector_ret_5d,hs_sector_ret_20d,hs_sector_ret_60d,hs_sector_excess_20d,ind_net_inflow_20d,ind_ipo_count_365d,ind_avg_day1_return_365d,ind_break_rate_365d,ipo_count_30d,ipo_count_90d,avg_day1_return_60d,avg_day5_return_60d,avg_day20_return_60d,break_rate_60d,avg_mdd20_60d,news_rows,news_earliest,issue_price,subscription_multiple,public_offer_multiple,international_placing_multiple,subscription_source,outcome_day1_return,outcome_day5_return,outcome_day20_return,outcome_day60_return,outcome_is_break,outcome_mdd20
00368,0368.HK,德合集團,2020-07-17,2020-07-16,2020-07-16,地产/建筑,地产建筑业,hsics,-0.0472896769802244,0.0257393067475513,0.0401658720885427,,,,0.014933717516725,,133823346.82115,0.1,0.01,-0.0072164948453607,0.62,-0.02,0.291081373391048,754.8317000000001,232.01229999999995,HSCIPC.HI,恒生综合行业指数-地产建筑业,-0.0465333695226032,0.0052382655697309,0.0087771310666833,-0.0205010411778203,hsics,0.00616843939698,0.0303030303030303,HSCIPC.HI,-0.0465333695226032,0.0052382655697309,0.0087771310666833,-0.0205010411778203,,15.0,0.0846698452550981,0.4,27.0,42.0,-0.0153879904290418,-0.0423075359252463,0.0066258391972834,0.5454545454545454,-0.1972471527055227,10,2026-04-30 09:04:57,0.63,10.73,10.73,1.09,chiefgroup,0.0,-0.0285714285714284,-0.1285714285714285,0.0857142857142858,False,-0.1643835616438356
00589,0589.HK,建中建設,2020-03-18,2020-03-17,2020-03-17,其他,,fallback,-0.0838349576312069,-0.1549741738163907,-0.1597828787883165,,,,0.0177327174246498,,105972151.52755,0.25,-1.33,0.0012063938876043,1.02,-0.31,0.2471644220226061,1041.6365,570.7755,,,,,,,,,,,,,,,,2.0,-0.070796460176991,0.5,10.0,12.0,0.0133068165213549,0.0295913795739849,0.1347551293375431,0.4166666666666667,-0.26997723609778,1,2026-03-04 11:08:47,,,,,,0.3034482758620689,0.406896551724138,0.3034482758620689,0.186206896551724,False,-0.1800947867298578
00873,0873.HK,世茂服務,2020-10-30,2020-10-29,2020-10-29,地产/建筑,地产建筑业,hsics,-0.0080500667106967,0.0355518435077,-0.0119173062563647,0.0075294760083275,0.1093619241570393,,0.0114686821951344,,87721962.9325,0.09,0.0,-0.0046624986754264,0.85,0.0599999999999999,-0.140537357921655,745.059,526.1246,HSCIPC.HI,恒生综合行业指数-地产建筑业,-0.0224684128326395,-0.0459386946399478,-0.0602581280683821,-0.0814905381476478,hsics,-0.1377547464664543,0.045766590389016,HSCIPC.HI,-0.0224684128326395,-0.0459386946399478,-0.0602581280683821,-0.0814905381476478,,23.0,0.0718087306114699,0.391304347826087,15.0,31.0,0.0065433280254505,-0.0094970454648439,-0.0094643215940468,0.5357142857142857,-0.2254866660533266,8,2026-03-02 16:04:09,16.6,13.86,13.86,10.9,chiefgroup,0.0506329113924051,0.0126582278481012,-0.1316455696202531,-0.0506329113924051,False,-0.2072289156626506
00909,0909.HK,明源雲,2020-09-25,2020-09-24,2020-09-24,TMT/互联网,资讯科技业,hsics,-0.0423066573270859,-0.077926834815663,-0.0721663066550603,-0.033866735327793,-0.0645257967924083,,0.008296674767899,,104035550.157,0.09,0.0,0.0145145683259864,0.67,-0.0499999999999999,0.0036873193733244,463.3994,315.98789999999997,HSCIIT.HI,恒生综合行业指数-信息科技业,-0.0323563905913277,-0.0944528065678498,0.1005823247940673,-0.0165259717521867,hsics,-0.03670998353659,0.010752688172043,HSCIIT.HI,-0.0323563905913277,-0.0944528065678498,0.1005823247940673,-0.0165259717521867,,5.0,-0.0237962165539011,0.8,7.0,36.0,0.0531853338562507,0.0154109224359505,0.001392171015324,0.5,-0.2419563262819385,10,2026-04-24 10:42:00,16.5,644.25,644.25,45.0,chiefgroup,0.189922480620155,0.2945736434108526,0.3275193798449612,0.8003875968992249,False,-0.1548913043478259
01147,1147.HK,伊登軟件,2020-05-13,2020-05-12,2020-05-12,TMT/互联网,资讯科技业,hsics,-0.0161465922781542,-0.0022489406522463,-0.1285948721340039,,,,0.0115456907868959,,76942059.54509999,0.05,0.0,0.0047217199115934,0.69,0.0599999999999999,-0.3019527346987787,233.2018,1341.0543000000002,HSCIIT.HI,恒生综合行业指数-信息科技业,0.0421133243134506,0.0945360807922601,0.0028266787048401,0.0967850214445065,hsics,-0.2812295236903358,0.0274725274725274,HSCIIT.HI,0.0421133243134506,0.0945360807922601,0.0028266787048401,0.0967850214445065,,1.0,-0.0344827586206896,1.0,8.0,23.0,-0.0309772007349996,-0.0387233054106685,0.0492848785064743,0.5714285714285714,-0.2160635711350842,4,2026-03-18 20:40:09,0.25,115.63,115.63,1.39,chiefgroup,-0.2274881516587677,-0.1848341232227488,-0.3981042654028436,-0.3696682464454976,True,-0.2849162011173184
01153,1153.HK,佳源服務,2020-12-09,2020-12-08,2020-12-08,地产/建筑,地产建筑业,hsics,-0.0099037627673925,0.000117103676295,0.0697411309229696,0.0124916096456515,0.0154953565426652,0.1524408321977752,0.0073208125666889,,134255646.54349998,0.09,0.0,-0.0190897325280413,0.92,0.04,0.1846416155450603,682.6109000000001,931.7832,HSCIPC.HI,恒生综合行业指数-地产建筑业,-0.0374313727548525,-0.0507271320277136,-0.0421922086604098,-0.0508442357040086,hsics,0.3370181326358061,0.0769230769230769,HSCIPC.HI,-0.0374313727548525,-0.0507271320277136,-0.0421922086604098,-0.0508442357040086,,28.0,0.0545131327801942,0.4285714285714285,12.0,43.0,-0.0161664474711359,0.0052113196237763,0.034726587696638,0.5172413793103449,-0.1838084043353531,6,2026-03-17 16:52:41,3.86,2.79,2.79,1.63,chiefgroup,-0.010204081632653,-0.0127551020408162,0.0076530612244898,-0.010204081632653,True,-0.0077120822622108
01156,1156.HK,CHINANEWENERGY,2020-07-15,2020-07-14,2020-07-14,工业/制造,工业,hsics,-0.0191629394594786,0.0484132999854327,0.0426631035301241,,,,0.0158683806335679,,128105320.10035,0.09,0.0099999999999999,-0.0088568486096807,0.63,-0.0599999999999999,0.234551441495018,744.5819000000001,292.37550000000005,HSCIIN.HI,恒生综合行业指数-工业,0.0224642079331642,0.151803022868588,0.1931887306573785,0.1033897228831552,hsics,0.5731705386162387,0.1030150753768844,HSCIIN.HI,0.0224642079331642,0.151803022868588,0.1931887306573785,0.1033897228831552,,7.0,-0.0637951141649617,0.5714285714285714,18.0,33.0,-0.0023543315064211,-0.0295732770521584,-0.0421856398309683,0.5,-0.2274914550773807,0,,0.98,9.44,9.44,1.17,chiefgroup,-0.4166666666666667,-0.575,-0.6291666666666667,-0.725,True,-0.3785714285714285
01163,1163.HK,虎視傳媒,2020-07-10,2020-07-09,2020-07-09,消费/零售,非必需性消费,hsics,0.0432240800598944,0.0460122870773374,0.0785927598514093,,,,0.016047684897227,,120086634.29049996,0.09,0.0199999999999999,0.0042535532731611,0.62,-0.0799999999999999,0.1804082061076721,595.8716,291.31290000000007,HSCICD.HI,恒生综合行业指数-非必需性消费,0.0592807666761552,0.0252855321790816,0.2021623018607856,-0.0207267548982557,hsics,0.0530512773662781,0.1015151515151515,HSCICD.HI,0.0592807666761552,0.0252855321790816,0.2021623018607856,-0.0207267548982557,,9.0,-0.1070617262370602,0.7777777777777778,10.0,27.0,-0.0285955481637142,-0.0560847004220887,-0.0119203811144185,0.631578947368421,-0.1835756824311643,4,2026-03-04 18:18:21,0.86,6.18,6.18,,chiefgroup,0.019047619047619,0.0095238095238095,-0.1619047619047619,-0.0952380952380953,False,-0.4236111111111111
01167,1167.HK,加科思－Ｂ,2020-12-21,2020-12-20,2020-12-20,生物科技/医药,医疗保健业,hsics,-0.0002742788672849,0.0017791024643554,0.0886472740269956,0.0214377645224363,0.0320486850923786,0.1470423513879719,0.0079416486541021,,126995020.26565,0.09,0.0099999999999999,-0.0267344950752246,0.95,0.1099999999999999,-0.0184497269753474,454.5168,874.1187999999999,HSCIH.HI,恒生综合行业指数-医疗保健业,0.0831358247064106,0.061535557570914,0.0903856524950732,0.0597564551065585,hsics,0.4178417007675425,0.1403508771929824,HSCIH.HI,0.0831358247064106,0.061535557570914,0.0903856524950732,0.0597564551065585,,20.0,-0.0045651456909994,0.6,13.0,49.0,-0.0121914936620852,0.0184292180366231,0.0595619196201712,0.53125,-0.1497636793786121,10,2026-07-09 09:24:00,14.0,299.59,299.59,10.93,chiefgroup,-0.097622027534418,-0.0988735919899874,0.3078848560700875,0.0200250312891114,True,-0.0721925133689839
01179,1179.HK,華住集團－Ｓ,2020-09-22,2020-09-21,2020-09-21,消费/零售,非必需性消费,hsics,-0.0279862891168444,-0.0626532684084507,-0.0144268120856185,-0.0166126623034967,-0.0183030896695866,,0.0075160513037969,,108705840.18955,0.09,0.0,0.0023577322902152,0.68,0.0,0.0795801252632453,520.0083,381.15059999999994,HSCICD.HI,恒生综合行业指数-非必需性消费,-0.0020726994488944,0.0190256092414811,0.2031224456432891,0.0816788776499318,hsics,0.2583556779292344,0.0373692077727952,HSCICD.HI,-0.0020726994488944,0.0190256092414811,0.2031224456432891,0.0816788776499318,,18.0,-0.0350451360509073,0.6666666666666666,5.0,34.0,0.0640226509268708,4.385948088234115e-05,-0.0773900230250161,0.625,-0.2804049379767578,10,2026-05-15 18:17:00,297.0,3.39,3.39,6.6,chiefgroup,0.0196721311475409,0.1167213114754099,0.1108196721311475,0.1934426229508196,False,-0.0988826815642457
01209,1209.HK,華潤萬象生活,2020-12-09,2020-12-08,2020-12-08,地产/建筑,地产建筑业,hsics,-0.0099037627673925,0.000117103676295,0.0697411309229696,0.0124916096456515,0.0154953565426652,0.1524408321977752,0.0073208125666889,,134255646.54349998,0.09,0.0,-0.0190897325280413,0.92,0.04,0.1846416155450603,682.6109000000001,931.7832,HSCIPC.HI,恒生综合行业指数-地产建筑业,-0.0374313727548525,-0.0507271320277136,-0.0421922086604098,-0.0508442357040086,hsics,0.3370181326358061,0.0769230769230769,HSCIPC.HI,-0.0374313727548525,-0.0507271320277136,-0.0421922086604098,-0.0508442357040086,,28.0,0.0545131327801942,0.4285714285714285,12.0,43.0,-0.0161664474711359,0.0052113196237763,0.034726587696638,0.5172413793103449,-0.1838084043353531,10,2026-04-09 13:47:33,22.3,29.78,29.78,11.8,chiefgroup,-0.0909090909090909,0.0097402597402597,0.4220779220779219,0.2077922077922078,True,-0.0724832214765101
01248,1248.HK,天兆豬業,2020-10-29,2020-10-28,2020-10-28,其他,,fallback,-0.0018429032067808,0.0418246942574582,-0.0025818681487246,0.001565835740299,0.0853623615733993,,0.0113604852579895,,86836230.53685,0.09,0.0,-0.0055336809620091,0.79,0.01,-0.1653215616603605,648.4712,513.3943,,,,,,,,,,,,,,,,8.0,-0.0062468413258426,0.5,17.0,29.0,0.005082573108191,-0.012173578001141,-0.0104170571372345,0.5769230769230769,-0.2328989898383168,10,2026-04-29 18:13:54,,,,,,,,,,False,
01343,1343.HK,偉源控股,2020-03-12,2020-03-11,2020-03-11,地产/建筑,地产建筑业,hsics,-0.0377719989306717,-0.0931599221669614,-0.0476743865666869,,,,0.0144898976650803,,92238166.0211,1.09,-0.49,-0.0244444444444444,0.82,-0.7000000000000001,0.0641907373998726,701.2622000000001,527.4283,HSCIPC.HI,恒生综合行业指数-地产建筑业,-0.0459950542952369,-0.0405415146840443,-0.0297753846452903,0.0526184074829171,hsics,0.0661030329130685,0.03125,HSCIPC.HI,-0.0459950542952369,-0.0405415146840443,-0.0297753846452903,0.0526184074829171,,2.0,-0.0528628829733803,0.5,3.0,4.0,-0.1304800172203487,-0.2680102126234723,-0.4874654197858619,0.5,-0.433272159438488,10,2026-07-30 14:18:11,0.48,4.79,4.79,,chiefgroup,0.1285714285714287,0.5428571428571429,1.4142857142857144,0.9857142857142857,False,-0.1271186440677965
01351,1351.HK,輝煌明天,2020-11-11,2020-11-10,2020-11-10,消费/零售,非必需性消费,hsics,0.054601633618327,0.0670110119076596,0.0789275161491591,0.0320179708168659,0.0611026925593773,,0.0121121343882233,,113330179.1713,0.09,0.0,-0.008660322891051,0.98,0.15,0.4152138164055512,931.7832,415.8298,HSCICD.HI,恒生综合行业指数-非必需性消费,0.0749210444645933,0.1026598168527894,0.2393748574836434,0.0356488049451297,hsics,0.407402074658213,0.0919881305637982,HSCICD.HI,0.0749210444645933,0.1026598168527894,0.2393748574836434,0.0356488049451297,,23.0,-0.0363936927652695,0.6521739130434783,19.0,35.0,0.0028335229816433,-0.003735607823646,-0.0361927181696234,0.5161290322580645,-0.2283189591049017,3,2026-03-13 17:50:08,1.1,31.32,31.32,1.03,chiefgroup,-0.1317365269461077,-0.215568862275449,-0.2335329341317365,1.1197604790419162,True,-0.1931034482758621
01376,1376.HK,RAFFLESINTERIOR,2020-05-07,2020-05-06,2020-05-06,地产/建筑,地产建筑业,hsics,0.012846534373029,0.0368306610893613,-0.1220723292972572,,,,0.0147063200871058,,76220532.38474998,0.05,0.0,0.0007992007992008,0.72,0.1099999999999999,-0.3554559885186356,334.58950000000004,1378.9576000000002,HSCIPC.HI,恒生综合行业指数-地产建筑业,0.0155673794105559,0.0379364961720374,-0.0731911180396741,0.001105835082676,hsics,-0.3638291228365706,0.0497630331753554,HSCIPC.HI,0.0155673794105559,0.0379364961720374,-0.0731911180396741,0.001105835082676,,8.0,0.1412071231068386,0.25,7.0,22.0,0.0015517406961741,0.0114190438231502,0.1280467509532301,0.45,-0.2143872889660553,1,2026-06-01 09:14:00,0.5,14.17,14.17,1.01,chiefgroup,-0.1486486486486486,-0.1216216216216216,-0.1756756756756756,-0.1621621621621621,True,-0.2191780821917809
01379,1379.HK,温嶺工量刃具,2020-12-30,2020-12-29,2020-12-29,地产/建筑,地产建筑业,hsics,0.0171995750260822,3.0488172094944588e-05,0.1317274413710996,-0.0198677687976028,-0.0026847528979868,0.146264314276296,0.0069446989385954,,122310079.6335,0.09,0.0099999999999999,-0.0129414345251152,0.94,-0.01,-0.117392863408919,486.2315,632.6659,HSCIPC.HI,恒生综合行业指数-地产建筑业,0.0042471031760342,-0.0499469877494462,-0.0089791180754027,-0.0499774759215412,hsics,-0.0986395712392028,0.0672645739910313,HSCIPC.HI,0.0042471031760342,-0.0499469877494462,-0.0089791180754027,-0.0499774759215412,,32.0,0.0444858768956892,0.46875,17.0,45.0,-0.0181121831854188,0.0329466668662211,0.1188013534612753,0.6071428571428571,-0.1394466095425485,5,2026-03-18 09:58:06,6.25,27.68,27.68,1.06,chiefgroup,-0.013029315960912,0.0358306188925082,-0.0032573289902279,-0.014657980456026,True,-0.0989660265878877
01408,1408.HK,濠江機電,2020-09-11,2020-09-10,2020-09-10,地产/建筑,地产建筑业,hsics,-0.0277539627953101,-0.0363498075952797,-0.0012549247065715,-0.0916603296626291,,,0.0080378912796399,,110595392.7591,0.09,-0.01,0.0016085790884718,0.68,0.04,0.0118862217839561,446.4685,468.0703999999999,HSCIPC.HI,恒生综合行业指数-地产建筑业,-0.0301026448314206,-0.0340616424166937,0.0006994952505861,0.0022881651785859,hsics,-0.0078416162018106,0.0533642691415313,HSCIPC.HI,-0.0301026448314206,-0.0340616424166937,0.0006994952505861,0.0022881651785859,,17.0,0.0808202225130926,0.3529411764705882,3.0,33.0,-0.0350181975655153,-0.0072444326432859,-0.0190315393697559,0.6470588235294118,-0.1936302267411871,10,2026-05-06 07:28:47,1.0,8.99,8.99,1.62,chiefgroup,0.3619047619047618,0.6666666666666666,0.8523809523809524,-0.7619047619047619,False,-0.1171874999999998
01429,1429.HK,天任集團,2020-09-29,2020-09-28,2020-09-28,地产/建筑,地产建筑业,hsics,-0.0198173831317594,-0.0675615292498525,-0.10870164424378,-0.0301789250599311,-0.0749311360497145,,0.0085384315991909,,98190072.3897,0.09,0.0,0.022783986112618,0.67,-0.0199999999999999,-0.0884119553421544,417.1691,332.5202,HSCIPC.HI,恒生综合行业指数-地产建筑业,-0.0304796483852475,-0.0603614587995616,-0.1114213920315643,0.0072000704502909,hsics,-0.1278074887866727,0.037037037037037,HSCIPC.HI,-0.0304796483852475,-0.0603614587995616,-0.1114213920315643,0.0072000704502909,,18.0,0.0964360302570743,0.3333333333333333,9.0,36.0,0.0596725706422933,0.0441818716893663,0.0327321527728737,0.5,-0.2224579907901051,3,2026-03-17 21:53:55,0.35,26.76,26.76,0.972,chiefgroup,0.111111111111111,0.2222222222222223,-0.7166666666666667,-0.8322222222222222,False,-0.9208835341365462
01433,1433.HK,常達控股,2020-03-12,2020-03-11,2020-03-11,工业/制造,工业,hsics,-0.0377719989306717,-0.0931599221669614,-0.0476743865666869,,,,0.0144898976650803,,92238166.0211,1.09,-0.49,-0.0244444444444444,0.82,-0.7000000000000001,0.0641907373998726,701.2622000000001,527.4283,HSCIIN.HI,恒生综合行业指数-工业,-0.0438569025652975,-0.0964825365370324,-0.0606288228350681,-0.0033226143700709,hsics,0.2536101661977461,0.0409207161125319,HSCIIN.HI,-0.0438569025652975,-0.0964825365370324,-0.0606288228350681,-0.0033226143700709,,0.0,,,3.0,4.0,-0.1304800172203487,-0.2680102126234723,-0.4874654197858619,0.5,-0.433272159438488,10,2026-07-27 20:58:00,0.25,74.68,74.68,1.55,chiefgroup,-0.0683229813664596,-0.2546583850931677,-0.2298136645962733,-0.5838509316770186,True,-0.1999999999999999
01440,1440.HK,DEYUN HOLDING,2021-01-13,2021-01-12,2021-01-12,消费/零售,非必需性消费,hsics,0.0226724475277633,0.0715143738878161,0.1521656929720409,0.0310850647777825,0.0799495086998489,0.1572196938353329,0.008087333330234,,146383644.57214996,0.09,0.0,-0.0076049818141739,1.15,0.1899999999999999,0.1685666875440314,1306.3652,565.2335999999999,HSCICD.HI,恒生综合行业指数-非必需性消费,0.0191605343402043,0.1298797359121166,0.3142649561210637,0.0583653620243005,hsics,0.1610027543371579,0.0910425844346549,HSCICD.HI,0.0191605343402043,0.1298797359121166,0.3142649561210637,0.0583653620243005,,29.0,-0.0282265509990908,0.6206896551724138,12.0,46.0,-0.0258629619795217,-0.000510584523802,0.0915351364283351,0.6296296296296297,-0.1457641502569622,2,2026-02-13 21:24:06,0.4,33.62,33.62,,chiefgroup,-0.0119047619047619,0.1904761904761904,0.523809523809524,0.1666666666666666,True,-0.3709677419354839
01449,1449.HK,立德教育,2020-08-06,2020-08-05,2020-08-05,消费/零售,非必需性消费,hsics,0.0088172151906873,-0.0392909383302498,0.0203430119266434,,,,0.012671943283375,,122788056.14450002,0.1,0.01,-0.0379274611398963,0.55,-0.0699999999999999,0.0562158638506165,696.0212,527.7665999999999,HSCICD.HI,恒生综合行业指数-非必需性消费,0.0426529228660781,0.0224538377404619,0.1281367696645829,0.0617447760707118,hsics,0.1864755279981778,0.0753012048192771,HSCICD.HI,0.0426529228660781,0.0224538377404619,0.1281367696645829,0.0617447760707118,,13.0,-0.0557763038610998,0.6153846153846154,22.0,38.0,-0.0287059506495134,-0.0293611435273984,0.0200141091066233,0.5517241379310345,-0.1918737400501297,3,2026-06-01 09:10:04,2.1,27.94,27.94,3.8,chiefgroup,-0.0656565656565656,-0.2121212121212121,-0.3383838383838383,-0.5454545454545455,True,-0.2810810810810811
01455,1455.HK,科利實業控股,2020-09-15,2020-09-14,2020-09-14,消费/零售,非必需性消费,hsics,0.0020589963663573,-0.0278948402475368,0.007166990803983,0.0105441819869189,,,0.0082767617998767,,108914237.88845,0.09,-0.01,0.0024773804394655,0.68,-0.0099999999999998,0.009511159630327,469.5183,457.18909999999994,HSCICD.HI,恒生综合行业指数-非必需性消费,0.0225681319225499,0.0398878667830524,0.1711010371020125,0.0677827070305893,hsics,0.1973620418665875,0.0629685157421289,HSCICD.HI,0.0225681319225499,0.0398878667830524,0.1711010371020125,0.0677827070305893,,16.0,-0.0629614317075254,0.6875,3.0,34.0,0.0193729641444131,0.0927831096560788,0.0377386142964393,0.5714285714285714,-0.17786871113083,2,2026-06-08 17:12:00,0.4,7.7,7.7,1.1,chiefgroup,0.3894736842105265,-0.5368421052631579,-0.748421052631579,-0.7757894736842106,False,-0.8477272727272727
01463,1463.HK,C-LINK SQ,2020-03-27,2020-03-26,2020-03-26,消费/零售,非必需性消费,hsics,0.0756921166347983,-0.1279483408779093,-0.1619234853598935,,,,0.0297499969999564,,122184823.65735002,0.1,-1.48,0.0101615689462453,0.83,0.0899999999999999,0.4446572747568575,1373.4165000000005,568.4232,HSCICD.HI,恒生综合行业指数-非必需性消费,0.1092914927655452,-0.1807491613865075,-0.2260332819245205,-0.0528008205085982,hsics,0.2547971370742528,0.0184049079754601,HSCICD.HI,0.1092914927655452,-0.1807491613865075,-0.2260332819245205,-0.0528008205085982,,1.0,-0.1818181818181818,1.0,12.0,15.0,0.0222587212182419,0.0513334751144835,0.152298311572713,0.4285714285714285,-0.233946869038384,0,,0.63,11.15,11.15,1.07,chiefgroup,-0.2110091743119266,-0.1009174311926606,0.1009174311926604,0.0366972477064218,True,-0.2296296296296296
01472,1472.HK,生興控股,2020-03-17,2020-03-16,2020-03-16,地产/建筑,地产建筑业,hsics,-0.0789478308305837,-0.1751108742614343,-0.1456082690539502,,,,0.0173363534438737,,103306379.5454,0.25,-1.33,-0.0117991125453812,0.73,-0.6000000000000001,0.20632964957911,968.6824,558.6517,HSCIPC.HI,恒生综合行业指数-地产建筑业,-0.0769592767547574,-0.1487963705799283,-0.1288807052248479,0.026314503681506,hsics,0.1979736717392815,0.0215311004784689,HSCIPC.HI,-0.0769592767547574,-0.1487963705799283,-0.1288807052248479,0.026314503681506,,4.0,0.0482284224588881,0.25,8.0,10.0,-0.0218800041580204,-0.0018915067020388,0.0449050559080826,0.4,-0.2751590694139277,2,2026-04-12 18:58:20,0.5,2.47,2.47,1.35,chiefgroup,0.3777777777777777,0.6666666666666666,1.3333333333333337,-0.6555555555555557,False,-0.129032258064516
01477,1477.HK,歐康維視生物－Ｂ,2020-07-10,2020-07-09,2020-07-09,生物科技/医药,医疗保健业,hsics,0.0432240800598944,0.0460122870773374,0.0785927598514093,,,,0.016047684897227,,120086634.29049996,0.09,0.0199999999999999,0.0042535532731611,0.62,-0.0799999999999999,0.1804082061076721,595.8716,291.31290000000007,HSCIH.HI,恒生综合行业指数-医疗保健业,0.044239194220341,0.1450685229692763,0.3025776518414991,0.0990562358919389,hsics,0.0917461775658246,0.2341772151898734,HSCIH.HI,0.044239194220341,0.1450685229692763,0.3025776518414991,0.0990562358919389,,7.0,-0.0065203439013895,0.4285714285714285,10.0,27.0,-0.0285955481637142,-0.0560847004220887,-0.0119203811144185,0.631578947368421,-0.1835756824311643,5,2026-04-01 14:16:56,14.66,1895.76,1895.76,76.0,chiefgroup,-0.1395348837209302,-0.3104651162790698,-0.2430232558139536,-0.4465116279069768,True,-0.2189189189189189
01490,1490.HK,CHESHI,2021-01-15,2021-01-14,2021-01-14,消费/零售,非必需性消费,hsics,0.0344243538309863,0.0769670324852827,0.1511826978777932,0.0588464262544861,0.0989311155092025,0.1749505660631565,0.0077900869647005,,151756128.728,0.09,0.0,0.0003325205054311,1.15,0.2099999999999999,0.212019367567815,1565.6241,554.6356,HSCICD.HI,恒生综合行业指数-非必需性消费,0.0120075456170227,0.1063785389278677,0.2592867916729644,0.029411506442585,hsics,0.2119094106998627,0.0835777126099706,HSCICD.HI,0.0120075456170227,0.1063785389278677,0.2592867916729644,0.029411506442585,,30.0,-0.0276824913626132,0.6333333333333333,16.0,47.0,-0.0208092924479791,0.0248660819878097,0.0963098612168407,0.6129032258064516,-0.166215465295684,2,2026-03-29 18:36:00,1.23,1274.76,1274.76,21.7,chiefgroup,-0.1176470588235293,-0.2,-0.2823529411764706,-0.1176470588235293,True,-0.2738853503184714
01502,1502.HK,金融街物業,2020-07-06,2020-07-05,2020-07-05,地产/建筑,地产建筑业,hsics,0.0238701487152956,0.0430615951412542,0.0899078438801272,,,,0.0138227028512936,,102900186.5844,0.09,0.0199999999999999,-0.0014385532264692,0.68,-0.0299999999999999,0.0665712869492605,341.6343,278.7955,HSCIPC.HI,恒生综合行业指数-地产建筑业,0.046391738921959,0.0524418415660612,0.0842728243474346,0.0093802464248069,hsics,0.020455672151646,0.1462264150943396,HSCIPC.HI,0.046391738921959,0.0524418415660612,0.0842728243474346,0.0093802464248069,,10.0,0.0975070093925775,0.4,6.0,23.0,-0.022535888289203,-0.0702064269522559,-0.0421739355750899,0.625,-0.1931228913847286,5,2026-03-26 22:24:00,7.36,146.22,146.22,,chiefgroup,0.0172043010752688,0.1268817204301074,0.1849462365591396,0.0322580645161289,False,-0.133587786259542
01516,1516.HK,融創服務,2020-11-19,2020-11-18,2020-11-18,地产/建筑,地产建筑业,hsics,0.0120986099047621,0.0723050671354854,0.0463946217543949,0.0678821342077626,0.042871457574616,0.1122565433338913,0.010892475999956,,126568598.13055,0.09,0.0,-0.0028059572631123,0.88,0.03,0.4816776146301569,844.4310999999999,536.1591999999999,HSCIPC.HI,恒生综合行业指数-地产建筑业,-0.0135504761521675,0.0830276482814014,-0.0067334612522212,0.0107225811459159,hsics,0.304945894312207,0.0842824601366742,HSCIPC.HI,-0.0135504761521675,0.0830276482814014,-0.0067334612522212,0.0107225811459159,,25.0,0.0656202128157794,0.4,19.0,39.0,-0.0110804245878788,0.0192778245522679,0.0186715560822671,0.5,-0.1896773179619007,10,2026-07-14 09:04:00,11.6,10.42,10.42,4.9,chiefgroup,0.2189655172413794,0.1206896551724138,0.3034482758620689,1.362068965517241,False,-0.1555869872701556
01597,1597.HK,納泉能源科技,2020-10-20,2020-10-19,2020-10-19,工业/制造,工业,hsics,-0.0043578659033303,0.001589581162708,-0.0217986485802439,0.0089880811965983,0.0189257465252776,,0.0130702948863835,,86008333.61195001,0.09,0.0,0.0018230563002681,0.78,0.12,-0.2098496975987437,542.0825,419.673,HSCIIN.HI,恒生综合行业指数-工业,-0.0092651652145322,0.0786125926191074,0.0926694128568113,0.0770230114563994,hsics,-0.1180278441101755,0.0798004987531172,HSCIIN.HI,-0.0092651652145322,0.0786125926191074,0.0926694128568113,0.0770230114563994,,10.0,-0.0869025637274621,0.6,15.0,23.0,0.0157786861045229,0.0059940776168402,-0.0078099477436747,0.55,-0.227208887185986,10,2026-06-04 07:00:36,2.0,77.19,77.19,0.1388,chiefgroup,-0.0142857142857144,-0.1857142857142857,-0.2619047619047619,-0.3714285714285713,True,-0.2772727272727273
01643,1643.HK,現代中藥集團,2021-01-15,2021-01-14,2021-01-14,生物科技/医药,医疗保健业,hsics,0.0344243538309863,0.0769670324852827,0.1511826978777932,0.0588464262544861,0.0989311155092025,0.1749505660631565,0.0077900869647005,,151756128.728,0.09,0.0,0.0003325205054311,1.15,0.2099999999999999,0.212019367567815,1565.6241,554.6356,HSCIH.HI,恒生综合行业指数-医疗保健业,0.0498827635538117,0.1107726361130831,0.1437543350282093,0.0338056036278004,hsics,0.1659262389574625,0.1445086705202312,HSCIH.HI,0.0498827635538117,0.1107726361130831,0.1437543350282093,0.0338056036278004,,22.0,-0.0124152485304634,0.6363636363636364,16.0,47.0,-0.0208092924479791,0.0248660819878097,0.0963098612168407,0.6129032258064516,-0.166215465295684,5,2026-03-25 16:36:00,1.18,30.66,30.66,1.004,chiefgroup,0.076923076923077,-0.111111111111111,-0.2222222222222221,-0.282051282051282,False,-0.3095238095238095
01645,1645.HK,海納智能,2020-06-03,2020-06-02,2020-06-02,工业/制造,工业,hsics,0.0261402132851193,-0.0262806677111574,-0.0848952809598937,,,,0.0184158754881218,,95111703.75575,0.06,0.0099999999999999,-0.0136336093718439,0.68,0.04,0.2652561202004611,287.598,374.8711,HSCIIN.HI,恒生综合行业指数-工业,0.0161196606736724,0.0011122015047433,-0.1086191956776593,0.0273928692159007,hsics,0.109910357531741,0.0531645569620253,HSCIIN.HI,0.0161196606736724,0.0011122015047433,-0.1086191956776593,0.0273928692159007,,4.0,-0.1440450310559006,0.5,9.0,29.0,-0.0184928700865547,-0.0802326223399578,-0.0582786430307713,0.5625,-0.2210012846573175,9,2026-03-09 19:15:34,1.38,168.29,168.29,1.9,chiefgroup,-0.0082644628099173,-0.3223140495867769,-0.2892561983471074,-0.3223140495867769,True,-0.3166666666666666
01650,1650.HK,HYGIEIA GROUP,2020-07-03,2020-07-02,2020-07-02,消费/零售,非必需性消费,hsics,0.0087062689151069,0.0470183706076945,0.0882967401158894,,,,0.0139609790852843,,101780972.8992,0.09,0.03,-0.004607351284939,0.68,-0.0299999999999999,0.070120383507974,318.879,278.7718,HSCICD.HI,恒生综合行业指数-非必需性消费,-0.0080306316074816,0.0218348232465241,0.2412199499696143,-0.0251835473611703,hsics,0.0329288193170222,0.0683890577507598,HSCICD.HI,-0.0080306316074816,0.0218348232465241,0.2412199499696143,-0.0251835473611703,,7.0,-0.0418084263442006,0.7142857142857143,6.0,22.0,0.0068950524915167,-0.0370201887490729,-0.0020521979467625,0.6,-0.1831121786710737,0,,0.25,19.92,19.92,0.97,chiefgroup,-0.4639999999999999,-0.5680000000000001,-0.644,-0.6719999999999999,True,-0.3432835820895523
01795,1795.HK,亞東集團,2020-11-18,2020-11-17,2020-11-17,消费/零售,非必需性消费,hsics,0.0043195287869732,0.0751153664252566,0.0421247357710907,-0.0035934356057846,0.0478713357135591,0.102434543587349,0.0109253799330058,,124818235.4577,0.09,0.0,-0.0068743286788399,0.87,0.0799999999999999,0.4512342027326261,837.8337,542.0825,HSCICD.HI,恒生综合行业指数-非必需性消费,0.0110957004160887,0.1094408537361828,0.1992546834083126,0.0343254873109262,hsics,0.5988626072388192,0.0992592592592592,HSCICD.HI,0.0110957004160887,0.1094408537361828,0.1992546834083126,0.0343254873109262,,24.0,-0.0403663108561377,0.6666666666666666,18.0,37.0,-0.0148892949990005,0.014363031686371,-0.0024520945648798,0.53125,-0.1908234646562835,1,2026-04-29 00:35:47,0.84,18.3,18.3,0.91,chiefgroup,0.0921052631578946,0.1842105263157895,0.6710526315789473,-0.1447368421052631,False,-0.339622641509434
01855,1855.HK,中邦環境,2021-01-06,2021-01-05,2021-01-05,地产/建筑,地产建筑业,hsics,0.0507409756473871,0.0431213063792945,0.1217127362302472,0.0856578815718247,0.0642226637159237,0.1292879263575457,0.0079666890531469,,123027507.2479,0.09,0.0,-0.0152965775283372,0.96,0.0399999999999999,-0.1210728115519641,666.0023000000001,646.4436000000001,HSCIPC.HI,恒生综合行业指数-地产建筑业,0.0184781523511599,-0.0085016198704103,-0.0283902408051176,-0.0516229262497048,hsics,-0.2011097094615138,0.0691964285714285,HSCIPC.HI,0.0184781523511599,-0.0085016198704103,-0.0283902408051176,-0.0516229262497048,,33.0,0.042742992263671,0.4848484848484848,18.0,46.0,-0.0255394111106357,0.006474718783388,0.0917324605176024,0.6428571428571429,-0.1438743913728955,2,2026-03-18 17:17:55,2.0,36.25,36.25,1.01,chiefgroup,0.0301507537688441,-0.0452261306532663,-0.0402010050251256,0.0904522613065326,False,-0.073170731707317
01859,1859.HK,煜盛文化,2020-03-13,2020-03-12,2020-03-12,其他,,fallback,-0.0918563935046008,-0.123365668950595,-0.0804773832660907,,,,0.01612853593201,,94605423.6578,1.1,-0.48,-0.0167490666935727,0.88,-0.58,0.0990158654284192,799.5641,537.2783,,,,,,,,,,,,,,,,1.0,,0.0,7.0,8.0,-0.0423130863508681,0.019881159984794,0.0688679700474079,0.375,-0.283984774106469,0,,,,,,,-0.070796460176991,-0.1017699115044247,-0.0575221238938052,-0.1106194690265486,True,-0.1571428571428571
01936,1936.HK,RITAMIX,2020-05-13,2020-05-12,2020-05-12,消费/零售,必需性消费,hsics,-0.0161465922781542,-0.0022489406522463,-0.1285948721340039,,,,0.0115456907868959,,76942059.54509999,0.05,0.0,0.0047217199115934,0.69,0.0599999999999999,-0.3019527346987787,233.2018,1341.0543000000002,HSCICS.HI,恒生综合行业指数-必需性消费,0.0010379477031328,0.0322235245869588,0.0126480027297848,0.0344724652392052,hsics,-0.231192958296372,0.0612557427258805,HSCICS.HI,0.0010379477031328,0.0322235245869588,0.0126480027297848,0.0344724652392052,,2.0,-0.1964136780650542,1.0,8.0,23.0,-0.0309772007349996,-0.0387233054106685,0.0492848785064743,0.5714285714285714,-0.2160635711350842,0,,1.0,5.33,5.33,1.04,chiefgroup,0.373134328358209,0.2885572139303483,0.5671641791044777,-0.1343283582089551,False,-0.1559322033898305
01940,1940.HK,CGII HLDGS,2020-12-29,2020-12-28,2020-12-28,新能源/汽车,能源业,hsics,0.0003022046111482,-0.0010196841560595,0.1325222440567033,-0.0554954487795362,-0.0363743116544397,0.1170995860195254,0.0068710326563345,,127185095.16085,0.09,0.0099999999999999,-0.0190155384113875,0.94,0.0199999999999999,-0.0383581046562613,463.4095,653.0438,HSCIEN.HI,恒生综合行业指数-能源业,0.0108687370969748,-0.0312580691691405,0.0734761614403576,-0.0302383850130809,hsics,0.4424475932309863,0.1685393258426966,HSCIEN.HI,0.0108687370969748,-0.0312580691691405,0.0734761614403576,-0.0302383850130809,,0.0,,,15.0,43.0,-0.0178481863536809,0.0046117316263024,0.0501030902835242,0.6071428571428571,-0.146751048524219,5,2026-03-16 15:44:45,1.37,10.09,10.09,1.11,chiefgroup,-0.0470588235294116,0.3529411764705881,1.4117647058823526,1.2470588235294118,True,-0.0476190476190476
01941,1941.HK,燁星集團,2020-03-13,2020-03-12,2020-03-12,地产/建筑,地产建筑业,hsics,-0.0918563935046008,-0.123365668950595,-0.0804773832660907,,,,0.01612853593201,,94605423.6578,1.1,-0.48,-0.0167490666935727,0.88,-0.58,0.0990158654284192,799.5641,537.2783,HSCIPC.HI,恒生综合行业指数-地产建筑业,-0.0876594839807201,-0.0797932424896693,-0.0584088448445715,0.0435724264609257,hsics,0.1048723338364017,0.0215827338129496,HSCIPC.HI,-0.0876594839807201,-0.0797932424896693,-0.0584088448445715,0.0435724264609257,,3.0,0.0076152208748893,0.3333333333333333,7.0,8.0,-0.0423130863508681,0.019881159984794,0.0688679700474079,0.375,-0.283984774106469,1,2026-03-19 22:49:19,1.56,1948.62,1948.62,,chiefgroup,0.1700680272108843,-0.054421768707483,-0.0204081632653061,-0.0136054421768707,False,-0.3313953488372093
01942,1942.HK,MOG HOLDINGS,2020-04-15,2020-04-14,2020-04-14,金融,金融业,hsics,0.0075086720193424,0.0594803839995283,-0.1467550334867414,,,,0.0272196397755232,,102833056.032,0.05,-1.05,0.0090825594448413,0.76,-0.12,0.0286746828925281,1109.0726,699.6132,HSCIFN.HI,恒生综合行业指数-金融业,0.0056481272406145,0.0262465120389894,-0.1745441342994825,-0.0332338719605389,hsics,0.0057313731802262,0.0247524752475247,HSCIFN.HI,0.0056481272406145,0.0262465120389894,-0.1745441342994825,-0.0332338719605389,,1.0,-0.2857142857142857,1.0,6.0,16.0,0.0234204035725848,0.0649043079513714,0.2073421973505438,0.4285714285714285,-0.2119736353004444,2,2026-05-20 20:08:00,1.0,40.04,40.04,1.02,chiefgroup,-0.3827160493827161,-0.462962962962963,-0.4506172839506173,-0.2222222222222222,True,-0.2211538461538461
01945,1945.HK,清科創業,2020-12-30,2020-12-29,2020-12-29,金融,金融业,hsics,0.0171995750260822,3.0488172094944588e-05,0.1317274413710996,-0.0198677687976028,-0.0026847528979868,0.146264314276296,0.0069446989385954,,122310079.6335,0.09,0.0099999999999999,-0.0129414345251152,0.94,-0.01,-0.117392863408919,486.2315,632.6659,HSCIFN.HI,恒生综合行业指数-金融业,0.0381478038577736,-0.0071896877430825,0.182235307739385,-0.0072201759151775,hsics,-0.2434443176114836,0.072463768115942,HSCIFN.HI,0.0381478038577736,-0.0071896877430825,0.182235307739385,-0.0072201759151775,,6.0,-0.119420080040995,0.5,17.0,45.0,-0.0181121831854188,0.0329466668662211,0.1188013534612753,0.6071428571428571,-0.1394466095425485,10,2026-07-02 09:11:00,11.0,1394.0,1394.0,8.0,chiefgroup,-0.2667509481668774,-0.3786346396965866,-0.5676359039190898,-0.6207332490518331,True,-0.3862068965517241
01950,1950.HK,深藍科技控股,2020-03-12,2020-03-11,2020-03-11,工业/制造,原材料业,hsics,-0.0377719989306717,-0.0931599221669614,-0.0476743865666869,,,,0.0144898976650803,,92238166.0211,1.09,-0.49,-0.0244444444444444,0.82,-0.7000000000000001,0.0641907373998726,701.2622000000001,527.4283,HSCIMT.HI,恒生综合行业指数-原材料业,-0.0791810018559426,-0.0957929545966749,-0.0608683713591849,-0.0026330324297134,hsics,0.2536101661977461,0.0409207161125319,HSCIMT.HI,-0.0791810018559426,-0.0957929545966749,-0.0608683713591849,-0.0026330324297134,,0.0,,,3.0,4.0,-0.1304800172203487,-0.2680102126234723,-0.4874654197858619,0.5,-0.433272159438488,1,2026-06-30 21:15:32,0.52,12.47,12.47,1.92,chiefgroup,0.02,0.56,0.72,1.88,False,-0.2653061224489795
01952,1952.HK,雲頂新耀－Ｂ,2020-10-09,2020-10-08,2020-10-08,生物科技/医药,医疗保健业,hsics,-0.0119389230540494,-0.0661239669125389,-0.1021895826811251,0.0765066716351596,0.0544454240181488,,0.0089577191603222,,80150589.66945001,0.09,0.0,0.0130613126079446,0.78,0.08,-0.2864074145039449,417.1691,332.5202,HSCIH.HI,恒生综合行业指数-医疗保健业,-0.0363616361765599,-0.0656087051587932,-0.0392063730767187,0.0005152617537457,hsics,-0.4044921025325848,0.0792682926829268,HSCIH.HI,-0.0363616361765599,-0.0656087051587932,-0.0392063730767187,0.0005152617537457,,13.0,-0.0150458869216539,0.6153846153846154,13.0,29.0,0.0439340328386732,0.0393896045080557,-0.0314537051702994,0.5333333333333333,-0.2608914365022288,10,2026-07-17 09:14:00,55.0,654.41,654.41,27.0,chiefgroup,0.0311835577604536,-0.0715804394046775,-0.0822111977321048,0.0240963855421687,False,-0.2488658457550226
01953,1953.HK,RIMBACO,2020-04-28,2020-04-27,2020-04-27,地产/建筑,地产建筑业,hsics,-0.0020501421700435,0.0338890525917763,-0.130028463813979,,,,0.0155730572968157,,79915159.55629998,0.04,-0.06,0.0175956061838893,0.67,-0.0799999999999999,-0.3459485624793248,374.8711,1375.7235,HSCIPC.HI,恒生综合行业指数-地产建筑业,-1.3137117348627214e-05,0.057105400571054,-0.0896596592526329,0.0232163479792777,hsics,-0.358766886012449,0.0498812351543943,HSCIPC.HI,-1.3137117348627214e-05,0.057105400571054,-0.0896596592526329,0.0232163479792777,,7.0,0.1872416382304757,0.1428571428571428,6.0,21.0,0.011161541930637,0.0269928228991417,0.1429530227819845,0.4210526315789473,-0.2143926350018627,1,2026-04-27 10:18:48,0.4,15.9,15.9,0.92,chiefgroup,-0.1810344827586206,-0.2844827586206896,-0.1551724137931034,0.8965517241379313,True,-0.2142857142857143
01957,1957.HK,MBV INTL,2020-07-08,2020-07-07,2020-07-07,消费/零售,非必需性消费,hsics,0.0633912455751153,0.0486568450017581,0.0710159322714567,,,,0.0161639239889503,,113343495.32455,0.09,0.0199999999999999,0.0003094697751186,0.65,-0.0899999999999999,0.1389074816467659,451.1166999999999,287.598,HSCICD.HI,恒生综合行业指数-非必需性消费,0.0760551172266486,0.0337000966470895,0.2453972618690409,-0.0149567483546686,hsics,0.0213606062193418,0.0728376327769347,HSCICD.HI,0.0760551172266486,0.0337000966470895,0.2453972618690409,-0.0149567483546686,,8.0,-0.0945823730511755,0.75,8.0,25.0,-0.0172401128612374,-0.0484452929992732,0.0104495424542294,0.5882352941176471,-0.1832760717881068,1,2026-02-16 21:07:38,0.8,23.5,23.5,1.04,chiefgroup,-0.206896551724138,-0.2528735632183908,-0.264367816091954,-0.3218390804597701,True,-0.2028985507246375
01961,1961.HK,九尊數字互娛,2020-03-17,2020-03-16,2020-03-16,TMT/互联网,资讯科技业,hsics,-0.0789478308305837,-0.1751108742614343,-0.1456082690539502,,,,0.0173363534438737,,103306379.5454,0.25,-1.33,-0.0117991125453812,0.73,-0.6000000000000001,0.20632964957911,968.6824,558.6517,HSCIIT.HI,恒生综合行业指数-信息科技业,-0.1023195152523417,-0.1881800681178734,-0.0656482721066638,-0.0130691938564391,hsics,0.1604565381111709,0.011049723756906,HSCIIT.HI,-0.1023195152523417,-0.1881800681178734,-0.0656482721066638,-0.0130691938564391,,0.0,,,8.0,10.0,-0.0218800041580204,-0.0018915067020388,0.0449050559080826,0.4,-0.2751590694139277,4,2026-02-03 16:55:27,1.35,23.06,23.06,1.32,chiefgroup,-0.0344827586206896,-0.3241379310344827,-0.2551724137931034,-0.5379310344827586,True,-0.3642857142857142
01971,1971.HK,弘陽服務,2020-07-07,2020-07-06,2020-07-06,地产/建筑,地产建筑业,hsics,0.0838589572236525,0.0809667450536191,0.1335442980774319,,,,0.0159779086928079,,108578538.42069998,0.09,0.0199999999999999,0.000206696982224,0.69,-0.06,0.1082484126041998,414.386,291.46840000000003,HSCIPC.HI,恒生综合行业指数-地产建筑业,0.1060390008717082,0.0969197436321624,0.1318999317165576,0.0159529985785433,hsics,0.0338148263011315,0.2047058823529411,HSCIPC.HI,0.1060390008717082,0.0969197436321624,0.1318999317165576,0.0159529985785433,,11.0,0.0902067631819131,0.3636363636363636,7.0,24.0,-0.0121700789314582,-0.0546749680740228,-0.0196350660604139,0.5625,-0.1877734978889637,7,2026-02-10 16:44:38,4.15,111.82,111.82,,chiefgroup,-0.0983606557377048,0.0512295081967213,0.4918032786885247,0.1270491803278688,True,-0.1113172541743969
01981,1981.HK,華夏視聽教育,2020-07-15,2020-07-14,2020-07-14,消费/零售,非必需性消费,hsics,-0.0191629394594786,0.0484132999854327,0.0426631035301241,,,,0.0158683806335679,,128105320.10035,0.09,0.0099999999999999,-0.0088568486096807,0.63,-0.0599999999999999,0.234551441495018,744.5819000000001,292.37550000000005,HSCICD.HI,恒生综合行业指数-非必需性消费,0.0012334313845356,0.0551189158872837,0.1967771191795366,0.006705615901851,hsics,0.1486166607264682,0.0815709969788519,HSCICD.HI,0.0012334313845356,0.0551189158872837,0.1967771191795366,0.006705615901851,,11.0,-0.0761240963584605,0.6363636363636364,18.0,33.0,-0.0023543315064211,-0.0295732770521584,-0.0421856398309683,0.5,-0.2274914550773807,2,2026-03-19 20:01:29,3.1,34.64,34.64,22.13,chiefgroup,0.1631205673758864,0.2529550827423166,0.2245862884160754,0.1536643026004726,False,-0.105691056910569
02057,2057.HK,中通快遞－ＳＷ,2020-09-29,2020-09-28,2020-09-28,工业/制造,工业,hsics,-0.0198173831317594,-0.0675615292498525,-0.10870164424378,-0.0301789250599311,-0.0749311360497145,,0.0085384315991909,,98190072.3897,0.09,0.0,0.022783986112618,0.67,-0.0199999999999999,-0.0884119553421544,417.1691,332.5202,HSCIIN.HI,恒生综合行业指数-工业,-0.0227342421454656,0.0004423515981735,-0.0198241272770484,0.0680038808480261,hsics,-0.1010152995243354,0.06265664160401,HSCIIN.HI,-0.0227342421454656,0.0004423515981735,-0.0198241272770484,0.0680038808480261,,8.0,-0.1079040582276748,0.625,9.0,36.0,0.0596725706422933,0.0441818716893663,0.0327321527728737,0.5,-0.2224579907901051,10,2026-05-20 09:13:00,218.0,6.69,6.69,5.65,chiefgroup,-0.0245901639344262,-0.0827868852459016,-0.0663934426229507,-0.1270491803278688,True,-0.0638655462184873
02096,2096.HK,先聲藥業,2020-10-27,2020-10-26,2020-10-26,生物科技/医药,医疗保健业,hsics,0.0153417003975999,0.0189475457577688,0.0086398360191908,-0.0157969968216648,0.0347226446500361,,0.012574346292556,,84081098.51704998,0.09,0.0,0.0006450919255993,0.81,0.05,-0.217927081499393,532.1873,469.5183,HSCIH.HI,恒生综合行业指数-医疗保健业,0.0101534826399563,-0.0259152854801729,-0.0041520640684599,-0.0448628312379417,hsics,-0.2280123835431864,0.0727272727272727,HSCIH.HI,0.0101534826399563,-0.0259152854801729,-0.0041520640684599,-0.0448628312379417,,14.0,-0.0117437837300748,0.5714285714285714,17.0,28.0,0.0053701045634566,-0.006468689205734,-0.0034268587603769,0.56,-0.2334002158641887,10,2026-06-29 11:35:10,13.7,589.47,589.47,23.0,chiefgroup,-0.0018181818181817,-0.1490909090909091,-0.1781818181818182,-0.1590909090909091,True,-0.2208695652173912
02101,2101.HK,福祿控股,2020-09-18,2020-09-17,2020-09-17,消费/零售,非必需性消费,hsics,0.0011232424402205,-0.0181732448241103,-0.022743897983486,0.0431217248689947,0.0186896590211507,,0.008232611098758,,108784762.2517,0.09,0.0,0.0016170763260023,0.69,-0.05,0.0641523498265768,526.1246,341.11319999999995,HSCICD.HI,恒生综合行业指数-非必需性消费,0.0569717300764667,0.0732669968758179,0.1886276015782657,0.0914402416999282,hsics,0.2893112472664931,0.0538922155688622,HSCICD.HI,0.0569717300764667,0.0732669968758179,0.1886276015782657,0.0914402416999282,,17.0,-0.0363476013594047,0.6470588235294118,4.0,34.0,0.075012061888774,0.0201730129858317,-0.0508113319978679,0.5714285714285714,-0.2754892412856068,2,2026-03-27 22:57:00,8.9,1258.51,1258.51,13.73,chiefgroup,-0.0129032258064517,-0.1408602150537634,-0.2634408602150538,-0.3333333333333333,True,-0.3148148148148147
02107,2107.HK,第一服務控股,2020-10-22,2020-10-21,2020-10-21,地产/建筑,地产建筑业,hsics,0.0035403446454365,0.0008757615405639,-0.0343755534283104,-0.0258035970045422,0.0334028774441048,,0.0130958932881261,,83676562.55714999,0.09,0.0,-0.0046191857342358,0.83,0.1499999999999999,-0.2397733619295891,550.8720999999999,446.4685,HSCIPC.HI,恒生综合行业指数-地产建筑业,-0.0253756718513775,-0.0604738849803303,-0.0708277124933959,-0.0613496465208942,hsics,-0.232387544198222,0.0528735632183908,HSCIPC.HI,-0.0253756718513775,-0.0604738849803303,-0.0708277124933959,-0.0613496465208942,,21.0,0.0823113620527081,0.3809523809523809,17.0,25.0,0.0099070306577914,-0.0145075484868551,-0.0306713810656783,0.5909090909090909,-0.2347818395905657,7,2026-03-18 09:54:30,2.4,66.69,66.69,6.25,chiefgroup,-0.12,-0.3,-0.325,-0.47,True,-0.2556818181818181
02110,2110.HK,裕勤控股,2020-12-07,2020-12-06,2020-12-06,地产/建筑,地产建筑业,hsics,-0.0021848187076404,0.0436725123546597,0.0731105743853868,-0.0169652845161649,-0.0245003397714086,0.0983074067526958,0.0071647998213425,,139974629.14434996,0.09,0.0,-0.0164644714038127,0.97,0.0599999999999999,0.3463932027789824,646.4436000000001,981.1188,HSCIPC.HI,恒生综合行业指数-地产建筑业,-0.0295808026521969,-0.0105762400344355,-0.0378196255274126,-0.0542487523890953,hsics,0.4071291215921142,0.0975056689342403,HSCIPC.HI,-0.0295808026521969,-0.0105762400344355,-0.0378196255274126,-0.0542487523890953,,27.0,0.068617907678486,0.4074074074074074,10.0,42.0,-0.009346765327219,0.0055483640603676,0.0390116889686497,0.5,-0.1703449386090459,10,2026-07-30 09:46:00,0.225,36.79,36.79,,chiefgroup,-0.3263157894736841,-0.5333333333333332,-0.5684210526315789,-0.5543859649122806,True,-0.5104166666666667
02115,2115.HK,捷心隆,2020-10-15,2020-10-14,2020-10-14,其他,,fallback,0.0597863936932907,0.0017360871397975,-0.0318236714264799,0.0659033443060921,0.0893766882549693,,0.0122086483720934,,84193215.52925,0.09,0.0,-0.000855614973262,0.73,0.0599999999999999,-0.2368358307896637,504.0123999999999,366.42029999999994,,,,,,,,,,,,,,,,6.0,-0.0023237957979077,0.5,13.0,20.0,0.036643621652778,0.0056682624777956,-0.0346260484554122,0.5,-0.2334607326029165,1,2026-07-24 12:41:00,,,,,,-0.0258620689655172,0.0862068965517242,0.517241379310345,0.0689655172413793,True,-0.1868686868686868
02117,2117.HK,大唐集團控股,2020-12-11,2020-12-10,2020-12-10,其他,,fallback,-0.0118940456815758,0.009217260783404,0.0793520599388695,0.0107856361119822,0.0414256388696412,0.1180730175933755,0.0075032642012856,,125734353.5625,0.09,0.0,-0.0235559858018715,0.92,0.09,0.0438823447527945,596.4734,896.4814,,,,,,,,,,,,,,,,12.0,-0.0064472310047273,0.4166666666666667,14.0,45.0,-0.0198277155019538,0.0013076889913124,0.0357244139020656,0.5454545454545454,-0.1689695293232462,1,2026-04-28 16:41:00,,,,,,0.0065789473684211,0.0,-0.0175438596491226,-0.0197368421052631,False,-0.0261437908496732
02125,2125.HK,稻草熊娛樂,2021-01-15,2021-01-14,2021-01-14,消费/零售,非必需性消费,hsics,0.0344243538309863,0.0769670324852827,0.1511826978777932,0.0588464262544861,0.0989311155092025,0.1749505660631565,0.0077900869647005,,151756128.728,0.09,0.0,0.0003325205054311,1.15,0.2099999999999999,0.212019367567815,1565.6241,554.6356,HSCICD.HI,恒生综合行业指数-非必需性消费,0.0120075456170227,0.1063785389278677,0.2592867916729644,0.029411506442585,hsics,0.2119094106998627,0.0835777126099706,HSCICD.HI,0.0120075456170227,0.1063785389278677,0.2592867916729644,0.029411506442585,,30.0,-0.0276824913626132,0.6333333333333333,16.0,47.0,-0.0208092924479791,0.0248660819878097,0.0963098612168407,0.6129032258064516,-0.166215465295684,6,2026-03-24 20:28:00,5.88,403.54,403.54,13.41,chiefgroup,0.5428571428571429,0.0571428571428572,0.0542857142857142,0.7685714285714287,False,-0.4407407407407407
02126,2126.HK,藥明巨諾－Ｂ,2020-11-03,2020-11-02,2020-11-02,生物科技/医药,医疗保健业,hsics,-0.0184106123975571,0.0527035878843593,-0.0055026661543746,0.0135320022232674,0.0872056526163416,,0.0118731381350825,,91791786.1187,0.09,0.0,-0.0057088487155091,0.87,0.13,-0.0415776665583149,834.5745,520.0083,HSCIH.HI,恒生综合行业指数-医疗保健业,-0.0250425013830616,0.0143900005251824,-0.0555746521419605,-0.0383135873591768,hsics,-0.0212346327293739,0.0963855421686747,HSCIH.HI,-0.0250425013830616,0.0143900005251824,-0.0555746521419605,-0.0383135873591768,,15.0,-0.0110820769359486,0.6,18.0,34.0,0.0063352552764511,-0.0017243343096062,-0.014089038917115,0.5161290322580645,-0.2204175650727103,3,2026-02-04 08:57:19,23.8,449.42,449.42,28.5,chiefgroup,-0.0965092402464066,0.1724845995893223,0.1006160164271046,0.5236139630390143,True,-0.2222222222222222
02127,2127.HK,匯森家居,2020-12-29,2020-12-28,2020-12-28,消费/零售,非必需性消费,hsics,0.0003022046111482,-0.0010196841560595,0.1325222440567033,-0.0554954487795362,-0.0363743116544397,0.1170995860195254,0.0068710326563345,,127185095.16085,0.09,0.0099999999999999,-0.0190155384113875,0.94,0.0199999999999999,-0.0383581046562613,463.4095,653.0438,HSCICD.HI,恒生综合行业指数-非必需性消费,0.019035066698618,0.071393778554152,0.2820075637036019,0.0724134627102116,hsics,-0.1599621054670817,0.0926470588235294,HSCICD.HI,0.019035066698618,0.071393778554152,0.2820075637036019,0.0724134627102116,,28.0,-0.0302550502694665,0.6428571428571429,15.0,43.0,-0.0178481863536809,0.0046117316263024,0.0501030902835242,0.6071428571428571,-0.146751048524219,10,2026-07-28 05:48:50,1.77,53.4,53.4,,chiefgroup,0.0285714285714286,0.4114285714285715,0.2628571428571428,0.1885714285714286,False,-0.1383399209486164
02129,2129.HK,LEGION CONSO,2021-01-13,2021-01-12,2021-01-12,工业/制造,工业,hsics,0.0226724475277633,0.0715143738878161,0.1521656929720409,0.0310850647777825,0.0799495086998489,0.1572196938353329,0.008087333330234,,146383644.57214996,0.09,0.0,-0.0076049818141739,1.15,0.1899999999999999,0.1685666875440314,1306.3652,565.2335999999999,HSCIIN.HI,恒生综合行业指数-工业,0.036280790536147,0.2200469990623923,0.3645746220116017,0.1485326251745762,hsics,0.4696931333811514,0.1389578163771712,HSCIIN.HI,0.036280790536147,0.2200469990623923,0.3645746220116017,0.1485326251745762,,12.0,-0.0710319597090658,0.5833333333333334,12.0,46.0,-0.0258629619795217,-0.000510584523802,0.0915351364283351,0.6296296296296297,-0.1457641502569622,1,2026-04-23 09:08:00,0.4,443.37,443.37,1.5,chiefgroup,-0.2391304347826088,-0.4021739130434782,-0.5,-0.6217391304347827,True,-0.3685714285714285
02130,2130.HK,嘉泓物流,2020-10-15,2020-10-14,2020-10-14,工业/制造,工业,hsics,0.0597863936932907,0.0017360871397975,-0.0318236714264799,0.0659033443060921,0.0893766882549693,,0.0122086483720934,,84193215.52925,0.09,0.0,-0.000855614973262,0.73,0.0599999999999999,-0.2368358307896637,504.0123999999999,366.42029999999994,HSCIIN.HI,恒生综合行业指数-工业,0.0890253316053737,0.1029600568055486,0.0739362110747183,0.101223969665751,hsics,-0.1557821968459604,0.0875,HSCIIN.HI,0.0890253316053737,0.1029600568055486,0.0739362110747183,0.101223969665751,,9.0,-0.0986469588617583,0.6666666666666666,13.0,20.0,0.036643621652778,0.0056682624777956,-0.0346260484554122,0.5,-0.2334607326029165,1,2026-04-21 17:31:01,2.66,34.31,34.31,1.36,chiefgroup,0.0187969924812029,0.2518796992481202,0.3496240601503758,0.9586466165413532,False,-0.233256351039261
02131,2131.HK,云想科技,2020-12-17,2020-12-16,2020-12-16,消费/零售,非必需性消费,hsics,-0.0016054883174784,-0.0031645223888074,0.069847845529573,0.0055086727961912,0.0218496502224603,0.1157067804688312,0.0077717509409874,,125217455.8905,0.09,0.0,-0.0235930735930736,0.92,0.04,-0.0106751774137243,537.3782,844.4310999999999,HSCICD.HI,恒生综合行业指数-非必需性消费,0.023913314927092,0.0150942461954908,0.1669370523219961,0.0182587685842983,hsics,-0.1578933689575209,0.0648967551622418,HSCICD.HI,0.023913314927092,0.0150942461954908,0.1669370523219961,0.0182587685842983,,27.0,-0.0374246366585192,0.6666666666666666,16.0,47.0,-0.0168740906842338,-0.0024040050452237,0.0227215515206081,0.5625,-0.1604511128880748,3,2026-06-22 21:44:00,6.98,114.45,114.45,6.37,chiefgroup,0.1633237822349568,0.1117478510028652,0.1160458452722062,0.0959885386819484,False,-0.1391941391941391
02132,2132.HK,譽燊豐控股,2020-10-20,2020-10-19,2020-10-19,地产/建筑,地产建筑业,hsics,-0.0043578659033303,0.001589581162708,-0.0217986485802439,0.0089880811965983,0.0189257465252776,,0.0130702948863835,,86008333.61195001,0.09,0.0,0.0018230563002681,0.78,0.12,-0.2098496975987437,542.0825,419.673,HSCIPC.HI,恒生综合行业指数-地产建筑业,-0.0320517908260181,-0.0307285954231638,-0.0382904787689849,-0.0323181765858718,hsics,-0.1877847156496342,0.064516129032258,HSCIPC.HI,-0.0320517908260181,-0.0307285954231638,-0.0382904787689849,-0.0323181765858718,,20.0,0.0905935968220101,0.35,15.0,23.0,0.0157786861045229,0.0059940776168402,-0.0078099477436747,0.55,-0.227208887185986,0,,0.325,59.05,59.05,1.02,chiefgroup,-0.0833333333333332,-0.2533333333333333,-0.2566666666666666,-0.4733333333333333,True,-0.34375
02135,2135.HK,瑞麗醫美,2020-12-28,2020-12-27,2020-12-27,生物科技/医药,医疗保健业,hsics,-0.0042281479021532,-0.0188929557815894,0.1319325968306046,-0.0227838409343473,0.0106328051889379,0.1769158390870053,0.0082580583413358,,123356180.34515,0.09,0.0099999999999999,-0.0157986489431248,0.94,0.0,-0.0782995033321917,432.3952,659.2064,HSCIH.HI,恒生综合行业指数-医疗保健业,-0.0016341691746782,0.1056628187585142,0.1255590868261391,0.1245557745401036,hsics,0.3768039226733461,0.1453488372093023,HSCIH.HI,-0.0016341691746782,0.1056628187585142,0.1255590868261391,0.1245557745401036,,21.0,-0.0089964257787812,0.6190476190476191,14.0,46.0,-0.0133027318082264,0.0156848690152292,0.060014231773613,0.5517241379310345,-0.1395653078486384,3,2026-02-10 16:39:08,0.4,386.0,386.0,1.1,chiefgroup,-0.0842105263157894,-0.2526315789473684,-0.2631578947368421,-0.2631578947368421,True,-0.2413793103448275
02142,2142.HK,和鉑醫藥－Ｂ,2020-12-10,2020-12-09,2020-12-09,生物科技/医药,医疗保健业,hsics,-0.0011208860955097,0.01051817632072,0.076286308587357,0.0323027426496353,0.0852367710409569,0.157442011966193,0.0074729607065611,,128130853.67955,0.09,0.0,-0.0212880335447801,0.95,0.0899999999999999,0.0692174297355565,594.2756,949.8822,HSCIH.HI,恒生综合行业指数-医疗保健业,0.0255144288441504,0.036646706956505,0.0310331100345284,0.026128530635785,hsics,0.2846863406977165,0.1058823529411764,HSCIH.HI,0.0255144288441504,0.036646706956505,0.0310331100345284,0.026128530635785,,19.0,-0.0007500519748332,0.5789473684210527,12.0,44.0,-0.0185381811814625,0.0047479581910829,0.0471499603831599,0.5483870967741935,-0.173897317958388,10,2026-05-21 09:16:00,12.38,78.54,78.54,8.0,chiefgroup,-0.0770519262981574,-0.0971524288107202,-0.2721943048576215,-0.2981574539363483,True,-0.1932849364791288
02146,2146.HK,榮萬家,2021-01-15,2021-01-14,2021-01-14,地产/建筑,地产建筑业,hsics,0.0344243538309863,0.0769670324852827,0.1511826978777932,0.0588464262544861,0.0989311155092025,0.1749505660631565,0.0077900869647005,,151756128.728,0.09,0.0,0.0003325205054311,1.15,0.2099999999999999,0.212019367567815,1565.6241,554.6356,HSCIPC.HI,恒生综合行业指数-地产建筑业,0.0193638629434909,0.0283553669253673,0.0419513056822917,-0.0486116655599153,hsics,-0.0415506120394465,0.0824053452115812,HSCIPC.HI,0.0193638629434909,0.0283553669253673,0.0419513056822917,-0.0486116655599153,,34.0,0.0423726323079408,0.4705882352941176,16.0,47.0,-0.0208092924479791,0.0248660819878097,0.0963098612168407,0.6129032258064516,-0.166215465295684,2,2026-04-30 09:17:24,13.46,6.62,6.62,1.9,chiefgroup,-0.0343750000000001,-0.0703125,-0.2921875,-0.3281250000000001,True,-0.321486268174475
02148,2148.HK,VESYNC,2020-12-18,2020-12-17,2020-12-17,其他,,fallback,0.0101394932865945,0.0121944973189254,0.0789767540806847,0.0382303138740791,0.0543173355163684,0.1303395904946132,0.0078068762252484,,125209291.90874998,0.09,0.0,-0.0274106175514626,0.94,0.0999999999999999,-0.0214246529267599,513.4005000000001,845.1374999999999,,,,,,,,,,,,,,,,13.0,-0.0051446131674125,0.3846153846153846,16.0,48.0,-0.010768919466678,-0.0028678630549997,0.0195417950651559,0.5588235294117647,-0.1603093620989117,1,2026-04-08 10:24:00,,,,,,-0.1538461538461538,0.1038461538461538,0.5096153846153845,0.375,True,-0.1186161449752883
02153,2153.HK,達豐設備,2021-01-13,2021-01-12,2021-01-12,工业/制造,工业,hsics,0.0226724475277633,0.0715143738878161,0.1521656929720409,0.0310850647777825,0.0799495086998489,0.1572196938353329,0.008087333330234,,146383644.57214996,0.09,0.0,-0.0076049818141739,1.15,0.1899999999999999,0.1685666875440314,1306.3652,565.2335999999999,HSCIIN.HI,恒生综合行业指数-工业,0.036280790536147,0.2200469990623923,0.3645746220116017,0.1485326251745762,hsics,0.4696931333811514,0.1389578163771712,HSCIIN.HI,0.036280790536147,0.2200469990623923,0.3645746220116017,0.1485326251745762,,12.0,-0.0710319597090658,0.5833333333333334,12.0,46.0,-0.0258629619795217,-0.000510584523802,0.0915351364283351,0.6296296296296297,-0.1457641502569622,1,2026-06-12 20:19:00,1.73,10.3,10.3,1.02,chiefgroup,0.1285714285714287,0.3071428571428573,0.0714285714285715,0.0857142857142858,False,-0.2295081967213115
02158,2158.HK,醫渡科技,2021-01-15,2021-01-14,2021-01-14,生物科技/医药,医疗保健业,hsics,0.0344243538309863,0.0769670324852827,0.1511826978777932,0.0588464262544861,0.0989311155092025,0.1749505660631565,0.0077900869647005,,151756128.728,0.09,0.0,0.0003325205054311,1.15,0.2099999999999999,0.212019367567815,1565.6241,554.6356,HSCIH.HI,恒生综合行业指数-医疗保健业,0.0498827635538117,0.1107726361130831,0.1437543350282093,0.0338056036278004,hsics,0.1659262389574625,0.1445086705202312,HSCIH.HI,0.0498827635538117,0.1107726361130831,0.1437543350282093,0.0338056036278004,,22.0,-0.0124152485304634,0.6363636363636364,16.0,47.0,-0.0208092924479791,0.0248660819878097,0.0963098612168407,0.6129032258064516,-0.166215465295684,10,2026-06-01 09:47:00,26.3,1633.84,1633.84,33.4,chiefgroup,0.11931330472103,0.0643776824034334,-0.0094420600858368,-0.3716738197424893,False,-0.2553680981595092
02159,2159.HK,麥迪衛康,2021-01-19,2021-01-18,2021-01-18,生物科技/医药,医疗保健业,hsics,0.0342031845814601,0.0892186757036221,0.158273799921184,0.0520191057149814,0.0940371982056149,0.1966616172621376,0.0074627246213129,,161497349.97285002,0.09,0.0,0.0094528469750889,1.11,0.1700000000000001,0.2898192099875947,1924.7551000000003,513.4005000000001,HSCIH.HI,恒生综合行业指数-医疗保健业,0.0285604352402124,0.0667623246067936,0.1779793368572801,-0.0224563510968285,hsics,0.1218712736962286,0.1142857142857142,HSCIH.HI,0.0285604352402124,0.0667623246067936,0.1779793368572801,-0.0224563510968285,,24.0,-0.0032041285844203,0.5833333333333334,18.0,50.0,-0.019919757450322,-0.0092204988079435,0.0194215240570139,0.65625,-0.2024691934879073,5,2026-03-12 19:42:50,3.0,168.75,168.75,1.13,chiefgroup,-0.0524999999999999,-0.0649999999999999,-0.0749999999999999,-0.3125,True,-0.28538283062645
02169,2169.HK,滄港鐵路,2020-10-23,2020-10-22,2020-10-22,工业/制造,工业,hsics,0.0259779771459698,0.0024468537303194,-0.0108472603893216,0.0105157909253896,0.0590056630650037,,0.0130979868564863,,83625566.8429,0.09,0.0,-0.0018257974438835,0.87,0.17,-0.2307168897541992,548.5616,443.5415,HSCIIN.HI,恒生综合行业指数-工业,-0.0060922886015458,0.0440341401521191,0.0655325893899616,0.0415872864217996,hsics,-0.1382173999192109,0.0796019900497512,HSCIIN.HI,-0.0060922886015458,0.0440341401521191,0.0655325893899616,0.0415872864217996,,11.0,-0.0803010319600305,0.6363636363636364,17.0,26.0,0.0042588988900613,-0.0269202637700353,-0.0434682775410836,0.6086956521739131,-0.2356905343119245,3,2026-03-30 18:59:22,0.95,12.0,12.0,1.1,chiefgroup,0.0309278350515464,0.4639175257731958,0.9175257731958764,0.1443298969072166,False,-0.1807228915662649
02263,2263.HK,富石金融,2020-02-19,2020-02-18,2020-02-18,金融,金融业,hsics,-0.0019460641505111,-0.0492054205603602,0.0457156357851697,,,,0.0173833984741205,,84970473.54485,1.59,0.04,0.0213574288941369,1.55,-0.05,,570.7755,412.1454,HSCIFN.HI,恒生综合行业指数-金融业,-0.0022896042902759,-0.0588810612117646,0.0164007874550269,-0.0096756406514043,hsics,,0.0398009950248756,HSCIFN.HI,-0.0022896042902759,-0.0588810612117646,0.0164007874550269,-0.0096756406514043,,0.0,,,2.0,2.0,-0.2272727272727273,-0.2909090909090909,-0.6696969696969698,0.5,-0.5372549019607844,1,2026-03-27 21:10:00,0.5,130.35,130.35,2.63,chiefgroup,-0.2857142857142857,-0.3750000000000001,-0.6214285714285716,-0.65,True,-0.4571428571428571
02381,2381.HK,蜆壳電業,2020-06-02,2020-06-01,2020-06-01,消费/零售,非必需性消费,hsics,0.0339958104307029,-0.0369698570703375,-0.0971016731330097,,,,0.0181926350595175,,93356470.27365,0.05,0.0,-0.0171824758842442,0.66,-0.0299999999999999,0.2000465290658459,291.46840000000003,461.6403,HSCICD.HI,恒生综合行业指数-非必需性消费,0.0389380168672726,0.0346935114285948,-0.0331538863044961,0.0716633684989324,hsics,0.4391857456864547,0.0641221374045801,HSCICD.HI,0.0389380168672726,0.0346935114285948,-0.0331538863044961,0.0716633684989324,,4.0,0.0884100763903584,0.5,8.0,28.0,-0.0005338089004059,-0.0620124402602647,-0.0375847613203648,0.5333333333333333,-0.2258056256202876,4,2026-03-26 20:49:00,0.25,37.3,37.3,0.13,chiefgroup,-0.287878787878788,-0.3535353535353535,-0.3686868686868687,-0.3585858585858586,True,-0.1489361702127659
02599,2599.HK,祥生控股集團,2020-11-18,2020-11-17,2020-11-17,其他,,fallback,0.0043195287869732,0.0751153664252566,0.0421247357710907,-0.0035934356057846,0.0478713357135591,0.102434543587349,0.0109253799330058,,124818235.4577,0.09,0.0,-0.0068743286788399,0.87,0.0799999999999999,0.4512342027326261,837.8337,542.0825,,,,,,,,,,,,,,,,11.0,-0.0072531348803183,0.4545454545454545,18.0,37.0,-0.0148892949990005,0.014363031686371,-0.0024520945648798,0.53125,-0.1908234646562835,10,2026-07-07 20:04:00,,,,,,0.0,0.0017889087656529,0.0,0.0089445438282647,False,-0.0053475935828877
03347,3347.HK,泰格醫藥,2020-08-07,2020-08-06,2020-08-06,生物科技/医药,医疗保健业,hsics,0.0089026607620457,-0.0488199995726846,0.0282483312491133,,,,0.012659583423291,,119124778.35915,0.1,0.01,-0.0414256198347106,0.55,-0.0899999999999999,-0.0080096834842015,629.2837,595.8716,HSCIH.HI,恒生综合行业指数-医疗保健业,0.0323709083089795,0.0349869282839012,0.2418042231000752,0.0838069278565859,hsics,0.2069173207130272,0.1055900621118012,HSCIH.HI,0.0323709083089795,0.0349869282839012,0.2418042231000752,0.0838069278565859,,10.0,-0.0099184179664411,0.5,22.0,39.0,-0.0299376378164151,-0.0354531458138589,0.0080675108569413,0.5666666666666667,-0.1948473180844948,10,2026-06-10 17:25:00,100.0,414.39,414.39,20.0,chiefgroup,-0.0478991596638655,-0.0739495798319327,-0.0630252100840336,0.1,True,-0.0953506698187549
03390,3390.HK,滿貫集團,2020-04-15,2020-04-14,2020-04-14,生物科技/医药,医疗保健业,hsics,0.0075086720193424,0.0594803839995283,-0.1467550334867414,,,,0.0272196397755232,,102833056.032,0.05,-1.05,0.0090825594448413,0.76,-0.12,0.0286746828925281,1109.0726,699.6132,HSCIH.HI,恒生综合行业指数-医疗保健业,0.0348303269039977,0.1425810525831241,0.0420372296950701,0.0831006685835957,hsics,0.1345262058274099,0.0789473684210526,HSCIH.HI,0.0348303269039977,0.1425810525831241,0.0420372296950701,0.0831006685835957,,1.0,0.0436170212765957,0.0,6.0,16.0,0.0234204035725848,0.0649043079513714,0.2073421973505438,0.4285714285714285,-0.2119736353004444,4,2026-03-05 18:25:54,1.49,6.79,6.79,1.7,chiefgroup,-0.2500000000000001,-0.2656250000000001,-0.2265625000000001,-0.1249999999999999,True,-0.1333333333333333
03913,3913.HK,合景悠活,2020-10-30,2020-10-29,2020-10-29,地产/建筑,地产建筑业,hsics,-0.0080500667106967,0.0355518435077,-0.0119173062563647,0.0075294760083275,0.1093619241570393,,0.0114686821951344,,87721962.9325,0.09,0.0,-0.0046624986754264,0.85,0.0599999999999999,-0.140537357921655,745.059,526.1246,HSCIPC.HI,恒生综合行业指数-地产建筑业,-0.0224684128326395,-0.0459386946399478,-0.0602581280683821,-0.0814905381476478,hsics,-0.1377547464664543,0.045766590389016,HSCIPC.HI,-0.0224684128326395,-0.0459386946399478,-0.0602581280683821,-0.0814905381476478,,23.0,0.0718087306114699,0.391304347826087,15.0,31.0,0.0065433280254505,-0.0094970454648439,-0.0094643215940468,0.5357142857142857,-0.2254866660533266,2,2026-03-31 20:20:02,7.89,44.46,44.46,16.87,chiefgroup,-0.0617283950617284,-0.0416666666666667,-0.117283950617284,0.3086419753086419,True,-0.1832543443917851
06063,6063.HK,智中國際,2020-04-15,2020-04-14,2020-04-14,地产/建筑,地产建筑业,hsics,0.0075086720193424,0.0594803839995283,-0.1467550334867414,,,,0.0272196397755232,,102833056.032,0.05,-1.05,0.0090825594448413,0.76,-0.12,0.0286746828925281,1109.0726,699.6132,HSCIPC.HI,恒生综合行业指数-地产建筑业,0.0168749489934263,0.0644871480420985,-0.1192832289809338,0.0050067640425701,hsics,0.104360281391354,0.0405727923627685,HSCIPC.HI,0.0168749489934263,0.0644871480420985,-0.1192832289809338,0.0050067640425701,,5.0,0.114138293522666,0.2,6.0,16.0,0.0234204035725848,0.0649043079513714,0.2073421973505438,0.4285714285714285,-0.2119736353004444,5,2026-03-23 22:32:50,0.25,14.15,14.15,1.39,chiefgroup,0.3799999999999999,-0.14,-0.01,-0.632,False,-0.4057971014492754
06078,6078.HK,海吉亞醫療,2020-06-29,2020-06-28,2020-06-28,生物科技/医药,医疗保健业,hsics,0.0122611401875953,0.0635250474650406,0.0612032884070719,,,,0.0140621533437068,,102264591.26575002,0.08,0.03,-0.0174818108326595,0.64,-0.24,0.174127599308296,242.3577,313.2953,HSCIH.HI,恒生综合行业指数-医疗保健业,0.029664649318543,0.1473633433228827,0.3204952508267562,0.083838295857842,hsics,-0.0061776510907171,0.1602564102564102,HSCIH.HI,0.029664649318543,0.1473633433228827,0.3204952508267562,0.083838295857842,,5.0,-0.0285312679514628,0.4,6.0,20.0,-0.0078893965736382,-0.0808234760369659,-0.0382281013048256,0.6923076923076923,-0.1879615090760918,10,2026-06-18 22:18:00,18.5,608.56,608.56,25.0,chiefgroup,0.1403508771929824,0.3486842105263157,0.3464912280701753,1.2214912280701753,False,-0.1145038167938931
06618,6618.HK,京東健康,2020-12-08,2020-12-07,2020-12-07,生物科技/医药,医疗保健业,hsics,0.0062775492198807,0.0188605778636901,0.0733495441467961,-0.009298747032182,-0.0535370297789304,0.1153274895834504,0.0074757575736057,,138538969.55619997,0.09,0.0,-0.0212193020249892,0.94,0.0699999999999999,0.2859367066703675,640.1225000000002,971.6562,HSCIH.HI,恒生综合行业指数-医疗保健业,0.0237937417771074,-0.0030179662003411,0.0148614354175424,-0.0218785440640312,hsics,0.2481269812421216,0.1242603550295858,HSCIH.HI,0.0237937417771074,-0.0030179662003411,0.0148614354175424,-0.0218785440640312,,18.0,-0.0099040084190552,0.6111111111111112,11.0,42.0,-0.0210863588141251,-0.0144102173245842,0.0165141800204931,0.5172413793103449,-0.1829401877963653,10,2026-06-15 08:02:00,70.58,421.91,421.91,31.1,chiefgroup,0.1640211640211639,0.4582010582010583,0.4095238095238094,0.144973544973545,False,-0.2723076923076922
06666,6666.HK,恒大物業,2020-12-02,2020-12-01,2020-12-01,地产/建筑,地产建筑业,hsics,-0.0007717709359791,0.065275365851996,0.0552340325812594,-0.015016467047403,0.0350796463388867,0.0096050390738096,0.0098783043355747,,139917806.1361,0.09,0.0,-0.0238732469756983,0.92,-0.0599999999999999,0.5019510600353114,608.2063,914.174,HSCIPC.HI,恒生综合行业指数-地产建筑业,-0.0011193511433372,0.0602815960821414,-0.0198426784786421,-0.0049937697698545,hsics,0.4518582162276605,0.0772727272727272,HSCIPC.HI,-0.0011193511433372,0.0602815960821414,-0.0198426784786421,-0.0049937697698545,,26.0,0.0715181091398409,0.3846153846153846,11.0,41.0,-0.0107321841295782,0.0039343764859263,0.025246782827868,0.5,-0.1803381833161461,10,2026-05-04 13:51:39,8.8,10.71,10.71,3.1,chiefgroup,-0.0067873303167421,-0.0950226244343891,0.01131221719457,0.8438914027149322,True,-0.1102272727272728
06677,6677.HK,遠洋服務,2020-12-17,2020-12-16,2020-12-16,地产/建筑,地产建筑业,hsics,-0.0016054883174784,-0.0031645223888074,0.069847845529573,0.0055086727961912,0.0218496502224603,0.1157067804688312,0.0077717509409874,,125217455.8905,0.09,0.0,-0.0235930735930736,0.92,0.04,-0.0106751774137243,537.3782,844.4310999999999,HSCIPC.HI,恒生综合行业指数-地产建筑业,-0.0021637078776907,-0.064455046357886,-0.0480523622935473,-0.0612905239690785,hsics,0.1597467642510519,0.0764044943820224,HSCIPC.HI,-0.0021637078776907,-0.064455046357886,-0.0480523622935473,-0.0612905239690785,,31.0,0.0459759530743127,0.4516129032258064,16.0,47.0,-0.0168740906842338,-0.0024040050452237,0.0227215515206081,0.5625,-0.1604511128880748,4,2026-03-19 09:27:52,5.88,8.91,8.91,3.07,chiefgroup,-0.0017064846416383,-0.1313993174061434,-0.1723549488054608,-0.2576791808873721,True,-0.1771720613287905
06688,6688.HK,螞蟻集團,2020-10-26,2020-10-25,2020-10-25,其他,,fallback,0.0218146791767182,0.0237432135689592,-0.013625460159126,-0.0157969968216648,0.0347226446500361,,0.0125983887525713,,84081098.51704998,0.09,0.0,-0.0018297276934667,0.85,0.0699999999999999,-0.217927081499393,532.1873,469.5183,,,,,,,,,,,,,,,,7.0,-0.0062468413258426,0.5714285714285714,16.0,27.0,0.0053701045634566,-0.006468689205734,-0.0034268587603769,0.5833333333333334,-0.2334002158641887,10,2026-04-30 09:04:57,,,,,,,,,,False,
06813,6813.HK,大喜屋集團,2020-01-24,2020-01-23,2020-01-23,其他,,fallback,-0.0337194422747744,0.0016117449588557,0.0465510536900244,,,,0.0109094414154071,,,1.55,0.0,0.000204792135982,1.74,-0.06,,366.5826,406.019,,,,,,,,,,,,,,,,0.0,,,0.0,0.0,,,,,,0,,,,,,,,,,,False,
06900,6900.HK,上坤地產,2020-11-17,2020-11-16,2020-11-16,其他,,fallback,0.0140489549384095,0.0749486803578807,0.0475979638653203,-0.0379262323106815,0.0619650448872459,0.1414552305785277,0.0109272427410531,,123549677.14015004,0.09,0.0,-0.0092057375294369,0.91,0.12,0.449877029579961,868.6751,497.6609,,,,,,,,,,,,,,,,9.0,-0.0062468413258426,0.4444444444444444,16.0,35.0,-0.0151392429203095,0.0073427798655852,-0.0184379554627323,0.5483870967741935,-0.205745723778991,10,2026-07-21 16:59:10,,,,,,0.0087719298245614,0.0,0.0087719298245614,0.043859649122807,False,-0.017391304347826
06918,6918.HK,奇士達,2020-03-18,2020-03-17,2020-03-17,消费/零售,非必需性消费,hsics,-0.0838349576312069,-0.1549741738163907,-0.1597828787883165,,,,0.0177327174246498,,105972151.52755,0.25,-1.33,0.0012063938876043,1.02,-0.31,0.2471644220226061,1041.6365,570.7755,HSCICD.HI,恒生综合行业指数-非必需性消费,-0.1460141599087683,-0.2287702535017861,-0.2427166398050513,-0.0737960796853953,hsics,0.0930781776320488,0.0092165898617511,HSCICD.HI,-0.1460141599087683,-0.2287702535017861,-0.2427166398050513,-0.0737960796853953,,0.0,,,10.0,12.0,0.0133068165213549,0.0295913795739849,0.1347551293375431,0.4166666666666667,-0.26997723609778,2,2026-07-09 22:32:00,1.38,20.4,20.4,1.05,chiefgroup,-0.1818181818181818,-0.1818181818181818,-0.1727272727272727,-0.1363636363636364,True,-0.0526315789473683
06933,6933.HK,新娛科控股,2020-07-15,2020-07-14,2020-07-14,TMT/互联网,资讯科技业,hsics,-0.0191629394594786,0.0484132999854327,0.0426631035301241,,,,0.0158683806335679,,128105320.10035,0.09,0.0099999999999999,-0.0088568486096807,0.63,-0.0599999999999999,0.234551441495018,744.5819000000001,292.37550000000005,HSCIIT.HI,恒生综合行业指数-信息科技业,0.0437872599051736,0.2092833931837461,0.4284181509719817,0.1608700931983133,hsics,0.4232465579520692,0.0597826086956521,HSCIIT.HI,0.0437872599051736,0.2092833931837461,0.4284181509719817,0.1608700931983133,,3.0,-0.0948424337523003,1.0,18.0,33.0,-0.0023543315064211,-0.0295732770521584,-0.0421856398309683,0.5,-0.2274914550773807,2,2026-04-28 17:14:00,1.63,5.59,5.59,1.02,chiefgroup,-0.0285714285714286,0.0228571428571428,1.7257142857142855,0.7428571428571428,True,-0.0529100529100527
06958,6958.HK,正榮服務,2020-07-10,2020-07-09,2020-07-09,地产/建筑,地产建筑业,hsics,0.0432240800598944,0.0460122870773374,0.0785927598514093,,,,0.016047684897227,,120086634.29049996,0.09,0.0199999999999999,0.0042535532731611,0.62,-0.0799999999999999,0.1804082061076721,595.8716,291.31290000000007,HSCIPC.HI,恒生综合行业指数-地产建筑业,0.0204443806163061,0.0242557627707633,0.0414722179326445,-0.021756524306574,hsics,0.019323606141945,0.107981220657277,HSCIPC.HI,0.0204443806163061,0.0242557627707633,0.0414722179326445,-0.021756524306574,,12.0,0.0744928116052783,0.4166666666666667,10.0,27.0,-0.0285955481637142,-0.0560847004220887,-0.0119203811144185,0.631578947368421,-0.1835756824311643,1,2026-04-29 18:27:14,4.55,102.0,102.0,18.1,chiefgroup,0.1522633744855965,0.0946502057613168,0.4567901234567901,0.0864197530864197,False,-0.0821428571428571
06968,6968.HK,港龍中國地產,2020-07-15,2020-07-14,2020-07-14,地产/建筑,地产建筑业,hsics,-0.0191629394594786,0.0484132999854327,0.0426631035301241,,,,0.0158683806335679,,128105320.10035,0.09,0.0099999999999999,-0.0088568486096807,0.63,-0.0599999999999999,0.234551441495018,744.5819000000001,292.37550000000005,HSCIPC.HI,恒生综合行业指数-地产建筑业,-0.0338847040585125,0.0281226535813619,0.0067570541315113,-0.0202906464040708,hsics,0.0029052938191655,0.0514018691588785,HSCIPC.HI,-0.0338847040585125,0.0281226535813619,0.0067570541315113,-0.0202906464040708,,14.0,0.090899443434897,0.3571428571428571,18.0,33.0,-0.0023543315064211,-0.0295732770521584,-0.0421856398309683,0.5,-0.2274914550773807,4,2026-03-17 20:36:53,3.93,0.28,0.28,1.3,chiefgroup,-0.0025445292620865,-0.0025445292620865,0.0025445292620864,0.1450381679389312,True,-0.0152284263959391
06969,6969.HK,思摩爾國際,2020-07-10,2020-07-09,2020-07-09,消费/零售,非必需性消费,hsics,0.0432240800598944,0.0460122870773374,0.0785927598514093,,,,0.016047684897227,,120086634.29049996,0.09,0.0199999999999999,0.0042535532731611,0.62,-0.0799999999999999,0.1804082061076721,595.8716,291.31290000000007,HSCICD.HI,恒生综合行业指数-非必需性消费,0.0592807666761552,0.0252855321790816,0.2021623018607856,-0.0207267548982557,hsics,0.0530512773662781,0.1015151515151515,HSCICD.HI,0.0592807666761552,0.0252855321790816,0.2021623018607856,-0.0207267548982557,,9.0,-0.1070617262370602,0.7777777777777778,10.0,27.0,-0.0285955481637142,-0.0560847004220887,-0.0119203811144185,0.631578947368421,-0.1835756824311643,10,2026-05-06 14:04:00,12.4,116.0,116.0,18.8,chiefgroup,0.1071428571428571,0.1089285714285714,0.4000000000000001,0.25,False,-0.1285714285714285
06978,6978.HK,永泰生物－Ｂ,2020-07-10,2020-07-09,2020-07-09,生物科技/医药,医疗保健业,hsics,0.0432240800598944,0.0460122870773374,0.0785927598514093,,,,0.016047684897227,,120086634.29049996,0.09,0.0199999999999999,0.0042535532731611,0.62,-0.0799999999999999,0.1804082061076721,595.8716,291.31290000000007,HSCIH.HI,恒生综合行业指数-医疗保健业,0.044239194220341,0.1450685229692763,0.3025776518414991,0.0990562358919389,hsics,0.0917461775658246,0.2341772151898734,HSCIH.HI,0.044239194220341,0.1450685229692763,0.3025776518414991,0.0990562358919389,,7.0,-0.0065203439013895,0.4285714285714285,10.0,27.0,-0.0285955481637142,-0.0560847004220887,-0.0119203811144185,0.631578947368421,-0.1835756824311643,3,2026-04-08 08:56:09,11.0,259.58,259.58,7.0,chiefgroup,0.1552238805970149,-0.1402985074626866,-0.0895522388059702,-0.235820895522388,False,-0.3087855297157623
06988,6988.HK,樂享互動,2020-09-23,2020-09-22,2020-09-22,消费/零售,非必需性消费,hsics,-0.0410754804558811,-0.0694245753195257,-0.0290798900733157,-0.0157034150164927,0.0013358860523804,,0.0076549196901741,,107510561.39145,0.09,0.0,0.0103214708095902,0.68,0.02,0.0609289031076207,503.6817999999999,352.8369,HSCICD.HI,恒生综合行业指数-非必需性消费,-0.0394446816248438,-0.0136581500772857,0.175331132874926,0.0557664252422399,hsics,0.2107890764120985,0.0388059701492537,HSCICD.HI,-0.0394446816248438,-0.0136581500772857,0.175331132874926,0.0557664252422399,,19.0,-0.0321652798825679,0.631578947368421,6.0,35.0,0.0590948153958341,0.0130080208136076,-0.0564778346743312,0.5555555555555556,-0.2602357983753676,6,2026-03-20 16:36:12,2.88,1632.92,1632.92,24.0,chiefgroup,0.0,0.0370370370370369,0.5222222222222223,0.2518518518518517,False,-0.0774410774410774
06989,6989.HK,卓越商企服務,2020-10-19,2020-10-18,2020-10-18,地产/建筑,地产建筑业,hsics,0.0110974152052747,0.0030127245970763,-0.0233834147154122,0.0124482266935246,0.0348210300569349,,0.0131099307304882,,85213900.6409,0.09,0.0,0.0033190578158457,0.76,0.0899999999999999,-0.2137995814655291,497.6609,443.455,HSCIPC.HI,恒生综合行业指数-地产建筑业,-0.0226353953199575,-0.0289134423677249,-0.0332980136639675,-0.0319261669648013,hsics,-0.1874308960702813,0.0600461893764434,HSCIPC.HI,-0.0226353953199575,-0.0289134423677249,-0.0332980136639675,-0.0319261669648013,,19.0,0.0972084029336025,0.3157894736842105,14.0,22.0,0.0184558653362476,0.0116650493843009,-0.0012034537652716,0.5263157894736842,-0.2320839536952815,7,2026-03-06 19:36:17,10.68,652.06,652.06,33.4,chiefgroup,-0.0350877192982456,-0.1017543859649122,-0.1333333333333333,-0.1017543859649122,True,-0.1345826235093696
06993,6993.HK,藍月亮集團,2020-12-16,2020-12-15,2020-12-15,消费/零售,必需性消费,hsics,-0.0036978379414063,-0.0078667155781032,0.063595462389226,0.0011514994848556,0.0203311933625189,0.0894107608386978,0.0075252580078004,,125209326.50814998,0.09,0.0,-0.0203331170235777,0.92,0.04,0.0031332845638769,554.6356,837.8337,HSCICS.HI,恒生综合行业指数-必需性消费,0.0130506159979091,0.0418802402826212,0.0721247601321055,0.0497469558607245,hsics,-0.1507612586461673,0.0679468242245199,HSCICS.HI,0.0130506159979091,0.0418802402826212,0.0721247601321055,0.0497469558607245,,26.0,-0.0377594062749294,0.6538461538461539,15.0,46.0,-0.0164655894446607,-0.0031621516133628,0.0183731544946239,0.5483870967741935,-0.1636880027801489,10,2026-06-11 21:34:00,13.16,301.33,301.33,12.0,chiefgroup,-0.0287206266318537,0.0195822454308093,0.1488250652741515,-0.0731070496083551,True,-0.0665813060179256
06996,6996.HK,德琪醫藥－Ｂ,2020-11-20,2020-11-19,2020-11-19,生物科技/医药,医疗保健业,hsics,0.0071683012742373,0.063375767011631,0.0467875694380734,0.025535321763999,0.0374517921885624,0.1024568725615056,0.0111407227402038,,127950588.867,0.08,-0.0099999999999999,-0.0068861631159887,0.86,-0.02,0.5291090474660864,845.1374999999999,550.8720999999999,HSCIH.HI,恒生综合行业指数-医疗保健业,0.0183222765407162,-0.0016014639695336,-0.004429771695623,-0.0649772309811647,hsics,0.2314164710270216,0.125,HSCIH.HI,0.0183222765407162,-0.0016014639695336,-0.004429771695623,-0.0649772309811647,,17.0,-0.0065250125157343,0.5882352941176471,18.0,40.0,-0.0041093354415376,0.022350910328636,0.027301153651352,0.4857142857142857,-0.1886442776379085,10,2026-07-13 15:13:00,18.08,264.76,264.76,13.5,chiefgroup,-0.0673469387755102,-0.1938775510204081,-0.1520408163265306,-0.0316326530612245,True,-0.1400437636761488
06998,6998.HK,嘉和生物－Ｂ,2020-10-07,2020-10-06,2020-10-06,生物科技/医药,医疗保健业,hsics,-0.0119389230540494,-0.0661239669125389,-0.1021895826811251,0.0603546584147181,-0.0331667549637454,,0.0089577191603222,,85217478.9087,0.09,0.0,0.0130613126079446,0.76,0.07,-0.2359746301338654,417.1691,332.5202,HSCIH.HI,恒生综合行业指数-医疗保健业,-0.0363616361765599,-0.0656087051587932,-0.0392063730767187,0.0005152617537457,hsics,-0.3649170085775385,0.0797546012269938,HSCIH.HI,-0.0363616361765599,-0.0656087051587932,-0.0392063730767187,0.0005152617537457,,12.0,-0.0127323592336183,0.5833333333333334,13.0,35.0,0.0501299079827271,0.0519878834993357,-0.0089450167920527,0.5,-0.2530942794586826,10,2026-07-17 08:59:00,24.0,1247.52,1247.52,33.0,chiefgroup,-0.0428082191780821,-0.136986301369863,-0.3465753424657534,-0.3554794520547945,True,-0.3700516351118761
06999,6999.HK,領地控股,2020-12-10,2020-12-09,2020-12-09,地产/建筑,地产建筑业,hsics,-0.0011208860955097,0.01051817632072,0.076286308587357,0.0323027426496353,0.0852367710409569,0.157442011966193,0.0074729607065611,,128130853.67955,0.09,0.0,-0.0212880335447801,0.95,0.0899999999999999,0.0692174297355565,594.2756,949.8822,HSCIPC.HI,恒生综合行业指数-地产建筑业,-0.0282321864888067,-0.0751309795561275,-0.0358117263485091,-0.0856491558768476,hsics,0.244926223533211,0.0743243243243243,HSCIPC.HI,-0.0282321864888067,-0.0751309795561275,-0.0358117263485091,-0.0856491558768476,,30.0,0.0475084848434564,0.4666666666666667,12.0,44.0,-0.0185381811814625,0.0047479581910829,0.0471499603831599,0.5483870967741935,-0.173897317958388,2,2026-03-17 16:58:07,5.69,0.57,0.57,1.39,chiefgroup,0.0,0.0,0.0123022847100174,0.0052724077328645,False,-0.0017482517482516
08489,8489.HK,裕程物流,2021-01-13,2021-01-12,2021-01-12,工业/制造,工业,hsics,0.0226724475277633,0.0715143738878161,0.1521656929720409,0.0310850647777825,0.0799495086998489,0.1572196938353329,0.008087333330234,,146383644.57214996,0.09,0.0,-0.0076049818141739,1.15,0.1899999999999999,0.1685666875440314,1306.3652,565.2335999999999,HSCIIN.HI,恒生综合行业指数-工业,0.036280790536147,0.2200469990623923,0.3645746220116017,0.1485326251745762,hsics,0.4696931333811514,0.1389578163771712,HSCIIN.HI,0.036280790536147,0.2200469990623923,0.3645746220116017,0.1485326251745762,,12.0,-0.0710319597090658,0.5833333333333334,12.0,46.0,-0.0258629619795217,-0.000510584523802,0.0915351364283351,0.6296296296296297,-0.1457641502569622,1,2026-04-24 21:34:12,0.74,35.9,35.9,1.0,chiefgroup,0.1756756756756756,0.6891891891891893,0.4189189189189189,-0.2972972972972973,False,-0.248
08496,8496.HK,新加坡美食控股,2020-05-18,2020-05-17,2020-05-17,消费/零售,必需性消费,hsics,-0.0178579019462099,-0.0261067958781112,-0.1488622870141203,,,,0.0118980891813542,,77342179.00584999,0.05,0.0,0.0151699029126213,0.64,-0.03,-0.2292267573299572,285.1427,1280.3940000000002,HSCICS.HI,恒生综合行业指数-必需性消费,-0.0062496627761452,0.0249181226782198,-0.0008763406976237,0.051024918556331,hsics,-0.1277921059952966,0.0535168195718654,HSCICS.HI,-0.0062496627761452,0.0249181226782198,-0.0008763406976237,0.051024918556331,,3.0,-0.0065643425906331,0.6666666666666666,9.0,26.0,-0.0568722444219738,-0.0689729557161273,-0.0079514443088158,0.6428571428571429,-0.2175639939375447,2,2026-03-20 09:34:18,0.9,16.4,16.4,0.96,chiefgroup,0.3733333333333333,0.2733333333333333,0.2466666666666668,1.2,False,-0.1666666666666667
08616,8616.HK,新威工程集團,2020-04-23,2020-04-22,2020-04-22,地产/建筑,地产建筑业,hsics,-0.0104359681826803,0.0542665758892384,-0.1702516086485893,,,,0.0172468615649969,,86026722.6382,0.05,-0.0999999999999999,-0.0142450142450142,0.63,0.0,-0.2762564042434721,657.5692,1096.5202,HSCIPC.HI,恒生综合行业指数-地产建筑业,-0.0085155924714843,0.1042547221360743,-0.1507575585489403,0.0499881462468358,hsics,-0.2760744878245266,0.0380952380952381,HSCIPC.HI,-0.0085155924714843,0.1042547221360743,-0.1507575585489403,0.0499881462468358,,6.0,0.158448577935555,0.1666666666666666,5.0,20.0,-0.0107043092064344,-0.0091974248866079,0.1273888811151174,0.4705882352941176,-0.2159277834117541,10,2026-07-29 11:47:00,0.24,34.7,34.7,,chiefgroup,0.36,0.6266666666666666,0.3866666666666667,0.3333333333333333,False,-0.2608695652173912
08620,8620.HK,亞洲速運,2020-04-20,2020-04-19,2020-04-19,工业/制造,工业,hsics,0.003278556299441,0.1230298035895496,-0.1526952319818277,,,,0.0245539215267318,,96464260.15739998,0.05,-0.0999999999999999,-0.0289219982471515,0.65,-0.0499999999999999,-0.1208970449522108,815.4265000000001,932.0594,HSCIIN.HI,恒生综合行业指数-工业,0.0075800581026479,0.1433334912139439,-0.2024265011993735,0.0203036876243942,hsics,-0.2287506376351398,0.0431472081218274,HSCIIN.HI,0.0075800581026479,0.1433334912139439,-0.2024265011993735,0.0203036876243942,,3.0,-0.0111076604554865,0.3333333333333333,5.0,19.0,0.0225552428967348,0.0259420217722647,0.1773149718990979,0.4375,-0.2044232698749887,1,2026-04-17 09:17:38,0.5,196.21,196.21,1.09,chiefgroup,-0.5428571428571428,-0.5714285714285714,-0.6714285714285715,-0.7628571428571428,True,-0.4000000000000001
08623,8623.HK,中國蜀塔,2020-07-10,2020-07-09,2020-07-09,工业/制造,工业,hsics,0.0432240800598944,0.0460122870773374,0.0785927598514093,,,,0.016047684897227,,120086634.29049996,0.09,0.0199999999999999,0.0042535532731611,0.62,-0.0799999999999999,0.1804082061076721,595.8716,291.31290000000007,HSCIIN.HI,恒生综合行业指数-工业,0.1104702346619712,0.1442513724447502,0.2214913012989614,0.0982390853674128,hsics,0.3880926741311834,0.2272727272727272,HSCIIN.HI,0.1104702346619712,0.1442513724447502,0.2214913012989614,0.0982390853674128,,5.0,-0.1168889174067039,0.6,10.0,27.0,-0.0285955481637142,-0.0560847004220887,-0.0119203811144185,0.631578947368421,-0.1835756824311643,10,2026-03-23 22:32:50,0.3,29.09,29.09,1.14,chiefgroup,-0.0136363636363636,-0.1409090909090909,-0.1818181818181818,-0.6136363636363636,True,-0.2653846153846154
08657,8657.HK,TRUE PARTNER,2020-10-16,2020-10-15,2020-10-15,金融,金融业,hsics,0.0298174904780885,-0.0126850663269705,-0.0519214271642496,0.0061978040159635,0.0305754437081386,,0.0130009097959588,,85456506.87805,0.09,0.0,0.0058981233243966,0.74,0.0799999999999999,-0.2153780025934296,493.79709999999994,430.767,HSCIFN.HI,恒生综合行业指数-金融业,0.0298880622025603,-0.0331737152421643,-0.076686867715679,-0.0204886489151938,hsics,-0.0862874612020127,0.0339805825242718,HSCIFN.HI,0.0298880622025603,-0.0331737152421643,-0.076686867715679,-0.0204886489151938,,5.0,-0.0975898103349083,0.4,14.0,21.0,0.032179603886674,0.0238210441913652,0.0173804813430069,0.5,-0.2308609310863672,1,2026-06-25 17:03:01,1.4,13.15,13.15,1.1,chiefgroup,-0.2285714285714285,-0.207142857142857,-0.3357142857142856,-0.3857142857142857,True,-0.2540983606557376
08659,8659.HK,易和國際控股,2020-07-13,2020-07-12,2020-07-12,工业/制造,工业,hsics,0.0139632020027493,0.0270533854057508,0.0587267744923627,,,,0.0167045169920792,,123414504.1218,0.09,0.0099999999999999,0.0060360079092516,0.65,-0.0599999999999999,0.2028892039190952,629.0343,282.23560000000003,HSCIIN.HI,恒生综合行业指数-工业,0.0549198916180715,0.1262164159159866,0.1960713927939359,0.0991630305102357,hsics,0.4396778833786137,0.1083123425692695,HSCIIN.HI,0.0549198916180715,0.1262164159159866,0.1960713927939359,0.0991630305102357,,6.0,-0.0996801584449805,0.6666666666666666,16.0,34.0,-0.0075850005647747,-0.0520745549632193,0.0080204875020689,0.5416666666666666,-0.193814063139693,10,2026-05-14 20:39:00,0.4,11.3,11.3,1.23,chiefgroup,0.1515151515151514,0.7727272727272725,-0.6818181818181819,-0.7378787878787879,False,-0.8552
09600,9600.HK,新紐科技,2021-01-06,2021-01-05,2021-01-05,TMT/互联网,资讯科技业,hsics,0.0507409756473871,0.0431213063792945,0.1217127362302472,0.0856578815718247,0.0642226637159237,0.1292879263575457,0.0079666890531469,,123027507.2479,0.09,0.0,-0.0152965775283372,0.96,0.0399999999999999,-0.1210728115519641,666.0023000000001,646.4436000000001,HSCIIT.HI,恒生综合行业指数-信息科技业,0.1128028097296025,0.030276817445543,0.0516749174510258,-0.0128444889337515,hsics,-0.0527616871422175,0.1063829787234042,HSCIIT.HI,0.1128028097296025,0.030276817445543,0.0516749174510258,-0.0128444889337515,,7.0,0.0136618222679057,0.5714285714285714,18.0,46.0,-0.0255394111106357,0.006474718783388,0.0917324605176024,0.6428571428571429,-0.1438743913728955,6,2026-02-05 08:49:49,4.36,446.57,446.57,2.4,chiefgroup,-0.0048543689320389,-0.0606796116504854,-0.2378640776699029,-0.4417475728155341,True,-0.3054298642533937
09608,9608.HK,宋都服務,2021-01-18,2021-01-17,2021-01-17,地产/建筑,地产建筑业,hsics,0.02495281262577,0.0710492915986653,0.1528165147201277,0.0168267225317255,0.0772292055386429,0.1479577420570139,0.007719865033041,,157289643.73220003,0.09,0.0,0.011362370502395,1.11,0.1700000000000001,0.2561319235693982,1699.1996,537.3782,HSCIPC.HI,恒生综合行业指数-地产建筑业,0.0035572005311801,0.0248095916261161,0.0366485512735406,-0.0462396999725491,hsics,-0.017327917103201,0.0844444444444444,HSCIPC.HI,0.0035572005311801,0.0248095916261161,0.0366485512735406,-0.0462396999725491,,35.0,0.0401798428134282,0.4857142857142857,17.0,51.0,-0.0040493072587511,0.0077454973606388,0.0426542826777035,0.625,-0.1979943965961972,4,2026-03-31 16:35:52,0.25,25.24,25.24,1.31,chiefgroup,-0.2888888888888889,-0.4222222222222222,-0.44,-0.4755555555555556,True,-0.2987804878048781
09616,9616.HK,東軟教育,2020-09-29,2020-09-28,2020-09-28,消费/零售,非必需性消费,hsics,-0.0198173831317594,-0.0675615292498525,-0.10870164424378,-0.0301789250599311,-0.0749311360497145,,0.0085384315991909,,98190072.3897,0.09,0.0,0.022783986112618,0.67,-0.0199999999999999,-0.0884119553421544,417.1691,332.5202,HSCICD.HI,恒生综合行业指数-非必需性消费,-0.0249693463906385,-0.0104834949798734,0.0758996144509496,0.0570780342699791,hsics,0.0293095305753336,0.03725782414307,HSCICD.HI,-0.0249693463906385,-0.0104834949798734,0.0758996144509496,0.0570780342699791,,20.0,-0.0305570158884395,0.6,9.0,36.0,0.0596725706422933,0.0441818716893663,0.0327321527728737,0.5,-0.2224579907901051,6,2026-03-26 16:52:00,6.22,300.07,300.07,18.0,chiefgroup,-0.2025641025641025,-0.2025641025641025,-0.2487179487179487,-0.358974358974359,True,-0.2068429237947122
09618,9618.HK,京東集團－ＳＷ,2020-06-18,2020-06-17,2020-06-17,消费/零售,非必需性消费,hsics,-0.0226876696874577,0.0033385314314169,0.1277011100859406,,,,0.0192914402531718,,103608410.4367,0.09,0.0399999999999999,-0.0212744504940514,0.74,0.04,0.3290163178991228,262.00519999999995,296.0739,HSCICD.HI,恒生综合行业指数-非必需性消费,-0.0361942521718021,0.0175669536246403,0.3225047817551438,0.0142284221932234,hsics,0.50434828614353,0.0884146341463414,HSCICD.HI,-0.0361942521718021,0.0175669536246403,0.3225047817551438,0.0142284221932234,,5.0,0.0131523035365291,0.6,5.0,20.0,-0.0049327150526347,-0.0523210976743846,-0.0267634664081276,0.6,-0.2086730165293066,10,2026-06-30 16:07:00,226.0,178.9,178.9,11.35,chiefgroup,-0.0209205020920502,-0.0192468619246861,0.0117154811715481,0.2292887029288703,True,-0.1165413533834586
09633,9633.HK,農夫山泉,2020-09-08,2020-09-07,2020-09-07,消费/零售,必需性消费,hsics,-0.023330771476404,0.00870559365774,0.0044730118075257,-0.0401518585975879,,,0.0098730114603468,,112509327.0133,0.09,-0.01,-0.0059816278572955,0.72,0.0499999999999999,-0.0301152119899879,443.455,549.7796000000001,HSCICS.HI,恒生综合行业指数-必需性消费,-0.0282755682231081,-0.0243034513481649,0.1046406519774065,-0.0330090450059049,hsics,0.0875248734910922,0.0631578947368421,HSCICS.HI,-0.0282755682231081,-0.0243034513481649,0.1046406519774065,-0.0330090450059049,,14.0,-0.0564820368464902,0.6428571428571429,1.0,32.0,0.0058293914141453,-0.0032953712820395,0.0146696754957258,0.5,-0.215541793808692,10,2026-04-17 19:58:00,21.5,1148.3,1148.3,60.0,chiefgroup,-0.1683417085427134,-0.1130653266331658,-0.0728643216080401,0.0703517587939699,True,-0.10941475826972
09666,9666.HK,金科服務,2020-11-17,2020-11-16,2020-11-16,其他,,fallback,0.0140489549384095,0.0749486803578807,0.0475979638653203,-0.0379262323106815,0.0619650448872459,0.1414552305785277,0.0109272427410531,,123549677.14015004,0.09,0.0,-0.0092057375294369,0.91,0.12,0.449877029579961,868.6751,497.6609,,,,,,,,,,,,,,,,9.0,-0.0062468413258426,0.4444444444444444,16.0,35.0,-0.0151392429203095,0.0073427798655852,-0.0184379554627323,0.5483870967741935,-0.205745723778991,10,2026-02-02 20:23:39,,,,,,-0.0293159609120519,0.0770901194353964,0.1889250814332248,0.7502714440825191,True,-0.0555014605647516
09668,9668.HK,渤海銀行,2020-07-16,2020-07-15,2020-07-15,金融,金融业,hsics,-0.0247845512182165,0.0716925425674865,0.0553415275991144,,,,0.0148448558963249,,129972263.6903,0.1,0.01,-0.0064142354645146,0.64,-0.04,0.2468972800421698,755.2000000000002,268.3403,HSCIFN.HI,恒生综合行业指数-金融业,-0.0420073974929119,0.0560415536284859,0.0385564726257157,-0.0156509889390006,hsics,0.2174915337308269,0.0539215686274509,HSCIFN.HI,-0.0420073974929119,0.0560415536284859,0.0385564726257157,-0.0156509889390006,,3.0,-0.162649683891514,0.6666666666666666,24.0,39.0,-0.0065965274615565,-0.030564487396915,0.0152827102035523,0.5333333333333333,-0.2086299080036802,10,2026-04-29 17:50:00,4.8,0.59,0.59,1.2,chiefgroup,0.0,-0.0291666666666666,0.0,-0.0312499999999998,False,-0.0416666666666667
09677,9677.HK,威海銀行,2020-10-12,2020-10-11,2020-10-11,金融,金融业,hsics,0.0346642174726428,-0.0355279994881555,-0.0797793680008057,0.0586415224249539,0.0695061320136152,,0.0113862822701897,,80079898.78105,0.09,0.0,0.0025870432251806,0.79,0.1099999999999999,-0.2791038598908576,415.8298,327.7758,HSCIFN.HI,恒生综合行业指数-金融业,0.0291783521309578,-0.0376839391271538,-0.1178547546578121,-0.0021559396389982,hsics,-0.2184622478494711,0.0341463414634146,HSCIFN.HI,0.0291783521309578,-0.0376839391271538,-0.1178547546578121,-0.0021559396389982,,4.0,-0.1219872629186354,0.5,12.0,28.0,0.0431371281462844,0.0324539767635099,-0.0346260484554122,0.5,-0.2601398370805284,10,2026-04-15 20:23:07,3.35,0.61,0.61,1.32,chiefgroup,0.0,0.0,0.0,0.0,False,-0.0059701492537312
09688,9688.HK,再鼎醫藥－ＳＢ,2020-09-28,2020-09-27,2020-09-27,生物科技/医药,医疗保健业,hsics,-0.0498863032760441,-0.0860134859252163,-0.0842505769885612,-0.0614570079030686,-0.0873418723370574,,0.0079888561074214,,102066056.90315,0.09,0.0,0.0250325097529258,0.66,-0.0599999999999999,-0.0333715060326335,429.5632999999999,330.7111,HSCIH.HI,恒生综合行业指数-医疗保健业,-0.0637809952606401,-0.0789947833405485,-0.038965771515008,0.0070187025846677,hsics,-0.1385593875379022,0.0432098765432098,HSCIH.HI,-0.0637809952606401,-0.0789947833405485,-0.038965771515008,0.0070187025846677,,11.0,-0.013371212666207,0.5454545454545454,8.0,35.0,0.0656159835620602,0.0407893516154871,0.0310400990907456,0.4545454545454545,-0.2340413242879283,10,2026-04-20 09:51:49,562.0,3.43,3.43,6.9,chiefgroup,-0.0057049714751426,0.0814995925020374,0.0513447432762836,0.6658516707416463,True,-0.0950413223140496
09698,9698.HK,萬國數據－ＳＷ,2020-11-02,2020-11-01,2020-11-01,TMT/互联网,资讯科技业,hsics,-0.0325601815177147,0.034161881029056,-0.0244093726616807,-0.0112790242955038,0.0796435956260506,,0.0115926466596422,,90377722.983,0.09,0.0,-0.0036032217041119,0.88,0.0899999999999999,-0.0795635364815101,782.8923,531.0569999999999,HSCIIT.HI,恒生综合行业指数-信息科技业,0.0419933813392985,0.1492094578193614,0.1870944763880262,0.1150475767903054,hsics,-0.2239343438071811,0.0267379679144385,HSCIIT.HI,0.0419933813392985,0.1492094578193614,0.1870944763880262,0.1150475767903054,,6.0,0.0118235663084415,0.6666666666666666,17.0,33.0,0.0056796801782996,-0.0098547007465895,-0.0176786386315269,0.5333333333333333,-0.223326306337176,10,2026-04-24 09:41:18,80.88,6.42,6.42,8.4,chiefgroup,0.0246913580246913,0.2259259259259259,0.0864197530864197,0.2777777777777778,False,-0.1389728096676736
09901,9901.HK,新東方－Ｓ,2020-11-09,2020-11-08,2020-11-08,消费/零售,非必需性消费,hsics,0.0665998269412488,0.0660819855442547,0.0313827436024352,0.0820438018207179,0.0877899925146004,,0.0126010728840243,,103962667.70765,0.09,0.0,-0.0074185571443932,0.83,0.0499999999999999,0.2622239094614857,981.1188,429.5632999999999,HSCICD.HI,恒生综合行业指数-非必需性消费,0.1133040773070896,0.1095174606592834,0.2316456675197569,0.0434354751150287,hsics,0.2367823275657841,0.0713224368499257,HSCICD.HI,0.1133040773070896,0.1095174606592834,0.2316456675197569,0.0434354751150287,,22.0,-0.0375213239188748,0.6363636363636364,17.0,33.0,0.008812236941841,0.0081222148704794,-0.0081069582952135,0.5161290322580645,-0.2243074776227966,10,2026-07-27 07:29:26,1190.0,1.55,1.55,6.4,chiefgroup,-0.0115858073859522,-0.0079652425778421,-0.0926864590876176,0.0130340333091962,True,-0.1268709907341411
09906,9906.HK,宏力醫療管理,2020-07-13,2020-07-12,2020-07-12,生物科技/医药,医疗保健业,hsics,0.0139632020027493,0.0270533854057508,0.0587267744923627,,,,0.0167045169920792,,123414504.1218,0.09,0.0099999999999999,0.0060360079092516,0.65,-0.0599999999999999,0.2028892039190952,629.0343,282.23560000000003,HSCIH.HI,恒生综合行业指数-医疗保健业,0.0275404620090919,0.137193710176807,0.299272462713714,0.1101403247710561,hsics,0.1680015460861865,0.125,HSCIH.HI,0.0275404620090919,0.137193710176807,0.299272462713714,0.1101403247710561,,9.0,-0.0033281567148491,0.4444444444444444,16.0,34.0,-0.0075850005647747,-0.0520745549632193,0.0080204875020689,0.5416666666666666,-0.193814063139693,7,2026-03-20 08:51:05,2.1,14.99,14.99,1.4,chiefgroup,-0.0692307692307692,-0.1923076923076923,-0.2846153846153846,-0.2538461538461539,True,-0.2592592592592593
09908,9908.HK,嘉興燃氣,2020-07-16,2020-07-15,2020-07-15,其他,公用事业,fallback,-0.0247845512182165,0.0716925425674865,0.0553415275991144,,,,0.0148448558963249,,129972263.6903,0.1,0.01,-0.0064142354645146,0.64,-0.04,0.2468972800421698,755.2000000000002,268.3403,HSCIUT.HI,恒生综合行业指数-公用事业,-0.0237845739565301,-0.0134143231256336,-0.0612438166517954,-0.0851068656931202,hsics,,,HSCIUT.HI,-0.0237845739565301,-0.0134143231256336,-0.0612438166517954,-0.0851068656931202,,4.0,0.0994296271073812,0.25,24.0,39.0,-0.0065965274615565,-0.030564487396915,0.0152827102035523,0.5333333333333333,-0.2086299080036802,2,2026-03-27 21:30:00,10.0,6.73,6.73,1.22,chiefgroup,-0.2590604026845638,-0.3342281879194631,-0.1946308724832215,-0.3167785234899329,True,-0.1014492753623187
09913,9913.HK,智勤控股,2020-08-14,2020-08-13,2020-08-13,地产/建筑,地产建筑业,hsics,0.0120370244093799,0.0104114063327844,0.0345471342001209,,,,0.0130210230733285,,109296273.01785,0.1,0.01,-0.0316718587746625,0.71,0.12,-0.1832794828848476,468.0703999999999,754.8317000000001,HSCIPC.HI,恒生综合行业指数-地产建筑业,0.0108845436894207,0.0305884151484479,0.0292265737284609,0.0201770088156634,hsics,-0.1793629209387413,0.0790697674418604,HSCIPC.HI,0.0108845436894207,0.0305884151484479,0.0292265737284609,0.0201770088156634,,16.0,0.0793779799266545,0.375,12.0,36.0,-0.0307823967726292,-0.0363391844398356,0.0015305802952429,0.5666666666666667,-0.1967692634887097,0,,0.52,19.15,19.15,1.08,chiefgroup,0.1038961038961038,0.4285714285714287,0.0,0.5064935064935063,False,-0.4328358208955224
09916,9916.HK,興業物聯,2020-03-09,2020-03-08,2020-03-08,地产/建筑,地产建筑业,hsics,0.0006406446553817,-0.0458906586455323,0.0032272347766295,,,,0.0116589079572648,,87148585.3065,1.09,-0.49,-0.0263397832033228,0.74,-0.8500000000000001,0.0122546159129774,630.6593,445.3337000000001,HSCIPC.HI,恒生综合行业指数-地产建筑业,0.0204164803924233,0.0169727254824734,0.0290326517700802,0.0628633841280057,hsics,-0.0391145174794805,0.0433734939759036,HSCIPC.HI,0.0204164803924233,0.0169727254824734,0.0290326517700802,0.0628633841280057,,1.0,-0.2272727272727273,1.0,2.0,3.0,-0.2564935064935065,-0.3329545454545455,-0.6455627705627707,0.6666666666666666,-0.4971988795518207,1,2026-04-20 19:40:25,1.99,1414.06,1414.06,8.11,chiefgroup,0.1215469613259667,-0.1381215469613259,-0.1712707182320442,-0.2928176795580111,False,-0.3054187192118226
09923,9923.HK,移卡,2020-06-01,2020-05-31,2020-05-31,金融,金融业,hsics,0.0013663239735999,-0.0656938731996633,-0.1266640245126975,,,,0.0162459557021448,,91478777.85374998,0.05,0.0,-0.0172034406881376,0.65,-0.0799999999999999,0.1745766309953633,278.7955,509.9006,HSCIFN.HI,恒生综合行业指数-金融业,0.0052313030579944,-0.0633950110748462,-0.1539841947457003,0.0022988621248171,hsics,0.0370963531839787,0.0246305418719211,HSCIFN.HI,0.0052313030579944,-0.0633950110748462,-0.1539841947457003,0.0022988621248171,,2.0,-0.3342151675485009,1.0,7.0,27.0,-0.0134634583520391,-0.0745587833957382,-0.0509645742947377,0.5714285714285714,-0.2313896481399633,10,2026-05-27 09:24:00,16.64,641.38,641.38,12.0,chiefgroup,0.1804812834224598,0.1136363636363635,0.1497326203208555,2.877005347593583,False,-0.1476293103448275
09926,9926.HK,康方生物－Ｂ,2020-04-24,2020-04-23,2020-04-23,生物科技/医药,医疗保健业,hsics,-0.0012134238923289,0.0191323315704086,-0.1432182504190589,,,,0.0151214548243174,,84056585.75775,0.04,-0.0799999999999999,-0.0043590251634634,0.61,-0.01,-0.2996460151378827,509.9006,1243.7789,HSCIH.HI,恒生综合行业指数-医疗保健业,0.042043175356931,0.1634483105025379,0.0338483550054056,0.1443159789321293,hsics,-0.0652194373394752,0.0849673202614379,HSCIH.HI,0.042043175356931,0.1634483105025379,0.0338483550054056,0.1443159789321293,,2.0,-0.1031914893617022,0.5,6.0,20.0,0.0098903746383674,0.0261283579774628,0.1417932025346479,0.4444444444444444,-0.2184245490676228,10,2026-06-29 17:46:09,16.18,639.2,639.2,,chiefgroup,0.0340425531914893,0.0425531914893617,0.1638297872340426,0.425531914893617,False,-0.1418181818181817
09929,9929.HK,澳達控股,2020-02-14,2020-02-13,2020-02-13,地产/建筑,地产建筑业,hsics,0.008594696239502,-0.0127428446107792,0.024559878929758,,,,0.0177563580371795,,86081945.342,1.58,0.04,0.0181836860489006,1.61,-0.0899999999999998,,537.2783,421.3356999999999,HSCIPC.HI,恒生综合行业指数-地产建筑业,0.0285533601488334,-0.0338213860574564,0.0298584387025839,-0.0210785414466772,hsics,,0.0772946859903381,HSCIPC.HI,0.0285533601488334,-0.0338213860574564,0.0298584387025839,-0.0210785414466772,,0.0,,,1.0,1.0,,,,0.0,,1,2026-04-13 11:45:25,0.25,5.57,5.57,,chiefgroup,-0.2272727272727273,-0.2909090909090909,-0.6696969696969698,-0.6,True,-0.5372549019607844
09936,9936.HK,稀美資源,2020-03-12,2020-03-11,2020-03-11,工业/制造,原材料业,hsics,-0.0377719989306717,-0.0931599221669614,-0.0476743865666869,,,,0.0144898976650803,,92238166.0211,1.09,-0.49,-0.0244444444444444,0.82,-0.7000000000000001,0.0641907373998726,701.2622000000001,527.4283,HSCIMT.HI,恒生综合行业指数-原材料业,-0.0791810018559426,-0.0957929545966749,-0.0608683713591849,-0.0026330324297134,hsics,0.2536101661977461,0.0409207161125319,HSCIMT.HI,-0.0791810018559426,-0.0957929545966749,-0.0608683713591849,-0.0026330324297134,,0.0,,,3.0,4.0,-0.1304800172203487,-0.2680102126234723,-0.4874654197858619,0.5,-0.433272159438488,10,2026-03-02 11:59:35,2.23,15.74,15.74,1.08,chiefgroup,0.0149999999999999,0.0949999999999999,0.04,0.1399999999999999,False,-0.0956521739130433
09939,9939.HK,開拓藥業－Ｂ,2020-05-22,2020-05-21,2020-05-21,生物科技/医药,医疗保健业,hsics,0.0188961356691259,-0.0020546633336101,-0.1109085309832249,,,,0.0119589356641028,,78882748.83089998,0.05,0.0,-0.0056016805041512,0.68,0.04,-0.1051872239499907,281.5654,1064.497,HSCIH.HI,恒生综合行业指数-医疗保健业,0.010607590570695,0.0544877640034922,0.0525109170965873,0.0565424273371023,hsics,0.1370557572405908,0.0516129032258064,HSCIH.HI,0.010607590570695,0.0544877640034922,0.0525109170965873,0.0565424273371023,,4.0,-0.0524134645919339,0.5,9.0,26.0,-0.02819187257162,-0.0461525364461632,0.0090230964228829,0.6,-0.2141708387861527,10,2026-03-16 10:57:18,20.15,551.32,551.32,8.0,chiefgroup,0.0669975186104219,-0.2843672456575682,-0.2287841191066997,-0.2416873449131513,False,-0.3293023255813954
09958,9958.HK,力天影業,2020-06-22,2020-06-21,2020-06-21,消费/零售,非必需性消费,hsics,0.014094261313555,0.0747378777451861,0.135865705081966,,,,0.014026148934148,,102303876.0605,0.09,0.0399999999999999,-0.0210463018641009,0.7,0.0399999999999999,0.2361218101178974,261.79769999999996,326.27079999999995,HSCICD.HI,恒生综合行业指数-非必需性消费,0.0149611192796834,0.1089020366084405,0.3680952137712623,0.0341641588632544,hsics,0.4372031360067965,0.106544901065449,HSCICD.HI,0.0149611192796834,0.1089020366084405,0.3680952137712623,0.0341641588632544,,6.0,0.0074735025984326,0.6666666666666666,5.0,20.0,0.0298630609983714,-0.015508983707459,0.0187794704318803,0.6,-0.1897757734215372,3,2026-03-31 17:33:57,2.56,11.65,11.65,2.68,chiefgroup,-0.3375,-0.4333333333333333,-0.3833333333333333,-0.3,True,-0.2138364779874214
09969,9969.HK,諾誠健華－Ｂ,2020-03-23,2020-03-22,2020-03-22,生物科技/医药,医疗保健业,hsics,-0.0510899429157767,-0.1649189400783117,-0.1821511170658949,,,,0.0236754017054726,,117839314.77015,0.15,-1.4300000000000002,0.030598892803221,0.92,-0.18,0.4247232101424407,1297.2695,488.6759,HSCIH.HI,恒生综合行业指数-医疗保健业,-0.0858547439986244,-0.1736980973017038,-0.0884119736445321,-0.008779157223392,hsics,0.2432727859776211,0.0397350993377483,HSCIH.HI,-0.0858547439986244,-0.1736980973017038,-0.0884119736445321,-0.008779157223392,,0.0,,,11.0,14.0,0.020615775059907,0.0423525804015223,0.1240790327575208,0.4285714285714285,-0.2463443048271389,10,2026-07-06 09:48:34,8.95,298.75,298.75,,chiefgroup,0.0436170212765957,0.1680851063829787,0.5191489361702126,0.5255319148936171,False,-0.0727802037845706
09977,9977.HK,鳳祥股份,2020-07-16,2020-07-15,2020-07-15,其他,,fallback,-0.0247845512182165,0.0716925425674865,0.0553415275991144,,,,0.0148448558963249,,129972263.6903,0.1,0.01,-0.0064142354645146,0.64,-0.04,0.2468972800421698,755.2000000000002,268.3403,,,,,,,,,,,,,,,,4.0,0.0994296271073812,0.25,24.0,39.0,-0.0065965274615565,-0.030564487396915,0.0152827102035523,0.5333333333333333,-0.2086299080036802,10,2026-07-23 17:55:24,,,,,,-0.0508474576271186,-0.115819209039548,-0.0451977401129943,-0.1977401129943503,True,-0.1071428571428571
09979,9979.HK,綠城管理控股,2020-07-10,2020-07-09,2020-07-09,地产/建筑,地产建筑业,hsics,0.0432240800598944,0.0460122870773374,0.0785927598514093,,,,0.016047684897227,,120086634.29049996,0.09,0.0199999999999999,0.0042535532731611,0.62,-0.0799999999999999,0.1804082061076721,595.8716,291.31290000000007,HSCIPC.HI,恒生综合行业指数-地产建筑业,0.0204443806163061,0.0242557627707633,0.0414722179326445,-0.021756524306574,hsics,0.019323606141945,0.107981220657277,HSCIPC.HI,0.0204443806163061,0.0242557627707633,0.0414722179326445,-0.021756524306574,,12.0,0.0744928116052783,0.4166666666666667,10.0,27.0,-0.0285955481637142,-0.0560847004220887,-0.0119203811144185,0.631578947368421,-0.1835756824311643,10,2026-03-31 11:11:19,2.5,11.2,11.2,5.0,chiefgroup,0.2264150943396227,0.2981132075471698,0.4075471698113208,0.169811320754717,False,-0.1770334928229664
09983,9983.HK,建業新生活,2020-05-15,2020-05-14,2020-05-14,地产/建筑,地产建筑业,hsics,-0.0062921616321172,-0.0193655806320325,-0.1432958483728554,,,,0.0119950460052832,,77760234.6256,0.05,0.0,0.0080418174507439,0.63,0.03,-0.2438206387506147,259.7,1347.3519,HSCIPC.HI,恒生综合行业指数-地产建筑业,-0.0126230776568345,-0.0246634717311019,-0.1237422489142013,-0.0052978910990694,hsics,-0.2913378603635022,0.0638297872340425,HSCIPC.HI,-0.0126230776568345,-0.0246634717311019,-0.1237422489142013,-0.0052978910990694,,9.0,0.1090009262451178,0.3333333333333333,10.0,24.0,-0.0180021645994095,-0.0274001990651099,0.0536905132995171,0.5625,-0.2166086500248955,3,2026-03-20 22:41:00,6.85,142.52,142.52,14.9,chiefgroup,-0.0059382422802851,0.0665083135391924,0.1377672209026128,0.3087885985748218,True,-0.1628571428571429
09986,9986.HK,大山教育,2020-07-15,2020-07-14,2020-07-14,消费/零售,非必需性消费,hsics,-0.0191629394594786,0.0484132999854327,0.0426631035301241,,,,0.0158683806335679,,128105320.10035,0.09,0.0099999999999999,-0.0088568486096807,0.63,-0.0599999999999999,0.234551441495018,744.5819000000001,292.37550000000005,HSCICD.HI,恒生综合行业指数-非必需性消费,0.0012334313845356,0.0551189158872837,0.1967771191795366,0.006705615901851,hsics,0.1486166607264682,0.0815709969788519,HSCICD.HI,0.0012334313845356,0.0551189158872837,0.1967771191795366,0.006705615901851,,11.0,-0.0761240963584605,0.6363636363636364,18.0,33.0,-0.0023543315064211,-0.0295732770521584,-0.0421856398309683,0.5,-0.2274914550773807,0,,1.25,4.09,4.09,1.15,chiefgroup,-0.0508474576271185,-0.0677966101694914,-0.0762711864406778,-0.2627118644067796,True,-0.0948275862068964
09987,9987.HK,百勝中國－Ｓ,2020-09-10,2020-09-09,2020-09-09,消费/零售,非必需性消费,hsics,-0.0259218816493094,-0.0307039053209433,0.0291029757811662,-0.1129986003977551,,,0.0079702790067003,,111083822.37825,0.09,-0.01,-0.0019265760462379,0.71,0.0599999999999999,-0.0178906442655907,434.3769,471.5198999999999,HSCICD.HI,恒生综合行业指数-非必需性消费,-0.0464475452857966,0.0222919883341909,0.1727842047462908,0.0529958936551343,hsics,0.126268029257113,0.072072072072072,HSCICD.HI,-0.0464475452857966,0.0222919883341909,0.1727842047462908,0.0529958936551343,,15.0,-0.0639393482929051,0.6666666666666666,2.0,32.0,-0.0341885422304331,-0.0065691609030034,-0.0211356447267071,0.625,-0.2029303917745802,10,2026-07-20 09:33:00,412.0,52.32,52.32,8.74,chiefgroup,-0.0482926829268293,-0.0180487804878048,0.0146341463414634,0.086341463414634,True,-0.0448275862068965
09989,9989.HK,海普瑞,2020-07-08,2020-07-07,2020-07-07,生物科技/医药,医疗保健业,hsics,0.0633912455751153,0.0486568450017581,0.0710159322714567,,,,0.0161639239889503,,113343495.32455,0.09,0.0199999999999999,0.0003094697751186,0.65,-0.0899999999999999,0.1389074816467659,451.1166999999999,287.598,HSCIH.HI,恒生综合行业指数-医疗保健业,0.0247601600990012,0.1012348926853954,0.2870805075112419,0.0525780476836372,hsics,0.0256966715764668,0.1401273885350318,HSCIH.HI,0.0247601600990012,0.1012348926853954,0.2870805075112419,0.0525780476836372,,6.0,-0.0003842437607219,0.3333333333333333,8.0,25.0,-0.0172401128612374,-0.0484452929992732,0.0104495424542294,0.5882352941176471,-0.1832760717881068,10,2026-07-07 09:21:00,18.4,69.21,69.21,7.3,chiefgroup,-0.0433369447453954,0.0108342361863488,-0.1397616468039003,-0.2340195016251354,True,-0.1693461950696677
09990,9990.HK,祖龍娛樂,2020-07-15,2020-07-14,2020-07-14,TMT/互联网,资讯科技业,hsics,-0.0191629394594786,0.0484132999854327,0.0426631035301241,,,,0.0158683806335679,,128105320.10035,0.09,0.0099999999999999,-0.0088568486096807,0.63,-0.0599999999999999,0.234551441495018,744.5819000000001,292.37550000000005,HSCIIT.HI,恒生综合行业指数-信息科技业,0.0437872599051736,0.2092833931837461,0.4284181509719817,0.1608700931983133,hsics,0.4232465579520692,0.0597826086956521,HSCIIT.HI,0.0437872599051736,0.2092833931837461,0.4284181509719817,0.1608700931983133,,3.0,-0.0948424337523003,1.0,18.0,33.0,-0.0023543315064211,-0.0295732770521584,-0.0421856398309683,0.5,-0.2274914550773807,8,2026-03-20 18:50:43,11.6,123.01,123.01,16.0,chiefgroup,0.1941176470588236,0.1623529411764706,0.2235294117647059,0.4588235294117648,False,-0.1518737672583826
09991,9991.HK,寶尊電商－ＳＷ,2020-09-29,2020-09-28,2020-09-28,消费/零售,非必需性消费,hsics,-0.0198173831317594,-0.0675615292498525,-0.10870164424378,-0.0301789250599311,-0.0749311360497145,,0.0085384315991909,,98190072.3897,0.09,0.0,0.022783986112618,0.67,-0.0199999999999999,-0.0884119553421544,417.1691,332.5202,HSCICD.HI,恒生综合行业指数-非必需性消费,-0.0249693463906385,-0.0104834949798734,0.0758996144509496,0.0570780342699791,hsics,0.0293095305753336,0.03725782414307,HSCICD.HI,-0.0249693463906385,-0.0104834949798734,0.0758996144509496,0.0570780342699791,,20.0,-0.0305570158884395,0.6,9.0,36.0,0.0596725706422933,0.0441818716893663,0.0327321527728737,0.5,-0.2224579907901051,5,2026-03-23 11:06:00,82.9,3.6,3.6,5.1,chiefgroup,-0.0117647058823529,-0.0252941176470588,0.1123529411764705,-0.0411764705882352,True,-0.0586637696903855
09992,9992.HK,泡泡瑪特,2020-12-11,2020-12-10,2020-12-10,消费/零售,非必需性消费,hsics,-0.0118940456815758,0.009217260783404,0.0793520599388695,0.0107856361119822,0.0414256388696412,0.1180730175933755,0.0075032642012856,,125734353.5625,0.09,0.0,-0.0235559858018715,0.92,0.09,0.0438823447527945,596.4734,896.4814,HSCICD.HI,恒生综合行业指数-非必需性消费,0.0025610010427528,0.0326392667907775,0.2101011253679345,0.0234220060073735,hsics,-0.0802060055424818,0.0621301775147929,HSCICD.HI,0.0025610010427528,0.0326392667907775,0.2101011253679345,0.0234220060073735,,25.0,-0.0350674478955764,0.64,14.0,45.0,-0.0198277155019538,0.0013076889913124,0.0357244139020656,0.5454545454545454,-0.1689695293232462,10,2026-07-16 13:56:47,38.5,356.74,356.74,44.0,chiefgroup,-0.1050583657587548,-0.0012970168612191,-0.0259403372243839,-0.1245136186770427,True,-0.1629464285714285
09993,9993.HK,金輝控股,2020-10-29,2020-10-28,2020-10-28,地产/建筑,地产建筑业,hsics,-0.0018429032067808,0.0418246942574582,-0.0025818681487246,0.001565835740299,0.0853623615733993,,0.0113604852579895,,86836230.53685,0.09,0.0,-0.0055336809620091,0.79,0.01,-0.1653215616603605,648.4712,513.3943,HSCIPC.HI,恒生综合行业指数-地产建筑业,-0.0288848222886495,-0.0580934635483594,-0.0577579719498771,-0.0999181578058177,hsics,-0.1307845444486375,0.0435779816513761,HSCIPC.HI,-0.0288848222886495,-0.0580934635483594,-0.0577579719498771,-0.0999181578058177,,22.0,0.0731153910503122,0.4090909090909091,17.0,29.0,0.005082573108191,-0.012173578001141,-0.0104170571372345,0.5769230769230769,-0.2328989898383168,10,2026-05-18 22:01:00,4.3,1.72,1.72,1.51,chiefgroup,0.0430622009569379,0.0574162679425837,0.014354066985646,0.0502392344497607,False,-0.0401785714285715
09995,9995.HK,榮昌生物－Ｂ,2020-11-09,2020-11-08,2020-11-08,生物科技/医药,医疗保健业,hsics,0.0665998269412488,0.0660819855442547,0.0313827436024352,0.0820438018207179,0.0877899925146004,,0.0126010728840243,,103962667.70765,0.09,0.0,-0.0074185571443932,0.83,0.0499999999999999,0.2622239094614857,981.1188,429.5632999999999,HSCIH.HI,恒生综合行业指数-医疗保健业,0.0479093260291563,-0.000993160912306,-0.0419487630049923,-0.0670751464565607,hsics,0.2743358028781926,0.0958083832335329,HSCIH.HI,0.0479093260291563,-0.000993160912306,-0.0419487630049923,-0.0670751464565607,,16.0,-0.0164212746428522,0.625,17.0,33.0,0.008812236941841,0.0081222148704794,-0.0081069582952135,0.5161290322580645,-0.2243074776227966,10,2026-07-20 11:17:15,52.1,53.43,53.43,22.0,chiefgroup,0.1518151815181517,0.3127062706270626,0.1452145214521452,0.8828382838283827,False,-0.1514770584538026
09996,9996.HK,沛嘉醫療－Ｂ,2020-05-15,2020-05-14,2020-05-14,生物科技/医药,医疗保健业,hsics,-0.0062921616321172,-0.0193655806320325,-0.1432958483728554,,,,0.0119950460052832,,77760234.6256,0.05,0.0,0.0080418174507439,0.63,0.03,-0.2438206387506147,259.7,1347.3519,HSCIH.HI,恒生综合行业指数-医疗保健业,0.0456217065578319,0.0990682417210724,0.0378852528174531,0.1184338223531049,hsics,-0.0928508683843531,0.1428571428571428,HSCIH.HI,0.0456217065578319,0.0990682417210724,0.0378852528174531,0.1184338223531049,,3.0,-0.0574468085106383,0.3333333333333333,10.0,24.0,-0.0180021645994095,-0.0274001990651099,0.0536905132995171,0.5625,-0.2166086500248955,5,2026-03-17 20:36:53,15.36,1184.41,1184.41,,chiefgroup,-0.0373134328358208,-0.0261194029850746,0.1007462686567164,0.0410447761194029,True,-0.1433447098976109
09997,9997.HK,康基醫療,2020-06-29,2020-06-28,2020-06-28,其他,,fallback,0.0122611401875953,0.0635250474650406,0.0612032884070719,,,,0.0140621533437068,,102264591.26575002,0.08,0.03,-0.0174818108326595,0.64,-0.24,0.174127599308296,242.3577,313.2953,,,,,,,,,,,,,,,,3.0,0.1163259078425389,0.3333333333333333,6.0,20.0,-0.0078893965736382,-0.0808234760369659,-0.0382281013048256,0.6923076923076923,-0.1879615090760918,2,2026-06-10 19:04:00,,,,,,0.0656370656370657,0.1467181467181467,0.1196911196911197,-0.1447876447876448,False,-0.1886792452830189
09999,9999.HK,網易－Ｓ,2020-06-11,2020-06-10,2020-06-10,TMT/互联网,资讯科技业,hsics,0.0297673810575023,0.035956129576556,0.0304684630057834,,,,0.017721912477091,,102598397.02585,0.08,0.03,-0.0412093394532029,0.75,0.0699999999999999,0.3259266395185083,268.3403,248.8685,HSCIIT.HI,恒生综合行业指数-信息科技业,0.0285793151642208,0.0948592315662864,0.2553942230766475,0.0589031019897303,hsics,0.3040318613897366,0.0765027322404371,HSCIIT.HI,0.0285793151642208,0.0948592315662864,0.2553942230766475,0.0589031019897303,,2.0,-0.1309854551397286,1.0,9.0,25.0,-0.017891199070282,-0.094472706295653,-0.0718655580493793,0.5882352941176471,-0.2266286600696322,10,2026-07-20 11:35:55,123.0,360.53,360.53,,chiefgroup,-0.0225563909774436,-0.0473684210526315,0.1330827067669172,0.0992481203007518,True,-0.0376923076923076
00013,0013.HK,和黃醫藥,2021-06-30,2021-06-29,2021-06-29,生物科技/医药,医疗保健业,hsics,0.0241732886467422,-0.0054096145006483,0.0145779021957832,0.0497706800747033,0.0119318637521823,0.0025341306941537,0.0081917496023949,16.676000000000002,123068692.8029,0.1,0.05,0.0249304396215916,1.49,-0.01,-0.035234156359161,44.982500000000016,472.258,HSCIH.HI,恒生综合行业指数-医疗保健业,0.0388604286849156,0.0465864153715087,0.2507046798248613,0.0519960298721571,hsics,0.0609022809082802,0.0710382513661202,HSCIH.HI,0.0388604286849156,0.0465864153715087,0.2507046798248613,0.0519960298721571,,26.0,0.0037583904860694,0.6538461538461539,6.0,12.0,0.0883535697403257,0.2579943873678075,0.0241099606845155,0.3333333333333333,-0.1852202897598035,10,2026-06-25 08:06:00,40.1,5.23,5.23,5.0,chiefgroup,0.1731517509727626,0.1079766536964981,0.5097276264591439,0.142023346303502,False,-0.1513665031534687
00020,0020.HK,商湯－Ｗ,2021-12-30,2021-12-29,2021-12-29,TMT/互联网,资讯科技业,hsics,-0.0006834808437071,-0.0241929893672238,-0.0639390191984106,-0.0250895420030988,-0.0923526192654574,-0.1031955804350537,0.0109800731459289,20.35,97317191.62295,0.08,0.0,-0.001353602665556,1.55,0.06,-0.0599161984561428,510.3547999999999,-45.88409999999998,HSCIIT.HI,恒生综合行业指数-信息科技业,-0.0270539202028758,-0.0929599078716589,-0.1200555901601301,-0.0687669185044351,hsics,-0.1486735798969565,0.0412371134020618,HSCIIT.HI,-0.0270539202028758,-0.0929599078716589,-0.1200555901601301,-0.0687669185044351,,6.0,-0.0045739806161239,0.5,11.0,22.0,-0.0168492531576683,-0.0264379154413723,-0.0616010527229472,0.6666666666666666,-0.1982644722194707,10,2026-06-04 10:03:29,3.85,5.18,5.18,1.5,chiefgroup,0.0562659846547313,1.0332480818414322,0.6675191815856776,0.5754475703324808,False,-0.1951219512195121
00606,0606.HK,中駿商管,2021-07-02,2021-07-01,2021-07-01,地产/建筑,地产建筑业,hsics,-0.0018873046132495,-0.0160309950091508,-0.0038284320602762,0.0168498908385421,-0.0181043471141644,-0.0034739363132041,0.0077654863359844,16.390000000000004,122509746.0541,0.1,0.04,0.0293659621802002,1.48,0.01,-0.0618723676826667,-2.581599999999985,505.3987,HSCIPC.HI,恒生综合行业指数-地产建筑业,-0.0128237145069051,-0.0362466537611968,-0.041822910733028,-0.020215658752046,hsics,0.1175110302971258,0.0958605664488017,HSCIPC.HI,-0.0128237145069051,-0.0362466537611968,-0.041822910733028,-0.020215658752046,,34.0,-0.0166051916297588,0.5588235294117647,7.0,14.0,0.079643193632841,0.2072129904585347,0.0304920840721542,0.3636363636363636,-0.2076260449244791,1,2026-04-25 09:38:45,3.7,1.3,1.3,3.65,chiefgroup,0.0498687664041994,0.0866141732283463,0.0551181102362203,0.041994750656168,False,-0.1105882352941176
01024,1024.HK,快手－Ｗ,2021-02-05,2021-02-04,2021-02-04,消费/零售,非必需性消费,hsics,0.0197098011717371,0.0568081334314873,0.1100591833295332,0.0559582540265106,0.1781391168750781,0.2431164544433754,0.0146860817966222,,212472381.78755,0.08,-0.0099999999999999,0.0191472781921406,1.15,0.0399999999999998,0.6215151023658962,3085.5069000000003,892.6106,HSCICD.HI,恒生综合行业指数-非必需性消费,0.0474172888537176,0.0564657063604792,0.2568253799741671,-0.0003424270710081,hsics,0.6082590937838632,0.0833333333333333,HSCICD.HI,0.0474172888537176,0.0564657063604792,0.2568253799741671,-0.0003424270710081,,32.0,-0.0126645205263994,0.625,15.0,43.0,-0.025192673424783,-0.0078958733401828,0.0064170552576321,0.6666666666666666,-0.2097836938078462,10,2026-06-16 21:47:00,115.0,1204.16,1204.16,39.0,chiefgroup,-0.1124260355029586,0.1923076923076923,-0.1952662721893491,-0.2775147928994083,True,-0.3590361445783132
01228,1228.HK,北海康成－Ｂ,2021-12-10,2021-12-09,2021-12-09,生物科技/医药,医疗保健业,hsics,0.0195860007154589,-0.0393350124108889,-0.0796387442640729,0.0142250512078812,-0.0559003735366805,-0.0956083720170783,0.0122695339808632,22.452,110629148.40355,0.08,0.0,0.011245401996847,1.49,-0.05,0.0621515302555903,156.52650000000003,6.843399999999981,HSCIH.HI,恒生综合行业指数-医疗保健业,0.0303192470527939,-0.0120580374471698,-0.1537039574020627,0.0272769749637191,hsics,-0.0563860755307877,0.0402010050251256,HSCIH.HI,0.0303192470527939,-0.0120580374471698,-0.1537039574020627,0.0272769749637191,,29.0,0.019973126675204,0.5172413793103449,5.0,16.0,-0.002691455447604,-0.0322249708148253,-0.0896243290199862,0.6666666666666666,-0.1951992356803196,6,2026-02-25 14:53:42,12.18,1.97,1.97,2.8,chiefgroup,-0.0918367346938775,-0.1316326530612245,-0.15,-0.3938775510204081,True,-0.1161290322580644
01413,1413.HK,廣聯工程控股,2021-03-11,2021-03-10,2021-03-10,地产/建筑,地产建筑业,hsics,-0.0325597832962186,-0.0136463548871174,0.0989547059521238,-0.122770380856904,-0.1578620471240087,0.0237670122591682,0.0169693848645692,,198216271.87685,0.07,0.0,0.0073537482164416,1.53,0.24,-0.0436065575653973,341.6446,3135.631800000001,HSCIPC.HI,恒生综合行业指数-地产建筑业,-0.0265173937923005,0.0681430682377903,0.0760671899580403,0.0817894231249077,hsics,0.1000560541495998,0.0553097345132743,HSCIPC.HI,-0.0265173937923005,0.0681430682377903,0.0760671899580403,0.0817894231249077,,35.0,0.0323492081319648,0.5142857142857142,4.0,34.0,0.0231886171016249,0.0226002603001778,-0.1089937503805009,0.55,-0.2980831085782121,3,2026-03-14 00:00:15,0.54,54.29,54.29,1.05,chiefgroup,-0.1764705882352941,-0.2549019607843137,-0.3431372549019607,-0.3627450980392157,True,-0.1904761904761903
01473,1473.HK,環聯連訊,2021-02-19,2021-02-18,2021-02-18,TMT/互联网,资讯科技业,hsics,0.0508963195768286,0.0736365339900606,0.1526121060310898,0.0632240850215477,0.1297885072625626,0.3243517990577078,0.0151490074373333,,194295182.82995,0.07,-0.0199999999999999,0.0034349030470914,1.29,0.1799999999999999,0.1620824661958153,2988.1088,1306.3652,HSCIIT.HI,恒生综合行业指数-信息科技业,0.0377030277380399,0.1880366218778211,0.2762341260756078,0.1144000878877604,hsics,-0.0430679172566587,0.1798941798941798,HSCIIT.HI,0.0377030277380399,0.1880366218778211,0.2762341260756078,0.1144000878877604,,8.0,0.0113472983679126,0.625,6.0,38.0,0.0001664127093669,0.0246088084661465,-0.0472619004100576,0.64,-0.2727240795846395,4,2026-06-24 19:51:36,0.56,64.15,64.15,1.01,chiefgroup,0.0597014925373133,-0.1492537313432837,-0.1044776119402986,-0.0746268656716418,False,-0.2957746478873239
01491,1491.HK,貝特集團控股,2021-10-29,2021-10-28,2021-10-28,其他,,fallback,-0.0177495711545253,0.0426237547417525,0.018707325035886,-0.0287831636301352,0.0559118483741254,-0.0495209505424739,0.0100568653025238,18.982,104501865.48385,0.08,0.0,0.0027926960257786,1.57,-0.04,-0.2079179558229996,198.31970000000004,-264.3962000000001,,,,,,,,,,,,,,,,9.0,-0.0026735824225789,0.2222222222222222,5.0,11.0,0.0064510819815592,-0.0333208040316891,-0.1032136340266604,0.2857142857142857,-0.1847976964242882,10,2026-07-25 20:23:00,,,,,,,,,,False,
01927,1927.HK,久久王,2021-03-16,2021-03-15,2021-03-15,消费/零售,必需性消费,hsics,0.0102635417400263,-0.0165661248310423,0.0878254514943293,0.0226179619705431,-0.2061990932841555,0.0210021224497864,0.0179974474384918,,207421948.99315003,0.07,-0.0099999999999999,0.0091238869957128,1.62,0.25,0.0466925910701914,36.68920000000002,3085.5069000000003,HSCICS.HI,恒生综合行业指数-必需性消费,0.0307928128225438,-0.1221657066110489,0.010773737896784,-0.1055995817800066,hsics,-0.0067722199891272,0.0698689956331877,HSCICS.HI,0.0307928128225438,-0.1221657066110489,0.010773737896784,-0.1055995817800066,,35.0,-0.0145868937999082,0.6285714285714286,6.0,34.0,0.012698054686612,-0.0282821133261934,-0.1678108161685352,0.6111111111111112,-0.2791762203595626,2,2026-03-31 21:56:30,0.75,214.36,214.36,1.14,chiefgroup,-0.2028985507246376,-0.2898550724637681,-0.3623188405797101,-0.3913043478260869,True,-0.2672413793103447
01948,1948.HK,UJU HOLDING,2021-11-08,2021-11-07,2021-11-07,消费/零售,非必需性消费,hsics,-0.0199678924894907,0.0013149286270752,-0.0588816928429931,-0.0155791115603548,0.0699556143289144,-0.0582738521600442,0.0100749334410679,19.948,107825453.38355002,0.08,0.0,0.0012752391073327,1.45,-0.1400000000000001,-0.0644145471024656,164.5027,-39.00070000000002,HSCICD.HI,恒生综合行业指数-非必需性消费,-0.0020904043129402,0.0756950994435943,-0.0546302799237484,0.074380170816519,hsics,0.0995262708374513,0.0556348074179743,HSCICD.HI,-0.0020904043129402,0.0756950994435943,-0.0546302799237484,0.074380170816519,,27.0,-0.0204014407665323,0.7037037037037037,6.0,15.0,0.0171933136260213,-0.0037465797491412,-0.040856562513911,0.2727272727272727,-0.1822282091171852,3,2026-03-24 08:57:00,6.7,4.56,4.56,2.07,chiefgroup,-0.044776119402985,-0.0194029850746268,-0.208955223880597,-0.1253731343283581,True,-0.1552238805970149
01965,1965.HK,朗詩綠色生活,2021-07-08,2021-07-07,2021-07-07,地产/建筑,地产建筑业,hsics,-0.030086426540909,-0.0285170481748965,-0.0361089172771577,-0.07282969863615,-0.0545784826793885,-0.0845371921025098,0.0084168346476797,17.326,123011853.53485005,0.1,0.04,0.0289645988236599,1.33,-0.1899999999999999,-0.1004560744402239,-165.4177,481.3814999999999,HSCIPC.HI,恒生综合行业指数-地产建筑业,-0.0216623028371215,-0.043469442774921,-0.0697878031297956,-0.0149523946000245,hsics,-0.0608196642882783,0.067391304347826,HSCIPC.HI,-0.0216623028371215,-0.043469442774921,-0.0697878031297956,-0.0149523946000245,,33.0,-0.0131379210407625,0.5454545454545454,11.0,18.0,0.0886123015775121,0.180907824263426,0.0381551714550969,0.3333333333333333,-0.2085234314218041,1,2026-04-29 18:30:05,3.18,8.01,8.01,1.25,chiefgroup,-0.25,-0.4566666666666667,-0.47,-0.4533333333333334,True,-0.2955555555555555
02015,2015.HK,理想汽車－Ｗ,2021-08-12,2021-08-11,2021-08-11,消费/零售,非必需性消费,hsics,0.008839973435806,-0.0405686593880836,-0.0676247761316173,-0.005644808583841,-0.1104497388999891,-0.0984268985672761,0.0183212166622552,21.890000000000004,155129111.54125002,0.1,0.0,0.0059543141712676,1.35,0.08,0.1764256341328551,-275.45930000000004,-176.83679999999998,HSCICD.HI,恒生综合行业指数-非必需性消费,-0.0087956924517575,-0.0239030047542538,0.0382488502324556,0.0166656546338297,hsics,0.1688154494372433,0.0529327610872675,HSCICD.HI,-0.0087956924517575,-0.0239030047542538,0.0382488502324556,0.0166656546338297,,33.0,-0.0191307536276863,0.696969696969697,11.0,31.0,0.0095219046332651,0.0438722910617844,0.0510843172161035,0.5185185185185185,-0.1783581532488582,10,2026-06-18 22:18:00,118.0,5.5,5.5,7.9,chiefgroup,-0.0084745762711864,-0.0771186440677965,-0.0177966101694914,-0.0067796610169491,True,-0.105982905982906
02137,2137.HK,騰盛博藥－Ｂ,2021-07-13,2021-07-12,2021-07-12,生物科技/医药,医疗保健业,hsics,-0.0223234494643522,-0.0460052707619027,-0.0344598162980638,-0.0256788279334404,-0.0570975396434008,-0.086499944685357,0.0107319219343916,18.842,130810819.2621,0.1,0.04,0.019113910065186,1.38,-0.1,0.0005031470729193,-174.46450000000002,375.36750000000006,HSCIH.HI,恒生综合行业指数-医疗保健业,-0.0265702564263237,-0.0280026696521481,0.1611889496469458,0.0180026011097546,hsics,0.1416787191654596,0.0962566844919786,HSCIH.HI,-0.0265702564263237,-0.0280026696521481,0.1611889496469458,0.0180026011097546,,27.0,0.0219040923492268,0.5925925925925926,16.0,22.0,0.010643780065884,0.0626312067119691,-0.0634034468653667,0.5,-0.2166033194723615,9,2026-02-24 11:07:15,22.25,292.0,292.0,12.0,chiefgroup,0.0724299065420561,-0.0280373831775699,0.8644859813084113,0.3457943925233646,False,-0.0991902834008097
02150,2150.HK,奈雪的茶,2021-06-30,2021-06-29,2021-06-29,消费/零售,非必需性消费,hsics,0.0241732886467422,-0.0054096145006483,0.0145779021957832,0.0497706800747033,0.0119318637521823,0.0025341306941537,0.0081917496023949,16.676000000000002,123068692.8029,0.1,0.05,0.0249304396215916,1.49,-0.01,-0.035234156359161,44.982500000000016,472.258,HSCICD.HI,恒生综合行业指数-非必需性消费,0.0310133784119164,0.0429913714084051,0.1049877921171957,0.0484009859090535,hsics,-0.0243641531938163,0.0997109826589595,HSCICD.HI,0.0310133784119164,0.0429913714084051,0.1049877921171957,0.0484009859090535,,33.0,-0.0133195227043514,0.6363636363636364,6.0,12.0,0.0883535697403257,0.2579943873678075,0.0241099606845155,0.3333333333333333,-0.1852202897598035,10,2026-07-15 09:07:00,19.8,432.03,432.03,18.18,chiefgroup,-0.0922587486744431,-0.1505832449628844,-0.3913043478260869,-0.3191940615058325,True,-0.4655373831775701
02155,2155.HK,森松國際,2021-06-28,2021-06-27,2021-06-27,工业/制造,工业,hsics,0.0169072405487675,0.0060117060302542,0.03358891716423,0.024147386354451,0.0137557423300196,0.0137208031353395,0.0079032616372036,17.418,126264995.14235,0.1,0.05,0.0201111111111111,1.54,-0.03,0.0218736021824228,32.96940000000002,593.2628000000001,HSCIIN.HI,恒生综合行业指数-工业,0.0184345973544173,0.0466434196680931,0.1266584042747718,0.0406317136378389,hsics,0.0405478824101839,0.0911330049261083,HSCIIN.HI,0.0184345973544173,0.0466434196680931,0.1266584042747718,0.0406317136378389,,11.0,-0.0270258909752169,0.5454545454545454,4.0,13.0,-0.0116448706677847,0.0174185590012875,-0.0743029999720772,0.5,-0.1744875226511396,8,2026-02-12 16:43:42,2.48,23.71,23.71,2.36,chiefgroup,0.7943548387096775,1.7983870967741942,0.8528225806451613,0.9112903225806452,False,-0.2598639455782312
02160,2160.HK,心通醫療－Ｂ,2021-02-04,2021-02-03,2021-02-03,生物科技/医药,医疗保健业,hsics,0.0003389364222854,0.0583252384236774,0.1142893859965294,0.0324223852002449,0.1760964504738895,0.2062771988720768,0.0146409890512605,,212423663.60285,0.08,-0.0099999999999999,0.0188995750391411,1.15,0.0,0.6749132406471419,3201.0046,769.2154,HSCIH.HI,恒生综合行业指数-医疗保健业,0.0387027311552679,0.1515701324038669,0.2979320076895708,0.0932448939801895,hsics,0.2794845674651298,0.1590909090909091,HSCIH.HI,0.0387027311552679,0.1515701324038669,0.2979320076895708,0.0932448939801895,,25.0,-0.0051759634410435,0.6,14.0,42.0,-0.0220845956320982,-0.0052065728704356,0.0153675882344331,0.65625,-0.20907670275786,7,2026-03-31 14:11:29,12.2,769.0,769.0,54.0,chiefgroup,-0.1246511627906976,-0.093953488372093,-0.28,-0.2520930232558139,True,-0.2324074074074075
02161,2161.HK,健倍苗苗,2021-02-05,2021-02-04,2021-02-04,生物科技/医药,医疗保健业,hsics,0.0197098011717371,0.0568081334314873,0.1100591833295332,0.0559582540265106,0.1781391168750781,0.2431164544433754,0.0146860817966222,,212472381.78755,0.08,-0.0099999999999999,0.0191472781921406,1.15,0.0399999999999998,0.6215151023658962,3085.5069000000003,892.6106,HSCIH.HI,恒生综合行业指数-医疗保健业,0.0708152308637057,0.157484990165152,0.3178507101482752,0.1006768567336646,hsics,0.3676765244468953,0.1242937853107344,HSCIH.HI,0.0708152308637057,0.157484990165152,0.3178507101482752,0.1006768567336646,,26.0,-0.0097711634160302,0.6153846153846154,15.0,43.0,-0.025192673424783,-0.0078958733401828,0.0064170552576321,0.6666666666666666,-0.2097836938078462,1,2026-07-18 12:17:04,1.2,22.47,22.47,,chiefgroup,0.4594594594594596,0.6216216216216216,-0.0472972972972973,0.108108108108108,False,-0.4666666666666667
02162,2162.HK,康諾亞－Ｂ,2021-07-08,2021-07-07,2021-07-07,生物科技/医药,医疗保健业,hsics,-0.030086426540909,-0.0285170481748965,-0.0361089172771577,-0.07282969863615,-0.0545784826793885,-0.0845371921025098,0.0084168346476797,17.326,123011853.53485005,0.1,0.04,0.0289645988236599,1.33,-0.1899999999999999,-0.1004560744402239,-165.4177,481.3814999999999,HSCIH.HI,恒生综合行业指数-医疗保健业,-0.058270658420495,0.0013543636117945,0.1130052398792464,0.029871411786691,hsics,0.0947061044721513,0.1075268817204301,HSCIH.HI,-0.058270658420495,0.0013543636117945,0.1130052398792464,0.029871411786691,,29.0,0.0238609542677566,0.5862068965517241,11.0,18.0,0.0886123015775121,0.180907824263426,0.0381551714550969,0.3333333333333333,-0.2085234314218041,10,2026-07-15 15:39:21,53.3,429.97,429.97,21.9,chiefgroup,-0.1282051282051282,-0.1256410256410256,-0.1538461538461538,-0.3653846153846153,True,-0.1934798015591778
02165,2165.HK,領悅服務集團,2021-07-12,2021-07-11,2021-07-11,地产/建筑,地产建筑业,hsics,-0.0341174733543337,-0.048517548352615,-0.0389670364892904,-0.0586526278445086,-0.0680624528824938,-0.075797288404627,0.0106368810687619,18.748,129963075.1569,0.1,0.04,0.0227651304830649,1.37,-0.1299999999999999,-0.0128288900262055,-184.94430000000003,489.7668000000001,HSCIPC.HI,恒生综合行业指数-地产建筑业,-0.0347723231621329,-0.0730843868295998,-0.0708230554892909,-0.0245668384769848,hsics,-0.0648401775203176,0.0455531453362256,HSCIPC.HI,-0.0347723231621329,-0.0730843868295998,-0.0708230554892909,-0.0245668384769848,,32.0,-0.0331946832240744,0.59375,14.0,20.0,0.0370741946176671,0.0977021591216823,-0.0280519295048901,0.4444444444444444,-0.2157101545666122,9,2026-03-09 17:09:58,4.19,5.23,5.23,1.2,chiefgroup,-0.1942307692307692,-0.1942307692307692,-0.1788461538461539,-0.1942307692307692,True,-0.0023809523809523
02170,2170.HK,貝康醫療－Ｂ,2021-02-08,2021-02-07,2021-02-07,生物科技/医药,医疗保健业,hsics,0.0355317601545199,0.0505936175265135,0.1191965571977631,0.0467028064427539,0.1349706615745418,0.3120673396343685,0.0145517007222725,,210715306.67175,0.08,-0.0099999999999999,0.0102142777839457,1.19,0.0799999999999998,0.5361205175452575,3032.5696000000003,1022.866,HSCIH.HI,恒生综合行业指数-医疗保健业,0.0712050466194007,0.1450213943943481,0.2969948157254478,0.0944277768678345,hsics,0.3783139829021871,0.1179775280898876,HSCIH.HI,0.0712050466194007,0.1450213943943481,0.2969948157254478,0.0944277768678345,,27.0,0.0076077485423212,0.5925925925925926,15.0,43.0,-0.0071263548731315,0.0203713745527777,-0.0097301447154653,0.6451612903225806,-0.2221175820706719,5,2026-02-26 20:20:07,27.36,402.8,402.8,21.8,chiefgroup,-0.0766666666666666,0.0666666666666666,-0.368,-0.085,True,-0.4240963855421686
02171,2171.HK,科濟藥業－Ｂ,2021-06-18,2021-06-17,2021-06-17,生物科技/医药,医疗保健业,hsics,-0.0064030327078629,-0.0012317351202935,-0.0288083406901786,-0.0088521328785801,0.0107231164193004,-0.0893015825815752,0.0067001682708324,16.682,129557136.24935,0.1,0.04,0.0191838545131957,1.52,-0.06,0.1100049733544634,140.3466,628.6878999999999,HSCIH.HI,恒生综合行业指数-医疗保健业,-0.0286103516477949,0.0200280704261979,0.1229506691960031,0.0212598055464914,hsics,0.2576124481534896,0.1153846153846153,HSCIH.HI,-0.0286103516477949,0.0200280704261979,0.1229506691960031,0.0212598055464914,,26.0,0.004961989559111,0.6538461538461539,4.0,14.0,-0.0263375149689244,0.0059177340799123,-0.0770251324982252,0.5714285714285714,-0.1803022782275669,10,2026-06-22 16:53:00,32.8,434.57,434.57,8.2,chiefgroup,0.1090573012939001,0.1756007393715342,0.1478743068391866,0.5009242144177449,False,-0.104874446085672
02175,2175.HK,中國通才教育,2021-07-16,2021-07-15,2021-07-15,消费/零售,非必需性消费,hsics,0.0310513005314672,-0.0196900477229442,-0.0336019932543335,0.0463358271942835,-0.0216354411563761,-0.0820881842329437,0.0115168619062415,17.784,132271747.17915,0.1,0.04,0.0073985420520075,1.31,-0.2299999999999999,0.0246216979961506,-150.26010000000002,189.5993,HSCICD.HI,恒生综合行业指数-非必需性消费,0.0161643305991039,0.0104058643037323,0.027743984860773,0.0300959120266766,hsics,0.0255011863985583,0.0687679083094555,HSCICD.HI,0.0161643305991039,0.0104058643037323,0.027743984860773,0.0300959120266766,,33.0,-0.024804605529778,0.7272727272727273,21.0,27.0,0.0080207234055218,0.0566357343448999,0.0090064908408016,0.48,-0.2008937565544691,2,2026-03-06 20:20:15,3.69,4.12,4.12,1.47,chiefgroup,0.1215805471124619,0.1306990881458967,0.3556231003039513,0.2006079027355623,False,-0.1149674620390456
02177,2177.HK,優趣匯控股,2021-07-12,2021-07-11,2021-07-11,消费/零售,非必需性消费,hsics,-0.0341174733543337,-0.048517548352615,-0.0389670364892904,-0.0586526278445086,-0.0680624528824938,-0.075797288404627,0.0106368810687619,18.748,129963075.1569,0.1,0.04,0.0227651304830649,1.37,-0.1299999999999999,-0.0128288900262055,-184.94430000000003,489.7668000000001,HSCICD.HI,恒生综合行业指数-非必需性消费,-0.014447723007106,0.0066044686263897,0.0570483577784566,0.0551220169790047,hsics,-0.0570520789201448,0.0705035971223021,HSCICD.HI,-0.014447723007106,0.0066044686263897,0.0570483577784566,0.0551220169790047,,32.0,-0.0090186861744082,0.6875,14.0,20.0,0.0370741946176671,0.0977021591216823,-0.0280519295048901,0.4444444444444444,-0.2157101545666122,2,2026-03-30 22:43:00,11.86,25.45,25.45,1.83,chiefgroup,-0.2602291325695582,-0.311783960720131,-0.5842880523731587,-0.572013093289689,True,-0.4469026548672565
02185,2185.HK,百心安－Ｂ,2021-12-23,2021-12-22,2021-12-22,生物科技/医药,医疗保健业,hsics,-0.0135960575147858,-0.0641336006967652,-0.0462072188638706,-0.0190063051537724,-0.0964486129672834,-0.0770573060672946,0.012841411376049,21.516,109048306.50505,0.08,0.0,-0.0039239983477902,1.46,0.02,0.0821184219738697,525.2928,-89.61150000000002,HSCIH.HI,恒生综合行业指数-医疗保健业,0.0141040577669508,-0.1337693646325044,-0.2372287880633945,-0.0696357639357392,hsics,0.1353680654538487,0.0392156862745098,HSCIH.HI,0.0141040577669508,-0.1337693646325044,-0.2372287880633945,-0.0696357639357392,,32.0,0.0176349106781049,0.5,10.0,24.0,-0.0216414824062251,-0.0534479722818918,-0.0964434875291824,0.6666666666666666,-0.1951623038139405,6,2026-03-16 17:12:55,21.25,1.52,1.52,1.16,chiefgroup,0.0646186440677967,0.4327330508474577,0.5307203389830508,1.253707627118644,False,-0.2510013351134846
02187,2187.HK,智欣集團控股,2021-03-26,2021-03-25,2021-03-25,地产/建筑,地产建筑业,hsics,-0.051218266378106,-0.0723065673965398,0.0590860604864271,-0.084313298364631,-0.163422588053437,0.0191154701646276,0.0160990711383315,21.162,172547464.60935003,0.07,0.0,0.0295976055869637,1.63,0.0699999999999998,-0.1166039818071394,-318.14209999999997,2078.5601000000006,HSCIPC.HI,恒生综合行业指数-地产建筑业,-0.0289383891573111,-0.0365145087638208,0.1047832577653711,0.0357920586327189,hsics,0.1030380519729092,0.0463576158940397,HSCIPC.HI,-0.0289383891573111,-0.0365145087638208,0.1047832577653711,0.0357920586327189,,33.0,0.0084646806916176,0.5757575757575758,6.0,31.0,-0.0175300122232679,-0.0197938176593714,-0.175972928132432,0.6923076923076923,-0.2544035200333953,8,2026-02-25 16:51:28,1.5,25.24,25.24,,chiefgroup,-0.2689655172413792,-0.2758620689655172,-0.206896551724138,-0.1448275862068965,True,-0.0756302521008401
02190,2190.HK,歸創通橋－Ｂ,2021-07-05,2021-07-04,2021-07-04,生物科技/医药,医疗保健业,hsics,-0.0333854361924351,-0.0226337540905674,-0.0217120717764492,-0.0183289053404579,-0.0416145523430195,-0.0790278238059007,0.0083584316227028,16.512000000000004,123647370.9853,0.1,0.04,0.0193370165745856,1.44,-0.07,-0.072978290504118,-79.817,503.8394,HSCIH.HI,恒生综合行业指数-医疗保健业,-0.0328510884112512,0.0224942754315771,0.1654518520305374,0.0451280295221445,hsics,0.0211771458269378,0.0760869565217391,HSCIH.HI,-0.0328510884112512,0.0224942754315771,0.1654518520305374,0.0451280295221445,,27.0,0.0100322186522432,0.6296296296296297,8.0,15.0,0.0771619913637875,0.1971630890226856,0.0325442529191597,0.3333333333333333,-0.1995395607886156,10,2026-06-22 22:35:00,42.7,1190.37,1190.37,22.5,chiefgroup,0.0909090909090909,0.0054545454545454,-0.1527272727272727,-0.209090909090909,False,-0.295
02191,2191.HK,順豐房託,2021-05-17,2021-05-16,2021-05-16,地产/建筑,地产建筑业,hsics,-0.020379823597157,-0.0164815903288914,-0.0440628701678441,-0.048965281426858,-0.0810021221725116,-0.2926099705648042,0.0106445322958169,18.422,120058236.2922,0.06,-0.01,-0.0166594076655052,1.63,0.0499999999999998,-0.152947533942569,487.4277,183.9255,HSCIPC.HI,恒生综合行业指数-地产建筑业,-0.0352958926911415,-0.0266454524472468,0.0670216030275461,-0.0101638621183554,hsics,-0.3491431775175859,0.0549450549450549,HSCIPC.HI,-0.0352958926911415,-0.0266454524472468,0.0670216030275461,-0.0101638621183554,,30.0,-0.0189669893576813,0.6,2.0,16.0,-0.0720775220767303,-0.095345147340075,-0.0327676425150588,0.7777777777777778,-0.1506167711038603,3,2026-03-12 20:44:10,4.98,5.0,5.0,3.0,chiefgroup,-0.0734966592427617,0.0244988864142537,0.0,-0.0289532293986636,True,-0.0831556503198295
02192,2192.HK,醫脈通,2021-07-15,2021-07-14,2021-07-14,生物科技/医药,医疗保健业,hsics,-0.0061929957204096,-0.0228358706522947,-0.0349277640437966,0.0083892595383605,-0.0368621106340645,-0.0685812784783523,0.0114143177495722,18.64,131864783.49359998,0.1,0.04,0.0106126914660831,1.37,-0.1199999999999998,0.0207411856242447,-176.83679999999998,300.51990000000006,HSCIH.HI,恒生综合行业指数-医疗保健业,0.0230981694181782,0.0555969488435497,0.1684885806011902,0.0784328194958444,hsics,0.1433953869625901,0.0904255319148936,HSCIH.HI,0.0230981694181782,0.0555969488435497,0.1684885806011902,0.0784328194958444,,27.0,0.0271507840445166,0.5555555555555556,18.0,24.0,0.0088931970657247,0.0434373288100197,-0.0174042409466595,0.5,-0.2103739259008062,3,2026-03-26 17:33:00,27.2,592.41,592.41,31.2,chiefgroup,0.0726643598615917,0.0467128027681661,0.2664359861591696,0.2906574394463667,False,-0.1241935483870968
02195,2195.HK,盈滙企業控股,2021-03-31,2021-03-30,2021-03-30,地产/建筑,地产建筑业,hsics,0.0028114865296389,-0.0178155930087647,0.0859928488449199,-0.0138751262744984,-0.1164043167037337,-0.0291458479212902,0.0140576265625653,20.252,163200253.29835,0.07,0.0,0.0278757161745262,1.73,0.1999999999999999,-0.163540797286803,-122.653,1526.1116999999997,HSCIPC.HI,恒生综合行业指数-地产建筑业,0.0334004280348108,0.0499239957109201,0.1703606331880152,0.0677395887196848,hsics,0.0320123548835595,0.1211453744493392,HSCIPC.HI,0.0334004280348108,0.0499239957109201,0.1703606331880152,0.0677395887196848,,34.0,0.000304968987706,0.5882352941176471,7.0,28.0,-0.0280920255276193,-0.025389190862153,-0.1505227085780339,0.6428571428571429,-0.2359040964240324,1,2026-02-25 09:32:38,0.56,21.65,21.65,1.08,chiefgroup,-0.175,-0.2500000000000001,0.1749999999999998,0.0624999999999999,True,-0.1222222222222222
02197,2197.HK,三葉草生物－Ｂ,2021-11-05,2021-11-04,2021-11-04,生物科技/医药,医疗保健业,hsics,-0.0129340856238503,0.0264306443290998,-0.0370160970756814,-0.0108375885922338,0.0705430839634002,-0.0480476892983531,0.0097562725680539,19.821999999999996,106559682.4662,0.08,0.0,0.0007426267769996,1.53,-0.06,-0.0943587130281856,182.4904999999999,-61.56340000000004,HSCIH.HI,恒生综合行业指数-医疗保健业,-0.0579138659872316,-0.1393304227820208,-0.2279549544535352,-0.1657610671111206,hsics,-0.1383516302619951,0.0355329949238578,HSCIH.HI,-0.0579138659872316,-0.1393304227820208,-0.2279549544535352,-0.1657610671111206,,30.0,0.0283896095599881,0.5,5.0,13.0,0.0244889178393919,0.0276910301406137,-0.0268697187180514,0.2222222222222222,-0.1789267233741847,8,2026-03-22 20:36:00,13.38,4.4,4.4,3.21,chiefgroup,-0.0298953662182362,-0.2257100149476832,-0.125560538116592,-0.109118086696562,True,-0.2996918335901387
02205,2205.HK,康橋悅生活,2021-07-16,2021-07-15,2021-07-15,地产/建筑,地产建筑业,hsics,0.0310513005314672,-0.0196900477229442,-0.0336019932543335,0.0463358271942835,-0.0216354411563761,-0.0820881842329437,0.0115168619062415,17.784,132271747.17915,0.1,0.04,0.0073985420520075,1.31,-0.2299999999999999,0.0246216979961506,-150.26010000000002,189.5993,HSCIPC.HI,恒生综合行业指数-地产建筑业,0.0122379785354964,-0.031242048406154,-0.0746810983547778,-0.0115520006832098,hsics,-0.1127748072383822,0.0691144708423326,HSCIPC.HI,0.0122379785354964,-0.031242048406154,-0.0746810983547778,-0.0115520006832098,,33.0,-0.0379974576708807,0.5757575757575758,21.0,27.0,0.0080207234055218,0.0566357343448999,0.0090064908408016,0.48,-0.2008937565544691,7,2026-03-31 06:43:21,3.68,23.72,23.72,1.55,chiefgroup,-0.0108695652173913,-0.0108695652173913,-0.0217391304347826,-0.0054347826086956,True,-0.0357142857142858
02207,2207.HK,融信服務,2021-07-16,2021-07-15,2021-07-15,其他,,fallback,0.0310513005314672,-0.0196900477229442,-0.0336019932543335,0.0463358271942835,-0.0216354411563761,-0.0820881842329437,0.0115168619062415,17.784,132271747.17915,0.1,0.04,0.0073985420520075,1.31,-0.2299999999999999,0.0246216979961506,-150.26010000000002,189.5993,,,,,,,,,,,,,,,,11.0,-0.0442575565497428,0.4545454545454545,21.0,27.0,0.0080207234055218,0.0566357343448999,0.0090064908408016,0.48,-0.2008937565544691,10,2026-07-27 11:39:12,,,,,,0.0144927536231884,0.0144927536231884,0.0082815734989648,0.1449275362318841,False,-0.0061224489795919
02209,2209.HK,喆麗控股,2021-07-09,2021-07-08,2021-07-08,消费/零售,非必需性消费,hsics,-0.0580970898034719,-0.0553011328469246,-0.0538583494780269,-0.1021891097522246,-0.0825747618409199,-0.1037419670726482,0.0104190639300706,18.356,126805898.34950002,0.1,0.04,0.0249639409741484,1.3,-0.1499999999999999,-0.0587507413786659,-207.2027,528.3832,HSCICD.HI,恒生综合行业指数-非必需性消费,-0.0461068792656773,-0.0028675865154421,0.0278797185779748,0.0524335463314824,hsics,-0.1085329747496782,0.0533141210374639,HSCICD.HI,-0.0461068792656773,-0.0028675865154421,0.0278797185779748,0.0524335463314824,,33.0,0.0036738306348168,0.6363636363636364,13.0,19.0,0.0559399644386796,0.1253711571555117,-0.0030305048246882,0.4117647058823529,-0.2127580487318703,1,2026-07-27 09:46:37,3.28,145.3,145.3,3.2,chiefgroup,-0.2836438923395445,-0.3726708074534162,-0.453416149068323,-0.7039337474120083,True,-0.2658959537572254
02210,2210.HK,京城佳業,2021-11-10,2021-11-09,2021-11-09,地产/建筑,地产建筑业,hsics,-0.0114160863469519,-0.0059873594847329,-0.0521887438214779,-0.0146429236324198,0.0024296179738265,-0.0877962167994981,0.0084607715563852,20.046,105697905.30275002,0.08,0.0,-0.0058188743123148,1.46,-0.1899999999999999,-0.0699108877010834,60.9616,29.20189999999997,HSCIPC.HI,恒生综合行业指数-地产建筑业,-0.0143615629566759,-0.0705458987636564,-0.1026750830062948,-0.0645585392789235,hsics,-0.2444158223067223,0.0451612903225806,HSCIPC.HI,-0.0143615629566759,-0.0705458987636564,-0.1026750830062948,-0.0645585392789235,,25.0,-0.0654937660104241,0.68,7.0,16.0,0.007292708193315,-0.0054699585169075,-0.0565460111492592,0.3636363636363636,-0.1882855766007549,6,2026-03-06 17:12:18,8.28,2.88,2.88,1.41,chiefgroup,-0.002415458937198,-0.0929951690821255,-0.2282608695652173,-0.4045893719806763,True,-0.1847826086956521
02215,2215.HK,德信服務集團,2021-07-15,2021-07-14,2021-07-14,地产/建筑,地产建筑业,hsics,-0.0061929957204096,-0.0228358706522947,-0.0349277640437966,0.0083892595383605,-0.0368621106340645,-0.0685812784783523,0.0114143177495722,18.64,131864783.49359998,0.1,0.04,0.0106126914660831,1.37,-0.1199999999999998,0.0207411856242447,-176.83679999999998,300.51990000000006,HSCIPC.HI,恒生综合行业指数-地产建筑业,-0.0243165809914875,-0.0520468791217072,-0.0871685697696923,-0.0292110084694124,hsics,-0.1081687945004115,0.0627705627705627,HSCIPC.HI,-0.0243165809914875,-0.0520468791217072,-0.0871685697696923,-0.0292110084694124,,33.0,-0.0380745646182167,0.6060606060606061,18.0,24.0,0.0088931970657247,0.0434373288100197,-0.0174042409466595,0.5,-0.2103739259008062,7,2026-03-18 21:26:55,3.06,3.08,3.08,1.31,chiefgroup,0.0,0.0,0.111111111111111,0.1143790849673202,False,-0.0032573289902279
02216,2216.HK,堃博醫療－Ｂ,2021-09-24,2021-09-23,2021-09-23,生物科技/医药,医疗保健业,hsics,-0.0388691498743443,-0.04730036473994,-0.1546218023666883,0.0003811298442832,-0.024536417509601,-0.2317459069265519,0.0131948649228258,26.882,130814863.51720002,0.08,-0.0099999999999999,0.0023686477174849,1.41,0.0799999999999998,-0.0597305101083825,-154.66260000000003,-319.6112,HSCIH.HI,恒生综合行业指数-医疗保健业,-0.006920564840834,-0.0154439638324078,-0.2367522922076553,0.0318564009075321,hsics,-0.1773655049833086,0.03125,HSCIH.HI,-0.006920564840834,-0.0154439638324078,-0.2367522922076553,0.0318564009075321,,30.0,0.0217422163572631,0.5666666666666667,1.0,29.0,-0.0098538733009586,-0.0413891468287612,-0.1195433015316962,0.6,-0.1624523711564838,2,2026-04-25 18:19:51,18.7,11.13,11.13,4.1,chiefgroup,-0.1666666666666666,-0.25,-0.3866666666666667,-0.5466666666666666,True,-0.2781456953642384
02217,2217.HK,譚仔國際,2021-10-07,2021-10-06,2021-10-06,其他,,fallback,0.0026380014181399,-0.0503632483338801,-0.124576548310361,-0.0586370840546968,-0.1345933804797742,-0.2193195637563795,0.0132619107109651,26.115999999999996,115249176.9187,0.08,0.0,0.0173772261198057,1.53,0.1899999999999999,-0.1396051654540591,-1.896700000000017,-210.8669,,,,,,,,,,,,,,,,10.0,-0.0092396743766019,0.3,4.0,22.0,-0.0207780618387401,-0.0404235052295142,-0.1722546275598742,0.5,-0.2014406219236352,0,,,,,,,0.0266666666666666,-0.1266666666666666,0.21,0.0866666666666666,False,-0.1753246753246753
02219,2219.HK,朝聚眼科,2021-07-07,2021-07-06,2021-07-06,生物科技/医药,医疗保健业,hsics,-0.0317733607871946,-0.0248172109348294,-0.0209919511208447,-0.0760805936618413,-0.0554248953757826,-0.095904404175401,0.0083982069707208,16.97,122512769.35425,0.1,0.04,0.028450766837075,1.37,-0.1999999999999999,-0.1056042239767753,-197.6905,492.4562,HSCIH.HI,恒生综合行业指数-医疗保健业,-0.0905384057119108,-0.030316942405696,0.0979256097703016,-0.0054997314708665,hsics,0.0776167766460524,0.0918918918918919,HSCIH.HI,-0.0905384057119108,-0.030316942405696,0.0979256097703016,-0.0054997314708665,,28.0,0.012920678375702,0.6071428571428571,9.0,16.0,0.0782194605595801,0.1824162779789825,0.0182925971002034,0.3076923076923077,-0.2068826714971837,10,2026-07-15 09:07:00,10.6,113.97,113.97,17.83,chiefgroup,0.330188679245283,0.4433962264150945,0.3,-0.1415094339622641,False,-0.2490931076178959
02235,2235.HK,微泰醫療－Ｂ,2021-10-19,2021-10-18,2021-10-18,生物科技/医药,医疗保健业,hsics,0.0033429298770508,-0.0119089282936692,-0.0923880216900322,0.0246644511398859,-0.0273870334973196,-0.1380951380229096,0.013796428312684,22.926,113477435.7938,0.08,0.0,0.0156739811912225,1.59,0.05,-0.1594491127836991,249.3111,-139.72550000000007,HSCIH.HI,恒生综合行业指数-医疗保健业,-0.0020508118207611,-0.0576383338167019,-0.240466172443732,-0.0457294055230326,hsics,-0.215099625173882,0.0307692307692307,HSCIH.HI,-0.0020508118207611,-0.0576383338167019,-0.240466172443732,-0.0457294055230326,,30.0,0.0206245376049633,0.5333333333333333,5.0,10.0,-0.0037486798920784,-0.0384874879854013,-0.1299677152064639,0.3333333333333333,-0.20103085107318,10,2026-07-09 09:24:00,30.5,6.79,6.79,4.9,chiefgroup,-0.0161290322580645,-0.014516129032258,-0.0806451612903225,-0.3370967741935484,True,-0.0959349593495935
02250,2250.HK,德盈控股,2022-01-17,2022-01-16,2022-01-16,消费/零售,非必需性消费,hsics,0.0378804582397254,0.0386709548252433,-0.0628118810663425,0.0481729610935364,-0.0091186966859921,-0.1306670925863859,0.0112308837353682,18.484,88205543.08365,0.08,0.0,-0.0086467340347953,1.78,0.3,-0.2052494552272862,504.3472,205.91010000000003,HSCICD.HI,恒生综合行业指数-非必需性消费,0.0350245023276498,-0.0397184767486762,-0.0812426930921568,-0.0783894315739195,hsics,-0.3047447729543855,0.051063829787234,HSCICD.HI,0.0350245023276498,-0.0397184767486762,-0.0812426930921568,-0.0783894315739195,,21.0,-0.0462536218591793,0.7619047619047619,6.0,25.0,-0.001595162300792,0.055283029427775,0.0207789927337464,0.5625,-0.1780188347987231,8,2026-02-25 18:20:43,2.05,7.31,7.31,1.24,chiefgroup,-0.0807692307692307,-0.1923076923076923,-0.2,-0.2923076923076923,True,-0.3514644351464435
02251,2251.HK,鷹瞳科技－Ｂ,2021-11-05,2021-11-04,2021-11-04,生物科技/医药,医疗保健业,hsics,-0.0129340856238503,0.0264306443290998,-0.0370160970756814,-0.0108375885922338,0.0705430839634002,-0.0480476892983531,0.0097562725680539,19.821999999999996,106559682.4662,0.08,0.0,0.0007426267769996,1.53,-0.06,-0.0943587130281856,182.4904999999999,-61.56340000000004,HSCIH.HI,恒生综合行业指数-医疗保健业,-0.0579138659872316,-0.1393304227820208,-0.2279549544535352,-0.1657610671111206,hsics,-0.1383516302619951,0.0355329949238578,HSCIH.HI,-0.0579138659872316,-0.1393304227820208,-0.2279549544535352,-0.1657610671111206,,30.0,0.0283896095599881,0.5,5.0,13.0,0.0244889178393919,0.0276910301406137,-0.0268697187180514,0.2222222222222222,-0.1789267233741847,10,2026-07-02 09:11:00,75.1,6.18,6.18,2.9,chiefgroup,0.0059171597633136,-0.033284023668639,-0.0680473372781064,-0.5236686390532543,False,-0.0911764705882353
02252,2252.HK,微創機器人－Ｂ,2021-11-02,2021-11-01,2021-11-01,生物科技/医药,医疗保健业,hsics,-0.0374142383886747,0.039057730294546,-0.0441187870791615,-0.0689945163388449,0.016176242321424,-0.0623101456546993,0.0099791868087457,19.235999999999997,104265370.0231,0.08,0.0,0.0048169556840076,1.58,-0.01,-0.1812418118935573,208.8338,-177.36090000000007,HSCIH.HI,恒生综合行业指数-医疗保健业,-0.0818002416195546,-0.1123174317292822,-0.2086286178096079,-0.1513751620238282,hsics,-0.2328240611754175,0.0510204081632653,HSCIH.HI,-0.0818002416195546,-0.1123174317292822,-0.2086286178096079,-0.1513751620238282,,30.0,0.0201475092569672,0.5333333333333333,4.0,12.0,0.0064510819815592,-0.0333208040316891,-0.1032136340266604,0.25,-0.1847976964242881,10,2026-06-29 10:19:42,43.2,163.83,163.83,16.0,chiefgroup,0.1507537688442211,0.4547738693467338,0.5075376884422111,0.2537688442211056,False,-0.1378299120234605
02256,2256.HK,和譽－Ｂ,2021-10-13,2021-10-12,2021-10-12,生物科技/医药,医疗保健业,hsics,0.0188650058223562,-0.0362674836952682,-0.0871087975881108,0.0410614168689802,-0.0812952882450461,-0.1857807954717081,0.0145418868289423,24.47600000000001,112602384.20595,0.08,0.0,0.0259416042548572,1.59,0.27,-0.1717549367513402,137.6639,-89.25700000000006,HSCIH.HI,恒生综合行业指数-医疗保健业,-0.0678458709463287,-0.0826466097329412,-0.2197138554690324,-0.046379126037673,hsics,-0.2093493001457176,0.0309278350515463,HSCIH.HI,-0.0678458709463287,-0.0826466097329412,-0.2197138554690324,-0.046379126037673,,29.0,0.0179789998415702,0.5517241379310345,4.0,18.0,-0.0163854064715085,-0.0466170080543729,-0.1437800512886878,0.375,-0.2101083430913564,10,2026-06-24 09:23:27,12.46,5.64,5.64,4.65,chiefgroup,0.0973451327433628,0.0265486725663715,-0.0194690265486726,-0.2309734513274337,False,-0.128410914927769
02257,2257.HK,聖諾醫藥－Ｂ,2021-12-30,2021-12-29,2021-12-29,生物科技/医药,医疗保健业,hsics,-0.0006834808437071,-0.0241929893672238,-0.0639390191984106,-0.0250895420030988,-0.0923526192654574,-0.1031955804350537,0.0109800731459289,20.35,97317191.62295,0.08,0.0,-0.001353602665556,1.55,0.06,-0.0599161984561428,510.3547999999999,-45.88409999999998,HSCIH.HI,恒生综合行业指数-医疗保健业,-0.0356820756548471,-0.1519567427853314,-0.2542484653832265,-0.1277637534181076,hsics,0.0408395293807237,0.0439024390243902,HSCIH.HI,-0.0356820756548471,-0.1519567427853314,-0.2542484653832265,-0.1277637534181076,,32.0,0.0222858222525919,0.46875,11.0,22.0,-0.0168492531576683,-0.0264379154413723,-0.0616010527229472,0.6666666666666666,-0.1982644722194707,10,2026-02-24 11:07:15,65.9,5.68,5.68,1.22,chiefgroup,0.1820940819423368,0.2003034901365704,0.1062215477996965,0.1509863429438541,False,-0.2727272727272727
02260,2260.HK,環龍控股,2022-01-11,2022-01-10,2022-01-10,工业/制造,工业,hsics,0.0149104590328867,-0.0103843518760845,-0.062548754567533,-0.0026540730499593,-0.0678897045113101,-0.1097357206293941,0.0101352200113163,19.095999999999997,86995054.31334999,0.08,0.0,-0.0010411244143674,1.78,0.3,-0.2055924738441833,489.519,60.578500000000034,HSCIIN.HI,恒生综合行业指数-工业,-0.0276081946359092,-0.0509654394996441,0.0010904527844903,-0.0405810876235596,hsics,-0.2027243808222208,0.0804878048780487,HSCIIN.HI,-0.0276081946359092,-0.0509654394996441,0.0010904527844903,-0.0405810876235596,,8.0,0.0653388937178177,0.625,9.0,24.0,-0.0023073966269974,0.0647979059853721,0.0154066464497223,0.5333333333333333,-0.1942758328747919,3,2026-03-27 21:19:00,1.22,13.66,13.66,1.31,chiefgroup,-0.031496062992126,-0.031496062992126,-0.0393700787401575,-0.047244094488189,True,-0.0725806451612903
02265,2265.HK,鴻承環保科技,2021-11-12,2021-11-11,2021-11-11,工业/制造,工业,hsics,0.0009038584050309,0.0114331085035648,-0.0510279407132777,0.0139930187847423,0.0427081398443485,-0.0189710130359872,0.0089150657107323,20.202,104155711.54610002,0.08,0.0,0.0124494573313471,1.56,-0.0999999999999998,-0.075013266543282,6.843399999999981,137.6639,HSCIIN.HI,恒生综合行业指数-工业,0.0064930125404794,0.0336420958651861,-0.0901325710131687,0.0222089873616213,hsics,-0.0594870732843854,0.0661764705882353,HSCIIN.HI,0.0064930125404794,0.0336420958651861,-0.0901325710131687,0.0222089873616213,,6.0,0.1112413319746341,0.5,9.0,17.0,0.0034744315993264,-0.0306796541126721,-0.093881167249534,0.4615384615384615,-0.2006167488315972,3,2026-03-18 19:11:47,1.02,24.26,24.26,1.02,chiefgroup,-0.125,-0.0576923076923077,-0.1634615384615385,-0.1826923076923077,True,-0.2380952380952381
02270,2270.HK,德商產投服務,2021-12-17,2021-12-16,2021-12-16,地产/建筑,地产建筑业,hsics,-0.0321321170272679,-0.0728372983587496,-0.0794726578812911,-0.0460450017094095,-0.1007652561406428,-0.0976489852064088,0.0119045277701278,20.162,110985193.6105,0.08,0.0,0.0047100690810131,1.44,-0.04,0.1267063121021174,367.985,-92.19070000000002,HSCIPC.HI,恒生综合行业指数-地产建筑业,-0.0535476414663563,-0.0514387251730352,-0.1138600432831508,0.0213985731857143,hsics,0.0174668784773079,0.0579399141630901,HSCIPC.HI,-0.0535476414663563,-0.0514387251730352,-0.1138600432831508,0.0213985731857143,,20.0,-0.0712254417053505,0.7,9.0,23.0,-0.0170121557033526,-0.0517663652675621,-0.0981447241973758,0.6666666666666666,-0.1991715497887532,2,2026-03-26 09:43:00,1.11,1.37,1.37,1.17,chiefgroup,-0.0948275862068964,-0.0431034482758619,-0.0517241379310343,-0.0517241379310343,True,-0.0277777777777777
02273,2273.HK,固生堂,2021-12-10,2021-12-09,2021-12-09,生物科技/医药,医疗保健业,hsics,0.0195860007154589,-0.0393350124108889,-0.0796387442640729,0.0142250512078812,-0.0559003735366805,-0.0956083720170783,0.0122695339808632,22.452,110629148.40355,0.08,0.0,0.011245401996847,1.49,-0.05,0.0621515302555903,156.52650000000003,6.843399999999981,HSCIH.HI,恒生综合行业指数-医疗保健业,0.0303192470527939,-0.0120580374471698,-0.1537039574020627,0.0272769749637191,hsics,-0.0563860755307877,0.0402010050251256,HSCIH.HI,0.0303192470527939,-0.0120580374471698,-0.1537039574020627,0.0272769749637191,,29.0,0.019973126675204,0.5172413793103449,5.0,16.0,-0.002691455447604,-0.0322249708148253,-0.0896243290199862,0.6666666666666666,-0.1951992356803196,10,2026-06-17 21:07:00,29.0,2.84,2.84,4.4,chiefgroup,-0.1317365269461077,-0.2814371257485029,0.2215568862275448,0.0179640718562874,True,-0.1738382099827883
02276,2276.HK,康耐特光學,2021-12-16,2021-12-15,2021-12-15,生物科技/医药,医疗保健业,hsics,-0.0240077143394118,-0.0869127893558228,-0.0927042540407635,-0.0292769358275206,-0.1314153299317803,-0.07019013968804,0.0119839063839688,20.132,110124163.4773,0.08,0.0,0.0056367432150312,1.47,-0.1699999999999999,0.1032356255864319,322.5525,-81.66580000000003,HSCIH.HI,恒生综合行业指数-医疗保健业,-0.1064681646543128,-0.1953588517945723,-0.242373321375469,-0.1084460624387495,hsics,0.0177775698972231,0.0394088669950738,HSCIH.HI,-0.1064681646543128,-0.1953588517945723,-0.242373321375469,-0.1084460624387495,,32.0,0.0137377211889861,0.53125,7.0,21.0,-0.0242235671069192,-0.0626889666071513,-0.1019463958289509,0.75,-0.2081117679004336,10,2026-05-21 21:25:00,4.46,1.78,1.78,1.12,chiefgroup,0.0270880361173815,0.0112866817155757,-0.0451467268623023,0.0135440180586908,False,-0.0809628008752735
02279,2279.HK,雍禾醫療,2021-12-13,2021-12-12,2021-12-12,生物科技/医药,医疗保健业,hsics,0.0096365964297091,-0.0525999517529435,-0.0883407235230669,0.0185148239529533,-0.0807702998785722,-0.0848820745053828,0.0123570977006573,21.816,109509353.13305,0.08,0.0,0.0097771236333052,1.48,-0.1499999999999999,0.0724086185473349,205.91010000000003,-15.728600000000018,HSCIH.HI,恒生综合行业指数-医疗保健业,-0.0050441258219113,-0.0403493001834803,-0.1722781516031316,0.0122506515694631,hsics,-0.0439890208933169,0.0346534653465346,HSCIH.HI,-0.0050441258219113,-0.0403493001834803,-0.1722781516031316,0.0122506515694631,,31.0,0.0124615350213474,0.5483870967741935,5.0,19.0,-0.030532012068024,-0.0738120806049962,-0.0942899647303982,0.7857142857142857,-0.2001739564084702,10,2026-03-31 16:55:00,15.8,160.06,160.06,8.39,chiefgroup,0.0532994923857869,0.0139593908629442,-0.2284263959390863,-0.2829949238578679,False,-0.3537634408602151
02285,2285.HK,泉峰控股,2021-12-30,2021-12-29,2021-12-29,消费/零售,非必需性消费,hsics,-0.0006834808437071,-0.0241929893672238,-0.0639390191984106,-0.0250895420030988,-0.0923526192654574,-0.1031955804350537,0.0109800731459289,20.35,97317191.62295,0.08,0.0,-0.001353602665556,1.55,0.06,-0.0599161984561428,510.3547999999999,-45.88409999999998,HSCICD.HI,恒生综合行业指数-非必需性消费,-0.0132134096484055,-0.0869815203357005,-0.0192332697642163,-0.0627885309684767,hsics,-0.0926970091848157,0.0568181818181818,HSCICD.HI,-0.0132134096484055,-0.0869815203357005,-0.0192332697642163,-0.0627885309684767,,23.0,-0.0277870355649997,0.782608695652174,11.0,22.0,-0.0168492531576683,-0.0264379154413723,-0.0616010527229472,0.6666666666666666,-0.1982644722194707,10,2026-06-11 21:34:00,43.6,7.49,7.49,7.27,chiefgroup,0.0810810810810811,0.0772200772200772,0.1100386100386101,0.0463320463320464,False,-0.0859950859950859
02378,2378.HK,保誠,2021-08-23,2021-08-22,2021-08-22,金融,金融业,hsics,-0.0584238481760497,-0.090486121430438,-0.1464449115864968,-0.1053912679465257,-0.1889176515587207,-0.2697318958533087,0.018101315301148,23.516,157449921.4658,0.09,-0.01,0.005919707243569,1.26,0.06,0.2259259394459924,-312.96389999999997,-338.1348,HSCIFN.HI,恒生综合行业指数-金融业,-0.0163088681578059,-0.0247438418979378,-0.1155766199118799,0.0657422795325001,hsics,0.0758540872531741,0.0576923076923076,HSCIFN.HI,-0.0163088681578059,-0.0247438418979378,-0.1155766199118799,0.0657422795325001,,3.0,-0.1651074589127686,0.6666666666666666,2.0,32.0,0.0027445353148767,0.0291673873341944,0.0428858354915252,0.5769230769230769,-0.1861280259629684,10,2026-03-06 17:32:50,,1.43,,,chiefgroup,0.0306788511749348,0.0528720626631855,-0.0646214099216708,-0.0045691906005221,False,-0.0596385542490199
02518,2518.HK,汽車之家－Ｓ,2021-03-15,2021-03-14,2021-03-14,消费/零售,非必需性消费,hsics,-0.0123227172455838,-0.0187430775302949,0.0881892452989501,-0.0205913215090649,-0.1721337715240637,0.0403035622680318,0.0179786204243715,,203327165.3136,0.07,-0.0099999999999999,0.0074733487196396,1.64,0.2699999999999998,3.3373307709583244e-05,122.1839,3201.0046,HSCICD.HI,恒生综合行业指数-非必需性消费,0.0105584993953931,-0.0455994076371173,0.1404148153078941,-0.0268563301068224,hsics,-0.0434873874042383,0.0524781341107871,HSCICD.HI,0.0105584993953931,-0.0455994076371173,0.1404148153078941,-0.0268563301068224,,34.0,-0.0148534241505393,0.6176470588235294,5.0,33.0,0.0137699909551453,-0.0345606516791479,-0.1786570162746466,0.5882352941176471,-0.290299470283071,10,2026-05-28 18:40:00,176.3,10.71,10.71,4.0,chiefgroup,-0.005524861878453,0.078453038674033,0.0165745856353591,-0.2248618784530386,True,-0.0900809716599189
02618,2618.HK,京東物流,2021-05-28,2021-05-27,2021-05-27,工业/制造,工业,hsics,0.0233006412236922,0.0055390094854284,0.0045889936615366,0.0262970393091215,-0.047918844547368,-0.0927539857322178,0.0104196561919387,16.97,123562243.77719998,0.06,-0.01,-0.0092470277410832,1.61,0.01,-0.0898363317777694,593.2628000000001,293.5277,HSCIIN.HI,恒生综合行业指数-工业,0.0344310865755859,0.0058520888112618,0.032546151709891,0.0003130793258334,hsics,0.128633906809938,0.0864197530864197,HSCIIN.HI,0.0344310865755859,0.0058520888112618,0.032546151709891,0.0003130793258334,,11.0,-0.0191897020746083,0.5454545454545454,3.0,15.0,-0.0488990741165763,-0.0335815066285869,-0.0167299126577882,0.6666666666666666,-0.1671844996188415,10,2026-06-11 09:11:00,40.36,715.61,715.61,10.8,chiefgroup,-0.0944625407166122,0.0195439739413682,-0.0879478827361563,-0.4191096634093376,True,-0.1308510638297871
03658,3658.HK,新希望服務,2021-05-25,2021-05-24,2021-05-24,地产/建筑,地产建筑业,hsics,0.00773814654064,-0.0073251549861085,-0.072484121512217,0.0411483468621907,-0.069810752561188,-0.2014645441624036,0.0098428499929563,17.98,116470559.56585002,0.06,-0.01,-0.0140474100087796,1.61,0.0,-0.1767016678771825,661.7654,189.00569999999996,HSCIPC.HI,恒生综合行业指数-地产建筑业,0.0222515922765147,-0.0179686045189951,0.0164303325365138,-0.0106434495328866,hsics,-0.2649188583049177,0.0964912280701754,HSCIPC.HI,0.0222515922765147,-0.0179686045189951,0.0164303325365138,-0.0106434495328866,,31.0,-0.0207260109668775,0.6129032258064516,2.0,15.0,-0.0793689269094781,-0.069788403180311,-0.0136950265920492,0.7777777777777778,-0.1376340655838414,8,2026-03-23 18:26:00,3.8,4.75,4.75,1.78,chiefgroup,0.0052631578947368,0.0500000000000001,-0.2342105263157894,-0.4368421052631578,False,-0.3415841584158415
06127,6127.HK,昭衍新藥,2021-02-26,2021-02-25,2021-02-25,生物科技/医药,医疗保健业,hsics,-0.0170320444957668,0.0048921135427442,0.1276509903542402,-0.1033599489403325,-0.0472197001239033,0.1738852046649897,0.0161012100462262,,195322891.49585,0.07,-0.0099999999999999,0.001443161634103,1.54,0.3500000000000001,-0.0091211230989064,2078.5601000000006,2199.2402,HSCIH.HI,恒生综合行业指数-医疗保健业,-0.0725975041612526,-0.0511113895930936,0.2643014300003994,-0.0560035031358379,hsics,0.1265647115735917,0.0782122905027933,HSCIH.HI,-0.0725975041612526,-0.0511113895930936,0.2643014300003994,-0.0560035031358379,,28.0,0.004597947999143,0.6071428571428571,6.0,39.0,0.0064593535122361,0.0225936028920146,-0.063756399130473,0.6,-0.2816673649653732,10,2026-07-15 09:42:51,151.0,310.0,310.0,26.0,chiefgroup,-0.0675675675675675,-0.1081081081081081,-0.0716216216216215,0.0277027027027026,True,-0.1295681063122923
06601,6601.HK,朝雲集團,2021-03-10,2021-03-09,2021-03-09,消费/零售,必需性消费,hsics,-0.0110885191226518,-0.0162561071090339,0.0855016722092592,-0.1290636520454223,-0.1768261059543693,-0.0047705624820255,0.0169367570856234,,197907344.6226,0.07,-0.0099999999999999,0.0102152899824252,1.55,0.26,-0.0607832541994782,549.3439000000001,3106.2371999999996,HSCICS.HI,恒生综合行业指数-必需性消费,-0.0508182986012495,-0.1525291195639339,-0.0154437101388723,-0.1362730124548999,hsics,-0.0498579597156203,0.0467153284671532,HSCICS.HI,-0.0508182986012495,-0.1525291195639339,-0.0154437101388723,-0.1362730124548999,,33.0,-0.0156875967378103,0.6363636363636364,4.0,35.0,0.0237420037264786,0.0207212399130683,-0.1172651178043028,0.5789473684210527,-0.3094810753912531,7,2026-02-11 15:07:54,9.2,172.32,172.32,13.8,chiefgroup,0.0126742712294043,0.0583016476552598,0.0481622306717363,0.0887198986058302,False,-0.0815217391304348
06606,6606.HK,諾輝健康－Ｂ,2021-02-18,2021-02-17,2021-02-17,其他,,fallback,0.0249513263858418,0.0638598081854113,0.1371803011081924,0.121803130326408,0.2006287680008425,0.384880120758613,0.0148083056077135,,195466068.54004997,0.08,-0.0099999999999999,0.0012178919397698,1.29,0.2199999999999999,0.2103360740774418,2953.5699,1199.5476999999998,,,,,,,,,,,,,,,,13.0,-0.0186629350472981,0.4615384615384615,6.0,38.0,-0.0042126183400234,0.0288688246083763,-0.0403495673131082,0.6666666666666666,-0.2676689321070154,2,2026-04-16 21:27:58,,,,,,0.1052631578947368,-0.0776315789473685,-0.2131578947368421,-0.1473684210526316,False,-0.3940476190476191
06608,6608.HK,百融雲－Ｗ,2021-03-31,2021-03-30,2021-03-30,TMT/互联网,资讯科技业,hsics,0.0028114865296389,-0.0178155930087647,0.0859928488449199,-0.0138751262744984,-0.1164043167037337,-0.0291458479212902,0.0140576265625653,20.252,163200253.29835,0.07,0.0,0.0278757161745262,1.73,0.1999999999999999,-0.163540797286803,-122.653,1526.1116999999997,HSCIIT.HI,恒生综合行业指数-信息科技业,-0.0322763443341367,-0.1175728963026776,0.0907532216578972,-0.0997573032939128,hsics,-0.1195611930150617,0.0421052631578947,HSCIIT.HI,-0.0322763443341367,-0.1175728963026776,0.0907532216578972,-0.0997573032939128,,8.0,0.023120329762663,0.5,7.0,28.0,-0.0280920255276193,-0.025389190862153,-0.1505227085780339,0.6428571428571429,-0.2359040964240324,10,2026-04-29 15:59:45,31.8,150.67,150.67,36.3,chiefgroup,-0.0933786078098472,-0.1697792869269949,-0.2937181663837011,-0.2988115449915111,True,-0.2776769509981852
06609,6609.HK,心瑋醫療－Ｂ,2021-08-20,2021-08-19,2021-08-19,生物科技/医药,医疗保健业,hsics,-0.0453087772675128,-0.0868389804586954,-0.1319920002770347,-0.1004824386261664,-0.1930674380818491,-0.2449087448481267,0.017963598180858,22.034,154664730.8538,0.09,-0.01,0.0077552778974578,1.24,0.0,0.207939162117607,-319.6112,-275.90139999999997,HSCIH.HI,恒生综合行业指数-医疗保健业,-0.0544849682058258,-0.171049016761416,-0.1878699876282101,-0.0842100363027206,hsics,-0.1025255620092326,0.0473684210526315,HSCIH.HI,-0.0544849682058258,-0.171049016761416,-0.1878699876282101,-0.0842100363027206,,28.0,0.0277846452518041,0.5357142857142857,1.0,31.0,0.0063104073790299,0.0355465474167972,0.0551395125372485,0.56,-0.1818859042031332,8,2026-03-26 19:27:00,171.0,333.14,333.14,8.3,chiefgroup,-0.0864022662889517,-0.1303116147308781,-0.263456090651558,-0.4394475920679885,True,-0.2921810699588477
06611,6611.HK,三巽集團,2021-07-19,2021-07-18,2021-07-18,地产/建筑,地产建筑业,hsics,0.0241415653728311,-0.0276581553521771,-0.0378432049584023,0.0248819232544899,-0.0363436402109973,-0.0838987017080762,0.0113076334830784,17.220000000000002,132807945.04515,0.1,0.0,0.0042244367417678,1.31,-0.1799999999999999,0.025091700001329,-138.98769999999996,140.3466,HSCIPC.HI,恒生综合行业指数-地产建筑业,0.017021287858536,-0.0252087196750796,-0.0772090431842307,0.0024494356770975,hsics,-0.1402367703405584,0.0732758620689655,HSCIPC.HI,0.017021287858536,-0.0252087196750796,-0.0772090431842307,0.0024494356770975,,33.0,-0.0383268384350441,0.6060606060606061,23.0,31.0,0.0077928580211178,0.0464895404464028,0.0355772415352533,0.4827586206896552,-0.1871313947035359,2,2026-03-31 19:52:42,4.75,3.22,3.22,1.29,chiefgroup,-0.0021008403361344,-0.0021008403361344,-0.0546218487394957,-0.0546218487394957,True,-0.0896686159844054
06616,6616.HK,環球新材國際,2021-07-16,2021-07-15,2021-07-15,工业/制造,原材料业,hsics,0.0310513005314672,-0.0196900477229442,-0.0336019932543335,0.0463358271942835,-0.0216354411563761,-0.0820881842329437,0.0115168619062415,17.784,132271747.17915,0.1,0.04,0.0073985420520075,1.31,-0.2299999999999999,0.0246216979961506,-150.26010000000002,189.5993,HSCIMT.HI,恒生综合行业指数-原材料业,0.0496428966454407,0.0974199490350105,0.0304875762868086,0.1171099967579547,hsics,0.044134182224238,0.1203931203931203,HSCIMT.HI,0.0496428966454407,0.0974199490350105,0.0304875762868086,0.1171099967579547,,9.0,0.0862064351966855,0.4444444444444444,21.0,27.0,0.0080207234055218,0.0566357343448999,0.0090064908408016,0.48,-0.2008937565544691,10,2026-03-26 11:27:50,3.25,10.79,10.79,1.16,chiefgroup,-0.0975609756097559,0.002439024390244,0.6341463414634149,0.2756097560975612,True,-0.1162162162162162
06622,6622.HK,兆科眼科－Ｂ,2021-04-29,2021-04-28,2021-04-28,生物科技/医药,医疗保健业,hsics,0.0157019515112892,0.0172807278453328,-0.0108848684949198,0.0424874770922418,0.0502944304395778,-0.1299964415823028,0.0091864717683542,18.098,135758268.64035,0.07,0.0,-0.0287276235395005,1.63,-0.01,-0.1839604351983857,487.8253,-181.8829,HSCIH.HI,恒生综合行业指数-医疗保健业,0.059887774994453,0.1186923502183872,-0.0252928848623521,0.1014116223730543,hsics,-0.1569579784402113,0.1166666666666666,HSCIH.HI,0.059887774994453,0.1186923502183872,-0.0252928848623521,0.1014116223730543,,26.0,0.0089813616130905,0.6538461538461539,5.0,19.0,-0.0786331533892239,-0.0833870629544742,-0.0633641941542785,0.75,-0.1456200877428222,10,2026-06-15 12:49:00,16.8,56.0,56.0,5.3,chiefgroup,-0.0773195876288659,-0.2654639175257731,-0.1752577319587628,-0.4703608247422679,True,-0.2374301675977653
06626,6626.HK,越秀服務,2021-06-28,2021-06-27,2021-06-27,地产/建筑,地产建筑业,hsics,0.0169072405487675,0.0060117060302542,0.03358891716423,0.024147386354451,0.0137557423300196,0.0137208031353395,0.0079032616372036,17.418,126264995.14235,0.1,0.05,0.0201111111111111,1.54,-0.03,0.0218736021824228,32.96940000000002,593.2628000000001,HSCIPC.HI,恒生综合行业指数-地产建筑业,0.0149471446438129,-0.0340827333787221,-0.0131787955325781,-0.0400944394089763,hsics,0.2003119919871894,0.0807860262008733,HSCIPC.HI,0.0149471446438129,-0.0340827333787221,-0.0131787955325781,-0.0400944394089763,,33.0,-0.0176134297599535,0.5757575757575758,4.0,13.0,-0.0116448706677847,0.0174185590012875,-0.0743029999720772,0.5,-0.1744875226511396,10,2026-03-26 16:40:00,4.88,9.88,9.88,2.4,chiefgroup,0.0166666666666666,0.11875,-0.2166666666666666,-0.3,False,-0.2486486486486486
06628,6628.HK,創勝集團－Ｂ,2021-09-29,2021-09-28,2021-09-28,生物科技/医药,医疗保健业,hsics,-0.0168682656548194,-0.0357172516096377,-0.1345804830871459,-0.0063495391338821,-0.0249751003334299,-0.191986995911667,0.0136750514221612,27.01,132044140.0285,0.08,0.0,0.0110032362459546,1.54,0.1899999999999999,0.0121249569520591,-1.896700000000017,-210.8669,HSCIH.HI,恒生综合行业指数-医疗保健业,-0.0179138512267449,0.0323832464183935,-0.2126851549321179,0.0681004980280313,hsics,-0.1208744516953351,0.0207253886010362,HSCIH.HI,-0.0179138512267449,0.0323832464183935,-0.2126851549321179,0.0681004980280313,,30.0,0.0163768265175457,0.5666666666666667,2.0,26.0,-0.0359893388619099,-0.076157622357301,-0.1640638623875246,0.6666666666666666,-0.1817345918577762,5,2026-02-24 19:59:52,16.0,60.7,60.7,2.1,chiefgroup,0.0184615384615384,0.1923076923076923,-0.3261538461538462,-0.3153846153846154,False,-0.3768749999999999
06633,6633.HK,青瓷遊戲,2021-12-16,2021-12-15,2021-12-15,TMT/互联网,资讯科技业,hsics,-0.0240077143394118,-0.0869127893558228,-0.0927042540407635,-0.0292769358275206,-0.1314153299317803,-0.07019013968804,0.0119839063839688,20.132,110124163.4773,0.08,0.0,0.0056367432150312,1.47,-0.1699999999999999,0.1032356255864319,322.5525,-81.66580000000003,HSCIIT.HI,恒生综合行业指数-信息科技业,-0.0236634065514328,-0.1567294082251517,-0.1041635301463819,-0.0698166188693288,hsics,0.040757487204367,0.0259067357512953,HSCIIT.HI,-0.0236634065514328,-0.1567294082251517,-0.1041635301463819,-0.0698166188693288,,5.0,-0.014900541445231,0.6,7.0,21.0,-0.0242235671069192,-0.0626889666071513,-0.1019463958289509,0.75,-0.2081117679004336,6,2026-03-04 17:30:36,11.2,3.64,3.64,1.77,chiefgroup,0.0470588235294118,0.0490196078431372,-0.0941176470588234,-0.6274509803921569,False,-0.1832770270270269
06668,6668.HK,星盛商業,2021-01-26,2021-01-25,2021-01-25,地产/建筑,地产建筑业,hsics,0.0449104503829673,0.1429686173567148,0.2510260326488691,0.1196074258685599,0.2534505901525394,0.3297786961495268,0.0103248387159171,,193590071.10410005,0.08,-0.0099999999999999,0.0002214103841469,1.05,0.09,0.5693585077167271,2777.3412,432.3952,HSCIPC.HI,恒生综合行业指数-地产建筑业,0.002549426182999,0.0575975152606798,0.087208890174361,-0.085371102096035,hsics,0.2318199638957117,0.0798226164079822,HSCIPC.HI,0.002549426182999,0.0575975152606798,0.087208890174361,-0.085371102096035,,36.0,0.031039044710586,0.5,18.0,47.0,-0.0194557906135873,-0.0051930753385557,0.021829049567218,0.65625,-0.2070110393301042,6,2026-03-10 09:40:36,3.86,756.85,756.85,9.0,chiefgroup,-0.0909090909090909,-0.0954545454545455,-0.1954545454545455,0.0636363636363634,True,-0.1763285024154588
06669,6669.HK,先瑞達醫療－Ｂ,2021-08-24,2021-08-23,2021-08-23,生物科技/医药,医疗保健业,hsics,-0.040940039249148,-0.0413376898266362,-0.1378506895075298,-0.0621279460108483,-0.1133403789744013,-0.2588184438962663,0.0161653675408335,24.45,153182202.8596,0.09,-0.01,0.0038864298823275,1.25,0.06,0.1496767014357845,-245.3918,-437.2105,HSCIH.HI,恒生综合行业指数-医疗保健业,-0.0738254313092182,-0.0918810390922678,-0.1938918281302921,-0.0505433492656316,hsics,-0.1277146192959273,0.0418848167539267,HSCIH.HI,-0.0738254313092182,-0.0918810390922678,-0.1938918281302921,-0.0505433492656316,,29.0,0.0238471655435021,0.5517241379310345,3.0,32.0,0.00377913960599,0.0300453382723051,0.0389040856614068,0.5555555555555556,-0.1814432307143036,2,2026-03-26 17:16:00,23.8,654.51,654.51,4.86,chiefgroup,-0.039301310043668,-0.0502183406113538,-0.1997816593886462,-0.2194323144104804,True,-0.2598091198303286
06680,6680.HK,金力永磁,2022-01-14,2022-01-13,2022-01-13,工业/制造,原材料业,hsics,0.0588097877766344,0.0430818641239654,-0.065283467031323,0.0741441259697055,0.0002311903865575,-0.1336879632756064,0.0111941424610728,18.528,88896599.03889999,0.08,0.0,-0.0151546605771227,1.7,0.1999999999999999,-0.1927602786537913,495.5141,156.52650000000003,HSCIMT.HI,恒生综合行业指数-原材料业,0.0751559841179807,0.0566329866096966,-0.1558653219535568,0.0135511224857312,hsics,-0.2436913362538195,0.0802919708029197,HSCIMT.HI,0.0751559841179807,0.0566329866096966,-0.1558653219535568,0.0135511224857312,,6.0,0.0710164028809867,0.8333333333333334,8.0,24.0,0.0039261991735274,0.0665443222987176,0.0236794104311477,0.5333333333333333,-0.1832415266791953,10,2026-04-22 18:22:00,33.8,2.39,2.39,1.57,chiefgroup,-0.0844155844155844,-0.1136363636363636,-0.0227272727272727,-0.2435064935064935,True,-0.0996784565916398
06699,6699.HK,時代天使,2021-06-16,2021-06-15,2021-06-15,生物科技/医药,医疗保健业,hsics,-0.0051672127411829,0.0157635873333736,-0.0134065094397797,-0.0101594856472863,0.0523058539570751,-0.0667931101582262,0.0071563216119733,16.384,129185326.65355,0.06,0.0,0.0033252050543115,1.51,-0.07,0.0760221925894055,300.51990000000006,487.4277,HSCIH.HI,恒生综合行业指数-医疗保健业,0.0028635609958302,0.0662277891151776,0.1834680809546802,0.050464201781804,hsics,0.2303933618634785,0.1104972375690607,HSCIH.HI,0.0028635609958302,0.0662277891151776,0.1834680809546802,0.050464201781804,,25.0,0.0050604691414754,0.68,4.0,13.0,-0.0311437674637451,-0.0026793102401022,-0.0907793212479294,0.6666666666666666,-0.1913400851017412,10,2026-03-03 17:26:44,173.0,2079.16,2079.16,114.7,chiefgroup,0.0025,0.0575,0.0054999999999999,-0.0625,False,-0.1140754369825207
06821,6821.HK,凱萊英,2021-12-10,2021-12-09,2021-12-09,生物科技/医药,医疗保健业,hsics,0.0195860007154589,-0.0393350124108889,-0.0796387442640729,0.0142250512078812,-0.0559003735366805,-0.0956083720170783,0.0122695339808632,22.452,110629148.40355,0.08,0.0,0.011245401996847,1.49,-0.05,0.0621515302555903,156.52650000000003,6.843399999999981,HSCIH.HI,恒生综合行业指数-医疗保健业,0.0303192470527939,-0.0120580374471698,-0.1537039574020627,0.0272769749637191,hsics,-0.0563860755307877,0.0402010050251256,HSCIH.HI,0.0303192470527939,-0.0120580374471698,-0.1537039574020627,0.0272769749637191,,29.0,0.019973126675204,0.5172413793103449,5.0,16.0,-0.002691455447604,-0.0322249708148253,-0.0896243290199862,0.6666666666666666,-0.1951992356803196,10,2026-07-10 10:30:04,388.0,1.61,1.61,4.5,chiefgroup,-0.0463917525773195,-0.1654639175257731,-0.3309278350515463,-0.3974226804123711,True,-0.2935135135135136
06909,6909.HK,百得利控股,2021-07-15,2021-07-14,2021-07-14,消费/零售,非必需性消费,hsics,-0.0061929957204096,-0.0228358706522947,-0.0349277640437966,0.0083892595383605,-0.0368621106340645,-0.0685812784783523,0.0114143177495722,18.64,131864783.49359998,0.1,0.04,0.0106126914660831,1.37,-0.1199999999999998,0.0207411856242447,-176.83679999999998,300.51990000000006,HSCICD.HI,恒生综合行业指数-非必需性消费,-0.0187799062389636,0.0196179547820414,0.0423800299158922,0.0424538254343361,hsics,0.0111566247633756,0.0674318507890961,HSCICD.HI,-0.0187799062389636,0.0196179547820414,0.0423800299158922,0.0424538254343361,,34.0,-0.018778890075424,0.7058823529411765,18.0,24.0,0.0088931970657247,0.0434373288100197,-0.0174042409466595,0.5,-0.2103739259008062,2,2026-05-29 21:53:00,4.4,43.92,43.92,2.28,chiefgroup,-0.0677966101694915,0.4135593220338981,0.2305084745762711,-0.0338983050847457,True,-0.2666666666666667
06913,6913.HK,華南職業教育,2021-07-13,2021-07-12,2021-07-12,消费/零售,非必需性消费,hsics,-0.0223234494643522,-0.0460052707619027,-0.0344598162980638,-0.0256788279334404,-0.0570975396434008,-0.086499944685357,0.0107319219343916,18.842,130810819.2621,0.1,0.04,0.019113910065186,1.38,-0.1,0.0005031470729193,-174.46450000000002,375.36750000000006,HSCICD.HI,恒生综合行业指数-非必需性消费,-0.0142040914638809,0.0040904909060883,0.0649593050457739,0.0500957616679911,hsics,-0.0413592740957676,0.0761494252873563,HSCICD.HI,-0.0142040914638809,0.0040904909060883,0.0649593050457739,0.0500957616679911,,33.0,-0.0166311239439582,0.696969696969697,16.0,22.0,0.010643780065884,0.0626312067119691,-0.0634034468653667,0.5,-0.2166033194723615,1,2026-04-30 09:11:34,1.59,6.01,6.01,1.99,chiefgroup,-0.089655172413793,-0.2689655172413792,0.0206896551724138,-0.1448275862068965,True,-0.196969696969697
06939,6939.HK,美佳音控股,2021-03-31,2021-03-30,2021-03-30,TMT/互联网,资讯科技业,hsics,0.0028114865296389,-0.0178155930087647,0.0859928488449199,-0.0138751262744984,-0.1164043167037337,-0.0291458479212902,0.0140576265625653,20.252,163200253.29835,0.07,0.0,0.0278757161745262,1.73,0.1999999999999999,-0.163540797286803,-122.653,1526.1116999999997,HSCIIT.HI,恒生综合行业指数-信息科技业,-0.0322763443341367,-0.1175728963026776,0.0907532216578972,-0.0997573032939128,hsics,-0.1195611930150617,0.0421052631578947,HSCIIT.HI,-0.0322763443341367,-0.1175728963026776,0.0907532216578972,-0.0997573032939128,,8.0,0.023120329762663,0.5,7.0,28.0,-0.0280920255276193,-0.025389190862153,-0.1505227085780339,0.6428571428571429,-0.2359040964240324,4,2026-03-02 16:39:06,1.26,22.43,22.43,1.71,chiefgroup,-0.0359712230215826,0.0215827338129496,0.0143884892086331,0.381294964028777,True,-0.1402439024390244
09626,9626.HK,嗶哩嗶哩－ＳＷ,2021-03-29,2021-03-28,2021-03-28,消费/零售,非必需性消费,hsics,-0.0225763635121868,-0.0222144698054292,0.0738963320720851,-0.0499525219498275,-0.0927227163284359,0.0157955345387437,0.0146681567100628,20.894,166362360.9639,0.07,0.0,0.0196833076753903,1.67,0.0799999999999998,-0.1604722302767133,-181.8829,1799.7273999999998,HSCICD.HI,恒生综合行业指数-非必需性消费,-0.0462080671453848,-0.0302081985661174,0.0470026116954411,-0.0079937287606881,hsics,-0.1967275566108292,0.0507982583454281,HSCICD.HI,-0.0462080671453848,-0.0302081985661174,0.0470026116954411,-0.0079937287606881,,35.0,-0.0093853283811243,0.6285714285714286,6.0,31.0,-0.0312266604026747,-0.0336713194679077,-0.1768530824608622,0.6923076923076923,-0.2466575007784246,10,2026-06-24 17:52:00,808.0,174.19,174.19,11.9,chiefgroup,0.0126582278481012,0.0822784810126582,0.1917721518987341,0.2392405063291139,False,-0.0961098398169336
09699,9699.HK,順豐同城,2021-12-14,2021-12-13,2021-12-13,工业/制造,工业,hsics,0.0259193177720351,-0.0565686696538249,-0.0684951003266448,0.051460541731906,-0.0876998596865676,-0.0738379374558745,0.0123012415962352,20.619999999999997,109720133.19615002,0.08,0.0,0.0086892797319932,1.42,-0.25,0.0774341638470141,254.4791,-32.03460000000001,HSCIIN.HI,恒生综合行业指数-工业,0.0309901090838988,0.0376582568436485,-0.0883028446140805,0.0942269264974734,hsics,-0.0534629068286944,0.0488997555012225,HSCIIN.HI,0.0309901090838988,0.0376582568436485,-0.0883028446140805,0.0942269264974734,,7.0,0.0774925702639721,0.5714285714285714,6.0,20.0,-0.0245440474641803,-0.0675426897858576,-0.1038711383881617,0.7333333333333333,-0.2111446338693092,10,2026-06-08 19:15:00,16.42,2.93,2.93,2.41,chiefgroup,-0.019736842105263,0.0052631578947368,-0.0749999999999999,-0.45,True,-0.1656516443361755
09858,9858.HK,優然牧業,2021-06-18,2021-06-17,2021-06-17,消费/零售,必需性消费,hsics,-0.0064030327078629,-0.0012317351202935,-0.0288083406901786,-0.0088521328785801,0.0107231164193004,-0.0893015825815752,0.0067001682708324,16.682,129557136.24935,0.1,0.04,0.0191838545131957,1.52,-0.06,0.1100049733544634,140.3466,628.6878999999999,HSCICS.HI,恒生综合行业指数-必需性消费,-0.0267185099235431,-0.0123524467215305,-0.0420466388404142,-0.011120711601237,hsics,0.0623547823132575,0.0781476121562952,HSCICS.HI,-0.0267185099235431,-0.0123524467215305,-0.0420466388404142,-0.011120711601237,,34.0,-0.0228607092468521,0.6470588235294118,4.0,14.0,-0.0263375149689244,0.0059177340799123,-0.0770251324982252,0.5714285714285714,-0.1803022782275669,10,2026-06-29 21:03:00,6.98,3.73,3.73,3.88,chiefgroup,-0.0207006369426751,-0.0143312101910827,-0.1703821656050956,-0.1815286624203822,True,-0.1555555555555554
09868,9868.HK,小鵬汽車－Ｗ,2021-07-07,2021-07-06,2021-07-06,消费/零售,非必需性消费,hsics,-0.0317733607871946,-0.0248172109348294,-0.0209919511208447,-0.0760805936618413,-0.0554248953757826,-0.095904404175401,0.0083982069707208,16.97,122512769.35425,0.1,0.04,0.028450766837075,1.37,-0.1999999999999999,-0.1056042239767753,-197.6905,492.4562,HSCICD.HI,恒生综合行业指数-非必需性消费,-0.0275347903495385,0.0176642252503602,0.0432855820299176,0.0424814361851897,hsics,-0.1415543332267214,0.0779220779220779,HSCICD.HI,-0.0275347903495385,0.0176642252503602,0.0432855820299176,0.0424814361851897,,33.0,-0.0020546363005466,0.6363636363636364,9.0,16.0,0.0782194605595801,0.1824162779789825,0.0182925971002034,0.3076923076923077,-0.2068826714971837,10,2026-07-15 20:46:00,165.0,14.73,14.73,8.54,chiefgroup,-0.0178571428571428,-0.1011904761904762,0.0345238095238095,-0.1964285714285714,True,-0.1892836342457775
09869,9869.HK,海倫司,2021-09-10,2021-09-09,2021-09-09,消费/零售,非必需性消费,hsics,-0.0143512391325094,-0.0302370255171805,-0.099535376221305,-0.0354452893568649,-0.0236338427455462,-0.1622185406868121,0.0124590830263525,19.99,134885303.73830003,0.08,-0.02,-0.0055895947543802,1.3,0.04,-0.1274414977412631,-293.4835000000001,-276.6813000000001,HSCICD.HI,恒生综合行业指数-非必需性消费,-0.0050381737633463,-0.0026434603038782,-0.0097580191600794,0.0275935652133022,hsics,-0.0900603131744716,0.0514285714285714,HSCICD.HI,-0.0050381737633463,-0.0026434603038782,-0.0097580191600794,0.0275935652133022,,33.0,-0.0142862950740036,0.696969696969697,4.0,31.0,-0.0364964365596093,-0.0348718048184307,0.055082183337618,0.6470588235294118,-0.1432037400311093,10,2026-06-11 13:58:24,19.77,30.8,30.8,25.58,chiefgroup,0.054229934924078,-0.0021691973969631,-0.0520607375271149,-0.1652928416485901,False,-0.0946502057613168
09888,9888.HK,百度集團－ＳＷ,2021-03-23,2021-03-22,2021-03-22,消费/零售,非必需性消费,hsics,0.0017888752628862,-0.047311940733177,0.0900704188145788,0.029576183204629,-0.1471884988188316,0.0393554880745017,0.0172136669243938,,186973078.8318,0.07,0.0,0.0189810189810188,1.69,0.27,-0.0324990501490507,-294.0155000000001,2813.5012000000006,HSCICD.HI,恒生综合行业指数-非必需性消费,0.0167065378005395,-0.0574911224261872,0.1156038643433126,-0.0101791816930102,hsics,-0.0966702750633029,0.0799418604651162,HSCICD.HI,0.0167065378005395,-0.0574911224261872,0.1156038643433126,-0.0101791816930102,,35.0,-0.0151891900543784,0.6285714285714286,5.0,30.0,-0.0183346785962043,-0.0043173182123506,-0.1763328768678774,0.6666666666666666,-0.2589371467028449,10,2026-07-16 16:36:03,252.0,112.01,112.01,10.0,chiefgroup,-0.0078740157480314,-0.205511811023622,-0.1716535433070866,-0.2952755905511811,True,-0.2
09889,9889.HK,東莞農商銀行,2021-09-29,2021-09-28,2021-09-28,金融,金融业,hsics,-0.0168682656548194,-0.0357172516096377,-0.1345804830871459,-0.0063495391338821,-0.0249751003334299,-0.191986995911667,0.0136750514221612,27.01,132044140.0285,0.08,0.0,0.0110032362459546,1.54,0.1899999999999999,0.0121249569520591,-1.896700000000017,-210.8669,HSCIFN.HI,恒生综合行业指数-金融业,-0.0187971027242602,-0.0502197041090913,-0.0889263435341272,-0.0145024524994535,hsics,0.270013473116431,0.0576923076923076,HSCIFN.HI,-0.0187971027242602,-0.0502197041090913,-0.0889263435341272,-0.0145024524994535,,4.0,-0.1161608813908427,0.5,2.0,26.0,-0.0359893388619099,-0.076157622357301,-0.1640638623875246,0.6666666666666666,-0.1817345918577762,10,2026-03-16 16:40:39,7.92,0.22,0.22,1.18,chiefgroup,0.03125,-0.0587499999999999,-0.0675,-0.05,False,-0.1442424242424242
09898,9898.HK,微博－ＳＷ,2021-12-08,2021-12-07,2021-12-07,消费/零售,非必需性消费,hsics,0.0216568421393417,-0.0334286726422664,-0.0740611049575727,-0.00997405400512,-0.0407194155963351,-0.1313845189820163,0.0124016074988106,23.58,111859042.2365,0.08,0.0,0.0247951473874641,1.48,-0.1200000000000001,0.0582900570839379,97.63340000000002,60.9616,HSCICD.HI,恒生综合行业指数-非必需性消费,-0.0142776558116843,-0.0257125707296613,-0.0695265278710544,0.007716101912605,hsics,0.092907303958357,0.0526315789473684,HSCICD.HI,-0.0142776558116843,-0.0257125707296613,-0.0695265278710544,0.007716101912605,,26.0,-0.0218952306809877,0.7307692307692307,5.0,16.0,-0.0017896408050108,-0.0210056255856131,-0.0953861374098849,0.6363636363636364,-0.2012910391851604,10,2026-03-13 20:36:13,272.8,2.67,2.67,5.5,chiefgroup,-0.0117096018735363,-0.1444184231069477,-0.0320062451209991,-0.2822014051522247,True,-0.1342812006319115
09899,9899.HK,雲音樂,2021-12-02,2021-12-01,2021-12-01,消费/零售,非必需性消费,hsics,-0.0415863563630471,-0.0545791666250412,-0.0736356253871448,-0.0370874777605787,-0.0342141045507482,-0.1091926283549911,0.0103379722766686,23.156,104486974.30975,0.08,0.0,0.0231170768083519,1.43,-0.1300000000000001,-0.0111022217236327,-21.096099999999975,224.2407,HSCICD.HI,恒生综合行业指数-非必需性消费,-0.0368272505137161,0.0221418003165323,-0.0399171006534618,0.0767209669415736,hsics,0.008305932243972,0.0598290598290598,HSCICD.HI,-0.0368272505137161,0.0221418003165323,-0.0399171006534618,0.0767209669415736,,25.0,-0.0217759179570077,0.72,7.0,15.0,0.0033648307397045,-0.0309405849352066,-0.0509715032635434,0.5454545454545454,-0.1846233104467742,10,2026-05-08 09:14:00,205.0,8.92,8.92,1.7,chiefgroup,-0.0248780487804877,-0.0273170731707316,-0.2341463414634146,-0.4507317073170732,True,-0.3420019627085379
09956,9956.HK,安能物流,2021-11-11,2021-11-10,2021-11-10,其他,,fallback,-0.0011432681645171,0.0013440111783271,-0.0489761598575527,0.0121942667390866,-0.0083935981447595,-0.0549546100600693,0.0086319922219539,20.034,104042816.87875,0.08,0.0,0.0093597106998513,1.56,-0.1199999999999998,-0.0831795371071542,55.63959999999999,82.5292,,,,,,,,,,,,,,,,9.0,-0.0026735824225789,0.2222222222222222,8.0,16.0,0.0064101475450865,-0.0134267958410183,-0.0721564528234372,0.4166666666666667,-0.1879671249730184,1,2026-02-01 20:04:46,,,,,,-0.0288184438040346,-0.2204610951008646,-0.3328530259365995,-0.4848703170028818,True,-0.3397626112759644
09959,9959.HK,聯易融科技－Ｗ,2021-04-09,2021-04-08,2021-04-08,TMT/互联网,资讯科技业,hsics,0.0221901555234889,0.0034783336654269,0.0475139298649804,0.059771434156072,0.0465846617575911,0.0068159769547129,0.0120408100554415,18.47,159148481.0685,0.07,0.0,0.0030507735890172,1.64,-0.1,-0.1903703339318475,80.65959999999998,762.6196000000001,HSCIIT.HI,恒生综合行业指数-信息科技业,0.030955589960731,-0.0072411116457535,-0.00839499440196,-0.0107194453111805,hsics,-0.0190344433487341,0.0520833333333333,HSCIIT.HI,0.030955589960731,-0.0072411116457535,-0.00839499440196,-0.0107194453111805,,10.0,0.0055612807269874,0.6,10.0,29.0,-0.0657157463845645,-0.1052586464815292,-0.1206488591272069,0.7142857142857143,-0.198906443353107,10,2026-06-23 23:07:00,17.58,98.46,98.46,14.83,chiefgroup,0.0,0.1413043478260869,0.1387163561076604,-0.1459627329192546,False,-0.0795918367346938
09960,9960.HK,康聖環球,2021-07-16,2021-07-15,2021-07-15,生物科技/医药,医疗保健业,hsics,0.0310513005314672,-0.0196900477229442,-0.0336019932543335,0.0463358271942835,-0.0216354411563761,-0.0820881842329437,0.0115168619062415,17.784,132271747.17915,0.1,0.04,0.0073985420520075,1.31,-0.2299999999999999,0.0246216979961506,-150.26010000000002,189.5993,HSCIH.HI,恒生综合行业指数-医疗保健业,0.063346500847224,0.0374001258802174,0.1638849003804512,0.0570901736031617,hsics,0.0941309904766491,0.1005291005291005,HSCIH.HI,0.063346500847224,0.0374001258802174,0.1638849003804512,0.0570901736031617,,28.0,0.0287762688951264,0.5357142857142857,21.0,27.0,0.0080207234055218,0.0566357343448999,0.0090064908408016,0.48,-0.2008937565544691,10,2026-07-15 09:07:00,9.78,543.03,543.03,13.81,chiefgroup,-0.0756646216768916,-0.1799591002044989,-0.1697341513292433,-0.4008179959100204,True,-0.2146017699115043
09961,9961.HK,攜程集團－Ｓ,2021-04-19,2021-04-18,2021-04-18,消费/零售,非必需性消费,hsics,0.0094397675164117,-0.014827387324643,0.0165930562174219,-0.0088852181513691,-0.0350130468114437,-0.0619232548652278,0.0107877123650268,17.881999999999998,141736481.6267,0.07,0.0,-0.0031580093651311,1.59,-0.1399999999999999,-0.3062168282922798,189.00569999999996,7.680100000000017,HSCICD.HI,恒生综合行业指数-非必需性消费,0.0162985349962221,-0.0318948817232442,0.0147725574821742,-0.0170674943986012,hsics,-0.2751241341412648,0.0652173913043478,HSCICD.HI,0.0162985349962221,-0.0318948817232442,0.0147725574821742,-0.0170674943986012,,36.0,-0.0087730073747569,0.6111111111111112,7.0,20.0,-0.060239555908374,-0.0999273835415706,-0.0844548336909454,0.6428571428571429,-0.1742989755811445,10,2026-06-25 08:57:46,268.0,17.78,17.78,5.06,chiefgroup,-0.002846975088968,0.0633451957295374,0.0327402135231316,-0.1060498220640569,True,-0.1266457680250783
09982,9982.HK,中原建業,2021-05-31,2021-05-30,2021-05-30,地产/建筑,地产建筑业,hsics,0.0234014935463786,0.0063185994940144,-0.0111419818372386,-0.0084333190867393,-0.0638225533021258,-0.1442295180340669,0.0104182866914645,16.621999999999996,126231494.9793,0.05,0.0,-0.0090238802685155,1.58,-0.0499999999999998,-0.047202442351182,515.908,348.04650000000004,HSCIPC.HI,恒生综合行业指数-地产建筑业,0.0202721101907643,0.0066434958465939,0.0240010137074113,0.0003248963525794,hsics,-0.0257261804834605,0.0787746170678337,HSCIPC.HI,0.0202721101907643,0.0066434958465939,0.0240010137074113,0.0003248963525794,,32.0,-0.019913849439952,0.59375,3.0,16.0,-0.0404771007970785,0.0055380810642455,-0.054326595229986,0.6666666666666666,-0.1665431074871659,6,2026-03-20 08:52:17,3.0,4.99,4.99,1.72,chiefgroup,0.056,0.092,-0.08,-0.268,False,-0.2283737024221453
00314,0314.HK,思派健康,2022-12-23,2022-12-22,2022-12-22,生物科技/医药,医疗保健业,hsics,0.016037822061389,0.1142818316167353,0.0843770233001524,0.017916428078704,0.1751573002017512,0.1940598922592109,0.0222762562101051,28.176,117126238.46879998,4.33,0.5,-0.0139807292650671,3.67,0.1600000000000001,0.1101477247879936,112.94759999999997,490.3599,HSCIH.HI,恒生综合行业指数-医疗保健业,-0.0039862971546792,0.0827691431723351,0.2499024368201385,-0.0315126884444001,hsics,0.2019364519614392,0.0844444444444444,HSCIH.HI,-0.0039862971546792,0.0827691431723351,0.2499024368201385,-0.0315126884444001,3521060174.0,21.0,0.0075292739950498,0.4761904761904761,12.0,26.0,-0.0382452301174271,-0.0382852210980623,-0.0140813397936498,0.5882352941176471,-0.2326741873685228,10,2026-07-13 09:25:00,18.6,8.27,8.27,1.41,chiefgroup,0.0548523206751055,-0.2151898734177214,-0.0928270042194092,0.3607594936708861,False,-0.2559999999999999
00816,0816.HK,金茂服務,2022-03-10,2022-03-09,2022-03-09,地产/建筑,地产建筑业,hsics,-0.076808814209861,-0.1692421140725389,-0.1399265166367435,-0.1239757326906062,-0.2203158264572796,-0.2800598305124603,0.0141339272707807,30.738,105539200.13210002,0.08,0.0,0.0251151109250731,1.94,-0.03,0.0570832469060473,156.0307,493.7191,HSCIPC.HI,恒生综合行业指数-地产建筑业,-0.0418277810826889,-0.1238471713974879,-0.0899369494311324,0.045394942675051,hsics,-0.1007540963040866,0.0299785867237687,HSCIPC.HI,-0.0418277810826889,-0.1238471713974879,-0.0899369494311324,0.045394942675051,699981491.0,15.0,-0.0747052262454814,0.6666666666666666,3.0,19.0,-0.0636980674038638,-0.1125907341717184,-0.1614858613316972,0.7142857142857143,-0.2239579849132721,10,2026-03-23 20:00:00,8.14,1.2,1.2,1.4,chiefgroup,-0.2162162162162162,-0.3270270270270269,-0.1540540540540541,-0.354054054054054,True,-0.4051724137931034
01204,1204.HK,博維智慧,2022-07-15,2022-07-14,2022-07-14,TMT/互联网,资讯科技业,hsics,-0.0412302400989116,-0.0045199355446253,-0.0356384026827673,-0.0402318931202927,-0.0246592557752085,0.074684124999248,0.0142952944626248,28.268,107731941.71995,1.58,0.7500000000000001,0.0463257247423674,2.96,-0.1699999999999999,0.0046597922183841,267.2700000000001,391.703,HSCIIT.HI,恒生综合行业指数-信息科技业,-0.0502398971528805,-0.0303424222410391,0.0241999677345583,-0.0258224866964137,hsics,-0.0849703244817571,0.045,HSCIIT.HI,-0.0502398971528805,-0.0303424222410391,0.0241999677345583,-0.0258224866964137,5841666716.0,7.0,-0.0039297904129637,0.2857142857142857,15.0,19.0,-0.0094878732045542,-0.0241149040175539,-0.1146767917263328,0.5882352941176471,-0.2122951535519447,10,2026-07-27 21:22:00,1.08,10.69,10.69,1.03,chiefgroup,0.0701754385964913,0.0701754385964913,0.0,-0.1228070175438595,False,-0.2913385826771654
01244,1244.HK,3D MEDICINES-B,2022-12-15,2022-12-14,2022-12-14,生物科技/医药,医疗保健业,hsics,0.0456358338798883,0.0776146332699403,0.0438449416621125,0.0582747331009627,0.1136351514355167,0.0995542742803765,0.0221295029502048,31.447999999999997,119147871.83205,3.83,0.0,-0.0250258726126635,3.49,-0.2199999999999997,0.0983680751469193,112.8523,844.2544999999999,HSCIH.HI,恒生综合行业指数-医疗保健业,0.0447235963722438,0.0315019817986361,0.1834346378645457,-0.0461126514713041,hsics,0.1461045986322762,0.1704035874439461,HSCIH.HI,0.0447235963722438,0.0315019817986361,0.1834346378645457,-0.0461126514713041,4256529847.0,20.0,0.0050360015696369,0.5,9.0,24.0,-0.0376224985178365,-0.0422047678257412,-0.008774865408365,0.6,-0.2431193535715375,1,2026-05-27 09:41:08,24.98,5.97,5.97,1.26,chiefgroup,0.0844827586206896,0.4310344827586207,0.8586206896551724,1.3103448275862069,False,-0.0729411764705882
01406,1406.HK,清晰醫療,2022-02-18,2022-02-17,2022-02-17,生物科技/医药,医疗保健业,hsics,-0.0052791747828929,0.014858920079886,-0.0334232875686938,-0.000831206656236,-0.0108691082190585,-0.1232106068770321,0.0164144689756044,24.204,96193589.51815,0.08,0.0,0.0099072512647555,1.97,0.1899999999999999,0.1227882686814554,336.0951,475.6442,HSCIH.HI,恒生综合行业指数-医疗保健业,0.0369949085816658,-0.1420125235741491,-0.3021137828265485,-0.1568714436540352,hsics,0.0279512799742378,0.029126213592233,HSCIH.HI,0.0369949085816658,-0.1420125235741491,-0.3021137828265485,-0.1568714436540352,3112829886.0,27.0,0.0182726808288547,0.4444444444444444,1.0,18.0,-0.0084217422677527,0.1327922931709888,0.0885369828826597,0.5,-0.1986961477443412,2,2026-06-10 19:04:00,1.6,6.17,6.17,1.13,chiefgroup,-0.0314465408805031,-0.0943396226415095,-0.2830188679245284,-0.2452830188679245,True,-0.512987012987013
01407,1407.HK,交運燃氣,2022-11-16,2022-11-15,2022-11-15,新能源/汽车,能源业,hsics,0.1078562882497216,0.0844561319287855,-0.0847139294421497,0.1405902632348306,0.1431577699512927,-0.0902724141544053,0.0342512119956592,36.946000000000005,104769721.59485002,3.83,0.75,-0.0488262072659109,3.8,-0.2400000000000002,0.609345733029528,846.3044,533.2992,HSCIEN.HI,恒生综合行业指数-能源业,0.0126733916718095,0.0080887373387115,0.0072645293938675,-0.076367394590074,hsics,0.2444407066649361,0.0555555555555555,HSCIEN.HI,0.0126733916718095,0.0080887373387115,0.0072645293938675,-0.076367394590074,-1200104958.0,0.0,,,6.0,22.0,-0.0642952167643567,-0.0567315025752558,-0.0416848352686137,0.5,-0.2996510948047049,4,2026-03-26 21:57:00,1.42,7.15,7.15,1.17,chiefgroup,-0.0657894736842105,-0.1184210526315789,-0.3026315789473684,-0.4934210526315789,True,-0.2957746478873239
01489,1489.HK,GC CONSTRUCTION,2022-10-10,2022-10-09,2022-10-09,地产/建筑,地产建筑业,hsics,-0.0396157532898349,-0.1211635678570171,-0.2042522540171265,0.0164679886032643,-0.1181212525177534,-0.2215104039605373,0.0129299277097447,30.909999999999997,65701099.459599994,3.08,0.75,0.022706547510487,3.89,0.3999999999999999,-0.0853578791531205,352.88379999999995,24.03440000000001,HSCIPC.HI,恒生综合行业指数-地产建筑业,-0.0716159531260401,-0.1099881701120859,-0.2432210442522704,0.0111753977449311,hsics,0.0754650304183346,0.071578947368421,HSCIPC.HI,-0.0716159531260401,-0.1099881701120859,-0.2432210442522704,0.0111753977449311,2826520057.0,8.0,-0.0293041600672883,0.5,8.0,27.0,-0.0065300602222252,-0.0126431405490639,-0.0329033566809355,0.3571428571428571,-0.2406944549273263,0,,0.5,7.58,7.58,1.04,chiefgroup,-0.1129032258064515,-0.1774193548387096,-0.1451612903225806,-0.129032258064516,True,-0.1379310344827585
01880,1880.HK,中國中免,2022-08-25,2022-08-24,2022-08-24,消费/零售,非必需性消费,hsics,-0.0328127313658711,-0.0677937730164044,-0.1002306772759534,-0.0501191240680158,-0.112456003920381,-0.0748089550378492,0.0121609642192712,23.784,68075276.34215,2.33,0.75,0.020283594703728,3.11,0.4299999999999997,-0.2011575271360648,75.25410000000002,136.51050000000004,HSCICD.HI,恒生综合行业指数-非必需性消费,-0.0506951151497014,-0.0420194310698071,-0.0389984611306387,0.0257743419465973,hsics,-0.1998617609447482,0.0448179271708683,HSCICD.HI,-0.0506951151497014,-0.0420194310698071,-0.0389984611306387,0.0257743419465973,3666958662.0,13.0,0.0168637322271917,0.6153846153846154,5.0,25.0,0.0518414094195886,0.024168111764455,-0.0357419736271175,0.4545454545454545,-0.2279390783770931,10,2026-04-09 15:32:58,158.0,1.06,1.06,4.7,chiefgroup,0.3166666666666666,0.425,0.5,0.4525000000000001,False,-0.0631868131868131
01947,1947.HK,美皓集團,2022-12-14,2022-12-13,2022-12-13,生物科技/医药,医疗保健业,hsics,0.0079737958292656,0.0683133512728479,0.013936045482815,0.0148971670730115,0.1073296026056918,0.1176123917697431,0.0222148290216019,31.874,120692825.94460002,3.83,0.0,-0.0238363363363364,3.51,-0.2000000000000001,0.1519819286274852,194.221,846.3044,HSCIH.HI,恒生综合行业指数-医疗保健业,0.0265572112268481,0.032953956854675,0.147341240949353,-0.0353593944181729,hsics,0.1794937881706968,0.2297297297297297,HSCIH.HI,0.0265572112268481,0.032953956854675,0.147341240949353,-0.0353593944181729,4462275142.0,19.0,0.0080711373863214,0.4736842105263157,8.0,23.0,-0.0365504213442985,-0.0217231534975047,0.0122148998444209,0.5714285714285714,-0.2366754978742664,2,2026-03-13 17:48:47,0.84,41.31,41.31,1.37,chiefgroup,-0.0526315789473684,-0.3289473684210526,-0.3026315789473684,-0.3552631578947368,True,-0.3333333333333333
02121,2121.HK,創新奇智,2022-01-27,2022-01-26,2022-01-26,TMT/互联网,资讯科技业,hsics,0.0067163050168168,0.0433554862941441,-0.0322621771521297,-0.008130622090216,0.0228732896167498,-0.1135959848636257,0.01332468307296,21.896,98258312.38390002,0.08,0.0,0.0033274409899135,1.85,0.1200000000000001,0.0096706526899823,453.0575,525.2928,HSCIIT.HI,恒生综合行业指数-信息科技业,0.0206106537679984,0.0404562873822571,-0.0989520137167471,-0.0028991989118869,hsics,0.0124278141710179,0.0769230769230769,HSCIIT.HI,0.0206106537679984,0.0404562873822571,-0.0989520137167471,-0.0028991989118869,996481454.0,6.0,0.005612744981671,0.3333333333333333,6.0,25.0,-0.0062524604459943,0.0407188693256886,0.0077919931611731,0.5882352941176471,-0.1882215171721185,10,2026-04-16 18:28:26,26.3,13.89,13.89,2.62,chiefgroup,-0.2547528517110266,-0.3437262357414448,-0.444106463878327,-0.2790874524714829,True,-0.261
02145,2145.HK,上美股份,2022-12-22,2022-12-21,2022-12-21,生物科技/医药,医疗保健业,hsics,-0.0260737186411127,0.0933974974620246,0.0388118595015782,-0.0502211272175256,0.1321568000621273,0.0974612025302621,0.0217109756990435,28.164,116048388.92325,4.33,0.5,-0.0177124552477858,3.68,0.1500000000000003,0.0854891593679576,80.25760000000001,571.0353000000001,HSCIH.HI,恒生综合行业指数-医疗保健业,-0.0491703116522326,0.0736971280264691,0.2056588204200131,-0.0197003694355555,hsics,0.1667559595457539,0.0714285714285714,HSCIH.HI,-0.0491703116522326,0.0736971280264691,0.2056588204200131,-0.0197003694355555,3587754088.0,20.0,0.0079057376948023,0.5,11.0,25.0,-0.0406355569997663,-0.0525828093214531,-0.0283542806736101,0.625,-0.2318670593731731,10,2026-04-21 10:15:34,25.2,0.48,0.48,1.42,chiefgroup,0.0,0.1904761904761904,0.2142857142857144,0.0119047619047619,False,-0.2455882352941176
02147,2147.HK,正味集團,2023-01-13,2023-01-12,2023-01-12,消费/零售,必需性消费,hsics,0.021942156081772,0.0935601025747898,0.3029940743540174,-0.0015910212784366,0.0702177623369881,0.4021566852934257,0.0126860957511701,26.347999999999995,98767072.52285,4.33,0.5,-0.0133166071600887,3.43,-0.3199999999999998,-0.2021163819787403,140.9192,180.15839999999997,HSCICS.HI,恒生综合行业指数-必需性消费,5.356572237080748e-05,0.0411858002810558,0.2201797749263896,-0.0523743022937339,hsics,-0.1687815510994166,0.1169188445667125,HSCICS.HI,5.356572237080748e-05,0.0411858002810558,0.2201797749263896,-0.0523743022937339,286053569.0,18.0,0.0163795369270983,0.5555555555555556,14.0,28.0,0.0299260885894449,0.0166427870512953,0.0887886961468667,0.4090909090909091,-0.1845205970490497,1,2026-03-31 23:31:25,0.68,18.28,18.28,1.33,chiefgroup,-0.2432432432432432,-0.3513513513513513,-0.3513513513513513,-0.1351351351351351,True,-0.1696428571428572
02152,2152.HK,蘇新服務,2022-08-24,2022-08-23,2022-08-23,地产/建筑,地产建筑业,hsics,-0.0165033493826687,-0.0670926074386728,-0.0767224659426536,-0.0189502926962285,-0.0990570357826282,-0.0109650599617832,0.0121344424237453,23.636000000000003,67269936.32255001,2.33,0.75,0.0121223424095486,3.05,0.3199999999999998,-0.2478873108683602,82.63400000000001,153.03960000000004,HSCIPC.HI,恒生综合行业指数-地产建筑业,-0.0105424838242557,-0.0674616009655966,-0.1602470749536468,-0.0003689935269237,hsics,-0.1354980375414423,0.0972515856236786,HSCIPC.HI,-0.0105424838242557,-0.0674616009655966,-0.1602470749536468,-0.0003689935269237,1895342265.0,6.0,-0.0484610309954374,0.6666666666666666,4.0,24.0,0.0520666954095798,0.022936908404176,-0.0239517565779671,0.4761904761904761,-0.2239573393174743,4,2026-03-31 17:26:00,8.6,0.71,0.71,1.2,chiefgroup,0.0475609756097561,0.0475609756097561,-0.2597560975609755,-0.2414634146341463,False,-0.3035921205098494
02157,2157.HK,樂普生物－Ｂ,2022-02-23,2022-02-22,2022-02-22,生物科技/医药,医疗保健业,hsics,-0.0343126929988901,-0.0245836440261139,-0.0573652557337601,-0.0480084076006624,-0.1136243370531997,-0.1693313477258976,0.0180045857026614,24.842,95884287.86465,0.08,0.0,0.0036561161600334,1.94,0.1599999999999999,0.0778033291013566,205.88779999999997,504.3472,HSCIH.HI,恒生综合行业指数-医疗保健业,-0.0194018599872957,-0.1792935825403708,-0.3075778074943278,-0.1547099385142569,hsics,0.0288251841792039,0.0241545893719806,HSCIH.HI,-0.0194018599872957,-0.1792935825403708,-0.3075778074943278,-0.1547099385142569,3376348315.0,28.0,0.0164969943392347,0.4642857142857143,3.0,20.0,-0.0142053165214529,0.0580707233328945,-0.018987262723578,0.5555555555555556,-0.2247097992401767,10,2026-03-11 09:03:31,7.13,5.65,5.65,1.53,chiefgroup,0.0014025245441794,0.0,-0.0757363253856942,-0.0785413744740532,False,-0.0991620111731843
02167,2167.HK,天潤雲,2022-06-30,2022-06-29,2022-06-29,TMT/互联网,资讯科技业,hsics,0.0470551219182475,0.027162482722552,0.0031585720846256,0.0845500860517567,0.1011753657512855,0.071659149585848,0.017588869015543,30.348000000000003,118229606.51315,1.58,0.7500000000000001,0.0328191018964332,3.1,0.06,0.2805112536590783,458.6822000000001,493.355,HSCIIT.HI,恒生综合行业指数-信息科技业,0.0484726191444251,0.0759657564357234,0.0395616598674739,0.0488032737131713,hsics,0.1432767900196325,0.0816326530612244,HSCIIT.HI,0.0484726191444251,0.0759657564357234,0.0395616598674739,0.0488032737131713,5625876084.0,3.0,-0.0504760145089611,0.3333333333333333,3.0,6.0,-0.0749838136649877,-0.1369795744103578,-0.0728193925093893,0.75,-0.2375516330894616,10,2026-03-31 12:57:02,12.85,1.17,1.17,1.27,chiefgroup,0.0,0.02803738317757,-0.2694704049844236,-0.2671339563862928,False,-0.4338235294117647
02172,2172.HK,微創腦科學,2022-07-15,2022-07-14,2022-07-14,生物科技/医药,医疗保健业,hsics,-0.0412302400989116,-0.0045199355446253,-0.0356384026827673,-0.0402318931202927,-0.0246592557752085,0.074684124999248,0.0142952944626248,28.268,107731941.71995,1.58,0.7500000000000001,0.0463257247423674,2.96,-0.1699999999999999,0.0046597922183841,267.2700000000001,391.703,HSCIH.HI,恒生综合行业指数-医疗保健业,-0.0252594030499294,0.1858518378392852,0.1326014482052535,0.1903717733839106,hsics,0.3257802417474789,0.0373831775700934,HSCIH.HI,-0.0252594030499294,0.1858518378392852,0.1326014482052535,0.1903717733839106,2555631289.0,26.0,-0.0083782922353347,0.5384615384615384,15.0,19.0,-0.0094878732045542,-0.0241149040175539,-0.1146767917263328,0.5882352941176471,-0.2122951535519447,10,2026-06-25 09:17:00,24.64,45.27,45.27,2.14,chiefgroup,-0.0040485829959513,-0.006072874493927,-0.0141700404858298,0.0040485829959514,True,-0.187007874015748
02179,2179.HK,瑞科生物－Ｂ,2022-03-31,2022-03-30,2022-03-30,生物科技/医药,医疗保健业,hsics,0.0035185392487522,-0.0050076262356828,-0.0450388650444836,-0.0266471044745862,-0.0783873151261664,-0.1848699598295171,0.035666772142915,29.071999999999996,145779650.34605002,0.33,0.25,0.0049306625577811,2.35,0.3700000000000001,0.523787328656375,446.6615,157.8754,HSCIH.HI,恒生综合行业指数-医疗保健业,0.0267838003188864,-0.0225695556392981,-0.179961548386613,-0.0175619294036153,hsics,0.4023733936300435,0.0239234449760765,HSCIH.HI,0.0267838003188864,-0.0225695556392981,-0.179961548386613,-0.0175619294036153,3850302181.0,29.0,0.0164169452780129,0.4482758620689655,2.0,9.0,-0.053092695740648,-0.0895388883376831,-0.1575680618252136,0.6,-0.2975757056385423,7,2026-03-25 09:11:00,24.8,10.65,10.65,1.39,chiefgroup,0.01,0.092,0.004,-0.09,False,-0.1563055062166962
02237,2237.HK,中國石墨,2022-07-18,2022-07-17,2022-07-17,工业/制造,原材料业,hsics,-0.06573112679959,-0.0368816132858836,-0.0567132383558384,-0.0766065594974196,-0.023555129247732,0.0277793933524828,0.0148262769239989,28.998,106469337.6582,1.58,0.0,0.0316231967134805,2.93,-0.27,-0.022332149990092,265.3413,403.0059,HSCIMT.HI,恒生综合行业指数-原材料业,-0.0884664979383474,-0.1473319769476367,-0.2763534485703998,-0.110450363661753,hsics,0.0220791392731469,0.062200956937799,HSCIMT.HI,-0.0884664979383474,-0.1473319769476367,-0.2763534485703998,-0.110450363661753,415783230.0,9.0,-0.0513786989983498,0.7777777777777778,18.0,22.0,-0.0075741376213062,-0.0295824541541466,-0.1613785393672427,0.5789473684210527,-0.2264456077998879,3,2026-03-20 20:36:00,0.325,26.51,26.51,1.06,chiefgroup,0.7954545454545455,0.1590909090909091,1.2272727272727273,1.0909090909090908,False,-0.3544303797468354
02245,2245.HK,力勤資源,2022-12-01,2022-11-30,2022-11-30,工业/制造,原材料业,hsics,0.0612549439876373,0.1750192864548747,-0.0677626932236805,0.0684018426427877,0.2032572591647463,-0.0653853003350656,0.0288079331471379,32.25599999999999,109214158.23735002,3.83,0.75,-0.0547627541919372,3.68,-0.1399999999999996,0.3497896816107062,350.54779999999994,955.8153,HSCIMT.HI,恒生综合行业指数-原材料业,0.0600935894144152,0.2054878174154415,0.0324879675824747,0.0304685309605667,hsics,0.3679949556012836,0.1119047619047619,HSCIMT.HI,0.0600935894144152,0.2054878174154415,0.0324879675824747,0.0304685309605667,1701514659.0,10.0,0.0458046254469396,0.6,7.0,21.0,-0.0282513727648409,0.0324558465537511,0.0982434022518652,0.5384615384615384,-0.2545034584351137,10,2026-06-26 08:28:00,15.8,1.47,1.47,1.4,chiefgroup,0.0,-0.0367088607594936,0.0050632911392405,-0.1177215189873418,False,-0.060122699386503
02246,2246.HK,快狗打車,2022-06-24,2022-06-23,2022-06-23,工业/制造,工业,hsics,0.020553185998082,0.0546619027954113,-0.0397312820031345,0.0239025019113765,0.1514013757444519,-0.019626785098036,0.0174777707865653,30.053999999999995,113845729.25675,1.58,0.7500000000000001,0.0223244883971409,3.09,0.1299999999999999,0.2948171403468356,373.7614,442.2630999999999,HSCIIN.HI,恒生综合行业指数-工业,-0.0091092909284073,-0.0264129087872421,-0.1137988107644208,-0.0810748115826535,hsics,0.3142053981320436,0.0990338164251207,HSCIIN.HI,-0.0091092909284073,-0.0264129087872421,-0.1137988107644208,-0.0810748115826535,3616419466.0,7.0,0.0610669405712994,0.8571428571428571,2.0,8.0,-0.0194024183161505,-0.0277163342305649,0.084467103484357,0.5,-0.1482822615214323,1,2026-04-30 09:11:34,21.5,4.05,4.05,1.4,chiefgroup,-0.2223255813953489,-0.4790697674418605,-0.6711627906976744,-0.7209302325581395,True,-0.5340909090909091
02291,2291.HK,心泰醫療,2022-11-08,2022-11-07,2022-11-07,生物科技/医药,医疗保健业,hsics,0.1299712262936934,-0.0360551930513816,-0.1784991936417986,0.1907296952042967,-0.0006590377062692,-0.2149855410983615,0.0287086502537246,37.412,90421796.39385,3.83,0.75,-0.0262460233297985,4.22,0.2099999999999999,0.3701177876407484,1070.1514000000002,352.91479999999996,HSCIH.HI,恒生综合行业指数-医疗保健业,0.2073013993069263,0.1844535057613476,-0.1402984748281439,0.2205086988127292,hsics,0.839922442726607,0.0636363636363636,HSCIH.HI,0.2073013993069263,0.1844535057613476,-0.1402984748281439,0.2205086988127292,6605101403.0,21.0,-0.0021622895692618,0.5238095238095238,5.0,20.0,-0.0414996284775315,-0.0013931625112314,0.0390840407590215,0.3571428571428571,-0.237763736266857,10,2026-07-01 08:52:00,29.15,2.11,2.11,1.38,chiefgroup,-0.0218120805369128,-0.0755033557046979,-0.0285234899328859,-0.0369127516778523,True,-0.0566037735849056
02297,2297.HK,潤邁德－Ｂ,2022-07-08,2022-07-07,2022-07-07,生物科技/医药,医疗保健业,hsics,-0.0098907629030288,-0.0103100043211752,-0.0104439418233621,-0.0318376783412467,-0.0079528763133934,0.0419183476007452,0.0156790919895208,29.42,117170071.41784996,1.58,0.7500000000000001,0.0361947159585793,3.01,-0.2400000000000002,0.1844358352386972,445.2263,427.0158,HSCIH.HI,恒生综合行业指数-医疗保健业,0.0672723828287804,0.1490142106710155,0.1333824209869838,0.1593242149921907,hsics,0.3660528411054444,0.0516431924882629,HSCIH.HI,0.0672723828287804,0.1490142106710155,0.1333824209869838,0.1593242149921907,3526899153.0,27.0,-0.0080173319495895,0.5185185185185185,7.0,10.0,-0.0610796905329195,-0.0886408448290958,-0.1976686514492815,0.75,-0.2729406952723331,0,,6.24,6.35,6.35,1.34,chiefgroup,-0.057142857142857,-0.0874999999999998,-0.2535714285714285,-0.5267857142857143,True,-0.1571969696969697
02306,2306.HK,樂華娛樂,2023-01-19,2023-01-18,2023-01-18,消费/零售,非必需性消费,hsics,0.0112870608157753,0.1352829042461822,0.4294201544417328,-0.0049372348668016,0.0904868095914177,0.4589261342338593,0.0111878399168013,22.964,99695141.99265,4.33,0.0,-0.015004328171588,3.37,-0.4599999999999999,-0.1513977041255141,208.891,88.79469999999999,HSCICD.HI,恒生综合行业指数-非必需性消费,0.0104768020761611,0.1274269738032716,0.4462479450042877,-0.0078559304429106,hsics,-0.0967158510493606,0.0960219478737997,HSCICD.HI,0.0104768020761611,0.1274269738032716,0.4462479450042877,-0.0078559304429106,7046141479.0,19.0,0.0027685816308823,0.5789473684210527,16.0,32.0,0.0183653338336083,-0.0020872239631754,0.0896032642549708,0.4444444444444444,-0.1647186989565315,10,2026-03-26 20:47:00,4.08,28.68,28.68,1.29,chiefgroup,0.0767857142857144,-0.1464285714285713,-0.1982142857142856,-0.1982142857142856,False,-0.2885572139303483
02315,2315.HK,百奧賽圖－Ｂ,2022-09-01,2022-08-31,2022-08-31,生物科技/医药,医疗保健业,hsics,0.0355835410099465,0.0094753451317315,-0.0935833917415678,0.0614015405804311,0.0064883319113169,-0.0708340511137521,0.0134476306529221,24.824,68263635.32415,2.33,0.0,0.0214285714285713,3.15,0.2799999999999998,-0.1202101290518177,20.7673,127.1355,HSCIH.HI,恒生综合行业指数-医疗保健业,0.0442542485884336,-0.0089768781126806,-0.0219007125415608,-0.0184522232444122,hsics,-0.2752996063508565,0.0465116279069767,HSCIH.HI,0.0442542485884336,-0.0089768781126806,-0.0219007125415608,-0.0184522232444122,1685999923.0,23.0,-0.0040513192594232,0.5217391304347826,6.0,26.0,0.076499729213602,0.0493404057502309,0.0216723047149963,0.4285714285714285,-0.2072707816482584,10,2026-05-28 21:07:00,25.22,5.93,5.93,1.6,chiefgroup,-0.0114068441064639,-0.0342205323193917,-0.0038022813688213,-0.0114068441064639,True,-0.0701107011070111
02321,2321.HK,雙財莊,2022-08-19,2022-08-18,2022-08-18,消费/零售,必需性消费,hsics,-0.015860630411758,-0.0394038677730779,-0.020195059607055,-0.0310179361193952,-0.0850478207532131,0.0397536037194721,0.0128638185804308,23.784,67197558.58605,2.33,0.75,0.008914328610303,2.88,0.2099999999999999,-0.3206605088139194,78.20590000000003,228.1479,HSCICS.HI,恒生综合行业指数-必需性消费,-1.8843438086668662e-05,-0.0404667557747558,0.020023972187531,-0.0010628880016779,hsics,-0.3396371236381115,0.0631136044880785,HSCICS.HI,-1.8843438086668662e-05,-0.0404667557747558,0.020023972187531,-0.0010628880016779,-676915961.0,12.0,0.019310709912791,0.5833333333333334,3.0,23.0,0.0351733136021875,-0.0133505403778588,-0.078852092678203,0.5,-0.2272947642954291,3,2026-02-27 21:49:00,0.56,19.2,19.2,2.1,chiefgroup,-0.0125,0.1374999999999999,0.3625,1.225,True,-0.2666666666666667
02325,2325.HK,雲康集團,2022-05-18,2022-05-17,2022-05-17,生物科技/医药,医疗保健业,hsics,0.0493452835406895,-0.0425484058057225,-0.1540989772008288,0.0938248673514541,0.0009463867471035,-0.2217245088706124,0.0208679162823635,33.554,87289285.37650001,0.83,0.4999999999999999,0.0299102691924226,2.98,0.1600000000000001,-0.2749552125122999,416.5,397.19409999999993,HSCIH.HI,恒生综合行业指数-医疗保健业,0.0788772755561693,-0.1104369943264739,-0.200786569904436,-0.0678885885207514,hsics,-0.4084720614261496,0.019047619047619,HSCIH.HI,0.0788772755561693,-0.1104369943264739,-0.200786569904436,-0.0678885885207514,2279898705.0,29.0,0.0194279655410773,0.4137931034482758,2.0,10.0,0.011159026030242,0.1538264858994333,0.0969962208510624,0.5,-0.1664857902763623,10,2026-02-28 09:17:40,7.89,1.35,1.35,1.39,chiefgroup,0.0773130544993663,0.1533586818757921,0.8453738910012676,1.3751584283903673,False,-0.0404530744336569
02347,2347.HK,友和集團,2022-06-10,2022-06-09,2022-06-09,消费/零售,非必需性消费,hsics,0.0269599256912675,0.1031285924486633,0.0601782747575954,0.0713202902883205,0.1816966681965675,0.0809437715039671,0.0187252794791509,27.822000000000003,100571430.1558,0.83,0.0,-0.0066333397423572,3.04,0.2600000000000002,0.1506791629085024,368.2193,219.10749999999993,HSCICD.HI,恒生综合行业指数-非必需性消费,0.0212309848703466,0.1213362605527013,0.0741401863080224,0.0182076681040379,hsics,0.3000470866896823,0.0705218617771509,HSCICD.HI,0.0212309848703466,0.1213362605527013,0.0741401863080224,0.0182076681040379,10517034178.0,17.0,-0.0428413028054998,0.7647058823529411,1.0,7.0,0.0197589941183592,0.0645020679368058,0.2377255745190452,0.3333333333333333,-0.1589085855039027,6,2026-02-02 09:42:01,2.1,8.37,8.37,1.23,chiefgroup,-0.0789473684210525,-0.1359649122807017,-0.3771929824561403,-0.3640350877192982,True,-0.3523809523809523
02350,2350.HK,數科集團,2022-09-26,2022-09-25,2022-09-25,TMT/互联网,资讯科技业,hsics,-0.0441548709098166,-0.1019166301923341,-0.17962295154711,-0.0696728961261529,-0.1590497344848614,-0.2729465926154811,0.011909325958062,27.462,72922591.95285,3.08,0.75,0.0424236834824309,3.69,0.4899999999999997,0.0665751250110646,292.1927,67.83440000000003,HSCIIT.HI,恒生综合行业指数-信息科技业,-0.0705682875348865,-0.1483488531754798,-0.2380692697847773,-0.0464322229831457,hsics,-0.0476432893181193,0.0348258706467661,HSCIIT.HI,-0.0705682875348865,-0.1483488531754798,-0.2380692697847773,-0.0464322229831457,3220164097.0,8.0,0.0053333632132181,0.25,6.0,29.0,0.0385294980547935,0.07175301845896,0.0446237897597321,0.3333333333333333,-0.138584842396148,10,2026-05-18 19:47:00,0.85,151.3,151.3,1.1,chiefgroup,-0.3111111111111111,-0.3777777777777777,-0.4,-0.5722222222222222,True,-0.3571428571428571
02352,2352.HK,東原仁知服務,2022-04-29,2022-04-28,2022-04-28,地产/建筑,地产建筑业,hsics,-0.0196328053758253,-0.0753141128338996,-0.1636488955233977,0.0192501925926258,-0.0950420452690737,-0.2733842694090788,0.0136688027891752,32.656,89409627.22415,0.33,0.0,0.0532358020928578,2.85,0.1299999999999999,-0.3759619666427134,70.82469999999994,588.2224,HSCIPC.HI,恒生综合行业指数-地产建筑业,-0.0041957557384149,0.0113658756298735,-0.1032548329526876,0.0866799884637732,hsics,-0.3267440196233541,0.051063829787234,HSCIPC.HI,-0.0041957557384149,0.0113658756298735,-0.1032548329526876,0.0866799884637732,3646476172.0,14.0,-0.0412783547114447,0.5714285714285714,4.0,9.0,-0.0248770100057939,0.106324782515377,0.0783233462958349,0.6666666666666666,-0.2045122887720808,5,2026-03-17 19:04:59,11.9,4.35,4.35,1.56,chiefgroup,0.0,-0.042016806722689,-0.042016806722689,-0.176470588235294,False,-0.1770134228187919
02361,2361.HK,中康控股,2022-07-12,2022-07-11,2022-07-11,TMT/互联网,资讯科技业,hsics,-0.032347168048153,0.0026875417110081,-0.0091434312751036,-0.0534911183395367,-0.0421637576864634,0.0452614622586595,0.015041183198341,28.184000000000005,111767019.51715,1.58,0.7500000000000001,0.0284139503943741,2.99,-0.3199999999999998,0.0812513606759388,388.29820000000007,338.7883,HSCIIT.HI,恒生综合行业指数-信息科技业,-0.0409087530699737,-0.0285469883245822,0.0485414006482662,-0.0312345300355904,hsics,-0.023248418715383,0.0402010050251256,HSCIIT.HI,-0.0409087530699737,-0.0285469883245822,0.0485414006482662,-0.0312345300355904,6000693031.0,6.0,-0.0263850367757432,0.3333333333333333,9.0,13.0,-0.0595580534608917,-0.1044160640812808,-0.2087908187736286,0.7272727272727273,-0.2642199024842231,4,2026-03-29 17:46:31,5.36,2.21,2.21,1.36,chiefgroup,0.1308016877637131,0.2658227848101265,0.1476793248945148,-0.2616033755274262,False,-0.2642857142857142
02367,2367.HK,巨子生物,2022-11-04,2022-11-03,2022-11-03,生物科技/医药,医疗保健业,hsics,-0.005733105003001,-0.1063960055621998,-0.2239884575827803,0.0154590760951616,-0.1708216102637318,-0.2933131262835095,0.0246596190657729,38.164,82652409.10955,3.83,0.75,0.0090202732874877,4.14,0.1399999999999996,0.2335256037434407,1023.8851,292.7185,HSCIH.HI,恒生综合行业指数-医疗保健业,0.0429427615397461,0.0580531003066213,-0.1664586397096685,0.1644491058688212,hsics,0.6281152558391692,0.0502283105022831,HSCIH.HI,0.0429427615397461,0.0580531003066213,-0.1664586397096685,0.1644491058688212,5863787738.0,22.0,-0.0043776983787498,0.5454545454545454,6.0,21.0,-0.0437432182211213,-0.0251111112291801,0.0249894894769702,0.3571428571428571,-0.2231199615251631,10,2026-06-14 20:31:07,24.3,2.08,2.08,4.22,chiefgroup,0.0269230769230768,0.2846153846153845,0.0653846153846153,0.7115384615384616,False,-0.294452347083926
02370,2370.HK,力高健康生活,2022-03-31,2022-03-30,2022-03-30,地产/建筑,地产建筑业,hsics,0.0035185392487522,-0.0050076262356828,-0.0450388650444836,-0.0266471044745862,-0.0783873151261664,-0.1848699598295171,0.035666772142915,29.071999999999996,145779650.34605002,0.33,0.25,0.0049306625577811,2.35,0.3700000000000001,0.523787328656375,446.6615,157.8754,HSCIPC.HI,恒生综合行业指数-地产建筑业,0.0060155250362534,-0.0034408631226001,-0.0247582883207694,0.0015667631130826,hsics,0.5092182901905502,0.0618336886993603,HSCIPC.HI,0.0060155250362534,-0.0034408631226001,-0.0247582883207694,0.0015667631130826,5392134868.0,14.0,-0.0636684646015546,0.6428571428571429,2.0,9.0,-0.053092695740648,-0.0895388883376831,-0.1575680618252136,0.6,-0.2975757056385423,4,2026-03-30 19:53:49,4.1,1.99,1.99,1.14,chiefgroup,0.1384615384615384,0.8131868131868133,0.8351648351648352,1.4175824175824177,False,-0.079161816065192
02372,2372.HK,偉立控股,2022-06-30,2022-06-29,2022-06-29,工业/制造,工业,hsics,0.0470551219182475,0.027162482722552,0.0031585720846256,0.0845500860517567,0.1011753657512855,0.071659149585848,0.017588869015543,30.348000000000003,118229606.51315,1.58,0.7500000000000001,0.0328191018964332,3.1,0.06,0.2805112536590783,458.6822000000001,493.355,HSCIIN.HI,恒生综合行业指数-工业,0.0501301583535143,-0.034055528807575,-0.0265000064697281,-0.061218011530127,hsics,0.3877296630362885,0.0915662650602409,HSCIIN.HI,0.0501301583535143,-0.034055528807575,-0.0265000064697281,-0.061218011530127,3565077433.0,7.0,-0.0841731194437043,1.0,3.0,6.0,-0.0749838136649877,-0.1369795744103578,-0.0728193925093893,0.75,-0.2375516330894616,1,2026-03-25 21:11:00,0.63,11.37,11.37,1.29,chiefgroup,-0.0999999999999999,-0.057142857142857,-0.3571428571428571,-0.4071428571428571,True,-0.25
02373,2373.HK,美麗田園醫療健康,2023-01-16,2023-01-15,2023-01-15,生物科技/医药,医疗保健业,hsics,0.0355865477875954,0.1223666771819735,0.3352804814676953,0.0279070904536886,0.0785138222904988,0.3652393525665041,0.011824595080628,25.278,98875524.16935,4.33,0.0,-0.0233247299493356,3.49,-0.2599999999999998,-0.1807671798592611,144.72269999999995,194.221,HSCIH.HI,恒生综合行业指数-医疗保健业,0.0777976319626541,0.1911090269866833,0.4919322681597,0.0687423498047097,hsics,-0.1327763578875901,0.2652173913043478,HSCIH.HI,0.0777976319626541,0.1911090269866833,0.4919322681597,0.0687423498047097,1874298245.0,24.0,0.0172470782555638,0.5,11.0,28.0,0.0218600081549434,0.0060550462003966,0.0865741610375947,0.4090909090909091,-0.1787873338333921,10,2026-07-14 09:04:00,19.32,22.12,22.12,4.7,chiefgroup,-0.0278688524590164,-0.0098360655737705,-0.0459016393442622,-0.0278688524590164,True,-0.1290322580645161
02376,2376.HK,魯商服務,2022-07-08,2022-07-07,2022-07-07,地产/建筑,地产建筑业,hsics,-0.0098907629030288,-0.0103100043211752,-0.0104439418233621,-0.0318376783412467,-0.0079528763133934,0.0419183476007452,0.0156790919895208,29.42,117170071.41784996,1.58,0.7500000000000001,0.0361947159585793,3.01,-0.2400000000000002,0.1844358352386972,445.2263,427.0158,HSCIPC.HI,恒生综合行业指数-地产建筑业,-0.0226816227226435,-0.0096962834496697,-0.1103807687479279,0.0006137208715054,hsics,0.024708213373366,0.0889830508474576,HSCIPC.HI,-0.0226816227226435,-0.0096962834496697,-0.1103807687479279,0.0006137208715054,1001308206.0,10.0,-0.0632198897683067,0.7,7.0,10.0,-0.0610796905329195,-0.0886408448290958,-0.1976686514492815,0.75,-0.2729406952723331,2,2026-03-29 15:57:44,5.92,7.39,7.39,1.2,chiefgroup,-0.1157684630738523,-0.2814371257485029,-0.4890219560878243,-0.5169660678642715,True,-0.4176072234762978
02385,2385.HK,讀書郎,2022-07-12,2022-07-11,2022-07-11,消费/零售,非必需性消费,hsics,-0.032347168048153,0.0026875417110081,-0.0091434312751036,-0.0534911183395367,-0.0421637576864634,0.0452614622586595,0.015041183198341,28.184000000000005,111767019.51715,1.58,0.7500000000000001,0.0284139503943741,2.99,-0.3199999999999998,0.0812513606759388,388.29820000000007,338.7883,HSCICD.HI,恒生综合行业指数-非必需性消费,-0.0330315579954412,0.0282564760825334,0.0942974648132943,0.0255689343715252,hsics,0.1162874515617917,0.080281690140845,HSCICD.HI,-0.0330315579954412,0.0282564760825334,0.0942974648132943,0.0255689343715252,9789637433.0,14.0,-0.0280563639500531,0.7142857142857143,9.0,13.0,-0.0595580534608917,-0.1044160640812808,-0.2087908187736286,0.7272727272727273,-0.2642199024842231,2,2026-04-22 19:20:04,7.6,1.73,1.73,1.62,chiefgroup,0.3333333333333333,0.3648148148148148,0.298148148148148,0.2685185185185184,False,-0.0789473684210525
02390,2390.HK,知乎－Ｗ,2022-04-22,2022-04-21,2022-04-21,消费/零售,非必需性消费,hsics,-0.0388445437511153,-0.0551438877843399,-0.1422714427784767,-0.0610670134697045,-0.0965167893428834,-0.2929038444943096,0.0128773372103097,28.47,97513358.95155,0.33,0.0,0.0222470540430719,2.9,0.5099999999999998,-0.3068137121517126,59.4978999999999,507.0474,HSCICD.HI,恒生综合行业指数-非必需性消费,-0.0282612261421576,-0.0457025546819843,-0.2362343169686696,0.0094413331023556,hsics,-0.3106512109634103,0.0437853107344632,HSCICD.HI,-0.0282612261421576,-0.0457025546819843,-0.2362343169686696,0.0094413331023556,4274274776.0,16.0,-0.0443916297218255,0.75,3.0,9.0,-0.0216372438910493,0.0926307277391579,0.0807306855184597,0.5,-0.1778294140910683,10,2026-03-25 17:34:00,32.06,1.0,1.0,4.37,chiefgroup,-0.0180360721442885,0.0821643286573146,-0.0901803607214428,-0.0941883767535069,True,-0.2592592592592593
02391,2391.HK,塗鴉智能－Ｗ,2022-07-05,2022-07-04,2022-07-04,TMT/互联网,资讯科技业,hsics,-0.0179567530023141,0.0081486475877323,-0.0094920268335787,0.008174103708902,0.110611342316597,0.0715644250075542,0.016367977101213,30.639999999999997,121101783.6803,1.58,0.7500000000000001,0.0271484374999999,2.88,-0.6100000000000003,0.2805959766906125,528.2370000000001,481.914,HSCIIT.HI,恒生综合行业指数-信息科技业,-0.047587228342463,0.0269753623346438,0.0347345762846511,0.0188267147469114,hsics,0.1930131902126162,0.0558375634517766,HSCIIT.HI,-0.047587228342463,0.0269753623346438,0.0347345762846511,0.0188267147469114,5815889463.0,4.0,-0.0378570108817208,0.25,5.0,8.0,-0.0666558757766584,-0.0961706286011196,-0.1529818053608063,0.6666666666666666,-0.2723383436282685,3,2026-03-03 09:14:38,19.3,9.95,9.95,1.3,chiefgroup,-0.0132924335378322,-0.0337423312883435,-0.3323108384458077,-0.6007157464212679,True,-0.2652849740932642
02392,2392.HK,玄武雲,2022-07-08,2022-07-07,2022-07-07,TMT/互联网,资讯科技业,hsics,-0.0098907629030288,-0.0103100043211752,-0.0104439418233621,-0.0318376783412467,-0.0079528763133934,0.0419183476007452,0.0156790919895208,29.42,117170071.41784996,1.58,0.7500000000000001,0.0361947159585793,3.01,-0.2400000000000002,0.1844358352386972,445.2263,427.0158,HSCIIT.HI,恒生综合行业指数-信息科技业,-0.0023551890834691,-0.0408710473949941,0.0563853952838935,-0.0305610430738189,hsics,0.0955662335032001,0.0606060606060606,HSCIIT.HI,-0.0023551890834691,-0.0408710473949941,0.0563853952838935,-0.0305610430738189,6139645397.0,5.0,-0.0329440954129431,0.4,7.0,10.0,-0.0610796905329195,-0.0886408448290958,-0.1976686514492815,0.75,-0.2729406952723331,10,2026-02-24 09:33:28,6.24,42.13,42.13,2.09,chiefgroup,0.0064102564102564,-0.0705128205128205,0.0272435897435897,-0.1538461538461538,False,-0.1480891719745224
02402,2402.HK,億華通,2023-01-12,2023-01-11,2023-01-11,工业/制造,工业,hsics,0.0309208194445178,0.0938881007542278,0.2673119876461607,0.0270941034944507,0.0406428926074446,0.4180370950700427,0.0126851295152698,27.266,98601355.14275,4.33,0.5,-0.0074024226110362,3.54,-0.1299999999999999,-0.218738625140892,228.82419999999996,75.52839999999999,HSCIIN.HI,恒生综合行业指数-工业,0.0434249678771894,0.0434161474931737,0.1797771065912219,-0.050471953261054,hsics,-0.2228042776304448,0.171021377672209,HSCIIN.HI,0.0434249678771894,0.0434161474931737,0.1797771065912219,-0.050471953261054,298072628.0,9.0,0.0565865732851984,0.4444444444444444,13.0,27.0,0.0313511404270375,0.0174353007204046,0.090119903899892,0.4285714285714285,-0.1913871692587587,10,2026-03-16 15:26:18,60.0,0.29,0.29,1.84,chiefgroup,0.0,0.0,0.0608333333333333,0.0033333333333333,False,-0.0403225806451612
02407,2407.HK,高視醫療,2022-12-12,2022-12-11,2022-12-11,生物科技/医药,医疗保健业,hsics,0.0656223310406498,0.1486356075324113,0.0554903784854852,0.1265129569144203,0.2514047176361758,0.1024950669643041,0.0229816130957076,32.246,126207897.01849996,3.83,0.0,-0.0139084672493186,3.57,-0.2600000000000002,0.3272940899516465,75.52839999999999,991.5004,HSCIH.HI,恒生综合行业指数-医疗保健业,0.0846893213148893,0.1530492786411339,0.1526601845552957,0.0044136711087225,hsics,0.2729787580669371,0.248868778280543,HSCIH.HI,0.0846893213148893,0.1530492786411339,0.1526601845552957,0.0044136711087225,5398137403.0,19.0,0.0106707817224154,0.4736842105263157,5.0,21.0,-0.033996350748338,0.0182433997251611,0.0750781944675317,0.5454545454545454,-0.2193252784651234,5,2026-03-26 21:39:00,51.4,1.52,1.52,1.04,chiefgroup,0.0039062499999999,0.0039062499999999,-0.0390625,0.0283203124999999,False,-0.1196172248803827
02411,2411.HK,百果園集團,2023-01-16,2023-01-15,2023-01-15,消费/零售,必需性消费,hsics,0.0355865477875954,0.1223666771819735,0.3352804814676953,0.0279070904536886,0.0785138222904988,0.3652393525665041,0.011824595080628,25.278,98875524.16935,4.33,0.0,-0.0233247299493356,3.49,-0.2599999999999998,-0.1807671798592611,144.72269999999995,194.221,HSCICS.HI,恒生综合行业指数-必需性消费,0.0243846133122513,0.0802889494989869,0.2667455114206183,-0.0420777276829866,hsics,-0.1422318178267089,0.1332417582417582,HSCICS.HI,0.0243846133122513,0.0802889494989869,0.2667455114206183,-0.0420777276829866,396461485.0,19.0,0.0027151800760277,0.5789473684210527,11.0,28.0,0.0218600081549434,0.0060550462003966,0.0865741610375947,0.4090909090909091,-0.1787873338333921,10,2026-06-01 20:47:00,5.6,12.2,12.2,2.8,chiefgroup,-0.0797546012269938,-0.1319018404907974,-0.1411042944785276,-0.0904907975460122,True,-0.0956239870340356
02418,2418.HK,德銀天下,2022-07-15,2022-07-14,2022-07-14,工业/制造,工业,hsics,-0.0412302400989116,-0.0045199355446253,-0.0356384026827673,-0.0402318931202927,-0.0246592557752085,0.074684124999248,0.0142952944626248,28.268,107731941.71995,1.58,0.7500000000000001,0.0463257247423674,2.96,-0.1699999999999999,0.0046597922183841,267.2700000000001,391.703,HSCIIN.HI,恒生综合行业指数-工业,-0.0072562327434952,0.0005757565372355,-0.0297175141242937,0.0050956920818608,hsics,0.0323765899538104,0.0719424460431654,HSCIIN.HI,-0.0072562327434952,0.0005757565372355,-0.0297175141242937,0.0050956920818608,2807034743.0,9.0,-0.065393410574037,0.8888888888888888,15.0,19.0,-0.0094878732045542,-0.0241149040175539,-0.1146767917263328,0.5882352941176471,-0.2122951535519447,10,2026-05-14 21:24:00,1.8,0.42,0.42,1.41,chiefgroup,0.0285714285714286,-0.0628571428571429,-0.2571428571428571,-0.4114285714285714,False,-0.2555555555555555
02420,2420.HK,子不語,2022-11-11,2022-11-10,2022-11-10,消费/零售,非必需性消费,hsics,0.0483425459386199,-0.0187972379220103,-0.1799922899783996,0.0452561697107056,0.0047533876969361,-0.248344558591708,0.0283066583736005,36.486,91351904.69585,3.83,0.75,-0.0407255913213586,3.82,-0.3900000000000001,0.3889172386515165,1052.8034999999998,394.3855,HSCICD.HI,恒生综合行业指数-非必需性消费,0.0382457461363991,0.0004778253636783,-0.1916350897261742,0.0192750632856887,hsics,0.4118976684093991,0.0403337969401947,HSCICD.HI,0.0382457461363991,0.0004778253636783,-0.1916350897261742,0.0192750632856887,8204199915.0,15.0,0.0020157941610738,0.6,5.0,21.0,-0.0594658856356853,-0.0375150711829375,-0.0218013905841842,0.4666666666666667,-0.2606977577705137,4,2026-03-26 23:20:00,7.86,1.91,1.91,1.56,chiefgroup,-0.0083732057416268,-0.2141148325358851,-0.2595693779904305,-0.3062200956937799,True,-0.2907117008443908
02422,2422.HK,潤歌互動,2022-10-17,2022-10-16,2022-10-16,消费/零售,非必需性消费,hsics,-0.0368777953448999,-0.1202320704421515,-0.2006398663017723,-0.0941391149119336,-0.1909212674619759,-0.2993821139194765,0.0143088971628944,35.94,66489339.45380001,3.08,0.75,0.0333789329685361,4.0,0.1200000000000001,-0.0915933873488846,435.3294,75.29629999999997,HSCICD.HI,恒生综合行业指数-非必需性消费,-0.0446373940153258,-0.1285811913891947,-0.2260747884142023,-0.0083491209470432,hsics,-0.1319775385824356,0.0362622036262203,HSCICD.HI,-0.0446373940153258,-0.1285811913891947,-0.2260747884142023,-0.0083491209470432,3594995419.0,14.0,0.0185510022274204,0.6428571428571429,8.0,19.0,-0.0130239555031845,-0.0236373396937993,-0.0309184795250678,0.375,-0.2217981504454436,5,2026-03-23 16:49:00,0.64,14.1,14.1,1.37,chiefgroup,0.0384615384615384,0.5692307692307692,1.0692307692307692,0.8461538461538459,False,-0.1553398058252427
02425,2425.HK,澳亞集團,2022-12-30,2022-12-29,2022-12-29,消费/零售,必需性消费,hsics,0.0031464661709152,0.0536227799944921,0.1500226903733978,0.0277928081911518,0.111377813851158,0.1985043823317254,0.0187791195481639,28.528,114806842.83655,4.33,0.5,-0.0069723018147087,3.83,0.2600000000000002,0.1020335198924691,101.73420000000004,399.5861,HSCICS.HI,恒生综合行业指数-必需性消费,0.0011963290881196,0.0422068088803164,0.1050006971526593,-0.0114159711141756,hsics,0.1838831804106107,0.0939226519337016,HSCICS.HI,0.0011963290881196,0.0422068088803164,0.1050006971526593,-0.0114159711141756,303066708.0,17.0,0.0161475055025898,0.5882352941176471,14.0,27.0,0.0138772543708925,0.0097117312402556,0.0659202010913962,0.4761904761904761,-0.2208248539785008,10,2026-05-08 16:45:30,6.4,2.08,2.08,1.16,chiefgroup,0.0442622950819672,-0.0114754098360654,-0.181967213114754,-0.4459016393442623,False,-0.1868131868131869
02427,2427.HK,GUANZE MEDICAL,2022-12-29,2022-12-28,2022-12-28,生物科技/医药,医疗保健业,hsics,0.0385386803782157,0.0699932194203114,0.153501154723701,0.0211826927921141,0.2270933871523242,0.220954573604817,0.0186321750510676,28.406,117259715.4511,4.33,0.5,-0.013681826759766,3.88,0.3999999999999999,0.1283251482882668,50.741299999999995,484.9417,HSCIH.HI,恒生综合行业指数-医疗保健业,0.0546398342665324,0.0680913805375724,0.3139183134825909,-0.0019018388827389,hsics,0.2685581586875529,0.145374449339207,HSCIH.HI,0.0546398342665324,0.0680913805375724,0.3139183134825909,-0.0019018388827389,2802418758.0,22.0,0.0085509617170946,0.4545454545454545,13.0,25.0,-0.029239150739391,-0.0482723681958497,-0.0197574525733302,0.5263157894736842,-0.2274079369869066,4,2026-02-12 09:12:51,0.53,14.23,14.23,1.2,chiefgroup,0.4583333333333334,0.6833333333333335,0.3250000000000001,2.45,False,-0.2376237623762376
02436,2436.HK,凌雄科技,2022-11-24,2022-11-23,2022-11-23,TMT/互联网,资讯科技业,hsics,-0.0401320517427236,0.1440258211594844,-0.1014928281183904,-0.0657591432888772,0.2024787252861022,-0.1633612948102579,0.0303312305610468,34.094,106908841.9002,3.83,0.75,-0.0324521422060164,3.71,-0.4299999999999997,0.4570666753591526,571.0353000000001,773.0691999999999,HSCIIT.HI,恒生综合行业指数-信息科技业,-0.0639786445263691,0.2260515409254209,-0.1319319079656188,0.0820257197659364,hsics,0.5610761650048666,0.064039408866995,HSCIIT.HI,-0.0639786445263691,0.2260515409254209,-0.1319319079656188,0.0820257197659364,4646667743.0,10.0,-0.0309168187305818,0.4,5.0,20.0,-0.0644019494014891,-0.0611378990078503,-0.0603238883885248,0.5714285714285714,-0.2993742057391776,10,2026-06-29 17:48:00,7.6,6.16,6.16,1.12,chiefgroup,-0.0126582278481013,0.1379746835443037,0.3772151898734177,0.6632911392405063,True,-0.09447983014862
02440,2440.HK,濠暻科技,2022-12-12,2022-12-11,2022-12-11,TMT/互联网,资讯科技业,hsics,0.0656223310406498,0.1486356075324113,0.0554903784854852,0.1265129569144203,0.2514047176361758,0.1024950669643041,0.0229816130957076,32.246,126207897.01849996,3.83,0.0,-0.0139084672493186,3.57,-0.2600000000000002,0.3272940899516465,75.52839999999999,991.5004,HSCIIT.HI,恒生综合行业指数-信息科技业,0.1036035261799348,0.2352741466196939,0.0676718720197193,0.0866385390872825,hsics,0.27149156091072,0.142156862745098,HSCIIT.HI,0.1036035261799348,0.2352741466196939,0.0676718720197193,0.0866385390872825,2687984745.0,11.0,-0.0292569468321745,0.4545454545454545,5.0,21.0,-0.033996350748338,0.0182433997251611,0.0750781944675317,0.5454545454545454,-0.2193252784651234,10,2026-02-16 13:56:25,2.73,96.73,96.73,1.1,chiefgroup,-0.0990990990990991,-0.2837837837837838,-0.3513513513513514,-0.3333333333333334,True,-0.3349999999999999
02450,2450.HK,淮北綠金股份,2023-01-20,2023-01-19,2023-01-19,地产/建筑,地产建筑业,hsics,0.0063623391171372,0.1299804963234236,0.4134643193122713,-0.0082814980579016,0.0787503927882204,0.5881249311672239,0.01130210094613,22.48,98915039.40825,4.33,0.0,-0.0210051793592941,3.39,-0.4899999999999997,-0.1595334026349287,208.891,88.79469999999999,HSCIPC.HI,恒生综合行业指数-地产建筑业,0.0134159513387528,0.0784307794682557,0.360424297924298,-0.0515497168551679,hsics,-0.4638006766898088,0.1467505241090146,HSCIPC.HI,0.0134159513387528,0.0784307794682557,0.360424297924298,-0.0515497168551679,792675338.0,8.0,-0.0421312478674743,0.5,17.0,33.0,0.0204517759926121,-0.0072422720869396,0.0793240660417831,0.4285714285714285,-0.1691415030627392,5,2026-03-13 16:48:18,1.91,12.26,12.26,0.95,chiefgroup,-0.1239669421487602,-0.1735537190082644,-0.3057851239669421,-0.4297520661157025,True,-0.2636363636363636
02455,2455.HK,潤華服務,2023-01-17,2023-01-16,2023-01-16,地产/建筑,地产建筑业,hsics,0.0167558585659288,0.1180447768637278,0.341469312422584,-0.0140021696624432,0.0634925996519739,0.4098568179777933,0.0118838876160123,24.258,99377091.01545002,4.33,0.0,-0.0237482117310443,3.49,-0.3499999999999996,-0.1659348212653663,174.28680000000003,112.8523,HSCIPC.HI,恒生综合行业指数-地产建筑业,-0.0042227426573201,0.0345170939814853,0.2519587774405307,-0.0835276828822424,hsics,-0.3883552472956392,0.1449579831932773,HSCIPC.HI,-0.0042227426573201,0.0345170939814853,0.2519587774405307,-0.0835276828822424,908984670.0,7.0,-0.0357276373143806,0.4285714285714285,14.0,30.0,0.0209318690289098,0.0007789244137663,0.0833450243601717,0.44,-0.1707712774903707,4,2026-04-01 16:36:40,1.7,8.74,8.74,1.29,chiefgroup,-0.0869565217391303,-0.0579710144927535,-0.0869565217391303,0.0072463768115942,True,-0.088235294117647
02457,2457.HK,步陽國際,2022-12-15,2022-12-14,2022-12-14,消费/零售,非必需性消费,hsics,0.0456358338798883,0.0776146332699403,0.0438449416621125,0.0582747331009627,0.1136351514355167,0.0995542742803765,0.0221295029502048,31.447999999999997,119147871.83205,3.83,0.0,-0.0250258726126635,3.49,-0.2199999999999997,0.0983680751469193,112.8523,844.2544999999999,HSCICD.HI,恒生综合行业指数-非必需性消费,0.0373337084224787,0.0891594734612499,0.0450665463400445,0.0115448401913096,hsics,0.1127467952089011,0.1444444444444444,HSCICD.HI,0.0373337084224787,0.0891594734612499,0.0450665463400445,0.0115448401913096,6171542860.0,14.0,0.004175096952036,0.5714285714285714,9.0,24.0,-0.0376224985178365,-0.0422047678257412,-0.008774865408365,0.6,-0.2431193535715375,2,2026-03-27 19:01:00,0.5,51.22,51.22,1.19,chiefgroup,-0.1549295774647887,0.0563380281690141,0.1549295774647887,0.0,True,-0.1428571428571429
02458,2458.HK,望塵科技控股,2023-01-16,2023-01-15,2023-01-15,TMT/互联网,资讯科技业,hsics,0.0355865477875954,0.1223666771819735,0.3352804814676953,0.0279070904536886,0.0785138222904988,0.3652393525665041,0.011824595080628,25.278,98875524.16935,4.33,0.0,-0.0233247299493356,3.49,-0.2599999999999998,-0.1807671798592611,144.72269999999995,194.221,HSCIIT.HI,恒生综合行业指数-信息科技业,0.0391678972100302,0.1669181675435727,0.5223808721797005,0.0445514903615991,hsics,-0.2007960052571271,0.1553398058252427,HSCIIT.HI,0.0391678972100302,0.1669181675435727,0.5223808721797005,0.0445514903615991,1456109626.0,10.0,-0.0524250322437161,0.6,11.0,28.0,0.0218600081549434,0.0060550462003966,0.0865741610375947,0.4090909090909091,-0.1787873338333921,3,2026-03-13 20:34:00,6.5,3.4,3.4,1.7,chiefgroup,0.15,0.0279999999999999,0.366,0.0199999999999999,False,-0.1113043478260868
02459,2459.HK,昇能集團,2023-01-17,2023-01-16,2023-01-16,工业/制造,工业,hsics,0.0167558585659288,0.1180447768637278,0.341469312422584,-0.0140021696624432,0.0634925996519739,0.4098568179777933,0.0118838876160123,24.258,99377091.01545002,4.33,0.0,-0.0237482117310443,3.49,-0.3499999999999996,-0.1659348212653663,174.28680000000003,112.8523,HSCIIN.HI,恒生综合行业指数-工业,0.0242641792016669,0.0454704064338171,0.2296454815509692,-0.0725743704299106,hsics,-0.1893311259609702,0.2227488151658767,HSCIIN.HI,0.0242641792016669,0.0454704064338171,0.2296454815509692,-0.0725743704299106,294343421.0,9.0,0.0659660826647078,0.3333333333333333,14.0,30.0,0.0209318690289098,0.0007789244137663,0.0833450243601717,0.44,-0.1707712774903707,10,2026-07-20 16:36:56,1.6,9.88,9.88,1.2,chiefgroup,0.0595238095238095,-0.0178571428571428,0.4226190476190477,0.1309523809523809,False,-0.0898876404494382
02469,2469.HK,粉筆,2023-01-09,2023-01-08,2023-01-08,消费/零售,非必需性消费,hsics,0.0633448726871903,0.0792489343313678,0.2808285501775263,0.0788059506345641,0.0648633841105195,0.3516765500746635,0.014228363788738,29.194,103071539.34674998,4.33,0.5,-0.0086815493226483,3.55,-0.02,-0.1296805517257212,184.3313,145.10819999999998,HSCICD.HI,恒生综合行业指数-非必需性消费,0.0526855379169679,0.0383608209378902,0.2947076416663718,-0.0408881133934775,hsics,-0.0971267785251821,0.1611570247933884,HSCICD.HI,0.0526855379169679,0.0383608209378902,0.2947076416663718,-0.0408881133934775,5415549316.0,17.0,0.0139816945614654,0.5882352941176471,15.0,26.0,0.0282313279087287,0.0076928710531629,0.0710474391883296,0.4761904761904761,-0.2008547792088777,10,2026-07-08 20:12:00,9.9,33.88,33.88,2.3243,chiefgroup,0.0571428571428571,-0.0095238095238094,0.140952380952381,0.0952380952380952,False,-0.0918918918918918
02602,2602.HK,萬物雲,2022-09-29,2022-09-28,2022-09-28,地产/建筑,地产建筑业,hsics,-0.0647202273616912,-0.1352521902067417,-0.2105969550273714,-0.056481672975898,-0.1658691380208673,-0.274647210158539,0.0130686637226055,29.651999999999997,73472866.90689999,3.08,0.75,0.0358390001837898,3.72,0.4300000000000001,0.113629567325991,352.88379999999995,24.03440000000001,HSCIPC.HI,恒生综合行业指数-地产建筑业,-0.0862109892576143,-0.0996176892098201,-0.2431752295775202,0.0356345009969215,hsics,0.1994934850238907,0.0675105485232067,HSCIPC.HI,-0.0862109892576143,-0.0996176892098201,-0.2431752295775202,0.0356345009969215,3118565192.0,7.0,-0.0347436014804097,0.5714285714285714,7.0,28.0,-0.0003194585191958,0.0218051522104336,-0.0047788535469047,0.3846153846153846,-0.1628690662568935,10,2026-07-02 21:28:00,49.35,0.82,0.82,3.3,chiefgroup,0.0087719298245613,-0.043859649122807,-0.2828947368421052,0.0723684210526315,False,-0.2130434782608695
03611,3611.HK,花房集團,2022-12-12,2022-12-11,2022-12-11,其他,,fallback,0.0656223310406498,0.1486356075324113,0.0554903784854852,0.1265129569144203,0.2514047176361758,0.1024950669643041,0.0229816130957076,32.246,126207897.01849996,3.83,0.0,-0.0139084672493186,3.57,-0.2600000000000002,0.3272940899516465,75.52839999999999,991.5004,,,,,,,,,,,,,,,,7.0,-0.0136834209920366,0.1428571428571428,5.0,21.0,-0.033996350748338,0.0182433997251611,0.0750781944675317,0.5454545454545454,-0.2193252784651234,10,2026-04-30 09:04:57,,,,,,-0.0425531914893617,-0.2249240121580548,-0.2644376899696049,-0.4194528875379939,True,-0.4462616822429907
03660,3660.HK,３６０數科－Ｓ,2022-11-29,2022-11-28,2022-11-28,金融,金融业,hsics,-0.0202747975040652,0.1777705756511531,-0.1423943631247137,-0.0548214499692022,0.2034270940801112,-0.1834358266999814,0.02886418423757,31.294,103923692.23445,3.83,0.75,-0.0440860215053762,3.69,-0.4499999999999997,0.3566747329052937,484.9417,831.5769999999999,HSCIFN.HI,恒生综合行业指数-金融业,0.0048223763933867,0.1710680084737013,-0.0792869016389185,-0.0067025671774518,hsics,0.1834068735182601,0.1095238095238095,HSCIFN.HI,0.0048223763933867,0.1710680084737013,-0.0792869016389185,-0.0067025671774518,1597735760.0,1.0,-0.0210526315789473,1.0,6.0,21.0,-0.032499593222517,0.0082336229628746,0.0639402338624455,0.5833333333333334,-0.273055075144929,7,2026-03-06 10:58:18,50.03,2.46,2.46,5.3,chiefgroup,0.0227272727272727,0.3231225296442688,0.5098814229249012,0.6946640316205533,False,-0.0318840579173288
03931,3931.HK,中創新航,2022-10-06,2022-10-05,2022-10-05,工业/制造,工业,hsics,-0.0396157532898349,-0.1211635678570171,-0.2042522540171265,0.0049353904919779,-0.0931122757098716,-0.2027744209767752,0.0129299277097447,32.684000000000005,67969456.6059,3.08,0.75,0.022706547510487,3.76,0.3099999999999996,-0.0524596613466378,352.88379999999995,24.03440000000001,HSCIIN.HI,恒生综合行业指数-工业,-0.0623541449754064,-0.1844660952113291,-0.2895760510316499,-0.063302527354312,hsics,-0.0828477857383352,0.0596658711217183,HSCIIN.HI,-0.0623541449754064,-0.1844660952113291,-0.2895760510316499,-0.063302527354312,1705064638.0,10.0,0.0333046254469396,0.7,7.0,28.0,-0.0196413105782178,-0.0220668391316742,-0.0797828850761289,0.4,-0.192521504357013,10,2026-07-19 16:17:02,38.0,0.21,0.21,2.11,chiefgroup,0.0,-0.0263157894736842,-0.4592105263157895,-0.4736842105263158,False,-0.4736842105263158
04801,4801.HK,INTERRA ACQ Z25,2022-09-09,2022-09-08,2022-09-08,其他,,fallback,-0.037897548183909,-0.0611385175997128,-0.0955034268902105,-0.0547045933278221,-0.0815373867470009,-0.1551261843545618,0.0114184168299922,26.722,71725246.81785001,2.33,0.0,0.043192845590334,3.29,0.31,0.0145116058199767,61.77149999999997,142.75990000000002,,,,,,,,,,,,,,,,7.0,-0.01642423190976,0.2857142857142857,6.0,27.0,0.1060807090226146,0.092175006888898,0.1051893551600741,0.3333333333333333,-0.1784121085656672,0,,,,,,,,,,,False,
04841,4841.HK,匯德收購Ｚ２５,2022-08-09,2022-08-08,2022-08-08,其他,,fallback,-0.005954128367576,-0.051051874153814,0.0073873912809685,0.0026619266191503,-0.0621641484112059,0.1217583917225111,0.0139263339357114,25.966,74099158.89584997,2.33,0.75,-0.0170024025133986,2.77,-0.2399999999999997,-0.3370212499539734,155.59799999999998,388.29820000000007,,,,,,,,,,,,,,,,4.0,-0.02189897587968,0.5,10.0,21.0,0.0325772965324863,-0.0201487859918938,-0.0919459760352442,0.55,-0.2328448463972353,0,,,,,,,,,,,False,
06610,6610.HK,飛天雲動,2022-10-18,2022-10-17,2022-10-17,TMT/互联网,资讯科技业,hsics,-0.0350683582065277,-0.141995377603326,-0.1815386161598445,-0.0584780183523284,-0.170622436626244,-0.3016436469919671,0.0121739788498324,36.42,64825348.18785001,3.08,0.75,0.0286317335046344,4.02,0.0499999999999993,-0.1354922465285155,482.4921000000001,70.83389999999997,HSCIIT.HI,恒生综合行业指数-信息科技业,-0.0662628927800432,-0.1990951131346708,-0.2470570325862114,-0.0570997355313448,hsics,-0.1086291317654364,0.0297029702970297,HSCIIT.HI,-0.0662628927800432,-0.1990951131346708,-0.2470570325862114,-0.0570997355313448,4552779819.0,9.0,-0.0298271339339295,0.3333333333333333,9.0,20.0,-0.0095915892388696,0.0158872009011718,0.0424248037253212,0.3529411764705882,-0.2173675941374303,6,2026-02-10 09:33:18,2.21,1.05,1.05,1.07,chiefgroup,-0.0407239819004524,0.0361990950226244,0.2624434389140272,0.828054298642534,True,-0.1204819277108434
06639,6639.HK,瑞爾集團,2022-03-22,2022-03-21,2022-03-21,生物科技/医药,医疗保健业,hsics,0.0865097999862787,-0.1219992329356099,-0.0849963975625015,0.1687741393962276,-0.1710220800724785,-0.2131526723886694,0.0350334900010904,39.044,140674102.5623,0.33,0.25,0.0245500884219287,2.32,0.5999999999999999,0.4417000071744106,577.4232999999999,243.6656,HSCIH.HI,恒生综合行业指数-医疗保健业,0.1655983843204225,-0.1238406379522694,-0.2740449933404805,-0.0018414050166594,hsics,0.1099328342693417,0.0336538461538461,HSCIH.HI,0.1655983843204225,-0.1238406379522694,-0.2740449933404805,-0.0018414050166594,3202829043.0,28.0,0.0189602119146543,0.4285714285714285,2.0,12.0,-0.0930843619732643,-0.1555444094585748,-0.2044715463817009,0.6,-0.2898309542573268,4,2026-03-02 20:45:45,14.62,1.74,1.74,1.62,chiefgroup,-0.0547945205479451,-0.0136986301369862,-0.2095890410958904,-0.184931506849315,True,-0.2997237569060773
06660,6660.HK,艾美疫苗,2022-10-06,2022-10-05,2022-10-05,生物科技/医药,医疗保健业,hsics,-0.0396157532898349,-0.1211635678570171,-0.2042522540171265,0.0049353904919779,-0.0931122757098716,-0.2027744209767752,0.0129299277097447,32.684000000000005,67969456.6059,3.08,0.75,0.022706547510487,3.76,0.3099999999999996,-0.0524596613466378,352.88379999999995,24.03440000000001,HSCIH.HI,恒生综合行业指数-医疗保健业,0.0104320801047981,-0.1991310327897244,-0.3236421366830774,-0.0779674649327073,hsics,0.0907823318386775,0.0460829493087557,HSCIH.HI,0.0104320801047981,-0.1991310327897244,-0.3236421366830774,-0.0779674649327073,1967844401.0,23.0,0.0006984898652949,0.5652173913043478,7.0,28.0,-0.0196413105782178,-0.0220668391316742,-0.0797828850761289,0.4,-0.192521504357013,10,2026-02-05 20:30:37,16.16,3.15,3.15,3.27,chiefgroup,0.1106666666666666,0.1173333333333334,0.8266666666666665,0.5733333333333335,False,-0.5382920110192837
06661,6661.HK,湖州燃氣,2022-07-13,2022-07-12,2022-07-12,其他,公用事业,fallback,-0.0461413430698752,-0.0105966444829336,-0.0247787420167236,-0.0693812578553763,-0.016209113896668,0.0794745174073314,0.015340282318501,28.130000000000003,109974574.5945,1.58,0.7500000000000001,0.0254076602199468,2.96,-0.2000000000000001,0.0472940951570748,345.39680000000004,358.81669999999997,HSCIUT.HI,恒生综合行业指数-公用事业,0.0008680982349182,-0.0166831455246692,-0.0156043394752312,-0.0060865010417355,hsics,,,HSCIUT.HI,0.0008680982349182,-0.0166831455246692,-0.0156043394752312,-0.0060865010417355,-267917798.0,4.0,0.0041136588286068,0.25,11.0,15.0,-0.0146925820748279,-0.0398414696360883,-0.1423747333436348,0.6153846153846154,-0.249973231541017,4,2026-02-25 19:53:45,6.08,8.08,8.08,1.18,chiefgroup,-0.0635451505016723,0.003344481605351,-0.0050167224080267,-0.0702341137123747,True,-0.014827018121911
06667,6667.HK,美因基因,2022-06-22,2022-06-21,2022-06-21,生物科技/医药,医疗保健业,hsics,0.0233339772802245,0.0532255401303169,0.0159391442764689,0.0357722372833071,0.1394301231417214,0.0778497199647723,0.0167235552648465,30.648000000000003,112424085.69195,1.58,0.7500000000000001,0.022923197492163,3.31,0.3700000000000001,0.2711744990653839,373.0836,445.5559,HSCIH.HI,恒生综合行业指数-医疗保健业,0.0991895037891086,0.1495218313992865,0.0644584020785372,0.0962962912689695,hsics,0.2819489813030638,0.1090047393364928,HSCIH.HI,0.0991895037891086,0.1495218313992865,0.0644584020785372,0.0962962912689695,4576466669.0,28.0,0.0188988126391681,0.4285714285714285,1.0,7.0,-0.0005447713072287,-0.0082076790425328,0.1420547006074794,0.3333333333333333,-0.1899491498778004,10,2026-07-08 09:31:00,18.0,9.62,9.62,2.05,chiefgroup,-0.0759753593429158,-0.0862422997946611,-0.0882956878850102,-0.3172484599589322,True,-0.023281596452328
06678,6678.HK,百德醫療,2022-09-22,2022-09-21,2022-09-21,其他,,fallback,-0.0213550095240115,-0.0542796713368285,-0.1772762084966438,-0.054649588437725,-0.0974924091774779,-0.2632759695442567,0.0148243596944675,26.76,74278642.73975,2.33,0.0,0.0260733370186105,3.51,0.25,0.1041877962184207,221.0118,82.63400000000001,,,,,,,,,,,,,,,,9.0,-0.0086404080226955,0.2222222222222222,7.0,29.0,0.0385294980547935,0.07175301845896,0.0446237897597321,0.3636363636363636,-0.138584842396148,1,2026-02-24 16:57:42,,,,,,,,,,False,
06686,6686.HK,諾亞控股－Ｓ,2022-07-13,2022-07-12,2022-07-12,金融,金融业,hsics,-0.0461413430698752,-0.0105966444829336,-0.0247787420167236,-0.0693812578553763,-0.016209113896668,0.0794745174073314,0.015340282318501,28.130000000000003,109974574.5945,1.58,0.7500000000000001,0.0254076602199468,2.96,-0.2000000000000001,0.0472940951570748,345.39680000000004,358.81669999999997,HSCIFN.HI,恒生综合行业指数-金融业,-0.0395974525461214,-0.0051891175739955,-0.0617651397481843,0.005407526908938,hsics,0.031186490038676,0.0574162679425837,HSCIFN.HI,-0.0395974525461214,-0.0051891175739955,-0.0617651397481843,0.005407526908938,1404845197.0,2.0,0.0309644255874673,0.0,11.0,15.0,-0.0146925820748279,-0.0398414696360883,-0.1423747333436348,0.6153846153846154,-0.249973231541017,10,2026-02-23 18:14:20,292.0,3.26,3.26,5.9,chiefgroup,-0.0210526315789473,-0.0385964912280701,-0.1543859649122807,-0.239298245614035,True,-0.0968421052631579
06689,6689.HK,洪九果品,2022-09-05,2022-09-04,2022-09-04,其他,,fallback,-0.0355948723948985,-0.0371177223573576,-0.1079551760097367,-0.0368744454426385,-0.0616709041124325,-0.1275989306332589,0.0132311585891143,25.67,70418244.68374999,2.33,0.0,0.02852585155297,3.2,0.4100000000000001,-0.0707160313398739,29.106699999999993,135.2499,,,,,,,,,,,,,,,,6.0,-0.02189897587968,0.3333333333333333,7.0,27.0,0.0850439044752989,0.0575194535533913,0.0595238826469734,0.4,-0.1921533362230482,4,2026-03-14 13:37:03,,,,,,0.0,0.0,-0.1037499999999999,0.75,False,-0.1187270501835985
06696,6696.HK,多想雲,2022-11-09,2022-11-08,2022-11-08,消费/零售,非必需性消费,hsics,0.071305127636075,-0.0163405488000494,-0.1740247443725034,0.0873450837878542,0.0199863402923103,-0.231331875496196,0.0282883719148647,37.038,91027551.491,3.83,0.75,-0.0323064701209286,4.14,0.0,0.3859183672558846,1080.9321000000002,358.50559999999996,HSCICD.HI,恒生综合行业指数-非必需性消费,0.1022062615272403,0.0172841094245779,-0.1785279005027491,0.0336246582246273,hsics,0.4267743590278428,0.0459610027855153,HSCICD.HI,0.1022062615272403,0.0172841094245779,-0.1785279005027491,0.0336246582246273,9197871071.0,14.0,0.0244965492177435,0.5714285714285714,6.0,20.0,-0.0399852017128686,-0.0070939466030365,0.0338834614750286,0.4285714285714285,-0.2238283545220916,9,2026-02-27 16:44:20,1.96,2.81,2.81,1.01,chiefgroup,-0.3127147766323025,-0.4329896907216496,-0.7457044673539518,-0.7835051546391752,True,-0.74
06698,6698.HK,星空華文,2022-12-29,2022-12-28,2022-12-28,消费/零售,非必需性消费,hsics,0.0385386803782157,0.0699932194203114,0.153501154723701,0.0211826927921141,0.2270933871523242,0.220954573604817,0.0186321750510676,28.406,117259715.4511,4.33,0.5,-0.013681826759766,3.88,0.3999999999999999,0.1283251482882668,50.741299999999995,484.9417,HSCICD.HI,恒生综合行业指数-非必需性消费,0.0313082111318896,0.0785511439747093,0.1309062306871171,0.0085579245543978,hsics,0.2104596258998115,0.1424619640387275,HSCICD.HI,0.0313082111318896,0.0785511439747093,0.1309062306871171,0.0085579245543978,6175126885.0,16.0,-0.0071328299349883,0.625,13.0,25.0,-0.029239150739391,-0.0482723681958497,-0.0197574525733302,0.5263157894736842,-0.2274079369869066,10,2026-06-29 08:58:00,26.5,5.12,5.12,1.47,chiefgroup,0.3886328725038404,0.4377880184331797,1.4347158218125962,2.333333333333333,False,-0.0789473684210526
06922,6922.HK,康灃生物－Ｂ,2022-12-30,2022-12-29,2022-12-29,生物科技/医药,医疗保健业,hsics,0.0031464661709152,0.0536227799944921,0.1500226903733978,0.0277928081911518,0.111377813851158,0.1985043823317254,0.0187791195481639,28.528,114806842.83655,4.33,0.5,-0.0069723018147087,3.83,0.2600000000000002,0.1020335198924691,101.73420000000004,399.5861,HSCIH.HI,恒生综合行业指数-医疗保健业,0.0494632579196674,0.0930359728483554,0.335732691366494,0.0394131928538632,hsics,0.2752644335436955,0.1447368421052631,HSCIH.HI,0.0494632579196674,0.0930359728483554,0.335732691366494,0.0394131928538632,3207187436.0,23.0,0.0281067170047572,0.4347826086956521,14.0,27.0,0.0138772543708925,0.0097117312402556,0.0659202010913962,0.4761904761904761,-0.2208248539785008,1,2026-04-29 18:30:08,18.9,1.95,1.95,1.28,chiefgroup,-0.0454054054054054,-0.0789189189189189,-0.1729729729729729,0.028108108108108,True,-0.2525481313703285
06929,6929.HK,業聚醫療,2022-12-23,2022-12-22,2022-12-22,生物科技/医药,医疗保健业,hsics,0.016037822061389,0.1142818316167353,0.0843770233001524,0.017916428078704,0.1751573002017512,0.1940598922592109,0.0222762562101051,28.176,117126238.46879998,4.33,0.5,-0.0139807292650671,3.67,0.1600000000000001,0.1101477247879936,112.94759999999997,490.3599,HSCIH.HI,恒生综合行业指数-医疗保健业,-0.0039862971546792,0.0827691431723351,0.2499024368201385,-0.0315126884444001,hsics,0.2019364519614392,0.0844444444444444,HSCIH.HI,-0.0039862971546792,0.0827691431723351,0.2499024368201385,-0.0315126884444001,3521060174.0,21.0,0.0075292739950498,0.4761904761904761,12.0,26.0,-0.0382452301174271,-0.0382852210980623,-0.0140813397936498,0.5882352941176471,-0.2326741873685228,5,2026-03-12 17:09:52,8.8,2.01,2.01,1.09,chiefgroup,0.0397727272727272,-0.0511363636363637,-0.0431818181818182,0.4477272727272726,False,-0.1092896174863388
06955,6955.HK,博安生物－Ｂ,2022-12-30,2022-12-29,2022-12-29,生物科技/医药,医疗保健业,hsics,0.0031464661709152,0.0536227799944921,0.1500226903733978,0.0277928081911518,0.111377813851158,0.1985043823317254,0.0187791195481639,28.528,114806842.83655,4.33,0.5,-0.0069723018147087,3.83,0.2600000000000002,0.1020335198924691,101.73420000000004,399.5861,HSCIH.HI,恒生综合行业指数-医疗保健业,0.0494632579196674,0.0930359728483554,0.335732691366494,0.0394131928538632,hsics,0.2752644335436955,0.1447368421052631,HSCIH.HI,0.0494632579196674,0.0930359728483554,0.335732691366494,0.0394131928538632,3207187436.0,23.0,0.0281067170047572,0.4347826086956521,14.0,27.0,0.0138772543708925,0.0097117312402556,0.0659202010913962,0.4761904761904761,-0.2208248539785008,10,2026-06-11 22:12:00,19.8,2.12,2.12,1.52,chiefgroup,-0.0050251256281405,-0.1758793969849246,-0.2462311557788945,-0.0030150753768843,True,-0.2323232323232323
06963,6963.HK,陽光保險,2022-12-09,2022-12-08,2022-12-08,金融,金融业,hsics,0.0380963512812466,0.2095131906891594,0.0213150391455712,0.1122452804192188,0.3458975612845045,0.0801442390625444,0.0276828296074619,32.419999999999995,125560911.2409,3.83,0.0,-0.0283648498331479,3.48,-0.3399999999999998,0.3744750222663291,57.243799999999986,1052.8034999999998,HSCIFN.HI,恒生综合行业指数-金融业,0.021500584308832,0.1759955306583156,0.0434109677267071,-0.0335176600308437,hsics,0.3377787153327247,0.1706161137440758,HSCIFN.HI,0.021500584308832,0.1759955306583156,0.0434109677267071,-0.0335176600308437,4296136497.0,2.0,0.0008373205741627,0.5,6.0,20.0,-0.0398278760507998,0.0245166333816351,0.0762309483385508,0.5833333333333334,-0.1963909531247817,10,2026-03-16 20:14:28,5.83,0.13,0.13,1.34,chiefgroup,0.0,-0.2727272727272727,-0.1269296740994854,-0.2452830188679245,False,-0.2727272727272727
07801,7801.HK,INTERRA ACQ-Z,2022-09-16,2022-09-15,2022-09-15,其他,,fallback,-0.0059818423360269,-0.0497965862632356,-0.098911194316162,-0.0126307482725983,-0.0650144722690905,-0.167396348965474,0.0139796920211275,26.07,73193367.95639999,2.33,0.0,0.0285044538209093,3.45,0.4100000000000001,0.080758632591863,184.7393,79.64660000000003,,,,,,,,,,,,,,,,8.0,-0.01642423190976,0.25,7.0,29.0,0.1351494552959164,0.0888275211546283,0.1952210197281277,0.3636363636363636,-0.1828886398645025,0,,,,,,,0.0224948875255624,0.0224948875255624,0.0224948875255624,0.0224948875255624,False,0.0
07841,7841.HK,匯德收購－Ｚ,2022-08-09,2022-08-08,2022-08-08,其他,,fallback,-0.005954128367576,-0.051051874153814,0.0073873912809685,0.0026619266191503,-0.0621641484112059,0.1217583917225111,0.0139263339357114,25.966,74099158.89584997,2.33,0.75,-0.0170024025133986,2.77,-0.2399999999999997,-0.3370212499539734,155.59799999999998,388.29820000000007,,,,,,,,,,,,,,,,4.0,-0.02189897587968,0.5,10.0,21.0,0.0325772965324863,-0.0201487859918938,-0.0919459760352442,0.55,-0.2328448463972353,0,,,,,,,,,,,False,
09638,9638.HK,法拉帝,2022-03-31,2022-03-30,2022-03-30,工业/制造,工业,hsics,0.0035185392487522,-0.0050076262356828,-0.0450388650444836,-0.0266471044745862,-0.0783873151261664,-0.1848699598295171,0.035666772142915,29.071999999999996,145779650.34605002,0.33,0.25,0.0049306625577811,2.35,0.3700000000000001,0.523787328656375,446.6615,157.8754,HSCIIN.HI,恒生综合行业指数-工业,-0.0273156378348555,-0.0763544073903755,-0.1526359636006322,-0.0713467811546927,hsics,0.5518456162428689,0.0460048426150121,HSCIIN.HI,-0.0273156378348555,-0.0763544073903755,-0.1526359636006322,-0.0713467811546927,1600858203.0,7.0,0.0488118332671908,0.8571428571428571,2.0,9.0,-0.053092695740648,-0.0895388883376831,-0.1575680618252136,0.6,-0.2975757056385423,6,2026-03-19 15:00:35,22.88,1.07,1.07,2.06,chiefgroup,-0.0086767895878524,-0.0086767895878524,0.0845986984815617,-0.1366594360086769,True,-0.0274509803921568
09696,9696.HK,天齊鋰業,2022-07-13,2022-07-12,2022-07-12,工业/制造,原材料业,hsics,-0.0461413430698752,-0.0105966444829336,-0.0247787420167236,-0.0693812578553763,-0.016209113896668,0.0794745174073314,0.015340282318501,28.130000000000003,109974574.5945,1.58,0.7500000000000001,0.0254076602199468,2.96,-0.2000000000000001,0.0472940951570748,345.39680000000004,358.81669999999997,HSCIMT.HI,恒生综合行业指数-原材料业,-0.0588839399421365,-0.1103999728371587,-0.2257067440407827,-0.0998033283542251,hsics,0.0757543655362433,0.0745192307692307,HSCIMT.HI,-0.0588839399421365,-0.1103999728371587,-0.2257067440407827,-0.0998033283542251,341465141.0,8.0,-0.0861514795132413,1.0,11.0,15.0,-0.0146925820748279,-0.0398414696360883,-0.1423747333436348,0.6153846153846154,-0.249973231541017,10,2026-06-09 15:14:36,82.0,9.3,9.3,5.2,chiefgroup,0.1006711409395973,0.0583892617449663,0.1516778523489932,-0.0785234899328858,False,-0.0615853658536584
09857,9857.HK,檸萌影視,2022-08-10,2022-08-09,2022-08-09,消费/零售,非必需性消费,hsics,0.0159595026920835,-0.0403603019274888,0.0026681423403562,0.0241295240471763,-0.0505888753992369,0.0634494096028153,0.0136965425911567,24.86,72675972.17754999,2.33,0.75,-0.0171042899408283,2.8,-0.2400000000000002,-0.3391565964631189,137.55360000000002,345.39680000000004,HSCICD.HI,恒生综合行业指数-非必需性消费,0.0074920955759789,-0.0222187408472002,0.0621094804911344,0.0181415610802886,hsics,-0.4055277459006625,0.0617977528089887,HSCICD.HI,0.0074920955759789,-0.0222187408472002,0.0621094804911344,0.0181415610802886,4293270668.0,12.0,0.0208567474757778,0.5833333333333334,12.0,23.0,0.0384470157405672,-0.0140532003977461,-0.0769329756973023,0.4761904761904761,-0.2265534723980923,10,2026-05-08 18:51:00,27.75,0.81,0.81,1.38,chiefgroup,-0.027027027027027,0.0,-0.1153153153153152,-0.1135135135135134,True,-0.2413793103448276
09863,9863.HK,零跑汽車,2022-09-29,2022-09-28,2022-09-28,消费/零售,非必需性消费,hsics,-0.0647202273616912,-0.1352521902067417,-0.2105969550273714,-0.056481672975898,-0.1658691380208673,-0.274647210158539,0.0130686637226055,29.651999999999997,73472866.90689999,3.08,0.75,0.0358390001837898,3.72,0.4300000000000001,0.113629567325991,352.88379999999995,24.03440000000001,HSCICD.HI,恒生综合行业指数-非必需性消费,-0.0443526582831897,-0.1192973775358733,-0.196860748070198,0.0159548126708684,hsics,0.0279940204331452,0.0377094972067039,HSCICD.HI,-0.0443526582831897,-0.1192973775358733,-0.196860748070198,0.0159548126708684,4674803640.0,13.0,0.0370511731304678,0.6153846153846154,7.0,28.0,-0.0003194585191958,0.0218051522104336,-0.0047788535469047,0.3846153846153846,-0.1628690662568935,10,2026-07-22 08:50:00,48.0,0.16,0.16,2.33,chiefgroup,-0.2219512195121951,-0.3951219512195121,-0.5517073170731708,-0.3280487804878048,True,-0.438871473354232
09877,9877.HK,健世科技－Ｂ,2022-10-10,2022-10-09,2022-10-09,生物科技/医药,医疗保健业,hsics,-0.0396157532898349,-0.1211635678570171,-0.2042522540171265,0.0164679886032643,-0.1181212525177534,-0.2215104039605373,0.0129299277097447,30.909999999999997,65701099.459599994,3.08,0.75,0.022706547510487,3.89,0.3999999999999999,-0.0853578791531205,352.88379999999995,24.03440000000001,HSCIH.HI,恒生综合行业指数-医疗保健业,0.0104320801047981,-0.1991310327897244,-0.3236421366830774,-0.0779674649327073,hsics,0.0675788945677842,0.036697247706422,HSCIH.HI,0.0104320801047981,-0.1991310327897244,-0.3236421366830774,-0.0779674649327073,1967844401.0,24.0,0.0052804972320187,0.5416666666666666,8.0,27.0,-0.0065300602222252,-0.0126431405490639,-0.0329033566809355,0.3571428571428571,-0.2406944549273263,10,2026-03-30 09:39:00,27.8,1.52,1.52,1.19,chiefgroup,0.0089285714285714,-0.0017857142857143,0.1071428571428571,0.4285714285714285,False,-0.0789096126255379
09878,9878.HK,匯通達網絡,2022-02-18,2022-02-17,2022-02-17,消费/零售,非必需性消费,hsics,-0.0052791747828929,0.014858920079886,-0.0334232875686938,-0.000831206656236,-0.0108691082190585,-0.1232106068770321,0.0164144689756044,24.204,96193589.51815,0.08,0.0,0.0099072512647555,1.97,0.1899999999999999,0.1227882686814554,336.0951,475.6442,HSCICD.HI,恒生综合行业指数-非必需性消费,0.0096655657878423,-0.0073720284021177,-0.1377844088026856,-0.0222309484820038,hsics,0.0795430926410263,0.0694050991501416,HSCICD.HI,0.0096655657878423,-0.0073720284021177,-0.1377844088026856,-0.0222309484820038,6110513477.0,21.0,-0.044746154967097,0.7619047619047619,1.0,18.0,-0.0084217422677527,0.1327922931709888,0.0885369828826597,0.5,-0.1986961477443412,10,2026-02-13 21:24:06,43.0,1.67,1.67,2.0497,chiefgroup,0.0355912743972446,-0.0126291618828931,-0.0654420206659011,0.0424799081515499,False,-0.1708333333333334
09886,9886.HK,叮噹健康,2022-09-14,2022-09-13,2022-09-13,生物科技/医药,医疗保健业,hsics,0.0052617069859615,-0.0356272136026099,-0.0868010684226118,0.0013238802333588,-0.0554788343158384,-0.1255157214512096,0.0131190257881357,26.216,73658936.0974,2.33,0.0,0.0319188884716485,3.42,0.31,0.0967922271672174,69.88549999999998,144.62510000000003,HSCIH.HI,恒生综合行业指数-医疗保健业,-0.0400532439378387,-0.1259390847116969,-0.0976863031855629,-0.090311871109087,hsics,0.0209426559215117,0.037037037037037,HSCIH.HI,-0.0400532439378387,-0.1259390847116969,-0.0976863031855629,-0.090311871109087,1080838624.0,24.0,-0.0043577994613832,0.5416666666666666,6.0,28.0,0.1583926166567824,0.1049901931973247,0.229592719003945,0.3,-0.2025847202493717,10,2026-07-09 09:24:00,12.0,7.2,7.2,1.7,chiefgroup,-0.0275526742301458,-0.0243111831442464,-0.0453808752025932,0.0194489465153971,True,-0.0450160771704178
09896,9896.HK,名創優品,2022-07-13,2022-07-12,2022-07-12,消费/零售,非必需性消费,hsics,-0.0461413430698752,-0.0105966444829336,-0.0247787420167236,-0.0693812578553763,-0.016209113896668,0.0794745174073314,0.015340282318501,28.130000000000003,109974574.5945,1.58,0.7500000000000001,0.0254076602199468,2.96,-0.2000000000000001,0.0472940951570748,345.39680000000004,358.81669999999997,HSCICD.HI,恒生综合行业指数-非必需性消费,-0.053628349958906,0.0082340983696622,0.0621843754069657,0.0188307428525958,hsics,0.0792207662293273,0.0618846694796061,HSCICD.HI,-0.053628349958906,0.0082340983696622,0.0621843754069657,0.0188307428525958,8835991223.0,14.0,0.0143409550430105,0.6428571428571429,11.0,15.0,-0.0146925820748279,-0.0398414696360883,-0.1423747333436348,0.6153846153846154,-0.249973231541017,10,2026-06-01 20:47:00,13.8,1.4,1.4,4.84,chiefgroup,0.0136363636363637,0.0848484848484849,-0.0909090909090908,-0.1363636363636363,False,-0.1861111111111111
09955,9955.HK,智雲健康,2022-07-06,2022-07-05,2022-07-05,生物科技/医药,医疗保健业,hsics,-0.0252420160248219,0.0149268496126868,-0.0103009349417495,-0.0416902858456146,0.0563782067872007,0.0745206166767973,0.0163032974206741,30.321999999999996,120166189.35335,1.58,0.7500000000000001,0.040844244674614,2.82,-0.5100000000000002,0.2477025742115848,493.0155,505.4519,HSCIH.HI,恒生综合行业指数-医疗保健业,0.0404596282939708,0.2228302614674,0.1002841241468333,0.2079034118547131,hsics,0.4226015374516407,0.1179245283018868,HSCIH.HI,0.0404596282939708,0.2228302614674,0.1002841241468333,0.2079034118547131,4247083645.0,27.0,0.0070048352841458,0.4814814814814814,6.0,9.0,-0.0590325268853975,-0.0872523004135802,-0.1786002386586636,0.7142857142857143,-0.2713307194089822,3,2026-02-18 21:54:22,30.5,7.89,7.89,2.15,chiefgroup,-0.0754098360655737,-0.0983606557377049,-0.3311475409836066,-0.5147540983606557,True,-0.2842105263157894
09985,9985.HK,衛龍,2022-12-15,2022-12-14,2022-12-14,消费/零售,必需性消费,hsics,0.0456358338798883,0.0776146332699403,0.0438449416621125,0.0582747331009627,0.1136351514355167,0.0995542742803765,0.0221295029502048,31.447999999999997,119147871.83205,3.83,0.0,-0.0250258726126635,3.49,-0.2199999999999997,0.0983680751469193,112.8523,844.2544999999999,HSCICS.HI,恒生综合行业指数-必需性消费,0.0493986176277685,0.0901552780219256,0.0684765930603907,0.0125406447519853,hsics,0.1127467952089011,0.1444444444444444,HSCICS.HI,0.0493986176277685,0.0901552780219256,0.0684765930603907,0.0125406447519853,959674557.0,14.0,0.004175096952036,0.5714285714285714,9.0,24.0,-0.0376224985178365,-0.0422047678257412,-0.008774865408365,0.6,-0.2431193535715375,10,2026-06-11 20:25:00,10.56,15.3,15.3,2.6,chiefgroup,-0.0176470588235293,-0.0901960784313725,-0.0039215686274508,0.1176470588235295,True,-0.1231060606060606
00666,0666.HK,瑞浦蘭鈞,2023-12-18,2023-12-17,2023-12-17,工业/制造,工业,hsics,0.0280280169972884,-0.0379278557183118,-0.0695775468862893,0.0201730770446597,-0.0501136803917862,-0.0359883363432206,0.0125753286272221,23.178,74513797.48205,5.33,0.0,-0.0118474282411865,3.91,-0.4799999999999995,0.1216575737109331,43.818500000000014,336.20469999999995,HSCIIN.HI,恒生综合行业指数-工业,0.0273469011455045,-0.0346414571286249,-0.0455046735976529,0.0032863985896868,hsics,0.1241252595339623,0.1,HSCIIN.HI,0.0273469011455045,-0.0346414571286249,-0.0455046735976529,0.0032863985896868,800077023.0,10.0,0.0035242173678709,0.4,6.0,23.0,0.0187274551232111,0.0074799564173417,0.1263055979781892,0.3076923076923077,-0.1625323618611678,10,2026-07-09 19:08:00,18.3,1.27,1.27,1.21,chiefgroup,0.0096774193548386,-0.0086021505376344,0.0139784946236558,-0.2172043010752688,False,-0.2229357798165137
01111,1111.HK,華視集團控股,2023-11-10,2023-11-09,2023-11-09,消费/零售,非必需性消费,hsics,0.016290794453353,-0.0398569815787842,-0.0901349525070883,0.0552837281030409,0.0181505351043642,-0.0582585734534422,0.0134627893055073,23.448,64856611.939,5.33,0.0,-0.0061925314317883,4.62,-0.3099999999999996,0.1550008208773543,319.7061,597.6632,HSCICD.HI,恒生综合行业指数-非必需性消费,0.0323914513112109,-0.0483066853240963,-0.1410524499654935,-0.008449703745312,hsics,0.1479386552398265,0.0490716180371352,HSCICD.HI,0.0323914513112109,-0.0483066853240963,-0.1410524499654935,-0.008449703745312,4287751266.0,22.0,-0.0012948456727844,0.5,7.0,15.0,9.760802571423062e-05,-0.0292565040145661,-0.0020476910498971,0.4285714285714285,-0.2180905336125448,3,2026-03-27 22:56:00,1.04,12.62,12.62,1.09,chiefgroup,-0.018181818181818,0.1636363636363636,0.2484848484848485,-0.7424242424242424,True,-0.1194690265486725
01274,1274.HK,知行汽車科技,2023-12-20,2023-12-19,2023-12-19,TMT/互联网,资讯科技业,hsics,0.007969708998748,-0.0692961329973288,-0.079503975059326,-0.0060290838415656,-0.081571549239917,-0.0710465093881687,0.0117550165890944,22.512,72411248.78770001,5.33,0.0,-0.0143808512691824,3.93,-0.3399999999999994,0.0692157747667894,259.4949,208.8276,HSCIIT.HI,恒生综合行业指数-信息科技业,-0.0014546031278498,-0.0796953307718009,-0.0867400647361855,-0.010399197774472,hsics,-0.1204172002973216,0.055045871559633,HSCIIT.HI,-0.0014546031278498,-0.0796953307718009,-0.0867400647361855,-0.010399197774472,-516890010.0,7.0,0.0502104298587154,0.2857142857142857,7.0,24.0,0.0180810239968987,0.0063312344919863,0.1182822334528653,0.2857142857142857,-0.1668468917151211,10,2026-05-25 20:02:00,29.65,6.46,6.46,1.07,chiefgroup,-0.1252115059221658,0.1404399323181049,0.3688663282571913,1.4822335025380708,True,-0.041237113402062
01284,1284.HK,新傳企劃,2023-07-17,2023-07-16,2023-07-16,消费/零售,非必需性消费,hsics,0.057067250363449,0.0002761687968417,-0.050151158506782,0.0839483143327153,0.00723864338663,0.0061960707111634,0.0160320583176453,23.728,66489303.71085,5.08,0.0,-0.0296087758470052,3.83,0.1099999999999998,-0.1424792302472597,-124.2825,224.50430000000003,HSCICD.HI,恒生综合行业指数-非必需性消费,0.0606986203651704,0.0336138493052422,-0.0197250762702949,0.0333376805084004,hsics,-0.1457318623366044,0.0669344042838018,HSCICD.HI,0.0606986203651704,0.0336138493052422,-0.0197250762702949,0.0333376805084004,3004623864.0,21.0,-0.0202475404025532,0.6666666666666666,7.0,15.0,0.0180491180213116,0.074379462749633,0.1215384392037866,0.4,-0.2258594841006524,1,2026-07-22 09:35:00,0.92,44.2,44.2,1.5,chiefgroup,0.0568181818181818,0.0568181818181818,-0.3977272727272727,-0.5397727272727273,False,-0.4907407407407407
01405,1405.HK,達勢股份,2023-03-28,2023-03-27,2023-03-27,消费/零售,非必需性消费,hsics,0.029839937560228,-0.018844225514967,-0.0012948462363715,0.0608277765591147,0.0290387955569275,-0.0045195558159591,0.0195512394372699,27.986,97823475.14455,4.83,0.25,-0.0172957477305303,3.53,-0.4400000000000004,0.0688501614014704,552.1362,51.21209999999996,HSCICD.HI,恒生综合行业指数-非必需性消费,0.0386113412380371,-0.0216599869347974,-0.0106342330889624,-0.0028157614198304,hsics,0.0066340491964773,0.0534246575342465,HSCICD.HI,0.0386113412380371,-0.0216599869347974,-0.0106342330889624,-0.0028157614198304,7394669189.0,19.0,0.0049367100460649,0.5789473684210527,2.0,17.0,0.0088633426866445,0.0041964446265854,-0.0429241712701406,0.0,-0.0699255311880849,7,2026-02-05 10:36:52,46.0,0.45,0.45,1.9,chiefgroup,-0.001086956521739,0.2282608695652173,0.0967391304347826,0.1119565217391304,True,-0.2067610062893081
01497,1497.HK,燕之屋,2023-12-12,2023-12-11,2023-12-11,消费/零售,必需性消费,hsics,-0.0267066361088665,-0.0702803420824148,-0.1099094773286774,-0.0247917293691424,-0.0790602014982143,-0.0967295861628564,0.014738744881493,24.07,74854245.62955,5.33,0.0,-0.0150468439481404,4.23,-0.1799999999999997,0.182529870080641,197.8229000000001,357.7981999999999,HSCICS.HI,恒生综合行业指数-必需性消费,-0.0341575447955615,-0.0869941052068798,-0.126518802860076,-0.016713763124465,hsics,0.3516322584326283,0.0607661822985469,HSCICS.HI,-0.0341575447955615,-0.0869941052068798,-0.126518802860076,-0.016713763124465,-254112039.0,24.0,0.0031912401025354,0.4583333333333333,6.0,22.0,0.026637282732685,0.0184207464362472,0.143259635904943,0.25,-0.1578636669303545,10,2026-03-17 22:06:12,9.7,83.63,83.63,1.27,chiefgroup,-0.0761904761904762,-0.1238095238095238,-0.0771428571428572,-0.0495238095238094,True,-0.2185567010309277
01519,1519.HK,極兔速遞－Ｗ,2023-10-27,2023-10-26,2023-10-26,工业/制造,工业,hsics,-0.0145283070139784,-0.0470205081182626,-0.1198302723347209,-0.0157399603541954,-0.0274332099776374,-0.1688140565101475,0.0136903792113301,26.618,56605996.32358499,5.33,0.0,0.0119589977220957,4.86,0.08,-0.2349652455477132,327.8057,739.2662999999999,HSCIIN.HI,恒生综合行业指数-工业,-0.0147757847533631,-0.0449269692227437,-0.1604860434458644,0.0020935388955188,hsics,-0.2543711091708293,0.0608899297423887,HSCIIN.HI,-0.0147757847533631,-0.0449269692227437,-0.1604860434458644,0.0020935388955188,1109059616.0,8.0,-0.0147807748017892,0.375,7.0,11.0,0.0003116046690436,-0.0061298734467711,-0.0429920678973575,0.5454545454545454,-0.2271033774920007,10,2026-06-24 09:09:00,12.0,1.36,1.36,1.91,chiefgroup,0.0,0.0333333333333333,0.005,0.3283333333333333,False,-0.0937996820349761
01541,1541.HK,宜明昂科－Ｂ,2023-09-05,2023-09-04,2023-09-04,生物科技/医药,医疗保健业,hsics,0.0393486421403648,-0.0355083857442347,-0.0235771675273249,0.0606240710112722,-0.0427566784221232,0.0979337004252276,0.0135849313088374,26.792,75775786.67920001,5.33,0.0,0.0200842559028118,4.18,-0.0300000000000002,-0.0032087421685353,722.6131,124.7134,HSCIH.HI,恒生综合行业指数-医疗保健业,0.0102115528175468,-0.0040604319887738,-0.0595322986577182,0.0314479537554609,hsics,0.1616226814932484,0.0711297071129707,HSCIH.HI,0.0102115528175468,-0.0040604319887738,-0.0595322986577182,0.0314479537554609,4558816863.0,22.0,0.0284128877719102,0.3636363636363636,0.0,10.0,-0.0080245143188588,0.0007475254534244,-0.122361472070229,0.5,-0.2682099342759086,10,2026-07-07 09:21:00,18.6,9.98,9.98,1.06,chiefgroup,-0.0792452830188679,0.1792452830188679,0.1768867924528302,0.4221698113207547,True,-0.1179321486268174
01973,1973.HK,天圖投資,2023-10-06,2023-10-05,2023-10-05,金融,金融业,hsics,-0.0159939644562205,-0.0548921067606135,-0.0625919640857819,-0.019836365766089,-0.1038834633114279,-0.0367552352911556,0.0124086702927643,25.15,60986528.74608501,5.33,0.0,0.0241242883334942,4.72,0.3899999999999997,-0.203933903034721,618.8454,586.2813,HSCIFN.HI,恒生综合行业指数-金融业,-0.0103800563937405,-0.0147381655623852,-0.0527845640245071,0.0401539411982282,hsics,-0.217329919489686,0.0460829493087557,HSCIFN.HI,-0.0103800563937405,-0.0147381655623852,-0.0527845640245071,0.0401539411982282,516565579.0,2.0,0.0113636363636363,0.0,6.0,13.0,-0.0536742388375117,-0.0546849768858567,-0.1451448220288212,0.7142857142857143,-0.2628152290464878,10,2026-03-05 16:46:17,6.5,0.26,0.26,1.28,chiefgroup,-0.0946196660482374,-0.2578849721706864,-0.020408163265306,-0.0630797773654916,True,-0.180327868852459
02105,2105.HK,來凱醫藥－Ｂ,2023-06-29,2023-06-28,2023-06-28,生物科技/医药,医疗保健业,hsics,-0.0372040422058275,0.0334718515495837,-0.0309633983921879,-0.0179624289138843,0.0809912401020356,-0.0343016480902583,0.0149933212152879,22.886000000000003,76825799.96545,5.07,-0.0099999999999997,-0.012369354684054,3.71,-0.02,0.0559693952198645,-29.080499999999983,236.9385,HSCIH.HI,恒生综合行业指数-医疗保健业,-0.0899943507836538,-0.0676882338647804,-0.1696217156694424,-0.1011600854143641,hsics,0.1700331985235674,0.0254237288135593,HSCIH.HI,-0.0899943507836538,-0.0676882338647804,-0.1696217156694424,-0.1011600854143641,2436143158.0,23.0,0.0052088966903172,0.5217391304347826,2.0,12.0,-0.0650770305794646,0.0912579317685865,0.2352839438870364,0.5714285714285714,-0.2788979347330387,10,2026-06-10 09:31:00,12.41,5.81,5.81,1.09,chiefgroup,0.2057877813504824,0.220257234726688,0.1189710610932476,0.0434083601286174,False,-0.2313167259786476
02149,2149.HK,貝克微,2023-12-28,2023-12-27,2023-12-27,TMT/互联网,资讯科技业,hsics,0.0006639055099342,-0.0216907230084079,-0.048208897972737,-0.0243656356228944,-0.0972055949034649,-0.0366214163672488,0.0113991493812733,22.374,75776873.16044998,5.33,0.0,-0.018666148162551,3.79,-0.3499999999999996,0.16537775191157,58.268200000000014,225.34250000000003,HSCIIT.HI,恒生综合行业指数-信息科技业,-0.0388424477833017,-0.0649727906798497,-0.0876504154420287,-0.0432820676714418,hsics,0.1357408901953964,0.0958904109589041,HSCIIT.HI,-0.0388424477833017,-0.0649727906798497,-0.0876504154420287,-0.0432820676714418,550524924.0,8.0,0.0282826878861052,0.375,12.0,24.0,-0.0174935658890015,-0.0056797534480239,0.0791451972027083,0.4210526315789473,-0.1575648654253635,8,2026-03-25 17:22:00,27.47,1.34,1.34,1.36,chiefgroup,-0.093812375249501,0.0019960079840319,-0.1896207584830339,-0.0678642714570858,True,-0.2631578947368421
02268,2268.HK,藥明合聯,2023-11-17,2023-11-16,2023-11-16,生物科技/医药,医疗保健业,hsics,0.018361297197408,0.03104379132846,-0.0270866863437229,0.0063316253661105,0.0736495089747293,0.0105630051384892,0.0151546673953252,24.216,66119284.5337,5.33,0.0,-0.0174150428315918,4.45,-0.3899999999999997,0.2045058701240001,316.7283999999999,388.7750999999999,HSCIH.HI,恒生综合行业指数-医疗保健业,-0.0195189179205207,0.1028038378849443,0.063422922903384,0.0717600465564842,hsics,0.5252487892966038,0.0743801652892562,HSCIH.HI,-0.0195189179205207,0.1028038378849443,0.063422922903384,0.0717600465564842,4929671132.0,20.0,0.0080710907541587,0.45,6.0,17.0,-0.0039579333580497,-0.0180368969676432,0.0096203563073794,0.5,-0.2006513473555985,10,2026-03-23 20:45:00,20.6,49.96,49.96,19.6,chiefgroup,0.0389610389610389,0.0760667903525046,0.12430426716141,-0.4612244897959184,False,-0.1475155279503106
02271,2271.HK,眾安智慧生活,2023-07-18,2023-07-17,2023-07-17,地产/建筑,地产建筑业,hsics,0.0505451381297983,-0.0209360872906845,-0.0658570091591704,0.0839483143327153,0.00723864338663,0.0061960707111634,0.0152117136605511,23.728,66489303.71085,5.08,0.0,-0.0219306833757587,3.81,0.04,-0.1424792302472597,-124.2825,224.50430000000003,HSCIPC.HI,恒生综合行业指数-地产建筑业,0.0226817949029318,-0.0622083002498208,-0.1813851862495668,-0.0412722129591363,hsics,-0.254943203771926,0.0871369294605809,HSCIPC.HI,0.0226817949029318,-0.0622083002498208,-0.1813851862495668,-0.0412722129591363,-3783474.0,7.0,-0.0323819201438562,0.5714285714285714,8.0,16.0,0.0215735783664816,0.0727829826649556,0.0743324653918721,0.3636363636363636,-0.2499395983406604,6,2026-02-10 09:36:10,1.18,1.84,1.84,1.63,chiefgroup,-0.0081967213114754,-0.1311475409836064,-0.2950819672131147,-0.4426229508196721,True,-0.2644628099173554
02405,2405.HK,力盟科技,2023-03-31,2023-03-30,2023-03-30,消费/零售,非必需性消费,hsics,0.0129423770202359,-0.0058900235248507,0.0206151995260042,0.0169873198299865,0.0349003729496759,0.0342787544604714,0.0176694789618902,27.058,97336122.59945,4.83,0.2599999999999998,-0.0266717469994284,3.55,-0.1500000000000003,0.0974053135770032,557.6300000000001,225.92589999999996,HSCICD.HI,恒生综合行业指数-非必需性消费,0.0079220116489822,-0.0165850576528194,0.0162878008275195,-0.0106950341279686,hsics,0.0240820678541613,0.0478796169630642,HSCICD.HI,0.0079220116489822,-0.0165850576528194,0.0162878008275195,-0.0106950341279686,6094500434.0,20.0,0.0046355267176747,0.6,5.0,15.0,-0.0564782687301911,-0.0253722218414008,-0.1260877963135153,0.6,-0.1892223227412848,1,2026-04-13 10:07:00,0.7,13.47,13.47,1.45,chiefgroup,0.1052631578947368,0.3815789473684211,1.1315789473684212,3.5657894736842106,False,-0.2500000000000001
02409,2409.HK,洲際船務,2023-03-29,2023-03-28,2023-03-28,工业/制造,工业,hsics,0.027306534792479,-6.519781218361498e-05,0.0097784623739221,0.0451305249486004,0.0558106262455508,-0.0162185861337171,0.0196475322864922,27.434000000000005,96524384.5232,4.83,0.25,-0.0244785217639774,3.55,-0.4300000000000001,0.0707699769527776,613.2142,82.26509999999999,HSCIIN.HI,恒生综合行业指数-工业,0.0047651288555976,0.0097150091724156,0.0143627192261435,0.0097802069845992,hsics,0.0048409451579349,0.0683962264150943,HSCIIN.HI,0.0047651288555976,0.0097150091724156,0.0143627192261435,0.0097802069845992,336610478.0,11.0,0.060354064553619,0.2727272727272727,3.0,18.0,0.00554657628385,0.078884586272796,0.0036302626315004,0.3333333333333333,-0.115537356221826,10,2026-04-28 18:32:00,3.27,1.14,1.14,1.09,chiefgroup,-0.2134146341463414,-0.0792682926829267,-0.1036585365853658,-0.0579268292682926,True,-0.0923566878980891
02415,2415.HK,梅斯健康,2023-04-27,2023-04-26,2023-04-26,生物科技/医药,医疗保健业,hsics,-0.0299733500394741,-0.0013839011556939,-0.0954595961145171,-0.056072376263049,-0.0835154104047383,-0.195548513973147,0.0097947597623907,22.248,90294167.4485,4.83,0.0,-0.0094708064831087,3.43,0.1300000000000003,-0.068978173565703,435.0217,569.9836,HSCIH.HI,恒生综合行业指数-医疗保健业,-0.0569811065536269,0.0098249805519745,-0.1389547192237332,0.0112088817076685,hsics,-0.0525573322656496,0.0476190476190476,HSCIH.HI,-0.0569811065536269,0.0098249805519745,-0.1389547192237332,0.0112088817076685,4269750493.0,21.0,0.021947598217085,0.5238095238095238,6.0,8.0,-0.031152197855702,-0.0297701974647501,-0.0261698743372644,0.5,-0.2586020500691884,1,2026-04-30 22:34:00,9.1,9.85,9.85,1.47,chiefgroup,0.03954802259887,-0.0282485875706214,0.0101694915254237,0.0124293785310735,False,-0.1448979591836734
02416,2416.HK,易點雲,2023-05-25,2023-05-24,2023-05-24,TMT/互联网,资讯科技业,hsics,-0.0227314439200901,-0.0478089713300586,-0.0607045724239423,-0.0243302243126852,-0.0125938873997606,-0.0899444169382109,0.0116015264872847,22.23,72165738.97904998,5.08,0.25,0.0215296893432952,3.73,0.3599999999999999,-0.2105405057777957,206.2357,497.4793000000001,HSCIIT.HI,恒生综合行业指数-信息科技业,-0.0322974456417399,-0.0613788394600762,-0.1008618063629686,-0.0135698681300175,hsics,-0.3999245565903072,0.0334928229665071,HSCIIT.HI,-0.0322974456417399,-0.0613788394600762,-0.1008618063629686,-0.0135698681300175,4173863991.0,12.0,-0.0192241820983099,0.5,5.0,13.0,-0.0588737152874766,-0.0048523216091346,0.0177824152622075,0.6363636363636364,-0.2968924745583277,10,2026-07-06 21:31:00,10.19,0.35,0.35,1.2,chiefgroup,0.0443974630021141,0.1627906976744185,0.164904862579281,-0.2621564482029598,False,-0.3434844192634561
02419,2419.HK,德康農牧,2023-12-06,2023-12-05,2023-12-05,消费/零售,必需性消费,hsics,-0.0591374738246895,-0.0759642244326027,-0.1335320863333785,-0.0794291615266229,-0.0920081072525718,-0.0999547835214347,0.0152492750192702,23.95,72777182.97045001,5.33,0.0,-0.0147853284048905,4.18,-0.3500000000000005,0.1179909910440721,128.6928,358.47950000000003,HSCICS.HI,恒生综合行业指数-必需性消费,-0.0535182225033361,-0.0840980621659291,-0.133453548607795,-0.0081338377333264,hsics,0.235043647796771,0.0502645502645502,HSCICS.HI,-0.0535182225033361,-0.0840980621659291,-0.133453548607795,-0.0081338377333264,-293571803.0,23.0,0.0026828166416761,0.4782608695652174,8.0,21.0,0.05560924302573,0.055189234294656,0.1207094266649496,0.2142857142857142,-0.1640699272826063,10,2026-06-09 18:03:00,36.95,1.88,1.88,1.13,chiefgroup,0.0148849797023003,0.0216508795669823,0.5926928281461433,0.3261163734776724,False,-0.0754877014418999
02429,2429.HK,友寶在線,2023-11-03,2023-11-02,2023-11-02,消费/零售,必需性消费,hsics,0.0109113672885445,-0.0216490355652181,-0.1171668533378967,0.0271699690621005,0.0162561763609867,-0.152066486605551,0.0128132436687576,25.56,59159766.42265002,5.33,0.0,-0.0053415799831317,4.67,0.04,-0.062884451608757,341.40729999999996,610.8190000000001,HSCICS.HI,恒生综合行业指数-必需性消费,0.0199991296225399,0.0003346349664468,-0.0743956232010636,0.0219836705316649,hsics,-0.0212700428231645,0.050531914893617,HSCICS.HI,0.0199991296225399,0.0003346349664468,-0.0743956232010636,0.0219836705316649,-6395151.0,21.0,-0.0123759504483433,0.5238095238095238,6.0,13.0,0.0002636654891907,0.0023940089787075,-0.0228726296152326,0.4615384615384615,-0.2137248708410362,10,2026-07-16 09:08:00,10.35,11.29,11.29,1.41,chiefgroup,0.1664,0.0,0.2896000000000001,0.696,False,-0.1677762982689746
02433,2433.HK,中天湖南集團,2023-03-30,2023-03-29,2023-03-29,地产/建筑,地产建筑业,hsics,0.0306751472455049,-0.0207233758379723,0.0305894025741768,0.0591700012472531,0.0145091953543075,0.0338216144674672,0.0177230965497347,27.238,96273228.31305,4.83,0.2599999999999998,-0.0166682632436057,3.57,-0.3600000000000003,0.068360231138256,609.8811000000001,136.50669999999994,HSCIPC.HI,恒生综合行业指数-地产建筑业,-0.0142763588736083,-0.0473216734530262,-0.0407158304406384,-0.0265982976150539,hsics,0.0818260839692366,0.081419624217119,HSCIPC.HI,-0.0142763588736083,-0.0473216734530262,-0.0407158304406384,-0.0265982976150539,1701169928.0,8.0,-0.0306000886090423,0.5,4.0,17.0,-0.0491937263236978,0.0393463665338653,-0.023191937172716,0.5,-0.1097421891408918,10,2026-07-29 18:37:51,1.18,10.62,10.62,1.01,chiefgroup,-0.0856164383561643,-0.2842465753424658,-0.5376712328767123,-0.821917808219178,True,-0.5071428571428571
02439,2439.HK,中寶新材,2023-03-31,2023-03-30,2023-03-30,工业/制造,工业,hsics,0.0129423770202359,-0.0058900235248507,0.0206151995260042,0.0169873198299865,0.0349003729496759,0.0342787544604714,0.0176694789618902,27.058,97336122.59945,4.83,0.2599999999999998,-0.0266717469994284,3.55,-0.1500000000000003,0.0974053135770032,557.6300000000001,225.92589999999996,HSCIIN.HI,恒生综合行业指数-工业,-0.0042305923665397,-0.0258069265627299,0.0068816840681404,-0.0199169030378791,hsics,0.0092904047792976,0.0658823529411764,HSCIIN.HI,-0.0042305923665397,-0.0258069265627299,0.0068816840681404,-0.0199169030378791,209966369.0,12.0,0.0375400063286223,0.3333333333333333,5.0,15.0,-0.0564782687301911,-0.0253722218414008,-0.1260877963135153,0.6,-0.1892223227412848,8,2026-03-24 09:04:00,1.05,6.33,6.33,,chiefgroup,0.0461538461538461,0.0307692307692307,-0.0307692307692307,-0.1076923076923077,False,-0.2531645569620254
02442,2442.HK,怡俊集團控股,2023-05-09,2023-05-08,2023-05-08,地产/建筑,地产建筑业,hsics,0.0273195638871159,0.0011068041326605,-0.0470296309164409,0.0032859167540553,-0.0753716465717391,-0.133288007688294,0.0089188073272953,22.961999999999996,80101458.73735,5.08,0.25,-0.0018704469383736,3.52,-0.06,-0.192660853100501,349.3264,541.8099000000001,HSCIPC.HI,恒生综合行业指数-地产建筑业,0.0098615631180216,-0.0071454278917477,-0.0677173272447771,-0.0082522320244082,hsics,-0.1412743600151753,0.0833333333333333,HSCIPC.HI,0.0098615631180216,-0.0071454278917477,-0.0677173272447771,-0.0082522320244082,1212751484.0,7.0,-0.0669826693842915,0.7142857142857143,4.0,11.0,-0.053526635175101,-0.0554045031435942,-0.0296199049577256,0.6,-0.2615557116099988,1,2026-02-24 10:43:56,1.28,17.27,17.27,1.05,chiefgroup,0.1264367816091954,0.7701149425287357,0.8505747126436782,0.2298850574712644,False,-0.3809523809523809
02451,2451.HK,綠源集團控股,2023-10-12,2023-10-11,2023-10-11,消费/零售,非必需性消费,hsics,0.0244004373987367,-0.0305473668127547,-0.0410898705936765,0.0533202797836123,-0.027426441475078,-0.0671663454745155,0.0109650598773325,25.676,56152870.860934995,5.33,0.0,0.0086832061068702,4.58,0.0899999999999998,-0.2801038359829352,597.6632,722.6131,HSCICD.HI,恒生综合行业指数-非必需性消费,0.0005867396831604,-0.0705684865308732,-0.0671009011703178,-0.0400211197181185,hsics,-0.3015441433623621,0.0667556742323097,HSCICD.HI,0.0005867396831604,-0.0705684865308732,-0.0671009011703178,-0.0400211197181185,6232173535.0,19.0,-0.0194735346416553,0.5789473684210527,8.0,11.0,-0.0161262317642554,-0.0603465371957696,-0.1088345942623737,0.6666666666666666,-0.2483064887286935,10,2026-06-29 22:14:00,7.37,7.66,7.66,0.9,chiefgroup,0.0136239782016349,-0.0122615803814713,-0.0054495912806539,-0.0204359673024522,False,-0.1542553191489361
02453,2453.HK,美中嘉和,2024-01-09,2024-01-08,2024-01-08,生物科技/医药,医疗保健业,hsics,-0.048273665352878,-0.006729368809449,-0.0892022600899882,-0.0742610258586768,-0.0701332791799875,-0.100633067603343,0.0126776417535167,22.026,65931990.14109999,5.33,0.0,-0.0164423076923075,4.01,0.0799999999999996,-0.0959116192964039,61.24320000000001,198.3804,HSCIH.HI,恒生综合行业指数-医疗保健业,-0.0961868354267725,-0.0693589165432675,-0.1530475653393753,-0.0626295477338184,hsics,-0.2414009742362594,0.0245901639344262,HSCIH.HI,-0.0961868354267725,-0.0693589165432675,-0.1530475653393753,-0.0626295477338184,96600714.0,13.0,-0.0230239862961447,0.4615384615384615,11.0,26.0,-0.0175956004276588,0.0036419261622189,0.0327510952949785,0.4210526315789473,-0.1533346625369139,10,2026-04-15 23:03:16,14.28,1.99,1.99,1.02,chiefgroup,0.1306122448979591,0.4244897959183673,0.2755102040816325,1.3520408163265305,False,-0.2177650429799427
02473,2473.HK,喜相逢集團,2023-11-09,2023-11-08,2023-11-08,消费/零售,非必需性消费,hsics,0.0272883875245735,-0.0181433066377542,-0.0842210009606878,0.071546772150504,0.0377245476435319,-0.0815890094052222,0.0142670061424255,23.752,65709414.74675,5.33,0.0,-0.0017027717339891,4.49,-0.4900000000000002,0.175817758185053,282.63239999999996,627.3199999999999,HSCICD.HI,恒生综合行业指数-非必需性消费,0.042206965630934,-0.023776387802971,-0.1401872376761593,-0.0056330811652168,hsics,0.1756337865326809,0.049136786188579,HSCICD.HI,0.042206965630934,-0.023776387802971,-0.1401872376761593,-0.0056330811652168,4132694920.0,22.0,-0.0042497708825095,0.5,6.0,14.0,0.0191594564906421,-0.0113940897150515,-0.0142023828808349,0.3846153846153846,-0.2175590361981252,10,2026-07-14 17:20:00,1.1,14.71,14.71,1.007,chiefgroup,-0.2477064220183487,-0.2614678899082569,0.1559633027522935,0.3577981651376146,True,-0.2249999999999999
02477,2477.HK,經緯天地,2024-01-12,2024-01-11,2024-01-11,TMT/互联网,电讯业,hsics,-0.0206620457311614,0.0045160594623738,-0.0806698653096119,-0.041565640610773,-0.0445900841819875,-0.0971225775441688,0.0125509020237708,21.944,64746402.717700005,5.33,0.0,-0.0062166100048567,3.98,0.08,-0.1350336621101387,-80.9495,197.8229000000001,HSCITC.HI,恒生综合行业指数-电讯业,0.0112799975259771,0.0404145654698462,-0.0035271890664757,0.0358985060074723,hsics,0.0983420541657087,0.054054054054054,HSCITC.HI,0.0112799975259771,0.0404145654698462,-0.0035271890664757,0.0358985060074723,1032306725.0,11.0,0.0130014931669094,0.3636363636363636,13.0,26.0,-0.0058667471501986,0.044268771359907,0.0855013370233036,0.35,-0.1629639014361384,10,2026-07-13 18:46:00,1.0,28.64,28.64,0.97,chiefgroup,0.4915254237288136,0.9774011299435028,0.8700564971751412,1.0508474576271185,False,-0.20708446866485
02480,2480.HK,綠竹生物－Ｂ,2023-05-08,2023-05-07,2023-05-07,生物科技/医药,医疗保健业,hsics,0.0219916729024747,-0.0176327515363183,-0.0552653452805934,0.008687266680238,-0.0945933983126474,-0.1275056582238518,0.0085463528712778,22.782,80428888.45440003,5.08,0.25,-0.0076418144410697,3.44,-0.1600000000000001,-0.1923198711906015,337.79659999999996,557.6300000000001,HSCIH.HI,恒生综合行业指数-医疗保健业,0.0251796718960719,0.0496776454528211,-0.1140197587727225,0.0673103969891395,hsics,-0.1797028043295779,0.0646551724137931,HSCIH.HI,0.0251796718960719,0.0496776454528211,-0.1140197587727225,0.0673103969891395,4915705953.0,22.0,0.0227476175071661,0.5,3.0,10.0,-0.0223002893580079,-0.0255299056177511,-0.0430300614283803,0.5,-0.2416459871880792,4,2026-03-18 20:26:19,32.8,3.25,3.25,1.33,chiefgroup,-0.3015873015873016,-0.280952380952381,0.1269841269841269,0.0253968253968253,True,-0.2409090909090909
02481,2481.HK,慧居科技,2023-07-10,2023-07-09,2023-07-09,其他,公用事业,fallback,-0.0291138444199037,-0.0460367753999584,-0.0966740772802392,-0.0025822805773674,0.0017743650749253,-0.0816663689442223,0.0144120137562375,22.93,67746934.58235,5.08,0.0,-0.0181521321552055,4.06,0.2899999999999996,-0.1264646174847143,39.505199999999995,147.70839999999998,HSCIUT.HI,恒生综合行业指数-公用事业,-0.0428355283905749,-0.0541510151460344,-0.0506253223431014,-0.008114239746076,hsics,,,HSCIUT.HI,-0.0428355283905749,-0.0541510151460344,-0.0506253223431014,-0.008114239746076,-765555588.0,8.0,-0.0209008636163678,0.25,4.0,12.0,0.0065041367717437,0.0551619945377436,0.1170348549312647,0.4285714285714285,-0.2531265321120969,3,2026-03-20 22:55:00,3.6,1.54,1.54,1.35,chiefgroup,0.0,-0.1972222222222222,-0.2083333333333333,-0.2583333333333333,False,-0.3
02482,2482.HK,維天運通,2023-03-09,2023-03-08,2023-03-08,工业/制造,工业,hsics,-0.0275687679409651,-0.0578978477244366,0.0313802968749838,-0.0469082440286051,-0.0998063990756091,-0.0413172927231964,0.0148065217649674,25.712,87569352.43884999,4.57,-0.0099999999999997,0.0213567839195978,3.98,0.1200000000000001,-0.1791769285927723,361.2496,-55.955700000000014,HSCIIN.HI,恒生综合行业指数-工业,-0.0069854120899464,-0.0442061581348199,0.0116937004903809,0.0136916895896166,hsics,-0.0824720805920073,0.0709219858156028,HSCIIN.HI,-0.0069854120899464,-0.0442061581348199,0.0116937004903809,0.0136916895896166,696874435.0,10.0,0.0653218553506179,0.3,0.0,26.0,-0.0218337779864762,-0.087042351472646,-0.0138908454689737,0.5,-0.1368134434738346,1,2026-04-27 18:44:31,2.9,23.09,23.09,1.43,chiefgroup,0.0106761565836298,0.0177935943060497,-0.0071174377224199,-0.0391459074733095,False,-0.0418118466898954
02483,2483.HK,Ｋ ＣＡＳＨ集團,2023-12-05,2023-12-04,2023-12-04,金融,金融业,hsics,-0.0501573175783707,-0.073499757049056,-0.0944404490029954,-0.0674511109742884,-0.0826774403295298,-0.0998649423914707,0.0151219771043142,23.636,71467193.48505,5.33,0.0,-0.0155775075987841,4.28,-0.1600000000000001,0.1180023510721084,178.74790000000002,283.2328,HSCIFN.HI,恒生综合行业指数-金融业,-0.0329797318345184,-0.0453514364319347,-0.0397375003326148,0.0281483206171213,hsics,-0.0836797355020546,0.0825688073394495,HSCIFN.HI,-0.0329797318345184,-0.0453514364319347,-0.0397375003326148,0.0281483206171213,-942365656.0,2.0,-0.0473098330241187,0.5,5.0,18.0,0.0226757078396631,0.0245392240442037,0.1038633227110187,0.3333333333333333,-0.1597254681138857,0,,1.8,18.93,18.93,1.24,chiefgroup,0.1118012422360248,0.0621118012422359,0.1180124223602484,0.0559006211180123,False,-0.0670391061452514
02486,2486.HK,普樂師集團控股,2023-05-11,2023-05-10,2023-05-10,消费/零售,非必需性消费,hsics,-0.006653574317012,-0.0279865428503973,-0.0861139936627025,-0.0061016384708196,-0.102746193773165,-0.1662507150825465,0.0101099941825598,22.924,79562693.70385,5.08,0.25,-0.00656155126824,3.43,-0.1099999999999998,-0.2051093752059306,297.4659999999999,585.7925000000001,HSCICD.HI,恒生综合行业指数-非必需性消费,-0.0260829686123267,-0.0463627909608115,-0.1348499866875815,-0.0183762481104141,hsics,-0.298923643385881,0.0477489768076398,HSCICD.HI,-0.0260829686123267,-0.0463627909608115,-0.1348499866875815,-0.0183762481104141,4437050676.0,21.0,0.009651258621866,0.5714285714285714,5.0,12.0,-0.0415880098931474,0.0225470616145672,0.0633106567884282,0.6,-0.2898470281366094,5,2026-03-24 19:57:00,10.6,2.2,2.2,1.2,chiefgroup,-0.2317307692307692,-0.2788461538461538,-0.4375000000000001,-0.4865384615384616,True,-0.3673469387755103
02487,2487.HK,科笛－Ｂ,2023-06-12,2023-06-11,2023-06-11,生物科技/医药,医疗保健业,hsics,0.0232195985844811,-0.0120898302563172,-0.0155371885720784,0.0287478791138628,0.0184759615704477,0.040188038032066,0.014892627987452,22.748,77214982.5496,5.08,0.0,0.0083739045764361,3.75,0.0299999999999998,-0.0165786443768831,156.9335,279.66499999999996,HSCIH.HI,恒生综合行业指数-医疗保健业,-0.0074041424642354,-0.0680339053640731,-0.0960620352173771,-0.0559440751077559,hsics,-0.1176592695669721,0.0729613733905579,HSCIH.HI,-0.0074041424642354,-0.0680339053640731,-0.0960620352173771,-0.0559440751077559,1153229444.0,22.0,0.0055248740486812,0.5454545454545454,2.0,13.0,-0.0587312254371688,-0.0443494480150897,-0.0536045601830199,0.625,-0.31746899006511,6,2026-03-16 09:27:54,21.85,1.41,1.41,1.07,chiefgroup,0.006880733944954,0.3899082568807339,0.0298165137614678,-0.0458715596330275,False,-0.3042071197411002
02489,2489.HK,集海資源,2023-12-22,2023-12-21,2023-12-21,工业/制造,原材料业,hsics,0.0133482175246111,-0.0720072313749661,-0.0706976562150555,0.0031498389322119,-0.0988312553776059,-0.0280436147925421,0.0115830421702216,22.156,71800055.52209999,5.33,0.0,-0.0193716268311489,3.89,-0.3299999999999996,0.075884631260487,179.3601,181.18529999999996,HSCIMT.HI,恒生综合行业指数-原材料业,0.0502719965098723,-0.0316821587406875,-0.1355954090760199,0.0403250726342785,hsics,0.14419034650893,0.0925925925925925,HSCIMT.HI,0.0502719965098723,-0.0316821587406875,-0.1355954090760199,0.0403250726342785,182098781.0,12.0,-0.0111938074987766,0.4166666666666667,9.0,26.0,-0.0032076533115281,0.0078314768937658,0.1165275148816712,0.375,-0.1557798882998983,10,2026-05-28 17:27:57,0.55,8.76,8.76,1.03,chiefgroup,0.0980392156862746,0.0784313725490196,0.0980392156862746,0.1960784313725489,False,-0.1129032258064515
02490,2490.HK,樂艙物流,2023-09-25,2023-09-24,2023-09-24,工业/制造,工业,hsics,-0.0068987933161339,0.0056286400711056,-0.0454092024763657,-0.0212314229374428,-0.0043728215799477,0.0048236002955281,0.0120863469805874,22.184,75208386.44505,5.33,0.0,0.0136289471158461,4.44,0.2600000000000007,-0.0317096279216797,627.2207,509.3543,HSCIIN.HI,恒生综合行业指数-工业,-0.0158195571798903,-0.0055714193700753,-0.1259447269845163,-0.0112000594411809,hsics,0.1196025968876426,0.0798122065727699,HSCIIN.HI,-0.0158195571798903,-0.0055714193700753,-0.1259447269845163,-0.0112000594411809,1837470102.0,8.0,-0.0140497806497424,0.25,1.0,10.0,-0.0792452830188679,0.1792452830188679,0.1768867924528302,1.0,-0.1179321486268174,8,2026-02-27 20:09:33,5.13,4.77,4.77,1.53,chiefgroup,-0.0058479532163743,0.0370370370370371,-0.0331384015594541,0.0721247563352826,True,-0.305980528511822
02496,2496.HK,友芝友生物－Ｂ,2023-09-25,2023-09-24,2023-09-24,生物科技/医药,医疗保健业,hsics,-0.0068987933161339,0.0056286400711056,-0.0454092024763657,-0.0212314229374428,-0.0043728215799477,0.0048236002955281,0.0120863469805874,22.184,75208386.44505,5.33,0.0,0.0136289471158461,4.44,0.2600000000000007,-0.0317096279216797,627.2207,509.3543,HSCIH.HI,恒生综合行业指数-医疗保健业,-0.0167452488515766,-0.004683326815712,-0.0204058026794196,-0.0103119668868176,hsics,-0.1280122989956793,0.05,HSCIH.HI,-0.0167452488515766,-0.004683326815712,-0.0204058026794196,-0.0103119668868176,2821103473.0,22.0,0.0260632237360592,0.3636363636363636,1.0,10.0,-0.0792452830188679,0.1792452830188679,0.1768867924528302,1.0,-0.1179321486268174,5,2026-02-03 19:09:11,16.0,13.81,13.81,1.57,chiefgroup,-0.0243902439024389,-0.0853658536585365,-0.4548780487804878,-0.4652439024390244,True,-0.5411522633744856
02498,2498.HK,速騰聚創,2024-01-05,2024-01-04,2024-01-04,TMT/互联网,资讯科技业,hsics,0.0012715911852383,0.0110986523932685,-0.0696983753513923,0.0041705854117564,-0.0278691048365498,-0.0422441372127441,0.0119231974270666,22.112,67817733.83659999,5.33,0.0,-0.0167978498752159,3.99,0.08,-0.051064823879133,161.1934,178.74790000000002,HSCIIT.HI,恒生综合行业指数-信息科技业,0.0143755320855647,-0.0220688097993282,-0.1006144536782081,-0.0331674621925968,hsics,0.1145359367688372,0.0407239819004524,HSCIIT.HI,0.0143755320855647,-0.0220688097993282,-0.1006144536782081,-0.0331674621925968,-616895462.0,10.0,0.0143016424836003,0.4,11.0,25.0,-0.0306327805338877,-0.0101195417276892,0.0437748676552583,0.4736842105263157,-0.1626763103993277,10,2026-06-05 09:24:02,43.0,0.58,0.58,1.28,chiefgroup,0.0,0.0,-0.0534883720930231,-0.0081395348837209,False,-0.0475086906141366
02499,2499.HK,佛朗斯股份,2023-11-10,2023-11-09,2023-11-09,工业/制造,工业,hsics,0.016290794453353,-0.0398569815787842,-0.0901349525070883,0.0552837281030409,0.0181505351043642,-0.0582585734534422,0.0134627893055073,23.448,64856611.939,5.33,0.0,-0.0061925314317883,4.62,-0.3099999999999996,0.1550008208773543,319.7061,597.6632,HSCIIN.HI,恒生综合行业指数-工业,0.0101140641681183,-0.0309521756005001,-0.130133937212093,0.0089048059782841,hsics,0.1709496312034604,0.0747663551401869,HSCIIN.HI,0.0101140641681183,-0.0309521756005001,-0.130133937212093,0.0089048059782841,1368287496.0,9.0,-0.0131384664904792,0.3333333333333333,7.0,15.0,9.760802571423062e-05,-0.0292565040145661,-0.0020476910498971,0.4285714285714285,-0.2180905336125448,4,2026-03-26 16:55:00,14.28,7.8,7.8,1.37,chiefgroup,-0.0465116279069767,-0.0426356589147286,-0.065891472868217,-0.0801033591731266,True,-0.0376850605652758
02501,2501.HK,邁越科技,2023-10-11,2023-10-10,2023-10-10,TMT/互联网,资讯科技业,hsics,-0.0036414317775839,-0.0625886216207037,-0.0441018586861706,0.0149704257477607,-0.051056288938462,-0.0506448065043413,0.0112005505452332,26.014,55884012.883235,5.33,0.0,0.0158470995005761,4.66,0.3100000000000005,-0.2864004815606895,627.3199999999999,622.2592999999999,HSCIIT.HI,恒生综合行业指数-信息科技业,0.0014048504309616,-0.0927542833519621,-0.0444768534709967,-0.0301656617312583,hsics,-0.3671435245808188,0.064516129032258,HSCIIT.HI,0.0014048504309616,-0.0927542833519621,-0.0444768534709967,-0.0301656617312583,4160037593.0,9.0,-0.0140235057632405,0.5555555555555556,7.0,11.0,-0.0587924172388524,-0.0800849762964604,-0.1295527396833818,0.75,-0.2525043090222342,4,2026-03-18 09:54:39,1.18,2.46,2.46,1.16,chiefgroup,0.3252032520325202,0.0975609756097561,0.0569105691056911,-0.024390243902439,False,-0.214723926380368
02502,2502.HK,金源氫化,2023-12-20,2023-12-19,2023-12-19,工业/制造,原材料业,hsics,0.007969708998748,-0.0692961329973288,-0.079503975059326,-0.0060290838415656,-0.081571549239917,-0.0710465093881687,0.0117550165890944,22.512,72411248.78770001,5.33,0.0,-0.0143808512691824,3.93,-0.3399999999999994,0.0692157747667894,259.4949,208.8276,HSCIMT.HI,恒生综合行业指数-原材料业,0.0097463792700487,-0.0564033465433728,-0.1504083606895347,0.0128927864539559,hsics,0.121875118180678,0.0904872389791183,HSCIMT.HI,0.0097463792700487,-0.0564033465433728,-0.1504083606895347,0.0128927864539559,124441069.0,11.0,0.0040835993666862,0.3636363636363636,7.0,24.0,0.0180810239968987,0.0063312344919863,0.1182822334528653,0.2857142857142857,-0.1668468917151211,3,2026-03-16 18:23:46,1.2,42.82,42.82,1.07,chiefgroup,-0.1792452830188679,-0.1037735849056604,-0.160377358490566,-0.2547169811320755,True,-0.1153846153846154
02503,2503.HK,中深建業,2024-01-09,2024-01-08,2024-01-08,地产/建筑,地产建筑业,hsics,-0.048273665352878,-0.006729368809449,-0.0892022600899882,-0.0742610258586768,-0.0701332791799875,-0.100633067603343,0.0126776417535167,22.026,65931990.14109999,5.33,0.0,-0.0164423076923075,4.01,0.0799999999999996,-0.0959116192964039,61.24320000000001,198.3804,HSCIPC.HI,恒生综合行业指数-地产建筑业,-0.0591835860270669,0.0047260770945412,-0.081931179481666,0.0114554459039902,hsics,-0.2202900983656128,0.0764462809917355,HSCIPC.HI,-0.0591835860270669,0.0047260770945412,-0.081931179481666,0.0114554459039902,-184453924.0,6.0,-0.0297166403243891,0.6666666666666666,11.0,26.0,-0.0175956004276588,0.0036419261622189,0.0327510952949785,0.4210526315789473,-0.1533346625369139,8,2026-02-13 06:02:24,1.0,58.44,58.44,1.09,chiefgroup,-0.1111111111111112,0.2962962962962963,0.7407407407407405,-0.0493827160493827,True,-0.0581395348837208
02511,2511.HK,君聖泰醫藥－Ｂ,2023-12-22,2023-12-21,2023-12-21,生物科技/医药,医疗保健业,hsics,0.0133482175246111,-0.0720072313749661,-0.0706976562150555,0.0031498389322119,-0.0988312553776059,-0.0280436147925421,0.0115830421702216,22.156,71800055.52209999,5.33,0.0,-0.0193716268311489,3.89,-0.3299999999999996,0.075884631260487,179.3601,181.18529999999996,HSCIH.HI,恒生综合行业指数-医疗保健业,-0.0388438237343468,-0.1566826551785543,-0.0790509230372459,-0.0846754238035881,hsics,-0.0857969958822795,0.0493827160493827,HSCIH.HI,-0.0388438237343468,-0.1566826551785543,-0.0790509230372459,-0.0846754238035881,318552587.0,18.0,0.009145856909494,0.4444444444444444,9.0,26.0,-0.0032076533115281,0.0078314768937658,0.1165275148816712,0.375,-0.1557798882998983,7,2026-02-02 17:41:29,11.5,32.22,32.22,1.25,chiefgroup,0.0385906040268457,-0.0167785234899328,0.0234899328859059,-0.4916107382550336,False,-0.1265432098765432
02516,2516.HK,泛遠國際,2023-12-22,2023-12-21,2023-12-21,工业/制造,工业,hsics,0.0133482175246111,-0.0720072313749661,-0.0706976562150555,0.0031498389322119,-0.0988312553776059,-0.0280436147925421,0.0115830421702216,22.156,71800055.52209999,5.33,0.0,-0.0193716268311489,3.89,-0.3299999999999996,0.075884631260487,179.3601,181.18529999999996,HSCIIN.HI,恒生综合行业指数-工业,0.0205706702057066,-0.0370170457612298,-0.0305599026256303,0.0349901856137362,hsics,0.14419034650893,0.0925925925925925,HSCIIN.HI,0.0205706702057066,-0.0370170457612298,-0.0305599026256303,0.0349901856137362,1031641717.0,12.0,-0.0111938074987766,0.4166666666666667,9.0,26.0,-0.0032076533115281,0.0078314768937658,0.1165275148816712,0.375,-0.1557798882998983,7,2026-03-13 17:40:48,0.9,14.49,14.49,1.04,chiefgroup,-0.2307692307692308,-0.2615384615384616,-0.3538461538461539,-0.5538461538461539,True,-0.25
02517,2517.HK,鍋圈,2023-11-02,2023-11-01,2023-11-01,消费/零售,必需性消费,hsics,0.0009628142974116,-0.0209035375481626,-0.1453861652920975,0.0138965184071588,-0.0170660270695842,-0.1484349790093815,0.0128413178123799,26.205999999999996,58544769.626750015,5.33,0.0,0.0045206253531737,4.77,0.0699999999999994,-0.1312240602894528,333.59579999999994,643.0914,HSCICS.HI,恒生综合行业指数-必需性消费,0.0245161559476567,0.0068368868869801,-0.0903665914626618,0.0277404244351427,hsics,-0.0931551940329414,0.0439414114513981,HSCICS.HI,0.0245161559476567,0.0068368868869801,-0.0903665914626618,0.0277404244351427,100810956.0,20.0,-0.0129947479707605,0.55,5.0,12.0,0.0002856376132899,-0.0028412728817624,-0.0389927289059111,0.5,-0.2159947362039153,10,2026-06-04 21:28:00,5.98,4.34,4.34,1.33,chiefgroup,0.0,0.0652173913043477,0.1705685618729096,0.6321070234113709,False,-0.1864864864864865
02520,2520.HK,山西安裝,2023-11-22,2023-11-21,2023-11-21,地产/建筑,地产建筑业,hsics,0.0193730362835591,0.0436900031957099,0.0062757861897522,0.0215904523312457,0.1143323085693199,0.0070369030661936,0.0161478441211039,24.748,67723700.3948,5.33,0.0,-0.0250305824785922,4.41,-0.3599999999999994,0.2162597255869975,208.8276,428.2386,HSCIPC.HI,恒生综合行业指数-地产建筑业,0.0328457867661204,0.0452804119826666,-0.0442941304822168,0.0015904087869567,hsics,0.1336450326804199,0.0890269151138716,HSCIPC.HI,0.0328457867661204,0.0452804119826666,-0.0442941304822168,0.0015904087869567,-3698302.0,5.0,-0.0356599683892669,0.8,7.0,18.0,-0.001433287927515,-0.012501385948811,0.0163664687105577,0.4705882352941176,-0.1975257109199933,10,2026-02-09 21:00:30,2.18,0.6,0.6,1.33,chiefgroup,0.0,-0.055045871559633,-0.2247706422018349,0.0091743119266055,False,-0.2805429864253393
02521,2521.HK,升輝清潔,2023-12-05,2023-12-04,2023-12-04,消费/零售,非必需性消费,hsics,-0.0501573175783707,-0.073499757049056,-0.0944404490029954,-0.0674511109742884,-0.0826774403295298,-0.0998649423914707,0.0151219771043142,23.636,71467193.48505,5.33,0.0,-0.0155775075987841,4.28,-0.1600000000000001,0.1180023510721084,178.74790000000002,283.2328,HSCICD.HI,恒生综合行业指数-非必需性消费,-0.0540366703575849,-0.0930826152116898,-0.152946065351472,-0.0195828581626337,hsics,0.2298285027392721,0.0596026490066225,HSCICD.HI,-0.0540366703575849,-0.0930826152116898,-0.152946065351472,-0.0195828581626337,3825386692.0,22.0,-0.0017406916927931,0.5,5.0,18.0,0.0226757078396631,0.0245392240442037,0.1038633227110187,0.3333333333333333,-0.1597254681138857,8,2026-03-18 09:57:48,0.32,33.35,33.35,1.33,chiefgroup,0.1,0.2333333333333333,0.2833333333333334,-0.0833333333333332,False,-0.2289156626506023
03650,3650.HK,KEEP,2023-07-12,2023-07-11,2023-07-11,消费/零售,非必需性消费,hsics,-0.0389298752348616,-0.0376545581602839,-0.0891085483987494,-0.017516572027755,0.0147997503426091,-0.0376936779524819,0.0146676145737714,23.648000000000003,67422438.9906,5.08,0.0,-0.0184434144457319,3.99,0.27,-0.1146617213742168,-21.190000000000012,156.9335,HSCICD.HI,恒生综合行业指数-非必需性消费,-0.0101476480993466,0.0325584723200262,-0.0425243647359949,0.0702130304803102,hsics,-0.1066602963560748,0.0644295302013422,HSCICD.HI,-0.0101476480993466,0.0325584723200262,-0.0425243647359949,0.0702130304803102,3746053652.0,21.0,0.002375858583308,0.5714285714285714,6.0,14.0,0.0385766077433133,0.0696083505349032,0.1512658528503352,0.25,-0.238067348251146,10,2026-07-14 09:04:00,28.92,3.08,3.08,1.37,chiefgroup,-0.0429042904290429,-0.0478547854785478,-0.0330033003300329,-0.0297029702970297,True,-0.1114754098360655
06682,6682.HK,第四範式,2023-09-28,2023-09-27,2023-09-27,TMT/互联网,资讯科技业,hsics,-0.0153044907635192,-0.0471242004754676,-0.0784134067454441,-0.0224282944966346,-0.071148896716699,-0.0197989775323513,0.0121668213356068,22.936,73060704.97115001,5.33,0.0,0.0343123000872345,4.61,0.3400000000000007,0.0118862197267197,606.6192000000001,652.0184999999998,HSCIIT.HI,恒生综合行业指数-信息科技业,-0.0156443485275475,-0.0822939598809987,-0.0598332589549267,-0.0351697594055311,hsics,0.0522897212194952,0.0604651162790697,HSCIIT.HI,-0.0156443485275475,-0.0822939598809987,-0.0598332589549267,-0.0351697594055311,4031452559.0,7.0,-0.0098966514713032,0.5714285714285714,4.0,11.0,-0.0139780128915631,0.0389791165993421,-0.0358181287574922,0.75,-0.2632532058123203,10,2026-07-22 07:09:00,55.6,11.4,11.4,1.57,chiefgroup,-0.0729001584786054,-0.144215530903328,-0.1806656101426307,-0.2282091917591125,True,-0.1145299145299145
06683,6683.HK,巨星傳奇,2023-07-13,2023-07-12,2023-07-12,消费/零售,必需性消费,hsics,-0.0130520690849684,-0.0280020263539388,-0.0713402258804344,0.0161433101497314,0.0106904488471404,-0.0198508834395249,0.0149290520487106,23.888,66781718.13695,5.08,0.0,-0.0293351346135288,3.86,0.06,-0.1197500830182507,-67.5679,208.424,HSCICS.HI,恒生综合行业指数-必需性消费,-0.0310215000989905,-0.0469893870124259,-0.1389166373029033,-0.018987360658487,hsics,-0.1116838862766878,0.0630026809651474,HSCICS.HI,-0.0310215000989905,-0.0469893870124259,-0.1389166373029033,-0.018987360658487,-161842962.0,21.0,-0.0155402187387098,0.6190476190476191,6.0,14.0,0.0295231746130515,0.0565568909778531,0.1307915024969609,0.3333333333333333,-0.224001577316137,10,2026-03-07 19:44:04,4.25,12.99,12.99,1.15,chiefgroup,-0.0852173913043478,0.2347826086956521,0.0382608695652173,0.5669565217391304,True,-0.2425806451612903
06911,6911.HK,瀾滄古茶,2023-12-22,2023-12-21,2023-12-21,消费/零售,必需性消费,hsics,0.0133482175246111,-0.0720072313749661,-0.0706976562150555,0.0031498389322119,-0.0988312553776059,-0.0280436147925421,0.0115830421702216,22.156,71800055.52209999,5.33,0.0,-0.0193716268311489,3.89,-0.3299999999999996,0.075884631260487,179.3601,181.18529999999996,HSCICS.HI,恒生综合行业指数-必需性消费,0.0021762696999585,-0.0984754853948007,-0.0972621962963982,-0.0264682540198346,hsics,0.2074174624139353,0.0686015831134564,HSCICS.HI,0.0021762696999585,-0.0984754853948007,-0.0972621962963982,-0.0264682540198346,-241260983.0,23.0,0.0075206922851605,0.4347826086956521,9.0,26.0,-0.0032076533115281,0.0078314768937658,0.1165275148816712,0.375,-0.1557798882998983,10,2026-05-21 21:57:11,10.7,13.23,13.23,1.32,chiefgroup,-0.1869158878504673,0.0,-0.1233644859813082,-0.0467289719626168,True,-0.1056074766355139
06959,6959.HK,長久股份,2024-01-09,2024-01-08,2024-01-08,消费/零售,非必需性消费,hsics,-0.048273665352878,-0.006729368809449,-0.0892022600899882,-0.0742610258586768,-0.0701332791799875,-0.100633067603343,0.0126776417535167,22.026,65931990.14109999,5.33,0.0,-0.0164423076923075,4.01,0.0799999999999996,-0.0959116192964039,61.24320000000001,198.3804,HSCICD.HI,恒生综合行业指数-非必需性消费,-0.0648195914121904,-0.024324501717461,-0.1246780981094152,-0.0175951329080119,hsics,-0.2046975894641701,0.064558629776021,HSCICD.HI,-0.0648195914121904,-0.024324501717461,-0.1246780981094152,-0.0175951329080119,3721405765.0,22.0,-0.0203106878580718,0.5,11.0,26.0,-0.0175956004276588,0.0036419261622189,0.0327510952949785,0.4210526315789473,-0.1533346625369139,4,2026-03-27 22:03:00,5.95,11.67,11.67,1.07,chiefgroup,0.1327868852459017,0.2163934426229508,0.2540983606557378,5.229508196721312,False,-0.2271689497716895
06979,6979.HK,珍酒李渡,2023-04-27,2023-04-26,2023-04-26,消费/零售,必需性消费,hsics,-0.0299733500394741,-0.0013839011556939,-0.0954595961145171,-0.056072376263049,-0.0835154104047383,-0.195548513973147,0.0097947597623907,22.248,90294167.4485,4.83,0.0,-0.0094708064831087,3.43,0.1300000000000003,-0.068978173565703,435.0217,569.9836,HSCICS.HI,恒生综合行业指数-必需性消费,-0.0211157331361503,-0.0307350862904524,-0.0673654833344029,-0.0293511851347584,hsics,-0.09936611863379,0.0478142076502732,HSCICS.HI,-0.0211157331361503,-0.0307350862904524,-0.0673654833344029,-0.0293511851347584,139023223.0,20.0,0.0108004882196259,0.55,6.0,8.0,-0.031152197855702,-0.0297701974647501,-0.0261698743372644,0.5,-0.2586020500691884,10,2026-03-26 09:03:00,10.82,1.94,1.94,3.9,chiefgroup,-0.0133333333333332,0.011111111111111,-0.2311111111111112,-0.0155555555555556,True,-0.2027455121436114
06990,6990.HK,科倫博泰生物－Ｂ,2023-07-11,2023-07-10,2023-07-10,生物科技/医药,医疗保健业,hsics,-0.0428283813972326,-0.0424608713945359,-0.0910659479027307,-0.0269438966309298,0.0027680556966924,-0.0531970588575944,0.0145008050141516,23.294000000000004,67347469.2819,5.07,-0.0099999999999997,-0.0132597754548973,4.01,0.2699999999999996,-0.1277927280675286,-12.955999999999989,190.5357,HSCIH.HI,恒生综合行业指数-医疗保健业,-0.0043351529393597,-0.065729865771812,-0.1670431925313585,-0.0232689943772761,hsics,0.0477676663002986,0.0504201680672268,HSCIH.HI,-0.0043351529393597,-0.065729865771812,-0.1670431925313585,-0.0232689943772761,3409298704.0,23.0,0.0251423899376556,0.4347826086956521,5.0,13.0,0.0396085323761393,0.0668225561983052,0.14977295016936,0.2857142857142857,-0.2435055408584526,10,2026-07-15 07:36:00,60.6,1.27,1.27,3.4,chiefgroup,0.0313531353135313,0.089108910891089,0.1617161716171618,0.2541254125412541,False,-0.1999999999999999
09636,9636.HK,九方財富,2023-03-10,2023-03-09,2023-03-09,TMT/互联网,资讯科技业,hsics,-0.0246565499039131,-0.0785512264871654,0.0590449443576925,-0.0473474162530577,-0.1401598145128174,-0.0183227869222494,0.0141333796570984,25.52,87015764.3602,4.57,-0.0099999999999997,0.0195698508041077,3.93,0.1100000000000003,-0.1703665293228109,375.5853,-106.64360000000002,HSCIIT.HI,恒生综合行业指数-信息科技业,-0.0516507432072896,-0.1564508032745135,0.0281127584296856,-0.0778995767873481,hsics,-0.1171156563391908,0.0772946859903381,HSCIIT.HI,-0.0516507432072896,-0.1564508032745135,0.0281127584296856,-0.0778995767873481,5865268589.0,10.0,-0.0119497470726135,0.5,1.0,26.0,-0.0188783293891939,-0.07751181094731,-0.0132750811283779,0.4545454545454545,-0.1281769346752947,10,2026-06-03 23:22:00,17.0,2.59,2.59,1.85,chiefgroup,0.0070505287896592,-0.0094007050528789,-0.0787309048178613,-0.0129259694477085,False,-0.0980392156862745
09663,9663.HK,國鴻氫能,2023-12-05,2023-12-04,2023-12-04,工业/制造,工业,hsics,-0.0501573175783707,-0.073499757049056,-0.0944404490029954,-0.0674511109742884,-0.0826774403295298,-0.0998649423914707,0.0151219771043142,23.636,71467193.48505,5.33,0.0,-0.0155775075987841,4.28,-0.1600000000000001,0.1180023510721084,178.74790000000002,283.2328,HSCIIN.HI,恒生综合行业指数-工业,-0.0293408712420019,-0.0391523144332132,-0.0614843534820652,0.0343474426158428,hsics,0.0227711687816227,0.1025641025641025,HSCIIN.HI,-0.0293408712420019,-0.0391523144332132,-0.0614843534820652,0.0343474426158428,1250537717.0,9.0,-0.01830642514681,0.4444444444444444,5.0,18.0,0.0226757078396631,0.0245392240442037,0.1038633227110187,0.3333333333333333,-0.1597254681138857,4,2026-04-29 15:59:29,19.66,1.18,1.18,1.13,chiefgroup,0.2,-0.0751515151515151,0.0218181818181817,0.0848484848484847,False,-0.2646464646464647
09669,9669.HK,北森控股,2023-04-13,2023-04-12,2023-04-12,TMT/互联网,资讯科技业,hsics,0.0017396159429117,0.0551694828958497,-0.0478917054903883,-0.0318190447945521,0.101673105491006,-0.0859500224025898,0.0135861343875233,24.67,97984748.32725,4.83,0.25,-0.020642423073213,3.41,0.0300000000000002,0.0979880257335836,548.7512,356.64189999999996,HSCIIT.HI,恒生综合行业指数-信息科技业,-0.0363756525868262,0.0859349806966767,-0.1009971774876746,0.0307654978008269,hsics,0.318130748937153,0.0721153846153846,HSCIIT.HI,-0.0363756525868262,0.0859349806966767,-0.1009971774876746,0.0307654978008269,3185359370.0,11.0,-0.0102224492669523,0.4545454545454545,5.0,15.0,-0.0187106199431961,0.0407838669900924,0.0671958192902305,0.4285714285714285,-0.2070394529526357,10,2026-07-17 09:11:00,29.7,16.57,16.57,1.51,chiefgroup,-0.1182432432432432,-0.5236486486486487,-0.6797297297297298,-0.7094594594594594,True,-0.6195402298850575
09676,9676.HK,十月稻田,2023-10-12,2023-10-11,2023-10-11,消费/零售,必需性消费,hsics,0.0244004373987367,-0.0305473668127547,-0.0410898705936765,0.0533202797836123,-0.027426441475078,-0.0671663454745155,0.0109650598773325,25.676,56152870.860934995,5.33,0.0,0.0086832061068702,4.58,0.0899999999999998,-0.2801038359829352,597.6632,722.6131,HSCICS.HI,恒生综合行业指数-必需性消费,0.0237787745908335,-0.0242967327288358,-0.0560507051514459,0.0062506340839189,hsics,-0.3015441433623621,0.0667556742323097,HSCICS.HI,0.0237787745908335,-0.0242967327288358,-0.0560507051514459,0.0062506340839189,619068894.0,19.0,-0.0194735346416553,0.5789473684210527,8.0,11.0,-0.0161262317642554,-0.0603465371957696,-0.1088345942623737,0.6666666666666666,-0.2483064887286935,10,2026-03-27 19:22:00,15.36,1.31,1.31,1.26,chiefgroup,0.1349397590361444,0.4879518072289155,0.5120481927710843,0.5090361445783131,False,-0.1091234347048301
09686,9686.HK,東軟熙康,2023-09-28,2023-09-27,2023-09-27,生物科技/医药,医疗保健业,hsics,-0.0153044907635192,-0.0471242004754676,-0.0784134067454441,-0.0224282944966346,-0.071148896716699,-0.0197989775323513,0.0121668213356068,22.936,73060704.97115001,5.33,0.0,0.0343123000872345,4.61,0.3400000000000007,0.0118862197267197,606.6192000000001,652.0184999999998,HSCIH.HI,恒生综合行业指数-医疗保健业,0.0155271170788928,-0.0197330447692575,-0.0247794981185438,0.02739115570621,hsics,-0.1363263271718083,0.0871369294605809,HSCIH.HI,0.0155271170788928,-0.0197330447692575,-0.0247794981185438,0.02739115570621,3235101762.0,23.0,0.0238695947082984,0.391304347826087,4.0,11.0,-0.0139780128915631,0.0389791165993421,-0.0358181287574922,0.75,-0.2632532058123203,1,2026-03-22 12:30:00,4.76,0.9,0.9,1.15,chiefgroup,-0.2628726287262872,-0.3712737127371274,-0.5338753387533876,-0.6341463414634146,True,-0.4007352941176472
09690,9690.HK,途虎－Ｗ,2023-09-26,2023-09-25,2023-09-25,消费/零售,非必需性消费,hsics,-0.0112244186597733,-0.0221419533896576,-0.0816974929285803,-0.0261953922731791,-0.066166136448761,-0.029752864437411,0.0125491068476167,22.288,73978555.89525,5.33,0.0,0.0186520526872415,4.55,0.2800000000000002,-0.0450822605687052,643.0914,590.6272,HSCICD.HI,恒生综合行业指数-非必需性消费,-0.0498395269962588,-0.0298499135189421,-0.054054054054054,-0.0077079601292845,hsics,-0.150537988470837,0.0574866310160427,HSCICD.HI,-0.0498395269962588,-0.0298499135189421,-0.054054054054054,-0.0077079601292845,5791584960.0,19.0,-0.0339747266460566,0.631578947368421,3.0,12.0,-0.036494493379227,0.0436388221324561,-0.1037098859623705,1.0,-0.321688313504375,10,2026-06-26 08:59:00,28.0,2.67,2.67,2.3,chiefgroup,0.0535714285714285,0.0249999999999999,0.1678571428571429,0.0874999999999999,False,-0.0879478827361562
09860,9860.HK,艾迪康控股,2023-06-30,2023-06-29,2023-06-29,生物科技/医药,医疗保健业,hsics,-0.0343100553473542,0.0182073567228695,-0.0623026485212258,-0.0071032616864329,0.0845692846424701,-0.073689204288643,0.015321239006864,22.916,72234755.641,5.07,-0.0099999999999997,-0.0064392119173474,3.85,0.1,-0.0700414672955092,-79.00009999999997,235.95629999999997,HSCIH.HI,恒生综合行业指数-医疗保健业,-0.056088653599467,-0.0878699302344108,-0.18588799959368,-0.1060772869572803,hsics,0.0374804352088946,0.0295358649789029,HSCIH.HI,-0.056088653599467,-0.0878699302344108,-0.18588799959368,-0.1060772869572803,2490464093.0,24.0,0.013566350217824,0.5,3.0,11.0,-0.0312189290882212,0.1073828446383492,0.2207448335378128,0.5,-0.2729502836387398,5,2026-02-13 17:44:45,12.32,1.06,1.06,1.8,chiefgroup,0.1201298701298701,0.0162337662337661,0.0308441558441557,0.25,False,-0.2101449275362319
09880,9880.HK,優必選,2023-12-29,2023-12-28,2023-12-28,TMT/互联网,资讯科技业,hsics,0.0254134345859757,3.8139093861966344e-05,-0.0322702813500213,0.0151411876304259,-0.0591237981836666,-0.0399659710408543,0.0128061240426645,22.46,76202201.99375,5.33,0.0,-0.0219302482851899,3.84,-0.3900000000000005,0.1661442195878215,69.1493,175.4547,HSCIIT.HI,恒生综合行业指数-信息科技业,-0.0101784117809128,-0.047765150080869,-0.0632324283708866,-0.0478032891747309,hsics,0.1577213008837976,0.0909090909090909,HSCIIT.HI,-0.0101784117809128,-0.047765150080869,-0.0632324283708866,-0.0478032891747309,536032302.0,9.0,0.0147165697599267,0.4444444444444444,13.0,25.0,-0.0213095063570264,-0.0052959653764211,0.0657068994184212,0.45,-0.1628445168909374,10,2026-07-03 13:58:33,90.0,5.16,5.16,2.16,chiefgroup,0.0105672969966628,-0.0211345939933259,-0.0222469410456062,1.1401557285873192,False,-0.1882223445239405
09885,9885.HK,藥師幫,2023-06-28,2023-06-27,2023-06-27,生物科技/医药,医疗保健业,hsics,-0.0445221320764036,0.0214013822003829,-0.0214414680526928,-0.0493221037515706,0.0890832869357181,-0.0325207265894998,0.0152400212223763,22.794,77632331.2722,5.07,-0.0099999999999997,-0.0163132137030993,3.77,-0.02,0.0593226399773141,-120.4838,276.3408,HSCIH.HI,恒生综合行业指数-医疗保健业,-0.0928430024441586,-0.0835615201196967,-0.172840751142462,-0.1049629023200796,hsics,0.1790669521444565,0.0425531914893617,HSCIH.HI,-0.0928430024441586,-0.0835615201196967,-0.172840751142462,-0.1049629023200796,1905255998.0,22.0,0.0092910601072207,0.5,1.0,12.0,-0.0618234192624484,0.0959831329780292,0.0836085636021209,0.5,-0.3127958898416064,6,2026-03-12 09:46:18,20.0,5.6,5.6,2.08,chiefgroup,-0.0845986984815617,0.0629067245119305,1.1453362255965294,1.3101952277657265,True,-0.0755102040816326
09890,9890.HK,中旭未來,2023-09-28,2023-09-27,2023-09-27,TMT/互联网,资讯科技业,hsics,-0.0153044907635192,-0.0471242004754676,-0.0784134067454441,-0.0224282944966346,-0.071148896716699,-0.0197989775323513,0.0121668213356068,22.936,73060704.97115001,5.33,0.0,0.0343123000872345,4.61,0.3400000000000007,0.0118862197267197,606.6192000000001,652.0184999999998,HSCIIT.HI,恒生综合行业指数-信息科技业,-0.0156443485275475,-0.0822939598809987,-0.0598332589549267,-0.0351697594055311,hsics,0.0522897212194952,0.0604651162790697,HSCIIT.HI,-0.0156443485275475,-0.0822939598809987,-0.0598332589549267,-0.0351697594055311,4031452559.0,7.0,-0.0098966514713032,0.5714285714285714,4.0,11.0,-0.0139780128915631,0.0389791165993421,-0.0358181287574922,0.75,-0.2632532058123203,10,2026-07-17 23:45:00,14.0,104.0,104.0,1.67,chiefgroup,0.0159651669085631,-0.0232220609579099,-0.1582002902757619,2.0406386066763424,False,-0.2714285714285714
09930,9930.HK,宏信建發,2023-05-25,2023-05-24,2023-05-24,工业/制造,工业,hsics,-0.0227314439200901,-0.0478089713300586,-0.0607045724239423,-0.0243302243126852,-0.0125938873997606,-0.0899444169382109,0.0116015264872847,22.23,72165738.97904998,5.08,0.25,0.0215296893432952,3.73,0.3599999999999999,-0.2105405057777957,206.2357,497.4793000000001,HSCIIN.HI,恒生综合行业指数-工业,-0.0243333034030709,-0.0720830735860497,-0.1076986245124205,-0.024274102255991,hsics,-0.217711458324928,0.0611764705882353,HSCIIN.HI,-0.0243333034030709,-0.0720830735860497,-0.1076986245124205,-0.024274102255991,859339964.0,12.0,0.0421092259737638,0.25,5.0,13.0,-0.0588737152874766,-0.0048523216091346,0.0177824152622075,0.6363636363636364,-0.2968924745583277,6,2026-02-12 23:14:18,4.52,0.12,0.12,1.47,chiefgroup,-0.0153374233128833,-0.1871165644171779,-0.2331288343558281,-0.1656441717791409,True,-0.2398753894080997
00300,0300.HK,美的集團,2024-09-17,2024-09-16,2024-09-16,消费/零售,非必需性消费,hsics,-0.0043114369736818,-0.003503697040073,-0.0365770457031414,0.0176620208045392,0.0110895810753515,-0.0717724393061064,0.0088752891240624,18.756,72842062.00815001,5.33,0.0,-0.01259765625,3.63,-0.2000000000000001,0.0987553245393435,300.89829999999995,502.1906,HSCICD.HI,恒生综合行业指数-非必需性消费,0.0043323361699243,0.0294320487821819,-0.0568145141127107,0.032935745822255,hsics,0.2033053748277338,0.0765239948119325,HSCICD.HI,0.0043323361699243,0.0294320487821819,-0.0568145141127107,0.032935745822255,8104943212.0,22.0,0.0326575640204145,0.3636363636363636,2.0,17.0,-0.0281658813593969,0.0135884769608169,0.2421758280385074,0.5,-0.2160361360648213,10,2026-06-30 15:42:00,54.8,5.31,5.31,8.06,chiefgroup,-0.0016891891891892,0.1942567567567567,0.2888513513513513,0.2643581081081079,True,-0.2210526315789474
00325,0325.HK,布魯可,2025-01-10,2025-01-09,2025-01-09,消费/零售,非必需性消费,hsics,-0.0194885472998452,-0.0453563747050986,-0.0515585218996541,-0.0105540873422232,-0.0741409946930917,-0.0763981093806024,0.0092796360905439,22.74,111551260.09225002,4.33,-0.25,0.0236264766547911,4.68,0.1600000000000001,0.0045976325696019,1244.3182,1096.3250999999998,HSCICD.HI,恒生综合行业指数-非必需性消费,-0.0168483688764676,-0.0788577674330828,-0.0933656845217364,-0.0335013927279841,hsics,-0.1637344656319331,0.0489060489060489,HSCICD.HI,-0.0168483688764676,-0.0788577674330828,-0.0933656845217364,-0.0335013927279841,2067157620.0,16.0,0.0441936868349145,0.4375,10.0,25.0,-0.0217254802250341,-0.0238789026159231,0.0289571414492825,0.4705882352941176,-0.1869377969897153,10,2026-05-21 09:16:00,60.35,5999.96,5999.96,38.6,chiefgroup,-0.2244525547445255,-0.1760948905109489,-0.1779197080291971,0.0483576642335767,True,-0.0834999999999999
00805,0805.HK,新吉奧房車,2025-01-13,2025-01-12,2025-01-12,消费/零售,非必需性消费,hsics,-0.0352211786579839,-0.0653408213442628,-0.0505406118800144,-0.0323180599488164,-0.072108983202424,-0.0427168068517146,0.0087577844963274,22.851999999999997,107450313.43165,4.33,-0.25,0.0246682863016258,4.77,0.1799999999999997,-0.0418161328216262,1394.0542,895.1665,HSCICD.HI,恒生综合行业指数-非必需性消费,-0.0421030730499554,-0.1098887926501067,-0.0968274768907234,-0.0445479713058438,hsics,-0.2221421444364675,0.0385604113110539,HSCICD.HI,-0.0421030730499554,-0.1098887926501067,-0.0968274768907234,-0.0445479713058438,981759539.0,17.0,0.0283909667420063,0.4705882352941176,12.0,27.0,-0.0379141051079536,-0.0379619337531977,0.0092163784357627,0.5263157894736842,-0.1838592950945354,6,2026-02-03 20:46:14,1.27,2.52,2.52,1.01,chiefgroup,0.0,0.4795918367346938,-0.0612244897959183,0.2142857142857142,False,-0.3931034482758621
00917,0917.HK,趣致集團,2024-05-27,2024-05-26,2024-05-26,消费/零售,非必需性消费,hsics,-0.0483117951109796,0.1057708362920279,0.1125849433153212,-0.0761369069569066,0.0632081112582221,0.1175437283581182,0.0157359628760936,21.555999999999997,113462185.54299998,5.33,0.0,-0.0090823084200568,4.46,-0.0300000000000002,0.3658627309194953,540.0765,1012.2409,HSCICD.HI,恒生综合行业指数-非必需性消费,-0.0654705697198614,0.0229248383335101,0.0155190029950493,-0.0828459979585178,hsics,0.2814109891612075,0.0666666666666666,HSCICD.HI,-0.0654705697198614,0.0229248383335101,0.0155190029950493,-0.0828459979585178,1007324000.0,19.0,0.0148176370760618,0.4210526315789473,3.0,13.0,-0.0507001857926584,-0.12554681547893,-0.0990243546804728,0.625,-0.2485867999254693,8,2026-03-12 19:12:14,25.0,12.05,12.05,1.11,chiefgroup,0.0606060606060606,0.2030303030303031,0.5863636363636364,0.5181818181818182,False,-0.0348360655737703
00999,0999.HK,小菜園,2024-12-20,2024-12-19,2024-12-19,消费/零售,非必需性消费,hsics,-0.031599667598991,0.0077240523623405,0.0965599594962793,-0.0350697498081982,0.0186593673613657,0.1337963033053328,0.0128994264061885,21.286,111963116.86595002,4.33,-0.25,0.0127031571081637,4.57,0.3900000000000005,-0.0927205856462971,906.4849,1181.6749,HSCICD.HI,恒生综合行业指数-非必需性消费,-0.0467836483434899,-0.0035973113129378,0.1282500743724113,-0.0113213636752783,hsics,0.028836137525509,0.0438144329896907,HSCICD.HI,-0.0467836483434899,-0.0035973113129378,0.1282500743724113,-0.0113213636752783,9603413400.0,17.0,0.0340962737306314,0.4705882352941176,7.0,19.0,-0.0285043882426501,-0.0432043094264407,-0.0456751320256335,0.6,-0.2175146760324006,10,2026-06-16 21:46:00,8.5,1.44,1.44,1.29,chiefgroup,0.0733333333333333,0.0144444444444445,0.0,0.2244444444444444,False,-0.0693581780538302
01318,1318.HK,毛戈平,2024-12-10,2024-12-09,2024-12-09,生物科技/医药,医疗保健业,hsics,0.0441834878152702,-0.0006285819748733,0.1702441485184271,0.0569342817356401,0.0010941890280709,0.3494372277407123,0.0137683576407822,23.506,111040735.58975002,4.58,0.0,0.0061605535020377,4.2,-0.1899999999999995,-0.1889906733570128,1096.3250999999998,1061.0926,HSCIH.HI,恒生综合行业指数-医疗保健业,0.0251977405474825,-0.0037515880726404,0.1591748005478142,-0.003123006097767,hsics,-0.0819704114248744,0.067193675889328,HSCIH.HI,0.0251977405474825,-0.0037515880726404,0.1591748005478142,-0.003123006097767,3363770285.0,10.0,0.0045102775911193,0.4,6.0,18.0,-0.047887679365537,-0.0526828817944303,-0.0533692648320782,0.6428571428571429,-0.2001871681652516,10,2026-03-27 09:58:30,29.8,919.18,919.18,30.34,chiefgroup,0.1038824763903463,0.2277019937040924,0.2644281217208815,1.1532004197271772,False,-0.0983606557377049
01334,1334.HK,瑞昌國際控股,2024-07-10,2024-07-09,2024-07-09,新能源/汽车,能源业,hsics,-0.0138391616026436,-0.0359318762743214,0.022408319656086,0.0174534481904913,-0.04547950583156,0.0137640068193387,0.0112765243364584,19.898000000000003,81948599.44284998,5.33,0.0,-0.0013299135556188,4.3,0.08,-0.2693686516158401,771.2646,926.7722,HSCIEN.HI,恒生综合行业指数-能源业,-0.0149406137475145,0.0290703114765347,0.1230259429265825,0.0650021877508562,hsics,-0.1364035797243077,0.0434782608695652,HSCIEN.HI,-0.0149406137475145,0.0290703114765347,0.1230259429265825,0.0650021877508562,3391235062.0,0.0,,,11.0,23.0,-0.025765893655452,-0.0773673112208553,-0.0299255720040503,0.55,-0.2822464187841179,5,2026-03-11 19:30:53,1.05,19.24,19.24,0.97,chiefgroup,-0.0769230769230769,-0.1153846153846154,-0.3153846153846154,-0.3153846153846154,True,-0.3053435114503816
01354,1354.HK,經發物業,2024-07-03,2024-07-02,2024-07-02,地产/建筑,地产建筑业,hsics,-0.0168074852403323,-0.0344453959780558,0.0742209556374242,-0.0376287568555115,-0.0410837143539983,-0.0011261938248935,0.0103380500529241,19.516,86928435.71455,5.33,0.0,0.0156640399769363,4.43,0.1200000000000001,-0.2288544256563979,935.9897,735.3799,HSCIPC.HI,恒生综合行业指数-地产建筑业,-0.0186427566807313,-0.0825120480739518,-0.0085187711370676,-0.048066652095896,hsics,-0.4804053613877798,0.0799180327868852,HSCIPC.HI,-0.0186427566807313,-0.0825120480739518,-0.0085187711370676,-0.048066652095896,1358799720.0,6.0,-0.0792265369487536,0.8333333333333334,10.0,19.0,-0.0280277746647081,-0.0590216848165682,-0.0031824017823379,0.5,-0.2605392113218564,2,2026-02-07 03:01:35,7.5,118.87,118.87,0.98,chiefgroup,-0.1320261437908497,-0.2549019607843137,0.041830065359477,1.549019607843137,True,-0.2844974446337308
01471,1471.HK,眾淼控股,2024-08-06,2024-08-05,2024-08-05,金融,金融业,hsics,-0.0313243618585084,-0.0471180765187976,-0.1194557174556837,-0.0366872948512291,-0.0637043841510126,-0.137548737896987,0.0144055592064436,21.712,73133781.36625001,5.33,0.0,-0.0218053704056369,3.78,-0.3900000000000001,-0.124908416314903,427.4864,770.8303,HSCIFN.HI,恒生综合行业指数-金融业,-0.0385537808629282,-0.032762415396581,-0.1156281017745176,0.0143556611222165,hsics,-0.1271005698525965,0.0409090909090909,HSCIFN.HI,-0.0385537808629282,-0.032762415396581,-0.1156281017745176,0.0143556611222165,6365118225.0,3.0,-0.0065177058965879,0.6666666666666666,7.0,25.0,-0.0434041566163724,-0.0356621152379865,-0.0274795909094657,0.5555555555555556,-0.2847293120637081,10,2026-04-16 20:26:00,7.0,16.07,16.07,0.98,chiefgroup,0.068313953488372,-0.1802325581395349,-0.1424418604651162,-0.0203488372093022,False,-0.2326530612244898
02228,2228.HK,QUANTUMPH-P,2024-06-13,2024-06-12,2024-06-12,生物科技/医药,医疗保健业,hsics,-0.0274488712114598,-0.0595516027034068,0.0493953842103722,-0.0276304518002186,-0.0814718017285006,0.0129998054754323,0.0114024688121681,21.236,109094388.5357,5.33,0.0,-0.0027619047619048,4.31,-0.1600000000000001,0.1150251370695727,945.1777,818.9384999999999,HSCIH.HI,恒生综合行业指数-医疗保健业,-0.016578447189869,-0.0954345459003916,-0.1007825761862419,-0.0358829431969848,hsics,0.2732028365420731,0.0483870967741935,HSCIH.HI,-0.016578447189869,-0.0954345459003916,-0.1007825761862419,-0.0358829431969848,-6756429.0,13.0,0.0009721370835029,0.3846153846153846,9.0,17.0,0.0299838565511201,0.0237835996866693,0.0871793683980812,0.4166666666666667,-0.248167761227301,10,2026-05-26 14:16:33,5.28,103.35,103.35,2.13,chiefgroup,0.0760667903525046,-0.0166975881261595,0.0148423005565862,1.3673469387755104,False,-0.1068965517241379
02410,2410.HK,同源康醫藥－Ｂ,2024-08-20,2024-08-19,2024-08-19,生物科技/医药,医疗保健业,hsics,0.0267607156527862,-0.0037599484686899,-0.0558532619267942,0.0254385037525175,-0.0259283827937262,-0.0973001459985289,0.0118544782957817,19.932,66257554.53835,5.33,0.0,-0.0233004123118228,3.86,-0.2900000000000005,-0.1315254235130264,389.4999,504.5275,HSCIH.HI,恒生综合行业指数-医疗保健业,0.0062866014144142,0.0330852438266835,-0.0130476756999229,0.0368451922953735,hsics,-0.0047985240666298,0.032,HSCIH.HI,0.0062866014144142,0.0330852438266835,-0.0130476756999229,0.0368451922953735,594425124.0,11.0,-0.0196380725386873,0.4545454545454545,2.0,25.0,-0.0393059017206968,-0.0998637201131412,-0.0748504314720529,0.5333333333333333,-0.3037605888950921,10,2026-03-30 17:00:00,12.1,2.29,2.29,1.01,chiefgroup,-0.0538674033149172,0.5883977900552486,1.1201657458563534,0.7092541436464088,True,-0.0956521739130434
02431,2431.HK,佑駕創新,2024-12-27,2024-12-26,2024-12-26,TMT/互联网,资讯科技业,hsics,0.0175056233359711,0.037761734417792,0.0087183769996657,0.0270147315243336,0.0676599552434302,0.0122179957042201,0.0108160532440161,21.144,108844275.90565,4.33,-0.25,0.0180842045775642,4.58,0.4299999999999997,-0.1251754592249853,895.2384999999999,1065.6414,HSCIIT.HI,恒生综合行业指数-信息科技业,0.0246287898995287,0.0810497176623257,0.0930331205391605,0.0432879832445336,hsics,-0.061867790184197,0.0669456066945606,HSCIIT.HI,0.0246287898995287,0.0810497176623257,0.0930331205391605,0.0432879832445336,1387569568.0,20.0,-0.0548659525962349,0.6,9.0,21.0,-0.013797210374993,-0.035664288887351,-0.0133543399269603,0.6,-0.2071050934807957,10,2026-06-30 11:52:44,17.0,14.04,14.04,1.09,chiefgroup,0.0430107526881718,-0.0591397849462366,0.1155913978494622,0.7580645161290323,False,-0.1353001017293997
02432,2432.HK,越疆,2024-12-23,2024-12-22,2024-12-22,TMT/互联网,资讯科技业,hsics,-0.0125450397671852,0.0255190205704949,0.0800791080572027,-0.0079047591770523,0.0466275094612824,0.1324363914999093,0.0120841665383639,21.094,112879692.57819998,4.33,-0.25,0.0032561168480789,4.52,0.3299999999999992,-0.0892293167150853,897.1393,1115.3271,HSCIIT.HI,恒生综合行业指数-信息科技业,0.0295068848295656,0.0742859706210166,0.2080317638624951,0.0487669500505216,hsics,-0.0312481053555303,0.042016806722689,HSCIIT.HI,0.0295068848295656,0.0742859706210166,0.2080317638624951,0.0487669500505216,1004900920.0,19.0,-0.0557231774590343,0.5789473684210527,8.0,20.0,-0.0245065483614566,-0.0381911237012258,-0.0305272988948114,0.6,-0.2063911524909853,10,2026-07-08 08:57:00,18.8,9.25,9.25,2.64,chiefgroup,-0.0385786802030455,-0.030456852791878,0.0583756345177666,2.583756345177665,True,-0.2150313152400834
02438,2438.HK,出門問問,2024-04-24,2024-04-23,2024-04-23,TMT/互联网,资讯科技业,hsics,0.0356921084844148,0.0199679141208777,0.0933705566409104,0.0333298370708738,-0.0373439961300621,0.0957141740629674,0.0130490772412004,22.71,82545028.73565002,5.33,0.0,0.0121612563439623,4.61,0.25,-0.0317108150443349,971.6748,751.6772,HSCIIT.HI,恒生综合行业指数-信息科技业,0.0649138026397759,0.0745837235343813,0.1713356217019312,0.0546158094135036,hsics,0.0401921141399987,0.0582959641255605,HSCIIT.HI,0.0649138026397759,0.0745837235343813,0.1713356217019312,0.0546158094135036,4441141072.0,9.0,0.0661927292242668,0.3333333333333333,5.0,9.0,-0.0252172257515311,0.2395670510820558,0.3252657557761226,0.7777777777777778,-0.2288784548705539,10,2026-02-25 09:30:52,3.8,117.39,117.39,1.58,chiefgroup,0.2348993288590604,0.2919463087248322,0.2080536912751678,-0.5234899328859061,False,-0.1674528301886793
02443,2443.HK,汽車街,2024-05-31,2024-05-30,2024-05-30,消费/零售,非必需性消费,hsics,-0.0338401512345041,0.0272317828850203,0.1040944944838244,-0.0368128690358459,0.0140758541361614,0.0936845963092036,0.0159802801305931,21.332,108945458.13075002,5.33,0.0,-0.008518693800284,4.55,0.0499999999999998,0.2388542293254849,663.8587,892.4954,HSCICD.HI,恒生综合行业指数-非必需性消费,-0.022325947825645,-0.0240621022945886,-0.0161669117490357,-0.0512938851796089,hsics,0.1820384996303319,0.0469973890339425,HSCICD.HI,-0.022325947825645,-0.0240621022945886,-0.0161669117490357,-0.0512938851796089,428698759.0,20.0,0.0171070582525618,0.4,5.0,15.0,0.0445158610452555,-0.0474496542532647,0.0933053178869369,0.375,-0.2353338683698712,1,2026-03-31 17:04:00,10.2,433.34,433.34,0.98,chiefgroup,-0.1075862068965517,-0.2082758620689654,-0.4482758620689655,-0.5710344827586208,True,-0.2616541353383459
02460,2460.HK,華潤飲料,2024-10-23,2024-10-22,2024-10-22,消费/零售,必需性消费,hsics,0.0088666697180295,0.1801971202866701,0.176904731284534,0.0158796833988392,0.2207951126745324,0.2951506487046094,0.0217330711700176,31.386000000000003,234861745.59015003,4.83,0.0,0.0293739491642766,4.2,0.4100000000000001,1.9994462709442993,785.9382999999999,323.703,HSCICS.HI,恒生综合行业指数-必需性消费,0.0208660078544795,0.2105969224822206,0.0889265921574917,0.0303998021955504,hsics,1.774011101782095,0.0620957309184993,HSCICS.HI,0.0208660078544795,0.2105969224822206,0.0889265921574917,0.0303998021955504,155390775.0,21.0,0.0227523784851221,0.4761904761904761,4.0,9.0,-0.075191998238651,-0.228263601897869,-0.1992760913640185,0.8333333333333334,-0.3166003420272922,10,2026-06-24 07:39:00,14.5,234.49,234.49,24.47,chiefgroup,0.0133657351154312,-0.0607533414337788,-0.2272174969623329,-0.3025516403402187,False,-0.2362110311750599
02465,2465.HK,龍蟠科技,2024-10-30,2024-10-29,2024-10-29,工业/制造,工业,hsics,0.0098634320294452,0.089501572585229,0.216189588227933,0.0226046719241865,0.0383090965654011,0.3147599093025361,0.0203127245399093,32.624,212845201.96395,4.83,0.0,0.0389636273044344,4.28,0.2200000000000006,0.8780509303362933,920.2882,441.674,HSCIIN.HI,恒生综合行业指数-工业,0.0198055672966608,0.1113987080075018,0.131477573443205,0.0218971354222727,hsics,0.8702945774856057,0.0525114155251141,HSCIIN.HI,0.0198055672966608,0.1113987080075018,0.131477573443205,0.0218971354222727,-474066721.0,10.0,-0.0145269935555715,0.5,6.0,11.0,-0.0796256255395594,-0.1873367909776241,-0.2027615993933055,0.75,-0.2925169104664675,10,2026-07-23 09:07:00,5.5,3.99,3.99,3.23,chiefgroup,-0.0649606299212598,-0.1062992125984252,0.155511811023622,-0.0846456692913385,True,-0.191578947368421
02479,2479.HK,天聚地合,2024-06-28,2024-06-27,2024-06-27,TMT/互联网,资讯科技业,hsics,-0.0337517970779892,-0.0411614216802392,0.0807443981640765,-0.0475120693072624,-0.0468442597200822,0.057590751549716,0.0116169967505358,19.612,91260509.77729996,5.33,0.0,0.0076096261771141,4.29,-0.1399999999999996,-0.1639491677049179,982.9076,631.5807,HSCIIT.HI,恒生综合行业指数-信息科技业,-0.0426768496086198,-0.0213330314414443,0.1504247403521428,0.0198283902387949,hsics,-0.1075517154614957,0.066079295154185,HSCIIT.HI,-0.0426768496086198,-0.0213330314414443,0.1504247403521428,0.0198283902387949,1986489989.0,12.0,0.050550810589561,0.4166666666666667,7.0,15.0,0.0132783246227198,-0.0051222025490427,0.0682227386662744,0.4166666666666667,-0.2484818157492478,2,2026-07-14 22:38:00,83.33,602.87,602.87,0.99,chiefgroup,-0.4676991150442478,-0.4247787610619469,-0.3446902654867257,-0.4716814159292035,True,-0.247170935080405
02495,2495.HK,聲通科技,2024-07-10,2024-07-09,2024-07-09,TMT/互联网,资讯科技业,hsics,-0.0138391616026436,-0.0359318762743214,0.022408319656086,0.0174534481904913,-0.04547950583156,0.0137640068193387,0.0112765243364584,19.898000000000003,81948599.44284998,5.33,0.0,-0.0013299135556188,4.3,0.08,-0.2693686516158401,771.2646,926.7722,HSCIIT.HI,恒生综合行业指数-信息科技业,0.0236876142534889,-0.0153698727945735,0.09881847357292,0.0205620034797479,hsics,-0.2432914867790899,0.0735930735930736,HSCIIT.HI,0.0236876142534889,-0.0153698727945735,0.09881847357292,0.0205620034797479,3722101697.0,16.0,0.0076035455046003,0.5,11.0,23.0,-0.025765893655452,-0.0773673112208553,-0.0299255720040503,0.55,-0.2822464187841179,6,2026-02-06 11:17:21,152.1,3.51,3.51,1.24,chiefgroup,0.0,0.0511111111111111,0.3962962962962963,0.3866666666666666,False,-0.1559530463946339
02497,2497.HK,富景中國控股,2024-03-28,2024-03-27,2024-03-27,消费/零售,必需性消费,hsics,-0.0090811439472842,-0.0087084299609658,0.0032086098206838,-0.0444864289661358,-0.009683091724725,-0.0985205991194025,0.0142510367051802,21.366,87524103.3179,5.33,0.0,0.003367327304214,4.2,0.1100000000000003,0.3074259450598624,835.1503,281.9018,HSCICS.HI,恒生综合行业指数-必需性消费,-0.0266077199670157,-0.0045324995313023,-0.0358345886649505,0.0041759304296635,hsics,0.3792418514762887,0.0747051114023591,HSCICS.HI,-0.0266077199670157,-0.0045324995313023,-0.0358345886649505,0.0041759304296635,343896989.0,20.0,0.0316841869753741,0.4,5.0,11.0,0.0986437207095141,0.6091530761453771,0.8075982084775205,0.6,-0.2268406740483035,2,2026-03-30 20:28:00,1.08,294.13,294.13,0.96,chiefgroup,-0.3051643192488262,-0.4178403755868544,-0.5070422535211268,-0.5164319248826291,True,-0.4294478527607361
02505,2505.HK,ＥＤＡ集團控股,2024-05-28,2024-05-27,2024-05-27,工业/制造,工业,hsics,-0.0411927550210785,0.0945325548636815,0.1318090934995075,-0.0655078633308049,0.0872689209229817,0.1388593177846948,0.0153121171294247,21.496,113500964.6177,5.33,0.0,-0.0116235116235114,4.46,-0.0099999999999997,0.3565272699472499,560.9302,971.6748,HSCIIN.HI,恒生综合行业指数-工业,-0.0127079797920689,0.1318060866259698,0.1553808050949017,0.0372735317622883,hsics,0.1325942884475517,0.1264367816091954,HSCIIN.HI,-0.0127079797920689,0.1318060866259698,0.1553808050949017,0.0372735317622883,3405934595.0,9.0,-0.0245408339480485,0.5555555555555556,4.0,14.0,-0.0004423446584042,-0.053765855438775,0.0437590133224724,0.4285714285714285,-0.215891767932914,3,2026-03-26 15:06:55,2.28,103.44,103.44,0.98,chiefgroup,0.3592233009708739,-0.0032362459546924,0.4401294498381878,0.2621359223300971,False,-0.3714285714285714
02506,2506.HK,訊飛醫療科技,2024-12-30,2024-12-29,2024-12-29,生物科技/医药,医疗保健业,hsics,0.018749841537065,0.0343319290286407,-0.0262617352403755,0.0156057460956231,0.0375247808294287,-0.0448713684485949,0.0108250784733751,21.24,109521178.3023,4.33,-0.25,0.0211760257137454,4.62,0.4199999999999999,-0.1116368211130963,927.4589,1166.1442,HSCIH.HI,恒生综合行业指数-医疗保健业,0.0053444269239597,-0.0454319191794141,-0.0991454114852217,-0.0797638482080549,hsics,0.033796388139712,0.0470588235294117,HSCIH.HI,0.0053444269239597,-0.0454319191794141,-0.0991454114852217,-0.0797638482080549,489582568.0,11.0,-0.0006251036943532,0.4545454545454545,7.0,22.0,-0.0065991182010309,-0.0325203270438717,-0.0160157008052376,0.5333333333333333,-0.2033531704381943,10,2026-03-27 19:56:28,82.8,3.66,3.66,1.1,chiefgroup,-0.0306406685236768,-0.0573816155988858,-0.0395543175487464,0.3927576601671309,True,-0.0777777777777777
02507,2507.HK,西銳,2024-07-12,2024-07-11,2024-07-11,工业/制造,工业,hsics,-0.0108690346500053,-0.0154753892725683,0.0664191239043423,0.012828576563439,0.0014114236681197,0.0639003997493177,0.0117786544956875,20.012,79490411.293,5.33,0.0,-0.0074123348854889,4.2,-0.0499999999999998,-0.271361136352237,613.1224999999998,945.1777,HSCIIN.HI,恒生综合行业指数-工业,-0.0196104865806612,-0.035307203281733,0.0416382026928754,-0.0198318140091647,hsics,-0.2203567385084792,0.0640732265446224,HSCIIN.HI,-0.0196104865806612,-0.035307203281733,0.0416382026928754,-0.0198318140091647,1149878983.0,11.0,-0.0137379898883717,0.5454545454545454,14.0,26.0,-0.0200974326100921,-0.0732588287836497,-0.0220695547464924,0.5217391304347826,-0.2893949603676935,7,2026-02-03 10:06:57,27.5,1.56,1.56,1.57,chiefgroup,0.0,-0.1036363636363637,-0.069090909090909,-0.1727272727272727,False,-0.1272727272727273
02509,2509.HK,荃信生物－Ｂ,2024-03-20,2024-03-19,2024-03-19,生物科技/医药,医疗保健业,hsics,-0.0329961681340861,0.0173546592677893,-0.0156447729569519,-0.0316802398663033,0.0808939094747553,-0.0483553518880527,0.0136606313906795,22.796000000000003,85981324.28850001,5.33,0.0,-0.002402460119162,4.3,0.0300000000000002,0.2371388138993384,698.5378000000001,172.2901,HSCIH.HI,恒生综合行业指数-医疗保健业,-0.038538972193032,0.0199752654011735,-0.1815486078184084,0.0026206061333842,hsics,0.0870493442975237,0.0612244897959183,HSCIH.HI,-0.038538972193032,0.0199752654011735,-0.1815486078184084,0.0026206061333842,102746904.0,13.0,-0.0108331326533004,0.3846153846153846,2.0,13.0,0.2871794871794871,1.1200854700854703,1.5102564102564104,0.5,-0.3380450558465324,10,2026-06-23 09:41:28,19.8,163.15,163.15,0.9965,chiefgroup,-0.1058394160583941,-0.125912408759124,-0.1295620437956203,0.0474452554744525,True,-0.2587755102040816
02510,2510.HK,德翔海運,2024-11-01,2024-10-31,2024-10-31,工业/制造,工业,hsics,-0.0084086478909807,0.0197118333234627,0.1949325144931075,0.0033808436732476,-0.127578042185453,0.3289076580544761,0.0187656633324587,32.90599999999999,187427443.80035,4.83,0.0,0.0331145584725536,4.28,0.2000000000000001,0.3431984581594542,996.2081,342.80850000000004,HSCIIN.HI,恒生综合行业指数-工业,0.0108064516129031,0.054573372737503,0.1519294174411525,0.0348615394140403,hsics,0.5366376805650599,0.0637813211845102,HSCIIN.HI,0.0108064516129031,0.054573372737503,0.1519294174411525,0.0348615394140403,-3055973.0,11.0,-0.0191118695888158,0.5454545454545454,8.0,13.0,-0.0734523773772618,-0.1302667959024069,-0.1168906565518171,0.8,-0.2560724470008011,10,2026-02-04 10:27:38,4.18,12.09,12.09,2.22,chiefgroup,-0.0191387559808612,0.0,0.0382775119617225,0.0287081339712918,True,-0.178494623655914
02512,2512.HK,雲工場,2024-06-14,2024-06-13,2024-06-13,TMT/互联网,资讯科技业,hsics,-0.01695146149571,-0.0503876802153329,0.060327441984626,-0.0180133807702405,-0.0748023763105121,0.0226567401108124,0.0117407126332501,21.066,107451478.61824998,5.33,0.0,0.0089165867689358,4.24,-0.2199999999999997,0.0765715101033963,986.3074,746.2877999999998,HSCIIT.HI,恒生综合行业指数-信息科技业,-0.0052412133751846,-0.0456880939156162,0.1594211834612753,0.0046995862997166,hsics,0.0990724228721739,0.1017699115044247,HSCIIT.HI,-0.0052412133751846,-0.0456880939156162,0.1594211834612753,0.0046995862997166,25804193.0,11.0,0.0670040463348571,0.3636363636363636,10.0,18.0,0.0335286976127651,0.0206696621626055,0.0816149785641201,0.3846153846153846,-0.2373007451116731,10,2026-02-02 20:23:40,4.6,25.79,25.79,1.09,chiefgroup,-0.1304347826086957,-0.1304347826086957,-0.1327231121281464,-0.1762013729977116,True,-0.0788177339901476
02515,2515.HK,天津建發,2024-04-23,2024-04-22,2024-04-22,地产/建筑,地产建筑业,hsics,-0.0053474421793131,-0.0208389916444782,0.0808272620754209,-0.0308323017084503,-0.060558825721741,0.0991214319277222,0.0132491412280615,22.942,82534970.63715,5.33,0.0,0.0203826555138928,4.62,0.2599999999999998,-0.0236831247965492,1012.2409,698.5378000000001,HSCIPC.HI,恒生综合行业指数-地产建筑业,-0.0068773864457253,-0.0766737254740709,-0.0482820491085305,-0.0558347338295927,hsics,-0.1333972691346527,0.0637860082304526,HSCIPC.HI,-0.0068773864457253,-0.0766737254740709,-0.0482820491085305,-0.0558347338295927,1587929907.0,5.0,-0.0170357486242167,0.6,3.0,7.0,0.0216170843458847,0.3743974497138819,0.5036923925785929,0.7142857142857143,-0.2352130656698063,6,2026-02-12 09:25:33,2.5,433.06,433.06,1.02,chiefgroup,-0.1914893617021276,-0.1914893617021276,-0.3138297872340425,-0.3138297872340425,True,-0.2134146341463414
02519,2519.HK,傲基股份,2024-11-08,2024-11-07,2024-11-07,消费/零售,非必需性消费,hsics,0.0313038179721449,-0.0140523377115919,0.2586599420688229,0.0396719922579151,0.0079491763184831,0.3610451792212936,0.0164497338318195,32.474000000000004,143574018.29325002,4.83,0.0,0.0144871171609139,4.31,0.2299999999999995,-0.2739476912275228,1220.143,451.2100999999999,HSCICD.HI,恒生综合行业指数-非必需性消费,0.0402688416918961,-0.0333468484809684,0.3822477864404539,-0.0192945107693764,hsics,-0.3506015271953507,0.0490956072351421,HSCICD.HI,0.0402688416918961,-0.0333468484809684,0.3822477864404539,-0.0192945107693764,8088627808.0,20.0,0.0162382841651498,0.5,7.0,12.0,-0.0538786496695628,-0.0877048124313325,-0.0962034012234134,0.8,-0.2367501921946753,6,2026-03-06 20:58:02,15.6,17.74,17.74,2.45,chiefgroup,-0.0043227665706052,-0.1325648414985591,-0.0778097982708933,-0.1354466858789625,True,-0.2344428364688856
02522,2522.HK,一脈陽光,2024-06-07,2024-06-06,2024-06-06,生物科技/医药,医疗保健业,hsics,0.013527560601398,-0.0032911115174878,0.1384504287796877,0.0234227341385466,-0.0080965958039969,0.1432780865006138,0.0124213072006404,21.706,111522830.66025,5.33,0.0,-0.0104542862573654,4.28,-0.1399999999999996,0.2086916571948713,848.9991,805.5845,HSCIH.HI,恒生综合行业指数-医疗保健业,0.0282791868245857,-0.0695043573264121,-0.0150303987881206,-0.0662132458089242,hsics,0.5308056707690116,0.048582995951417,HSCIH.HI,0.0282791868245857,-0.0695043573264121,-0.0150303987881206,-0.0662132458089242,-699467094.0,13.0,0.0015014243100378,0.3846153846153846,7.0,15.0,0.0051570984495795,-0.0981812490034477,-0.0216984834124985,0.5,-0.2597155270976561,10,2026-04-20 14:33:07,14.98,336.33,336.33,1.24,chiefgroup,0.0,0.2813333333333333,0.1666666666666666,0.3239999999999999,False,-0.2429268292682926
02529,2529.HK,泓盈城市服務,2024-05-17,2024-05-16,2024-05-16,地产/建筑,地产建筑业,hsics,0.0452437477781895,0.1672284984873913,0.2048664678094427,0.0516888875501642,0.2199918444510133,0.263426444620817,0.0149828262905209,22.07,103902837.54775,5.33,0.0,-0.0160060257979474,4.38,-0.29,0.2384657803177126,724.5631,944.121,HSCIPC.HI,恒生综合行业指数-地产建筑业,0.0824976909882571,0.2095133493535403,0.1525736843584051,0.042284850866149,hsics,0.41863255444475,0.2566735112936344,HSCIPC.HI,0.0824976909882571,0.2095133493535403,0.1525736843584051,0.042284850866149,3668978715.0,5.0,-0.0806209772864813,0.8,4.0,11.0,-0.0465152110539907,0.0627272772176733,0.1077085685768772,0.6666666666666666,-0.1790918423616558,4,2026-02-12 19:38:11,3.2,47.59,47.59,1.2,chiefgroup,-0.0722543352601156,-0.2543352601156069,-0.1445086705202312,-0.1907514450867052,True,-0.2523364485981308
02530,2530.HK,紐曼思,2025-01-10,2025-01-09,2025-01-09,生物科技/医药,医疗保健业,hsics,-0.0194885472998452,-0.0453563747050986,-0.0515585218996541,-0.0105540873422232,-0.0741409946930917,-0.0763981093806024,0.0092796360905439,22.74,111551260.09225002,4.33,-0.25,0.0236264766547911,4.68,0.1600000000000001,0.0045976325696019,1244.3182,1096.3250999999998,HSCIH.HI,恒生综合行业指数-医疗保健业,-0.0193535649741615,-0.0878523803653249,-0.118423796214013,-0.0424960056602262,hsics,-0.0905174585741696,0.0232558139534883,HSCIH.HI,-0.0193535649741615,-0.0878523803653249,-0.118423796214013,-0.0424960056602262,-1372740354.0,13.0,-0.004816213804361,0.4615384615384615,10.0,25.0,-0.0217254802250341,-0.0238789026159231,0.0289571414492825,0.4705882352941176,-0.1869377969897153,10,2026-03-03 19:55:42,0.8,65.17,65.17,1.03,chiefgroup,-0.1265822784810127,-0.1392405063291139,-0.1392405063291139,-0.1518987341772151,True,-0.2318840579710144
02531,2531.HK,廣聯科技控股,2024-07-15,2024-07-14,2024-07-14,TMT/互联网,资讯科技业,hsics,0.0277404954378213,0.019596717828443,0.1019803065698181,0.0515124631406742,0.011483975262557,0.0986466455927153,0.0129850349492454,20.33,80195881.36349998,5.33,0.0,-0.01355064910452,4.18,-0.0700000000000002,-0.2536549296969916,574.8554999999999,986.3074,HSCIIT.HI,恒生综合行业指数-信息科技业,0.0474073792019176,0.0389425284614421,0.1905338437409951,0.0193458106329991,hsics,-0.2361818819389849,0.0646551724137931,HSCIIT.HI,0.0474073792019176,0.0389425284614421,0.1905338437409951,0.0193458106329991,3891171446.0,17.0,0.0071562781219767,0.4705882352941176,13.0,27.0,-0.0192600395846716,-0.0745245594025128,-0.0240287778441764,0.5,-0.2826398673220699,2,2026-04-22 22:55:00,4.7,2.49,2.49,1.06,chiefgroup,-0.124087591240876,0.3375912408759123,0.2554744525547444,1.8649635036496344,True,-0.3580586080586081
02533,2533.HK,黑芝麻智能,2024-08-08,2024-08-07,2024-08-07,TMT/互联网,资讯科技业,hsics,-0.0269098163117049,-0.0339870201303021,-0.1151244304333031,-0.0382300725964824,-0.0605667758015348,-0.1463536866672157,0.0148493010807189,22.604,72223080.81149998,5.33,0.0,-0.0173333333333333,3.96,-0.2400000000000002,-0.100064011712822,558.9267,677.1021999999999,HSCIIT.HI,恒生综合行业指数-信息科技业,-0.0188228171833108,-0.0408891179069537,-0.1043524598714872,-0.0069020977766515,hsics,-0.0951424366378982,0.0429184549356223,HSCIIT.HI,-0.0188228171833108,-0.0408891179069537,-0.1043524598714872,-0.0069020977766515,4872935881.0,18.0,-0.0001350479537372,0.5,8.0,26.0,-0.0600703623367046,-0.1229039010998707,-0.1117771618669094,0.5882352941176471,-0.2927601655658932,10,2026-05-14 10:11:00,28.0,2.52,2.52,1.05,chiefgroup,0.0877659574468084,0.0718085106382977,0.1595744680851063,0.2952127659574468,False,-0.1641221374045801
02535,2535.HK,泓基集團,2024-03-08,2024-03-07,2024-03-07,地产/建筑,地产建筑业,hsics,-0.0170584758204007,0.0480921300323473,-0.006006910887281,-0.0209716314374779,0.0356155347764104,-0.0970025546622642,0.0145482948925412,24.99,71257207.91035,5.33,0.0,-0.0068585780525501,4.09,-0.2099999999999999,-0.0491012508897567,431.0494,119.96760000000005,HSCIPC.HI,恒生综合行业指数-地产建筑业,-0.044382222880335,0.0076650650465937,-0.0781961135674542,-0.0404270649857536,hsics,-0.0446071401661202,0.045360824742268,HSCIPC.HI,-0.044382222880335,0.0076650650465937,-0.0781961135674542,-0.0404270649857536,971171345.0,5.0,-0.0156974978339111,0.6,0.0,15.0,0.1609533606903908,0.4786451661952793,0.5351014506633129,0.25,-0.1775394990750508,10,2026-04-30 09:04:57,0.25,70.48,70.48,0.98,chiefgroup,-0.0923076923076923,-0.0153846153846153,-0.0461538461538461,-0.1230769230769231,True,-0.1739130434782608
02536,2536.HK,百樂皇宮,2024-03-26,2024-03-25,2024-03-25,消费/零售,非必需性消费,hsics,-0.0157422543424435,-0.0096845517272888,-0.0088736445716989,-0.0436868141935119,0.0129402171586843,-0.0556520373440774,0.0143519354463638,21.734,87110258.49039999,5.33,0.0,0.0043360955868183,4.25,0.1200000000000001,0.2986766474020443,751.5461,207.96999999999997,HSCICD.HI,恒生综合行业指数-非必需性消费,-0.0301911800481515,0.0134340853206866,0.0070163977265302,0.0231186370479755,hsics,0.4263415670927473,0.0695538057742782,HSCICD.HI,-0.0301911800481515,0.0134340853206866,0.0070163977265302,0.0231186370479755,4699303476.0,20.0,0.0270843846038326,0.45,4.0,11.0,0.1005773781596199,0.5114413451817214,0.7849523060514463,0.75,-0.2585508425603793,1,2026-02-02 16:39:38,2.6,15.96,15.96,1.29,chiefgroup,0.0909090909090909,1.0,0.8981818181818181,1.181818181818182,False,-0.0999999999999999
02540,2540.HK,樂思集團,2024-03-08,2024-03-07,2024-03-07,消费/零售,非必需性消费,hsics,-0.0170584758204007,0.0480921300323473,-0.006006910887281,-0.0209716314374779,0.0356155347764104,-0.0970025546622642,0.0145482948925412,24.99,71257207.91035,5.33,0.0,-0.0068585780525501,4.09,-0.2099999999999999,-0.0491012508897567,431.0494,119.96760000000005,HSCICD.HI,恒生综合行业指数-非必需性消费,-0.0412462971250772,0.1179154324791762,-0.019788303069126,0.0698233024468288,hsics,0.0146263644712958,0.0617608409986859,HSCICD.HI,-0.0412462971250772,0.1179154324791762,-0.019788303069126,0.0698233024468288,4326450199.0,19.0,-0.0065778407678954,0.4736842105263157,0.0,15.0,0.1609533606903908,0.4786451661952793,0.5351014506633129,0.25,-0.1775394990750508,4,2026-03-13 20:44:30,1.1,22.35,22.35,1.46,chiefgroup,0.6666666666666666,2.255555555555556,3.066666666666667,0.2777777777777776,False,-0.502177068214804
02545,2545.HK,中贛通信,2024-07-03,2024-07-02,2024-07-02,TMT/互联网,电讯业,hsics,-0.0168074852403323,-0.0344453959780558,0.0742209556374242,-0.0376287568555115,-0.0410837143539983,-0.0011261938248935,0.0103380500529241,19.516,86928435.71455,5.33,0.0,0.0156640399769363,4.43,0.1200000000000001,-0.2288544256563979,935.9897,735.3799,HSCITC.HI,恒生综合行业指数-电讯业,0.0403456479897348,0.0315080111851782,0.1432211916249899,0.065953407163234,hsics,-0.1649484743249515,0.0698689956331877,HSCITC.HI,0.0403456479897348,0.0315080111851782,0.1432211916249899,0.065953407163234,2421689533.0,14.0,0.0017466271932274,0.5,10.0,19.0,-0.0280277746647081,-0.0590216848165682,-0.0031824017823379,0.5,-0.2605392113218564,4,2026-03-03 17:52:22,1.25,195.99,195.99,1.5,chiefgroup,-0.1184210526315789,-0.4013157894736842,-0.5,-0.5394736842105263,True,-0.5073529411764706
02549,2549.HK,卡羅特,2024-10-02,2024-10-01,2024-10-01,消费/零售,非必需性消费,hsics,0.1581932700575596,0.1881985705868329,0.1722515958261132,0.2848737475366929,0.372871444515559,0.3019835119774339,0.0170977495950971,27.04199999999999,129990554.24025002,4.83,-0.5,-0.0061156046557505,3.74,0.0900000000000003,0.9424147000467604,445.2313,419.6974000000001,HSCICD.HI,恒生综合行业指数-非必需性消费,0.2678439058996877,0.3646910244360901,0.2993083777636927,0.1764924538492571,hsics,1.015395707643468,0.3095854922279792,HSCICD.HI,0.2678439058996877,0.3646910244360901,0.2993083777636927,0.1764924538492571,13373199361.0,22.0,0.0301457177585682,0.4090909090909091,2.0,12.0,-0.0228705429253554,0.0497221329200048,0.2515109327010762,0.6,-0.2170394351676465,5,2026-02-09 20:09:27,5.78,1347.27,1347.27,7.91,chiefgroup,-0.0368421052631578,-0.2842105263157895,-0.4536842105263158,-0.4705263157894737,True,-0.4622950819672131
02550,2550.HK,宜搜科技,2024-06-07,2024-06-06,2024-06-06,消费/零售,非必需性消费,hsics,0.013527560601398,-0.0032911115174878,0.1384504287796877,0.0234227341385466,-0.0080965958039969,0.1432780865006138,0.0124213072006404,21.706,111522830.66025,5.33,0.0,-0.0104542862573654,4.28,-0.1399999999999996,0.2086916571948713,848.9991,805.5845,HSCICD.HI,恒生综合行业指数-非必需性消费,0.0129623692715599,-0.0516607111713196,0.0394597622455965,-0.0483695996538318,hsics,0.0906514804590008,0.0482398956975228,HSCICD.HI,0.0129623692715599,-0.0516607111713196,0.0394597622455965,-0.0483695996538318,635349066.0,21.0,0.0111692837216516,0.4285714285714285,7.0,15.0,0.0051570984495795,-0.0981812490034477,-0.0216984834124985,0.5,-0.2597155270976561,5,2026-03-25 22:45:00,5.8,114.59,114.59,0.98,chiefgroup,0.3082352941176469,0.9858823529411764,1.096470588235294,1.2799999999999998,False,-0.1379310344827586
02551,2551.HK,晶科電子股份,2024-11-08,2024-11-07,2024-11-07,工业/制造,工业,hsics,0.0313038179721449,-0.0140523377115919,0.2586599420688229,0.0396719922579151,0.0079491763184831,0.3610451792212936,0.0164497338318195,32.474000000000004,143574018.29325002,4.83,0.0,0.0144871171609139,4.31,0.2299999999999995,-0.2739476912275228,1220.143,451.2100999999999,HSCIIN.HI,恒生综合行业指数-工业,0.0146800702090315,0.0103272958373055,0.1737615652615307,0.0243796335488974,hsics,0.1094659437882559,0.05,HSCIIN.HI,0.0146800702090315,0.0103272958373055,0.1737615652615307,0.0243796335488974,1487194196.0,12.0,-0.0191141101214863,0.5833333333333334,7.0,12.0,-0.0538786496695628,-0.0877048124313325,-0.0962034012234134,0.8,-0.2367501921946753,10,2026-02-25 08:48:15,3.61,5677.83,5677.83,6.95,chiefgroup,0.269047619047619,0.076190476190476,-0.1285714285714286,0.1238095238095237,False,-0.3320825515947467
02555,2555.HK,茶百道,2024-04-23,2024-04-22,2024-04-22,消费/零售,必需性消费,hsics,-0.0053474421793131,-0.0208389916444782,0.0808272620754209,-0.0308323017084503,-0.060558825721741,0.0991214319277222,0.0132491412280615,22.942,82534970.63715,5.33,0.0,0.0203826555138928,4.62,0.2599999999999998,-0.0236831247965492,1012.2409,698.5378000000001,HSCICS.HI,恒生综合行业指数-必需性消费,0.0079154881074774,-0.0531730254247412,0.0645142060739047,-0.032334033780263,hsics,-0.1068635075778202,0.0615183246073298,HSCICS.HI,0.0079154881074774,-0.0531730254247412,0.0645142060739047,-0.032334033780263,1010810489.0,20.0,0.0111628131181959,0.45,3.0,7.0,0.0216170843458847,0.3743974497138819,0.5036923925785929,0.7142857142857143,-0.2352130656698063,10,2026-04-24 19:50:00,17.5,0.5,0.5,1.11,chiefgroup,-0.1867852604828462,-0.2731893265565439,-0.2846251588310038,-0.3583227445997459,True,-0.2
02556,2556.HK,邁富時,2024-05-16,2024-05-15,2024-05-15,TMT/互联网,资讯科技业,hsics,0.0414904340210091,0.1406568355232036,0.1819956410381937,0.0303145178347243,0.1739903272747063,0.263794275047043,0.0152226359483982,22.076,99808956.12585,5.33,0.0,-0.0162233540841351,4.36,-0.3399999999999998,0.1891248642604659,746.2877999999998,912.685,HSCIIT.HI,恒生综合行业指数-信息科技业,0.0605763691058824,0.1969969861864065,0.2977170832134024,0.0563401506632028,hsics,0.2454234056410611,0.1428571428571428,HSCIIT.HI,0.0605763691058824,0.1969969861864065,0.2977170832134024,0.0563401506632028,1426326927.0,10.0,0.0830633891877462,0.3,3.0,10.0,-0.0708018346579617,0.0259848535365492,0.0143665840934313,0.75,-0.193908601541325,10,2026-05-18 13:44:50,43.6,5.95,5.95,1.03,chiefgroup,0.1477777777777777,0.3566666666666666,0.8544444444444446,1.1855555555555557,False,-0.0605577689243027
02559,2559.HK,嘀嗒出行,2024-06-28,2024-06-27,2024-06-27,消费/零售,非必需性消费,hsics,-0.0337517970779892,-0.0411614216802392,0.0807443981640765,-0.0475120693072624,-0.0468442597200822,0.057590751549716,0.0116169967505358,19.612,91260509.77729996,5.33,0.0,0.0076096261771141,4.29,-0.1399999999999996,-0.1639491677049179,982.9076,631.5807,HSCICD.HI,恒生综合行业指数-非必需性消费,-0.0283499614895483,-0.067785687587804,-0.0602479038181692,-0.0266242659075647,hsics,-0.1416839345276609,0.0533854166666666,HSCICD.HI,-0.0283499614895483,-0.067785687587804,-0.0602479038181692,-0.0266242659075647,2304242943.0,22.0,0.0246722841941968,0.4090909090909091,7.0,15.0,0.0132783246227198,-0.0051222025490427,0.0682227386662744,0.4166666666666667,-0.2484818157492478,10,2026-06-30 00:11:08,6.0,112.9,112.9,1.28,chiefgroup,-0.1108986615678776,-0.4416826003824093,-0.5506692160611855,-0.6022944550669216,True,-0.5311827956989248
02560,2560.HK,海螺材料科技,2025-01-09,2025-01-08,2025-01-08,工业/制造,原材料业,hsics,-0.038888930431033,-0.0507816346384865,-0.0511324739317646,-0.0359682203516811,-0.0352211267450108,-0.0905175547282033,0.0093577054325864,22.702,114194492.71445,4.33,-0.25,0.0243398176863076,4.67,0.0999999999999996,0.0303821691184713,1258.4613000000002,1067.2045,HSCIMT.HI,恒生综合行业指数-原材料业,0.0079469457425076,-0.0401438944773833,-0.1057348560079444,0.0106377401611031,hsics,-0.1260092763696013,0.054054054054054,HSCIMT.HI,0.0079469457425076,-0.0401438944773833,-0.1057348560079444,0.0106377401611031,-410807296.0,10.0,0.0124151280509956,0.6,9.0,23.0,-0.0158091415931721,-0.0063432886713621,0.0551483178284145,0.4,-0.1916125821881631,10,2026-03-31 17:15:00,3.0,25.83,25.83,1.04,chiefgroup,-0.1277777777777777,-0.1944444444444444,-0.2333333333333334,-0.0444444444444444,True,-0.1528662420382165
02563,2563.HK,華昊中天醫藥－Ｂ,2024-10-31,2024-10-30,2024-10-30,生物科技/医药,医疗保健业,hsics,-0.0182806964304208,0.0654259740395524,0.1822855332938089,-0.0199625539242258,-0.0501135097979904,0.2983104304043531,0.0207852239638338,32.794,198167156.16095,4.83,0.0,0.0316060636084414,4.29,0.2000000000000001,0.5244735074726676,915.5806,395.7783,HSCIH.HI,恒生综合行业指数-医疗保健业,-0.0477836984692954,0.0740150045587235,0.2088555750444589,0.0085890305191711,hsics,0.4928304840010158,0.0239043824701195,HSCIH.HI,-0.0477836984692954,0.0740150045587235,0.2088555750444589,0.0085890305191711,2892502148.0,9.0,0.0107357727119017,0.3333333333333333,7.0,12.0,-0.0779961815819705,-0.1783326156021575,-0.1629534426803135,0.7777777777777778,-0.2813015812333512,6,2026-03-25 12:37:00,16.0,21.45,21.45,0.994,chiefgroup,-0.0325581395348836,0.3023255813953488,0.2976744186046511,-0.2390697674418605,True,-0.0290102389078499
02566,2566.HK,九源基因,2024-11-28,2024-11-27,2024-11-27,生物科技/医药,医疗保健业,hsics,-0.005170258731155,-0.0381494398605735,0.1013780196676954,-0.0087558211724088,-0.0308484948971284,0.2638433783218927,0.0144016992612098,22.32,123284238.81720002,4.58,-0.25,0.0186323472915865,4.25,-0.0599999999999996,-0.3778775393180219,1166.1442,915.5806,HSCIH.HI,恒生综合行业指数-医疗保健业,0.00424613940438,-0.0190640047256966,0.128873331304083,0.0190854351348768,hsics,-0.3440303987685084,0.0555555555555555,HSCIH.HI,0.00424613940438,-0.0190640047256966,0.128873331304083,0.0190854351348768,3075300098.0,9.0,0.0027891973234659,0.4444444444444444,7.0,15.0,-0.0249707945124981,-0.0772380696544337,-0.0835336858939911,0.6923076923076923,-0.2216798022962269,10,2026-06-26 08:59:00,12.42,675.83,675.83,1.18,chiefgroup,0.02,0.0706666666666665,-0.104,-0.14,False,-0.1808252427184465
02567,2567.HK,七牛智能,2024-10-16,2024-10-15,2024-10-15,TMT/互联网,资讯科技业,hsics,-0.0290536675715673,0.1647810459577054,0.1107181942320116,-0.1736811022177047,0.2807568376375802,0.2224930090250603,0.0204121982977604,37.072,218119556.471,4.83,-0.5,0.0200632536074321,4.03,0.2400000000000002,1.9092918703390516,604.663,425.7831,HSCIIT.HI,恒生综合行业指数-信息科技业,-0.0488139131355337,0.154629083961725,0.1002632792424598,-0.0101519619959804,hsics,2.0272923575700212,0.0468085106382978,HSCIIT.HI,-0.0488139131355337,0.154629083961725,0.1002632792424598,-0.0101519619959804,-4117904386.0,17.0,-0.0214369310649793,0.5294117647058824,4.0,8.0,-0.0414615654578039,-0.0874889702219942,0.0467931996120403,0.8333333333333334,-0.3058757043461328,6,2026-03-20 19:12:00,2.75,19.87,19.87,1.02,chiefgroup,-0.2562500000000001,-0.2562500000000001,-0.35625,-0.59375,True,-0.1599999999999999
02570,2570.HK,重塑能源,2024-12-06,2024-12-05,2024-12-05,工业/制造,工业,hsics,0.0099902101310684,-0.0664762753813951,0.1081466777025621,0.0145018211363241,-0.065721156565926,0.2716142343784098,0.0119132448694801,22.914,112575561.957,4.58,-0.25,0.0132259919493962,4.17,-0.2599999999999998,-0.215905751644672,986.9878,1220.143,HSCIIN.HI,恒生综合行业指数-工业,0.0235011588032341,-0.0407493316559207,0.0928860172670571,0.0257269437254743,hsics,-0.2891449684523249,0.0564334085778781,HSCIIN.HI,0.0235011588032341,-0.0407493316559207,0.0928860172670571,0.0257269437254743,1266682009.0,13.0,-0.0127736883181761,0.5384615384615384,6.0,16.0,-0.0168413016713798,-0.0515155508946559,-0.0527038361496835,0.5714285714285714,-0.1990316814263765,9,2026-02-02 14:43:43,147.0,1.55,1.55,1.33,chiefgroup,-0.0120886501007388,0.0960376091336466,0.2155809267965076,0.3915379449294827,True,-0.0992647058823529
02571,2571.HK,賽目科技,2025-01-15,2025-01-14,2025-01-14,TMT/互联网,资讯科技业,hsics,-0.0117135396794872,-0.029082887061649,-0.0614636061500718,-0.0006337306237735,-0.054072923899028,0.0005218712689549,0.0090619873730576,23.267999999999997,107559049.96815,4.33,-0.25,0.0217106494478758,4.78,0.1900000000000004,-0.029078372001372,1538.0411,787.6905000000002,HSCIIT.HI,恒生综合行业指数-信息科技业,-0.0044338100953269,-0.0165156320797462,-0.0053251435030703,0.0125672549819028,hsics,0.4253058522541972,0.0458333333333333,HSCIIT.HI,-0.0044338100953269,-0.0165156320797462,-0.0053251435030703,0.0125672549819028,6933348357.0,18.0,-0.0812549247062501,0.6111111111111112,14.0,28.0,-0.033019905784803,-0.0205485461900664,-0.0135536840415803,0.45,-0.189104072542746,10,2026-03-04 20:21:58,12.99,2.66,2.66,1.06,chiefgroup,-0.0090225563909775,-0.0195488721804512,0.1142857142857142,-0.0406015037593985,True,-0.1153846153846153
02576,2576.HK,太美醫療科技,2024-10-08,2024-10-07,2024-10-07,TMT/互联网,资讯科技业,hsics,0.1581932700575596,0.1881985705868329,0.1722515958261132,0.2095642053426791,0.5465768857622171,0.4960408152669242,0.0170977495950971,39.324,163981416.17195,4.83,-0.5,-0.0061156046557505,4.03,0.3800000000000003,1.3810206600000736,445.2313,419.6974000000001,HSCIIT.HI,恒生综合行业指数-信息科技业,0.1567544329966621,0.202367587607168,0.1898249539927898,0.014169017020335,hsics,1.0932876268312266,0.5683760683760684,HSCIIT.HI,0.1567544329966621,0.202367587607168,0.1898249539927898,0.014169017020335,-1162021934.0,17.0,0.008368828579387,0.4705882352941176,2.0,11.0,-0.0768186827062788,0.018206046446368,0.1966844613397687,1.0,-0.2876792647940939,10,2026-07-08 09:30:00,13.0,156.33,156.33,2.58,chiefgroup,-0.1814946619217082,-0.4777580071174377,-0.4759786476868328,-0.6298932384341637,True,-0.3619565217391304
02577,2577.HK,英諾賽科,2024-12-30,2024-12-29,2024-12-29,TMT/互联网,资讯科技业,hsics,0.018749841537065,0.0343319290286407,-0.0262617352403755,0.0156057460956231,0.0375247808294287,-0.0448713684485949,0.0108250784733751,21.24,109521178.3023,4.33,-0.25,0.0211760257137454,4.62,0.4199999999999999,-0.1116368211130963,927.4589,1166.1442,HSCIIT.HI,恒生综合行业指数-信息科技业,0.0116115852463809,0.0934745737701787,0.0794982664863743,0.0591426447415379,hsics,-0.0148351233071322,0.0833333333333333,HSCIIT.HI,0.0116115852463809,0.0934745737701787,0.0794982664863743,0.0591426447415379,2459173872.0,19.0,-0.0511085905780888,0.5789473684210527,7.0,22.0,-0.0065991182010309,-0.0325203270438717,-0.0160157008052376,0.5333333333333333,-0.2033531704381943,10,2026-05-26 09:25:43,30.86,2.87,2.87,1.41,chiefgroup,0.0,-0.0048387096774193,0.2629032258064516,0.5112903225806452,False,-0.1333333333333334
02582,2582.HK,國富氫能,2024-11-15,2024-11-14,2024-11-14,工业/制造,工业,hsics,-0.0724242531262318,-0.0320377905384203,0.1316957085278611,-0.0768165804221101,-0.0072303132936669,0.2483976154549936,0.0163990583136814,26.3,133996866.83299996,4.58,-0.25,0.0297745230294854,4.43,0.1799999999999997,-0.4116011741788735,1156.4953,725.7173,HSCIIN.HI,恒生综合行业指数-工业,-0.0574284478691619,0.0108355380350573,0.0894745810849191,0.0428733285734777,hsics,-0.0063309854888428,0.0272108843537414,HSCIIN.HI,-0.0574284478691619,0.0108355380350573,0.0894745810849191,0.0428733285734777,1384435967.0,12.0,0.0071824937913966,0.5,8.0,14.0,-0.0228384703515512,-0.0777852074684507,-0.0973679365897047,0.75,-0.2445022758341988,10,2026-04-27 23:01:00,65.0,21.07,21.07,0.99,chiefgroup,-0.0522478736330497,0.1731470230862697,0.3888213851761847,0.6743620899149455,True,-0.1120114394661582
02585,2585.HK,夢金園,2024-11-29,2024-11-28,2024-11-28,消费/零售,非必需性消费,hsics,-0.0119457520517971,-0.0467763234637623,0.0834862965302296,-0.0115645173196086,-0.0425413476443627,0.2098347942959697,0.0145806070726937,22.516,121177934.92795,4.58,-0.25,0.021946289344499,4.25,-0.0499999999999998,-0.3534674940291551,1217.4207,996.2081,HSCICD.HI,恒生综合行业指数-非必需性消费,-0.0088679786748152,-0.0614539038309175,0.1795324450430515,-0.0146775803671551,hsics,-0.323126390849867,0.0464516129032258,HSCICD.HI,-0.0088679786748152,-0.0614539038309175,0.1795324450430515,-0.0146775803671551,12444555606.0,19.0,0.0308595345753977,0.4736842105263157,8.0,16.0,-0.0217585949044625,-0.066673445631498,-0.0849955654729918,0.6428571428571429,-0.2187616194692426,10,2026-03-24 22:57:00,12.0,20.58,20.58,0.98,chiefgroup,0.032,-0.072,-0.0015999999999999,0.4159999999999999,False,-0.1860759493670887
02586,2586.HK,多點數智,2024-12-06,2024-12-05,2024-12-05,TMT/互联网,资讯科技业,hsics,0.0099902101310684,-0.0664762753813951,0.1081466777025621,0.0145018211363241,-0.065721156565926,0.2716142343784098,0.0119132448694801,22.914,112575561.957,4.58,-0.25,0.0132259919493962,4.17,-0.2599999999999998,-0.215905751644672,986.9878,1220.143,HSCIIT.HI,恒生综合行业指数-信息科技业,0.029473256311882,-0.0239231730878509,0.1806980108066751,0.0425531022935441,hsics,-0.1276801938661116,0.0759493670886076,HSCIIT.HI,0.029473256311882,-0.0239231730878509,0.1806980108066751,0.0425531022935441,3167558591.0,19.0,-0.043152451479192,0.5789473684210527,6.0,16.0,-0.0168413016713798,-0.0515155508946559,-0.0527038361496835,0.5714285714285714,-0.1990316814263765,10,2026-06-25 09:17:00,30.21,1.94,1.94,1.36,chiefgroup,-0.3640552995391704,-0.7101382488479263,-0.7308755760368664,-0.5774193548387097,True,-0.6014492753623188
02587,2587.HK,健康之路,2024-12-30,2024-12-29,2024-12-29,生物科技/医药,医疗保健业,hsics,0.018749841537065,0.0343319290286407,-0.0262617352403755,0.0156057460956231,0.0375247808294287,-0.0448713684485949,0.0108250784733751,21.24,109521178.3023,4.33,-0.25,0.0211760257137454,4.62,0.4199999999999999,-0.1116368211130963,927.4589,1166.1442,HSCIH.HI,恒生综合行业指数-医疗保健业,0.0053444269239597,-0.0454319191794141,-0.0991454114852217,-0.0797638482080549,hsics,0.033796388139712,0.0470588235294117,HSCIH.HI,0.0053444269239597,-0.0454319191794141,-0.0991454114852217,-0.0797638482080549,489582568.0,11.0,-0.0006251036943532,0.4545454545454545,7.0,22.0,-0.0065991182010309,-0.0325203270438717,-0.0160157008052376,0.5333333333333333,-0.2033531704381943,7,2026-02-13 09:21:16,7.8,34.42,34.42,0.98,chiefgroup,0.071356783919598,0.5517587939698493,0.2904522613065327,1.8140703517587944,False,-0.2027194066749073
02593,2593.HK,草姬集團,2024-12-19,2024-12-18,2024-12-18,生物科技/医药,医疗保健业,hsics,-0.0144132611926043,0.0080964181190468,0.1248316819573249,-0.0138428492694759,0.0126374366630572,0.2083623088181105,0.012890534523849,22.107999999999997,111158430.35545,4.58,0.0,0.0150961087669947,4.5,0.25,-0.1080183393031538,807.1277999999999,1130.3251999999998,HSCIH.HI,恒生综合行业指数-医疗保健业,-0.0353728759580019,-0.0314224631476877,0.0600831234079186,-0.0395188812667345,hsics,0.010980034260972,0.0472440944881889,HSCIH.HI,-0.0353728759580019,-0.0314224631476877,0.0600831234079186,-0.0395188812667345,1522105714.0,11.0,0.0135441138455945,0.3636363636363636,6.0,18.0,-0.0221639310519408,-0.018114882244138,-0.0090351132805867,0.5714285714285714,-0.195784357860802,0,,3.75,6083.63,6083.63,1.79,chiefgroup,-0.1172707889125801,-0.3944562899786781,-0.5586353944562901,-0.6204690831556503,True,-0.5217391304347826
02596,2596.HK,宜賓銀行,2025-01-13,2025-01-12,2025-01-12,金融,金融业,hsics,-0.0352211786579839,-0.0653408213442628,-0.0505406118800144,-0.0323180599488164,-0.072108983202424,-0.0427168068517146,0.0087577844963274,22.851999999999997,107450313.43165,4.33,-0.25,0.0246682863016258,4.77,0.1799999999999997,-0.0418161328216262,1394.0542,895.1665,HSCIFN.HI,恒生综合行业指数-金融业,-0.0155418235931201,-0.0435276517117992,-0.0098499820856882,0.0218131696324636,hsics,-0.0949808025516463,0.0542986425339366,HSCIFN.HI,-0.0155418235931201,-0.0435276517117992,-0.0098499820856882,0.0218131696324636,10175888161.0,2.0,0.0157896298054104,0.5,12.0,27.0,-0.0379141051079536,-0.0379619337531977,0.0092163784357627,0.5263157894736842,-0.1838592950945354,10,2026-03-30 21:29:15,2.59,0.21,0.21,1.14,chiefgroup,0.0077220077220077,0.0038610038610039,0.0038610038610039,0.0077220077220077,False,-0.007662835249042
02598,2598.HK,連連數字,2024-03-28,2024-03-27,2024-03-27,金融,金融业,hsics,-0.0090811439472842,-0.0087084299609658,0.0032086098206838,-0.0444864289661358,-0.009683091724725,-0.0985205991194025,0.0142510367051802,21.366,87524103.3179,5.33,0.0,0.003367327304214,4.2,0.1100000000000003,0.3074259450598624,835.1503,281.9018,HSCIFN.HI,恒生综合行业指数-金融业,-0.0069783033736656,-0.0360606246464813,-0.0223356534120363,-0.0273521946855154,hsics,0.1187563038225822,0.0639269406392694,HSCIFN.HI,-0.0069783033736656,-0.0360606246464813,-0.0223356534120363,-0.0273521946855154,3300882580.0,2.0,0.0085907880938937,0.5,5.0,11.0,0.0986437207095141,0.6091530761453771,0.8075982084775205,0.6,-0.2268406740483035,10,2026-06-30 17:06:00,10.22,16.94,16.94,1.89,chiefgroup,-0.0367346938775511,-0.0071428571428571,-0.0051020408163266,-0.0387755102040817,True,-0.0828402366863905
02613,2613.HK,匯舸環保,2025-01-09,2025-01-08,2025-01-08,工业/制造,工业,hsics,-0.038888930431033,-0.0507816346384865,-0.0511324739317646,-0.0359682203516811,-0.0352211267450108,-0.0905175547282033,0.0093577054325864,22.702,114194492.71445,4.33,-0.25,0.0243398176863076,4.67,0.0999999999999996,0.0303821691184713,1258.4613000000002,1067.2045,HSCIIN.HI,恒生综合行业指数-工业,-0.0384356238497973,-0.0332635708291628,-0.0071439696796635,0.0175180638093236,hsics,-0.1260092763696013,0.054054054054054,HSCIIN.HI,-0.0384356238497973,-0.0332635708291628,-0.0071439696796635,0.0175180638093236,1432132843.0,10.0,0.0124151280509956,0.6,9.0,23.0,-0.0158091415931721,-0.0063432886713621,0.0551483178284145,0.4,-0.1916125821881631,10,2026-03-31 22:45:48,31.8,55.33,55.33,0.95,chiefgroup,-0.004418262150221,-0.1163475699558174,-0.101620029455081,-0.1458026509572902,True,-0.150887573964497
02881,2881.HK,武漢有機,2024-06-18,2024-06-17,2024-06-17,工业/制造,原材料业,hsics,-0.0234568069276609,-0.0827207865964393,0.0726773515046148,-0.0167317090664608,-0.0980500744513825,0.0449344212572684,0.010605799746326,20.618,99705547.68145,5.33,0.0,0.0080390467987367,4.28,-0.2599999999999998,-0.0765044306309776,982.8851,713.5889999999999,HSCIMT.HI,恒生综合行业指数-原材料业,-0.0688088287109277,-0.1113994397005653,0.1087456174522789,-0.0286786531041259,hsics,0.0764428942220927,0.0756880733944954,HSCIMT.HI,-0.0688088287109277,-0.1113994397005653,0.1087456174522789,-0.0286786531041259,120944245.0,10.0,0.0138355795438437,0.5,9.0,19.0,0.0218170204540893,0.0098764875360841,0.0663051149432439,0.4285714285714285,-0.2259805300315641,7,2026-02-11 09:09:53,5.5,337.57,337.57,0.92,chiefgroup,-0.2894736842105264,-0.3724696356275304,-0.5,-0.5748987854251012,True,-0.398921832884097
02898,2898.HK,盛禾生物－Ｂ,2024-05-24,2024-05-23,2024-05-23,生物科技/医药,医疗保健业,hsics,-0.0262079949299487,0.1427485617765354,0.1269644835587515,-0.0432105802391998,0.1296250694492746,0.1425709870172551,0.0153724086036795,21.578000000000003,113691375.49725,5.33,0.0,-0.0103646471308771,4.47,-0.0300000000000002,0.3773255305458307,543.9187999999999,1052.4656,HSCIH.HI,恒生综合行业指数-医疗保健业,-0.0560671313768148,0.1044554808143296,-0.0344824454184735,-0.0382930809622057,hsics,0.3341634303544243,0.048780487804878,HSCIH.HI,-0.0560671313768148,0.1044554808143296,-0.0344824454184735,-0.0382930809622057,-799110058.0,12.0,0.0012807615364276,0.4166666666666667,3.0,12.0,-0.0398552216281922,0.0630769742859385,0.0881965053723374,0.625,-0.1882562214130726,2,2026-04-16 16:50:00,13.5,10.08,10.08,1.27,chiefgroup,0.0041493775933609,-0.5089903181189489,-0.5995850622406639,-0.5401106500691563,False,-0.5826446280991735
06086,6086.HK,方舟健客,2024-07-09,2024-07-08,2024-07-08,生物科技/医药,医疗保健业,hsics,-0.010979980935299,-0.0458916695477473,0.0413588724078282,0.0034266708411521,-0.0713497254173697,0.0254122459215357,0.0114291376765406,19.96,83572717.10725,5.33,0.0,0.0007623403849819,4.28,0.0600000000000005,-0.2506223468999718,770.8303,848.9991,HSCIH.HI,恒生综合行业指数-医疗保健业,-0.0202055568273804,-0.0958700028442745,-0.0939271546362366,-0.0499783332965271,hsics,-0.3842112449493958,0.0441767068273092,HSCIH.HI,-0.0202055568273804,-0.0958700028442745,-0.0939271546362366,-0.0499783332965271,680461391.0,11.0,-0.0138740345964315,0.3636363636363636,9.0,21.0,-0.0388273106143199,-0.0889202615179494,-0.0282826868421072,0.5555555555555556,-0.2755820981644391,9,2026-02-03 09:42:17,8.18,16.63,16.63,1.66,chiefgroup,-0.0320512820512819,-0.0170940170940171,-0.0769230769230768,0.4957264957264958,True,-0.3174603174603174
06181,6181.HK,老鋪黃金,2024-06-28,2024-06-27,2024-06-27,消费/零售,非必需性消费,hsics,-0.0337517970779892,-0.0411614216802392,0.0807443981640765,-0.0475120693072624,-0.0468442597200822,0.057590751549716,0.0116169967505358,19.612,91260509.77729996,5.33,0.0,0.0076096261771141,4.29,-0.1399999999999996,-0.1639491677049179,982.9076,631.5807,HSCICD.HI,恒生综合行业指数-非必需性消费,-0.0283499614895483,-0.067785687587804,-0.0602479038181692,-0.0266242659075647,hsics,-0.1416839345276609,0.0533854166666666,HSCICD.HI,-0.0283499614895483,-0.067785687587804,-0.0602479038181692,-0.0266242659075647,2304242943.0,22.0,0.0246722841941968,0.4090909090909091,7.0,15.0,0.0132783246227198,-0.0051222025490427,0.0682227386662744,0.4166666666666667,-0.2484818157492478,10,2026-07-27 16:48:00,40.5,582.15,582.15,11.9,chiefgroup,0.0852713178294573,0.3209302325581396,0.2426356589147288,1.007751937984496,False,-0.1431857389304198
06657,6657.HK,百望股份,2024-07-09,2024-07-08,2024-07-08,TMT/互联网,资讯科技业,hsics,-0.010979980935299,-0.0458916695477473,0.0413588724078282,0.0034266708411521,-0.0713497254173697,0.0254122459215357,0.0114291376765406,19.96,83572717.10725,5.33,0.0,0.0007623403849819,4.28,0.0600000000000005,-0.2506223468999718,770.8303,848.9991,HSCIIT.HI,恒生综合行业指数-信息科技业,0.0140054903406878,-0.0192157554333181,0.1248855152665251,0.0266759141144292,hsics,-0.2087254280043886,0.0608695652173913,HSCIIT.HI,0.0140054903406878,-0.0192157554333181,0.1248855152665251,0.0266759141144292,2943568042.0,15.0,-0.0062645514617596,0.5333333333333333,9.0,21.0,-0.0388273106143199,-0.0889202615179494,-0.0282826868421072,0.5555555555555556,-0.2755820981644391,7,2026-03-24 22:58:00,36.0,6.58,6.58,1.04,chiefgroup,0.215625,0.0703125,-0.0124999999999999,0.109375,False,-0.3669902912621359
06681,6681.HK,腦動極光－Ｂ,2025-01-08,2025-01-07,2025-01-07,生物科技/医药,医疗保健业,hsics,-0.029630634955008,-0.0473452404687153,-0.0780021874690356,-0.0323957442919665,-0.0035285201256973,-0.0616172364380755,0.0092692797917889,22.54,114103976.44,4.33,-0.25,0.0239261492087414,4.67,0.1699999999999999,0.0135767875054786,1159.5161,986.9878,HSCIH.HI,恒生综合行业指数-医疗保健业,-0.0423579102356217,-0.1087794180894369,-0.1504189261664978,-0.0614341776207215,hsics,0.0096802345500812,0.0350194552529182,HSCIH.HI,-0.0423579102356217,-0.1087794180894369,-0.1504189261664978,-0.0614341776207215,-1676124565.0,13.0,0.0026030749813873,0.4615384615384615,8.0,22.0,-0.0193784724700579,-0.0174441180751284,0.0102853538401158,0.4285714285714285,-0.1921498445522527,10,2026-05-19 21:59:00,3.22,11.39,11.39,1.01,chiefgroup,0.0341614906832297,0.1490683229813664,0.6832298136645961,0.7950310559006211,False,-0.1840909090909092
06936,6936.HK,順豐控股,2024-11-27,2024-11-26,2024-11-26,工业/制造,工业,hsics,-0.0256549260641577,-0.0744857529585326,0.0878430170167101,-0.0393738870237914,-0.0869082026854977,0.2253778244458253,0.0134288043299272,22.194,124418407.15765002,4.58,-0.25,0.0251294839823517,4.3,-0.1200000000000001,-0.4154512011094193,1065.6414,920.2882,HSCIIN.HI,恒生综合行业指数-工业,-0.031699316349367,-0.0649239149742436,0.0575806955667663,0.009561837984289,hsics,-0.2188277288998951,0.0384615384615384,HSCIIN.HI,-0.031699316349367,-0.0649239149742436,0.0575806955667663,0.009561837984289,820858501.0,13.0,0.0026109270664392,0.5384615384615384,6.0,14.0,-0.0270516940552062,-0.0795443519409913,-0.0890371004376352,0.75,-0.2354155098247997,10,2026-07-07 22:12:00,34.3,79.07,79.07,10.1,chiefgroup,0.0,-0.0495626822157433,-0.0174927113702622,0.1516034985422741,False,-0.0568513119533526
08529,8529.HK,優博控股,2024-06-03,2024-06-02,2024-06-02,TMT/互联网,资讯科技业,hsics,-0.028444930232458,0.0178224098028321,0.0898264196983142,-0.0286118750400335,-0.0452000711176882,0.0580913374704958,0.016127887336473,21.434000000000005,112726362.70855,5.33,0.0,-0.0160804965205944,4.51,0.0299999999999993,0.3039564368879013,735.3799,874.7602000000002,HSCIIT.HI,恒生综合行业指数-信息科技业,-0.0451286566432822,0.0142478558749854,0.1780805090767203,-0.0035745539278466,hsics,0.2894796877332053,0.0844444444444444,HSCIIT.HI,-0.0451286566432822,0.0142478558749854,0.1780805090767203,-0.0035745539278466,-708117162.0,10.0,0.0934014206653125,0.3,6.0,16.0,0.0276156312739436,-0.0653192328994537,0.0331296312251699,0.4444444444444444,-0.2382583424774795,10,2026-07-27 10:22:29,0.5,2503.03,2503.03,1.15,chiefgroup,-0.1969696969696969,-0.3939393939393939,-0.5151515151515151,-0.7424242424242424,True,-0.4528301886792453
08629,8629.HK,集信國控,2024-09-06,2024-09-05,2024-09-05,地产/建筑,地产建筑业,hsics,-0.0192293852803727,0.0327063438360437,-0.0368985619426887,0.0076793963487966,0.0359761315356164,-0.0551245037890013,0.0091375731654406,18.788000000000004,68900586.30555,5.33,0.0,-0.0209261770974616,3.73,-0.1600000000000001,-0.0390179261039788,316.98900000000003,493.3236,HSCIPC.HI,恒生综合行业指数-地产建筑业,-0.0085607986149481,-0.0048583894106336,-0.0718271293288362,-0.0375647332466774,hsics,0.0537307399088691,0.0674846625766871,HSCIPC.HI,-0.0085607986149481,-0.0048583894106336,-0.0718271293288362,-0.0375647332466774,1231567762.0,6.0,-0.0998647740286494,0.8333333333333334,2.0,19.0,0.0214775557405028,0.0629540265092705,0.1325170500928783,0.4,-0.2673365029370494,6,2026-03-26 23:22:00,9.9,14.33,14.33,1.03,chiefgroup,-0.2148760330578512,-0.4256198347107437,-0.1685950413223139,-0.1636363636363636,True,-0.3717171717171718
08637,8637.HK,元續科技,2024-07-02,2024-07-01,2024-07-01,TMT/互联网,资讯科技业,hsics,-0.0171458271738339,-0.0199672448686669,0.0711661997579411,-0.0397011817069535,-0.0528437894966803,0.0221132403256139,0.0111976455895481,19.522,90378706.3773,5.33,0.0,0.0112778361846508,4.48,0.0900000000000007,-0.1704224487373056,975.5159000000002,663.8587,HSCIIT.HI,恒生综合行业指数-信息科技业,-0.0280051135616912,-0.0020220028254881,0.1167160819195081,0.0179452420431788,hsics,-0.1188533277887654,0.0921052631578947,HSCIIT.HI,-0.0280051135616912,-0.0020220028254881,0.1167160819195081,0.0179452420431788,2874933503.0,13.0,0.0106854316946527,0.4615384615384615,9.0,18.0,-0.0222657708873353,-0.040466503964982,0.0110632694241407,0.4666666666666667,-0.2602214172467149,3,2026-04-10 09:23:00,2.42,2480.61,2480.61,1.43,chiefgroup,-0.1144578313253011,-0.3373493975903613,-0.216867469879518,-0.4036144578313253,True,-0.2653061224489795
09639,9639.HK,榮利營造,2024-10-09,2024-10-08,2024-10-08,地产/建筑,地产建筑业,hsics,0.101377538346238,0.1633058295954155,0.1756881190093491,-0.0117849828366245,0.3463529997942398,0.2703429666260235,0.0175776911111283,40.812,185995581.50495,4.83,-0.5,0.0071758576624396,4.04,0.3399999999999998,1.6994774860133215,439.2133,423.4618000000001,HSCIPC.HI,恒生综合行业指数-地产建筑业,0.156711896408392,0.1878771216484103,0.1649684963387636,0.0245712920529947,hsics,2.454629664653626,0.110204081632653,HSCIPC.HI,0.156711896408392,0.1878771216484103,0.1649684963387636,0.0245712920529947,2305600642.0,7.0,-0.1162949538899639,0.8571428571428571,3.0,9.0,-0.0977538785493647,-0.0809867642663931,0.0621518395344484,1.0,-0.3025347161831012,0,,0.73,120.6,120.6,1.14,chiefgroup,0.24,-0.12,-0.03,-0.16,False,-0.3225806451612903
09660,9660.HK,地平線機器人－Ｗ,2024-10-24,2024-10-23,2024-10-23,TMT/互联网,资讯科技业,hsics,0.0233303839679399,0.1755451013079261,0.1771541879395868,0.0461683126270173,0.2453444705478806,0.3461765859765799,0.0216717904247534,31.51,237579185.55069995,4.83,0.0,0.0344759262928473,4.24,0.3900000000000001,2.015581564597078,849.1850999999999,364.8568,HSCIIT.HI,恒生综合行业指数-信息科技业,0.0472841875635823,0.1897606062140513,0.1973177779642929,0.0142155049061252,hsics,2.5193100066157696,0.0550847457627118,HSCIIT.HI,0.0472841875635823,0.1897606062140513,0.1973177779642929,0.0142155049061252,-2109064857.0,18.0,-0.0344821015613693,0.5555555555555556,5.0,10.0,-0.0625408934737821,-0.2043335646887133,-0.2032677207352063,0.7142857142857143,-0.3051161547626875,10,2026-07-21 12:25:00,3.99,33.83,33.83,13.81,chiefgroup,-0.19921875,-0.0683593750000001,-0.19921875,-0.2148437500000001,True,-0.2043222003929273
09680,9680.HK,如祺出行,2024-07-10,2024-07-09,2024-07-09,消费/零售,非必需性消费,hsics,-0.0138391616026436,-0.0359318762743214,0.022408319656086,0.0174534481904913,-0.04547950583156,0.0137640068193387,0.0112765243364584,19.898000000000003,81948599.44284998,5.33,0.0,-0.0013299135556188,4.3,0.08,-0.2693686516158401,771.2646,926.7722,HSCICD.HI,恒生综合行业指数-非必需性消费,-0.0140480138689981,-0.0861975619127458,-0.1331234726421737,-0.0502656856384243,hsics,-0.2382842299240434,0.0506493506493506,HSCICD.HI,-0.0140480138689981,-0.0861975619127458,-0.1331234726421737,-0.0502656856384243,3584726575.0,24.0,0.0215484545222463,0.4166666666666667,11.0,23.0,-0.025765893655452,-0.0773673112208553,-0.0299255720040503,0.55,-0.2822464187841179,10,2026-03-03 17:23:16,35.0,0.6,0.6,1.17,chiefgroup,0.1299999999999999,-0.0733333333333333,0.01,-0.16,False,-0.5498591549295775
09879,9879.HK,米高集團,2024-03-21,2024-03-20,2024-03-20,工业/制造,原材料业,hsics,-0.0315558206802322,0.0024219692057856,-0.0051812380970135,-0.0286847710980393,0.0597394237895998,-0.0469824446531598,0.0132109250642282,22.45,84537072.67935,5.33,0.0,-0.0056736224636982,4.27,0.0199999999999995,0.2065399971391823,751.6772,153.6635,HSCIMT.HI,恒生综合行业指数-原材料业,0.0235901036484769,0.162077340877855,0.2076465890306642,0.1596553716720694,hsics,0.564543986218061,0.1059907834101382,HSCIMT.HI,0.0235901036484769,0.162077340877855,0.2076465890306642,0.1596553716720694,975712178.0,11.0,-0.0306596064705195,0.5454545454545454,3.0,14.0,0.1561731861001934,0.7047528438039389,0.9636502589057336,0.6666666666666666,-0.3116218739657155,5,2026-06-25 20:16:00,4.08,9.79,9.79,1.28,chiefgroup,-0.0662100456621004,-0.0684931506849314,0.2488584474885845,0.6141552511415526,True,-0.0993377483443709
00100,0100.HK,MINIMAX-WP,2026-01-09,2026-01-08,2026-01-08,TMT/互联网,资讯科技业,hsics,0.0113987452909734,0.0281148672477995,0.0278271396761571,0.0294344541837876,0.0027885017403492,-0.0928807316586126,0.0109060372714818,21.04,154871227.6475,3.64,-0.25,-0.0038291011688834,4.19,0.0300000000000002,-0.0691250835772528,374.6153000000001,945.6452,HSCIIT.HI,恒生综合行业指数-信息科技业,0.0217913859459508,0.0165517209806969,-0.0483380351711036,-0.0115631462671026,hsics,-0.0203658530941269,0.090566037735849,HSCIIT.HI,0.0217913859459508,0.0165517209806969,-0.0483380351711036,-0.0115631462671026,19094378214.0,24.0,0.0467273395263617,0.4583333333333333,23.0,50.0,-0.0442325504160901,0.0422122206443998,0.147883996486221,0.6176470588235294,-0.1805790794579713,10,2026-07-21 09:26:58,165.0,1837.17,1837.17,36.76,chiefgroup,0.465590484282073,0.8606627017841971,0.9583687340696686,3.078164825828378,False,-0.1635111876075731
00501,0501.HK,豪威集團,2026-01-12,2026-01-11,2026-01-11,TMT/互联网,资讯科技业,hsics,0.0234583430548087,0.0270551643293588,0.0123960849999615,-0.0085941455877945,0.0238465502436902,-0.0745861038636017,0.0108947723274097,21.174,156524316.2339,3.64,0.0,0.0050689375506893,4.18,0.0099999999999997,-0.061347470604671,427.3648000000001,894.512,HSCIIT.HI,恒生综合行业指数-信息科技业,0.022293669127366,0.0097225211195968,-0.0677062140937121,-0.017332643209762,hsics,-0.0121350396449415,0.0789473684210526,HSCIIT.HI,0.022293669127366,0.0097225211195968,-0.0677062140937121,-0.017332643209762,20957800374.0,25.0,0.0634818653165902,0.44,24.0,53.0,-0.0247863596530043,0.068367055683405,0.1693821033638369,0.5833333333333334,-0.1846429546456954,10,2026-05-06 18:10:00,104.8,9.28,9.28,9.73,chiefgroup,0.1277777777777777,0.0787037037037037,-0.0342592592592592,-0.2546296296296296,False,-0.1412151067323481
00638,0638.HK,廣和通,2025-10-22,2025-10-21,2025-10-21,工业/制造,工业,hsics,0.0230412301234015,-0.0158436484745086,0.0413460915238532,0.0142962107501829,-0.045513325078572,0.0581271325336327,0.0142007484547048,25.994,225953162.14265004,4.11,0.0300000000000002,0.0165365653245685,3.98,-0.1400000000000001,-0.1463924001099583,1263.9656000000004,1470.4492000000002,HSCIIN.HI,恒生综合行业指数-工业,0.0251597898742823,0.0208183194733475,0.0823889003365616,0.0366619679478562,hsics,0.1300428937905868,0.0631808278867102,HSCIIN.HI,0.0251597898742823,0.0208183194733475,0.0823889003365616,0.0366619679478562,11749189904.0,19.0,0.021288621792909,0.5263157894736842,8.0,19.0,0.0010845287405938,0.1358416838880032,0.093459699215443,0.5333333333333333,-0.1660065818971701,7,2026-03-19 20:47:26,21.5,550.99,550.99,9.16,chiefgroup,-0.1172093023255813,-0.1023255813953488,-0.2344186046511627,-0.2627906976744186,True,-0.1485294117647058
00699,0699.HK,均勝電子,2025-11-06,2025-11-05,2025-11-05,消费/零售,非必需性消费,hsics,-0.015589760017976,-0.0342629235808153,0.0414769101773997,-0.0504788498826166,-0.1167045375286418,0.0596213214160485,0.0126866271523327,21.43,220257773.89204997,3.87,-0.2199999999999997,0.0239214884481702,4.17,0.1799999999999997,-0.0576266092992234,1336.5951000000002,1610.9492,HSCICD.HI,恒生综合行业指数-非必需性消费,-0.0508906542309464,-0.0938235243360159,0.0946862958343033,-0.0595606007552005,hsics,-0.1765462754266873,0.0735660847880299,HSCICD.HI,-0.0508906542309464,-0.0938235243360159,0.0946862958343033,-0.0595606007552005,8055952872.0,29.0,-0.0133369569272449,0.5172413793103449,11.0,25.0,0.0059397226917699,0.1073664262388664,0.0427280778920825,0.4736842105263157,-0.2024609157653763,10,2026-05-29 09:23:00,22.0,147.67,147.67,9.78,chiefgroup,-0.0586046511627907,-0.1860465116279069,-0.189767441860465,-0.2130232558139534,True,-0.2776679841897232
00800,0800.HK,文遠知行－Ｗ,2025-11-06,2025-11-05,2025-11-05,TMT/互联网,资讯科技业,hsics,-0.015589760017976,-0.0342629235808153,0.0414769101773997,-0.0504788498826166,-0.1167045375286418,0.0596213214160485,0.0126866271523327,21.43,220257773.89204997,3.87,-0.2199999999999997,0.0239214884481702,4.17,0.1799999999999997,-0.0576266092992234,1336.5951000000002,1610.9492,HSCIIT.HI,恒生综合行业指数-信息科技业,-0.0397464770335663,-0.0948483518578461,0.0522871667482385,-0.0605854282770307,hsics,-0.0156433189759529,0.0197628458498023,HSCIIT.HI,-0.0397464770335663,-0.0948483518578461,0.0522871667482385,-0.0605854282770307,-21930002064.0,17.0,0.0026986796468341,0.5294117647058824,11.0,25.0,0.0059397226917699,0.1073664262388664,0.0427280778920825,0.4736842105263157,-0.2024609157653763,10,2026-05-29 09:25:00,27.1,73.44,73.44,9.85,chiefgroup,-0.0232185748598879,-0.1713370696557246,-0.0592473979183346,-0.1833466773418736,True,-0.2426229508196721
01276,1276.HK,恒瑞医药,2025-05-23,2025-05-22,2025-05-22,生物科技/医药,医疗保健业,hsics,0.0038864698829497,0.1004513174487291,0.0028277632771558,-0.008699742044297,0.0719585490065422,-0.0451398393273484,0.0128393342102193,23.784,155628786.8144,4.33,0.0,0.0161667513980681,4.54,0.2099999999999999,-0.280507535598042,195.45569999999992,2077.6236999999996,HSCIH.HI,恒生综合行业指数-医疗保健业,0.068801754196301,0.1240668684910488,0.0758164647121928,0.0236155510423197,hsics,-0.1780775223225503,0.10727969348659,HSCIH.HI,0.068801754196301,0.1240668684910488,0.0758164647121928,0.0236155510423197,13593241812.0,15.0,0.003282869546904,0.4,5.0,13.0,-0.0035173995610258,-0.0852737575141497,-0.0064258229689213,0.6,-0.1606934594023938,10,2026-07-09 17:22:41,44.05,454.85,454.85,17.09,chiefgroup,-0.0324561403508772,0.0175438596491228,-0.012280701754386,0.4649122807017544,True,-0.0453781512605042
01304,1304.HK,FORTIOR,2025-07-09,2025-07-08,2025-07-08,TMT/互联网,资讯科技业,hsics,0.0031484346310362,-0.0006125100205397,0.1916445960396733,0.0043619019286234,-0.0197451203786518,0.1658290991334985,0.0102893891830162,20.228,191409662.23825,4.33,0.0,-0.0157496214033316,4.42,0.04,0.1688949886859234,857.3199999999999,539.9294,HSCIIT.HI,恒生综合行业指数-信息科技业,-0.0023044814368661,0.0246730802789865,0.2121400909493149,0.0252855902995262,hsics,-0.0154365644843045,0.176954732510288,HSCIIT.HI,-0.0023044814368661,0.0246730802789865,0.2121400909493149,0.0252855902995262,3315560047.0,14.0,-0.0375021774198017,0.5714285714285714,18.0,31.0,-0.0181980349717789,-0.0110729182811597,0.0329058720807389,0.5384615384615384,-0.146312966588151,10,2026-03-27 20:57:00,120.5,138.26,138.26,8.61,chiefgroup,0.0688073394495412,0.1590214067278286,0.2087155963302751,0.5107033639143729,False,-0.1149970361588618
01333,1333.HK,博雷頓,2025-05-07,2025-05-06,2025-05-06,工业/制造,工业,hsics,0.0343659629315884,-0.023265566298158,0.1002869822873036,0.0514834640573751,-0.0310464372257124,0.0526622693705265,0.0332902917156319,27.08,198096875.195,4.33,0.0,-0.0423499903530774,4.3,0.0099999999999997,-0.0585995342253011,1801.4747,1505.4053,HSCIIN.HI,恒生综合行业指数-工业,0.0271838793031591,-0.0535779428988345,-0.0029027429403672,-0.0303123766006765,hsics,0.0363251104110442,0.0755555555555555,HSCIIN.HI,0.0271838793031591,-0.0535779428988345,-0.0029027429403672,-0.0303123766006765,6538823035.0,14.0,-6.148750954834172e-05,0.6428571428571429,2.0,9.0,0.0239516712181656,-0.0522267042085836,0.0313657380108227,0.4285714285714285,-0.2009756542303049,10,2026-05-27 09:11:00,18.0,198.72,198.72,0.92,chiefgroup,-0.1413793103448276,-0.1862068965517241,0.0172413793103448,-0.0379310344827586,True,-0.119047619047619
01364,1364.HK,古茗,2025-02-12,2025-02-11,2025-02-11,消费/零售,必需性消费,hsics,0.0543173825625304,0.0816002811823677,0.0273381322730061,0.0331359438050364,0.1926852150954394,0.105466614259845,0.012212465479417,25.839999999999996,119514918.55849998,4.33,0.0,-0.0029563932002956,4.54,-0.0599999999999996,0.0713901255769251,1041.8230999999998,1159.5161,HSCICS.HI,恒生综合行业指数-必需性消费,-0.0156074883987702,0.0090428975591514,-0.0936614152191819,-0.0725573836232162,hsics,0.17619338964558,0.0616174582798459,HSCICS.HI,-0.0156074883987702,0.0090428975591514,-0.0936614152191819,-0.0725573836232162,456012444.0,18.0,0.0268136908118948,0.4444444444444444,3.0,22.0,-0.029943946589165,0.0004516577051656,0.0144780848229231,0.5333333333333333,-0.178309261681218,10,2026-06-25 09:17:00,9.94,194.87,194.87,15.03,chiefgroup,-0.0699999999999999,-0.0269999999999999,0.414,1.4600000000000002,True,-0.117741935483871
01384,1384.HK,滴普科技,2025-10-28,2025-10-27,2025-10-27,TMT/互联网,资讯科技业,hsics,0.0222310908884895,-0.0041966313933644,0.0411743969182716,0.0400983223484014,-0.0326232424425977,0.1316562423792759,0.0138566160300414,24.520000000000003,216331199.99049997,4.12,0.0300000000000002,0.0119815668202762,4.01,-0.1299999999999999,-0.1498151576570383,1256.6844000000003,1529.0481,HSCIIT.HI,恒生综合行业指数-信息科技业,0.0365376481391837,-0.0213451298767032,0.1106695732343032,-0.0171484984833387,hsics,-0.06167503143463,0.04,HSCIIT.HI,0.0365376481391837,-0.0213451298767032,0.1106695732343032,-0.0171484984833387,-5697013838.0,14.0,-0.0110808241176072,0.5714285714285714,7.0,19.0,-0.0198792708763789,0.1253526502732345,0.08372788099092,0.5714285714285714,-0.1615144882419382,10,2026-07-17 18:36:00,26.66,7569.83,7569.83,16.61,chiefgroup,0.1823008849557521,0.7876106194690266,0.4088495575221238,0.3371681415929203,False,-0.3834652594547054
01641,1641.HK,紅星冷鏈,2026-01-13,2026-01-12,2026-01-12,地产/建筑,地产建筑业,hsics,0.0099152700624429,0.0422228149770609,0.0278104070106777,0.0211734646781489,0.0505456083828348,-0.0101396143900673,0.0112607554147563,21.302000000000003,161653371.21785,3.64,0.0,0.0055928411633108,4.19,0.0100000000000006,-0.0202093732938515,495.1166000000001,855.1495,HSCIPC.HI,恒生综合行业指数-地产建筑业,0.0305503660844381,0.0310490627211632,-0.0004280897229145,-0.0111737522558976,hsics,-0.1480501177201255,0.1115618661257606,HSCIPC.HI,0.0305503660844381,0.0310490627211632,-0.0004280897229145,-0.0111737522558976,7469093249.0,1.0,-0.069427527405603,1.0,25.0,54.0,-0.0206630045873075,0.0686464245488185,0.1638782827524019,0.5675675675675675,-0.1834692290264158,5,2026-04-02 14:13:13,12.26,2309.25,2309.25,1.65,chiefgroup,-0.3718079673135852,-0.4913176710929519,-0.5669050051072523,-0.6332992849846782,True,-0.3618012422360248
01828,1828.HK,富卫集团,2025-07-07,2025-07-06,2025-07-06,金融,金融业,hsics,-0.0151576233880946,0.005191543231618,0.206157865273372,-0.0241153466204089,-0.0194926636252353,-0.0182562126075006,0.010655567327815,20.228,194839248.19769996,4.33,0.0,-0.0222782258064516,4.35,-0.1100000000000003,0.1988345029668734,807.6168000000002,481.69379999999984,HSCIFN.HI,恒生综合行业指数-金融业,-0.0101215955983493,0.0527503341221189,0.2948858205603601,0.0475587908905008,hsics,0.5760450366157241,0.1524663677130044,HSCIFN.HI,-0.0101215955983493,0.0527503341221189,0.2948858205603601,0.0475587908905008,36433847378.0,3.0,-0.0142102351520956,0.3333333333333333,17.0,30.0,-0.0168302672494354,-0.0218778345212675,0.0219150777949854,0.5555555555555556,-0.1533508084931532,3,2026-03-16 09:30:34,38.0,37.13,37.13,2.32,chiefgroup,0.0105263157894736,0.006578947368421,0.0026315789473684,0.22,False,-0.0142671854734111
02026,2026.HK,小馬智行－Ｗ,2025-11-06,2025-11-05,2025-11-05,TMT/互联网,资讯科技业,hsics,-0.015589760017976,-0.0342629235808153,0.0414769101773997,-0.0504788498826166,-0.1167045375286418,0.0596213214160485,0.0126866271523327,21.43,220257773.89204997,3.87,-0.2199999999999997,0.0239214884481702,4.17,0.1799999999999997,-0.0576266092992234,1336.5951000000002,1610.9492,HSCIIT.HI,恒生综合行业指数-信息科技业,-0.0397464770335663,-0.0948483518578461,0.0522871667482385,-0.0605854282770307,hsics,-0.0156433189759529,0.0197628458498023,HSCIIT.HI,-0.0397464770335663,-0.0948483518578461,0.0522871667482385,-0.0605854282770307,-21930002064.0,17.0,0.0026986796468341,0.5294117647058824,11.0,25.0,0.0059397226917699,0.1073664262388664,0.0427280778920825,0.4736842105263157,-0.2024609157653763,10,2026-05-22 09:40:15,139.0,15.88,15.88,7.72,chiefgroup,0.0169354838709677,-0.1290322580645161,-0.1040322580645161,-0.1185483870967742,False,-0.3092783505154639
02050,2050.HK,三花智控,2025-06-23,2025-06-22,2025-06-22,工业/制造,工业,hsics,-0.0151545083490426,-0.0005874030710605,-0.0067219030026527,-0.0203388776885657,-0.0216757757289405,-0.0897977705019776,0.0105914564801207,22.046,177341324.82234997,4.33,0.0,-0.0118070842505502,4.38,-0.08,0.153940472328462,735.8563,195.45569999999992,HSCIIN.HI,恒生综合行业指数-工业,-0.0125795188214472,0.015794912168479,-0.0332399853890174,0.0163823152395395,hsics,0.120392026431451,0.0993377483443708,HSCIIN.HI,-0.0125795188214472,0.015794912168479,-0.0332399853890174,0.0163823152395395,15135698922.0,15.0,0.0013778603612537,0.6,8.0,20.0,-0.0649419418991815,-0.140690479011058,-0.1343974695387118,0.7333333333333333,-0.1626095096967613,10,2026-04-22 21:36:00,22.53,747.92,747.92,23.57,chiefgroup,0.0739856801909308,0.2004773269689736,0.3293556085918856,0.7718377088305489,False,-0.1290322580645162
02076,2076.HK,ＢＯＳＳ直聘－Ｗ,2025-05-26,2025-05-25,2025-05-25,消费/零售,非必需性消费,hsics,0.0109749175949505,0.0945603256050369,0.0111239113325942,-0.0065266998610716,0.039107661090578,-0.1045226750395625,0.0128310146181,23.665999999999997,153683252.3644,4.33,0.0,0.0014144271570013,4.51,0.1499999999999994,-0.2778623367246107,-29.541200000000117,2295.3021,HSCICD.HI,恒生综合行业指数-非必需性消费,0.0002648150249855,0.100359792523428,-0.0525664287598987,0.0057994669183911,hsics,-0.2460326002467275,0.0778061224489796,HSCICD.HI,0.0002648150249855,0.100359792523428,-0.0525664287598987,0.0057994669183911,53726063690.0,20.0,0.0026933784574714,0.5,7.0,15.0,0.0016004093053456,-0.0672682999187802,0.01861407456153,0.5454545454545454,-0.1394826768140372,10,2026-03-18 19:58:22,,12.04,,,chiefgroup,0.003037205770691,-0.0129081245254365,0.0478359908883827,0.2505694760820046,False,-0.0767045453847807
02097,2097.HK,蜜雪集团,2025-03-03,2025-03-02,2025-03-02,消费/零售,必需性消费,hsics,-0.0228555170134321,0.1645009075884136,0.1702886222761364,-0.0496918880141755,0.1787841726498689,0.2925866496430853,0.0190263365003648,29.124,231615870.41062003,4.33,0.0,-0.0054553860379102,4.24,-0.2699999999999996,1.1897978040304706,1618.5426000000002,1388.0114,HSCICS.HI,恒生综合行业指数-必需性消费,0.0259769982135398,0.0569087515889159,0.0247967206007793,-0.1075921559994976,hsics,1.7718049970816478,0.05,HSCICS.HI,0.0259769982135398,0.0569087515889159,0.0247967206007793,-0.1075921559994976,456944252.0,19.0,0.0217182334007424,0.4736842105263157,1.0,19.0,-0.0578188812376974,-0.0044616799826346,0.0557820516520744,0.6666666666666666,-0.1596801797175586,10,2026-06-12 15:51:00,202.5,5258.21,5258.21,35.23,chiefgroup,0.1068702290076336,0.5015267175572519,0.6076335877862595,1.2309160305343512,False,-0.1655913978494624
02259,2259.HK,紫金黃金國際,2025-09-30,2025-09-29,2025-09-29,工业/制造,原材料业,hsics,0.0105807211774611,0.0392490734820292,0.1144955401976655,0.0106009575567316,0.0905834914576646,0.2093273482741109,0.0105636980025809,20.744,249973097.0814,4.09,-0.2400000000000002,0.0025593775593775,4.15,0.0700000000000002,0.0829749461960931,1610.9492,1299.8348,HSCIMT.HI,恒生综合行业指数-原材料业,0.0560998021336682,0.1271492790892405,0.5364215359154365,0.0879002056072113,hsics,0.2788061855166088,0.1531728665207877,HSCIMT.HI,0.0560998021336682,0.1271492790892405,0.5364215359154365,0.0879002056072113,6434773086.0,18.0,0.017937192460527,0.5555555555555556,7.0,21.0,-0.0233711441076429,0.0201559788629913,-0.0270691478077371,0.5833333333333334,-0.1698593580765545,10,2026-07-09 17:23:00,71.59,240.74,240.74,20.38,chiefgroup,0.0816143497757847,0.2672645739910315,0.17847533632287,0.2914798206278027,False,-0.1732070365358593
02396,2396.HK,華芢生物－Ｂ,2025-12-22,2025-12-21,2025-12-21,生物科技/医药,医疗保健业,hsics,-0.0110198373240112,0.0186562104233065,-0.0321840206292369,-0.0282029736094155,0.0154851193197322,-0.1115636970138409,0.0100578558290829,17.676000000000002,156190667.13725,3.64,-0.2399999999999997,-0.0143784323514729,4.16,0.0700000000000002,-0.1538308076506321,440.20920000000007,1329.5967000000005,HSCIH.HI,恒生综合行业指数-医疗保健业,-0.0196832122519234,-0.0153113637905644,-0.148970648903042,-0.0339675742138709,hsics,-0.1747775327346113,0.0425531914893617,HSCIH.HI,-0.0196832122519234,-0.0153113637905644,-0.148970648903042,-0.0339675742138709,20167670609.0,24.0,-0.0370983699381637,0.5416666666666666,15.0,37.0,-0.0085617735318333,9.3858533578097e-05,0.0050980615784522,0.5357142857142857,-0.2137349642337149,5,2026-03-10 12:40:23,38.2,791.95,791.95,6.05,chiefgroup,-0.2011834319526626,-0.5215976331360945,-0.6872781065088757,-0.7884615384615384,True,-0.5948148148148149
02408,2408.HK,遇見小麵,2025-12-05,2025-12-04,2025-12-04,消费/零售,非必需性消费,hsics,-0.000386573154248,-0.0207657659358375,0.0233776564577092,0.0031047187127475,-0.0553125604084702,-0.0240399426461003,0.0112239350086191,18.171999999999997,166620711.30944997,3.89,0.02,-0.0064192577733199,4.11,-0.0299999999999993,-0.2530199104639874,1007.4682,1236.5847,HSCICD.HI,恒生综合行业指数-非必需性消费,0.0056170467134266,-0.0428627969969449,0.028166955643688,-0.0220970310611073,hsics,-0.1748907637065894,0.0570719602977667,HSCICD.HI,0.0056170467134266,-0.0428627969969449,0.028166955643688,-0.0220970310611073,58261408170.0,31.0,-0.0315183730584736,0.5806451612903226,13.0,31.0,-0.0489554668932777,-0.0122778435911887,-0.0709835393932366,0.6521739130434783,-0.2460484795153462,10,2026-06-15 21:13:00,7.04,425.97,425.97,4.99,chiefgroup,0.016,0.0039999999999999,-0.0939999999999999,-0.0839999999999999,False,-0.1633858267716536
02508,2508.HK,聖貝拉,2025-06-26,2025-06-25,2025-06-25,消费/零售,非必需性消费,hsics,0.0322209096403351,0.0467316939233999,0.0422150701008203,0.0277327359303856,0.035631440063772,-0.0384027422132068,0.0113222791505624,21.654,182945958.899,4.33,0.0,-0.0191747816484287,4.29,-0.1100000000000003,0.1857094043615335,843.1445,222.34339999999983,HSCICD.HI,恒生综合行业指数-非必需性消费,0.0184783771257441,0.0018306090457336,-0.0584805729408701,-0.0449010848776663,hsics,0.0836471274999113,0.1050632911392405,HSCICD.HI,0.0184783771257441,0.0018306090457336,-0.0584805729408701,-0.0449010848776663,50401195446.0,24.0,-0.0246108861244195,0.5833333333333334,12.0,23.0,-0.032790190269823,-0.0711422975884256,-0.0428459194454375,0.6,-0.1477454014760823,10,2026-07-17 09:11:00,6.58,193.0,193.0,15.59,chiefgroup,0.0414201183431954,-0.2177514792899408,-0.1514792899408283,-0.2331360946745561,False,-0.2909090909090909
02513,2513.HK,智譜,2026-01-08,2026-01-07,2026-01-07,TMT/互联网,资讯科技业,hsics,0.0321323428734596,0.0269194763822433,0.0219961930482961,0.0287072848111591,0.0134323351577394,-0.1132408184577739,0.0109817028301545,20.516,153552855.76365,3.64,-0.25,-0.003632694248234,4.15,0.0300000000000002,-0.079436407767266,437.0305000000001,1007.4682,HSCIIT.HI,恒生综合行业指数-信息科技业,0.0448586781024553,0.0123176525705384,-0.0722271915290554,-0.0146018238117049,hsics,-0.0364928346538182,0.0722433460076045,HSCIIT.HI,0.0448586781024553,0.0123176525705384,-0.0722271915290554,-0.0146018238117049,18355171124.0,22.0,0.0546012473640035,0.4545454545454545,20.0,47.0,-0.0446276598280637,0.011668061760344,0.140158741942235,0.6129032258064516,-0.1786508051451336,10,2026-07-27 10:52:25,116.2,1159.46,1159.46,15.28,chiefgroup,0.0958333333333333,1.0083333333333333,0.8016666666666665,6.8,False,-0.2319999999999999
02525,2525.HK,禾賽－Ｗ,2025-09-16,2025-09-15,2025-09-15,TMT/互联网,资讯科技业,hsics,0.0317021476629979,0.0504316465324297,0.1164006445150158,0.0503775555072778,0.083243355657318,0.177370906534416,0.0103887833289162,21.076,250569876.77755,4.33,0.0,-0.0080489047376465,4.05,-0.2099999999999999,0.1729424086679616,1470.4492000000002,1455.7917999999995,HSCIIT.HI,恒生综合行业指数-信息科技业,0.0448337185506393,0.093906345687841,0.225443238161713,0.0434746991554113,hsics,0.2656103937373544,0.1052631578947368,HSCIIT.HI,0.0448337185506393,0.093906345687841,0.225443238161713,0.0434746991554113,28772382356.0,14.0,-0.0467316652865578,0.6428571428571429,5.0,28.0,-0.0283703254377256,0.052299535409342,-0.008370261349468,0.625,-0.1704509723218826,10,2026-05-20 23:57:11,212.8,168.65,168.65,14.09,chiefgroup,0.0209424083769634,0.0034904013961606,-0.2076788830715532,-0.2971204188481675,False,-0.2170940170940171
02539,2539.HK,樂摩科技,2025-12-03,2025-12-02,2025-12-02,消费/零售,非必需性消费,hsics,0.0077429420476509,0.0054966014703841,0.0186447347156739,0.002140090207896,-0.0333860977477156,0.008098461179127,0.0118129224223186,18.52,171425162.93355,3.89,0.0300000000000002,-0.0088813491667498,4.09,0.0099999999999997,-0.2063397508359112,1128.3991,1216.3234000000002,HSCICD.HI,恒生综合行业指数-非必需性消费,0.0060186510629947,-0.0099405466667511,0.0219695112984656,-0.0154371481371352,hsics,-0.1261513104376183,0.0819875776397515,HSCICD.HI,0.0060186510629947,-0.0099405466667511,0.0219695112984656,-0.0154371481371352,64251419272.0,30.0,-0.0272706315842911,0.5666666666666667,12.0,29.0,-0.0360110096001284,0.0002971398712774,-0.028559790584651,0.6190476190476191,-0.22251602917157,7,2026-02-05 11:31:01,40.0,7324.29,7324.29,6.78,chiefgroup,-0.1589506172839505,0.029320987654321,-0.4592592592592593,-0.7100308641975309,True,-0.564622641509434
02543,2543.HK,大行科工,2025-09-09,2025-09-08,2025-09-08,消费/零售,非必需性消费,hsics,0.0006437026054926,0.0291928191526733,0.0653722062142911,-0.0077962186860831,0.0537965023798576,0.0981046744808753,0.0115287377815932,20.619999999999997,245378624.5568,4.33,0.0,-0.0106598984771573,4.05,-0.25,0.1691424720613961,1279.2456999999995,1263.7424,HSCICD.HI,恒生综合行业指数-非必需性消费,-0.0042448899563747,0.0523996352885915,0.0682793437105595,0.0232068161359182,hsics,0.251414600102823,0.1194968553459119,HSCICD.HI,-0.0042448899563747,0.0523996352885915,0.0682793437105595,0.0232068161359182,65628621923.0,26.0,-0.0252555232787395,0.5769230769230769,6.0,27.0,-0.009989366637824,0.0664375642773432,0.0256720822672745,0.5714285714285714,-0.1676060840299815,5,2026-03-19 20:47:26,49.5,7558.4,7558.4,21.65,chiefgroup,-0.157037037037037,-0.0466666666666667,-0.2466666666666666,-0.3881481481481482,True,-0.1903651903651902
02546,2546.HK,智匯礦業,2025-12-19,2025-12-18,2025-12-18,工业/制造,原材料业,hsics,-0.0012682864541286,-0.0130610627131508,-0.0524096759412212,-0.0210132644626109,-0.0280379013498864,-0.1341694109587538,0.0113429693384703,17.71,158295568.69814998,3.64,-0.2399999999999997,-0.0177609259628817,4.12,0.1000000000000005,-0.1375288799278349,407.5542,1381.9904,HSCIMT.HI,恒生综合行业指数-原材料业,0.0160204991087344,0.0587668280282158,0.1981971092485428,0.0718278907413667,hsics,-0.2094331540618095,0.0663811563169164,HSCIMT.HI,0.0160204991087344,0.0587668280282158,0.1981971092485428,0.0718278907413667,7450902133.0,21.0,0.0003683848994695,0.5238095238095238,13.0,35.0,0.0003980604928499,0.0056704548326568,-0.0047073594044139,0.5172413793103449,-0.2191903706692597,10,2026-04-28 16:56:00,4.51,5248.15,5248.15,2.68,chiefgroup,-0.2037037037037037,-0.125925925925926,0.0740740740740739,0.2462962962962963,True,-0.0939060939060938
02553,2553.HK,首鋼朗澤,2026-06-03,2026-06-02,2026-06-02,工业/制造,原材料业,hsics,0.0171437276972747,0.0101561381613428,0.031241831514946,0.0510220413922803,0.0447243315962651,0.0661843593495201,0.0109190593946075,19.726000000000003,206649395.7511,3.62,-0.02,0.0114169215086645,4.46,0.0,0.0314525796558717,155.1857000000004,425.8464999999999,HSCIMT.HI,恒生综合行业指数-原材料业,-0.0290324087357456,-0.0426515963920814,-0.197054434275309,-0.0528077345534243,hsics,0.0893716463247704,0.1014492753623188,HSCIMT.HI,-0.0290324087357456,-0.0426515963920814,-0.197054434275309,-0.0528077345534243,1708235035.0,16.0,-0.0148855689996401,0.5625,0.0,0.0,,,,,,10,2026-05-26 10:43:00,14.6,1421.54,1421.54,0.95,chiefgroup,,,,,False,
02561,2561.HK,維昇藥業－Ｂ,2025-03-21,2025-03-20,2025-03-20,生物科技/医药,医疗保健业,hsics,0.0322768314747055,0.0727719119209036,0.2294091311480737,0.0153989755491295,0.0611379174579804,0.3059913981003748,0.0200815076822399,26.064,243383078.32341996,4.33,0.0,-0.0237893747061589,4.24,0.0,0.4140169675563461,2069.2340999999997,902.7184000000002,HSCIH.HI,恒生综合行业指数-医疗保健业,0.0760127947495685,0.0950725206707006,0.2787982420534367,0.022300608749797,hsics,0.4737393493505832,0.1351351351351351,HSCIH.HI,0.0760127947495685,0.0950725206707006,0.2787982420534367,0.022300608749797,8567559153.0,13.0,-0.0064118186061009,0.4615384615384615,2.0,16.0,0.0122900763358779,0.1649782936075193,0.4250926342183547,0.3333333333333333,-0.1266666666666666,10,2026-06-12 09:16:00,68.8,72.64,72.64,1.65,chiefgroup,0.0,-0.1678779069767441,-0.2972383720930232,-0.2921511627906976,False,-0.4069767441860465
02565,2565.HK,派格生物醫藥－Ｂ,2025-05-27,2025-05-26,2025-05-26,生物科技/医药,医疗保健业,hsics,-0.0021596281959411,0.05480590885903,0.0107801417208113,-0.0185364503712255,0.0365280894244179,-0.1091403290457918,0.012615612215353,23.746,154163510.54504997,4.33,0.0,-0.0093083775397857,4.51,0.2099999999999999,-0.272607514659737,136.4620999999999,2091.5591000000004,HSCIH.HI,恒生综合行业指数-医疗保健业,0.0164352993731171,0.0232255795738514,0.0841277242914839,-0.0315803292851786,hsics,-0.169254520928597,0.0608365019011406,HSCIH.HI,0.0164352993731171,0.0232255795738514,0.0841277242914839,-0.0315803292851786,8793920312.0,16.0,0.0029450177425007,0.4375,8.0,16.0,-0.031518657331456,-0.0702970533543023,0.000699350171049,0.5454545454545454,-0.1193187752411475,10,2026-06-05 20:20:00,15.6,743.78,743.78,1.13,chiefgroup,-0.1107692307692307,-0.2538461538461539,-0.3023076923076923,1.3661538461538465,True,-0.2214532871972319
02569,2569.HK,舒寶國際,2025-03-27,2025-03-26,2025-03-26,消费/零售,必需性消费,hsics,-0.0519887255895368,-0.0128052335785417,0.1810675683355689,-0.0774929946996502,-0.0639508611224053,0.2363515720242601,0.0180793817555494,24.223999999999997,226946427.71555,4.33,0.0,-0.0182159624413145,4.35,0.0599999999999996,0.0922901262316917,1737.8249999999998,1350.9661,HSCICS.HI,恒生综合行业指数-必需性消费,-0.0520525733052688,0.0446430664010482,0.0758527167787337,0.05744829997959,hsics,0.1115360013250887,0.0602564102564102,HSCICS.HI,-0.0520525733052688,0.0446430664010482,0.0758527167787337,0.05744829997959,3927601308.0,18.0,-0.0132255052196675,0.5,4.0,17.0,-0.0027763301383228,0.0477422218368319,0.1783146730297014,0.4,-0.1906626755698825,1,2026-04-23 19:03:27,0.51,167.09,167.09,1.02,chiefgroup,0.3673469387755103,0.0204081632653061,0.2448979591836734,2.0408163265306123,False,-0.2985074626865672
02573,2573.HK,新琪安,2025-06-10,2025-06-09,2025-06-09,消费/零售,必需性消费,hsics,0.038285478989273,0.0574473034939175,0.0167317748572644,0.0582613399706255,-0.0025921080416695,-0.0768432589854116,0.0129527514817547,23.504,163752658.7854,4.33,0.0,-0.0139414459271062,4.49,0.0099999999999997,-0.0604788811275088,539.9294,1135.7095,HSCICS.HI,恒生综合行业指数-必需性消费,0.0237884699201649,0.026239374375987,0.0625652536526601,-0.0312079291179305,hsics,-0.0283648968810791,0.0904458598726114,HSCICS.HI,0.0237884699201649,0.026239374375987,0.0625652536526601,-0.0312079291179305,2424735680.0,19.0,-0.0122863832630496,0.5263157894736842,8.0,17.0,-0.0255366325553334,-0.0783678862750038,-0.0472062372507567,0.6153846153846154,-0.1336121256450818,7,2026-03-05 09:22:27,18.9,149.37,149.37,0.93,chiefgroup,-0.2413223140495868,-0.4803305785123967,-0.5801652892561984,-0.5940495867768595,True,-0.4108932461873638
02575,2575.HK,軒竹生物－Ｂ,2025-10-15,2025-10-14,2025-10-14,生物科技/医药,医疗保健业,hsics,-0.0443802473661752,-0.0075119246342052,0.0511512470190038,-0.0957269221544228,-0.0110214182662614,0.0694062978007081,0.0118227267412827,23.805999999999997,241051713.2482,4.1,-0.2300000000000004,0.0164186762442277,4.03,-0.1299999999999999,-0.0413476203110095,1698.0477000000003,1279.2456999999995,HSCIH.HI,恒生综合行业指数-医疗保健业,-0.0789958599903404,-0.1252233982087786,0.113868390580142,-0.1177114735745733,hsics,-0.2952445244323535,0.0252707581227436,HSCIH.HI,-0.0789958599903404,-0.1252233982087786,0.113868390580142,-0.1177114735745733,730735461.0,24.0,-0.0306288366630403,0.5416666666666666,7.0,15.0,0.0216201370845911,0.0930082335257841,0.0613379479199863,0.5,-0.1585228235751733,10,2026-04-19 18:34:00,11.6,4908.33,4908.33,10.15,chiefgroup,-0.1072640868974881,1.0366598778004072,1.1758316361167682,1.2572980312287847,True,-0.0868628858578608
02579,2579.HK,中偉新材,2025-11-17,2025-11-16,2025-11-16,工业/制造,原材料业,hsics,0.0125993499691141,0.0524955341405548,0.0412683410059515,-0.0042073900854211,-0.0317745217993203,0.0488575540479008,0.011239689565148,21.02,190188842.144,3.88,-0.2300000000000004,0.0073051948051947,4.14,0.1299999999999999,-0.2080553172905191,1145.2358,1623.8587000000005,HSCIMT.HI,恒生综合行业指数-原材料业,0.0297383715633938,0.089012632235218,0.42848928682004,0.0365170980946631,hsics,-0.1919995758994099,0.0649350649350649,HSCIMT.HI,0.0297383715633938,0.089012632235218,0.42848928682004,0.0365170980946631,7663154953.0,17.0,0.0107495980183381,0.4705882352941176,15.0,29.0,0.0023486448891987,0.052724243241223,0.0130521656153775,0.5,-0.2231074515677112,10,2026-04-09 14:25:27,34.0,27.9,27.9,4.08,chiefgroup,-0.0011764705882352,-0.1088235294117646,-0.2223529411764705,0.0994117647058824,True,-0.2137809187279152
02580,2580.HK,奧克斯電氣,2025-09-02,2025-09-01,2025-09-01,消费/零售,非必需性消费,hsics,-0.0082265095000331,0.0357398583699402,0.0593839983822295,-0.0044857471245455,0.0579630485746864,0.0969333206081379,0.0108061986351979,20.607999999999997,230820757.17395,4.33,0.0,-0.010735264330565,4.23,-0.0599999999999996,0.068376997821322,1299.8348,1090.2436,HSCICD.HI,恒生综合行业指数-非必需性消费,-0.0003527993649611,0.0662320648348815,0.0391883861108752,0.0304922064649413,hsics,0.105294308283764,0.1020151133501259,HSCICD.HI,-0.0003527993649611,0.0662320648348815,0.0391883861108752,0.0304922064649413,71652946357.0,25.0,-0.0272098435887711,0.6,5.0,29.0,-0.012942150151938,0.0346902362168167,0.0200006673415545,0.5384615384615384,-0.1444228644755436,10,2026-03-06 17:39:49,17.42,557.2,557.2,8.3,chiefgroup,0.0236024844720496,0.0,-0.1093167701863355,-0.008695652173913,False,-0.1383495145631068
02581,2581.HK,明基醫院,2025-12-22,2025-12-21,2025-12-21,生物科技/医药,医疗保健业,hsics,-0.0110198373240112,0.0186562104233065,-0.0321840206292369,-0.0282029736094155,0.0154851193197322,-0.1115636970138409,0.0100578558290829,17.676000000000002,156190667.13725,3.64,-0.2399999999999997,-0.0143784323514729,4.16,0.0700000000000002,-0.1538308076506321,440.20920000000007,1329.5967000000005,HSCIH.HI,恒生综合行业指数-医疗保健业,-0.0196832122519234,-0.0153113637905644,-0.148970648903042,-0.0339675742138709,hsics,-0.1747775327346113,0.0425531914893617,HSCIH.HI,-0.0196832122519234,-0.0153113637905644,-0.148970648903042,-0.0339675742138709,20167670609.0,24.0,-0.0370983699381637,0.5416666666666666,15.0,37.0,-0.0085617735318333,9.3858533578097e-05,0.0050980615784522,0.5357142857142857,-0.2137349642337149,7,2026-03-10 09:07:39,9.34,6.28,6.28,1.28,chiefgroup,-0.2738461538461539,-0.3676923076923077,-0.3723076923076923,-0.4692307692307692,True,-0.1419491525423728
02583,2583.HK,西普尼,2025-09-30,2025-09-29,2025-09-29,消费/零售,非必需性消费,hsics,0.0105807211774611,0.0392490734820292,0.1144955401976655,0.0106009575567316,0.0905834914576646,0.2093273482741109,0.0105636980025809,20.744,249973097.0814,4.09,-0.2400000000000002,0.0025593775593775,4.15,0.0700000000000002,0.0829749461960931,1610.9492,1299.8348,HSCICD.HI,恒生综合行业指数-非必需性消费,0.0361949463087045,0.115321144388347,0.2454841370048972,0.0760720709063178,hsics,0.1580007681763635,0.1015037593984962,HSCICD.HI,0.0361949463087045,0.115321144388347,0.2454841370048972,0.0760720709063178,66616198536.0,28.0,-0.0306336351821567,0.5714285714285714,7.0,21.0,-0.0233711441076429,0.0201559788629913,-0.0270691478077371,0.5833333333333334,-0.1698593580765545,10,2026-03-08 18:31:08,29.6,2505.9,2505.9,3.9,chiefgroup,0.2619047619047619,0.9642857142857144,0.961904761904762,1.0071428571428571,False,-0.1179713340683572
02589,2589.HK,沪上阿姨,2025-05-08,2025-05-07,2025-05-07,消费/零售,必需性消费,hsics,0.0323528689207004,-0.00691165484527,0.0861713931231757,0.0423136182312908,-0.0417216264260358,0.054732024878016,0.0331135680824339,27.01,199209533.93655,4.33,0.0,-0.0201078960274644,4.26,-0.08,-0.0435485337776516,1524.183,1716.0444,HSCICS.HI,恒生综合行业指数-必需性消费,0.0134125629871741,0.0045701534435966,0.1364888680592886,0.0114818082888666,hsics,-0.0529403711024637,0.067774936061381,HSCICS.HI,0.0134125629871741,0.0045701534435966,0.1364888680592886,0.0114818082888666,2943706913.0,18.0,0.0193323116999821,0.4444444444444444,3.0,10.0,0.0032852985227915,-0.0689742282514762,0.029600193173263,0.5,-0.1907346498324692,10,2026-07-20 11:11:51,113.12,3616.83,3616.83,2.57,chiefgroup,-0.1689401888772297,-0.3300104931794333,-0.3467995802728226,-0.2880377754459601,True,-0.2133838383838384
02590,2590.HK,極智嘉－Ｗ,2025-07-09,2025-07-08,2025-07-08,TMT/互联网,资讯科技业,hsics,0.0031484346310362,-0.0006125100205397,0.1916445960396733,0.0043619019286234,-0.0197451203786518,0.1658290991334985,0.0102893891830162,20.228,191409662.23825,4.33,0.0,-0.0157496214033316,4.42,0.04,0.1688949886859234,857.3199999999999,539.9294,HSCIIT.HI,恒生综合行业指数-信息科技业,-0.0023044814368661,0.0246730802789865,0.2121400909493149,0.0252855902995262,hsics,-0.0154365644843045,0.176954732510288,HSCIIT.HI,-0.0023044814368661,0.0246730802789865,0.2121400909493149,0.0252855902995262,3315560047.0,14.0,-0.0375021774198017,0.5714285714285714,18.0,31.0,-0.0181980349717789,-0.0110729182811597,0.0329058720807389,0.5384615384615384,-0.146312966588151,10,2026-06-26 21:43:00,16.8,133.62,133.62,30.17,chiefgroup,0.0473372781065089,0.1195266272189351,0.1224852071005917,0.7573964497041421,False,-0.157314629258517
02591,2591.HK,銀諾醫藥－Ｂ,2025-08-15,2025-08-14,2025-08-14,生物科技/医药,医疗保健业,hsics,0.0174506202348092,0.04164954008233,0.0709902475178132,0.0052823573719373,0.0233406475982886,0.0437292575828733,0.0105770135804057,20.534,210022300.65385,4.33,0.0,-0.0044606650446066,4.29,-0.1100000000000003,0.0529345610100238,1212.9908,871.3152000000001,HSCIH.HI,恒生综合行业指数-医疗保健业,0.0342785456340735,0.0809611450178751,0.3953328062985048,0.039311604935545,hsics,0.3675530186745837,0.1318681318681318,HSCIH.HI,0.0342785456340735,0.0809611450178751,0.3953328062985048,0.039311604935545,22053350528.0,22.0,-0.0219186704575322,0.5,2.0,32.0,0.0119193846953836,0.0836934163950851,0.1331629938619321,0.4090909090909091,-0.1346337799673615,10,2026-05-11 11:45:20,18.68,5341.66,5341.66,10.67,chiefgroup,-0.2048611111111111,-0.2638888888888889,-0.3811111111111111,-0.5425,True,-0.2869868995633188
02592,2592.HK,撥康視雲－Ｂ,2025-07-03,2025-07-02,2025-07-02,生物科技/医药,医疗保健业,hsics,-0.0103478412579208,0.0239866103154515,0.0439124526506378,-0.0054455111435006,0.0153424761337297,-0.025570613322621,0.0107256250637608,20.694,191818208.153,4.33,0.0,-0.0205444793037141,4.3,-0.0600000000000005,0.1903381357730384,813.8236,495.2190999999999,HSCIH.HI,恒生综合行业指数-医疗保健业,-0.0121111298631371,0.0480496781436061,0.1406166230895489,0.0240630678281545,hsics,0.5273369240340762,0.1156716417910447,HSCIH.HI,-0.0121111298631371,0.0480496781436061,0.1406166230895489,0.0240630678281545,17548603694.0,19.0,0.0018592610705417,0.4736842105263157,15.0,28.0,-0.0076318501933443,-0.0149333876057213,0.039870150706594,0.5384615384615384,-0.1581641731373501,7,2026-02-16 21:07:38,10.1,78.78,78.78,0.89,chiefgroup,-0.3473684210526315,-0.3894736842105264,-0.4368421052631579,-0.5021052631578947,True,-0.1064516129032258
02595,2595.HK,勁方醫藥－Ｂ,2025-09-19,2025-09-18,2025-09-18,生物科技/医药,医疗保健业,hsics,0.0175774122221914,0.0573695428847529,0.0912400207190835,0.0649456845319287,0.1405329126125307,0.1702177257400878,0.0114684536594729,21.77,261912756.679,4.08,-0.25,-0.0129751647237709,4.11,-0.1200000000000001,0.2554837850581952,1482.324,1518.1486999999995,HSCIH.HI,恒生综合行业指数-医疗保健业,0.0163806836667153,0.0301947027435773,0.3158026596468934,-0.0271748401411755,hsics,0.1000284094055672,0.0509090909090909,HSCIH.HI,0.0163806836667153,0.0301947027435773,0.3158026596468934,-0.0271748401411755,27443677702.0,23.0,-0.030083054857876,0.5217391304347826,7.0,29.0,-0.0264725998994088,0.0372520440508121,0.0020222268294143,0.6,-0.1658142873110155,10,2026-04-14 12:01:02,20.39,2662.79,2662.79,39.05,chiefgroup,-0.0431818181818181,-0.1318181818181817,-0.3322727272727273,-0.3781818181818182,True,-0.2731591448931116
02597,2597.HK,訊眾通信,2025-07-09,2025-07-08,2025-07-08,TMT/互联网,电讯业,hsics,0.0031484346310362,-0.0006125100205397,0.1916445960396733,0.0043619019286234,-0.0197451203786518,0.1658290991334985,0.0102893891830162,20.228,191409662.23825,4.33,0.0,-0.0157496214033316,4.42,0.04,0.1688949886859234,857.3199999999999,539.9294,HSCITC.HI,恒生综合行业指数-电讯业,-0.0066817125640654,-0.0144556650653842,0.0804803424798346,-0.0138431550448444,hsics,-0.0154365644843045,0.176954732510288,HSCITC.HI,-0.0066817125640654,-0.0144556650653842,0.0804803424798346,-0.0138431550448444,-2828732060.0,14.0,-0.0375021774198017,0.5714285714285714,18.0,31.0,-0.0181980349717789,-0.0110729182811597,0.0329058720807389,0.5384615384615384,-0.146312966588151,10,2026-02-07 10:09:06,13.55,12.79,12.79,1.01,chiefgroup,-0.0647382920110192,-0.0702479338842975,-0.0619834710743802,0.4325068870523417,True,-0.123489932885906
02603,2603.HK,吉宏股份,2025-05-27,2025-05-26,2025-05-26,消费/零售,非必需性消费,hsics,-0.0021596281959411,0.05480590885903,0.0107801417208113,-0.0185364503712255,0.0365280894244179,-0.1091403290457918,0.012615612215353,23.746,154163510.54504997,4.33,0.0,-0.0093083775397857,4.51,0.2099999999999999,-0.272607514659737,136.4620999999999,2091.5591000000004,HSCICD.HI,恒生综合行业指数-非必需性消费,-0.0140871557875746,0.0315969754942151,-0.0531304664844922,-0.0232089333648148,hsics,-0.2358210163750461,0.0739795918367346,HSCICD.HI,-0.0140871557875746,0.0315969754942151,-0.0531304664844922,-0.0232089333648148,49176238029.0,21.0,0.0027097511866724,0.4761904761904761,8.0,16.0,-0.031518657331456,-0.0702970533543023,0.000699350171049,0.5454545454545454,-0.1193187752411475,10,2026-07-16 07:03:00,7.68,49.39,49.39,1.62,chiefgroup,-0.0290909090909091,-0.0909090909090909,-0.0218181818181818,0.5545454545454547,True,-0.0917602996254681
02605,2605.HK,METALIGHT,2025-06-10,2025-06-09,2025-06-09,消费/零售,非必需性消费,hsics,0.038285478989273,0.0574473034939175,0.0167317748572644,0.0582613399706255,-0.0025921080416695,-0.0768432589854116,0.0129527514817547,23.504,163752658.7854,4.33,0.0,-0.0139414459271062,4.49,0.0099999999999997,-0.0604788811275088,539.9294,1135.7095,HSCICD.HI,恒生综合行业指数-非必需性消费,0.0430539812978181,0.0268646411247999,-0.0521597785502768,-0.0305826623691176,hsics,-0.0283648968810791,0.0904458598726114,HSCICD.HI,0.0430539812978181,0.0268646411247999,-0.0521597785502768,-0.0305826623691176,69165774613.0,19.0,-0.0122863832630496,0.5263157894736842,8.0,17.0,-0.0255366325553334,-0.0783678862750038,-0.0472062372507567,0.6153846153846154,-0.1336121256450818,1,2026-03-27 11:05:56,9.75,274.44,274.44,2.49,chiefgroup,-0.1052631578947368,-0.1013157894736841,-0.1868421052631579,-0.3407894736842105,True,-0.1810584958217269
02609,2609.HK,佰澤醫療,2025-06-23,2025-06-22,2025-06-22,生物科技/医药,医疗保健业,hsics,-0.0151545083490426,-0.0005874030710605,-0.0067219030026527,-0.0203388776885657,-0.0216757757289405,-0.0897977705019776,0.0105914564801207,22.046,177341324.82234997,4.33,0.0,-0.0118070842505502,4.38,-0.08,0.153940472328462,735.8563,195.45569999999992,HSCIH.HI,恒生综合行业指数-医疗保健业,-0.0778292034083931,0.0848314997057475,0.1621132057298964,0.085418902776808,hsics,0.6044819477026295,0.0643939393939393,HSCIH.HI,-0.0778292034083931,0.0848314997057475,0.1621132057298964,0.085418902776808,19027939681.0,15.0,-0.0093143824827815,0.5333333333333333,8.0,20.0,-0.0649419418991815,-0.140690479011058,-0.1343974695387118,0.7333333333333333,-0.1626095096967613,10,2026-05-18 16:33:00,4.22,25.92,25.92,0.98,chiefgroup,0.1428571428571428,0.1752380952380952,0.2495238095238094,1.497142857142857,False,-0.0664605873261204
02610,2610.HK,南山鋁業國際,2025-03-25,2025-03-24,2025-03-24,工业/制造,原材料业,hsics,-0.0099401256628026,0.0241607155633223,0.2102542917330507,-0.0231541593565517,-0.0091009167975897,0.2908606872009613,0.0189682049384878,25.094,235151709.92150003,4.33,0.0,-0.0221243086153557,4.34,0.1200000000000001,0.2254432512105242,1839.5097,1083.7116999999998,HSCIMT.HI,恒生综合行业指数-原材料业,0.0338226433696664,0.1445102478069289,0.2389139465318868,0.1203495322436065,hsics,0.443459963232524,0.1138392857142857,HSCIMT.HI,0.0338226433696664,0.1445102478069289,0.2389139465318868,0.1203495322436065,5914495953.0,12.0,0.0048471071870048,0.5833333333333334,3.0,16.0,0.0092175572519084,0.0817642434614534,0.2445098826405102,0.25,-0.1967441860465116,10,2026-03-26 23:21:00,26.6,3.89,3.89,1.67,chiefgroup,-0.0507518796992481,-0.0883458646616541,-0.0864661654135338,0.1541353383458645,True,-0.1663366336633662
02615,2615.HK,百利天恒,2025-11-07,2025-11-06,2025-11-06,其他,,fallback,0.0077317047836429,-0.0099687544271414,0.0632368591239964,-0.0177699634630407,-0.0874966381468452,0.0886810301475782,0.0136611909512767,21.242,223059106.45215,3.87,-0.2199999999999997,0.0030181086519114,4.11,0.0900000000000007,-0.0201866846358076,1236.5847,1672.9425,,,,,,,,,,,,,,,,0.0,,,15.0,29.0,-0.0038641354900538,0.0492617366696017,0.0112973484210956,0.5217391304347826,-0.2187745430410895,1,2026-07-15 07:42:38,,,,,,,,,,False,
02617,2617.HK,藥捷安康－Ｂ,2025-06-23,2025-06-22,2025-06-22,生物科技/医药,医疗保健业,hsics,-0.0151545083490426,-0.0005874030710605,-0.0067219030026527,-0.0203388776885657,-0.0216757757289405,-0.0897977705019776,0.0105914564801207,22.046,177341324.82234997,4.33,0.0,-0.0118070842505502,4.38,-0.08,0.153940472328462,735.8563,195.45569999999992,HSCIH.HI,恒生综合行业指数-医疗保健业,-0.0778292034083931,0.0848314997057475,0.1621132057298964,0.085418902776808,hsics,0.6044819477026295,0.0643939393939393,HSCIH.HI,-0.0778292034083931,0.0848314997057475,0.1621132057298964,0.085418902776808,19027939681.0,15.0,-0.0093143824827815,0.5333333333333333,8.0,20.0,-0.0649419418991815,-0.140690479011058,-0.1343974695387118,0.7333333333333333,-0.1626095096967613,10,2026-06-28 18:42:00,13.15,3419.87,3419.87,0.97,chiefgroup,0.0854503464203234,0.3926096997690531,0.445727482678984,7.868360277136259,False,-0.1340206185567011
02619,2619.HK,香江電器,2025-06-25,2025-06-24,2025-06-24,消费/零售,非必需性消费,hsics,0.0082054853358799,0.0384300024954546,0.0356755946325111,0.0011545791896108,0.0222590703071996,-0.0397932511715652,0.0110904383442793,21.692,179253010.4949,4.33,0.0,-0.010204081632653,4.3,-0.0700000000000002,0.166268804651271,867.1572000000001,136.4620999999999,HSCICD.HI,恒生综合行业指数-非必需性消费,-0.0132296809888993,-0.0046062113205413,-0.0573689879642205,-0.043036213815996,hsics,0.0939585016870405,0.0926395939086294,HSCICD.HI,-0.0132296809888993,-0.0046062113205413,-0.0573689879642205,-0.043036213815996,51525090164.0,22.0,-0.0275769736640424,0.5909090909090909,11.0,22.0,-0.0373242199455181,-0.0745573368438748,-0.0550752856825554,0.6111111111111112,-0.153814228299931,4,2026-03-13 17:48:48,2.86,852.38,852.38,1.08,chiefgroup,-0.0490566037735848,-0.120754716981132,-0.0830188679245282,-0.2641509433962264,True,-0.1190476190476189
02621,2621.HK,手回集團,2025-05-30,2025-05-29,2025-05-29,金融,金融业,hsics,0.0012346932231184,0.0728847130615566,0.0275511609619674,0.0095529909077927,0.0562161592604231,-0.0984677585393638,0.0127325961486249,23.274,156914289.67725,4.33,0.0,0.0042449969678592,4.43,0.0599999999999996,-0.2343340541445144,351.82979999999986,1827.5818,HSCIFN.HI,恒生综合行业指数-金融业,0.0064618842479864,0.085999968907245,0.0687860505204533,0.0131152558456884,hsics,-0.1128182060398247,0.1396396396396396,HSCIFN.HI,0.0064618842479864,0.085999968907245,0.0687860505204533,0.0131152558456884,20781838658.0,2.0,0.0380179806051898,0.0,10.0,18.0,-0.0374281054235504,-0.0860017562809669,-0.0243410017111026,0.6153846153846154,-0.1250553934211787,10,2026-05-12 09:18:00,8.08,990.0,990.0,1.13,chiefgroup,-0.1186666666666666,-0.2786666666666667,-0.3466666666666666,-0.3413333333333333,True,-0.2632375189107413
02625,2625.HK,江蘇宏信,2025-03-31,2025-03-30,2025-03-30,消费/零售,必需性消费,hsics,-0.011106927392979,0.0211530984267687,0.1656016506876951,-0.0235993301931426,-0.0110754971048555,0.2234968887815651,0.0164861611923489,24.152,212752245.8678,4.33,0.0,-0.0328188917813313,4.27,0.0499999999999998,-0.0814435751288444,1573.6824,1618.5426000000002,HSCICS.HI,恒生综合行业指数-必需性消费,-0.0007865001674891,0.083147984918017,0.09073620666593,0.0619948864912482,hsics,-0.065669292496895,0.0755441741357234,HSCICS.HI,-0.0007865001674891,0.083147984918017,0.09073620666593,0.0619948864912482,4077930450.0,18.0,0.0241362313372399,0.4444444444444444,5.0,14.0,0.0589108813473159,0.0431865454082443,0.1894118873886967,0.3333333333333333,-0.2086368067559967,7,2026-03-20 21:46:00,2.5,46.96,46.96,0.93,chiefgroup,-0.2732558139534884,-0.3779069767441861,-0.0494186046511627,-0.1918604651162791,True,-0.1519999999999999
02627,2627.HK,中慧生物－Ｂ,2025-08-11,2025-08-10,2025-08-10,生物科技/医药,医疗保健业,hsics,0.0143223731537007,0.0297954768871193,0.0599347806436318,0.0116537427586198,0.0403583191337619,0.0306653230196556,0.0095982792830056,20.708,210348418.78175,4.33,0.0,0.0040870542556452,4.27,-0.1100000000000003,0.0741142607435254,1345.7881,850.8290000000001,HSCIH.HI,恒生综合行业指数-医疗保健业,0.0011689377022285,0.1513555157441077,0.439392102840632,0.1215600388569884,hsics,0.346374573819953,0.088235294117647,HSCIH.HI,0.0011689377022285,0.1513555157441077,0.439392102840632,0.1215600388569884,25840614009.0,21.0,-0.0233664570738361,0.5238095238095238,1.0,32.0,0.0120829340387424,0.0580972875942738,0.1175704668741164,0.4285714285714285,-0.1343672987725943,10,2026-02-16 09:59:07,12.9,4007.64,4007.64,0.99,chiefgroup,0.0084848484848485,0.6212121212121212,0.4606060606060607,0.2121212121212121,False,-0.1402298850574712
02629,2629.HK,MIRXES-B,2025-05-23,2025-05-22,2025-05-22,生物科技/医药,医疗保健业,hsics,0.0038864698829497,0.1004513174487291,0.0028277632771558,-0.008699742044297,0.0719585490065422,-0.0451398393273484,0.0128393342102193,23.784,155628786.8144,4.33,0.0,0.0161667513980681,4.54,0.2099999999999999,-0.280507535598042,195.45569999999992,2077.6236999999996,HSCIH.HI,恒生综合行业指数-医疗保健业,0.068801754196301,0.1240668684910488,0.0758164647121928,0.0236155510423197,hsics,-0.1780775223225503,0.10727969348659,HSCIH.HI,0.068801754196301,0.1240668684910488,0.0758164647121928,0.0236155510423197,13593241812.0,15.0,0.003282869546904,0.4,5.0,13.0,-0.0035173995610258,-0.0852737575141497,-0.0064258229689213,0.6,-0.1606934594023938,10,2026-03-30 14:19:04,23.3,25.51,25.51,0.98,chiefgroup,0.0344827586206896,0.0068965517241379,0.1948275862068965,0.5855172413793103,False,-0.0483333333333333
02630,2630.HK,旺山旺水－Ｂ,2025-11-06,2025-11-05,2025-11-05,生物科技/医药,医疗保健业,hsics,-0.015589760017976,-0.0342629235808153,0.0414769101773997,-0.0504788498826166,-0.1167045375286418,0.0596213214160485,0.0126866271523327,21.43,220257773.89204997,3.87,-0.2199999999999997,0.0239214884481702,4.17,0.1799999999999997,-0.0576266092992234,1336.5951000000002,1610.9492,HSCIH.HI,恒生综合行业指数-医疗保健业,-0.0083796111885208,-0.1190668138123233,-0.0662555386258954,-0.0848038902315079,hsics,-0.2206176171342116,0.021505376344086,HSCIH.HI,-0.0083796111885208,-0.1190668138123233,-0.0662555386258954,-0.0848038902315079,-2217254561.0,25.0,-0.0315291759929836,0.52,11.0,25.0,0.0059397226917699,0.1073664262388664,0.0427280778920825,0.4736842105263157,-0.2024609157653763,8,2026-01-31 07:35:31,33.37,6238.42,6238.42,16.87,chiefgroup,-0.1368421052631579,-0.4205263157894737,-0.1989473684210526,0.031578947368421,True,-0.3554878048780487
02631,2631.HK,天岳先進,2025-08-20,2025-08-19,2025-08-19,TMT/互联网,资讯科技业,hsics,0.0061362420343393,-0.0002837242932061,0.0790543729944555,0.0189127782550899,-0.0115573843108154,0.0745261693702783,0.0104466381242095,20.346,213320662.73725003,4.33,0.0,0.0094494658997534,4.3,-0.08,0.0386100899538965,1614.3484999999996,919.5859,HSCIIT.HI,恒生综合行业指数-信息科技业,0.0378105785648308,0.0553104284976462,0.1331753415691103,0.0555941527908523,hsics,0.288434509249027,0.1626016260162601,HSCIIT.HI,0.0378105785648308,0.0553104284976462,0.1331753415691103,0.0555941527908523,38459574189.0,13.0,-0.0502251941952404,0.6153846153846154,3.0,32.0,0.0038196372206361,0.0746681638698325,0.1180215797205179,0.4090909090909091,-0.1455615780172508,10,2026-07-09 15:07:46,42.8,2809.19,2809.19,9.04,chiefgroup,-0.0013157894736842,-0.0394736842105264,0.2839912280701753,0.1842105263157894,True,-0.077294685990338
02635,2635.HK,諾比侃,2025-12-23,2025-12-22,2025-12-22,TMT/互联网,资讯科技业,hsics,0.0067459054004701,0.0033157700309141,-0.0280025315406609,0.0051669680405201,-0.0033774731131485,-0.1259372041773041,0.0090940816002275,17.636,150713325.85055,3.64,-0.2399999999999997,-0.0193612774451097,4.17,0.08,-0.1996218224736855,385.7493,1381.1678000000002,HSCIIT.HI,恒生综合行业指数-信息科技业,0.0069444883221736,-0.0022941601643645,-0.1127087846455976,-0.0056099301952786,hsics,-0.2088342377966359,0.0386100386100386,HSCIIT.HI,0.0069444883221736,-0.0022941601643645,-0.1127087846455976,-0.0056099301952786,14267438466.0,21.0,0.0446808338306103,0.4761904761904761,19.0,40.0,-0.0320890134043128,-0.0371295603969686,-0.0336426023235637,0.59375,-0.2189273894782474,10,2026-05-11 10:11:50,80.0,188.74,188.74,2.08,chiefgroup,0.1601000625390869,0.0800500312695433,0.2032520325203252,-0.8262976860537836,False,-0.2362270450751251
02637,2637.HK,海西新藥,2025-10-20,2025-10-19,2025-10-19,生物科技/医药,医疗保健业,hsics,-0.0396807646312407,-0.0321708849695933,0.0305380434671689,-0.0797747705579295,-0.0905965560450491,0.002547913656723,0.0131838261256982,26.660000000000004,237860924.6831,4.11,0.0300000000000002,0.01056085307085,4.02,-0.1300000000000007,-0.0684411458159327,1496.9965000000004,1625.0402000000004,HSCIH.HI,恒生综合行业指数-医疗保健业,-0.058524027914236,-0.0855558017433838,0.0226970998934308,-0.0533849167737905,hsics,-0.3651895496138105,0.0287769784172661,HSCIH.HI,-0.058524027914236,-0.0855558017433838,0.0226970998934308,-0.0533849167737905,562413359.0,25.0,-0.0336942466724182,0.56,6.0,17.0,-0.0002053167226695,0.1582367925150533,0.109924325481977,0.5384615384615384,-0.1634427097311685,10,2026-06-22 12:01:00,86.4,3165.1,3165.1,6.3,chiefgroup,0.0215686274509804,0.1068627450980392,0.2823529411764707,0.5833333333333334,False,-0.0846047156726768
02643,2643.HK,曹操出行,2025-06-25,2025-06-24,2025-06-24,消费/零售,非必需性消费,hsics,0.0082054853358799,0.0384300024954546,0.0356755946325111,0.0011545791896108,0.0222590703071996,-0.0397932511715652,0.0110904383442793,21.692,179253010.4949,4.33,0.0,-0.010204081632653,4.3,-0.0700000000000002,0.166268804651271,867.1572000000001,136.4620999999999,HSCICD.HI,恒生综合行业指数-非必需性消费,-0.0132296809888993,-0.0046062113205413,-0.0573689879642205,-0.043036213815996,hsics,0.0939585016870405,0.0926395939086294,HSCICD.HI,-0.0132296809888993,-0.0046062113205413,-0.0573689879642205,-0.043036213815996,51525090164.0,22.0,-0.0275769736640424,0.5909090909090909,11.0,22.0,-0.0373242199455181,-0.0745573368438748,-0.0550752856825554,0.6111111111111112,-0.153814228299931,10,2026-06-22 22:42:00,41.94,21.14,21.14,2.78,chiefgroup,0.0650887573964498,0.0399408284023669,0.2174556213017752,0.6183431952662725,False,-0.0672043010752687
02648,2648.HK,安井食品,2025-07-04,2025-07-03,2025-07-03,消费/零售,必需性消费,hsics,-0.0105017800323942,0.0068168404444393,0.0533978181875471,-0.0233830177033,0.0028146931691594,-0.0355168364767711,0.0106083046293458,20.414,192560652.86755,4.33,0.0,-0.0164067247316183,4.35,-0.0600000000000005,0.1984685583803724,748.1918000000001,395.62809999999985,HSCICS.HI,恒生综合行业指数-必需性消费,0.0130390173756103,-0.0096798019476533,0.0088550859004876,-0.0164966423920926,hsics,0.0419380065341359,0.1651954602774274,HSCICS.HI,0.0130390173756103,-0.0096798019476533,0.0088550859004876,-0.0164966423920926,-317072175.0,25.0,-0.0200098435887711,0.56,16.0,29.0,-0.0202146861510957,-0.0288052504429363,0.0222141412262328,0.5555555555555556,-0.1562488931286788,9,2026-02-26 14:03:14,60.0,44.2,44.2,5.85,chiefgroup,-0.05,0.0008333333333332,0.0091666666666666,-0.01,True,-0.0407993338884262
02651,2651.HK,大眾口腔,2025-07-09,2025-07-08,2025-07-08,生物科技/医药,医疗保健业,hsics,0.0031484346310362,-0.0006125100205397,0.1916445960396733,0.0043619019286234,-0.0197451203786518,0.1658290991334985,0.0102893891830162,20.228,191409662.23825,4.33,0.0,-0.0157496214033316,4.42,0.04,0.1688949886859234,857.3199999999999,539.9294,HSCIH.HI,恒生综合行业指数-医疗保健业,0.019600620307334,-0.0079531536506454,0.382717465580233,-0.0073406436301056,hsics,0.2965622803264318,0.1152416356877323,HSCIH.HI,0.019600620307334,-0.0079531536506454,0.382717465580233,-0.0073406436301056,12533866425.0,20.0,-0.0156021230356168,0.5,18.0,31.0,-0.0181980349717789,-0.0110729182811597,0.0329058720807389,0.5384615384615384,-0.146312966588151,5,2026-03-11 10:18:34,20.0,108.25,108.25,0.96,chiefgroup,-0.1375,-0.2541666666666667,-0.3958333333333333,-0.44625,True,-0.3004830917874396
02655,2655.HK,果下科技,2025-12-16,2025-12-15,2025-12-15,工业/制造,工业,hsics,-0.0052970344679833,-0.0286306846349416,-0.0287735105441228,-0.0289851560705299,-0.0448958403488523,-0.1319527330273042,0.0112427241791373,17.866,163181446.85585,3.64,-0.2399999999999997,-0.0125590274289159,4.18,0.1699999999999999,-0.1217897196291257,615.5506000000001,1166.6889,HSCIIN.HI,恒生综合行业指数-工业,-0.0177660917794862,-0.0298152826018314,-0.0069407410998528,-0.0011845979668897,hsics,-0.1116020668368005,0.0877944325481798,HSCIIN.HI,-0.0177660917794862,-0.0298152826018314,-0.0069407410998528,-0.0011845979668897,6273512062.0,20.0,-0.0072447748029254,0.55,12.0,35.0,-0.0052695489695103,0.007869287934474,-0.0318784856671379,0.5185185185185185,-0.2225430383895464,10,2026-04-21 17:09:17,20.1,1890.73,1890.73,3.63,chiefgroup,0.1526315789473683,0.0989473684210525,0.5776315789473685,0.2221052631578946,False,-0.1757990867579908
02656,2656.HK,健康１６０,2025-09-17,2025-09-16,2025-09-16,生物科技/医药,医疗保健业,hsics,0.0192912904669688,0.0523669640049515,0.0935365617090904,0.0427056139367527,0.0966487713520574,0.1717078682117077,0.0103534817788702,21.302,251373290.03075,4.33,0.0,-0.0166870166870166,4.04,-0.2000000000000001,0.1783822851721115,1252.8252000000002,1614.3484999999996,HSCIH.HI,恒生综合行业指数-医疗保健业,-0.0299369677191791,0.0201125361983887,0.2889600051518544,-0.0322544278065628,hsics,0.0812389483001383,0.072992700729927,HSCIH.HI,-0.0299369677191791,0.0201125361983887,0.2889600051518544,-0.0322544278065628,28516354464.0,22.0,-0.0287820208119047,0.5,6.0,29.0,-0.0228911327916491,0.0468762982967662,-0.030515663763033,0.5555555555555556,-0.1756335328521198,10,2026-03-28 11:26:00,11.89,751.77,751.77,1.92,chiefgroup,-0.0587058038692462,-0.0493662441627752,0.2948632421614409,0.6744496330887259,True,-0.0774410774410774
02657,2657.HK,林清軒,2025-12-30,2025-12-29,2025-12-29,生物科技/医药,医疗保健业,hsics,-0.0064545959443867,-0.0152892876266744,-0.0188673540465856,0.0119446780298235,-0.0205500207937593,-0.133018180811954,0.0089131422405786,17.144,144814990.35070002,3.64,-0.25,-0.0141836837340307,4.12,-0.0599999999999996,-0.193723428214437,260.54660000000007,1278.8648,HSCIH.HI,恒生综合行业指数-医疗保健业,-0.0257629821946357,-0.0821565587736858,-0.1389968846768329,-0.0668672711470114,hsics,-0.2211372397719858,0.0280701754385964,HSCIH.HI,-0.0257629821946357,-0.0821565587736858,-0.1389968846768329,-0.0668672711470114,7575898254.0,27.0,-0.065564250184155,0.5925925925925926,19.0,40.0,-0.0474080944579359,-0.0528069300368442,-0.0048070800984447,0.6129032258064516,-0.2032682555846508,10,2026-07-09 21:56:00,77.77,1235.81,1235.81,19.79,chiefgroup,0.0,-0.0235294117647058,-0.0058823529411764,-0.2588235294117647,False,-0.131011608623549
02658,2658.HK,天域半導體,2025-12-05,2025-12-04,2025-12-04,TMT/互联网,资讯科技业,hsics,-0.000386573154248,-0.0207657659358375,0.0233776564577092,0.0031047187127475,-0.0553125604084702,-0.0240399426461003,0.0112239350086191,18.171999999999997,166620711.30944997,3.89,0.02,-0.0064192577733199,4.11,-0.0299999999999993,-0.2530199104639874,1007.4682,1236.5847,HSCIIT.HI,恒生综合行业指数-信息科技业,0.0084571281427245,-0.0509108241596807,-0.0327093355948652,-0.0301450582238431,hsics,-0.3081594449737461,0.0509803921568627,HSCIIT.HI,0.0084571281427245,-0.0509108241596807,-0.0327093355948652,-0.0301450582238431,27684145189.0,19.0,0.0020839191056453,0.5263157894736842,13.0,31.0,-0.0489554668932777,-0.0122778435911887,-0.0709835393932366,0.6521739130434783,-0.2460484795153462,9,2026-02-06 17:47:21,58.0,60.63,60.63,2.47,chiefgroup,0.0657894736842105,0.1952631578947369,0.2368421052631579,0.2300000000000001,False,-0.1631477927063339
02659,2659.HK,寶濟藥業－Ｂ,2025-12-10,2025-12-09,2025-12-09,生物科技/医药,医疗保健业,hsics,-0.0253235766936641,-0.0472790161673423,-0.0077896817145726,-0.0123327464788105,-0.0624047288013345,-0.0567333821605074,0.0110531159874959,18.098,166754268.83975,3.89,0.02,-0.0024125452352232,4.18,0.0499999999999998,-0.165195995207115,855.1495,1198.5290000000002,HSCIH.HI,恒生综合行业指数-医疗保健业,-0.0263232934613278,-0.0213686794182672,-0.1570860196610604,0.025910336749075,hsics,-0.2426200856954933,0.0391459074733096,HSCIH.HI,-0.0263232934613278,-0.0213686794182672,-0.1570860196610604,0.025910336749075,16792976163.0,25.0,-0.03780286020351,0.56,11.0,34.0,-0.0202450970675278,0.0323826785365686,-0.0099961044113877,0.5925925925925926,-0.2272554958260571,10,2026-07-10 10:51:09,26.38,3526.34,3526.34,6.59,chiefgroup,0.0413223140495867,0.1933884297520661,0.3157024793388429,0.88099173553719,False,-0.1346989447548106
02661,2661.HK,輕鬆健康,2025-12-23,2025-12-22,2025-12-22,消费/零售,非必需性消费,hsics,0.0067459054004701,0.0033157700309141,-0.0280025315406609,0.0051669680405201,-0.0033774731131485,-0.1259372041773041,0.0090940816002275,17.636,150713325.85055,3.64,-0.2399999999999997,-0.0193612774451097,4.17,0.08,-0.1996218224736855,385.7493,1381.1678000000002,HSCICD.HI,恒生综合行业指数-非必需性消费,-0.0002255891027193,-0.0177215272390661,-0.0933664259927797,-0.0210372972699802,hsics,-0.1879149966085868,0.069221260815822,HSCICD.HI,-0.0002255891027193,-0.0177215272390661,-0.0933664259927797,-0.0210372972699802,50389648801.0,32.0,-0.0412399678676765,0.59375,19.0,40.0,-0.0320890134043128,-0.0371295603969686,-0.0336426023235637,0.59375,-0.2189273894782474,10,2026-06-22 23:04:00,22.68,1421.47,1421.47,2.9,chiefgroup,0.174,0.4940000000000001,1.016,2.128,False,-0.0643712574850299
02670,2670.HK,雲迹,2025-10-16,2025-10-15,2025-10-15,TMT/互联网,资讯科技业,hsics,-0.0351867546236236,-0.0010613718105354,0.0536996159433138,-0.0673790485145111,0.0052386174378238,0.0876859761883448,0.0122625482470115,24.534,241113174.92755,4.1,-0.2300000000000004,0.0092052776925437,4.05,-0.1299999999999999,-0.0377407770304145,1541.3015000000005,1287.0546,HSCIIT.HI,恒生综合行业指数-信息科技业,-0.0580697305423111,0.0031215039050522,0.1415880908529148,0.0041828757155877,hsics,0.078771165229097,0.0362903225806451,HSCIIT.HI,-0.0580697305423111,0.0031215039050522,0.1415880908529148,0.0041828757155877,10515752689.0,14.0,-0.0322718745509384,0.5714285714285714,8.0,16.0,0.0117059660090465,0.1655968215469089,0.1470682316274311,0.5384615384615384,-0.1530105206738416,10,2026-06-09 09:13:00,95.6,5657.2,5657.2,18.62,chiefgroup,-0.1561624649859944,-0.1351540616246499,-0.1988795518207283,-0.1841736694677872,True,-0.2129131437355879
02671,2671.HK,美聯股份,2025-12-30,2025-12-29,2025-12-29,地产/建筑,地产建筑业,hsics,-0.0064545959443867,-0.0152892876266744,-0.0188673540465856,0.0119446780298235,-0.0205500207937593,-0.133018180811954,0.0089131422405786,17.144,144814990.35070002,3.64,-0.25,-0.0141836837340307,4.12,-0.0599999999999996,-0.193723428214437,260.54660000000007,1278.8648,HSCIPC.HI,恒生综合行业指数-地产建筑业,-0.0050269695079441,-0.0518052277296965,-0.0349948990486133,-0.036515940103022,hsics,-0.1931491254210547,0.0873983739837398,HSCIPC.HI,-0.0050269695079441,-0.0518052277296965,-0.0349948990486133,-0.036515940103022,4669283568.0,0.0,,,19.0,40.0,-0.0474080944579359,-0.0528069300368442,-0.0048070800984447,0.6129032258064516,-0.2032682555846508,4,2026-03-26 23:23:00,7.1,146.25,146.25,1.48,chiefgroup,-0.069427527405603,-0.0986601705237515,-0.3909866017052376,-0.5042630937880633,True,-0.445358401880141
02675,2675.HK,精鋒醫療－Ｂ,2026-01-08,2026-01-07,2026-01-07,生物科技/医药,医疗保健业,hsics,0.0321323428734596,0.0269194763822433,0.0219961930482961,0.0287072848111591,0.0134323351577394,-0.1132408184577739,0.0109817028301545,20.516,153552855.76365,3.64,-0.25,-0.003632694248234,4.15,0.0300000000000002,-0.079436407767266,437.0305000000001,1007.4682,HSCIH.HI,恒生综合行业指数-医疗保健业,0.0920205193102978,0.0292390049035384,-0.0392900270970782,0.0023195285212951,hsics,-0.0477726529580637,0.0524475524475524,HSCIH.HI,0.0920205193102978,0.0292390049035384,-0.0392900270970782,0.0023195285212951,9935005648.0,27.0,-0.0723844237702473,0.5925925925925926,20.0,47.0,-0.0446276598280637,0.011668061760344,0.140158741942235,0.6129032258064516,-0.1786508051451336,10,2026-06-15 08:02:00,43.24,1091.94,1091.94,25.18,chiefgroup,-0.0406779661016948,0.1398305084745762,-0.0033898305084746,-0.0677966101694915,True,-0.160676532769556
02676,2676.HK,納芯微,2025-12-08,2025-12-07,2025-12-07,TMT/互联网,资讯科技业,hsics,0.008747088525455,-0.0059732876861102,0.0409669210180494,0.0113143163081284,-0.0299621582692692,-0.0285276515059241,0.0111452534911826,18.048,166803094.38614997,3.89,0.02,-0.0057257659467603,4.14,0.0099999999999997,-0.2246769322715648,945.6452,1281.381,HSCIIT.HI,恒生综合行业指数-信息科技业,0.0098521438852194,-0.0305328085967664,-0.0117029521281332,-0.0245595209106561,hsics,-0.2716028910258222,0.046875,HSCIIT.HI,0.0098521438852194,-0.0305328085967664,-0.0117029521281332,-0.0245595209106561,28918628497.0,19.0,0.0247073282226653,0.4736842105263157,9.0,33.0,-0.0414679499153291,-0.0029520583796423,-0.0591164900578352,0.6,-0.2391500070339835,10,2026-04-28 06:48:00,116.0,25.33,25.33,2.65,chiefgroup,-0.043103448275862,-0.025,0.2474137931034482,0.182758620689655,True,-0.0475367329299913
02685,2685.HK,量化派,2025-11-27,2025-11-26,2025-11-26,消费/零售,非必需性消费,hsics,0.0037718756593427,-0.0158679791422955,0.015794760571238,0.0020439030844832,-0.077965826311238,-0.0098602648442513,0.0124545748048626,21.262,185092251.30015,3.88,-0.2400000000000002,0.0044377206253152,4.0,-0.1100000000000003,-0.1308192584509011,1401.9955000000002,1151.9035000000006,HSCICD.HI,恒生综合行业指数-非必需性消费,0.0048829578622415,-0.064480173039672,0.0246610507838147,-0.0486121938973764,hsics,-0.103026507045368,0.0634328358208955,HSCICD.HI,0.0048829578622415,-0.064480173039672,0.0246610507838147,-0.0486121938973764,49779194696.0,30.0,-0.0165885803022398,0.5333333333333333,14.0,28.0,0.004847282166235,0.0657407511512115,0.039972034839551,0.5238095238095238,-0.2235822751971918,10,2026-06-10 16:33:00,9.8,9366.28,9366.28,15.07,chiefgroup,-0.2884615384615384,0.0923076923076922,0.0430769230769231,0.2538461538461539,True,-0.1403508771929824
02687,2687.HK,卓越睿新,2025-12-08,2025-12-07,2025-12-07,TMT/互联网,资讯科技业,hsics,0.008747088525455,-0.0059732876861102,0.0409669210180494,0.0113143163081284,-0.0299621582692692,-0.0285276515059241,0.0111452534911826,18.048,166803094.38614997,3.89,0.02,-0.0057257659467603,4.14,0.0099999999999997,-0.2246769322715648,945.6452,1281.381,HSCIIT.HI,恒生综合行业指数-信息科技业,0.0098521438852194,-0.0305328085967664,-0.0117029521281332,-0.0245595209106561,hsics,-0.2716028910258222,0.046875,HSCIIT.HI,0.0098521438852194,-0.0305328085967664,-0.0117029521281332,-0.0245595209106561,28918628497.0,19.0,0.0247073282226653,0.4736842105263157,9.0,33.0,-0.0414679499153291,-0.0029520583796423,-0.0591164900578352,0.6,-0.2391500070339835,10,2026-04-30 09:12:26,67.5,4813.4,4813.4,2.33,chiefgroup,0.5119617224880384,0.9377990430622012,0.9114832535885172,0.7117224880382775,False,-0.1215059897318882
02691,2691.HK,南華期貨股份,2025-12-22,2025-12-21,2025-12-21,金融,金融业,hsics,-0.0110198373240112,0.0186562104233065,-0.0321840206292369,-0.0282029736094155,0.0154851193197322,-0.1115636970138409,0.0100578558290829,17.676000000000002,156190667.13725,3.64,-0.2399999999999997,-0.0143784323514729,4.16,0.0700000000000002,-0.1538308076506321,440.20920000000007,1329.5967000000005,HSCIFN.HI,恒生综合行业指数-金融业,0.0113903566777586,0.0430351880126407,0.0631446728335267,0.0243789775893341,hsics,-0.0657806777585889,0.0884955752212389,HSCIFN.HI,0.0113903566777586,0.0430351880126407,0.0631446728335267,0.0243789775893341,30905580158.0,4.0,-0.0262239887738709,0.5,15.0,37.0,-0.0085617735318333,9.3858533578097e-05,0.0050980615784522,0.5357142857142857,-0.2137349642337149,10,2026-05-14 17:55:00,12.0,1.91,1.91,0.99,chiefgroup,-0.0032858707557503,0.085432639649507,0.1642935377875136,0.2639649507119385,True,-0.1375101708706264
02693,2693.HK,金岩高嶺新材,2025-12-03,2025-12-02,2025-12-02,工业/制造,原材料业,hsics,0.0077429420476509,0.0054966014703841,0.0186447347156739,0.002140090207896,-0.0333860977477156,0.008098461179127,0.0118129224223186,18.52,171425162.93355,3.89,0.0300000000000002,-0.0088813491667498,4.09,0.0099999999999997,-0.2063397508359112,1128.3991,1216.3234000000002,HSCIMT.HI,恒生综合行业指数-原材料业,0.0655424685160155,0.1156033780212422,0.2449091332073265,0.1101067765508581,hsics,-0.1923593351094396,0.0838709677419354,HSCIMT.HI,0.0655424685160155,0.1156033780212422,0.2449091332073265,0.1101067765508581,11829971105.0,19.0,-0.0023026351794231,0.5789473684210527,12.0,29.0,-0.0360110096001284,0.0002971398712774,-0.028559790584651,0.6190476190476191,-0.22251602917157,5,2026-03-07 21:13:49,7.3,6876.17,6876.17,2.01,chiefgroup,-0.1978494623655914,-0.3053763440860215,-0.5311827956989247,-0.5107526881720431,True,-0.3981233243967828
02695,2695.HK,印象大紅袍,2025-12-22,2025-12-21,2025-12-21,消费/零售,非必需性消费,hsics,-0.0110198373240112,0.0186562104233065,-0.0321840206292369,-0.0282029736094155,0.0154851193197322,-0.1115636970138409,0.0100578558290829,17.676000000000002,156190667.13725,3.64,-0.2399999999999997,-0.0143784323514729,4.16,0.0700000000000002,-0.1538308076506321,440.20920000000007,1329.5967000000005,HSCICD.HI,恒生综合行业指数-非必需性消费,-0.0297667456169624,0.0083714978448277,-0.0920458576786749,-0.0102847125784788,hsics,-0.1293816214767066,0.0705445544554455,HSCICD.HI,-0.0297667456169624,0.0083714978448277,-0.0920458576786749,-0.0102847125784788,53520732937.0,31.0,-0.033367835424065,0.5806451612903226,15.0,37.0,-0.0085617735318333,9.3858533578097e-05,0.0050980615784522,0.5357142857142857,-0.2137349642337149,9,2026-02-06 21:11:08,3.6,3397.48,3397.48,1.91,chiefgroup,-0.2852760736196318,-0.3496932515337422,-0.2852760736196318,-0.4355828220858895,True,-0.1416309012875536
02698,2698.HK,樂舒適,2025-11-10,2025-11-09,2025-11-09,消费/零售,必需性消费,hsics,0.0129379908247495,-0.0018444050890212,0.0462569617684336,-0.0119700848740019,-0.0979673445800677,0.0732097765622696,0.013249964291898,21.328000000000003,215140115.55835,3.87,-0.2299999999999995,0.0073871685893545,4.11,0.1100000000000003,-0.0709499699219835,1281.381,1648.2904,HSCICS.HI,恒生综合行业指数-必需性消费,0.0215478016692234,-0.0125126923966261,-0.0119899765003502,-0.0106682873076048,hsics,-0.1628978111487719,0.0709838107098381,HSCICS.HI,0.0215478016692234,-0.0125126923966261,-0.0119899765003502,-0.0106682873076048,243204966.0,29.0,-0.0152087460511134,0.5172413793103449,16.0,29.0,0.003098269125718,0.0536221186394321,0.0230229854705393,0.4782608695652174,-0.2200658772536304,10,2026-05-26 15:40:00,26.2,1813.77,1813.77,34.33,chiefgroup,-0.0566037735849055,-0.118353344768439,-0.1452258433390508,-0.1023441966838192,True,-0.1383422778771615
02718,2718.HK,明略科技－Ｗ,2025-11-03,2025-11-02,2025-11-02,TMT/互联网,资讯科技业,hsics,-0.0096903114087648,-0.021825070191522,0.0457475841963919,-0.0072873196519397,-0.0862371461230651,0.0700969689964905,0.0136731298473787,23.072000000000003,211307533.9319,3.86,-0.2299999999999999,0.0128986390412351,4.11,0.0600000000000005,-0.1563522010240566,1279.1486000000004,1447.0945000000002,HSCIIT.HI,恒生综合行业指数-信息科技业,-0.0288832232333428,-0.0910755997182157,0.0824828760469544,-0.0692505295266937,hsics,-0.1107078580337446,0.0357142857142857,HSCIIT.HI,-0.0288832232333428,-0.0910755997182157,0.0824828760469544,-0.0692505295266937,-24465621716.0,16.0,0.0005012756961899,0.5625,9.0,23.0,0.0032251125496865,0.1383817695634851,0.070220374660736,0.5294117647058824,-0.1926744281228801,10,2026-07-02 13:00:51,141.0,4452.86,4452.86,13.93,chiefgroup,0.0378571428571429,-0.2085714285714286,-0.2857142857142857,-0.0828571428571428,False,-0.4039917412250516
02788,2788.HK,創新實業,2025-11-24,2025-11-23,2025-11-23,工业/制造,原材料业,hsics,-0.050896303917665,-0.0359374850679373,0.0045971636285129,-0.071791493538464,-0.0934158820651813,-0.0668858408880047,0.0116499354553117,21.976,184585622.53205,3.88,-0.2300000000000004,0.01222963412169,4.06,-0.0700000000000002,-0.1683550723055108,1329.5967000000005,1355.0791000000002,HSCIMT.HI,恒生综合行业指数-原材料业,-0.0865343602906467,-0.0208602993918285,0.3016658967938173,0.0150771856761088,hsics,-0.122283696331768,0.0583153347732181,HSCIMT.HI,-0.0865343602906467,-0.0208602993918285,0.3016658967938173,0.0150771856761088,6806122174.0,18.0,0.0100870386513063,0.5,13.0,29.0,0.0035205277802701,0.054717359338346,0.0211927950734691,0.5238095238095238,-0.2217102181283833,10,2026-03-30 09:40:50,10.99,447.2,447.2,19.85,chiefgroup,-0.0401315789473683,0.1526315789473684,0.3328947368421054,0.5947368421052631,True,-0.1057338243029984
02865,2865.HK,鈞達股份,2025-05-08,2025-05-07,2025-05-07,工业/制造,工业,hsics,0.0323528689207004,-0.00691165484527,0.0861713931231757,0.0423136182312908,-0.0417216264260358,0.054732024878016,0.0331135680824339,27.01,199209533.93655,4.33,0.0,-0.0201078960274644,4.26,-0.08,-0.0435485337776516,1524.183,1716.0444,HSCIIN.HI,恒生综合行业指数-工业,0.0272230986383261,-0.012619712689545,-0.019884535020746,-0.005708057844275,hsics,0.0318177633515028,0.0643015521064301,HSCIIN.HI,0.0272230986383261,-0.012619712689545,-0.019884535020746,-0.005708057844275,6960347255.0,15.0,-0.0094826756985669,0.6666666666666666,3.0,10.0,0.0032852985227915,-0.0689742282514762,0.029600193173263,0.5,-0.1907346498324692,10,2026-07-14 17:28:00,22.15,3.5,3.5,1.08,chiefgroup,0.1981981981981983,0.0337837837837837,0.0855855855855856,0.0,False,-0.137218045112782
03288,3288.HK,海天味业,2025-06-19,2025-06-18,2025-06-18,消费/零售,必需性消费,hsics,-0.0269319824319343,0.0012334533145732,-0.0428098989388457,-0.0434381478045879,-0.0239592236774273,-0.1368571073267727,0.0096089689029766,22.49,174708893.64249998,4.33,0.0,-0.0112977404519095,4.38,-0.0499999999999998,0.1148380275187952,759.1463000000001,244.40669999999992,HSCICS.HI,恒生综合行业指数-必需性消费,-0.0221573740689174,-0.0216339081713755,-0.0377079544385311,-0.0228673614859488,hsics,0.0912259712488896,0.0609911054637865,HSCICS.HI,-0.0221573740689174,-0.0216339081713755,-0.0377079544385311,-0.0228673614859488,-442307293.0,21.0,-0.0276203216162984,0.5714285714285714,10.0,20.0,-0.0676758901300754,-0.1460731322737525,-0.1405687173629055,0.7142857142857143,-0.1708976644989762,10,2026-03-27 08:46:00,36.3,918.15,918.15,22.93,chiefgroup,-0.0266666666666666,-0.0653333333333334,-0.0479999999999999,-0.0741333333333333,True,-0.0465753424657534
03317,3317.HK,迅策,2025-12-30,2025-12-29,2025-12-29,TMT/互联网,资讯科技业,hsics,-0.0064545959443867,-0.0152892876266744,-0.0188673540465856,0.0119446780298235,-0.0205500207937593,-0.133018180811954,0.0089131422405786,17.144,144814990.35070002,3.64,-0.25,-0.0141836837340307,4.12,-0.0599999999999996,-0.193723428214437,260.54660000000007,1278.8648,HSCIIT.HI,恒生综合行业指数-信息科技业,-0.0220502795431247,-0.0337878698216513,-0.1245232299184621,-0.0184985821949769,hsics,-0.1700737950585393,0.0538461538461538,HSCIIT.HI,-0.0220502795431247,-0.0337878698216513,-0.1245232299184621,-0.0184985821949769,10074514493.0,20.0,0.0546982750248389,0.45,19.0,40.0,-0.0474080944579359,-0.0528069300368442,-0.0048070800984447,0.6129032258064516,-0.2032682555846508,10,2026-07-02 13:47:36,48.0,7.24,7.24,3.1,chiefgroup,0.0099958350687213,0.014993752603082,0.1995002082465639,3.2523948354852137,False,-0.1982570806100216
03378,3378.HK,翰思艾泰－Ｂ,2025-12-23,2025-12-22,2025-12-22,生物科技/医药,医疗保健业,hsics,0.0067459054004701,0.0033157700309141,-0.0280025315406609,0.0051669680405201,-0.0033774731131485,-0.1259372041773041,0.0090940816002275,17.636,150713325.85055,3.64,-0.2399999999999997,-0.0193612774451097,4.17,0.08,-0.1996218224736855,385.7493,1381.1678000000002,HSCIH.HI,恒生综合行业指数-医疗保健业,0.0145006423497509,-0.0493527715053575,-0.1406038895149038,-0.0526685415362716,hsics,-0.2153016588645755,0.0246478873239436,HSCIH.HI,0.0145006423497509,-0.0493527715053575,-0.1406038895149038,-0.0526685415362716,12969497759.0,26.0,-0.0525150178582594,0.5769230769230769,19.0,40.0,-0.0320890134043128,-0.0371295603969686,-0.0336426023235637,0.59375,-0.2189273894782474,10,2026-06-23 23:07:00,32.0,3074.09,3074.09,5.78,chiefgroup,-0.4048442906574394,-0.4096885813148789,-0.4083044982698961,-0.0214532871972317,True,-0.1633122484186313
03636,3636.HK,金潯資源,2026-01-09,2026-01-08,2026-01-08,工业/制造,原材料业,hsics,0.0113987452909734,0.0281148672477995,0.0278271396761571,0.0294344541837876,0.0027885017403492,-0.0928807316586126,0.0109060372714818,21.04,154871227.6475,3.64,-0.25,-0.0038291011688834,4.19,0.0300000000000002,-0.0691250835772528,374.6153000000001,945.6452,HSCIMT.HI,恒生综合行业指数-原材料业,0.057982553268074,0.1346835886393458,0.2057193153555998,0.1065687213915462,hsics,-0.0901802765772783,0.1002132196162046,HSCIMT.HI,0.057982553268074,0.1346835886393458,0.2057193153555998,0.1065687213915462,4049217480.0,23.0,-0.0144717282648873,0.5652173913043478,23.0,50.0,-0.0442325504160901,0.0422122206443998,0.147883996486221,0.6176470588235294,-0.1805790794579713,10,2026-05-12 09:52:53,30.0,143.46,143.46,12.78,chiefgroup,-0.0052631578947369,0.0363157894736842,0.0421052631578947,-0.3315789473684211,True,-0.189662027833002
03677,3677.HK,正力新能,2025-04-14,2025-04-13,2025-04-13,工业/制造,工业,hsics,-0.0846886691836825,-0.1085964287921442,0.0847958281811467,-0.0776979872753331,-0.1474206234855583,0.1607113050121518,0.0332569836476361,40.526,229132577.69315004,4.33,0.0,-0.0391949152542373,4.48,0.1400000000000005,-0.0961349707571279,2100.8934,2267.091,HSCIIN.HI,恒生综合行业指数-工业,-0.0667198723064644,-0.1139986172802092,-0.0215965780143697,-0.0054021884880649,hsics,0.3435255301356046,0.0445434298440979,HSCIIN.HI,-0.0667198723064644,-0.1139986172802092,-0.0215965780143697,-0.0054021884880649,12439213703.0,13.0,0.0005702620419084,0.6153846153846154,4.0,8.0,0.0250349123550678,-0.0152979507157867,0.1121754532801696,0.3333333333333333,-0.2143464841753515,10,2026-04-13 09:37:50,8.27,3.51,3.51,1.13,chiefgroup,-0.008274231678487,-0.0153664302600473,0.1016548463356973,0.2033096926713946,True,-0.0707865168539326
03696,3696.HK,英矽智能,2025-12-30,2025-12-29,2025-12-29,生物科技/医药,医疗保健业,hsics,-0.0064545959443867,-0.0152892876266744,-0.0188673540465856,0.0119446780298235,-0.0205500207937593,-0.133018180811954,0.0089131422405786,17.144,144814990.35070002,3.64,-0.25,-0.0141836837340307,4.12,-0.0599999999999996,-0.193723428214437,260.54660000000007,1278.8648,HSCIH.HI,恒生综合行业指数-医疗保健业,-0.0257629821946357,-0.0821565587736858,-0.1389968846768329,-0.0668672711470114,hsics,-0.2211372397719858,0.0280701754385964,HSCIH.HI,-0.0257629821946357,-0.0821565587736858,-0.1389968846768329,-0.0668672711470114,7575898254.0,27.0,-0.065564250184155,0.5925925925925926,19.0,40.0,-0.0474080944579359,-0.0528069300368442,-0.0048070800984447,0.6129032258064516,-0.2032682555846508,10,2026-07-02 09:27:00,24.05,1427.37,1427.37,26.27,chiefgroup,-0.1434285714285714,0.1571428571428571,0.7057142857142858,0.6771428571428573,True,-0.1018119068162209
03750,3750.HK,宁德时代,2025-05-20,2025-05-19,2025-05-19,工业/制造,工业,hsics,-0.0092036080657474,0.1080753270411998,0.0154899657524261,-0.0352997395926507,0.0548940008251566,-0.044405923744897,0.0123926347409645,24.526,155953114.588,4.33,0.0,0.0110808905006549,4.46,0.2699999999999996,-0.3068193003654439,253.11749999999992,2115.2304999999997,HSCIIN.HI,恒生综合行业指数-工业,-0.0149903945044923,0.0943890475933812,-0.0350356915414372,-0.0136862794478185,hsics,-0.2725528432525195,0.0707964601769911,HSCIIN.HI,-0.0149903945044923,0.0943890475933812,-0.0350356915414372,-0.0136862794478185,6438475508.0,16.0,0.0034973789199808,0.625,4.0,12.0,-0.0069633455069717,-0.106453440103716,-0.0408793899079534,0.6,-0.1901878143189238,10,2026-07-20 09:46:20,263.0,151.15,151.15,15.17,chiefgroup,0.0344594594594594,0.0439189189189189,0.0472972972972973,0.4277027027027028,False,-0.1120331950207467
03858,3858.HK,佳鑫國際資源,2025-08-28,2025-08-27,2025-08-27,工业/制造,原材料业,hsics,0.0014233523563991,0.0009862203215402,0.0654319792441286,0.0281992701016218,0.0376578157962281,0.0978977775240939,0.010767132509647,20.284,217390568.68265,4.33,0.0,-0.0178053416024807,4.24,0.0099999999999997,0.0208929910427235,1336.7716999999996,1174.8672,HSCIMT.HI,恒生综合行业指数-原材料业,0.0602233706991466,0.1618317792974541,0.4236055477367593,0.1608455589759139,hsics,-0.0385862020966656,0.1293859649122807,HSCIMT.HI,0.0602233706991466,0.1618317792974541,0.4236055477367593,0.1608455589759139,7000557539.0,17.0,-0.0004607229468516,0.5882352941176471,4.0,29.0,-0.0302619130715619,0.0411232165892294,0.0882345513205021,0.5625,-0.1385469780378338,10,2026-05-18 20:07:00,10.92,2041.62,2041.62,21.11,chiefgroup,0.3307017543859649,0.4061403508771929,0.2201754385964912,0.425438596491228,False,-0.1750443524541691
03880,3880.HK,泰德醫藥,2025-06-30,2025-06-29,2025-06-29,生物科技/医药,医疗保健业,hsics,0.0320295208597529,0.0301513826188692,0.0366058241486175,0.0405775089553661,0.0330726833255488,-0.0299720208057349,0.0110661620410299,21.15,184635144.65295,4.33,0.0,-0.021135265700483,4.29,-0.2000000000000001,0.148580483203742,846.7815,351.82979999999986,HSCIH.HI,恒生综合行业指数-医疗保健业,0.0274566977559402,0.0719392367252289,0.1546144508052627,0.0417878541063596,hsics,0.5505233426180853,0.0936329588014981,HSCIH.HI,0.0274566977559402,0.0719392367252289,0.1546144508052627,0.0417878541063596,20350704491.0,18.0,0.0010457950097376,0.5,12.0,25.0,-0.0243719836215544,-0.0604730655411099,-0.0335712074424361,0.5652173913043478,-0.1610617978955168,10,2026-02-26 08:20:14,30.6,301.15,301.15,2.43,chiefgroup,0.0165016501650165,0.0264026402640264,0.127062706270627,0.0099009900990099,False,-0.0933694181326116
03881,3881.HK,希迪智駕,2025-12-19,2025-12-18,2025-12-18,工业/制造,工业,hsics,-0.0012682864541286,-0.0130610627131508,-0.0524096759412212,-0.0210132644626109,-0.0280379013498864,-0.1341694109587538,0.0113429693384703,17.71,158295568.69814998,3.64,-0.2399999999999997,-0.0177609259628817,4.12,0.1000000000000005,-0.1375288799278349,407.5542,1381.9904,HSCIIN.HI,恒生综合行业指数-工业,-0.0079016609110345,-0.0120121841376938,-0.0365931556506604,0.0010488785754569,hsics,-0.2094331540618095,0.0663811563169164,HSCIIN.HI,-0.0079016609110345,-0.0120121841376938,-0.0365931556506604,0.0010488785754569,6834015313.0,21.0,0.0003683848994695,0.5238095238095238,13.0,35.0,0.0003980604928499,0.0056704548326568,-0.0047073594044139,0.5172413793103449,-0.2191903706692597,10,2026-04-09 08:48:00,263.0,22.55,22.55,2.1,chiefgroup,-0.1368821292775665,-0.1520912547528517,-0.0661596958174905,-0.9149809885931558,True,-0.0534804753820034
03887,3887.HK,HASHKEY,2025-12-17,2025-12-16,2025-12-16,金融,金融业,hsics,-0.0078170245374048,-0.0267882451350808,-0.0457961262258683,-0.0273949903628836,-0.0430803830260405,-0.1385233526371045,0.0111115845398457,17.887999999999998,161508139.57325,3.64,-0.2399999999999997,-0.013756401245105,4.15,0.1500000000000003,-0.1338971199900913,541.7102000000001,1268.051,HSCIFN.HI,恒生综合行业指数-金融业,0.014608668115311,-0.005803888584937,0.0212919001442808,0.0209843565501437,hsics,-0.1046179051517192,0.0488888888888888,HSCIFN.HI,0.014608668115311,-0.005803888584937,0.0212919001442808,0.0209843565501437,24044211327.0,3.0,-0.0334727810517284,0.3333333333333333,13.0,35.0,0.0005786409533369,0.0112425501747176,-0.0093040388295636,0.5,-0.220811780921711,10,2026-04-22 15:07:00,6.68,393.71,393.71,5.46,chiefgroup,-0.0044776119402985,-0.144776119402985,0.1194029850746268,-0.2776119402985075,True,-0.1754122938530734
03986,3986.HK,兆易創新,2026-01-13,2026-01-12,2026-01-12,TMT/互联网,资讯科技业,hsics,0.0099152700624429,0.0422228149770609,0.0278104070106777,0.0211734646781489,0.0505456083828348,-0.0101396143900673,0.0112607554147563,21.302000000000003,161653371.21785,3.64,0.0,0.0055928411633108,4.19,0.0100000000000006,-0.0202093732938515,495.1166000000001,855.1495,HSCIIT.HI,恒生综合行业指数-信息科技业,0.0076462962364325,0.0384221496852144,-0.0327680200302809,-0.0038006652918465,hsics,0.0409491875733341,0.0936329588014981,HSCIIT.HI,0.0076462962364325,0.0384221496852144,-0.0327680200302809,-0.0038006652918465,33341599896.0,26.0,0.0659547850266359,0.4230769230769231,25.0,54.0,-0.0206630045873075,0.0686464245488185,0.1638782827524019,0.5675675675675675,-0.1834692290264158,10,2026-07-28 09:26:13,162.0,542.22,542.22,18.52,chiefgroup,-0.0519148936170212,0.3021276595744681,0.2851063829787234,0.7344680851063831,True,-0.1812899477048227
06031,6031.HK,三一重工,2025-10-28,2025-10-27,2025-10-27,工业/制造,工业,hsics,0.0222310908884895,-0.0041966313933644,0.0411743969182716,0.0400983223484014,-0.0326232424425977,0.1316562423792759,0.0138566160300414,24.520000000000003,216331199.99049997,4.12,0.0300000000000002,0.0119815668202762,4.01,-0.1299999999999999,-0.1498151576570383,1256.6844000000003,1529.0481,HSCIIN.HI,恒生综合行业指数-工业,0.0273225362651154,0.0206709671230906,0.0599148342754687,0.0248675985164551,hsics,0.0628523789863575,0.1043478260869565,HSCIIN.HI,0.0273225362651154,0.0206709671230906,0.0599148342754687,0.0248675985164551,10938271565.0,20.0,0.0143637255869845,0.55,7.0,19.0,-0.0198792708763789,0.1253526502732345,0.08372788099092,0.5714285714285714,-0.1615144882419382,10,2026-05-11 09:54:30,21.3,52.93,52.93,13.96,chiefgroup,0.0281690140845069,0.0666666666666665,0.0169014084507042,0.1746478873239436,False,-0.1229641693811074
06082,6082.HK,壁仞科技,2026-01-02,2026-01-01,2026-01-01,TMT/互联网,资讯科技业,hsics,-0.0072965843278555,-0.0050538164097057,-0.0456151351898824,-0.0019631687319758,-0.022814042624882,-0.174607863167132,0.0088786868817738,17.654,144116763.63779998,3.64,-0.25,-0.0060685748963286,4.18,-0.0100000000000006,-0.1696032063409864,207.8361000000001,1185.7097,HSCIIT.HI,恒生综合行业指数-信息科技业,-0.0011084253605413,-0.0093779681870465,-0.1409946442082187,-0.0043241517773408,hsics,-0.1352613983149861,0.0610687022900763,HSCIIT.HI,-0.0011084253605413,-0.0093779681870465,-0.1409946442082187,-0.0043241517773408,19202277739.0,21.0,0.0588553016935952,0.4285714285714285,25.0,46.0,-0.041456266409124,-0.0225506069238222,0.095450659130433,0.5675675675675675,-0.1981844965586798,10,2026-06-08 08:21:11,19.6,2347.53,2347.53,25.95,chiefgroup,-0.034733893557423,-0.04593837535014,-0.0252100840336136,-0.1148459383753501,True,-0.1598822952427661
06090,6090.HK,不同集團,2025-09-23,2025-09-22,2025-09-22,消费/零售,非必需性消费,hsics,-0.0038727153928527,0.0199083155922725,0.0943766024655745,0.0354589897369717,0.0743027716118454,0.1715795113135785,0.0108464303860885,21.668,260595575.83909997,4.09,-0.2400000000000002,-0.0113786447221375,4.15,-0.1299999999999999,0.2134340776772838,1670.1701,1261.6781999999996,HSCICD.HI,恒生综合行业指数-非必需性消费,0.0287560591674578,0.0759825298981127,0.1846178744830067,0.0560742143058401,hsics,0.370908244248624,0.1017587939698492,HSCICD.HI,0.0287560591674578,0.0759825298981127,0.1846178744830067,0.0560742143058401,70691620983.0,26.0,-0.0312304405036567,0.5769230769230769,7.0,27.0,-0.0279916197432642,0.0218820235172672,-0.0283682235435076,0.6363636363636364,-0.1755729107275697,10,2026-06-26 08:59:00,71.2,3317.47,3317.47,7.37,chiefgroup,0.0209163346613545,0.0358565737051792,-0.0398406374501992,0.0428286852589641,False,-0.191673894189072
06166,6166.HK,劍橋科技,2025-10-28,2025-10-27,2025-10-27,TMT/互联网,资讯科技业,hsics,0.0222310908884895,-0.0041966313933644,0.0411743969182716,0.0400983223484014,-0.0326232424425977,0.1316562423792759,0.0138566160300414,24.520000000000003,216331199.99049997,4.12,0.0300000000000002,0.0119815668202762,4.01,-0.1299999999999999,-0.1498151576570383,1256.6844000000003,1529.0481,HSCIIT.HI,恒生综合行业指数-信息科技业,0.0365376481391837,-0.0213451298767032,0.1106695732343032,-0.0171484984833387,hsics,-0.06167503143463,0.04,HSCIIT.HI,0.0365376481391837,-0.0213451298767032,0.1106695732343032,-0.0171484984833387,-5697013838.0,14.0,-0.0110808241176072,0.5714285714285714,7.0,19.0,-0.0198792708763789,0.1253526502732345,0.08372788099092,0.5714285714285714,-0.1615144882419382,10,2026-07-23 09:38:33,68.88,338.7,338.7,16.5,chiefgroup,-0.0191489361702127,-0.1680851063829787,-0.1739361702127659,-0.1436170212765957,True,-0.1849240780911062
06168,6168.HK,周六福,2025-06-26,2025-06-25,2025-06-25,消费/零售,非必需性消费,hsics,0.0322209096403351,0.0467316939233999,0.0422150701008203,0.0277327359303856,0.035631440063772,-0.0384027422132068,0.0113222791505624,21.654,182945958.899,4.33,0.0,-0.0191747816484287,4.29,-0.1100000000000003,0.1857094043615335,843.1445,222.34339999999983,HSCICD.HI,恒生综合行业指数-非必需性消费,0.0184783771257441,0.0018306090457336,-0.0584805729408701,-0.0449010848776663,hsics,0.0836471274999113,0.1050632911392405,HSCICD.HI,0.0184783771257441,0.0018306090457336,-0.0584805729408701,-0.0449010848776663,50401195446.0,24.0,-0.0246108861244195,0.5833333333333334,12.0,23.0,-0.032790190269823,-0.0711422975884256,-0.0428459194454375,0.6,-0.1477454014760823,10,2026-06-16 21:46:00,24.0,711.11,711.11,13.55,chiefgroup,0.1235955056179775,0.3970037453183521,0.4494382022471912,0.7625468164794009,False,-0.304437564499484
06600,6600.HK,臥安機器人,2025-12-30,2025-12-29,2025-12-29,消费/零售,非必需性消费,hsics,-0.0064545959443867,-0.0152892876266744,-0.0188673540465856,0.0119446780298235,-0.0205500207937593,-0.133018180811954,0.0089131422405786,17.144,144814990.35070002,3.64,-0.25,-0.0141836837340307,4.12,-0.0599999999999996,-0.193723428214437,260.54660000000007,1278.8648,HSCICD.HI,恒生综合行业指数-非必需性消费,-0.0119456473047633,-0.043525046978141,-0.103298430738375,-0.0282357593514666,hsics,-0.247597635338952,0.0703703703703703,HSCICD.HI,-0.0119456473047633,-0.043525046978141,-0.103298430738375,-0.0282357593514666,36986707179.0,33.0,-0.034717544598959,0.5757575757575758,19.0,40.0,-0.0474080944579359,-0.0528069300368442,-0.0048070800984447,0.6129032258064516,-0.2032682555846508,10,2026-06-11 18:55:00,73.8,254.5,254.5,8.9,chiefgroup,0.0006775067750677,0.402439024390244,1.4878048780487805,0.3136856368563686,False,-0.0845454545454544
06603,6603.HK,IFBH,2025-06-30,2025-06-29,2025-06-29,消费/零售,必需性消费,hsics,0.0320295208597529,0.0301513826188692,0.0366058241486175,0.0405775089553661,0.0330726833255488,-0.0299720208057349,0.0110661620410299,21.15,184635144.65295,4.33,0.0,-0.021135265700483,4.29,-0.2000000000000001,0.148580483203742,846.7815,351.82979999999986,HSCICS.HI,恒生综合行业指数-必需性消费,0.0183223999199644,-0.0240480321431832,-0.0027572500279924,-0.0541994147620525,hsics,-0.0028517482438683,0.1186868686868686,HSCICS.HI,0.0183223999199644,-0.0240480321431832,-0.0027572500279924,-0.0541994147620525,-815024862.0,24.0,-0.0166674291369364,0.5416666666666666,12.0,25.0,-0.0243719836215544,-0.0604730655411099,-0.0335712074424361,0.5652173913043478,-0.1610617978955168,10,2026-03-10 09:16:24,27.8,2682.35,2682.35,22.93,chiefgroup,-0.1002277904328018,-0.0774487471526195,-0.1378132118451024,-0.2929384965831435,True,-0.252365930599369
06613,6613.HK,藍思科技,2025-07-09,2025-07-08,2025-07-08,工业/制造,工业,hsics,0.0031484346310362,-0.0006125100205397,0.1916445960396733,0.0043619019286234,-0.0197451203786518,0.1658290991334985,0.0102893891830162,20.228,191409662.23825,4.33,0.0,-0.0157496214033316,4.42,0.04,0.1688949886859234,857.3199999999999,539.9294,HSCIIN.HI,恒生综合行业指数-工业,0.0265475045722798,0.0486022168080659,0.216213197515972,0.0492147268286057,hsics,0.2452012569911068,0.2048458149779735,HSCIIN.HI,0.0265475045722798,0.0486022168080659,0.216213197515972,0.0492147268286057,14237192996.0,16.0,0.0059158491006085,0.5625,18.0,31.0,-0.0181980349717789,-0.0110729182811597,0.0329058720807389,0.5384615384615384,-0.146312966588151,10,2026-06-16 09:42:59,18.18,462.76,462.76,16.68,chiefgroup,0.0508474576271186,0.024364406779661,0.0858050847457627,0.7754237288135596,False,-0.0912529550827423
06651,6651.HK,五一視界,2025-12-30,2025-12-29,2025-12-29,TMT/互联网,资讯科技业,hsics,-0.0064545959443867,-0.0152892876266744,-0.0188673540465856,0.0119446780298235,-0.0205500207937593,-0.133018180811954,0.0089131422405786,17.144,144814990.35070002,3.64,-0.25,-0.0141836837340307,4.12,-0.0599999999999996,-0.193723428214437,260.54660000000007,1278.8648,HSCIIT.HI,恒生综合行业指数-信息科技业,-0.0220502795431247,-0.0337878698216513,-0.1245232299184621,-0.0184985821949769,hsics,-0.1700737950585393,0.0538461538461538,HSCIIT.HI,-0.0220502795431247,-0.0337878698216513,-0.1245232299184621,-0.0184985821949769,10074514493.0,20.0,0.0546982750248389,0.45,19.0,40.0,-0.0474080944579359,-0.0528069300368442,-0.0048070800984447,0.6129032258064516,-0.2032682555846508,10,2026-06-29 09:27:29,30.5,256.01,256.01,2.6,chiefgroup,0.1319999999999999,0.3200000000000001,1.5842857142857143,0.2171428571428572,False,-0.075609756097561
06687,6687.HK,聚水潭,2025-10-21,2025-10-20,2025-10-20,TMT/互联网,资讯科技业,hsics,-0.0011838785483523,-0.0200593751136872,0.0416170204538368,-0.0345520319626795,-0.0539050277523183,0.0331133414591677,0.0141177443878287,26.496,230195037.69405,4.11,0.0300000000000002,0.0102438024994877,4.0,-0.1600000000000001,-0.1211003212944804,1396.9875000000004,1339.584,HSCIIT.HI,恒生综合行业指数-信息科技业,-0.0338471084417847,-0.0392664521392313,0.1180114954240061,-0.019207077025544,hsics,-0.0464454943985318,0.0321285140562249,HSCIIT.HI,-0.0338471084417847,-0.0392664521392313,0.1180114954240061,-0.019207077025544,-4902394896.0,14.0,-0.0251227649070809,0.5714285714285714,7.0,18.0,0.0013499650040196,0.1545672176995522,0.1222406551744408,0.5,-0.1578114244412763,10,2026-05-21 09:16:00,30.6,1952.95,1952.95,22.89,chiefgroup,-0.0026315789473684,-0.1263157894736841,-0.3094736842105263,-0.24,True,-0.2807387862796833
06693,6693.HK,赤峰黃金,2025-03-10,2025-03-09,2025-03-09,工业/制造,原材料业,hsics,0.0562295456407913,0.1465802700352141,0.22736984144833,0.0842830439249684,0.1722387454786813,0.3814955851355244,0.0204207433999841,28.256,257515538.64047003,4.33,0.0,-0.0389454209065679,4.32,-0.1499999999999994,1.2690656660795967,1835.0434,1146.3964999999998,HSCIMT.HI,恒生综合行业指数-原材料业,0.1120469948921896,0.0382573524409877,0.0964702748168835,-0.1083229175942264,hsics,0.6324085385470435,0.1143497757847533,HSCIMT.HI,0.1120469948921896,0.0382573524409877,0.0964702748168835,-0.1083229175942264,1726535358.0,12.0,-0.0006703966181701,0.6666666666666666,2.0,18.0,-0.0497401325349858,0.0347003638591304,0.0473824709989259,0.6666666666666666,-0.157624678468509,10,2026-07-13 11:28:26,13.72,9.53,9.53,3.67,chiefgroup,0.0,0.020408163265306,0.2536443148688045,1.0481049562682216,False,-0.0966666666666665
06831,6831.HK,綠茶集團,2025-05-16,2025-05-15,2025-05-15,消费/零售,非必需性消费,hsics,0.0297349130133932,0.0950516869461277,0.0368177652580663,0.013182418112152,0.081096892599743,0.0119497051751651,0.0133375685093684,25.85,158216354.31795,4.33,0.0,0.011335138930685,4.45,0.1600000000000001,-0.3094986495991403,332.3085,2038.6171,HSCICD.HI,恒生综合行业指数-非必需性消费,0.0414116902300063,0.0986917288769499,-0.0013725794376132,0.0036400419308222,hsics,-0.2803440080566076,0.0727969348659003,HSCICD.HI,0.0414116902300063,0.0986917288769499,-0.0013725794376132,0.0036400419308222,52471737004.0,19.0,0.0094232327222341,0.4736842105263157,3.0,11.0,0.0061711552781445,-0.0964920776303072,-0.0308951960188819,0.5555555555555556,-0.1977569350544119,10,2026-04-24 09:08:00,7.19,317.54,317.54,7.2,chiefgroup,-0.1251738525730181,-0.196105702364395,-0.1307371349095967,0.0431154381084839,True,-0.1220657276995303
06883,6883.HK,穎通控股,2025-06-26,2025-06-25,2025-06-25,生物科技/医药,医疗保健业,hsics,0.0322209096403351,0.0467316939233999,0.0422150701008203,0.0277327359303856,0.035631440063772,-0.0384027422132068,0.0113222791505624,21.654,182945958.899,4.33,0.0,-0.0191747816484287,4.29,-0.1100000000000003,0.1857094043615335,843.1445,222.34339999999983,HSCIH.HI,恒生综合行业指数-医疗保健业,0.0258374073554994,0.1369837840472063,0.2507527664726303,0.0902520901238064,hsics,0.6825892508890454,0.0827067669172932,HSCIH.HI,0.0258374073554994,0.1369837840472063,0.2507527664726303,0.0902520901238064,23290150443.0,17.0,0.0052112795315142,0.4705882352941176,12.0,23.0,-0.032790190269823,-0.0711422975884256,-0.0428459194454375,0.6,-0.1477454014760823,3,2026-03-17 09:54:44,2.88,35.84,35.84,3.5,chiefgroup,-0.0697674418604651,-0.1472868217054263,-0.2131782945736435,-0.1976744186046512,True,-0.1541666666666666
06938,6938.HK,瑞博生物－Ｂ,2026-01-09,2026-01-08,2026-01-08,生物科技/医药,医疗保健业,hsics,0.0113987452909734,0.0281148672477995,0.0278271396761571,0.0294344541837876,0.0027885017403492,-0.0928807316586126,0.0109060372714818,21.04,154871227.6475,3.64,-0.25,-0.0038291011688834,4.19,0.0300000000000002,-0.0691250835772528,374.6153000000001,945.6452,HSCIH.HI,恒生综合行业指数-医疗保健业,0.0969569431776493,0.0403389522134514,0.0024459334146338,0.0122240849656518,hsics,-0.0539595522738249,0.0557491289198606,HSCIH.HI,0.0969569431776493,0.0403389522134514,0.0024459334146338,0.0122240849656518,10676004232.0,27.0,-0.0751562555030223,0.6296296296296297,23.0,50.0,-0.0442325504160901,0.0422122206443998,0.147883996486221,0.6176470588235294,-0.1805790794579713,10,2026-07-14 09:04:00,57.97,101.06,101.06,16.7,chiefgroup,0.0946666666666666,0.0106666666666666,-0.076,-0.1046666666666666,False,-0.2926267281105991
06960,6960.HK,雙登股份,2025-08-26,2025-08-25,2025-08-25,工业/制造,工业,hsics,0.0259389081636503,0.0104756528505254,0.1090667705176993,0.044076307282838,0.0284373677054905,0.1266160913519964,0.0104734666693246,20.062,214758741.84935004,4.33,0.0,-0.0024323502584371,4.28,0.0600000000000005,0.0290220065228747,1261.6781999999996,1033.0861,HSCIIN.HI,恒生综合行业指数-工业,0.0142654844471621,0.0534853207865684,0.2387508229906743,0.0430096679360429,hsics,-0.067240990005029,0.1912087912087912,HSCIIN.HI,0.0142654844471621,0.0534853207865684,0.2387508229906743,0.0430096679360429,3551866105.0,16.0,0.0090938152023034,0.5625,3.0,28.0,-0.0220571517207772,0.0589166162136965,0.1091094473344616,0.5333333333333333,-0.1342913797482925,10,2026-04-10 19:15:00,14.51,3876.25,3876.25,18.75,chiefgroup,-0.1533333333333333,-0.2257777777777777,-0.2248888888888889,-0.2520000000000001,True,-0.2023809523809523
06980,6980.HK,八馬茶業,2025-10-28,2025-10-27,2025-10-27,消费/零售,必需性消费,hsics,0.0222310908884895,-0.0041966313933644,0.0411743969182716,0.0400983223484014,-0.0326232424425977,0.1316562423792759,0.0138566160300414,24.520000000000003,216331199.99049997,4.12,0.0300000000000002,0.0119815668202762,4.01,-0.1299999999999999,-0.1498151576570383,1256.6844000000003,1529.0481,HSCICS.HI,恒生综合行业指数-必需性消费,-0.0039412283621627,-0.0405407629517153,-0.0196830703671478,-0.0363441315583509,hsics,-0.2314163735715236,0.07625,HSCICS.HI,-0.0039412283621627,-0.0405407629517153,-0.0196830703671478,-0.0363441315583509,2102731951.0,27.0,-0.0211985427054777,0.5555555555555556,7.0,19.0,-0.0198792708763789,0.1253526502732345,0.08372788099092,0.5714285714285714,-0.1615144882419382,10,2026-07-07 16:48:00,50.0,2680.04,2680.04,13.58,chiefgroup,0.16541822721598,-0.0886392009987515,-0.3395755305867665,-0.6284644194756553,False,-0.4612584503380136
07618,7618.HK,京東工業,2025-12-11,2025-12-10,2025-12-10,工业/制造,工业,hsics,-0.0085381897174497,-0.0513302328552862,-0.015319145983153,0.0083434233317687,-0.0594692805889571,-0.0681501950382929,0.0108719163194969,18.166,164987668.60149997,3.89,0.02,-0.0084439083232811,4.13,0.0300000000000002,-0.1488234090337873,802.1018999999999,1155.3595,HSCIIN.HI,恒生综合行业指数-工业,-0.0055332889804793,-0.0485091716412696,-0.001620903959404,0.0028210612140165,hsics,-0.138326236662617,0.0622317596566523,HSCIIN.HI,-0.0055332889804793,-0.0485091716412696,-0.001620903959404,0.0028210612140165,6507585378.0,19.0,-0.012079520035468,0.5789473684210527,11.0,35.0,-0.0179648225817087,0.038345854507513,0.00206680609788,0.5714285714285714,-0.2238274754160109,10,2026-06-12 09:16:00,14.1,60.52,60.52,7.88,chiefgroup,0.0846153846153845,0.0707692307692307,0.0923076923076922,0.0292307692307692,False,-0.0425531914893616
08610,8610.HK,BBSB,2026-01-13,2026-01-12,2026-01-12,地产/建筑,地产建筑业,hsics,0.0099152700624429,0.0422228149770609,0.0278104070106777,0.0211734646781489,0.0505456083828348,-0.0101396143900673,0.0112607554147563,21.302000000000003,161653371.21785,3.64,0.0,0.0055928411633108,4.19,0.0100000000000006,-0.0202093732938515,495.1166000000001,855.1495,HSCIPC.HI,恒生综合行业指数-地产建筑业,0.0305503660844381,0.0310490627211632,-0.0004280897229145,-0.0111737522558976,hsics,-0.1480501177201255,0.1115618661257606,HSCIPC.HI,0.0305503660844381,0.0310490627211632,-0.0004280897229145,-0.0111737522558976,7469093249.0,1.0,-0.069427527405603,1.0,25.0,54.0,-0.0206630045873075,0.0686464245488185,0.1638782827524019,0.5675675675675675,-0.1834692290264158,3,2026-03-19 20:47:26,0.6,10745.13,10745.13,1.01,chiefgroup,-0.7766666666666667,-0.7866666666666666,-0.77,-0.8166666666666668,True,-0.084507042253521
09606,9606.HK,映恩生物－Ｂ,2025-04-15,2025-04-14,2025-04-14,生物科技/医药,医疗保健业,hsics,0.0801430278944741,-0.1061177847393861,0.1131189877391327,0.1394090623590731,-0.1472015108390922,0.1523607489603886,0.0333812823692698,38.052,227564829.53815,4.33,0.0,-0.03903990746096,4.38,0.0700000000000002,-0.092571121220127,2115.2304999999997,2233.4259,HSCIH.HI,恒生综合行业指数-医疗保健业,0.1693277843447131,-0.0121287277455163,0.2729451085678724,0.0939890569938698,hsics,0.0886112347977079,0.0538461538461538,HSCIH.HI,0.1693277843447131,-0.0121287277455163,0.2729451085678724,0.0939890569938698,15984138318.0,14.0,-0.005953831562808,0.4285714285714285,5.0,9.0,0.0202764632074171,-0.0153077335078239,0.1106725094309593,0.4285714285714285,-0.1938379174151488,10,2026-05-27 09:38:00,94.6,115.14,115.14,13.52,chiefgroup,0.1325966850828729,0.2430939226519337,0.0524861878453038,0.6585635359116021,False,-0.2155555555555555
09609,9609.HK,海偉股份,2025-11-28,2025-11-27,2025-11-27,工业/制造,工业,hsics,0.0042716301595049,-0.0128129959300208,0.0295284932480905,0.004208375983407,-0.0749715747556845,-0.0346458936405554,0.0124518045390793,20.828,179609572.46964997,3.88,-0.2400000000000002,0.0,4.0,-0.1100000000000003,-0.1616402305462457,1278.8648,1329.0052000000005,HSCIIN.HI,恒生综合行业指数-工业,-0.0074840738253935,-0.0517718845341469,-0.0212130265909771,-0.0389588886041261,hsics,-0.1619676104290812,0.0646551724137931,HSCIIN.HI,-0.0074840738253935,-0.0517718845341469,-0.0212130265909771,-0.0389588886041261,7798607740.0,18.0,0.0078575064875636,0.5555555555555556,11.0,29.0,-0.0091198045303255,0.0670058435872344,0.0401198866603783,0.5454545454545454,-0.2196188752922294,4,2026-03-13 22:08:53,14.28,5426.27,5426.27,6.11,chiefgroup,-0.1851851851851852,-0.1696296296296295,-0.2733333333333333,-0.3096296296296296,True,-0.1295025728987993
09678,9678.HK,雲知聲,2025-06-30,2025-06-29,2025-06-29,TMT/互联网,资讯科技业,hsics,0.0320295208597529,0.0301513826188692,0.0366058241486175,0.0405775089553661,0.0330726833255488,-0.0299720208057349,0.0110661620410299,21.15,184635144.65295,4.33,0.0,-0.021135265700483,4.29,-0.2000000000000001,0.148580483203742,846.7815,351.82979999999986,HSCIIT.HI,恒生综合行业指数-信息科技业,0.0431825264726948,0.0463700958852169,0.0422041710296465,0.0162187132663476,hsics,-0.0882005233896636,0.140495867768595,HSCIIT.HI,0.0431825264726948,0.0463700958852169,0.0422041710296465,0.0162187132663476,3820468003.0,15.0,-0.0802508684247126,0.6666666666666666,12.0,25.0,-0.0243719836215544,-0.0604730655411099,-0.0335712074424361,0.5652173913043478,-0.1610617978955168,10,2026-07-20 10:31:55,205.0,91.66,91.66,1.7,chiefgroup,0.4458536585365853,1.053658536585366,1.8195121951219515,1.5853658536585369,False,-0.062111801242236
09881,9881.HK,容大科技,2025-06-10,2025-06-09,2025-06-09,TMT/互联网,资讯科技业,hsics,0.038285478989273,0.0574473034939175,0.0167317748572644,0.0582613399706255,-0.0025921080416695,-0.0768432589854116,0.0129527514817547,23.504,163752658.7854,4.33,0.0,-0.0139414459271062,4.49,0.0099999999999997,-0.0604788811275088,539.9294,1135.7095,HSCIIT.HI,恒生综合行业指数-信息科技业,0.0485680629530203,0.0485673820394649,-0.0185115509525044,-0.0088799214544526,hsics,-0.2229806177703864,0.0829875518672199,HSCIIT.HI,0.0485680629530203,0.0485673820394649,-0.0185115509525044,-0.0088799214544526,-3045449442.0,16.0,-0.1035824131731638,0.6875,8.0,17.0,-0.0255366325553334,-0.0783678862750038,-0.0472062372507567,0.6153846153846154,-0.1336121256450818,6,2026-03-08 16:38:28,10.0,275.96,275.96,0.96,chiefgroup,-0.1445783132530121,-0.2168674698795181,-0.4331325301204821,-0.3578313253012049,True,-0.35
09887,9887.HK,維立志博－Ｂ,2025-07-25,2025-07-24,2025-07-24,生物科技/医药,医疗保健业,hsics,0.0476849007814621,0.0551596273853667,0.1677122790224532,0.0539838488124311,0.071651156100738,0.1511463495389362,0.0077801894562142,22.694,210290287.98225,4.33,0.0,0.0019527235354572,4.43,0.08,0.1494667017944142,821.9493000000001,843.1445,HSCIH.HI,恒生综合行业指数-医疗保健业,0.0183010267175542,0.1787473335451368,0.3762377286943215,0.1235877061597701,hsics,-0.0344550478389598,0.2481481481481481,HSCIH.HI,0.0183010267175542,0.1787473335451368,0.3762377286943215,0.1235877061597701,25544221047.0,20.0,-0.0208745589330527,0.5,16.0,34.0,-0.0155447167129761,-0.0067278393726843,0.0265049892973303,0.5185185185185185,-0.1579209025611585,10,2026-07-10 12:47:00,35.0,3494.78,3494.78,40.78,chiefgroup,-0.0732044198895029,-0.0331491712707183,-0.0697513812154697,-0.0973756906077349,True,-0.152956298200514
09903,9903.HK,天數智芯,2026-01-08,2026-01-07,2026-01-07,TMT/互联网,资讯科技业,hsics,0.0321323428734596,0.0269194763822433,0.0219961930482961,0.0287072848111591,0.0134323351577394,-0.1132408184577739,0.0109817028301545,20.516,153552855.76365,3.64,-0.25,-0.003632694248234,4.15,0.0300000000000002,-0.079436407767266,437.0305000000001,1007.4682,HSCIIT.HI,恒生综合行业指数-信息科技业,0.0448586781024553,0.0123176525705384,-0.0722271915290554,-0.0146018238117049,hsics,-0.0364928346538182,0.0722433460076045,HSCIIT.HI,0.0448586781024553,0.0123176525705384,-0.0722271915290554,-0.0146018238117049,18355171124.0,22.0,0.0546012473640035,0.4545454545454545,20.0,47.0,-0.0446276598280637,0.011668061760344,0.140158741942235,0.6129032258064516,-0.1786508051451336,10,2026-07-16 09:25:42,144.6,414.24,414.24,10.68,chiefgroup,-0.1756046267087275,-0.0746582544689799,-0.115141955835962,0.6550998948475291,True,-0.2088372093023256
09927,9927.HK,賽力斯,2025-11-05,2025-11-04,2025-11-04,消费/零售,非必需性消费,hsics,-0.0149448837666541,-0.0251843527071451,0.0492834602532199,-0.0571682809859113,-0.121482450584228,0.0489585865869028,0.0128981640543745,21.722,215993131.9656,3.87,-0.2199999999999997,0.0232819360767893,4.1,0.0499999999999998,-0.1073463874015133,1216.3234000000002,1746.9118,HSCICD.HI,恒生综合行业指数-非必需性消费,-0.0484083302454908,-0.0744993480904177,0.1005972000585355,-0.0493149953832725,hsics,-0.2181943457926979,0.0674157303370786,HSCICD.HI,-0.0484083302454908,-0.0744993480904177,0.1005972000585355,-0.0493149953832725,3062409085.0,28.0,-0.0145336580654257,0.5357142857142857,10.0,24.0,0.0051491142334341,0.1191065918893232,0.0504462268621236,0.5,-0.2044142788507785,10,2026-07-01 19:01:44,131.5,132.68,132.68,8.61,chiefgroup,0.0201706749418153,-0.1039565554693561,-0.0961986035686579,-0.2575640031031808,False,-0.1673003802281368
09973,9973.HK,奇瑞汽車,2025-09-25,2025-09-24,2025-09-24,消费/零售,非必需性消费,hsics,-0.0144839583490501,0.0522538902044937,0.0948433637843544,-0.0017508540246823,0.1098055004640881,0.2000413861175407,0.010412904915842,21.276,256739384.29015,4.09,-0.2400000000000002,-0.0032589876769527,4.16,-0.0099999999999997,0.181005164326802,1447.0945000000002,1336.7716999999996,HSCICD.HI,恒生综合行业指数-非必需性消费,0.0165059840922754,0.1378684533914622,0.2218854274536879,0.0856145631869684,hsics,0.3364477844335671,0.0865746549560853,HSCICD.HI,0.0165059840922754,0.1378684533914622,0.2218854274536879,0.0856145631869684,71939048946.0,27.0,-0.0292990784605081,0.5555555555555556,8.0,23.0,-0.019435187511368,0.0281552730605306,-0.0256490650193921,0.5454545454545454,-0.1790926921810749,10,2026-07-01 19:04:00,30.75,308.18,308.18,11.61,chiefgroup,-0.0666666666666667,-0.0678362573099416,-0.0426900584795321,-0.108187134502924,True,-0.0682926829268292
