date,industry,ipo_count_365d,avg_day1_return_365d,break_rate_365d
2020-01-01,TMT/互联网,0,,
2020-01-01,其他,0,,
2020-01-01,地产/建筑,0,,
2020-01-01,工业/制造,0,,
2020-01-01,新能源/汽车,0,,
2020-01-01,消费/零售,0,,
2020-01-01,生物科技/医药,0,,
2020-01-01,金融,0,,
2020-01-02,TMT/互联网,0,,
2020-01-02,其他,0,,
2020-01-02,地产/建筑,0,,
2020-01-02,工业/制造,0,,
2020-01-02,新能源/汽车,0,,
2020-01-02,消费/零售,0,,
2020-01-02,生物科技/医药,0,,
2020-01-02,金融,0,,
2020-01-03,TMT/互联网,0,,
2020-01-03,其他,0,,
2020-01-03,地产/建筑,0,,
2020-01-03,工业/制造,0,,
2020-01-03,新能源/汽车,0,,
2020-01-03,消费/零售,0,,
2020-01-03,生物科技/医药,0,,
2020-01-03,金融,0,,
2020-01-04,TMT/互联网,0,,
2020-01-04,其他,0,,
2020-01-04,地产/建筑,0,,
2020-01-04,工业/制造,0,,
2020-01-04,新能源/汽车,0,,
2020-01-04,消费/零售,0,,
2020-01-04,生物科技/医药,0,,
2020-01-04,金融,0,,
2020-01-05,TMT/互联网,0,,
2020-01-05,其他,0,,
2020-01-05,地产/建筑,0,,
2020-01-05,工业/制造,0,,
2020-01-05,新能源/汽车,0,,
2020-01-05,消费/零售,0,,
2020-01-05,生物科技/医药,0,,
2020-01-05,金融,0,,
2020-01-06,TMT/互联网,0,,
2020-01-06,其他,0,,
2020-01-06,地产/建筑,0,,
2020-01-06,工业/制造,0,,
2020-01-06,新能源/汽车,0,,
2020-01-06,消费/零售,0,,
2020-01-06,生物科技/医药,0,,
2020-01-06,金融,0,,
2020-01-07,TMT/互联网,0,,
2020-01-07,其他,0,,
2020-01-07,地产/建筑,0,,
2020-01-07,工业/制造,0,,
2020-01-07,新能源/汽车,0,,
2020-01-07,消费/零售,0,,
2020-01-07,生物科技/医药,0,,
2020-01-07,金融,0,,
2020-01-08,TMT/互联网,0,,
2020-01-08,其他,0,,
2020-01-08,地产/建筑,0,,
2020-01-08,工业/制造,0,,
2020-01-08,新能源/汽车,0,,
2020-01-08,消费/零售,0,,
2020-01-08,生物科技/医药,0,,
2020-01-08,金融,0,,
2020-01-09,TMT/互联网,0,,
2020-01-09,其他,0,,
2020-01-09,地产/建筑,0,,
2020-01-09,工业/制造,0,,
2020-01-09,新能源/汽车,0,,
2020-01-09,消费/零售,0,,
2020-01-09,生物科技/医药,0,,
2020-01-09,金融,0,,
2020-01-10,TMT/互联网,0,,
2020-01-10,其他,0,,
2020-01-10,地产/建筑,0,,
2020-01-10,工业/制造,0,,
2020-01-10,新能源/汽车,0,,
2020-01-10,消费/零售,0,,
2020-01-10,生物科技/医药,0,,
2020-01-10,金融,0,,
2020-01-11,TMT/互联网,0,,
2020-01-11,其他,0,,
2020-01-11,地产/建筑,0,,
2020-01-11,工业/制造,0,,
2020-01-11,新能源/汽车,0,,
2020-01-11,消费/零售,0,,
2020-01-11,生物科技/医药,0,,
2020-01-11,金融,0,,
2020-01-12,TMT/互联网,0,,
2020-01-12,其他,0,,
2020-01-12,地产/建筑,0,,
2020-01-12,工业/制造,0,,
2020-01-12,新能源/汽车,0,,
2020-01-12,消费/零售,0,,
2020-01-12,生物科技/医药,0,,
2020-01-12,金融,0,,
2020-01-13,TMT/互联网,0,,
2020-01-13,其他,0,,
2020-01-13,地产/建筑,0,,
2020-01-13,工业/制造,0,,
2020-01-13,新能源/汽车,0,,
2020-01-13,消费/零售,0,,
2020-01-13,生物科技/医药,0,,
2020-01-13,金融,0,,
2020-01-14,TMT/互联网,0,,
2020-01-14,其他,0,,
2020-01-14,地产/建筑,0,,
2020-01-14,工业/制造,0,,
2020-01-14,新能源/汽车,0,,
2020-01-14,消费/零售,0,,
2020-01-14,生物科技/医药,0,,
2020-01-14,金融,0,,
2020-01-15,TMT/互联网,0,,
2020-01-15,其他,0,,
2020-01-15,地产/建筑,0,,
2020-01-15,工业/制造,0,,
2020-01-15,新能源/汽车,0,,
2020-01-15,消费/零售,0,,
2020-01-15,生物科技/医药,0,,
2020-01-15,金融,0,,
2020-01-16,TMT/互联网,0,,
2020-01-16,其他,0,,
2020-01-16,地产/建筑,0,,
2020-01-16,工业/制造,0,,
2020-01-16,新能源/汽车,0,,
2020-01-16,消费/零售,0,,
2020-01-16,生物科技/医药,0,,
2020-01-16,金融,0,,
2020-01-17,TMT/互联网,0,,
2020-01-17,其他,0,,
2020-01-17,地产/建筑,0,,
2020-01-17,工业/制造,0,,
2020-01-17,新能源/汽车,0,,
2020-01-17,消费/零售,0,,
2020-01-17,生物科技/医药,0,,
2020-01-17,金融,0,,
2020-01-18,TMT/互联网,0,,
2020-01-18,其他,0,,
2020-01-18,地产/建筑,0,,
2020-01-18,工业/制造,0,,
2020-01-18,新能源/汽车,0,,
2020-01-18,消费/零售,0,,
2020-01-18,生物科技/医药,0,,
2020-01-18,金融,0,,
2020-01-19,TMT/互联网,0,,
2020-01-19,其他,0,,
2020-01-19,地产/建筑,0,,
2020-01-19,工业/制造,0,,
2020-01-19,新能源/汽车,0,,
2020-01-19,消费/零售,0,,
2020-01-19,生物科技/医药,0,,
2020-01-19,金融,0,,
2020-01-20,TMT/互联网,0,,
2020-01-20,其他,0,,
2020-01-20,地产/建筑,0,,
2020-01-20,工业/制造,0,,
2020-01-20,新能源/汽车,0,,
2020-01-20,消费/零售,0,,
2020-01-20,生物科技/医药,0,,
2020-01-20,金融,0,,
2020-01-21,TMT/互联网,0,,
2020-01-21,其他,0,,
2020-01-21,地产/建筑,0,,
2020-01-21,工业/制造,0,,
2020-01-21,新能源/汽车,0,,
2020-01-21,消费/零售,0,,
2020-01-21,生物科技/医药,0,,
2020-01-21,金融,0,,
2020-01-22,TMT/互联网,0,,
2020-01-22,其他,0,,
2020-01-22,地产/建筑,0,,
2020-01-22,工业/制造,0,,
2020-01-22,新能源/汽车,0,,
2020-01-22,消费/零售,0,,
2020-01-22,生物科技/医药,0,,
2020-01-22,金融,0,,
2020-01-23,TMT/互联网,0,,
2020-01-23,其他,0,,
2020-01-23,地产/建筑,0,,
2020-01-23,工业/制造,0,,
2020-01-23,新能源/汽车,0,,
2020-01-23,消费/零售,0,,
2020-01-23,生物科技/医药,0,,
2020-01-23,金融,0,,
2020-01-24,TMT/互联网,0,,
2020-01-24,其他,1,,0.0
2020-01-24,地产/建筑,0,,
2020-01-24,工业/制造,0,,
2020-01-24,新能源/汽车,0,,
2020-01-24,消费/零售,0,,
2020-01-24,生物科技/医药,0,,
2020-01-24,金融,0,,
2020-01-25,TMT/互联网,0,,
2020-01-25,其他,1,,0.0
2020-01-25,地产/建筑,0,,
2020-01-25,工业/制造,0,,
2020-01-25,新能源/汽车,0,,
2020-01-25,消费/零售,0,,
2020-01-25,生物科技/医药,0,,
2020-01-25,金融,0,,
2020-01-26,TMT/互联网,0,,
2020-01-26,其他,1,,0.0
2020-01-26,地产/建筑,0,,
2020-01-26,工业/制造,0,,
2020-01-26,新能源/汽车,0,,
2020-01-26,消费/零售,0,,
2020-01-26,生物科技/医药,0,,
2020-01-26,金融,0,,
2020-01-27,TMT/互联网,0,,
2020-01-27,其他,1,,0.0
2020-01-27,地产/建筑,0,,
2020-01-27,工业/制造,0,,
2020-01-27,新能源/汽车,0,,
2020-01-27,消费/零售,0,,
2020-01-27,生物科技/医药,0,,
2020-01-27,金融,0,,
2020-01-28,TMT/互联网,0,,
2020-01-28,其他,1,,0.0
2020-01-28,地产/建筑,0,,
2020-01-28,工业/制造,0,,
2020-01-28,新能源/汽车,0,,
2020-01-28,消费/零售,0,,
2020-01-28,生物科技/医药,0,,
2020-01-28,金融,0,,
2020-01-29,TMT/互联网,0,,
2020-01-29,其他,1,,0.0
2020-01-29,地产/建筑,0,,
2020-01-29,工业/制造,0,,
2020-01-29,新能源/汽车,0,,
2020-01-29,消费/零售,0,,
2020-01-29,生物科技/医药,0,,
2020-01-29,金融,0,,
2020-01-30,TMT/互联网,0,,
2020-01-30,其他,1,,0.0
2020-01-30,地产/建筑,0,,
2020-01-30,工业/制造,0,,
2020-01-30,新能源/汽车,0,,
2020-01-30,消费/零售,0,,
2020-01-30,生物科技/医药,0,,
2020-01-30,金融,0,,
2020-01-31,TMT/互联网,0,,
2020-01-31,其他,1,,0.0
2020-01-31,地产/建筑,0,,
2020-01-31,工业/制造,0,,
2020-01-31,新能源/汽车,0,,
2020-01-31,消费/零售,0,,
2020-01-31,生物科技/医药,0,,
2020-01-31,金融,0,,
2020-02-01,TMT/互联网,0,,
2020-02-01,其他,1,,0.0
2020-02-01,地产/建筑,0,,
2020-02-01,工业/制造,0,,
2020-02-01,新能源/汽车,0,,
2020-02-01,消费/零售,0,,
2020-02-01,生物科技/医药,0,,
2020-02-01,金融,0,,
2020-02-02,TMT/互联网,0,,
2020-02-02,其他,1,,0.0
2020-02-02,地产/建筑,0,,
2020-02-02,工业/制造,0,,
2020-02-02,新能源/汽车,0,,
2020-02-02,消费/零售,0,,
2020-02-02,生物科技/医药,0,,
2020-02-02,金融,0,,
2020-02-03,TMT/互联网,0,,
2020-02-03,其他,1,,0.0
2020-02-03,地产/建筑,0,,
2020-02-03,工业/制造,0,,
2020-02-03,新能源/汽车,0,,
2020-02-03,消费/零售,0,,
2020-02-03,生物科技/医药,0,,
2020-02-03,金融,0,,
2020-02-04,TMT/互联网,0,,
2020-02-04,其他,1,,0.0
2020-02-04,地产/建筑,0,,
2020-02-04,工业/制造,0,,
2020-02-04,新能源/汽车,0,,
2020-02-04,消费/零售,0,,
2020-02-04,生物科技/医药,0,,
2020-02-04,金融,0,,
2020-02-05,TMT/互联网,0,,
2020-02-05,其他,1,,0.0
2020-02-05,地产/建筑,0,,
2020-02-05,工业/制造,0,,
2020-02-05,新能源/汽车,0,,
2020-02-05,消费/零售,0,,
2020-02-05,生物科技/医药,0,,
2020-02-05,金融,0,,
2020-02-06,TMT/互联网,0,,
2020-02-06,其他,1,,0.0
2020-02-06,地产/建筑,0,,
2020-02-06,工业/制造,0,,
2020-02-06,新能源/汽车,0,,
2020-02-06,消费/零售,0,,
2020-02-06,生物科技/医药,0,,
2020-02-06,金融,0,,
2020-02-07,TMT/互联网,0,,
2020-02-07,其他,1,,0.0
2020-02-07,地产/建筑,0,,
2020-02-07,工业/制造,0,,
2020-02-07,新能源/汽车,0,,
2020-02-07,消费/零售,0,,
2020-02-07,生物科技/医药,0,,
2020-02-07,金融,0,,
2020-02-08,TMT/互联网,0,,
2020-02-08,其他,1,,0.0
2020-02-08,地产/建筑,0,,
2020-02-08,工业/制造,0,,
2020-02-08,新能源/汽车,0,,
2020-02-08,消费/零售,0,,
2020-02-08,生物科技/医药,0,,
2020-02-08,金融,0,,
2020-02-09,TMT/互联网,0,,
2020-02-09,其他,1,,0.0
2020-02-09,地产/建筑,0,,
2020-02-09,工业/制造,0,,
2020-02-09,新能源/汽车,0,,
2020-02-09,消费/零售,0,,
2020-02-09,生物科技/医药,0,,
2020-02-09,金融,0,,
2020-02-10,TMT/互联网,0,,
2020-02-10,其他,1,,0.0
2020-02-10,地产/建筑,0,,
2020-02-10,工业/制造,0,,
2020-02-10,新能源/汽车,0,,
2020-02-10,消费/零售,0,,
2020-02-10,生物科技/医药,0,,
2020-02-10,金融,0,,
2020-02-11,TMT/互联网,0,,
2020-02-11,其他,1,,0.0
2020-02-11,地产/建筑,0,,
2020-02-11,工业/制造,0,,
2020-02-11,新能源/汽车,0,,
2020-02-11,消费/零售,0,,
2020-02-11,生物科技/医药,0,,
2020-02-11,金融,0,,
2020-02-12,TMT/互联网,0,,
2020-02-12,其他,1,,0.0
2020-02-12,地产/建筑,0,,
2020-02-12,工业/制造,0,,
2020-02-12,新能源/汽车,0,,
2020-02-12,消费/零售,0,,
2020-02-12,生物科技/医药,0,,
2020-02-12,金融,0,,
2020-02-13,TMT/互联网,0,,
2020-02-13,其他,1,,0.0
2020-02-13,地产/建筑,0,,
2020-02-13,工业/制造,0,,
2020-02-13,新能源/汽车,0,,
2020-02-13,消费/零售,0,,
2020-02-13,生物科技/医药,0,,
2020-02-13,金融,0,,
2020-02-14,TMT/互联网,0,,
2020-02-14,其他,1,,0.0
2020-02-14,地产/建筑,1,-0.2272727272727273,1.0
2020-02-14,工业/制造,0,,
2020-02-14,新能源/汽车,0,,
2020-02-14,消费/零售,0,,
2020-02-14,生物科技/医药,0,,
2020-02-14,金融,0,,
2020-02-15,TMT/互联网,0,,
2020-02-15,其他,1,,0.0
2020-02-15,地产/建筑,1,-0.2272727272727273,1.0
2020-02-15,工业/制造,0,,
2020-02-15,新能源/汽车,0,,
2020-02-15,消费/零售,0,,
2020-02-15,生物科技/医药,0,,
2020-02-15,金融,0,,
2020-02-16,TMT/互联网,0,,
2020-02-16,其他,1,,0.0
2020-02-16,地产/建筑,1,-0.2272727272727273,1.0
2020-02-16,工业/制造,0,,
2020-02-16,新能源/汽车,0,,
2020-02-16,消费/零售,0,,
2020-02-16,生物科技/医药,0,,
2020-02-16,金融,0,,
2020-02-17,TMT/互联网,0,,
2020-02-17,其他,1,,0.0
2020-02-17,地产/建筑,1,-0.2272727272727273,1.0
2020-02-17,工业/制造,0,,
2020-02-17,新能源/汽车,0,,
2020-02-17,消费/零售,0,,
2020-02-17,生物科技/医药,0,,
2020-02-17,金融,0,,
2020-02-18,TMT/互联网,0,,
2020-02-18,其他,1,,0.0
2020-02-18,地产/建筑,1,-0.2272727272727273,1.0
2020-02-18,工业/制造,0,,
2020-02-18,新能源/汽车,0,,
2020-02-18,消费/零售,0,,
2020-02-18,生物科技/医药,0,,
2020-02-18,金融,0,,
2020-02-19,TMT/互联网,0,,
2020-02-19,其他,1,,0.0
2020-02-19,地产/建筑,1,-0.2272727272727273,1.0
2020-02-19,工业/制造,0,,
2020-02-19,新能源/汽车,0,,
2020-02-19,消费/零售,0,,
2020-02-19,生物科技/医药,0,,
2020-02-19,金融,1,-0.2857142857142857,1.0
2020-02-20,TMT/互联网,0,,
2020-02-20,其他,1,,0.0
2020-02-20,地产/建筑,1,-0.2272727272727273,1.0
2020-02-20,工业/制造,0,,
2020-02-20,新能源/汽车,0,,
2020-02-20,消费/零售,0,,
2020-02-20,生物科技/医药,0,,
2020-02-20,金融,1,-0.2857142857142857,1.0
2020-02-21,TMT/互联网,0,,
2020-02-21,其他,1,,0.0
2020-02-21,地产/建筑,1,-0.2272727272727273,1.0
2020-02-21,工业/制造,0,,
2020-02-21,新能源/汽车,0,,
2020-02-21,消费/零售,0,,
2020-02-21,生物科技/医药,0,,
2020-02-21,金融,1,-0.2857142857142857,1.0
2020-02-22,TMT/互联网,0,,
2020-02-22,其他,1,,0.0
2020-02-22,地产/建筑,1,-0.2272727272727273,1.0
2020-02-22,工业/制造,0,,
2020-02-22,新能源/汽车,0,,
2020-02-22,消费/零售,0,,
2020-02-22,生物科技/医药,0,,
2020-02-22,金融,1,-0.2857142857142857,1.0
2020-02-23,TMT/互联网,0,,
2020-02-23,其他,1,,0.0
2020-02-23,地产/建筑,1,-0.2272727272727273,1.0
2020-02-23,工业/制造,0,,
2020-02-23,新能源/汽车,0,,
2020-02-23,消费/零售,0,,
2020-02-23,生物科技/医药,0,,
2020-02-23,金融,1,-0.2857142857142857,1.0
2020-02-24,TMT/互联网,0,,
2020-02-24,其他,1,,0.0
2020-02-24,地产/建筑,1,-0.2272727272727273,1.0
2020-02-24,工业/制造,0,,
2020-02-24,新能源/汽车,0,,
2020-02-24,消费/零售,0,,
2020-02-24,生物科技/医药,0,,
2020-02-24,金融,1,-0.2857142857142857,1.0
2020-02-25,TMT/互联网,0,,
2020-02-25,其他,1,,0.0
2020-02-25,地产/建筑,1,-0.2272727272727273,1.0
2020-02-25,工业/制造,0,,
2020-02-25,新能源/汽车,0,,
2020-02-25,消费/零售,0,,
2020-02-25,生物科技/医药,0,,
2020-02-25,金融,1,-0.2857142857142857,1.0
2020-02-26,TMT/互联网,0,,
2020-02-26,其他,1,,0.0
2020-02-26,地产/建筑,1,-0.2272727272727273,1.0
2020-02-26,工业/制造,0,,
2020-02-26,新能源/汽车,0,,
2020-02-26,消费/零售,0,,
2020-02-26,生物科技/医药,0,,
2020-02-26,金融,1,-0.2857142857142857,1.0
2020-02-27,TMT/互联网,0,,
2020-02-27,其他,1,,0.0
2020-02-27,地产/建筑,1,-0.2272727272727273,1.0
2020-02-27,工业/制造,0,,
2020-02-27,新能源/汽车,0,,
2020-02-27,消费/零售,0,,
2020-02-27,生物科技/医药,0,,
2020-02-27,金融,1,-0.2857142857142857,1.0
2020-02-28,TMT/互联网,0,,
2020-02-28,其他,1,,0.0
2020-02-28,地产/建筑,1,-0.2272727272727273,1.0
2020-02-28,工业/制造,0,,
2020-02-28,新能源/汽车,0,,
2020-02-28,消费/零售,0,,
2020-02-28,生物科技/医药,0,,
2020-02-28,金融,1,-0.2857142857142857,1.0
2020-02-29,TMT/互联网,0,,
2020-02-29,其他,1,,0.0
2020-02-29,地产/建筑,1,-0.2272727272727273,1.0
2020-02-29,工业/制造,0,,
2020-02-29,新能源/汽车,0,,
2020-02-29,消费/零售,0,,
2020-02-29,生物科技/医药,0,,
2020-02-29,金融,1,-0.2857142857142857,1.0
2020-03-01,TMT/互联网,0,,
2020-03-01,其他,1,,0.0
2020-03-01,地产/建筑,1,-0.2272727272727273,1.0
2020-03-01,工业/制造,0,,
2020-03-01,新能源/汽车,0,,
2020-03-01,消费/零售,0,,
2020-03-01,生物科技/医药,0,,
2020-03-01,金融,1,-0.2857142857142857,1.0
2020-03-02,TMT/互联网,0,,
2020-03-02,其他,1,,0.0
2020-03-02,地产/建筑,1,-0.2272727272727273,1.0
2020-03-02,工业/制造,0,,
2020-03-02,新能源/汽车,0,,
2020-03-02,消费/零售,0,,
2020-03-02,生物科技/医药,0,,
2020-03-02,金融,1,-0.2857142857142857,1.0
2020-03-03,TMT/互联网,0,,
2020-03-03,其他,1,,0.0
2020-03-03,地产/建筑,1,-0.2272727272727273,1.0
2020-03-03,工业/制造,0,,
2020-03-03,新能源/汽车,0,,
2020-03-03,消费/零售,0,,
2020-03-03,生物科技/医药,0,,
2020-03-03,金融,1,-0.2857142857142857,1.0
2020-03-04,TMT/互联网,0,,
2020-03-04,其他,1,,0.0
2020-03-04,地产/建筑,1,-0.2272727272727273,1.0
2020-03-04,工业/制造,0,,
2020-03-04,新能源/汽车,0,,
2020-03-04,消费/零售,0,,
2020-03-04,生物科技/医药,0,,
2020-03-04,金融,1,-0.2857142857142857,1.0
2020-03-05,TMT/互联网,0,,
2020-03-05,其他,1,,0.0
2020-03-05,地产/建筑,1,-0.2272727272727273,1.0
2020-03-05,工业/制造,0,,
2020-03-05,新能源/汽车,0,,
2020-03-05,消费/零售,0,,
2020-03-05,生物科技/医药,0,,
2020-03-05,金融,1,-0.2857142857142857,1.0
2020-03-06,TMT/互联网,0,,
2020-03-06,其他,1,,0.0
2020-03-06,地产/建筑,1,-0.2272727272727273,1.0
2020-03-06,工业/制造,0,,
2020-03-06,新能源/汽车,0,,
2020-03-06,消费/零售,0,,
2020-03-06,生物科技/医药,0,,
2020-03-06,金融,1,-0.2857142857142857,1.0
2020-03-07,TMT/互联网,0,,
2020-03-07,其他,1,,0.0
2020-03-07,地产/建筑,1,-0.2272727272727273,1.0
2020-03-07,工业/制造,0,,
2020-03-07,新能源/汽车,0,,
2020-03-07,消费/零售,0,,
2020-03-07,生物科技/医药,0,,
2020-03-07,金融,1,-0.2857142857142857,1.0
2020-03-08,TMT/互联网,0,,
2020-03-08,其他,1,,0.0
2020-03-08,地产/建筑,1,-0.2272727272727273,1.0
2020-03-08,工业/制造,0,,
2020-03-08,新能源/汽车,0,,
2020-03-08,消费/零售,0,,
2020-03-08,生物科技/医药,0,,
2020-03-08,金融,1,-0.2857142857142857,1.0
2020-03-09,TMT/互联网,0,,
2020-03-09,其他,1,,0.0
2020-03-09,地产/建筑,2,-0.0528628829733803,0.5
2020-03-09,工业/制造,0,,
2020-03-09,新能源/汽车,0,,
2020-03-09,消费/零售,0,,
2020-03-09,生物科技/医药,0,,
2020-03-09,金融,1,-0.2857142857142857,1.0
2020-03-10,TMT/互联网,0,,
2020-03-10,其他,1,,0.0
2020-03-10,地产/建筑,2,-0.0528628829733803,0.5
2020-03-10,工业/制造,0,,
2020-03-10,新能源/汽车,0,,
2020-03-10,消费/零售,0,,
2020-03-10,生物科技/医药,0,,
2020-03-10,金融,1,-0.2857142857142857,1.0
2020-03-11,TMT/互联网,0,,
2020-03-11,其他,1,,0.0
2020-03-11,地产/建筑,2,-0.0528628829733803,0.5
2020-03-11,工业/制造,0,,
2020-03-11,新能源/汽车,0,,
2020-03-11,消费/零售,0,,
2020-03-11,生物科技/医药,0,,
2020-03-11,金融,1,-0.2857142857142857,1.0
2020-03-12,TMT/互联网,0,,
2020-03-12,其他,1,,0.0
2020-03-12,地产/建筑,3,0.007615220874889361,0.3333333333333333
2020-03-12,工业/制造,3,-0.011107660455486565,0.3333333333333333
2020-03-12,新能源/汽车,0,,
2020-03-12,消费/零售,0,,
2020-03-12,生物科技/医药,0,,
2020-03-12,金融,1,-0.2857142857142857,1.0
2020-03-13,TMT/互联网,0,,
2020-03-13,其他,2,-0.070796460176991,0.5
2020-03-13,地产/建筑,4,0.0482284224588881,0.25
2020-03-13,工业/制造,3,-0.011107660455486565,0.3333333333333333
2020-03-13,新能源/汽车,0,,
2020-03-13,消费/零售,0,,
2020-03-13,生物科技/医药,0,,
2020-03-13,金融,1,-0.2857142857142857,1.0
2020-03-14,TMT/互联网,0,,
2020-03-14,其他,2,-0.070796460176991,0.5
2020-03-14,地产/建筑,4,0.0482284224588881,0.25
2020-03-14,工业/制造,3,-0.011107660455486565,0.3333333333333333
2020-03-14,新能源/汽车,0,,
2020-03-14,消费/零售,0,,
2020-03-14,生物科技/医药,0,,
2020-03-14,金融,1,-0.2857142857142857,1.0
2020-03-15,TMT/互联网,0,,
2020-03-15,其他,2,-0.070796460176991,0.5
2020-03-15,地产/建筑,4,0.0482284224588881,0.25
2020-03-15,工业/制造,3,-0.011107660455486565,0.3333333333333333
2020-03-15,新能源/汽车,0,,
2020-03-15,消费/零售,0,,
2020-03-15,生物科技/医药,0,,
2020-03-15,金融,1,-0.2857142857142857,1.0
2020-03-16,TMT/互联网,0,,
2020-03-16,其他,2,-0.070796460176991,0.5
2020-03-16,地产/建筑,4,0.0482284224588881,0.25
2020-03-16,工业/制造,3,-0.011107660455486565,0.3333333333333333
2020-03-16,新能源/汽车,0,,
2020-03-16,消费/零售,0,,
2020-03-16,生物科技/医药,0,,
2020-03-16,金融,1,-0.2857142857142857,1.0
2020-03-17,TMT/互联网,1,-0.0344827586206896,1.0
2020-03-17,其他,2,-0.070796460176991,0.5
2020-03-17,地产/建筑,5,0.11413829352266602,0.2
2020-03-17,工业/制造,3,-0.011107660455486565,0.3333333333333333
2020-03-17,新能源/汽车,0,,
2020-03-17,消费/零售,0,,
2020-03-17,生物科技/医药,0,,
2020-03-17,金融,1,-0.2857142857142857,1.0
2020-03-18,TMT/互联网,1,-0.0344827586206896,1.0
2020-03-18,其他,3,0.11632590784253896,0.3333333333333333
2020-03-18,地产/建筑,5,0.11413829352266602,0.2
2020-03-18,工业/制造,3,-0.011107660455486565,0.3333333333333333
2020-03-18,新能源/汽车,0,,
2020-03-18,消费/零售,1,-0.1818181818181818,1.0
2020-03-18,生物科技/医药,0,,
2020-03-18,金融,1,-0.2857142857142857,1.0
2020-03-19,TMT/互联网,1,-0.0344827586206896,1.0
2020-03-19,其他,3,0.11632590784253896,0.3333333333333333
2020-03-19,地产/建筑,5,0.11413829352266602,0.2
2020-03-19,工业/制造,3,-0.011107660455486565,0.3333333333333333
2020-03-19,新能源/汽车,0,,
2020-03-19,消费/零售,1,-0.1818181818181818,1.0
2020-03-19,生物科技/医药,0,,
2020-03-19,金融,1,-0.2857142857142857,1.0
2020-03-20,TMT/互联网,1,-0.0344827586206896,1.0
2020-03-20,其他,3,0.11632590784253896,0.3333333333333333
2020-03-20,地产/建筑,5,0.11413829352266602,0.2
2020-03-20,工业/制造,3,-0.011107660455486565,0.3333333333333333
2020-03-20,新能源/汽车,0,,
2020-03-20,消费/零售,1,-0.1818181818181818,1.0
2020-03-20,生物科技/医药,0,,
2020-03-20,金融,1,-0.2857142857142857,1.0
2020-03-21,TMT/互联网,1,-0.0344827586206896,1.0
2020-03-21,其他,3,0.11632590784253896,0.3333333333333333
2020-03-21,地产/建筑,5,0.11413829352266602,0.2
2020-03-21,工业/制造,3,-0.011107660455486565,0.3333333333333333
2020-03-21,新能源/汽车,0,,
2020-03-21,消费/零售,1,-0.1818181818181818,1.0
2020-03-21,生物科技/医药,0,,
2020-03-21,金融,1,-0.2857142857142857,1.0
2020-03-22,TMT/互联网,1,-0.0344827586206896,1.0
2020-03-22,其他,3,0.11632590784253896,0.3333333333333333
2020-03-22,地产/建筑,5,0.11413829352266602,0.2
2020-03-22,工业/制造,3,-0.011107660455486565,0.3333333333333333
2020-03-22,新能源/汽车,0,,
2020-03-22,消费/零售,1,-0.1818181818181818,1.0
2020-03-22,生物科技/医药,0,,
2020-03-22,金融,1,-0.2857142857142857,1.0
2020-03-23,TMT/互联网,1,-0.0344827586206896,1.0
2020-03-23,其他,3,0.11632590784253896,0.3333333333333333
2020-03-23,地产/建筑,5,0.11413829352266602,0.2
2020-03-23,工业/制造,3,-0.011107660455486565,0.3333333333333333
2020-03-23,新能源/汽车,0,,
2020-03-23,消费/零售,1,-0.1818181818181818,1.0
2020-03-23,生物科技/医药,1,0.0436170212765957,0.0
2020-03-23,金融,1,-0.2857142857142857,1.0
2020-03-24,TMT/互联网,1,-0.0344827586206896,1.0
2020-03-24,其他,3,0.11632590784253896,0.3333333333333333
2020-03-24,地产/建筑,5,0.11413829352266602,0.2
2020-03-24,工业/制造,3,-0.011107660455486565,0.3333333333333333
2020-03-24,新能源/汽车,0,,
2020-03-24,消费/零售,1,-0.1818181818181818,1.0
2020-03-24,生物科技/医药,1,0.0436170212765957,0.0
2020-03-24,金融,1,-0.2857142857142857,1.0
2020-03-25,TMT/互联网,1,-0.0344827586206896,1.0
2020-03-25,其他,3,0.11632590784253896,0.3333333333333333
2020-03-25,地产/建筑,5,0.11413829352266602,0.2
2020-03-25,工业/制造,3,-0.011107660455486565,0.3333333333333333
2020-03-25,新能源/汽车,0,,
2020-03-25,消费/零售,1,-0.1818181818181818,1.0
2020-03-25,生物科技/医药,1,0.0436170212765957,0.0
2020-03-25,金融,1,-0.2857142857142857,1.0
2020-03-26,TMT/互联网,1,-0.0344827586206896,1.0
2020-03-26,其他,3,0.11632590784253896,0.3333333333333333
2020-03-26,地产/建筑,5,0.11413829352266602,0.2
2020-03-26,工业/制造,3,-0.011107660455486565,0.3333333333333333
2020-03-26,新能源/汽车,0,,
2020-03-26,消费/零售,1,-0.1818181818181818,1.0
2020-03-26,生物科技/医药,1,0.0436170212765957,0.0
2020-03-26,金融,1,-0.2857142857142857,1.0
2020-03-27,TMT/互联网,1,-0.0344827586206896,1.0
2020-03-27,其他,3,0.11632590784253896,0.3333333333333333
2020-03-27,地产/建筑,5,0.11413829352266602,0.2
2020-03-27,工业/制造,3,-0.011107660455486565,0.3333333333333333
2020-03-27,新能源/汽车,0,,
2020-03-27,消费/零售,2,-0.1964136780650542,1.0
2020-03-27,生物科技/医药,1,0.0436170212765957,0.0
2020-03-27,金融,1,-0.2857142857142857,1.0
2020-03-28,TMT/互联网,1,-0.0344827586206896,1.0
2020-03-28,其他,3,0.11632590784253896,0.3333333333333333
2020-03-28,地产/建筑,5,0.11413829352266602,0.2
2020-03-28,工业/制造,3,-0.011107660455486565,0.3333333333333333
2020-03-28,新能源/汽车,0,,
2020-03-28,消费/零售,2,-0.1964136780650542,1.0
2020-03-28,生物科技/医药,1,0.0436170212765957,0.0
2020-03-28,金融,1,-0.2857142857142857,1.0
2020-03-29,TMT/互联网,1,-0.0344827586206896,1.0
2020-03-29,其他,3,0.11632590784253896,0.3333333333333333
2020-03-29,地产/建筑,5,0.11413829352266602,0.2
2020-03-29,工业/制造,3,-0.011107660455486565,0.3333333333333333
2020-03-29,新能源/汽车,0,,
2020-03-29,消费/零售,2,-0.1964136780650542,1.0
2020-03-29,生物科技/医药,1,0.0436170212765957,0.0
2020-03-29,金融,1,-0.2857142857142857,1.0
2020-03-30,TMT/互联网,1,-0.0344827586206896,1.0
2020-03-30,其他,3,0.11632590784253896,0.3333333333333333
2020-03-30,地产/建筑,5,0.11413829352266602,0.2
2020-03-30,工业/制造,3,-0.011107660455486565,0.3333333333333333
2020-03-30,新能源/汽车,0,,
2020-03-30,消费/零售,2,-0.1964136780650542,1.0
2020-03-30,生物科技/医药,1,0.0436170212765957,0.0
2020-03-30,金融,1,-0.2857142857142857,1.0
2020-03-31,TMT/互联网,1,-0.0344827586206896,1.0
2020-03-31,其他,3,0.11632590784253896,0.3333333333333333
2020-03-31,地产/建筑,5,0.11413829352266602,0.2
2020-03-31,工业/制造,3,-0.011107660455486565,0.3333333333333333
2020-03-31,新能源/汽车,0,,
2020-03-31,消费/零售,2,-0.1964136780650542,1.0
2020-03-31,生物科技/医药,1,0.0436170212765957,0.0
2020-03-31,金融,1,-0.2857142857142857,1.0
2020-04-01,TMT/互联网,1,-0.0344827586206896,1.0
2020-04-01,其他,3,0.11632590784253896,0.3333333333333333
2020-04-01,地产/建筑,5,0.11413829352266602,0.2
2020-04-01,工业/制造,3,-0.011107660455486565,0.3333333333333333
2020-04-01,新能源/汽车,0,,
2020-04-01,消费/零售,2,-0.1964136780650542,1.0
2020-04-01,生物科技/医药,1,0.0436170212765957,0.0
2020-04-01,金融,1,-0.2857142857142857,1.0
2020-04-02,TMT/互联网,1,-0.0344827586206896,1.0
2020-04-02,其他,3,0.11632590784253896,0.3333333333333333
2020-04-02,地产/建筑,5,0.11413829352266602,0.2
2020-04-02,工业/制造,3,-0.011107660455486565,0.3333333333333333
2020-04-02,新能源/汽车,0,,
2020-04-02,消费/零售,2,-0.1964136780650542,1.0
2020-04-02,生物科技/医药,1,0.0436170212765957,0.0
2020-04-02,金融,1,-0.2857142857142857,1.0
2020-04-03,TMT/互联网,1,-0.0344827586206896,1.0
2020-04-03,其他,3,0.11632590784253896,0.3333333333333333
2020-04-03,地产/建筑,5,0.11413829352266602,0.2
2020-04-03,工业/制造,3,-0.011107660455486565,0.3333333333333333
2020-04-03,新能源/汽车,0,,
2020-04-03,消费/零售,2,-0.1964136780650542,1.0
2020-04-03,生物科技/医药,1,0.0436170212765957,0.0
2020-04-03,金融,1,-0.2857142857142857,1.0
2020-04-04,TMT/互联网,1,-0.0344827586206896,1.0
2020-04-04,其他,3,0.11632590784253896,0.3333333333333333
2020-04-04,地产/建筑,5,0.11413829352266602,0.2
2020-04-04,工业/制造,3,-0.011107660455486565,0.3333333333333333
2020-04-04,新能源/汽车,0,,
2020-04-04,消费/零售,2,-0.1964136780650542,1.0
2020-04-04,生物科技/医药,1,0.0436170212765957,0.0
2020-04-04,金融,1,-0.2857142857142857,1.0
2020-04-05,TMT/互联网,1,-0.0344827586206896,1.0
2020-04-05,其他,3,0.11632590784253896,0.3333333333333333
2020-04-05,地产/建筑,5,0.11413829352266602,0.2
2020-04-05,工业/制造,3,-0.011107660455486565,0.3333333333333333
2020-04-05,新能源/汽车,0,,
2020-04-05,消费/零售,2,-0.1964136780650542,1.0
2020-04-05,生物科技/医药,1,0.0436170212765957,0.0
2020-04-05,金融,1,-0.2857142857142857,1.0
2020-04-06,TMT/互联网,1,-0.0344827586206896,1.0
2020-04-06,其他,3,0.11632590784253896,0.3333333333333333
2020-04-06,地产/建筑,5,0.11413829352266602,0.2
2020-04-06,工业/制造,3,-0.011107660455486565,0.3333333333333333
2020-04-06,新能源/汽车,0,,
2020-04-06,消费/零售,2,-0.1964136780650542,1.0
2020-04-06,生物科技/医药,1,0.0436170212765957,0.0
2020-04-06,金融,1,-0.2857142857142857,1.0
2020-04-07,TMT/互联网,1,-0.0344827586206896,1.0
2020-04-07,其他,3,0.11632590784253896,0.3333333333333333
2020-04-07,地产/建筑,5,0.11413829352266602,0.2
2020-04-07,工业/制造,3,-0.011107660455486565,0.3333333333333333
2020-04-07,新能源/汽车,0,,
2020-04-07,消费/零售,2,-0.1964136780650542,1.0
2020-04-07,生物科技/医药,1,0.0436170212765957,0.0
2020-04-07,金融,1,-0.2857142857142857,1.0
2020-04-08,TMT/互联网,1,-0.0344827586206896,1.0
2020-04-08,其他,3,0.11632590784253896,0.3333333333333333
2020-04-08,地产/建筑,5,0.11413829352266602,0.2
2020-04-08,工业/制造,3,-0.011107660455486565,0.3333333333333333
2020-04-08,新能源/汽车,0,,
2020-04-08,消费/零售,2,-0.1964136780650542,1.0
2020-04-08,生物科技/医药,1,0.0436170212765957,0.0
2020-04-08,金融,1,-0.2857142857142857,1.0
2020-04-09,TMT/互联网,1,-0.0344827586206896,1.0
2020-04-09,其他,3,0.11632590784253896,0.3333333333333333
2020-04-09,地产/建筑,5,0.11413829352266602,0.2
2020-04-09,工业/制造,3,-0.011107660455486565,0.3333333333333333
2020-04-09,新能源/汽车,0,,
2020-04-09,消费/零售,2,-0.1964136780650542,1.0
2020-04-09,生物科技/医药,1,0.0436170212765957,0.0
2020-04-09,金融,1,-0.2857142857142857,1.0
2020-04-10,TMT/互联网,1,-0.0344827586206896,1.0
2020-04-10,其他,3,0.11632590784253896,0.3333333333333333
2020-04-10,地产/建筑,5,0.11413829352266602,0.2
2020-04-10,工业/制造,3,-0.011107660455486565,0.3333333333333333
2020-04-10,新能源/汽车,0,,
2020-04-10,消费/零售,2,-0.1964136780650542,1.0
2020-04-10,生物科技/医药,1,0.0436170212765957,0.0
2020-04-10,金融,1,-0.2857142857142857,1.0
2020-04-11,TMT/互联网,1,-0.0344827586206896,1.0
2020-04-11,其他,3,0.11632590784253896,0.3333333333333333
2020-04-11,地产/建筑,5,0.11413829352266602,0.2
2020-04-11,工业/制造,3,-0.011107660455486565,0.3333333333333333
2020-04-11,新能源/汽车,0,,
2020-04-11,消费/零售,2,-0.1964136780650542,1.0
2020-04-11,生物科技/医药,1,0.0436170212765957,0.0
2020-04-11,金融,1,-0.2857142857142857,1.0
2020-04-12,TMT/互联网,1,-0.0344827586206896,1.0
2020-04-12,其他,3,0.11632590784253896,0.3333333333333333
2020-04-12,地产/建筑,5,0.11413829352266602,0.2
2020-04-12,工业/制造,3,-0.011107660455486565,0.3333333333333333
2020-04-12,新能源/汽车,0,,
2020-04-12,消费/零售,2,-0.1964136780650542,1.0
2020-04-12,生物科技/医药,1,0.0436170212765957,0.0
2020-04-12,金融,1,-0.2857142857142857,1.0
2020-04-13,TMT/互联网,1,-0.0344827586206896,1.0
2020-04-13,其他,3,0.11632590784253896,0.3333333333333333
2020-04-13,地产/建筑,5,0.11413829352266602,0.2
2020-04-13,工业/制造,3,-0.011107660455486565,0.3333333333333333
2020-04-13,新能源/汽车,0,,
2020-04-13,消费/零售,2,-0.1964136780650542,1.0
2020-04-13,生物科技/医药,1,0.0436170212765957,0.0
2020-04-13,金融,1,-0.2857142857142857,1.0
2020-04-14,TMT/互联网,1,-0.0344827586206896,1.0
2020-04-14,其他,3,0.11632590784253896,0.3333333333333333
2020-04-14,地产/建筑,5,0.11413829352266602,0.2
2020-04-14,工业/制造,3,-0.011107660455486565,0.3333333333333333
2020-04-14,新能源/汽车,0,,
2020-04-14,消费/零售,2,-0.1964136780650542,1.0
2020-04-14,生物科技/医药,1,0.0436170212765957,0.0
2020-04-14,金融,1,-0.2857142857142857,1.0
2020-04-15,TMT/互联网,1,-0.0344827586206896,1.0
2020-04-15,其他,3,0.11632590784253896,0.3333333333333333
2020-04-15,地产/建筑,6,0.158448577935555,0.16666666666666666
2020-04-15,工业/制造,3,-0.011107660455486565,0.3333333333333333
2020-04-15,新能源/汽车,0,,
2020-04-15,消费/零售,2,-0.1964136780650542,1.0
2020-04-15,生物科技/医药,2,-0.10319148936170221,0.5
2020-04-15,金融,2,-0.3342151675485009,1.0
2020-04-16,TMT/互联网,1,-0.0344827586206896,1.0
2020-04-16,其他,3,0.11632590784253896,0.3333333333333333
2020-04-16,地产/建筑,6,0.158448577935555,0.16666666666666666
2020-04-16,工业/制造,3,-0.011107660455486565,0.3333333333333333
2020-04-16,新能源/汽车,0,,
2020-04-16,消费/零售,2,-0.1964136780650542,1.0
2020-04-16,生物科技/医药,2,-0.10319148936170221,0.5
2020-04-16,金融,2,-0.3342151675485009,1.0
2020-04-17,TMT/互联网,1,-0.0344827586206896,1.0
2020-04-17,其他,3,0.11632590784253896,0.3333333333333333
2020-04-17,地产/建筑,6,0.158448577935555,0.16666666666666666
2020-04-17,工业/制造,3,-0.011107660455486565,0.3333333333333333
2020-04-17,新能源/汽车,0,,
2020-04-17,消费/零售,2,-0.1964136780650542,1.0
2020-04-17,生物科技/医药,2,-0.10319148936170221,0.5
2020-04-17,金融,2,-0.3342151675485009,1.0
2020-04-18,TMT/互联网,1,-0.0344827586206896,1.0
2020-04-18,其他,3,0.11632590784253896,0.3333333333333333
2020-04-18,地产/建筑,6,0.158448577935555,0.16666666666666666
2020-04-18,工业/制造,3,-0.011107660455486565,0.3333333333333333
2020-04-18,新能源/汽车,0,,
2020-04-18,消费/零售,2,-0.1964136780650542,1.0
2020-04-18,生物科技/医药,2,-0.10319148936170221,0.5
2020-04-18,金融,2,-0.3342151675485009,1.0
2020-04-19,TMT/互联网,1,-0.0344827586206896,1.0
2020-04-19,其他,3,0.11632590784253896,0.3333333333333333
2020-04-19,地产/建筑,6,0.158448577935555,0.16666666666666666
2020-04-19,工业/制造,3,-0.011107660455486565,0.3333333333333333
2020-04-19,新能源/汽车,0,,
2020-04-19,消费/零售,2,-0.1964136780650542,1.0
2020-04-19,生物科技/医药,2,-0.10319148936170221,0.5
2020-04-19,金融,2,-0.3342151675485009,1.0
2020-04-20,TMT/互联网,1,-0.0344827586206896,1.0
2020-04-20,其他,3,0.11632590784253896,0.3333333333333333
2020-04-20,地产/建筑,6,0.158448577935555,0.16666666666666666
2020-04-20,工业/制造,4,-0.14404503105590064,0.5
2020-04-20,新能源/汽车,0,,
2020-04-20,消费/零售,2,-0.1964136780650542,1.0
2020-04-20,生物科技/医药,2,-0.10319148936170221,0.5
2020-04-20,金融,2,-0.3342151675485009,1.0
2020-04-21,TMT/互联网,1,-0.0344827586206896,1.0
2020-04-21,其他,3,0.11632590784253896,0.3333333333333333
2020-04-21,地产/建筑,6,0.158448577935555,0.16666666666666666
2020-04-21,工业/制造,4,-0.14404503105590064,0.5
2020-04-21,新能源/汽车,0,,
2020-04-21,消费/零售,2,-0.1964136780650542,1.0
2020-04-21,生物科技/医药,2,-0.10319148936170221,0.5
2020-04-21,金融,2,-0.3342151675485009,1.0
2020-04-22,TMT/互联网,1,-0.0344827586206896,1.0
2020-04-22,其他,3,0.11632590784253896,0.3333333333333333
2020-04-22,地产/建筑,6,0.158448577935555,0.16666666666666666
2020-04-22,工业/制造,4,-0.14404503105590064,0.5
2020-04-22,新能源/汽车,0,,
2020-04-22,消费/零售,2,-0.1964136780650542,1.0
2020-04-22,生物科技/医药,2,-0.10319148936170221,0.5
2020-04-22,金融,2,-0.3342151675485009,1.0
2020-04-23,TMT/互联网,1,-0.0344827586206896,1.0
2020-04-23,其他,3,0.11632590784253896,0.3333333333333333
2020-04-23,地产/建筑,7,0.1872416382304757,0.14285714285714285
2020-04-23,工业/制造,4,-0.14404503105590064,0.5
2020-04-23,新能源/汽车,0,,
2020-04-23,消费/零售,2,-0.1964136780650542,1.0
2020-04-23,生物科技/医药,2,-0.10319148936170221,0.5
2020-04-23,金融,2,-0.3342151675485009,1.0
2020-04-24,TMT/互联网,1,-0.0344827586206896,1.0
2020-04-24,其他,3,0.11632590784253896,0.3333333333333333
2020-04-24,地产/建筑,7,0.1872416382304757,0.14285714285714285
2020-04-24,工业/制造,4,-0.14404503105590064,0.5
2020-04-24,新能源/汽车,0,,
2020-04-24,消费/零售,2,-0.1964136780650542,1.0
2020-04-24,生物科技/医药,3,-0.057446808510638374,0.3333333333333333
2020-04-24,金融,2,-0.3342151675485009,1.0
2020-04-25,TMT/互联网,1,-0.0344827586206896,1.0
2020-04-25,其他,3,0.11632590784253896,0.3333333333333333
2020-04-25,地产/建筑,7,0.1872416382304757,0.14285714285714285
2020-04-25,工业/制造,4,-0.14404503105590064,0.5
2020-04-25,新能源/汽车,0,,
2020-04-25,消费/零售,2,-0.1964136780650542,1.0
2020-04-25,生物科技/医药,3,-0.057446808510638374,0.3333333333333333
2020-04-25,金融,2,-0.3342151675485009,1.0
2020-04-26,TMT/互联网,1,-0.0344827586206896,1.0
2020-04-26,其他,3,0.11632590784253896,0.3333333333333333
2020-04-26,地产/建筑,7,0.1872416382304757,0.14285714285714285
2020-04-26,工业/制造,4,-0.14404503105590064,0.5
2020-04-26,新能源/汽车,0,,
2020-04-26,消费/零售,2,-0.1964136780650542,1.0
2020-04-26,生物科技/医药,3,-0.057446808510638374,0.3333333333333333
2020-04-26,金融,2,-0.3342151675485009,1.0
2020-04-27,TMT/互联网,1,-0.0344827586206896,1.0
2020-04-27,其他,3,0.11632590784253896,0.3333333333333333
2020-04-27,地产/建筑,7,0.1872416382304757,0.14285714285714285
2020-04-27,工业/制造,4,-0.14404503105590064,0.5
2020-04-27,新能源/汽车,0,,
2020-04-27,消费/零售,2,-0.1964136780650542,1.0
2020-04-27,生物科技/医药,3,-0.057446808510638374,0.3333333333333333
2020-04-27,金融,2,-0.3342151675485009,1.0
2020-04-28,TMT/互联网,1,-0.0344827586206896,1.0
2020-04-28,其他,3,0.11632590784253896,0.3333333333333333
2020-04-28,地产/建筑,8,0.14120712310683867,0.25
2020-04-28,工业/制造,4,-0.14404503105590064,0.5
2020-04-28,新能源/汽车,0,,
2020-04-28,消费/零售,2,-0.1964136780650542,1.0
2020-04-28,生物科技/医药,3,-0.057446808510638374,0.3333333333333333
2020-04-28,金融,2,-0.3342151675485009,1.0
2020-04-29,TMT/互联网,1,-0.0344827586206896,1.0
2020-04-29,其他,3,0.11632590784253896,0.3333333333333333
2020-04-29,地产/建筑,8,0.14120712310683867,0.25
2020-04-29,工业/制造,4,-0.14404503105590064,0.5
2020-04-29,新能源/汽车,0,,
2020-04-29,消费/零售,2,-0.1964136780650542,1.0
2020-04-29,生物科技/医药,3,-0.057446808510638374,0.3333333333333333
2020-04-29,金融,2,-0.3342151675485009,1.0
2020-04-30,TMT/互联网,1,-0.0344827586206896,1.0
2020-04-30,其他,3,0.11632590784253896,0.3333333333333333
2020-04-30,地产/建筑,8,0.14120712310683867,0.25
2020-04-30,工业/制造,4,-0.14404503105590064,0.5
2020-04-30,新能源/汽车,0,,
2020-04-30,消费/零售,2,-0.1964136780650542,1.0
2020-04-30,生物科技/医药,3,-0.057446808510638374,0.3333333333333333
2020-04-30,金融,2,-0.3342151675485009,1.0
2020-05-01,TMT/互联网,1,-0.0344827586206896,1.0
2020-05-01,其他,3,0.11632590784253896,0.3333333333333333
2020-05-01,地产/建筑,8,0.14120712310683867,0.25
2020-05-01,工业/制造,4,-0.14404503105590064,0.5
2020-05-01,新能源/汽车,0,,
2020-05-01,消费/零售,2,-0.1964136780650542,1.0
2020-05-01,生物科技/医药,3,-0.057446808510638374,0.3333333333333333
2020-05-01,金融,2,-0.3342151675485009,1.0
2020-05-02,TMT/互联网,1,-0.0344827586206896,1.0
2020-05-02,其他,3,0.11632590784253896,0.3333333333333333
2020-05-02,地产/建筑,8,0.14120712310683867,0.25
2020-05-02,工业/制造,4,-0.14404503105590064,0.5
2020-05-02,新能源/汽车,0,,
2020-05-02,消费/零售,2,-0.1964136780650542,1.0
2020-05-02,生物科技/医药,3,-0.057446808510638374,0.3333333333333333
2020-05-02,金融,2,-0.3342151675485009,1.0
2020-05-03,TMT/互联网,1,-0.0344827586206896,1.0
2020-05-03,其他,3,0.11632590784253896,0.3333333333333333
2020-05-03,地产/建筑,8,0.14120712310683867,0.25
2020-05-03,工业/制造,4,-0.14404503105590064,0.5
2020-05-03,新能源/汽车,0,,
2020-05-03,消费/零售,2,-0.1964136780650542,1.0
2020-05-03,生物科技/医药,3,-0.057446808510638374,0.3333333333333333
2020-05-03,金融,2,-0.3342151675485009,1.0
2020-05-04,TMT/互联网,1,-0.0344827586206896,1.0
2020-05-04,其他,3,0.11632590784253896,0.3333333333333333
2020-05-04,地产/建筑,8,0.14120712310683867,0.25
2020-05-04,工业/制造,4,-0.14404503105590064,0.5
2020-05-04,新能源/汽车,0,,
2020-05-04,消费/零售,2,-0.1964136780650542,1.0
2020-05-04,生物科技/医药,3,-0.057446808510638374,0.3333333333333333
2020-05-04,金融,2,-0.3342151675485009,1.0
2020-05-05,TMT/互联网,1,-0.0344827586206896,1.0
2020-05-05,其他,3,0.11632590784253896,0.3333333333333333
2020-05-05,地产/建筑,8,0.14120712310683867,0.25
2020-05-05,工业/制造,4,-0.14404503105590064,0.5
2020-05-05,新能源/汽车,0,,
2020-05-05,消费/零售,2,-0.1964136780650542,1.0
2020-05-05,生物科技/医药,3,-0.057446808510638374,0.3333333333333333
2020-05-05,金融,2,-0.3342151675485009,1.0
2020-05-06,TMT/互联网,1,-0.0344827586206896,1.0
2020-05-06,其他,3,0.11632590784253896,0.3333333333333333
2020-05-06,地产/建筑,8,0.14120712310683867,0.25
2020-05-06,工业/制造,4,-0.14404503105590064,0.5
2020-05-06,新能源/汽车,0,,
2020-05-06,消费/零售,2,-0.1964136780650542,1.0
2020-05-06,生物科技/医药,3,-0.057446808510638374,0.3333333333333333
2020-05-06,金融,2,-0.3342151675485009,1.0
2020-05-07,TMT/互联网,1,-0.0344827586206896,1.0
2020-05-07,其他,3,0.11632590784253896,0.3333333333333333
2020-05-07,地产/建筑,9,0.10900092624511785,0.3333333333333333
2020-05-07,工业/制造,4,-0.14404503105590064,0.5
2020-05-07,新能源/汽车,0,,
2020-05-07,消费/零售,2,-0.1964136780650542,1.0
2020-05-07,生物科技/医药,3,-0.057446808510638374,0.3333333333333333
2020-05-07,金融,2,-0.3342151675485009,1.0
2020-05-08,TMT/互联网,1,-0.0344827586206896,1.0
2020-05-08,其他,3,0.11632590784253896,0.3333333333333333
2020-05-08,地产/建筑,9,0.10900092624511785,0.3333333333333333
2020-05-08,工业/制造,4,-0.14404503105590064,0.5
2020-05-08,新能源/汽车,0,,
2020-05-08,消费/零售,2,-0.1964136780650542,1.0
2020-05-08,生物科技/医药,3,-0.057446808510638374,0.3333333333333333
2020-05-08,金融,2,-0.3342151675485009,1.0
2020-05-09,TMT/互联网,1,-0.0344827586206896,1.0
2020-05-09,其他,3,0.11632590784253896,0.3333333333333333
2020-05-09,地产/建筑,9,0.10900092624511785,0.3333333333333333
2020-05-09,工业/制造,4,-0.14404503105590064,0.5
2020-05-09,新能源/汽车,0,,
2020-05-09,消费/零售,2,-0.1964136780650542,1.0
2020-05-09,生物科技/医药,3,-0.057446808510638374,0.3333333333333333
2020-05-09,金融,2,-0.3342151675485009,1.0
2020-05-10,TMT/互联网,1,-0.0344827586206896,1.0
2020-05-10,其他,3,0.11632590784253896,0.3333333333333333
2020-05-10,地产/建筑,9,0.10900092624511785,0.3333333333333333
2020-05-10,工业/制造,4,-0.14404503105590064,0.5
2020-05-10,新能源/汽车,0,,
2020-05-10,消费/零售,2,-0.1964136780650542,1.0
2020-05-10,生物科技/医药,3,-0.057446808510638374,0.3333333333333333
2020-05-10,金融,2,-0.3342151675485009,1.0
2020-05-11,TMT/互联网,1,-0.0344827586206896,1.0
2020-05-11,其他,3,0.11632590784253896,0.3333333333333333
2020-05-11,地产/建筑,9,0.10900092624511785,0.3333333333333333
2020-05-11,工业/制造,4,-0.14404503105590064,0.5
2020-05-11,新能源/汽车,0,,
2020-05-11,消费/零售,2,-0.1964136780650542,1.0
2020-05-11,生物科技/医药,3,-0.057446808510638374,0.3333333333333333
2020-05-11,金融,2,-0.3342151675485009,1.0
2020-05-12,TMT/互联网,1,-0.0344827586206896,1.0
2020-05-12,其他,3,0.11632590784253896,0.3333333333333333
2020-05-12,地产/建筑,9,0.10900092624511785,0.3333333333333333
2020-05-12,工业/制造,4,-0.14404503105590064,0.5
2020-05-12,新能源/汽车,0,,
2020-05-12,消费/零售,2,-0.1964136780650542,1.0
2020-05-12,生物科技/医药,3,-0.057446808510638374,0.3333333333333333
2020-05-12,金融,2,-0.3342151675485009,1.0
2020-05-13,TMT/互联网,2,-0.13098545513972865,1.0
2020-05-13,其他,3,0.11632590784253896,0.3333333333333333
2020-05-13,地产/建筑,9,0.10900092624511785,0.3333333333333333
2020-05-13,工业/制造,4,-0.14404503105590064,0.5
2020-05-13,新能源/汽车,0,,
2020-05-13,消费/零售,3,-0.006564342590633136,0.6666666666666666
2020-05-13,生物科技/医药,3,-0.057446808510638374,0.3333333333333333
2020-05-13,金融,2,-0.3342151675485009,1.0
2020-05-14,TMT/互联网,2,-0.13098545513972865,1.0
2020-05-14,其他,3,0.11632590784253896,0.3333333333333333
2020-05-14,地产/建筑,9,0.10900092624511785,0.3333333333333333
2020-05-14,工业/制造,4,-0.14404503105590064,0.5
2020-05-14,新能源/汽车,0,,
2020-05-14,消费/零售,3,-0.006564342590633136,0.6666666666666666
2020-05-14,生物科技/医药,3,-0.057446808510638374,0.3333333333333333
2020-05-14,金融,2,-0.3342151675485009,1.0
2020-05-15,TMT/互联网,2,-0.13098545513972865,1.0
2020-05-15,其他,3,0.11632590784253896,0.3333333333333333
2020-05-15,地产/建筑,10,0.09750700939257756,0.4
2020-05-15,工业/制造,4,-0.14404503105590064,0.5
2020-05-15,新能源/汽车,0,,
2020-05-15,消费/零售,3,-0.006564342590633136,0.6666666666666666
2020-05-15,生物科技/医药,4,-0.05241346459193398,0.5
2020-05-15,金融,2,-0.3342151675485009,1.0
2020-05-16,TMT/互联网,2,-0.13098545513972865,1.0
2020-05-16,其他,3,0.11632590784253896,0.3333333333333333
2020-05-16,地产/建筑,10,0.09750700939257756,0.4
2020-05-16,工业/制造,4,-0.14404503105590064,0.5
2020-05-16,新能源/汽车,0,,
2020-05-16,消费/零售,3,-0.006564342590633136,0.6666666666666666
2020-05-16,生物科技/医药,4,-0.05241346459193398,0.5
2020-05-16,金融,2,-0.3342151675485009,1.0
2020-05-17,TMT/互联网,2,-0.13098545513972865,1.0
2020-05-17,其他,3,0.11632590784253896,0.3333333333333333
2020-05-17,地产/建筑,10,0.09750700939257756,0.4
2020-05-17,工业/制造,4,-0.14404503105590064,0.5
2020-05-17,新能源/汽车,0,,
2020-05-17,消费/零售,3,-0.006564342590633136,0.6666666666666666
2020-05-17,生物科技/医药,4,-0.05241346459193398,0.5
2020-05-17,金融,2,-0.3342151675485009,1.0
2020-05-18,TMT/互联网,2,-0.13098545513972865,1.0
2020-05-18,其他,3,0.11632590784253896,0.3333333333333333
2020-05-18,地产/建筑,10,0.09750700939257756,0.4
2020-05-18,工业/制造,4,-0.14404503105590064,0.5
2020-05-18,新能源/汽车,0,,
2020-05-18,消费/零售,4,0.08841007639035847,0.5
2020-05-18,生物科技/医药,4,-0.05241346459193398,0.5
2020-05-18,金融,2,-0.3342151675485009,1.0
2020-05-19,TMT/互联网,2,-0.13098545513972865,1.0
2020-05-19,其他,3,0.11632590784253896,0.3333333333333333
2020-05-19,地产/建筑,10,0.09750700939257756,0.4
2020-05-19,工业/制造,4,-0.14404503105590064,0.5
2020-05-19,新能源/汽车,0,,
2020-05-19,消费/零售,4,0.08841007639035847,0.5
2020-05-19,生物科技/医药,4,-0.05241346459193398,0.5
2020-05-19,金融,2,-0.3342151675485009,1.0
2020-05-20,TMT/互联网,2,-0.13098545513972865,1.0
2020-05-20,其他,3,0.11632590784253896,0.3333333333333333
2020-05-20,地产/建筑,10,0.09750700939257756,0.4
2020-05-20,工业/制造,4,-0.14404503105590064,0.5
2020-05-20,新能源/汽车,0,,
2020-05-20,消费/零售,4,0.08841007639035847,0.5
2020-05-20,生物科技/医药,4,-0.05241346459193398,0.5
2020-05-20,金融,2,-0.3342151675485009,1.0
2020-05-21,TMT/互联网,2,-0.13098545513972865,1.0
2020-05-21,其他,3,0.11632590784253896,0.3333333333333333
2020-05-21,地产/建筑,10,0.09750700939257756,0.4
2020-05-21,工业/制造,4,-0.14404503105590064,0.5
2020-05-21,新能源/汽车,0,,
2020-05-21,消费/零售,4,0.08841007639035847,0.5
2020-05-21,生物科技/医药,4,-0.05241346459193398,0.5
2020-05-21,金融,2,-0.3342151675485009,1.0
2020-05-22,TMT/互联网,2,-0.13098545513972865,1.0
2020-05-22,其他,3,0.11632590784253896,0.3333333333333333
2020-05-22,地产/建筑,10,0.09750700939257756,0.4
2020-05-22,工业/制造,4,-0.14404503105590064,0.5
2020-05-22,新能源/汽车,0,,
2020-05-22,消费/零售,4,0.08841007639035847,0.5
2020-05-22,生物科技/医药,5,-0.028531267951462803,0.4
2020-05-22,金融,2,-0.3342151675485009,1.0
2020-05-23,TMT/互联网,2,-0.13098545513972865,1.0
2020-05-23,其他,3,0.11632590784253896,0.3333333333333333
2020-05-23,地产/建筑,10,0.09750700939257756,0.4
2020-05-23,工业/制造,4,-0.14404503105590064,0.5
2020-05-23,新能源/汽车,0,,
2020-05-23,消费/零售,4,0.08841007639035847,0.5
2020-05-23,生物科技/医药,5,-0.028531267951462803,0.4
2020-05-23,金融,2,-0.3342151675485009,1.0
2020-05-24,TMT/互联网,2,-0.13098545513972865,1.0
2020-05-24,其他,3,0.11632590784253896,0.3333333333333333
2020-05-24,地产/建筑,10,0.09750700939257756,0.4
2020-05-24,工业/制造,4,-0.14404503105590064,0.5
2020-05-24,新能源/汽车,0,,
2020-05-24,消费/零售,4,0.08841007639035847,0.5
2020-05-24,生物科技/医药,5,-0.028531267951462803,0.4
2020-05-24,金融,2,-0.3342151675485009,1.0
2020-05-25,TMT/互联网,2,-0.13098545513972865,1.0
2020-05-25,其他,3,0.11632590784253896,0.3333333333333333
2020-05-25,地产/建筑,10,0.09750700939257756,0.4
2020-05-25,工业/制造,4,-0.14404503105590064,0.5
2020-05-25,新能源/汽车,0,,
2020-05-25,消费/零售,4,0.08841007639035847,0.5
2020-05-25,生物科技/医药,5,-0.028531267951462803,0.4
2020-05-25,金融,2,-0.3342151675485009,1.0
2020-05-26,TMT/互联网,2,-0.13098545513972865,1.0
2020-05-26,其他,3,0.11632590784253896,0.3333333333333333
2020-05-26,地产/建筑,10,0.09750700939257756,0.4
2020-05-26,工业/制造,4,-0.14404503105590064,0.5
2020-05-26,新能源/汽车,0,,
2020-05-26,消费/零售,4,0.08841007639035847,0.5
2020-05-26,生物科技/医药,5,-0.028531267951462803,0.4
2020-05-26,金融,2,-0.3342151675485009,1.0
2020-05-27,TMT/互联网,2,-0.13098545513972865,1.0
2020-05-27,其他,3,0.11632590784253896,0.3333333333333333
2020-05-27,地产/建筑,10,0.09750700939257756,0.4
2020-05-27,工业/制造,4,-0.14404503105590064,0.5
2020-05-27,新能源/汽车,0,,
2020-05-27,消费/零售,4,0.08841007639035847,0.5
2020-05-27,生物科技/医药,5,-0.028531267951462803,0.4
2020-05-27,金融,2,-0.3342151675485009,1.0
2020-05-28,TMT/互联网,2,-0.13098545513972865,1.0
2020-05-28,其他,3,0.11632590784253896,0.3333333333333333
2020-05-28,地产/建筑,10,0.09750700939257756,0.4
2020-05-28,工业/制造,4,-0.14404503105590064,0.5
2020-05-28,新能源/汽车,0,,
2020-05-28,消费/零售,4,0.08841007639035847,0.5
2020-05-28,生物科技/医药,5,-0.028531267951462803,0.4
2020-05-28,金融,2,-0.3342151675485009,1.0
2020-05-29,TMT/互联网,2,-0.13098545513972865,1.0
2020-05-29,其他,3,0.11632590784253896,0.3333333333333333
2020-05-29,地产/建筑,10,0.09750700939257756,0.4
2020-05-29,工业/制造,4,-0.14404503105590064,0.5
2020-05-29,新能源/汽车,0,,
2020-05-29,消费/零售,4,0.08841007639035847,0.5
2020-05-29,生物科技/医药,5,-0.028531267951462803,0.4
2020-05-29,金融,2,-0.3342151675485009,1.0
2020-05-30,TMT/互联网,2,-0.13098545513972865,1.0
2020-05-30,其他,3,0.11632590784253896,0.3333333333333333
2020-05-30,地产/建筑,10,0.09750700939257756,0.4
2020-05-30,工业/制造,4,-0.14404503105590064,0.5
2020-05-30,新能源/汽车,0,,
2020-05-30,消费/零售,4,0.08841007639035847,0.5
2020-05-30,生物科技/医药,5,-0.028531267951462803,0.4
2020-05-30,金融,2,-0.3342151675485009,1.0
2020-05-31,TMT/互联网,2,-0.13098545513972865,1.0
2020-05-31,其他,3,0.11632590784253896,0.3333333333333333
2020-05-31,地产/建筑,10,0.09750700939257756,0.4
2020-05-31,工业/制造,4,-0.14404503105590064,0.5
2020-05-31,新能源/汽车,0,,
2020-05-31,消费/零售,4,0.08841007639035847,0.5
2020-05-31,生物科技/医药,5,-0.028531267951462803,0.4
2020-05-31,金融,2,-0.3342151675485009,1.0
2020-06-01,TMT/互联网,2,-0.13098545513972865,1.0
2020-06-01,其他,3,0.11632590784253896,0.3333333333333333
2020-06-01,地产/建筑,10,0.09750700939257756,0.4
2020-06-01,工业/制造,4,-0.14404503105590064,0.5
2020-06-01,新能源/汽车,0,,
2020-06-01,消费/零售,4,0.08841007639035847,0.5
2020-06-01,生物科技/医药,5,-0.028531267951462803,0.4
2020-06-01,金融,3,-0.162649683891514,0.6666666666666666
2020-06-02,TMT/互联网,2,-0.13098545513972865,1.0
2020-06-02,其他,3,0.11632590784253896,0.3333333333333333
2020-06-02,地产/建筑,10,0.09750700939257756,0.4
2020-06-02,工业/制造,4,-0.14404503105590064,0.5
2020-06-02,新能源/汽车,0,,
2020-06-02,消费/零售,5,0.013152303536529176,0.6
2020-06-02,生物科技/医药,5,-0.028531267951462803,0.4
2020-06-02,金融,3,-0.162649683891514,0.6666666666666666
2020-06-03,TMT/互联网,2,-0.13098545513972865,1.0
2020-06-03,其他,3,0.11632590784253896,0.3333333333333333
2020-06-03,地产/建筑,10,0.09750700939257756,0.4
2020-06-03,工业/制造,5,-0.11688891740670396,0.6
2020-06-03,新能源/汽车,0,,
2020-06-03,消费/零售,5,0.013152303536529176,0.6
2020-06-03,生物科技/医药,5,-0.028531267951462803,0.4
2020-06-03,金融,3,-0.162649683891514,0.6666666666666666
2020-06-04,TMT/互联网,2,-0.13098545513972865,1.0
2020-06-04,其他,3,0.11632590784253896,0.3333333333333333
2020-06-04,地产/建筑,10,0.09750700939257756,0.4
2020-06-04,工业/制造,5,-0.11688891740670396,0.6
2020-06-04,新能源/汽车,0,,
2020-06-04,消费/零售,5,0.013152303536529176,0.6
2020-06-04,生物科技/医药,5,-0.028531267951462803,0.4
2020-06-04,金融,3,-0.162649683891514,0.6666666666666666
2020-06-05,TMT/互联网,2,-0.13098545513972865,1.0
2020-06-05,其他,3,0.11632590784253896,0.3333333333333333
2020-06-05,地产/建筑,10,0.09750700939257756,0.4
2020-06-05,工业/制造,5,-0.11688891740670396,0.6
2020-06-05,新能源/汽车,0,,
2020-06-05,消费/零售,5,0.013152303536529176,0.6
2020-06-05,生物科技/医药,5,-0.028531267951462803,0.4
2020-06-05,金融,3,-0.162649683891514,0.6666666666666666
2020-06-06,TMT/互联网,2,-0.13098545513972865,1.0
2020-06-06,其他,3,0.11632590784253896,0.3333333333333333
2020-06-06,地产/建筑,10,0.09750700939257756,0.4
2020-06-06,工业/制造,5,-0.11688891740670396,0.6
2020-06-06,新能源/汽车,0,,
2020-06-06,消费/零售,5,0.013152303536529176,0.6
2020-06-06,生物科技/医药,5,-0.028531267951462803,0.4
2020-06-06,金融,3,-0.162649683891514,0.6666666666666666
2020-06-07,TMT/互联网,2,-0.13098545513972865,1.0
2020-06-07,其他,3,0.11632590784253896,0.3333333333333333
2020-06-07,地产/建筑,10,0.09750700939257756,0.4
2020-06-07,工业/制造,5,-0.11688891740670396,0.6
2020-06-07,新能源/汽车,0,,
2020-06-07,消费/零售,5,0.013152303536529176,0.6
2020-06-07,生物科技/医药,5,-0.028531267951462803,0.4
2020-06-07,金融,3,-0.162649683891514,0.6666666666666666
2020-06-08,TMT/互联网,2,-0.13098545513972865,1.0
2020-06-08,其他,3,0.11632590784253896,0.3333333333333333
2020-06-08,地产/建筑,10,0.09750700939257756,0.4
2020-06-08,工业/制造,5,-0.11688891740670396,0.6
2020-06-08,新能源/汽车,0,,
2020-06-08,消费/零售,5,0.013152303536529176,0.6
2020-06-08,生物科技/医药,5,-0.028531267951462803,0.4
2020-06-08,金融,3,-0.162649683891514,0.6666666666666666
2020-06-09,TMT/互联网,2,-0.13098545513972865,1.0
2020-06-09,其他,3,0.11632590784253896,0.3333333333333333
2020-06-09,地产/建筑,10,0.09750700939257756,0.4
2020-06-09,工业/制造,5,-0.11688891740670396,0.6
2020-06-09,新能源/汽车,0,,
2020-06-09,消费/零售,5,0.013152303536529176,0.6
2020-06-09,生物科技/医药,5,-0.028531267951462803,0.4
2020-06-09,金融,3,-0.162649683891514,0.6666666666666666
2020-06-10,TMT/互联网,2,-0.13098545513972865,1.0
2020-06-10,其他,3,0.11632590784253896,0.3333333333333333
2020-06-10,地产/建筑,10,0.09750700939257756,0.4
2020-06-10,工业/制造,5,-0.11688891740670396,0.6
2020-06-10,新能源/汽车,0,,
2020-06-10,消费/零售,5,0.013152303536529176,0.6
2020-06-10,生物科技/医药,5,-0.028531267951462803,0.4
2020-06-10,金融,3,-0.162649683891514,0.6666666666666666
2020-06-11,TMT/互联网,3,-0.0948424337523003,1.0
2020-06-11,其他,3,0.11632590784253896,0.3333333333333333
2020-06-11,地产/建筑,10,0.09750700939257756,0.4
2020-06-11,工业/制造,5,-0.11688891740670396,0.6
2020-06-11,新能源/汽车,0,,
2020-06-11,消费/零售,5,0.013152303536529176,0.6
2020-06-11,生物科技/医药,5,-0.028531267951462803,0.4
2020-06-11,金融,3,-0.162649683891514,0.6666666666666666
2020-06-12,TMT/互联网,3,-0.0948424337523003,1.0
2020-06-12,其他,3,0.11632590784253896,0.3333333333333333
2020-06-12,地产/建筑,10,0.09750700939257756,0.4
2020-06-12,工业/制造,5,-0.11688891740670396,0.6
2020-06-12,新能源/汽车,0,,
2020-06-12,消费/零售,5,0.013152303536529176,0.6
2020-06-12,生物科技/医药,5,-0.028531267951462803,0.4
2020-06-12,金融,3,-0.162649683891514,0.6666666666666666
2020-06-13,TMT/互联网,3,-0.0948424337523003,1.0
2020-06-13,其他,3,0.11632590784253896,0.3333333333333333
2020-06-13,地产/建筑,10,0.09750700939257756,0.4
2020-06-13,工业/制造,5,-0.11688891740670396,0.6
2020-06-13,新能源/汽车,0,,
2020-06-13,消费/零售,5,0.013152303536529176,0.6
2020-06-13,生物科技/医药,5,-0.028531267951462803,0.4
2020-06-13,金融,3,-0.162649683891514,0.6666666666666666
2020-06-14,TMT/互联网,3,-0.0948424337523003,1.0
2020-06-14,其他,3,0.11632590784253896,0.3333333333333333
2020-06-14,地产/建筑,10,0.09750700939257756,0.4
2020-06-14,工业/制造,5,-0.11688891740670396,0.6
2020-06-14,新能源/汽车,0,,
2020-06-14,消费/零售,5,0.013152303536529176,0.6
2020-06-14,生物科技/医药,5,-0.028531267951462803,0.4
2020-06-14,金融,3,-0.162649683891514,0.6666666666666666
2020-06-15,TMT/互联网,3,-0.0948424337523003,1.0
2020-06-15,其他,3,0.11632590784253896,0.3333333333333333
2020-06-15,地产/建筑,10,0.09750700939257756,0.4
2020-06-15,工业/制造,5,-0.11688891740670396,0.6
2020-06-15,新能源/汽车,0,,
2020-06-15,消费/零售,5,0.013152303536529176,0.6
2020-06-15,生物科技/医药,5,-0.028531267951462803,0.4
2020-06-15,金融,3,-0.162649683891514,0.6666666666666666
2020-06-16,TMT/互联网,3,-0.0948424337523003,1.0
2020-06-16,其他,3,0.11632590784253896,0.3333333333333333
2020-06-16,地产/建筑,10,0.09750700939257756,0.4
2020-06-16,工业/制造,5,-0.11688891740670396,0.6
2020-06-16,新能源/汽车,0,,
2020-06-16,消费/零售,5,0.013152303536529176,0.6
2020-06-16,生物科技/医药,5,-0.028531267951462803,0.4
2020-06-16,金融,3,-0.162649683891514,0.6666666666666666
2020-06-17,TMT/互联网,3,-0.0948424337523003,1.0
2020-06-17,其他,3,0.11632590784253896,0.3333333333333333
2020-06-17,地产/建筑,10,0.09750700939257756,0.4
2020-06-17,工业/制造,5,-0.11688891740670396,0.6
2020-06-17,新能源/汽车,0,,
2020-06-17,消费/零售,5,0.013152303536529176,0.6
2020-06-17,生物科技/医药,5,-0.028531267951462803,0.4
2020-06-17,金融,3,-0.162649683891514,0.6666666666666666
2020-06-18,TMT/互联网,3,-0.0948424337523003,1.0
2020-06-18,其他,3,0.11632590784253896,0.3333333333333333
2020-06-18,地产/建筑,10,0.09750700939257756,0.4
2020-06-18,工业/制造,5,-0.11688891740670396,0.6
2020-06-18,新能源/汽车,0,,
2020-06-18,消费/零售,6,0.007473502598432612,0.6666666666666666
2020-06-18,生物科技/医药,5,-0.028531267951462803,0.4
2020-06-18,金融,3,-0.162649683891514,0.6666666666666666
2020-06-19,TMT/互联网,3,-0.0948424337523003,1.0
2020-06-19,其他,3,0.11632590784253896,0.3333333333333333
2020-06-19,地产/建筑,10,0.09750700939257756,0.4
2020-06-19,工业/制造,5,-0.11688891740670396,0.6
2020-06-19,新能源/汽车,0,,
2020-06-19,消费/零售,6,0.007473502598432612,0.6666666666666666
2020-06-19,生物科技/医药,5,-0.028531267951462803,0.4
2020-06-19,金融,3,-0.162649683891514,0.6666666666666666
2020-06-20,TMT/互联网,3,-0.0948424337523003,1.0
2020-06-20,其他,3,0.11632590784253896,0.3333333333333333
2020-06-20,地产/建筑,10,0.09750700939257756,0.4
2020-06-20,工业/制造,5,-0.11688891740670396,0.6
2020-06-20,新能源/汽车,0,,
2020-06-20,消费/零售,6,0.007473502598432612,0.6666666666666666
2020-06-20,生物科技/医药,5,-0.028531267951462803,0.4
2020-06-20,金融,3,-0.162649683891514,0.6666666666666666
2020-06-21,TMT/互联网,3,-0.0948424337523003,1.0
2020-06-21,其他,3,0.11632590784253896,0.3333333333333333
2020-06-21,地产/建筑,10,0.09750700939257756,0.4
2020-06-21,工业/制造,5,-0.11688891740670396,0.6
2020-06-21,新能源/汽车,0,,
2020-06-21,消费/零售,6,0.007473502598432612,0.6666666666666666
2020-06-21,生物科技/医药,5,-0.028531267951462803,0.4
2020-06-21,金融,3,-0.162649683891514,0.6666666666666666
2020-06-22,TMT/互联网,3,-0.0948424337523003,1.0
2020-06-22,其他,3,0.11632590784253896,0.3333333333333333
2020-06-22,地产/建筑,10,0.09750700939257756,0.4
2020-06-22,工业/制造,5,-0.11688891740670396,0.6
2020-06-22,新能源/汽车,0,,
2020-06-22,消费/零售,7,-0.04180842634420062,0.7142857142857143
2020-06-22,生物科技/医药,5,-0.028531267951462803,0.4
2020-06-22,金融,3,-0.162649683891514,0.6666666666666666
2020-06-23,TMT/互联网,3,-0.0948424337523003,1.0
2020-06-23,其他,3,0.11632590784253896,0.3333333333333333
2020-06-23,地产/建筑,10,0.09750700939257756,0.4
2020-06-23,工业/制造,5,-0.11688891740670396,0.6
2020-06-23,新能源/汽车,0,,
2020-06-23,消费/零售,7,-0.04180842634420062,0.7142857142857143
2020-06-23,生物科技/医药,5,-0.028531267951462803,0.4
2020-06-23,金融,3,-0.162649683891514,0.6666666666666666
2020-06-24,TMT/互联网,3,-0.0948424337523003,1.0
2020-06-24,其他,3,0.11632590784253896,0.3333333333333333
2020-06-24,地产/建筑,10,0.09750700939257756,0.4
2020-06-24,工业/制造,5,-0.11688891740670396,0.6
2020-06-24,新能源/汽车,0,,
2020-06-24,消费/零售,7,-0.04180842634420062,0.7142857142857143
2020-06-24,生物科技/医药,5,-0.028531267951462803,0.4
2020-06-24,金融,3,-0.162649683891514,0.6666666666666666
2020-06-25,TMT/互联网,3,-0.0948424337523003,1.0
2020-06-25,其他,3,0.11632590784253896,0.3333333333333333
2020-06-25,地产/建筑,10,0.09750700939257756,0.4
2020-06-25,工业/制造,5,-0.11688891740670396,0.6
2020-06-25,新能源/汽车,0,,
2020-06-25,消费/零售,7,-0.04180842634420062,0.7142857142857143
2020-06-25,生物科技/医药,5,-0.028531267951462803,0.4
2020-06-25,金融,3,-0.162649683891514,0.6666666666666666
2020-06-26,TMT/互联网,3,-0.0948424337523003,1.0
2020-06-26,其他,3,0.11632590784253896,0.3333333333333333
2020-06-26,地产/建筑,10,0.09750700939257756,0.4
2020-06-26,工业/制造,5,-0.11688891740670396,0.6
2020-06-26,新能源/汽车,0,,
2020-06-26,消费/零售,7,-0.04180842634420062,0.7142857142857143
2020-06-26,生物科技/医药,5,-0.028531267951462803,0.4
2020-06-26,金融,3,-0.162649683891514,0.6666666666666666
2020-06-27,TMT/互联网,3,-0.0948424337523003,1.0
2020-06-27,其他,3,0.11632590784253896,0.3333333333333333
2020-06-27,地产/建筑,10,0.09750700939257756,0.4
2020-06-27,工业/制造,5,-0.11688891740670396,0.6
2020-06-27,新能源/汽车,0,,
2020-06-27,消费/零售,7,-0.04180842634420062,0.7142857142857143
2020-06-27,生物科技/医药,5,-0.028531267951462803,0.4
2020-06-27,金融,3,-0.162649683891514,0.6666666666666666
2020-06-28,TMT/互联网,3,-0.0948424337523003,1.0
2020-06-28,其他,3,0.11632590784253896,0.3333333333333333
2020-06-28,地产/建筑,10,0.09750700939257756,0.4
2020-06-28,工业/制造,5,-0.11688891740670396,0.6
2020-06-28,新能源/汽车,0,,
2020-06-28,消费/零售,7,-0.04180842634420062,0.7142857142857143
2020-06-28,生物科技/医药,5,-0.028531267951462803,0.4
2020-06-28,金融,3,-0.162649683891514,0.6666666666666666
2020-06-29,TMT/互联网,3,-0.0948424337523003,1.0
2020-06-29,其他,4,0.0994296271073812,0.25
2020-06-29,地产/建筑,10,0.09750700939257756,0.4
2020-06-29,工业/制造,5,-0.11688891740670396,0.6
2020-06-29,新能源/汽车,0,,
2020-06-29,消费/零售,7,-0.04180842634420062,0.7142857142857143
2020-06-29,生物科技/医药,6,-0.00038424376072193736,0.3333333333333333
2020-06-29,金融,3,-0.162649683891514,0.6666666666666666
2020-06-30,TMT/互联网,3,-0.0948424337523003,1.0
2020-06-30,其他,4,0.0994296271073812,0.25
2020-06-30,地产/建筑,10,0.09750700939257756,0.4
2020-06-30,工业/制造,5,-0.11688891740670396,0.6
2020-06-30,新能源/汽车,0,,
2020-06-30,消费/零售,7,-0.04180842634420062,0.7142857142857143
2020-06-30,生物科技/医药,6,-0.00038424376072193736,0.3333333333333333
2020-06-30,金融,3,-0.162649683891514,0.6666666666666666
2020-07-01,TMT/互联网,3,-0.0948424337523003,1.0
2020-07-01,其他,4,0.0994296271073812,0.25
2020-07-01,地产/建筑,10,0.09750700939257756,0.4
2020-07-01,工业/制造,5,-0.11688891740670396,0.6
2020-07-01,新能源/汽车,0,,
2020-07-01,消费/零售,7,-0.04180842634420062,0.7142857142857143
2020-07-01,生物科技/医药,6,-0.00038424376072193736,0.3333333333333333
2020-07-01,金融,3,-0.162649683891514,0.6666666666666666
2020-07-02,TMT/互联网,3,-0.0948424337523003,1.0
2020-07-02,其他,4,0.0994296271073812,0.25
2020-07-02,地产/建筑,10,0.09750700939257756,0.4
2020-07-02,工业/制造,5,-0.11688891740670396,0.6
2020-07-02,新能源/汽车,0,,
2020-07-02,消费/零售,7,-0.04180842634420062,0.7142857142857143
2020-07-02,生物科技/医药,6,-0.00038424376072193736,0.3333333333333333
2020-07-02,金融,3,-0.162649683891514,0.6666666666666666
2020-07-03,TMT/互联网,3,-0.0948424337523003,1.0
2020-07-03,其他,4,0.0994296271073812,0.25
2020-07-03,地产/建筑,10,0.09750700939257756,0.4
2020-07-03,工业/制造,5,-0.11688891740670396,0.6
2020-07-03,新能源/汽车,0,,
2020-07-03,消费/零售,8,-0.09458237305117553,0.75
2020-07-03,生物科技/医药,6,-0.00038424376072193736,0.3333333333333333
2020-07-03,金融,3,-0.162649683891514,0.6666666666666666
2020-07-04,TMT/互联网,3,-0.0948424337523003,1.0
2020-07-04,其他,4,0.0994296271073812,0.25
2020-07-04,地产/建筑,10,0.09750700939257756,0.4
2020-07-04,工业/制造,5,-0.11688891740670396,0.6
2020-07-04,新能源/汽车,0,,
2020-07-04,消费/零售,8,-0.09458237305117553,0.75
2020-07-04,生物科技/医药,6,-0.00038424376072193736,0.3333333333333333
2020-07-04,金融,3,-0.162649683891514,0.6666666666666666
2020-07-05,TMT/互联网,3,-0.0948424337523003,1.0
2020-07-05,其他,4,0.0994296271073812,0.25
2020-07-05,地产/建筑,10,0.09750700939257756,0.4
2020-07-05,工业/制造,5,-0.11688891740670396,0.6
2020-07-05,新能源/汽车,0,,
2020-07-05,消费/零售,8,-0.09458237305117553,0.75
2020-07-05,生物科技/医药,6,-0.00038424376072193736,0.3333333333333333
2020-07-05,金融,3,-0.162649683891514,0.6666666666666666
2020-07-06,TMT/互联网,3,-0.0948424337523003,1.0
2020-07-06,其他,4,0.0994296271073812,0.25
2020-07-06,地产/建筑,11,0.09020676318191313,0.36363636363636365
2020-07-06,工业/制造,5,-0.11688891740670396,0.6
2020-07-06,新能源/汽车,0,,
2020-07-06,消费/零售,8,-0.09458237305117553,0.75
2020-07-06,生物科技/医药,6,-0.00038424376072193736,0.3333333333333333
2020-07-06,金融,3,-0.162649683891514,0.6666666666666666
2020-07-07,TMT/互联网,3,-0.0948424337523003,1.0
2020-07-07,其他,4,0.0994296271073812,0.25
2020-07-07,地产/建筑,12,0.0744928116052783,0.4166666666666667
2020-07-07,工业/制造,5,-0.11688891740670396,0.6
2020-07-07,新能源/汽车,0,,
2020-07-07,消费/零售,8,-0.09458237305117553,0.75
2020-07-07,生物科技/医药,6,-0.00038424376072193736,0.3333333333333333
2020-07-07,金融,3,-0.162649683891514,0.6666666666666666
2020-07-08,TMT/互联网,3,-0.0948424337523003,1.0
2020-07-08,其他,4,0.0994296271073812,0.25
2020-07-08,地产/建筑,12,0.0744928116052783,0.4166666666666667
2020-07-08,工业/制造,5,-0.11688891740670396,0.6
2020-07-08,新能源/汽车,0,,
2020-07-08,消费/零售,9,-0.10706172623706027,0.7777777777777778
2020-07-08,生物科技/医药,7,-0.006520343901389575,0.42857142857142855
2020-07-08,金融,3,-0.162649683891514,0.6666666666666666
2020-07-09,TMT/互联网,3,-0.0948424337523003,1.0
2020-07-09,其他,4,0.0994296271073812,0.25
2020-07-09,地产/建筑,12,0.0744928116052783,0.4166666666666667
2020-07-09,工业/制造,5,-0.11688891740670396,0.6
2020-07-09,新能源/汽车,0,,
2020-07-09,消费/零售,9,-0.10706172623706027,0.7777777777777778
2020-07-09,生物科技/医药,7,-0.006520343901389575,0.42857142857142855
2020-07-09,金融,3,-0.162649683891514,0.6666666666666666
2020-07-10,TMT/互联网,3,-0.0948424337523003,1.0
2020-07-10,其他,4,0.0994296271073812,0.25
2020-07-10,地产/建筑,14,0.09089944343489706,0.35714285714285715
2020-07-10,工业/制造,6,-0.09968015844498056,0.6666666666666666
2020-07-10,新能源/汽车,0,,
2020-07-10,消费/零售,11,-0.07612409635846057,0.6363636363636364
2020-07-10,生物科技/医药,9,-0.0033281567148491457,0.4444444444444444
2020-07-10,金融,3,-0.162649683891514,0.6666666666666666
2020-07-11,TMT/互联网,3,-0.0948424337523003,1.0
2020-07-11,其他,4,0.0994296271073812,0.25
2020-07-11,地产/建筑,14,0.09089944343489706,0.35714285714285715
2020-07-11,工业/制造,6,-0.09968015844498056,0.6666666666666666
2020-07-11,新能源/汽车,0,,
2020-07-11,消费/零售,11,-0.07612409635846057,0.6363636363636364
2020-07-11,生物科技/医药,9,-0.0033281567148491457,0.4444444444444444
2020-07-11,金融,3,-0.162649683891514,0.6666666666666666
2020-07-12,TMT/互联网,3,-0.0948424337523003,1.0
2020-07-12,其他,4,0.0994296271073812,0.25
2020-07-12,地产/建筑,14,0.09089944343489706,0.35714285714285715
2020-07-12,工业/制造,6,-0.09968015844498056,0.6666666666666666
2020-07-12,新能源/汽车,0,,
2020-07-12,消费/零售,11,-0.07612409635846057,0.6363636363636364
2020-07-12,生物科技/医药,9,-0.0033281567148491457,0.4444444444444444
2020-07-12,金融,3,-0.162649683891514,0.6666666666666666
2020-07-13,TMT/互联网,3,-0.0948424337523003,1.0
2020-07-13,其他,4,0.0994296271073812,0.25
2020-07-13,地产/建筑,14,0.09089944343489706,0.35714285714285715
2020-07-13,工业/制造,7,-0.06379511416496171,0.5714285714285714
2020-07-13,新能源/汽车,0,,
2020-07-13,消费/零售,11,-0.07612409635846057,0.6363636363636364
2020-07-13,生物科技/医药,10,-0.009918417966441152,0.5
2020-07-13,金融,3,-0.162649683891514,0.6666666666666666
2020-07-14,TMT/互联网,3,-0.0948424337523003,1.0
2020-07-14,其他,4,0.0994296271073812,0.25
2020-07-14,地产/建筑,14,0.09089944343489706,0.35714285714285715
2020-07-14,工业/制造,7,-0.06379511416496171,0.5714285714285714
2020-07-14,新能源/汽车,0,,
2020-07-14,消费/零售,11,-0.07612409635846057,0.6363636363636364
2020-07-14,生物科技/医药,10,-0.009918417966441152,0.5
2020-07-14,金融,3,-0.162649683891514,0.6666666666666666
2020-07-15,TMT/互联网,5,-0.023796216553901177,0.8
2020-07-15,其他,4,0.0994296271073812,0.25
2020-07-15,地产/建筑,15,0.08466984525509816,0.4
2020-07-15,工业/制造,8,-0.10790405822767483,0.625
2020-07-15,新能源/汽车,0,,
2020-07-15,消费/零售,13,-0.05577630386109987,0.6153846153846154
2020-07-15,生物科技/医药,10,-0.009918417966441152,0.5
2020-07-15,金融,3,-0.162649683891514,0.6666666666666666
2020-07-16,TMT/互联网,5,-0.023796216553901177,0.8
2020-07-16,其他,6,-0.0023237957979077573,0.5
2020-07-16,地产/建筑,15,0.08466984525509816,0.4
2020-07-16,工业/制造,8,-0.10790405822767483,0.625
2020-07-16,新能源/汽车,0,,
2020-07-16,消费/零售,13,-0.05577630386109987,0.6153846153846154
2020-07-16,生物科技/医药,10,-0.009918417966441152,0.5
2020-07-16,金融,4,-0.12198726291863549,0.5
2020-07-17,TMT/互联网,5,-0.023796216553901177,0.8
2020-07-17,其他,6,-0.0023237957979077573,0.5
2020-07-17,地产/建筑,16,0.07937797992665452,0.375
2020-07-17,工业/制造,8,-0.10790405822767483,0.625
2020-07-17,新能源/汽车,0,,
2020-07-17,消费/零售,13,-0.05577630386109987,0.6153846153846154
2020-07-17,生物科技/医药,10,-0.009918417966441152,0.5
2020-07-17,金融,4,-0.12198726291863549,0.5
2020-07-18,TMT/互联网,5,-0.023796216553901177,0.8
2020-07-18,其他,6,-0.0023237957979077573,0.5
2020-07-18,地产/建筑,16,0.07937797992665452,0.375
2020-07-18,工业/制造,8,-0.10790405822767483,0.625
2020-07-18,新能源/汽车,0,,
2020-07-18,消费/零售,13,-0.05577630386109987,0.6153846153846154
2020-07-18,生物科技/医药,10,-0.009918417966441152,0.5
2020-07-18,金融,4,-0.12198726291863549,0.5
2020-07-19,TMT/互联网,5,-0.023796216553901177,0.8
2020-07-19,其他,6,-0.0023237957979077573,0.5
2020-07-19,地产/建筑,16,0.07937797992665452,0.375
2020-07-19,工业/制造,8,-0.10790405822767483,0.625
2020-07-19,新能源/汽车,0,,
2020-07-19,消费/零售,13,-0.05577630386109987,0.6153846153846154
2020-07-19,生物科技/医药,10,-0.009918417966441152,0.5
2020-07-19,金融,4,-0.12198726291863549,0.5
2020-07-20,TMT/互联网,5,-0.023796216553901177,0.8
2020-07-20,其他,6,-0.0023237957979077573,0.5
2020-07-20,地产/建筑,16,0.07937797992665452,0.375
2020-07-20,工业/制造,8,-0.10790405822767483,0.625
2020-07-20,新能源/汽车,0,,
2020-07-20,消费/零售,13,-0.05577630386109987,0.6153846153846154
2020-07-20,生物科技/医药,10,-0.009918417966441152,0.5
2020-07-20,金融,4,-0.12198726291863549,0.5
2020-07-21,TMT/互联网,5,-0.023796216553901177,0.8
2020-07-21,其他,6,-0.0023237957979077573,0.5
2020-07-21,地产/建筑,16,0.07937797992665452,0.375
2020-07-21,工业/制造,8,-0.10790405822767483,0.625
2020-07-21,新能源/汽车,0,,
2020-07-21,消费/零售,13,-0.05577630386109987,0.6153846153846154
2020-07-21,生物科技/医药,10,-0.009918417966441152,0.5
2020-07-21,金融,4,-0.12198726291863549,0.5
2020-07-22,TMT/互联网,5,-0.023796216553901177,0.8
2020-07-22,其他,6,-0.0023237957979077573,0.5
2020-07-22,地产/建筑,16,0.07937797992665452,0.375
2020-07-22,工业/制造,8,-0.10790405822767483,0.625
2020-07-22,新能源/汽车,0,,
2020-07-22,消费/零售,13,-0.05577630386109987,0.6153846153846154
2020-07-22,生物科技/医药,10,-0.009918417966441152,0.5
2020-07-22,金融,4,-0.12198726291863549,0.5
2020-07-23,TMT/互联网,5,-0.023796216553901177,0.8
2020-07-23,其他,6,-0.0023237957979077573,0.5
2020-07-23,地产/建筑,16,0.07937797992665452,0.375
2020-07-23,工业/制造,8,-0.10790405822767483,0.625
2020-07-23,新能源/汽车,0,,
2020-07-23,消费/零售,13,-0.05577630386109987,0.6153846153846154
2020-07-23,生物科技/医药,10,-0.009918417966441152,0.5
2020-07-23,金融,4,-0.12198726291863549,0.5
2020-07-24,TMT/互联网,5,-0.023796216553901177,0.8
2020-07-24,其他,6,-0.0023237957979077573,0.5
2020-07-24,地产/建筑,16,0.07937797992665452,0.375
2020-07-24,工业/制造,8,-0.10790405822767483,0.625
2020-07-24,新能源/汽车,0,,
2020-07-24,消费/零售,13,-0.05577630386109987,0.6153846153846154
2020-07-24,生物科技/医药,10,-0.009918417966441152,0.5
2020-07-24,金融,4,-0.12198726291863549,0.5
2020-07-25,TMT/互联网,5,-0.023796216553901177,0.8
2020-07-25,其他,6,-0.0023237957979077573,0.5
2020-07-25,地产/建筑,16,0.07937797992665452,0.375
2020-07-25,工业/制造,8,-0.10790405822767483,0.625
2020-07-25,新能源/汽车,0,,
2020-07-25,消费/零售,13,-0.05577630386109987,0.6153846153846154
2020-07-25,生物科技/医药,10,-0.009918417966441152,0.5
2020-07-25,金融,4,-0.12198726291863549,0.5
2020-07-26,TMT/互联网,5,-0.023796216553901177,0.8
2020-07-26,其他,6,-0.0023237957979077573,0.5
2020-07-26,地产/建筑,16,0.07937797992665452,0.375
2020-07-26,工业/制造,8,-0.10790405822767483,0.625
2020-07-26,新能源/汽车,0,,
2020-07-26,消费/零售,13,-0.05577630386109987,0.6153846153846154
2020-07-26,生物科技/医药,10,-0.009918417966441152,0.5
2020-07-26,金融,4,-0.12198726291863549,0.5
2020-07-27,TMT/互联网,5,-0.023796216553901177,0.8
2020-07-27,其他,6,-0.0023237957979077573,0.5
2020-07-27,地产/建筑,16,0.07937797992665452,0.375
2020-07-27,工业/制造,8,-0.10790405822767483,0.625
2020-07-27,新能源/汽车,0,,
2020-07-27,消费/零售,13,-0.05577630386109987,0.6153846153846154
2020-07-27,生物科技/医药,10,-0.009918417966441152,0.5
2020-07-27,金融,4,-0.12198726291863549,0.5
2020-07-28,TMT/互联网,5,-0.023796216553901177,0.8
2020-07-28,其他,6,-0.0023237957979077573,0.5
2020-07-28,地产/建筑,16,0.07937797992665452,0.375
2020-07-28,工业/制造,8,-0.10790405822767483,0.625
2020-07-28,新能源/汽车,0,,
2020-07-28,消费/零售,13,-0.05577630386109987,0.6153846153846154
2020-07-28,生物科技/医药,10,-0.009918417966441152,0.5
2020-07-28,金融,4,-0.12198726291863549,0.5
2020-07-29,TMT/互联网,5,-0.023796216553901177,0.8
2020-07-29,其他,6,-0.0023237957979077573,0.5
2020-07-29,地产/建筑,16,0.07937797992665452,0.375
2020-07-29,工业/制造,8,-0.10790405822767483,0.625
2020-07-29,新能源/汽车,0,,
2020-07-29,消费/零售,13,-0.05577630386109987,0.6153846153846154
2020-07-29,生物科技/医药,10,-0.009918417966441152,0.5
2020-07-29,金融,4,-0.12198726291863549,0.5
2020-07-30,TMT/互联网,5,-0.023796216553901177,0.8
2020-07-30,其他,6,-0.0023237957979077573,0.5
2020-07-30,地产/建筑,16,0.07937797992665452,0.375
2020-07-30,工业/制造,8,-0.10790405822767483,0.625
2020-07-30,新能源/汽车,0,,
2020-07-30,消费/零售,13,-0.05577630386109987,0.6153846153846154
2020-07-30,生物科技/医药,10,-0.009918417966441152,0.5
2020-07-30,金融,4,-0.12198726291863549,0.5
2020-07-31,TMT/互联网,5,-0.023796216553901177,0.8
2020-07-31,其他,6,-0.0023237957979077573,0.5
2020-07-31,地产/建筑,16,0.07937797992665452,0.375
2020-07-31,工业/制造,8,-0.10790405822767483,0.625
2020-07-31,新能源/汽车,0,,
2020-07-31,消费/零售,13,-0.05577630386109987,0.6153846153846154
2020-07-31,生物科技/医药,10,-0.009918417966441152,0.5
2020-07-31,金融,4,-0.12198726291863549,0.5
2020-08-01,TMT/互联网,5,-0.023796216553901177,0.8
2020-08-01,其他,6,-0.0023237957979077573,0.5
2020-08-01,地产/建筑,16,0.07937797992665452,0.375
2020-08-01,工业/制造,8,-0.10790405822767483,0.625
2020-08-01,新能源/汽车,0,,
2020-08-01,消费/零售,13,-0.05577630386109987,0.6153846153846154
2020-08-01,生物科技/医药,10,-0.009918417966441152,0.5
2020-08-01,金融,4,-0.12198726291863549,0.5
2020-08-02,TMT/互联网,5,-0.023796216553901177,0.8
2020-08-02,其他,6,-0.0023237957979077573,0.5
2020-08-02,地产/建筑,16,0.07937797992665452,0.375
2020-08-02,工业/制造,8,-0.10790405822767483,0.625
2020-08-02,新能源/汽车,0,,
2020-08-02,消费/零售,13,-0.05577630386109987,0.6153846153846154
2020-08-02,生物科技/医药,10,-0.009918417966441152,0.5
2020-08-02,金融,4,-0.12198726291863549,0.5
2020-08-03,TMT/互联网,5,-0.023796216553901177,0.8
2020-08-03,其他,6,-0.0023237957979077573,0.5
2020-08-03,地产/建筑,16,0.07937797992665452,0.375
2020-08-03,工业/制造,8,-0.10790405822767483,0.625
2020-08-03,新能源/汽车,0,,
2020-08-03,消费/零售,13,-0.05577630386109987,0.6153846153846154
2020-08-03,生物科技/医药,10,-0.009918417966441152,0.5
2020-08-03,金融,4,-0.12198726291863549,0.5
2020-08-04,TMT/互联网,5,-0.023796216553901177,0.8
2020-08-04,其他,6,-0.0023237957979077573,0.5
2020-08-04,地产/建筑,16,0.07937797992665452,0.375
2020-08-04,工业/制造,8,-0.10790405822767483,0.625
2020-08-04,新能源/汽车,0,,
2020-08-04,消费/零售,13,-0.05577630386109987,0.6153846153846154
2020-08-04,生物科技/医药,10,-0.009918417966441152,0.5
2020-08-04,金融,4,-0.12198726291863549,0.5
2020-08-05,TMT/互联网,5,-0.023796216553901177,0.8
2020-08-05,其他,6,-0.0023237957979077573,0.5
2020-08-05,地产/建筑,16,0.07937797992665452,0.375
2020-08-05,工业/制造,8,-0.10790405822767483,0.625
2020-08-05,新能源/汽车,0,,
2020-08-05,消费/零售,13,-0.05577630386109987,0.6153846153846154
2020-08-05,生物科技/医药,10,-0.009918417966441152,0.5
2020-08-05,金融,4,-0.12198726291863549,0.5
2020-08-06,TMT/互联网,5,-0.023796216553901177,0.8
2020-08-06,其他,6,-0.0023237957979077573,0.5
2020-08-06,地产/建筑,16,0.07937797992665452,0.375
2020-08-06,工业/制造,8,-0.10790405822767483,0.625
2020-08-06,新能源/汽车,0,,
2020-08-06,消费/零售,14,-0.05648203684649027,0.6428571428571429
2020-08-06,生物科技/医药,10,-0.009918417966441152,0.5
2020-08-06,金融,4,-0.12198726291863549,0.5
2020-08-07,TMT/互联网,5,-0.023796216553901177,0.8
2020-08-07,其他,6,-0.0023237957979077573,0.5
2020-08-07,地产/建筑,16,0.07937797992665452,0.375
2020-08-07,工业/制造,8,-0.10790405822767483,0.625
2020-08-07,新能源/汽车,0,,
2020-08-07,消费/零售,14,-0.05648203684649027,0.6428571428571429
2020-08-07,生物科技/医药,11,-0.013371212666207005,0.5454545454545454
2020-08-07,金融,4,-0.12198726291863549,0.5
2020-08-08,TMT/互联网,5,-0.023796216553901177,0.8
2020-08-08,其他,6,-0.0023237957979077573,0.5
2020-08-08,地产/建筑,16,0.07937797992665452,0.375
2020-08-08,工业/制造,8,-0.10790405822767483,0.625
2020-08-08,新能源/汽车,0,,
2020-08-08,消费/零售,14,-0.05648203684649027,0.6428571428571429
2020-08-08,生物科技/医药,11,-0.013371212666207005,0.5454545454545454
2020-08-08,金融,4,-0.12198726291863549,0.5
2020-08-09,TMT/互联网,5,-0.023796216553901177,0.8
2020-08-09,其他,6,-0.0023237957979077573,0.5
2020-08-09,地产/建筑,16,0.07937797992665452,0.375
2020-08-09,工业/制造,8,-0.10790405822767483,0.625
2020-08-09,新能源/汽车,0,,
2020-08-09,消费/零售,14,-0.05648203684649027,0.6428571428571429
2020-08-09,生物科技/医药,11,-0.013371212666207005,0.5454545454545454
2020-08-09,金融,4,-0.12198726291863549,0.5
2020-08-10,TMT/互联网,5,-0.023796216553901177,0.8
2020-08-10,其他,6,-0.0023237957979077573,0.5
2020-08-10,地产/建筑,16,0.07937797992665452,0.375
2020-08-10,工业/制造,8,-0.10790405822767483,0.625
2020-08-10,新能源/汽车,0,,
2020-08-10,消费/零售,14,-0.05648203684649027,0.6428571428571429
2020-08-10,生物科技/医药,11,-0.013371212666207005,0.5454545454545454
2020-08-10,金融,4,-0.12198726291863549,0.5
2020-08-11,TMT/互联网,5,-0.023796216553901177,0.8
2020-08-11,其他,6,-0.0023237957979077573,0.5
2020-08-11,地产/建筑,16,0.07937797992665452,0.375
2020-08-11,工业/制造,8,-0.10790405822767483,0.625
2020-08-11,新能源/汽车,0,,
2020-08-11,消费/零售,14,-0.05648203684649027,0.6428571428571429
2020-08-11,生物科技/医药,11,-0.013371212666207005,0.5454545454545454
2020-08-11,金融,4,-0.12198726291863549,0.5
2020-08-12,TMT/互联网,5,-0.023796216553901177,0.8
2020-08-12,其他,6,-0.0023237957979077573,0.5
2020-08-12,地产/建筑,16,0.07937797992665452,0.375
2020-08-12,工业/制造,8,-0.10790405822767483,0.625
2020-08-12,新能源/汽车,0,,
2020-08-12,消费/零售,14,-0.05648203684649027,0.6428571428571429
2020-08-12,生物科技/医药,11,-0.013371212666207005,0.5454545454545454
2020-08-12,金融,4,-0.12198726291863549,0.5
2020-08-13,TMT/互联网,5,-0.023796216553901177,0.8
2020-08-13,其他,6,-0.0023237957979077573,0.5
2020-08-13,地产/建筑,16,0.07937797992665452,0.375
2020-08-13,工业/制造,8,-0.10790405822767483,0.625
2020-08-13,新能源/汽车,0,,
2020-08-13,消费/零售,14,-0.05648203684649027,0.6428571428571429
2020-08-13,生物科技/医药,11,-0.013371212666207005,0.5454545454545454
2020-08-13,金融,4,-0.12198726291863549,0.5
2020-08-14,TMT/互联网,5,-0.023796216553901177,0.8
2020-08-14,其他,6,-0.0023237957979077573,0.5
2020-08-14,地产/建筑,17,0.08082022251309269,0.35294117647058826
2020-08-14,工业/制造,8,-0.10790405822767483,0.625
2020-08-14,新能源/汽车,0,,
2020-08-14,消费/零售,14,-0.05648203684649027,0.6428571428571429
2020-08-14,生物科技/医药,11,-0.013371212666207005,0.5454545454545454
2020-08-14,金融,4,-0.12198726291863549,0.5
2020-08-15,TMT/互联网,5,-0.023796216553901177,0.8
2020-08-15,其他,6,-0.0023237957979077573,0.5
2020-08-15,地产/建筑,17,0.08082022251309269,0.35294117647058826
2020-08-15,工业/制造,8,-0.10790405822767483,0.625
2020-08-15,新能源/汽车,0,,
2020-08-15,消费/零售,14,-0.05648203684649027,0.6428571428571429
2020-08-15,生物科技/医药,11,-0.013371212666207005,0.5454545454545454
2020-08-15,金融,4,-0.12198726291863549,0.5
2020-08-16,TMT/互联网,5,-0.023796216553901177,0.8
2020-08-16,其他,6,-0.0023237957979077573,0.5
2020-08-16,地产/建筑,17,0.08082022251309269,0.35294117647058826
2020-08-16,工业/制造,8,-0.10790405822767483,0.625
2020-08-16,新能源/汽车,0,,
2020-08-16,消费/零售,14,-0.05648203684649027,0.6428571428571429
2020-08-16,生物科技/医药,11,-0.013371212666207005,0.5454545454545454
2020-08-16,金融,4,-0.12198726291863549,0.5
2020-08-17,TMT/互联网,5,-0.023796216553901177,0.8
2020-08-17,其他,6,-0.0023237957979077573,0.5
2020-08-17,地产/建筑,17,0.08082022251309269,0.35294117647058826
2020-08-17,工业/制造,8,-0.10790405822767483,0.625
2020-08-17,新能源/汽车,0,,
2020-08-17,消费/零售,14,-0.05648203684649027,0.6428571428571429
2020-08-17,生物科技/医药,11,-0.013371212666207005,0.5454545454545454
2020-08-17,金融,4,-0.12198726291863549,0.5
2020-08-18,TMT/互联网,5,-0.023796216553901177,0.8
2020-08-18,其他,6,-0.0023237957979077573,0.5
2020-08-18,地产/建筑,17,0.08082022251309269,0.35294117647058826
2020-08-18,工业/制造,8,-0.10790405822767483,0.625
2020-08-18,新能源/汽车,0,,
2020-08-18,消费/零售,14,-0.05648203684649027,0.6428571428571429
2020-08-18,生物科技/医药,11,-0.013371212666207005,0.5454545454545454
2020-08-18,金融,4,-0.12198726291863549,0.5
2020-08-19,TMT/互联网,5,-0.023796216553901177,0.8
2020-08-19,其他,6,-0.0023237957979077573,0.5
2020-08-19,地产/建筑,17,0.08082022251309269,0.35294117647058826
2020-08-19,工业/制造,8,-0.10790405822767483,0.625
2020-08-19,新能源/汽车,0,,
2020-08-19,消费/零售,14,-0.05648203684649027,0.6428571428571429
2020-08-19,生物科技/医药,11,-0.013371212666207005,0.5454545454545454
2020-08-19,金融,4,-0.12198726291863549,0.5
2020-08-20,TMT/互联网,5,-0.023796216553901177,0.8
2020-08-20,其他,6,-0.0023237957979077573,0.5
2020-08-20,地产/建筑,17,0.08082022251309269,0.35294117647058826
2020-08-20,工业/制造,8,-0.10790405822767483,0.625
2020-08-20,新能源/汽车,0,,
2020-08-20,消费/零售,14,-0.05648203684649027,0.6428571428571429
2020-08-20,生物科技/医药,11,-0.013371212666207005,0.5454545454545454
2020-08-20,金融,4,-0.12198726291863549,0.5
2020-08-21,TMT/互联网,5,-0.023796216553901177,0.8
2020-08-21,其他,6,-0.0023237957979077573,0.5
2020-08-21,地产/建筑,17,0.08082022251309269,0.35294117647058826
2020-08-21,工业/制造,8,-0.10790405822767483,0.625
2020-08-21,新能源/汽车,0,,
2020-08-21,消费/零售,14,-0.05648203684649027,0.6428571428571429
2020-08-21,生物科技/医药,11,-0.013371212666207005,0.5454545454545454
2020-08-21,金融,4,-0.12198726291863549,0.5
2020-08-22,TMT/互联网,5,-0.023796216553901177,0.8
2020-08-22,其他,6,-0.0023237957979077573,0.5
2020-08-22,地产/建筑,17,0.08082022251309269,0.35294117647058826
2020-08-22,工业/制造,8,-0.10790405822767483,0.625
2020-08-22,新能源/汽车,0,,
2020-08-22,消费/零售,14,-0.05648203684649027,0.6428571428571429
2020-08-22,生物科技/医药,11,-0.013371212666207005,0.5454545454545454
2020-08-22,金融,4,-0.12198726291863549,0.5
2020-08-23,TMT/互联网,5,-0.023796216553901177,0.8
2020-08-23,其他,6,-0.0023237957979077573,0.5
2020-08-23,地产/建筑,17,0.08082022251309269,0.35294117647058826
2020-08-23,工业/制造,8,-0.10790405822767483,0.625
2020-08-23,新能源/汽车,0,,
2020-08-23,消费/零售,14,-0.05648203684649027,0.6428571428571429
2020-08-23,生物科技/医药,11,-0.013371212666207005,0.5454545454545454
2020-08-23,金融,4,-0.12198726291863549,0.5
2020-08-24,TMT/互联网,5,-0.023796216553901177,0.8
2020-08-24,其他,6,-0.0023237957979077573,0.5
2020-08-24,地产/建筑,17,0.08082022251309269,0.35294117647058826
2020-08-24,工业/制造,8,-0.10790405822767483,0.625
2020-08-24,新能源/汽车,0,,
2020-08-24,消费/零售,14,-0.05648203684649027,0.6428571428571429
2020-08-24,生物科技/医药,11,-0.013371212666207005,0.5454545454545454
2020-08-24,金融,4,-0.12198726291863549,0.5
2020-08-25,TMT/互联网,5,-0.023796216553901177,0.8
2020-08-25,其他,6,-0.0023237957979077573,0.5
2020-08-25,地产/建筑,17,0.08082022251309269,0.35294117647058826
2020-08-25,工业/制造,8,-0.10790405822767483,0.625
2020-08-25,新能源/汽车,0,,
2020-08-25,消费/零售,14,-0.05648203684649027,0.6428571428571429
2020-08-25,生物科技/医药,11,-0.013371212666207005,0.5454545454545454
2020-08-25,金融,4,-0.12198726291863549,0.5
2020-08-26,TMT/互联网,5,-0.023796216553901177,0.8
2020-08-26,其他,6,-0.0023237957979077573,0.5
2020-08-26,地产/建筑,17,0.08082022251309269,0.35294117647058826
2020-08-26,工业/制造,8,-0.10790405822767483,0.625
2020-08-26,新能源/汽车,0,,
2020-08-26,消费/零售,14,-0.05648203684649027,0.6428571428571429
2020-08-26,生物科技/医药,11,-0.013371212666207005,0.5454545454545454
2020-08-26,金融,4,-0.12198726291863549,0.5
2020-08-27,TMT/互联网,5,-0.023796216553901177,0.8
2020-08-27,其他,6,-0.0023237957979077573,0.5
2020-08-27,地产/建筑,17,0.08082022251309269,0.35294117647058826
2020-08-27,工业/制造,8,-0.10790405822767483,0.625
2020-08-27,新能源/汽车,0,,
2020-08-27,消费/零售,14,-0.05648203684649027,0.6428571428571429
2020-08-27,生物科技/医药,11,-0.013371212666207005,0.5454545454545454
2020-08-27,金融,4,-0.12198726291863549,0.5
2020-08-28,TMT/互联网,5,-0.023796216553901177,0.8
2020-08-28,其他,6,-0.0023237957979077573,0.5
2020-08-28,地产/建筑,17,0.08082022251309269,0.35294117647058826
2020-08-28,工业/制造,8,-0.10790405822767483,0.625
2020-08-28,新能源/汽车,0,,
2020-08-28,消费/零售,14,-0.05648203684649027,0.6428571428571429
2020-08-28,生物科技/医药,11,-0.013371212666207005,0.5454545454545454
2020-08-28,金融,4,-0.12198726291863549,0.5
2020-08-29,TMT/互联网,5,-0.023796216553901177,0.8
2020-08-29,其他,6,-0.0023237957979077573,0.5
2020-08-29,地产/建筑,17,0.08082022251309269,0.35294117647058826
2020-08-29,工业/制造,8,-0.10790405822767483,0.625
2020-08-29,新能源/汽车,0,,
2020-08-29,消费/零售,14,-0.05648203684649027,0.6428571428571429
2020-08-29,生物科技/医药,11,-0.013371212666207005,0.5454545454545454
2020-08-29,金融,4,-0.12198726291863549,0.5
2020-08-30,TMT/互联网,5,-0.023796216553901177,0.8
2020-08-30,其他,6,-0.0023237957979077573,0.5
2020-08-30,地产/建筑,17,0.08082022251309269,0.35294117647058826
2020-08-30,工业/制造,8,-0.10790405822767483,0.625
2020-08-30,新能源/汽车,0,,
2020-08-30,消费/零售,14,-0.05648203684649027,0.6428571428571429
2020-08-30,生物科技/医药,11,-0.013371212666207005,0.5454545454545454
2020-08-30,金融,4,-0.12198726291863549,0.5
2020-08-31,TMT/互联网,5,-0.023796216553901177,0.8
2020-08-31,其他,6,-0.0023237957979077573,0.5
2020-08-31,地产/建筑,17,0.08082022251309269,0.35294117647058826
2020-08-31,工业/制造,8,-0.10790405822767483,0.625
2020-08-31,新能源/汽车,0,,
2020-08-31,消费/零售,14,-0.05648203684649027,0.6428571428571429
2020-08-31,生物科技/医药,11,-0.013371212666207005,0.5454545454545454
2020-08-31,金融,4,-0.12198726291863549,0.5
2020-09-01,TMT/互联网,5,-0.023796216553901177,0.8
2020-09-01,其他,6,-0.0023237957979077573,0.5
2020-09-01,地产/建筑,17,0.08082022251309269,0.35294117647058826
2020-09-01,工业/制造,8,-0.10790405822767483,0.625
2020-09-01,新能源/汽车,0,,
2020-09-01,消费/零售,14,-0.05648203684649027,0.6428571428571429
2020-09-01,生物科技/医药,11,-0.013371212666207005,0.5454545454545454
2020-09-01,金融,4,-0.12198726291863549,0.5
2020-09-02,TMT/互联网,5,-0.023796216553901177,0.8
2020-09-02,其他,6,-0.0023237957979077573,0.5
2020-09-02,地产/建筑,17,0.08082022251309269,0.35294117647058826
2020-09-02,工业/制造,8,-0.10790405822767483,0.625
2020-09-02,新能源/汽车,0,,
2020-09-02,消费/零售,14,-0.05648203684649027,0.6428571428571429
2020-09-02,生物科技/医药,11,-0.013371212666207005,0.5454545454545454
2020-09-02,金融,4,-0.12198726291863549,0.5
2020-09-03,TMT/互联网,5,-0.023796216553901177,0.8
2020-09-03,其他,6,-0.0023237957979077573,0.5
2020-09-03,地产/建筑,17,0.08082022251309269,0.35294117647058826
2020-09-03,工业/制造,8,-0.10790405822767483,0.625
2020-09-03,新能源/汽车,0,,
2020-09-03,消费/零售,14,-0.05648203684649027,0.6428571428571429
2020-09-03,生物科技/医药,11,-0.013371212666207005,0.5454545454545454
2020-09-03,金融,4,-0.12198726291863549,0.5
2020-09-04,TMT/互联网,5,-0.023796216553901177,0.8
2020-09-04,其他,6,-0.0023237957979077573,0.5
2020-09-04,地产/建筑,17,0.08082022251309269,0.35294117647058826
2020-09-04,工业/制造,8,-0.10790405822767483,0.625
2020-09-04,新能源/汽车,0,,
2020-09-04,消费/零售,14,-0.05648203684649027,0.6428571428571429
2020-09-04,生物科技/医药,11,-0.013371212666207005,0.5454545454545454
2020-09-04,金融,4,-0.12198726291863549,0.5
2020-09-05,TMT/互联网,5,-0.023796216553901177,0.8
2020-09-05,其他,6,-0.0023237957979077573,0.5
2020-09-05,地产/建筑,17,0.08082022251309269,0.35294117647058826
2020-09-05,工业/制造,8,-0.10790405822767483,0.625
2020-09-05,新能源/汽车,0,,
2020-09-05,消费/零售,14,-0.05648203684649027,0.6428571428571429
2020-09-05,生物科技/医药,11,-0.013371212666207005,0.5454545454545454
2020-09-05,金融,4,-0.12198726291863549,0.5
2020-09-06,TMT/互联网,5,-0.023796216553901177,0.8
2020-09-06,其他,6,-0.0023237957979077573,0.5
2020-09-06,地产/建筑,17,0.08082022251309269,0.35294117647058826
2020-09-06,工业/制造,8,-0.10790405822767483,0.625
2020-09-06,新能源/汽车,0,,
2020-09-06,消费/零售,14,-0.05648203684649027,0.6428571428571429
2020-09-06,生物科技/医药,11,-0.013371212666207005,0.5454545454545454
2020-09-06,金融,4,-0.12198726291863549,0.5
2020-09-07,TMT/互联网,5,-0.023796216553901177,0.8
2020-09-07,其他,6,-0.0023237957979077573,0.5
2020-09-07,地产/建筑,17,0.08082022251309269,0.35294117647058826
2020-09-07,工业/制造,8,-0.10790405822767483,0.625
2020-09-07,新能源/汽车,0,,
2020-09-07,消费/零售,14,-0.05648203684649027,0.6428571428571429
2020-09-07,生物科技/医药,11,-0.013371212666207005,0.5454545454545454
2020-09-07,金融,4,-0.12198726291863549,0.5
2020-09-08,TMT/互联网,5,-0.023796216553901177,0.8
2020-09-08,其他,6,-0.0023237957979077573,0.5
2020-09-08,地产/建筑,17,0.08082022251309269,0.35294117647058826
2020-09-08,工业/制造,8,-0.10790405822767483,0.625
2020-09-08,新能源/汽车,0,,
2020-09-08,消费/零售,15,-0.06393934829290514,0.6666666666666666
2020-09-08,生物科技/医药,11,-0.013371212666207005,0.5454545454545454
2020-09-08,金融,4,-0.12198726291863549,0.5
2020-09-09,TMT/互联网,5,-0.023796216553901177,0.8
2020-09-09,其他,6,-0.0023237957979077573,0.5
2020-09-09,地产/建筑,17,0.08082022251309269,0.35294117647058826
2020-09-09,工业/制造,8,-0.10790405822767483,0.625
2020-09-09,新能源/汽车,0,,
2020-09-09,消费/零售,15,-0.06393934829290514,0.6666666666666666
2020-09-09,生物科技/医药,11,-0.013371212666207005,0.5454545454545454
2020-09-09,金融,4,-0.12198726291863549,0.5
2020-09-10,TMT/互联网,5,-0.023796216553901177,0.8
2020-09-10,其他,6,-0.0023237957979077573,0.5
2020-09-10,地产/建筑,17,0.08082022251309269,0.35294117647058826
2020-09-10,工业/制造,8,-0.10790405822767483,0.625
2020-09-10,新能源/汽车,0,,
2020-09-10,消费/零售,16,-0.06296143170752541,0.6875
2020-09-10,生物科技/医药,11,-0.013371212666207005,0.5454545454545454
2020-09-10,金融,4,-0.12198726291863549,0.5
2020-09-11,TMT/互联网,5,-0.023796216553901177,0.8
2020-09-11,其他,6,-0.0023237957979077573,0.5
2020-09-11,地产/建筑,18,0.09643603025707431,0.3333333333333333
2020-09-11,工业/制造,8,-0.10790405822767483,0.625
2020-09-11,新能源/汽车,0,,
2020-09-11,消费/零售,16,-0.06296143170752541,0.6875
2020-09-11,生物科技/医药,11,-0.013371212666207005,0.5454545454545454
2020-09-11,金融,4,-0.12198726291863549,0.5
2020-09-12,TMT/互联网,5,-0.023796216553901177,0.8
2020-09-12,其他,6,-0.0023237957979077573,0.5
2020-09-12,地产/建筑,18,0.09643603025707431,0.3333333333333333
2020-09-12,工业/制造,8,-0.10790405822767483,0.625
2020-09-12,新能源/汽车,0,,
2020-09-12,消费/零售,16,-0.06296143170752541,0.6875
2020-09-12,生物科技/医药,11,-0.013371212666207005,0.5454545454545454
2020-09-12,金融,4,-0.12198726291863549,0.5
2020-09-13,TMT/互联网,5,-0.023796216553901177,0.8
2020-09-13,其他,6,-0.0023237957979077573,0.5
2020-09-13,地产/建筑,18,0.09643603025707431,0.3333333333333333
2020-09-13,工业/制造,8,-0.10790405822767483,0.625
2020-09-13,新能源/汽车,0,,
2020-09-13,消费/零售,16,-0.06296143170752541,0.6875
2020-09-13,生物科技/医药,11,-0.013371212666207005,0.5454545454545454
2020-09-13,金融,4,-0.12198726291863549,0.5
2020-09-14,TMT/互联网,5,-0.023796216553901177,0.8
2020-09-14,其他,6,-0.0023237957979077573,0.5
2020-09-14,地产/建筑,18,0.09643603025707431,0.3333333333333333
2020-09-14,工业/制造,8,-0.10790405822767483,0.625
2020-09-14,新能源/汽车,0,,
2020-09-14,消费/零售,16,-0.06296143170752541,0.6875
2020-09-14,生物科技/医药,11,-0.013371212666207005,0.5454545454545454
2020-09-14,金融,4,-0.12198726291863549,0.5
2020-09-15,TMT/互联网,5,-0.023796216553901177,0.8
2020-09-15,其他,6,-0.0023237957979077573,0.5
2020-09-15,地产/建筑,18,0.09643603025707431,0.3333333333333333
2020-09-15,工业/制造,8,-0.10790405822767483,0.625
2020-09-15,新能源/汽车,0,,
2020-09-15,消费/零售,17,-0.03634760135940471,0.6470588235294118
2020-09-15,生物科技/医药,11,-0.013371212666207005,0.5454545454545454
2020-09-15,金融,4,-0.12198726291863549,0.5
2020-09-16,TMT/互联网,5,-0.023796216553901177,0.8
2020-09-16,其他,6,-0.0023237957979077573,0.5
2020-09-16,地产/建筑,18,0.09643603025707431,0.3333333333333333
2020-09-16,工业/制造,8,-0.10790405822767483,0.625
2020-09-16,新能源/汽车,0,,
2020-09-16,消费/零售,17,-0.03634760135940471,0.6470588235294118
2020-09-16,生物科技/医药,11,-0.013371212666207005,0.5454545454545454
2020-09-16,金融,4,-0.12198726291863549,0.5
2020-09-17,TMT/互联网,5,-0.023796216553901177,0.8
2020-09-17,其他,6,-0.0023237957979077573,0.5
2020-09-17,地产/建筑,18,0.09643603025707431,0.3333333333333333
2020-09-17,工业/制造,8,-0.10790405822767483,0.625
2020-09-17,新能源/汽车,0,,
2020-09-17,消费/零售,17,-0.03634760135940471,0.6470588235294118
2020-09-17,生物科技/医药,11,-0.013371212666207005,0.5454545454545454
2020-09-17,金融,4,-0.12198726291863549,0.5
2020-09-18,TMT/互联网,5,-0.023796216553901177,0.8
2020-09-18,其他,6,-0.0023237957979077573,0.5
2020-09-18,地产/建筑,18,0.09643603025707431,0.3333333333333333
2020-09-18,工业/制造,8,-0.10790405822767483,0.625
2020-09-18,新能源/汽车,0,,
2020-09-18,消费/零售,18,-0.035045136050907325,0.6666666666666666
2020-09-18,生物科技/医药,11,-0.013371212666207005,0.5454545454545454
2020-09-18,金融,4,-0.12198726291863549,0.5
2020-09-19,TMT/互联网,5,-0.023796216553901177,0.8
2020-09-19,其他,6,-0.0023237957979077573,0.5
2020-09-19,地产/建筑,18,0.09643603025707431,0.3333333333333333
2020-09-19,工业/制造,8,-0.10790405822767483,0.625
2020-09-19,新能源/汽车,0,,
2020-09-19,消费/零售,18,-0.035045136050907325,0.6666666666666666
2020-09-19,生物科技/医药,11,-0.013371212666207005,0.5454545454545454
2020-09-19,金融,4,-0.12198726291863549,0.5
2020-09-20,TMT/互联网,5,-0.023796216553901177,0.8
2020-09-20,其他,6,-0.0023237957979077573,0.5
2020-09-20,地产/建筑,18,0.09643603025707431,0.3333333333333333
2020-09-20,工业/制造,8,-0.10790405822767483,0.625
2020-09-20,新能源/汽车,0,,
2020-09-20,消费/零售,18,-0.035045136050907325,0.6666666666666666
2020-09-20,生物科技/医药,11,-0.013371212666207005,0.5454545454545454
2020-09-20,金融,4,-0.12198726291863549,0.5
2020-09-21,TMT/互联网,5,-0.023796216553901177,0.8
2020-09-21,其他,6,-0.0023237957979077573,0.5
2020-09-21,地产/建筑,18,0.09643603025707431,0.3333333333333333
2020-09-21,工业/制造,8,-0.10790405822767483,0.625
2020-09-21,新能源/汽车,0,,
2020-09-21,消费/零售,18,-0.035045136050907325,0.6666666666666666
2020-09-21,生物科技/医药,11,-0.013371212666207005,0.5454545454545454
2020-09-21,金融,4,-0.12198726291863549,0.5
2020-09-22,TMT/互联网,5,-0.023796216553901177,0.8
2020-09-22,其他,6,-0.0023237957979077573,0.5
2020-09-22,地产/建筑,18,0.09643603025707431,0.3333333333333333
2020-09-22,工业/制造,8,-0.10790405822767483,0.625
2020-09-22,新能源/汽车,0,,
2020-09-22,消费/零售,19,-0.03216527988256794,0.631578947368421
2020-09-22,生物科技/医药,11,-0.013371212666207005,0.5454545454545454
2020-09-22,金融,4,-0.12198726291863549,0.5
2020-09-23,TMT/互联网,5,-0.023796216553901177,0.8
2020-09-23,其他,6,-0.0023237957979077573,0.5
2020-09-23,地产/建筑,18,0.09643603025707431,0.3333333333333333
2020-09-23,工业/制造,8,-0.10790405822767483,0.625
2020-09-23,新能源/汽车,0,,
2020-09-23,消费/零售,20,-0.030557015888439547,0.6
2020-09-23,生物科技/医药,11,-0.013371212666207005,0.5454545454545454
2020-09-23,金融,4,-0.12198726291863549,0.5
2020-09-24,TMT/互联网,5,-0.023796216553901177,0.8
2020-09-24,其他,6,-0.0023237957979077573,0.5
2020-09-24,地产/建筑,18,0.09643603025707431,0.3333333333333333
2020-09-24,工业/制造,8,-0.10790405822767483,0.625
2020-09-24,新能源/汽车,0,,
2020-09-24,消费/零售,20,-0.030557015888439547,0.6
2020-09-24,生物科技/医药,11,-0.013371212666207005,0.5454545454545454
2020-09-24,金融,4,-0.12198726291863549,0.5
2020-09-25,TMT/互联网,6,0.01182356630844151,0.6666666666666666
2020-09-25,其他,6,-0.0023237957979077573,0.5
2020-09-25,地产/建筑,18,0.09643603025707431,0.3333333333333333
2020-09-25,工业/制造,8,-0.10790405822767483,0.625
2020-09-25,新能源/汽车,0,,
2020-09-25,消费/零售,20,-0.030557015888439547,0.6
2020-09-25,生物科技/医药,11,-0.013371212666207005,0.5454545454545454
2020-09-25,金融,4,-0.12198726291863549,0.5
2020-09-26,TMT/互联网,6,0.01182356630844151,0.6666666666666666
2020-09-26,其他,6,-0.0023237957979077573,0.5
2020-09-26,地产/建筑,18,0.09643603025707431,0.3333333333333333
2020-09-26,工业/制造,8,-0.10790405822767483,0.625
2020-09-26,新能源/汽车,0,,
2020-09-26,消费/零售,20,-0.030557015888439547,0.6
2020-09-26,生物科技/医药,11,-0.013371212666207005,0.5454545454545454
2020-09-26,金融,4,-0.12198726291863549,0.5
2020-09-27,TMT/互联网,6,0.01182356630844151,0.6666666666666666
2020-09-27,其他,6,-0.0023237957979077573,0.5
2020-09-27,地产/建筑,18,0.09643603025707431,0.3333333333333333
2020-09-27,工业/制造,8,-0.10790405822767483,0.625
2020-09-27,新能源/汽车,0,,
2020-09-27,消费/零售,20,-0.030557015888439547,0.6
2020-09-27,生物科技/医药,11,-0.013371212666207005,0.5454545454545454
2020-09-27,金融,4,-0.12198726291863549,0.5
2020-09-28,TMT/互联网,6,0.01182356630844151,0.6666666666666666
2020-09-28,其他,6,-0.0023237957979077573,0.5
2020-09-28,地产/建筑,18,0.09643603025707431,0.3333333333333333
2020-09-28,工业/制造,8,-0.10790405822767483,0.625
2020-09-28,新能源/汽车,0,,
2020-09-28,消费/零售,20,-0.030557015888439547,0.6
2020-09-28,生物科技/医药,12,-0.012732359233618302,0.5833333333333334
2020-09-28,金融,4,-0.12198726291863549,0.5
2020-09-29,TMT/互联网,6,0.01182356630844151,0.6666666666666666
2020-09-29,其他,6,-0.0023237957979077573,0.5
2020-09-29,地产/建筑,19,0.09720840293360257,0.3157894736842105
2020-09-29,工业/制造,9,-0.09864695886175832,0.6666666666666666
2020-09-29,新能源/汽车,0,,
2020-09-29,消费/零售,22,-0.03752132391887483,0.6363636363636364
2020-09-29,生物科技/医药,12,-0.012732359233618302,0.5833333333333334
2020-09-29,金融,4,-0.12198726291863549,0.5
2020-09-30,TMT/互联网,6,0.01182356630844151,0.6666666666666666
2020-09-30,其他,6,-0.0023237957979077573,0.5
2020-09-30,地产/建筑,19,0.09720840293360257,0.3157894736842105
2020-09-30,工业/制造,9,-0.09864695886175832,0.6666666666666666
2020-09-30,新能源/汽车,0,,
2020-09-30,消费/零售,22,-0.03752132391887483,0.6363636363636364
2020-09-30,生物科技/医药,12,-0.012732359233618302,0.5833333333333334
2020-09-30,金融,4,-0.12198726291863549,0.5
2020-10-01,TMT/互联网,6,0.01182356630844151,0.6666666666666666
2020-10-01,其他,6,-0.0023237957979077573,0.5
2020-10-01,地产/建筑,19,0.09720840293360257,0.3157894736842105
2020-10-01,工业/制造,9,-0.09864695886175832,0.6666666666666666
2020-10-01,新能源/汽车,0,,
2020-10-01,消费/零售,22,-0.03752132391887483,0.6363636363636364
2020-10-01,生物科技/医药,12,-0.012732359233618302,0.5833333333333334
2020-10-01,金融,4,-0.12198726291863549,0.5
2020-10-02,TMT/互联网,6,0.01182356630844151,0.6666666666666666
2020-10-02,其他,6,-0.0023237957979077573,0.5
2020-10-02,地产/建筑,19,0.09720840293360257,0.3157894736842105
2020-10-02,工业/制造,9,-0.09864695886175832,0.6666666666666666
2020-10-02,新能源/汽车,0,,
2020-10-02,消费/零售,22,-0.03752132391887483,0.6363636363636364
2020-10-02,生物科技/医药,12,-0.012732359233618302,0.5833333333333334
2020-10-02,金融,4,-0.12198726291863549,0.5
2020-10-03,TMT/互联网,6,0.01182356630844151,0.6666666666666666
2020-10-03,其他,6,-0.0023237957979077573,0.5
2020-10-03,地产/建筑,19,0.09720840293360257,0.3157894736842105
2020-10-03,工业/制造,9,-0.09864695886175832,0.6666666666666666
2020-10-03,新能源/汽车,0,,
2020-10-03,消费/零售,22,-0.03752132391887483,0.6363636363636364
2020-10-03,生物科技/医药,12,-0.012732359233618302,0.5833333333333334
2020-10-03,金融,4,-0.12198726291863549,0.5
2020-10-04,TMT/互联网,6,0.01182356630844151,0.6666666666666666
2020-10-04,其他,6,-0.0023237957979077573,0.5
2020-10-04,地产/建筑,19,0.09720840293360257,0.3157894736842105
2020-10-04,工业/制造,9,-0.09864695886175832,0.6666666666666666
2020-10-04,新能源/汽车,0,,
2020-10-04,消费/零售,22,-0.03752132391887483,0.6363636363636364
2020-10-04,生物科技/医药,12,-0.012732359233618302,0.5833333333333334
2020-10-04,金融,4,-0.12198726291863549,0.5
2020-10-05,TMT/互联网,6,0.01182356630844151,0.6666666666666666
2020-10-05,其他,6,-0.0023237957979077573,0.5
2020-10-05,地产/建筑,19,0.09720840293360257,0.3157894736842105
2020-10-05,工业/制造,9,-0.09864695886175832,0.6666666666666666
2020-10-05,新能源/汽车,0,,
2020-10-05,消费/零售,22,-0.03752132391887483,0.6363636363636364
2020-10-05,生物科技/医药,12,-0.012732359233618302,0.5833333333333334
2020-10-05,金融,4,-0.12198726291863549,0.5
2020-10-06,TMT/互联网,6,0.01182356630844151,0.6666666666666666
2020-10-06,其他,6,-0.0023237957979077573,0.5
2020-10-06,地产/建筑,19,0.09720840293360257,0.3157894736842105
2020-10-06,工业/制造,9,-0.09864695886175832,0.6666666666666666
2020-10-06,新能源/汽车,0,,
2020-10-06,消费/零售,22,-0.03752132391887483,0.6363636363636364
2020-10-06,生物科技/医药,12,-0.012732359233618302,0.5833333333333334
2020-10-06,金融,4,-0.12198726291863549,0.5
2020-10-07,TMT/互联网,6,0.01182356630844151,0.6666666666666666
2020-10-07,其他,6,-0.0023237957979077573,0.5
2020-10-07,地产/建筑,19,0.09720840293360257,0.3157894736842105
2020-10-07,工业/制造,9,-0.09864695886175832,0.6666666666666666
2020-10-07,新能源/汽车,0,,
2020-10-07,消费/零售,22,-0.03752132391887483,0.6363636363636364
2020-10-07,生物科技/医药,13,-0.01504588692165398,0.6153846153846154
2020-10-07,金融,4,-0.12198726291863549,0.5
2020-10-08,TMT/互联网,6,0.01182356630844151,0.6666666666666666
2020-10-08,其他,6,-0.0023237957979077573,0.5
2020-10-08,地产/建筑,19,0.09720840293360257,0.3157894736842105
2020-10-08,工业/制造,9,-0.09864695886175832,0.6666666666666666
2020-10-08,新能源/汽车,0,,
2020-10-08,消费/零售,22,-0.03752132391887483,0.6363636363636364
2020-10-08,生物科技/医药,13,-0.01504588692165398,0.6153846153846154
2020-10-08,金融,4,-0.12198726291863549,0.5
2020-10-09,TMT/互联网,6,0.01182356630844151,0.6666666666666666
2020-10-09,其他,6,-0.0023237957979077573,0.5
2020-10-09,地产/建筑,19,0.09720840293360257,0.3157894736842105
2020-10-09,工业/制造,9,-0.09864695886175832,0.6666666666666666
2020-10-09,新能源/汽车,0,,
2020-10-09,消费/零售,22,-0.03752132391887483,0.6363636363636364
2020-10-09,生物科技/医药,14,-0.011743783730074866,0.5714285714285714
2020-10-09,金融,4,-0.12198726291863549,0.5
2020-10-10,TMT/互联网,6,0.01182356630844151,0.6666666666666666
2020-10-10,其他,6,-0.0023237957979077573,0.5
2020-10-10,地产/建筑,19,0.09720840293360257,0.3157894736842105
2020-10-10,工业/制造,9,-0.09864695886175832,0.6666666666666666
2020-10-10,新能源/汽车,0,,
2020-10-10,消费/零售,22,-0.03752132391887483,0.6363636363636364
2020-10-10,生物科技/医药,14,-0.011743783730074866,0.5714285714285714
2020-10-10,金融,4,-0.12198726291863549,0.5
2020-10-11,TMT/互联网,6,0.01182356630844151,0.6666666666666666
2020-10-11,其他,6,-0.0023237957979077573,0.5
2020-10-11,地产/建筑,19,0.09720840293360257,0.3157894736842105
2020-10-11,工业/制造,9,-0.09864695886175832,0.6666666666666666
2020-10-11,新能源/汽车,0,,
2020-10-11,消费/零售,22,-0.03752132391887483,0.6363636363636364
2020-10-11,生物科技/医药,14,-0.011743783730074866,0.5714285714285714
2020-10-11,金融,4,-0.12198726291863549,0.5
2020-10-12,TMT/互联网,6,0.01182356630844151,0.6666666666666666
2020-10-12,其他,6,-0.0023237957979077573,0.5
2020-10-12,地产/建筑,19,0.09720840293360257,0.3157894736842105
2020-10-12,工业/制造,9,-0.09864695886175832,0.6666666666666666
2020-10-12,新能源/汽车,0,,
2020-10-12,消费/零售,22,-0.03752132391887483,0.6363636363636364
2020-10-12,生物科技/医药,14,-0.011743783730074866,0.5714285714285714
2020-10-12,金融,5,-0.09758981033490839,0.4
2020-10-13,TMT/互联网,6,0.01182356630844151,0.6666666666666666
2020-10-13,其他,6,-0.0023237957979077573,0.5
2020-10-13,地产/建筑,19,0.09720840293360257,0.3157894736842105
2020-10-13,工业/制造,9,-0.09864695886175832,0.6666666666666666
2020-10-13,新能源/汽车,0,,
2020-10-13,消费/零售,22,-0.03752132391887483,0.6363636363636364
2020-10-13,生物科技/医药,14,-0.011743783730074866,0.5714285714285714
2020-10-13,金融,5,-0.09758981033490839,0.4
2020-10-14,TMT/互联网,6,0.01182356630844151,0.6666666666666666
2020-10-14,其他,6,-0.0023237957979077573,0.5
2020-10-14,地产/建筑,19,0.09720840293360257,0.3157894736842105
2020-10-14,工业/制造,9,-0.09864695886175832,0.6666666666666666
2020-10-14,新能源/汽车,0,,
2020-10-14,消费/零售,22,-0.03752132391887483,0.6363636363636364
2020-10-14,生物科技/医药,14,-0.011743783730074866,0.5714285714285714
2020-10-14,金融,5,-0.09758981033490839,0.4
2020-10-15,TMT/互联网,6,0.01182356630844151,0.6666666666666666
2020-10-15,其他,7,-0.006246841325842666,0.5714285714285714
2020-10-15,地产/建筑,19,0.09720840293360257,0.3157894736842105
2020-10-15,工业/制造,10,-0.08690256372746219,0.6
2020-10-15,新能源/汽车,0,,
2020-10-15,消费/零售,22,-0.03752132391887483,0.6363636363636364
2020-10-15,生物科技/医药,14,-0.011743783730074866,0.5714285714285714
2020-10-15,金融,5,-0.09758981033490839,0.4
2020-10-16,TMT/互联网,6,0.01182356630844151,0.6666666666666666
2020-10-16,其他,7,-0.006246841325842666,0.5714285714285714
2020-10-16,地产/建筑,19,0.09720840293360257,0.3157894736842105
2020-10-16,工业/制造,10,-0.08690256372746219,0.6
2020-10-16,新能源/汽车,0,,
2020-10-16,消费/零售,22,-0.03752132391887483,0.6363636363636364
2020-10-16,生物科技/医药,14,-0.011743783730074866,0.5714285714285714
2020-10-16,金融,6,-0.11942008004099508,0.5
2020-10-17,TMT/互联网,6,0.01182356630844151,0.6666666666666666
2020-10-17,其他,7,-0.006246841325842666,0.5714285714285714
2020-10-17,地产/建筑,19,0.09720840293360257,0.3157894736842105
2020-10-17,工业/制造,10,-0.08690256372746219,0.6
2020-10-17,新能源/汽车,0,,
2020-10-17,消费/零售,22,-0.03752132391887483,0.6363636363636364
2020-10-17,生物科技/医药,14,-0.011743783730074866,0.5714285714285714
2020-10-17,金融,6,-0.11942008004099508,0.5
2020-10-18,TMT/互联网,6,0.01182356630844151,0.6666666666666666
2020-10-18,其他,7,-0.006246841325842666,0.5714285714285714
2020-10-18,地产/建筑,19,0.09720840293360257,0.3157894736842105
2020-10-18,工业/制造,10,-0.08690256372746219,0.6
2020-10-18,新能源/汽车,0,,
2020-10-18,消费/零售,22,-0.03752132391887483,0.6363636363636364
2020-10-18,生物科技/医药,14,-0.011743783730074866,0.5714285714285714
2020-10-18,金融,6,-0.11942008004099508,0.5
2020-10-19,TMT/互联网,6,0.01182356630844151,0.6666666666666666
2020-10-19,其他,7,-0.006246841325842666,0.5714285714285714
2020-10-19,地产/建筑,20,0.09059359682201018,0.35
2020-10-19,工业/制造,10,-0.08690256372746219,0.6
2020-10-19,新能源/汽车,0,,
2020-10-19,消费/零售,22,-0.03752132391887483,0.6363636363636364
2020-10-19,生物科技/医药,14,-0.011743783730074866,0.5714285714285714
2020-10-19,金融,6,-0.11942008004099508,0.5
2020-10-20,TMT/互联网,6,0.01182356630844151,0.6666666666666666
2020-10-20,其他,7,-0.006246841325842666,0.5714285714285714
2020-10-20,地产/建筑,21,0.0823113620527081,0.38095238095238093
2020-10-20,工业/制造,11,-0.08030103196003059,0.6363636363636364
2020-10-20,新能源/汽车,0,,
2020-10-20,消费/零售,22,-0.03752132391887483,0.6363636363636364
2020-10-20,生物科技/医药,14,-0.011743783730074866,0.5714285714285714
2020-10-20,金融,6,-0.11942008004099508,0.5
2020-10-21,TMT/互联网,6,0.01182356630844151,0.6666666666666666
2020-10-21,其他,7,-0.006246841325842666,0.5714285714285714
2020-10-21,地产/建筑,21,0.0823113620527081,0.38095238095238093
2020-10-21,工业/制造,11,-0.08030103196003059,0.6363636363636364
2020-10-21,新能源/汽车,0,,
2020-10-21,消费/零售,22,-0.03752132391887483,0.6363636363636364
2020-10-21,生物科技/医药,14,-0.011743783730074866,0.5714285714285714
2020-10-21,金融,6,-0.11942008004099508,0.5
2020-10-22,TMT/互联网,6,0.01182356630844151,0.6666666666666666
2020-10-22,其他,7,-0.006246841325842666,0.5714285714285714
2020-10-22,地产/建筑,22,0.07311539105031227,0.4090909090909091
2020-10-22,工业/制造,11,-0.08030103196003059,0.6363636363636364
2020-10-22,新能源/汽车,0,,
2020-10-22,消费/零售,22,-0.03752132391887483,0.6363636363636364
2020-10-22,生物科技/医药,14,-0.011743783730074866,0.5714285714285714
2020-10-22,金融,6,-0.11942008004099508,0.5
2020-10-23,TMT/互联网,6,0.01182356630844151,0.6666666666666666
2020-10-23,其他,7,-0.006246841325842666,0.5714285714285714
2020-10-23,地产/建筑,22,0.07311539105031227,0.4090909090909091
2020-10-23,工业/制造,12,-0.07103195970906584,0.5833333333333334
2020-10-23,新能源/汽车,0,,
2020-10-23,消费/零售,22,-0.03752132391887483,0.6363636363636364
2020-10-23,生物科技/医药,14,-0.011743783730074866,0.5714285714285714
2020-10-23,金融,6,-0.11942008004099508,0.5
2020-10-24,TMT/互联网,6,0.01182356630844151,0.6666666666666666
2020-10-24,其他,7,-0.006246841325842666,0.5714285714285714
2020-10-24,地产/建筑,22,0.07311539105031227,0.4090909090909091
2020-10-24,工业/制造,12,-0.07103195970906584,0.5833333333333334
2020-10-24,新能源/汽车,0,,
2020-10-24,消费/零售,22,-0.03752132391887483,0.6363636363636364
2020-10-24,生物科技/医药,14,-0.011743783730074866,0.5714285714285714
2020-10-24,金融,6,-0.11942008004099508,0.5
2020-10-25,TMT/互联网,6,0.01182356630844151,0.6666666666666666
2020-10-25,其他,7,-0.006246841325842666,0.5714285714285714
2020-10-25,地产/建筑,22,0.07311539105031227,0.4090909090909091
2020-10-25,工业/制造,12,-0.07103195970906584,0.5833333333333334
2020-10-25,新能源/汽车,0,,
2020-10-25,消费/零售,22,-0.03752132391887483,0.6363636363636364
2020-10-25,生物科技/医药,14,-0.011743783730074866,0.5714285714285714
2020-10-25,金融,6,-0.11942008004099508,0.5
2020-10-26,TMT/互联网,6,0.01182356630844151,0.6666666666666666
2020-10-26,其他,8,-0.006246841325842666,0.5
2020-10-26,地产/建筑,22,0.07311539105031227,0.4090909090909091
2020-10-26,工业/制造,12,-0.07103195970906584,0.5833333333333334
2020-10-26,新能源/汽车,0,,
2020-10-26,消费/零售,22,-0.03752132391887483,0.6363636363636364
2020-10-26,生物科技/医药,14,-0.011743783730074866,0.5714285714285714
2020-10-26,金融,6,-0.11942008004099508,0.5
2020-10-27,TMT/互联网,6,0.01182356630844151,0.6666666666666666
2020-10-27,其他,8,-0.006246841325842666,0.5
2020-10-27,地产/建筑,22,0.07311539105031227,0.4090909090909091
2020-10-27,工业/制造,12,-0.07103195970906584,0.5833333333333334
2020-10-27,新能源/汽车,0,,
2020-10-27,消费/零售,22,-0.03752132391887483,0.6363636363636364
2020-10-27,生物科技/医药,15,-0.011082076935948655,0.6
2020-10-27,金融,6,-0.11942008004099508,0.5
2020-10-28,TMT/互联网,6,0.01182356630844151,0.6666666666666666
2020-10-28,其他,8,-0.006246841325842666,0.5
2020-10-28,地产/建筑,22,0.07311539105031227,0.4090909090909091
2020-10-28,工业/制造,12,-0.07103195970906584,0.5833333333333334
2020-10-28,新能源/汽车,0,,
2020-10-28,消费/零售,22,-0.03752132391887483,0.6363636363636364
2020-10-28,生物科技/医药,15,-0.011082076935948655,0.6
2020-10-28,金融,6,-0.11942008004099508,0.5
2020-10-29,TMT/互联网,6,0.01182356630844151,0.6666666666666666
2020-10-29,其他,9,-0.006246841325842671,0.4444444444444444
2020-10-29,地产/建筑,23,0.0718087306114699,0.391304347826087
2020-10-29,工业/制造,12,-0.07103195970906584,0.5833333333333334
2020-10-29,新能源/汽车,0,,
2020-10-29,消费/零售,22,-0.03752132391887483,0.6363636363636364
2020-10-29,生物科技/医药,15,-0.011082076935948655,0.6
2020-10-29,金融,6,-0.11942008004099508,0.5
2020-10-30,TMT/互联网,6,0.01182356630844151,0.6666666666666666
2020-10-30,其他,9,-0.006246841325842671,0.4444444444444444
2020-10-30,地产/建筑,25,0.0656202128157794,0.4
2020-10-30,工业/制造,12,-0.07103195970906584,0.5833333333333334
2020-10-30,新能源/汽车,0,,
2020-10-30,消费/零售,22,-0.03752132391887483,0.6363636363636364
2020-10-30,生物科技/医药,15,-0.011082076935948655,0.6
2020-10-30,金融,6,-0.11942008004099508,0.5
2020-10-31,TMT/互联网,6,0.01182356630844151,0.6666666666666666
2020-10-31,其他,9,-0.006246841325842671,0.4444444444444444
2020-10-31,地产/建筑,25,0.0656202128157794,0.4
2020-10-31,工业/制造,12,-0.07103195970906584,0.5833333333333334
2020-10-31,新能源/汽车,0,,
2020-10-31,消费/零售,22,-0.03752132391887483,0.6363636363636364
2020-10-31,生物科技/医药,15,-0.011082076935948655,0.6
2020-10-31,金融,6,-0.11942008004099508,0.5
2020-11-01,TMT/互联网,6,0.01182356630844151,0.6666666666666666
2020-11-01,其他,9,-0.006246841325842671,0.4444444444444444
2020-11-01,地产/建筑,25,0.0656202128157794,0.4
2020-11-01,工业/制造,12,-0.07103195970906584,0.5833333333333334
2020-11-01,新能源/汽车,0,,
2020-11-01,消费/零售,22,-0.03752132391887483,0.6363636363636364
2020-11-01,生物科技/医药,15,-0.011082076935948655,0.6
2020-11-01,金融,6,-0.11942008004099508,0.5
2020-11-02,TMT/互联网,7,0.013661822267905768,0.5714285714285714
2020-11-02,其他,9,-0.006246841325842671,0.4444444444444444
2020-11-02,地产/建筑,25,0.0656202128157794,0.4
2020-11-02,工业/制造,12,-0.07103195970906584,0.5833333333333334
2020-11-02,新能源/汽车,0,,
2020-11-02,消费/零售,22,-0.03752132391887483,0.6363636363636364
2020-11-02,生物科技/医药,15,-0.011082076935948655,0.6
2020-11-02,金融,6,-0.11942008004099508,0.5
2020-11-03,TMT/互联网,7,0.013661822267905768,0.5714285714285714
2020-11-03,其他,9,-0.006246841325842671,0.4444444444444444
2020-11-03,地产/建筑,25,0.0656202128157794,0.4
2020-11-03,工业/制造,12,-0.07103195970906584,0.5833333333333334
2020-11-03,新能源/汽车,0,,
2020-11-03,消费/零售,22,-0.03752132391887483,0.6363636363636364
2020-11-03,生物科技/医药,16,-0.016421274642852278,0.625
2020-11-03,金融,6,-0.11942008004099508,0.5
2020-11-04,TMT/互联网,7,0.013661822267905768,0.5714285714285714
2020-11-04,其他,9,-0.006246841325842671,0.4444444444444444
2020-11-04,地产/建筑,25,0.0656202128157794,0.4
2020-11-04,工业/制造,12,-0.07103195970906584,0.5833333333333334
2020-11-04,新能源/汽车,0,,
2020-11-04,消费/零售,22,-0.03752132391887483,0.6363636363636364
2020-11-04,生物科技/医药,16,-0.016421274642852278,0.625
2020-11-04,金融,6,-0.11942008004099508,0.5
2020-11-05,TMT/互联网,7,0.013661822267905768,0.5714285714285714
2020-11-05,其他,9,-0.006246841325842671,0.4444444444444444
2020-11-05,地产/建筑,25,0.0656202128157794,0.4
2020-11-05,工业/制造,12,-0.07103195970906584,0.5833333333333334
2020-11-05,新能源/汽车,0,,
2020-11-05,消费/零售,22,-0.03752132391887483,0.6363636363636364
2020-11-05,生物科技/医药,16,-0.016421274642852278,0.625
2020-11-05,金融,6,-0.11942008004099508,0.5
2020-11-06,TMT/互联网,7,0.013661822267905768,0.5714285714285714
2020-11-06,其他,9,-0.006246841325842671,0.4444444444444444
2020-11-06,地产/建筑,25,0.0656202128157794,0.4
2020-11-06,工业/制造,12,-0.07103195970906584,0.5833333333333334
2020-11-06,新能源/汽车,0,,
2020-11-06,消费/零售,22,-0.03752132391887483,0.6363636363636364
2020-11-06,生物科技/医药,16,-0.016421274642852278,0.625
2020-11-06,金融,6,-0.11942008004099508,0.5
2020-11-07,TMT/互联网,7,0.013661822267905768,0.5714285714285714
2020-11-07,其他,9,-0.006246841325842671,0.4444444444444444
2020-11-07,地产/建筑,25,0.0656202128157794,0.4
2020-11-07,工业/制造,12,-0.07103195970906584,0.5833333333333334
2020-11-07,新能源/汽车,0,,
2020-11-07,消费/零售,22,-0.03752132391887483,0.6363636363636364
2020-11-07,生物科技/医药,16,-0.016421274642852278,0.625
2020-11-07,金融,6,-0.11942008004099508,0.5
2020-11-08,TMT/互联网,7,0.013661822267905768,0.5714285714285714
2020-11-08,其他,9,-0.006246841325842671,0.4444444444444444
2020-11-08,地产/建筑,25,0.0656202128157794,0.4
2020-11-08,工业/制造,12,-0.07103195970906584,0.5833333333333334
2020-11-08,新能源/汽车,0,,
2020-11-08,消费/零售,22,-0.03752132391887483,0.6363636363636364
2020-11-08,生物科技/医药,16,-0.016421274642852278,0.625
2020-11-08,金融,6,-0.11942008004099508,0.5
2020-11-09,TMT/互联网,7,0.013661822267905768,0.5714285714285714
2020-11-09,其他,9,-0.006246841325842671,0.4444444444444444
2020-11-09,地产/建筑,25,0.0656202128157794,0.4
2020-11-09,工业/制造,12,-0.07103195970906584,0.5833333333333334
2020-11-09,新能源/汽车,0,,
2020-11-09,消费/零售,23,-0.0363936927652695,0.6521739130434783
2020-11-09,生物科技/医药,17,-0.006525012515734395,0.5882352941176471
2020-11-09,金融,6,-0.11942008004099508,0.5
2020-11-10,TMT/互联网,7,0.013661822267905768,0.5714285714285714
2020-11-10,其他,9,-0.006246841325842671,0.4444444444444444
2020-11-10,地产/建筑,25,0.0656202128157794,0.4
2020-11-10,工业/制造,12,-0.07103195970906584,0.5833333333333334
2020-11-10,新能源/汽车,0,,
2020-11-10,消费/零售,23,-0.0363936927652695,0.6521739130434783
2020-11-10,生物科技/医药,17,-0.006525012515734395,0.5882352941176471
2020-11-10,金融,6,-0.11942008004099508,0.5
2020-11-11,TMT/互联网,7,0.013661822267905768,0.5714285714285714
2020-11-11,其他,9,-0.006246841325842671,0.4444444444444444
2020-11-11,地产/建筑,25,0.0656202128157794,0.4
2020-11-11,工业/制造,12,-0.07103195970906584,0.5833333333333334
2020-11-11,新能源/汽车,0,,
2020-11-11,消费/零售,24,-0.04036631085613776,0.6666666666666666
2020-11-11,生物科技/医药,17,-0.006525012515734395,0.5882352941176471
2020-11-11,金融,6,-0.11942008004099508,0.5
2020-11-12,TMT/互联网,7,0.013661822267905768,0.5714285714285714
2020-11-12,其他,9,-0.006246841325842671,0.4444444444444444
2020-11-12,地产/建筑,25,0.0656202128157794,0.4
2020-11-12,工业/制造,12,-0.07103195970906584,0.5833333333333334
2020-11-12,新能源/汽车,0,,
2020-11-12,消费/零售,24,-0.04036631085613776,0.6666666666666666
2020-11-12,生物科技/医药,17,-0.006525012515734395,0.5882352941176471
2020-11-12,金融,6,-0.11942008004099508,0.5
2020-11-13,TMT/互联网,7,0.013661822267905768,0.5714285714285714
2020-11-13,其他,9,-0.006246841325842671,0.4444444444444444
2020-11-13,地产/建筑,25,0.0656202128157794,0.4
2020-11-13,工业/制造,12,-0.07103195970906584,0.5833333333333334
2020-11-13,新能源/汽车,0,,
2020-11-13,消费/零售,24,-0.04036631085613776,0.6666666666666666
2020-11-13,生物科技/医药,17,-0.006525012515734395,0.5882352941176471
2020-11-13,金融,6,-0.11942008004099508,0.5
2020-11-14,TMT/互联网,7,0.013661822267905768,0.5714285714285714
2020-11-14,其他,9,-0.006246841325842671,0.4444444444444444
2020-11-14,地产/建筑,25,0.0656202128157794,0.4
2020-11-14,工业/制造,12,-0.07103195970906584,0.5833333333333334
2020-11-14,新能源/汽车,0,,
2020-11-14,消费/零售,24,-0.04036631085613776,0.6666666666666666
2020-11-14,生物科技/医药,17,-0.006525012515734395,0.5882352941176471
2020-11-14,金融,6,-0.11942008004099508,0.5
2020-11-15,TMT/互联网,7,0.013661822267905768,0.5714285714285714
2020-11-15,其他,9,-0.006246841325842671,0.4444444444444444
2020-11-15,地产/建筑,25,0.0656202128157794,0.4
2020-11-15,工业/制造,12,-0.07103195970906584,0.5833333333333334
2020-11-15,新能源/汽车,0,,
2020-11-15,消费/零售,24,-0.04036631085613776,0.6666666666666666
2020-11-15,生物科技/医药,17,-0.006525012515734395,0.5882352941176471
2020-11-15,金融,6,-0.11942008004099508,0.5
2020-11-16,TMT/互联网,7,0.013661822267905768,0.5714285714285714
2020-11-16,其他,9,-0.006246841325842671,0.4444444444444444
2020-11-16,地产/建筑,25,0.0656202128157794,0.4
2020-11-16,工业/制造,12,-0.07103195970906584,0.5833333333333334
2020-11-16,新能源/汽车,0,,
2020-11-16,消费/零售,24,-0.04036631085613776,0.6666666666666666
2020-11-16,生物科技/医药,17,-0.006525012515734395,0.5882352941176471
2020-11-16,金融,6,-0.11942008004099508,0.5
2020-11-17,TMT/互联网,7,0.013661822267905768,0.5714285714285714
2020-11-17,其他,11,-0.007253134880318313,0.45454545454545453
2020-11-17,地产/建筑,25,0.0656202128157794,0.4
2020-11-17,工业/制造,12,-0.07103195970906584,0.5833333333333334
2020-11-17,新能源/汽车,0,,
2020-11-17,消费/零售,24,-0.04036631085613776,0.6666666666666666
2020-11-17,生物科技/医药,17,-0.006525012515734395,0.5882352941176471
2020-11-17,金融,6,-0.11942008004099508,0.5
2020-11-18,TMT/互联网,7,0.013661822267905768,0.5714285714285714
2020-11-18,其他,12,-0.006447231004727389,0.4166666666666667
2020-11-18,地产/建筑,25,0.0656202128157794,0.4
2020-11-18,工业/制造,12,-0.07103195970906584,0.5833333333333334
2020-11-18,新能源/汽车,0,,
2020-11-18,消费/零售,25,-0.03506744789557647,0.64
2020-11-18,生物科技/医药,17,-0.006525012515734395,0.5882352941176471
2020-11-18,金融,6,-0.11942008004099508,0.5
2020-11-19,TMT/互联网,7,0.013661822267905768,0.5714285714285714
2020-11-19,其他,12,-0.006447231004727389,0.4166666666666667
2020-11-19,地产/建筑,26,0.07151810913984093,0.38461538461538464
2020-11-19,工业/制造,12,-0.07103195970906584,0.5833333333333334
2020-11-19,新能源/汽车,0,,
2020-11-19,消费/零售,25,-0.03506744789557647,0.64
2020-11-19,生物科技/医药,17,-0.006525012515734395,0.5882352941176471
2020-11-19,金融,6,-0.11942008004099508,0.5
2020-11-20,TMT/互联网,7,0.013661822267905768,0.5714285714285714
2020-11-20,其他,12,-0.006447231004727389,0.4166666666666667
2020-11-20,地产/建筑,26,0.07151810913984093,0.38461538461538464
2020-11-20,工业/制造,12,-0.07103195970906584,0.5833333333333334
2020-11-20,新能源/汽车,0,,
2020-11-20,消费/零售,25,-0.03506744789557647,0.64
2020-11-20,生物科技/医药,18,-0.009904008419055275,0.6111111111111112
2020-11-20,金融,6,-0.11942008004099508,0.5
2020-11-21,TMT/互联网,7,0.013661822267905768,0.5714285714285714
2020-11-21,其他,12,-0.006447231004727389,0.4166666666666667
2020-11-21,地产/建筑,26,0.07151810913984093,0.38461538461538464
2020-11-21,工业/制造,12,-0.07103195970906584,0.5833333333333334
2020-11-21,新能源/汽车,0,,
2020-11-21,消费/零售,25,-0.03506744789557647,0.64
2020-11-21,生物科技/医药,18,-0.009904008419055275,0.6111111111111112
2020-11-21,金融,6,-0.11942008004099508,0.5
2020-11-22,TMT/互联网,7,0.013661822267905768,0.5714285714285714
2020-11-22,其他,12,-0.006447231004727389,0.4166666666666667
2020-11-22,地产/建筑,26,0.07151810913984093,0.38461538461538464
2020-11-22,工业/制造,12,-0.07103195970906584,0.5833333333333334
2020-11-22,新能源/汽车,0,,
2020-11-22,消费/零售,25,-0.03506744789557647,0.64
2020-11-22,生物科技/医药,18,-0.009904008419055275,0.6111111111111112
2020-11-22,金融,6,-0.11942008004099508,0.5
2020-11-23,TMT/互联网,7,0.013661822267905768,0.5714285714285714
2020-11-23,其他,12,-0.006447231004727389,0.4166666666666667
2020-11-23,地产/建筑,26,0.07151810913984093,0.38461538461538464
2020-11-23,工业/制造,12,-0.07103195970906584,0.5833333333333334
2020-11-23,新能源/汽车,0,,
2020-11-23,消费/零售,25,-0.03506744789557647,0.64
2020-11-23,生物科技/医药,18,-0.009904008419055275,0.6111111111111112
2020-11-23,金融,6,-0.11942008004099508,0.5
2020-11-24,TMT/互联网,7,0.013661822267905768,0.5714285714285714
2020-11-24,其他,12,-0.006447231004727389,0.4166666666666667
2020-11-24,地产/建筑,26,0.07151810913984093,0.38461538461538464
2020-11-24,工业/制造,12,-0.07103195970906584,0.5833333333333334
2020-11-24,新能源/汽车,0,,
2020-11-24,消费/零售,25,-0.03506744789557647,0.64
2020-11-24,生物科技/医药,18,-0.009904008419055275,0.6111111111111112
2020-11-24,金融,6,-0.11942008004099508,0.5
2020-11-25,TMT/互联网,7,0.013661822267905768,0.5714285714285714
2020-11-25,其他,12,-0.006447231004727389,0.4166666666666667
2020-11-25,地产/建筑,26,0.07151810913984093,0.38461538461538464
2020-11-25,工业/制造,12,-0.07103195970906584,0.5833333333333334
2020-11-25,新能源/汽车,0,,
2020-11-25,消费/零售,25,-0.03506744789557647,0.64
2020-11-25,生物科技/医药,18,-0.009904008419055275,0.6111111111111112
2020-11-25,金融,6,-0.11942008004099508,0.5
2020-11-26,TMT/互联网,7,0.013661822267905768,0.5714285714285714
2020-11-26,其他,12,-0.006447231004727389,0.4166666666666667
2020-11-26,地产/建筑,26,0.07151810913984093,0.38461538461538464
2020-11-26,工业/制造,12,-0.07103195970906584,0.5833333333333334
2020-11-26,新能源/汽车,0,,
2020-11-26,消费/零售,25,-0.03506744789557647,0.64
2020-11-26,生物科技/医药,18,-0.009904008419055275,0.6111111111111112
2020-11-26,金融,6,-0.11942008004099508,0.5
2020-11-27,TMT/互联网,7,0.013661822267905768,0.5714285714285714
2020-11-27,其他,12,-0.006447231004727389,0.4166666666666667
2020-11-27,地产/建筑,26,0.07151810913984093,0.38461538461538464
2020-11-27,工业/制造,12,-0.07103195970906584,0.5833333333333334
2020-11-27,新能源/汽车,0,,
2020-11-27,消费/零售,25,-0.03506744789557647,0.64
2020-11-27,生物科技/医药,18,-0.009904008419055275,0.6111111111111112
2020-11-27,金融,6,-0.11942008004099508,0.5
2020-11-28,TMT/互联网,7,0.013661822267905768,0.5714285714285714
2020-11-28,其他,12,-0.006447231004727389,0.4166666666666667
2020-11-28,地产/建筑,26,0.07151810913984093,0.38461538461538464
2020-11-28,工业/制造,12,-0.07103195970906584,0.5833333333333334
2020-11-28,新能源/汽车,0,,
2020-11-28,消费/零售,25,-0.03506744789557647,0.64
2020-11-28,生物科技/医药,18,-0.009904008419055275,0.6111111111111112
2020-11-28,金融,6,-0.11942008004099508,0.5
2020-11-29,TMT/互联网,7,0.013661822267905768,0.5714285714285714
2020-11-29,其他,12,-0.006447231004727389,0.4166666666666667
2020-11-29,地产/建筑,26,0.07151810913984093,0.38461538461538464
2020-11-29,工业/制造,12,-0.07103195970906584,0.5833333333333334
2020-11-29,新能源/汽车,0,,
2020-11-29,消费/零售,25,-0.03506744789557647,0.64
2020-11-29,生物科技/医药,18,-0.009904008419055275,0.6111111111111112
2020-11-29,金融,6,-0.11942008004099508,0.5
2020-11-30,TMT/互联网,7,0.013661822267905768,0.5714285714285714
2020-11-30,其他,12,-0.006447231004727389,0.4166666666666667
2020-11-30,地产/建筑,26,0.07151810913984093,0.38461538461538464
2020-11-30,工业/制造,12,-0.07103195970906584,0.5833333333333334
2020-11-30,新能源/汽车,0,,
2020-11-30,消费/零售,25,-0.03506744789557647,0.64
2020-11-30,生物科技/医药,18,-0.009904008419055275,0.6111111111111112
2020-11-30,金融,6,-0.11942008004099508,0.5
2020-12-01,TMT/互联网,7,0.013661822267905768,0.5714285714285714
2020-12-01,其他,12,-0.006447231004727389,0.4166666666666667
2020-12-01,地产/建筑,26,0.07151810913984093,0.38461538461538464
2020-12-01,工业/制造,12,-0.07103195970906584,0.5833333333333334
2020-12-01,新能源/汽车,0,,
2020-12-01,消费/零售,25,-0.03506744789557647,0.64
2020-12-01,生物科技/医药,18,-0.009904008419055275,0.6111111111111112
2020-12-01,金融,6,-0.11942008004099508,0.5
2020-12-02,TMT/互联网,7,0.013661822267905768,0.5714285714285714
2020-12-02,其他,12,-0.006447231004727389,0.4166666666666667
2020-12-02,地产/建筑,27,0.068617907678486,0.4074074074074074
2020-12-02,工业/制造,12,-0.07103195970906584,0.5833333333333334
2020-12-02,新能源/汽车,0,,
2020-12-02,消费/零售,25,-0.03506744789557647,0.64
2020-12-02,生物科技/医药,18,-0.009904008419055275,0.6111111111111112
2020-12-02,金融,6,-0.11942008004099508,0.5
2020-12-03,TMT/互联网,7,0.013661822267905768,0.5714285714285714
2020-12-03,其他,12,-0.006447231004727389,0.4166666666666667
2020-12-03,地产/建筑,27,0.068617907678486,0.4074074074074074
2020-12-03,工业/制造,12,-0.07103195970906584,0.5833333333333334
2020-12-03,新能源/汽车,0,,
2020-12-03,消费/零售,25,-0.03506744789557647,0.64
2020-12-03,生物科技/医药,18,-0.009904008419055275,0.6111111111111112
2020-12-03,金融,6,-0.11942008004099508,0.5
2020-12-04,TMT/互联网,7,0.013661822267905768,0.5714285714285714
2020-12-04,其他,12,-0.006447231004727389,0.4166666666666667
2020-12-04,地产/建筑,27,0.068617907678486,0.4074074074074074
2020-12-04,工业/制造,12,-0.07103195970906584,0.5833333333333334
2020-12-04,新能源/汽车,0,,
2020-12-04,消费/零售,25,-0.03506744789557647,0.64
2020-12-04,生物科技/医药,18,-0.009904008419055275,0.6111111111111112
2020-12-04,金融,6,-0.11942008004099508,0.5
2020-12-05,TMT/互联网,7,0.013661822267905768,0.5714285714285714
2020-12-05,其他,12,-0.006447231004727389,0.4166666666666667
2020-12-05,地产/建筑,27,0.068617907678486,0.4074074074074074
2020-12-05,工业/制造,12,-0.07103195970906584,0.5833333333333334
2020-12-05,新能源/汽车,0,,
2020-12-05,消费/零售,25,-0.03506744789557647,0.64
2020-12-05,生物科技/医药,18,-0.009904008419055275,0.6111111111111112
2020-12-05,金融,6,-0.11942008004099508,0.5
2020-12-06,TMT/互联网,7,0.013661822267905768,0.5714285714285714
2020-12-06,其他,12,-0.006447231004727389,0.4166666666666667
2020-12-06,地产/建筑,27,0.068617907678486,0.4074074074074074
2020-12-06,工业/制造,12,-0.07103195970906584,0.5833333333333334
2020-12-06,新能源/汽车,0,,
2020-12-06,消费/零售,25,-0.03506744789557647,0.64
2020-12-06,生物科技/医药,18,-0.009904008419055275,0.6111111111111112
2020-12-06,金融,6,-0.11942008004099508,0.5
2020-12-07,TMT/互联网,7,0.013661822267905768,0.5714285714285714
2020-12-07,其他,12,-0.006447231004727389,0.4166666666666667
2020-12-07,地产/建筑,28,0.054513132780194214,0.42857142857142855
2020-12-07,工业/制造,12,-0.07103195970906584,0.5833333333333334
2020-12-07,新能源/汽车,0,,
2020-12-07,消费/零售,25,-0.03506744789557647,0.64
2020-12-07,生物科技/医药,18,-0.009904008419055275,0.6111111111111112
2020-12-07,金融,6,-0.11942008004099508,0.5
2020-12-08,TMT/互联网,7,0.013661822267905768,0.5714285714285714
2020-12-08,其他,12,-0.006447231004727389,0.4166666666666667
2020-12-08,地产/建筑,28,0.054513132780194214,0.42857142857142855
2020-12-08,工业/制造,12,-0.07103195970906584,0.5833333333333334
2020-12-08,新能源/汽车,0,,
2020-12-08,消费/零售,25,-0.03506744789557647,0.64
2020-12-08,生物科技/医药,19,-0.0007500519748332095,0.5789473684210527
2020-12-08,金融,6,-0.11942008004099508,0.5
2020-12-09,TMT/互联网,7,0.013661822267905768,0.5714285714285714
2020-12-09,其他,12,-0.006447231004727389,0.4166666666666667
2020-12-09,地产/建筑,30,0.04750848484345646,0.4666666666666667
2020-12-09,工业/制造,12,-0.07103195970906584,0.5833333333333334
2020-12-09,新能源/汽车,0,,
2020-12-09,消费/零售,25,-0.03506744789557647,0.64
2020-12-09,生物科技/医药,19,-0.0007500519748332095,0.5789473684210527
2020-12-09,金融,6,-0.11942008004099508,0.5
2020-12-10,TMT/互联网,7,0.013661822267905768,0.5714285714285714
2020-12-10,其他,12,-0.006447231004727389,0.4166666666666667
2020-12-10,地产/建筑,31,0.0459759530743127,0.45161290322580644
2020-12-10,工业/制造,12,-0.07103195970906584,0.5833333333333334
2020-12-10,新能源/汽车,0,,
2020-12-10,消费/零售,25,-0.03506744789557647,0.64
2020-12-10,生物科技/医药,20,-0.004565145690999421,0.6
2020-12-10,金融,6,-0.11942008004099508,0.5
2020-12-11,TMT/互联网,7,0.013661822267905768,0.5714285714285714
2020-12-11,其他,13,-0.00514461316741254,0.38461538461538464
2020-12-11,地产/建筑,31,0.0459759530743127,0.45161290322580644
2020-12-11,工业/制造,12,-0.07103195970906584,0.5833333333333334
2020-12-11,新能源/汽车,0,,
2020-12-11,消费/零售,26,-0.037759406274929484,0.6538461538461539
2020-12-11,生物科技/医药,20,-0.004565145690999421,0.6
2020-12-11,金融,6,-0.11942008004099508,0.5
2020-12-12,TMT/互联网,7,0.013661822267905768,0.5714285714285714
2020-12-12,其他,13,-0.00514461316741254,0.38461538461538464
2020-12-12,地产/建筑,31,0.0459759530743127,0.45161290322580644
2020-12-12,工业/制造,12,-0.07103195970906584,0.5833333333333334
2020-12-12,新能源/汽车,0,,
2020-12-12,消费/零售,26,-0.037759406274929484,0.6538461538461539
2020-12-12,生物科技/医药,20,-0.004565145690999421,0.6
2020-12-12,金融,6,-0.11942008004099508,0.5
2020-12-13,TMT/互联网,7,0.013661822267905768,0.5714285714285714
2020-12-13,其他,13,-0.00514461316741254,0.38461538461538464
2020-12-13,地产/建筑,31,0.0459759530743127,0.45161290322580644
2020-12-13,工业/制造,12,-0.07103195970906584,0.5833333333333334
2020-12-13,新能源/汽车,0,,
2020-12-13,消费/零售,26,-0.037759406274929484,0.6538461538461539
2020-12-13,生物科技/医药,20,-0.004565145690999421,0.6
2020-12-13,金融,6,-0.11942008004099508,0.5
2020-12-14,TMT/互联网,7,0.013661822267905768,0.5714285714285714
2020-12-14,其他,13,-0.00514461316741254,0.38461538461538464
2020-12-14,地产/建筑,31,0.0459759530743127,0.45161290322580644
2020-12-14,工业/制造,12,-0.07103195970906584,0.5833333333333334
2020-12-14,新能源/汽车,0,,
2020-12-14,消费/零售,26,-0.037759406274929484,0.6538461538461539
2020-12-14,生物科技/医药,20,-0.004565145690999421,0.6
2020-12-14,金融,6,-0.11942008004099508,0.5
2020-12-15,TMT/互联网,7,0.013661822267905768,0.5714285714285714
2020-12-15,其他,13,-0.00514461316741254,0.38461538461538464
2020-12-15,地产/建筑,31,0.0459759530743127,0.45161290322580644
2020-12-15,工业/制造,12,-0.07103195970906584,0.5833333333333334
2020-12-15,新能源/汽车,0,,
2020-12-15,消费/零售,26,-0.037759406274929484,0.6538461538461539
2020-12-15,生物科技/医药,20,-0.004565145690999421,0.6
2020-12-15,金融,6,-0.11942008004099508,0.5
2020-12-16,TMT/互联网,7,0.013661822267905768,0.5714285714285714
2020-12-16,其他,13,-0.00514461316741254,0.38461538461538464
2020-12-16,地产/建筑,31,0.0459759530743127,0.45161290322580644
2020-12-16,工业/制造,12,-0.07103195970906584,0.5833333333333334
2020-12-16,新能源/汽车,0,,
2020-12-16,消费/零售,27,-0.037424636658519264,0.6666666666666666
2020-12-16,生物科技/医药,20,-0.004565145690999421,0.6
2020-12-16,金融,6,-0.11942008004099508,0.5
2020-12-17,TMT/互联网,7,0.013661822267905768,0.5714285714285714
2020-12-17,其他,13,-0.00514461316741254,0.38461538461538464
2020-12-17,地产/建筑,32,0.04448587689568924,0.46875
2020-12-17,工业/制造,12,-0.07103195970906584,0.5833333333333334
2020-12-17,新能源/汽车,0,,
2020-12-17,消费/零售,28,-0.030255050269466545,0.6428571428571429
2020-12-17,生物科技/医药,20,-0.004565145690999421,0.6
2020-12-17,金融,6,-0.11942008004099508,0.5
2020-12-18,TMT/互联网,7,0.013661822267905768,0.5714285714285714
2020-12-18,其他,14,-0.01866293504729811,0.42857142857142855
2020-12-18,地产/建筑,32,0.04448587689568924,0.46875
2020-12-18,工业/制造,12,-0.07103195970906584,0.5833333333333334
2020-12-18,新能源/汽车,0,,
2020-12-18,消费/零售,28,-0.030255050269466545,0.6428571428571429
2020-12-18,生物科技/医药,20,-0.004565145690999421,0.6
2020-12-18,金融,6,-0.11942008004099508,0.5
2020-12-19,TMT/互联网,7,0.013661822267905768,0.5714285714285714
2020-12-19,其他,14,-0.01866293504729811,0.42857142857142855
2020-12-19,地产/建筑,32,0.04448587689568924,0.46875
2020-12-19,工业/制造,12,-0.07103195970906584,0.5833333333333334
2020-12-19,新能源/汽车,0,,
2020-12-19,消费/零售,28,-0.030255050269466545,0.6428571428571429
2020-12-19,生物科技/医药,20,-0.004565145690999421,0.6
2020-12-19,金融,6,-0.11942008004099508,0.5
2020-12-20,TMT/互联网,7,0.013661822267905768,0.5714285714285714
2020-12-20,其他,14,-0.01866293504729811,0.42857142857142855
2020-12-20,地产/建筑,32,0.04448587689568924,0.46875
2020-12-20,工业/制造,12,-0.07103195970906584,0.5833333333333334
2020-12-20,新能源/汽车,0,,
2020-12-20,消费/零售,28,-0.030255050269466545,0.6428571428571429
2020-12-20,生物科技/医药,20,-0.004565145690999421,0.6
2020-12-20,金融,6,-0.11942008004099508,0.5
2020-12-21,TMT/互联网,7,0.013661822267905768,0.5714285714285714
2020-12-21,其他,14,-0.01866293504729811,0.42857142857142855
2020-12-21,地产/建筑,32,0.04448587689568924,0.46875
2020-12-21,工业/制造,12,-0.07103195970906584,0.5833333333333334
2020-12-21,新能源/汽车,0,,
2020-12-21,消费/零售,28,-0.030255050269466545,0.6428571428571429
2020-12-21,生物科技/医药,21,-0.008996425778781255,0.6190476190476191
2020-12-21,金融,6,-0.11942008004099508,0.5
2020-12-22,TMT/互联网,7,0.013661822267905768,0.5714285714285714
2020-12-22,其他,14,-0.01866293504729811,0.42857142857142855
2020-12-22,地产/建筑,32,0.04448587689568924,0.46875
2020-12-22,工业/制造,12,-0.07103195970906584,0.5833333333333334
2020-12-22,新能源/汽车,0,,
2020-12-22,消费/零售,28,-0.030255050269466545,0.6428571428571429
2020-12-22,生物科技/医药,21,-0.008996425778781255,0.6190476190476191
2020-12-22,金融,6,-0.11942008004099508,0.5
2020-12-23,TMT/互联网,7,0.013661822267905768,0.5714285714285714
2020-12-23,其他,14,-0.01866293504729811,0.42857142857142855
2020-12-23,地产/建筑,32,0.04448587689568924,0.46875
2020-12-23,工业/制造,12,-0.07103195970906584,0.5833333333333334
2020-12-23,新能源/汽车,0,,
2020-12-23,消费/零售,28,-0.030255050269466545,0.6428571428571429
2020-12-23,生物科技/医药,21,-0.008996425778781255,0.6190476190476191
2020-12-23,金融,6,-0.11942008004099508,0.5
2020-12-24,TMT/互联网,7,0.013661822267905768,0.5714285714285714
2020-12-24,其他,14,-0.01866293504729811,0.42857142857142855
2020-12-24,地产/建筑,32,0.04448587689568924,0.46875
2020-12-24,工业/制造,12,-0.07103195970906584,0.5833333333333334
2020-12-24,新能源/汽车,0,,
2020-12-24,消费/零售,28,-0.030255050269466545,0.6428571428571429
2020-12-24,生物科技/医药,21,-0.008996425778781255,0.6190476190476191
2020-12-24,金融,6,-0.11942008004099508,0.5
2020-12-25,TMT/互联网,7,0.013661822267905768,0.5714285714285714
2020-12-25,其他,14,-0.01866293504729811,0.42857142857142855
2020-12-25,地产/建筑,32,0.04448587689568924,0.46875
2020-12-25,工业/制造,12,-0.07103195970906584,0.5833333333333334
2020-12-25,新能源/汽车,0,,
2020-12-25,消费/零售,28,-0.030255050269466545,0.6428571428571429
2020-12-25,生物科技/医药,21,-0.008996425778781255,0.6190476190476191
2020-12-25,金融,6,-0.11942008004099508,0.5
2020-12-26,TMT/互联网,7,0.013661822267905768,0.5714285714285714
2020-12-26,其他,14,-0.01866293504729811,0.42857142857142855
2020-12-26,地产/建筑,32,0.04448587689568924,0.46875
2020-12-26,工业/制造,12,-0.07103195970906584,0.5833333333333334
2020-12-26,新能源/汽车,0,,
2020-12-26,消费/零售,28,-0.030255050269466545,0.6428571428571429
2020-12-26,生物科技/医药,21,-0.008996425778781255,0.6190476190476191
2020-12-26,金融,6,-0.11942008004099508,0.5
2020-12-27,TMT/互联网,7,0.013661822267905768,0.5714285714285714
2020-12-27,其他,14,-0.01866293504729811,0.42857142857142855
2020-12-27,地产/建筑,32,0.04448587689568924,0.46875
2020-12-27,工业/制造,12,-0.07103195970906584,0.5833333333333334
2020-12-27,新能源/汽车,0,,
2020-12-27,消费/零售,28,-0.030255050269466545,0.6428571428571429
2020-12-27,生物科技/医药,21,-0.008996425778781255,0.6190476190476191
2020-12-27,金融,6,-0.11942008004099508,0.5
2020-12-28,TMT/互联网,7,0.013661822267905768,0.5714285714285714
2020-12-28,其他,14,-0.01866293504729811,0.42857142857142855
2020-12-28,地产/建筑,32,0.04448587689568924,0.46875
2020-12-28,工业/制造,12,-0.07103195970906584,0.5833333333333334
2020-12-28,新能源/汽车,0,,
2020-12-28,消费/零售,28,-0.030255050269466545,0.6428571428571429
2020-12-28,生物科技/医药,22,-0.012415248530463448,0.6363636363636364
2020-12-28,金融,6,-0.11942008004099508,0.5
2020-12-29,TMT/互联网,7,0.013661822267905768,0.5714285714285714
2020-12-29,其他,14,-0.01866293504729811,0.42857142857142855
2020-12-29,地产/建筑,32,0.04448587689568924,0.46875
2020-12-29,工业/制造,12,-0.07103195970906584,0.5833333333333334
2020-12-29,新能源/汽车,1,-0.0470588235294116,1.0
2020-12-29,消费/零售,29,-0.02822655099909085,0.6206896551724138
2020-12-29,生物科技/医药,22,-0.012415248530463448,0.6363636363636364
2020-12-29,金融,6,-0.11942008004099508,0.5
2020-12-30,TMT/互联网,7,0.013661822267905768,0.5714285714285714
2020-12-30,其他,14,-0.01866293504729811,0.42857142857142855
2020-12-30,地产/建筑,33,0.04274299226367102,0.48484848484848486
2020-12-30,工业/制造,12,-0.07103195970906584,0.5833333333333334
2020-12-30,新能源/汽车,1,-0.0470588235294116,1.0
2020-12-30,消费/零售,29,-0.02822655099909085,0.6206896551724138
2020-12-30,生物科技/医药,22,-0.012415248530463448,0.6363636363636364
2020-12-30,金融,7,-0.14046734691612112,0.5714285714285714
2020-12-31,TMT/互联网,7,0.013661822267905768,0.5714285714285714
2020-12-31,其他,14,-0.01866293504729811,0.42857142857142855
2020-12-31,地产/建筑,33,0.04274299226367102,0.48484848484848486
2020-12-31,工业/制造,12,-0.07103195970906584,0.5833333333333334
2020-12-31,新能源/汽车,1,-0.0470588235294116,1.0
2020-12-31,消费/零售,29,-0.02822655099909085,0.6206896551724138
2020-12-31,生物科技/医药,22,-0.012415248530463448,0.6363636363636364
2020-12-31,金融,7,-0.14046734691612112,0.5714285714285714
2021-01-01,TMT/互联网,7,0.013661822267905768,0.5714285714285714
2021-01-01,其他,14,-0.01866293504729811,0.42857142857142855
2021-01-01,地产/建筑,33,0.04274299226367102,0.48484848484848486
2021-01-01,工业/制造,12,-0.07103195970906584,0.5833333333333334
2021-01-01,新能源/汽车,1,-0.0470588235294116,1.0
2021-01-01,消费/零售,29,-0.02822655099909085,0.6206896551724138
2021-01-01,生物科技/医药,22,-0.012415248530463448,0.6363636363636364
2021-01-01,金融,7,-0.14046734691612112,0.5714285714285714
2021-01-02,TMT/互联网,7,0.013661822267905768,0.5714285714285714
2021-01-02,其他,14,-0.01866293504729811,0.42857142857142855
2021-01-02,地产/建筑,33,0.04274299226367102,0.48484848484848486
2021-01-02,工业/制造,12,-0.07103195970906584,0.5833333333333334
2021-01-02,新能源/汽车,1,-0.0470588235294116,1.0
2021-01-02,消费/零售,29,-0.02822655099909085,0.6206896551724138
2021-01-02,生物科技/医药,22,-0.012415248530463448,0.6363636363636364
2021-01-02,金融,7,-0.14046734691612112,0.5714285714285714
2021-01-03,TMT/互联网,7,0.013661822267905768,0.5714285714285714
2021-01-03,其他,14,-0.01866293504729811,0.42857142857142855
2021-01-03,地产/建筑,33,0.04274299226367102,0.48484848484848486
2021-01-03,工业/制造,12,-0.07103195970906584,0.5833333333333334
2021-01-03,新能源/汽车,1,-0.0470588235294116,1.0
2021-01-03,消费/零售,29,-0.02822655099909085,0.6206896551724138
2021-01-03,生物科技/医药,22,-0.012415248530463448,0.6363636363636364
2021-01-03,金融,7,-0.14046734691612112,0.5714285714285714
2021-01-04,TMT/互联网,7,0.013661822267905768,0.5714285714285714
2021-01-04,其他,14,-0.01866293504729811,0.42857142857142855
2021-01-04,地产/建筑,33,0.04274299226367102,0.48484848484848486
2021-01-04,工业/制造,12,-0.07103195970906584,0.5833333333333334
2021-01-04,新能源/汽车,1,-0.0470588235294116,1.0
2021-01-04,消费/零售,29,-0.02822655099909085,0.6206896551724138
2021-01-04,生物科技/医药,22,-0.012415248530463448,0.6363636363636364
2021-01-04,金融,7,-0.14046734691612112,0.5714285714285714
2021-01-05,TMT/互联网,7,0.013661822267905768,0.5714285714285714
2021-01-05,其他,14,-0.01866293504729811,0.42857142857142855
2021-01-05,地产/建筑,33,0.04274299226367102,0.48484848484848486
2021-01-05,工业/制造,12,-0.07103195970906584,0.5833333333333334
2021-01-05,新能源/汽车,1,-0.0470588235294116,1.0
2021-01-05,消费/零售,29,-0.02822655099909085,0.6206896551724138
2021-01-05,生物科技/医药,22,-0.012415248530463448,0.6363636363636364
2021-01-05,金融,7,-0.14046734691612112,0.5714285714285714
2021-01-06,TMT/互联网,8,0.011347298367912685,0.625
2021-01-06,其他,14,-0.01866293504729811,0.42857142857142855
2021-01-06,地产/建筑,34,0.04237263230794082,0.47058823529411764
2021-01-06,工业/制造,12,-0.07103195970906584,0.5833333333333334
2021-01-06,新能源/汽车,1,-0.0470588235294116,1.0
2021-01-06,消费/零售,29,-0.02822655099909085,0.6206896551724138
2021-01-06,生物科技/医药,22,-0.012415248530463448,0.6363636363636364
2021-01-06,金融,7,-0.14046734691612112,0.5714285714285714
2021-01-07,TMT/互联网,8,0.011347298367912685,0.625
2021-01-07,其他,14,-0.01866293504729811,0.42857142857142855
2021-01-07,地产/建筑,34,0.04237263230794082,0.47058823529411764
2021-01-07,工业/制造,12,-0.07103195970906584,0.5833333333333334
2021-01-07,新能源/汽车,1,-0.0470588235294116,1.0
2021-01-07,消费/零售,29,-0.02822655099909085,0.6206896551724138
2021-01-07,生物科技/医药,22,-0.012415248530463448,0.6363636363636364
2021-01-07,金融,7,-0.14046734691612112,0.5714285714285714
2021-01-08,TMT/互联网,8,0.011347298367912685,0.625
2021-01-08,其他,14,-0.01866293504729811,0.42857142857142855
2021-01-08,地产/建筑,34,0.04237263230794082,0.47058823529411764
2021-01-08,工业/制造,12,-0.07103195970906584,0.5833333333333334
2021-01-08,新能源/汽车,1,-0.0470588235294116,1.0
2021-01-08,消费/零售,29,-0.02822655099909085,0.6206896551724138
2021-01-08,生物科技/医药,22,-0.012415248530463448,0.6363636363636364
2021-01-08,金融,7,-0.14046734691612112,0.5714285714285714
2021-01-09,TMT/互联网,8,0.011347298367912685,0.625
2021-01-09,其他,14,-0.01866293504729811,0.42857142857142855
2021-01-09,地产/建筑,34,0.04237263230794082,0.47058823529411764
2021-01-09,工业/制造,12,-0.07103195970906584,0.5833333333333334
2021-01-09,新能源/汽车,1,-0.0470588235294116,1.0
2021-01-09,消费/零售,29,-0.02822655099909085,0.6206896551724138
2021-01-09,生物科技/医药,22,-0.012415248530463448,0.6363636363636364
2021-01-09,金融,7,-0.14046734691612112,0.5714285714285714
2021-01-10,TMT/互联网,8,0.011347298367912685,0.625
2021-01-10,其他,14,-0.01866293504729811,0.42857142857142855
2021-01-10,地产/建筑,34,0.04237263230794082,0.47058823529411764
2021-01-10,工业/制造,12,-0.07103195970906584,0.5833333333333334
2021-01-10,新能源/汽车,1,-0.0470588235294116,1.0
2021-01-10,消费/零售,29,-0.02822655099909085,0.6206896551724138
2021-01-10,生物科技/医药,22,-0.012415248530463448,0.6363636363636364
2021-01-10,金融,7,-0.14046734691612112,0.5714285714285714
2021-01-11,TMT/互联网,8,0.011347298367912685,0.625
2021-01-11,其他,14,-0.01866293504729811,0.42857142857142855
2021-01-11,地产/建筑,34,0.04237263230794082,0.47058823529411764
2021-01-11,工业/制造,12,-0.07103195970906584,0.5833333333333334
2021-01-11,新能源/汽车,1,-0.0470588235294116,1.0
2021-01-11,消费/零售,29,-0.02822655099909085,0.6206896551724138
2021-01-11,生物科技/医药,22,-0.012415248530463448,0.6363636363636364
2021-01-11,金融,7,-0.14046734691612112,0.5714285714285714
2021-01-12,TMT/互联网,8,0.011347298367912685,0.625
2021-01-12,其他,14,-0.01866293504729811,0.42857142857142855
2021-01-12,地产/建筑,34,0.04237263230794082,0.47058823529411764
2021-01-12,工业/制造,12,-0.07103195970906584,0.5833333333333334
2021-01-12,新能源/汽车,1,-0.0470588235294116,1.0
2021-01-12,消费/零售,29,-0.02822655099909085,0.6206896551724138
2021-01-12,生物科技/医药,22,-0.012415248530463448,0.6363636363636364
2021-01-12,金融,7,-0.14046734691612112,0.5714285714285714
2021-01-13,TMT/互联网,8,0.011347298367912685,0.625
2021-01-13,其他,14,-0.01866293504729811,0.42857142857142855
2021-01-13,地产/建筑,34,0.04237263230794082,0.47058823529411764
2021-01-13,工业/制造,15,-0.05248445646961963,0.5333333333333333
2021-01-13,新能源/汽车,1,-0.0470588235294116,1.0
2021-01-13,消费/零售,30,-0.027682491362613217,0.6333333333333333
2021-01-13,生物科技/医药,22,-0.012415248530463448,0.6363636363636364
2021-01-13,金融,7,-0.14046734691612112,0.5714285714285714
2021-01-14,TMT/互联网,8,0.011347298367912685,0.625
2021-01-14,其他,14,-0.01866293504729811,0.42857142857142855
2021-01-14,地产/建筑,34,0.04237263230794082,0.47058823529411764
2021-01-14,工业/制造,15,-0.05248445646961963,0.5333333333333333
2021-01-14,新能源/汽车,1,-0.0470588235294116,1.0
2021-01-14,消费/零售,30,-0.027682491362613217,0.6333333333333333
2021-01-14,生物科技/医药,22,-0.012415248530463448,0.6363636363636364
2021-01-14,金融,7,-0.14046734691612112,0.5714285714285714
2021-01-15,TMT/互联网,8,0.011347298367912685,0.625
2021-01-15,其他,14,-0.01866293504729811,0.42857142857142855
2021-01-15,地产/建筑,35,0.04017984281342822,0.4857142857142857
2021-01-15,工业/制造,15,-0.05248445646961963,0.5333333333333333
2021-01-15,新能源/汽车,1,-0.0470588235294116,1.0
2021-01-15,消费/零售,32,-0.012664520526399464,0.625
2021-01-15,生物科技/医药,24,-0.003204128584420369,0.5833333333333334
2021-01-15,金融,7,-0.14046734691612112,0.5714285714285714
2021-01-16,TMT/互联网,8,0.011347298367912685,0.625
2021-01-16,其他,14,-0.01866293504729811,0.42857142857142855
2021-01-16,地产/建筑,35,0.04017984281342822,0.4857142857142857
2021-01-16,工业/制造,15,-0.05248445646961963,0.5333333333333333
2021-01-16,新能源/汽车,1,-0.0470588235294116,1.0
2021-01-16,消费/零售,32,-0.012664520526399464,0.625
2021-01-16,生物科技/医药,24,-0.003204128584420369,0.5833333333333334
2021-01-16,金融,7,-0.14046734691612112,0.5714285714285714
2021-01-17,TMT/互联网,8,0.011347298367912685,0.625
2021-01-17,其他,14,-0.01866293504729811,0.42857142857142855
2021-01-17,地产/建筑,35,0.04017984281342822,0.4857142857142857
2021-01-17,工业/制造,15,-0.05248445646961963,0.5333333333333333
2021-01-17,新能源/汽车,1,-0.0470588235294116,1.0
2021-01-17,消费/零售,32,-0.012664520526399464,0.625
2021-01-17,生物科技/医药,24,-0.003204128584420369,0.5833333333333334
2021-01-17,金融,7,-0.14046734691612112,0.5714285714285714
2021-01-18,TMT/互联网,8,0.011347298367912685,0.625
2021-01-18,其他,14,-0.01866293504729811,0.42857142857142855
2021-01-18,地产/建筑,36,0.03103904471058608,0.5
2021-01-18,工业/制造,15,-0.05248445646961963,0.5333333333333333
2021-01-18,新能源/汽车,1,-0.0470588235294116,1.0
2021-01-18,消费/零售,32,-0.012664520526399464,0.625
2021-01-18,生物科技/医药,24,-0.003204128584420369,0.5833333333333334
2021-01-18,金融,7,-0.14046734691612112,0.5714285714285714
2021-01-19,TMT/互联网,8,0.011347298367912685,0.625
2021-01-19,其他,14,-0.01866293504729811,0.42857142857142855
2021-01-19,地产/建筑,36,0.03103904471058608,0.5
2021-01-19,工业/制造,15,-0.05248445646961963,0.5333333333333333
2021-01-19,新能源/汽车,1,-0.0470588235294116,1.0
2021-01-19,消费/零售,32,-0.012664520526399464,0.625
2021-01-19,生物科技/医药,25,-0.005175963441043551,0.6
2021-01-19,金融,7,-0.14046734691612112,0.5714285714285714
2021-01-20,TMT/互联网,8,0.011347298367912685,0.625
2021-01-20,其他,14,-0.01866293504729811,0.42857142857142855
2021-01-20,地产/建筑,36,0.03103904471058608,0.5
2021-01-20,工业/制造,15,-0.05248445646961963,0.5333333333333333
2021-01-20,新能源/汽车,1,-0.0470588235294116,1.0
2021-01-20,消费/零售,32,-0.012664520526399464,0.625
2021-01-20,生物科技/医药,25,-0.005175963441043551,0.6
2021-01-20,金融,7,-0.14046734691612112,0.5714285714285714
2021-01-21,TMT/互联网,8,0.011347298367912685,0.625
2021-01-21,其他,14,-0.01866293504729811,0.42857142857142855
2021-01-21,地产/建筑,36,0.03103904471058608,0.5
2021-01-21,工业/制造,15,-0.05248445646961963,0.5333333333333333
2021-01-21,新能源/汽车,1,-0.0470588235294116,1.0
2021-01-21,消费/零售,32,-0.012664520526399464,0.625
2021-01-21,生物科技/医药,25,-0.005175963441043551,0.6
2021-01-21,金融,7,-0.14046734691612112,0.5714285714285714
2021-01-22,TMT/互联网,8,0.011347298367912685,0.625
2021-01-22,其他,14,-0.01866293504729811,0.42857142857142855
2021-01-22,地产/建筑,36,0.03103904471058608,0.5
2021-01-22,工业/制造,15,-0.05248445646961963,0.5333333333333333
2021-01-22,新能源/汽车,1,-0.0470588235294116,1.0
2021-01-22,消费/零售,32,-0.012664520526399464,0.625
2021-01-22,生物科技/医药,25,-0.005175963441043551,0.6
2021-01-22,金融,7,-0.14046734691612112,0.5714285714285714
2021-01-23,TMT/互联网,8,0.011347298367912685,0.625
2021-01-23,其他,13,-0.01866293504729811,0.46153846153846156
2021-01-23,地产/建筑,36,0.03103904471058608,0.5
2021-01-23,工业/制造,15,-0.05248445646961963,0.5333333333333333
2021-01-23,新能源/汽车,1,-0.0470588235294116,1.0
2021-01-23,消费/零售,32,-0.012664520526399464,0.625
2021-01-23,生物科技/医药,25,-0.005175963441043551,0.6
2021-01-23,金融,7,-0.14046734691612112,0.5714285714285714
2021-01-24,TMT/互联网,8,0.011347298367912685,0.625
2021-01-24,其他,13,-0.01866293504729811,0.46153846153846156
2021-01-24,地产/建筑,36,0.03103904471058608,0.5
2021-01-24,工业/制造,15,-0.05248445646961963,0.5333333333333333
2021-01-24,新能源/汽车,1,-0.0470588235294116,1.0
2021-01-24,消费/零售,32,-0.012664520526399464,0.625
2021-01-24,生物科技/医药,25,-0.005175963441043551,0.6
2021-01-24,金融,7,-0.14046734691612112,0.5714285714285714
2021-01-25,TMT/互联网,8,0.011347298367912685,0.625
2021-01-25,其他,13,-0.01866293504729811,0.46153846153846156
2021-01-25,地产/建筑,36,0.03103904471058608,0.5
2021-01-25,工业/制造,15,-0.05248445646961963,0.5333333333333333
2021-01-25,新能源/汽车,1,-0.0470588235294116,1.0
2021-01-25,消费/零售,32,-0.012664520526399464,0.625
2021-01-25,生物科技/医药,25,-0.005175963441043551,0.6
2021-01-25,金融,7,-0.14046734691612112,0.5714285714285714
2021-01-26,TMT/互联网,8,0.011347298367912685,0.625
2021-01-26,其他,13,-0.01866293504729811,0.46153846153846156
2021-01-26,地产/建筑,37,0.027743149153297515,0.5135135135135135
2021-01-26,工业/制造,15,-0.05248445646961963,0.5333333333333333
2021-01-26,新能源/汽车,1,-0.0470588235294116,1.0
2021-01-26,消费/零售,32,-0.012664520526399464,0.625
2021-01-26,生物科技/医药,25,-0.005175963441043551,0.6
2021-01-26,金融,7,-0.14046734691612112,0.5714285714285714
2021-01-27,TMT/互联网,8,0.011347298367912685,0.625
2021-01-27,其他,13,-0.01866293504729811,0.46153846153846156
2021-01-27,地产/建筑,37,0.027743149153297515,0.5135135135135135
2021-01-27,工业/制造,15,-0.05248445646961963,0.5333333333333333
2021-01-27,新能源/汽车,1,-0.0470588235294116,1.0
2021-01-27,消费/零售,32,-0.012664520526399464,0.625
2021-01-27,生物科技/医药,25,-0.005175963441043551,0.6
2021-01-27,金融,7,-0.14046734691612112,0.5714285714285714
2021-01-28,TMT/互联网,8,0.011347298367912685,0.625
2021-01-28,其他,13,-0.01866293504729811,0.46153846153846156
2021-01-28,地产/建筑,37,0.027743149153297515,0.5135135135135135
2021-01-28,工业/制造,15,-0.05248445646961963,0.5333333333333333
2021-01-28,新能源/汽车,1,-0.0470588235294116,1.0
2021-01-28,消费/零售,32,-0.012664520526399464,0.625
2021-01-28,生物科技/医药,25,-0.005175963441043551,0.6
2021-01-28,金融,7,-0.14046734691612112,0.5714285714285714
2021-01-29,TMT/互联网,8,0.011347298367912685,0.625
2021-01-29,其他,13,-0.01866293504729811,0.46153846153846156
2021-01-29,地产/建筑,37,0.027743149153297515,0.5135135135135135
2021-01-29,工业/制造,15,-0.05248445646961963,0.5333333333333333
2021-01-29,新能源/汽车,1,-0.0470588235294116,1.0
2021-01-29,消费/零售,32,-0.012664520526399464,0.625
2021-01-29,生物科技/医药,25,-0.005175963441043551,0.6
2021-01-29,金融,7,-0.14046734691612112,0.5714285714285714
2021-01-30,TMT/互联网,8,0.011347298367912685,0.625
2021-01-30,其他,13,-0.01866293504729811,0.46153846153846156
2021-01-30,地产/建筑,37,0.027743149153297515,0.5135135135135135
2021-01-30,工业/制造,15,-0.05248445646961963,0.5333333333333333
2021-01-30,新能源/汽车,1,-0.0470588235294116,1.0
2021-01-30,消费/零售,32,-0.012664520526399464,0.625
2021-01-30,生物科技/医药,25,-0.005175963441043551,0.6
2021-01-30,金融,7,-0.14046734691612112,0.5714285714285714
2021-01-31,TMT/互联网,8,0.011347298367912685,0.625
2021-01-31,其他,13,-0.01866293504729811,0.46153846153846156
2021-01-31,地产/建筑,37,0.027743149153297515,0.5135135135135135
2021-01-31,工业/制造,15,-0.05248445646961963,0.5333333333333333
2021-01-31,新能源/汽车,1,-0.0470588235294116,1.0
2021-01-31,消费/零售,32,-0.012664520526399464,0.625
2021-01-31,生物科技/医药,25,-0.005175963441043551,0.6
2021-01-31,金融,7,-0.14046734691612112,0.5714285714285714
2021-02-01,TMT/互联网,8,0.011347298367912685,0.625
2021-02-01,其他,13,-0.01866293504729811,0.46153846153846156
2021-02-01,地产/建筑,37,0.027743149153297515,0.5135135135135135
2021-02-01,工业/制造,15,-0.05248445646961963,0.5333333333333333
2021-02-01,新能源/汽车,1,-0.0470588235294116,1.0
2021-02-01,消费/零售,32,-0.012664520526399464,0.625
2021-02-01,生物科技/医药,25,-0.005175963441043551,0.6
2021-02-01,金融,7,-0.14046734691612112,0.5714285714285714
2021-02-02,TMT/互联网,8,0.011347298367912685,0.625
2021-02-02,其他,13,-0.01866293504729811,0.46153846153846156
2021-02-02,地产/建筑,37,0.027743149153297515,0.5135135135135135
2021-02-02,工业/制造,15,-0.05248445646961963,0.5333333333333333
2021-02-02,新能源/汽车,1,-0.0470588235294116,1.0
2021-02-02,消费/零售,32,-0.012664520526399464,0.625
2021-02-02,生物科技/医药,25,-0.005175963441043551,0.6
2021-02-02,金融,7,-0.14046734691612112,0.5714285714285714
2021-02-03,TMT/互联网,8,0.011347298367912685,0.625
2021-02-03,其他,13,-0.01866293504729811,0.46153846153846156
2021-02-03,地产/建筑,37,0.027743149153297515,0.5135135135135135
2021-02-03,工业/制造,15,-0.05248445646961963,0.5333333333333333
2021-02-03,新能源/汽车,1,-0.0470588235294116,1.0
2021-02-03,消费/零售,32,-0.012664520526399464,0.625
2021-02-03,生物科技/医药,25,-0.005175963441043551,0.6
2021-02-03,金融,7,-0.14046734691612112,0.5714285714285714
2021-02-04,TMT/互联网,8,0.011347298367912685,0.625
2021-02-04,其他,13,-0.01866293504729811,0.46153846153846156
2021-02-04,地产/建筑,37,0.027743149153297515,0.5135135135135135
2021-02-04,工业/制造,15,-0.05248445646961963,0.5333333333333333
2021-02-04,新能源/汽车,1,-0.0470588235294116,1.0
2021-02-04,消费/零售,32,-0.012664520526399464,0.625
2021-02-04,生物科技/医药,26,-0.009771163416030246,0.6153846153846154
2021-02-04,金融,7,-0.14046734691612112,0.5714285714285714
2021-02-05,TMT/互联网,8,0.011347298367912685,0.625
2021-02-05,其他,13,-0.01866293504729811,0.46153846153846156
2021-02-05,地产/建筑,37,0.027743149153297515,0.5135135135135135
2021-02-05,工业/制造,15,-0.05248445646961963,0.5333333333333333
2021-02-05,新能源/汽车,1,-0.0470588235294116,1.0
2021-02-05,消费/零售,33,-0.015687596737810346,0.6363636363636364
2021-02-05,生物科技/医药,27,0.00760774854232123,0.5925925925925926
2021-02-05,金融,7,-0.14046734691612112,0.5714285714285714
2021-02-06,TMT/互联网,8,0.011347298367912685,0.625
2021-02-06,其他,13,-0.01866293504729811,0.46153846153846156
2021-02-06,地产/建筑,37,0.027743149153297515,0.5135135135135135
2021-02-06,工业/制造,15,-0.05248445646961963,0.5333333333333333
2021-02-06,新能源/汽车,1,-0.0470588235294116,1.0
2021-02-06,消费/零售,33,-0.015687596737810346,0.6363636363636364
2021-02-06,生物科技/医药,27,0.00760774854232123,0.5925925925925926
2021-02-06,金融,7,-0.14046734691612112,0.5714285714285714
2021-02-07,TMT/互联网,8,0.011347298367912685,0.625
2021-02-07,其他,13,-0.01866293504729811,0.46153846153846156
2021-02-07,地产/建筑,37,0.027743149153297515,0.5135135135135135
2021-02-07,工业/制造,15,-0.05248445646961963,0.5333333333333333
2021-02-07,新能源/汽车,1,-0.0470588235294116,1.0
2021-02-07,消费/零售,33,-0.015687596737810346,0.6363636363636364
2021-02-07,生物科技/医药,27,0.00760774854232123,0.5925925925925926
2021-02-07,金融,7,-0.14046734691612112,0.5714285714285714
2021-02-08,TMT/互联网,8,0.011347298367912685,0.625
2021-02-08,其他,13,-0.01866293504729811,0.46153846153846156
2021-02-08,地产/建筑,37,0.027743149153297515,0.5135135135135135
2021-02-08,工业/制造,15,-0.05248445646961963,0.5333333333333333
2021-02-08,新能源/汽车,1,-0.0470588235294116,1.0
2021-02-08,消费/零售,33,-0.015687596737810346,0.6363636363636364
2021-02-08,生物科技/医药,28,0.004597947999143093,0.6071428571428571
2021-02-08,金融,7,-0.14046734691612112,0.5714285714285714
2021-02-09,TMT/互联网,8,0.011347298367912685,0.625
2021-02-09,其他,13,-0.01866293504729811,0.46153846153846156
2021-02-09,地产/建筑,37,0.027743149153297515,0.5135135135135135
2021-02-09,工业/制造,15,-0.05248445646961963,0.5333333333333333
2021-02-09,新能源/汽车,1,-0.0470588235294116,1.0
2021-02-09,消费/零售,33,-0.015687596737810346,0.6363636363636364
2021-02-09,生物科技/医药,28,0.004597947999143093,0.6071428571428571
2021-02-09,金融,7,-0.14046734691612112,0.5714285714285714
2021-02-10,TMT/互联网,8,0.011347298367912685,0.625
2021-02-10,其他,13,-0.01866293504729811,0.46153846153846156
2021-02-10,地产/建筑,37,0.027743149153297515,0.5135135135135135
2021-02-10,工业/制造,15,-0.05248445646961963,0.5333333333333333
2021-02-10,新能源/汽车,1,-0.0470588235294116,1.0
2021-02-10,消费/零售,33,-0.015687596737810346,0.6363636363636364
2021-02-10,生物科技/医药,28,0.004597947999143093,0.6071428571428571
2021-02-10,金融,7,-0.14046734691612112,0.5714285714285714
2021-02-11,TMT/互联网,8,0.011347298367912685,0.625
2021-02-11,其他,13,-0.01866293504729811,0.46153846153846156
2021-02-11,地产/建筑,37,0.027743149153297515,0.5135135135135135
2021-02-11,工业/制造,15,-0.05248445646961963,0.5333333333333333
2021-02-11,新能源/汽车,1,-0.0470588235294116,1.0
2021-02-11,消费/零售,33,-0.015687596737810346,0.6363636363636364
2021-02-11,生物科技/医药,28,0.004597947999143093,0.6071428571428571
2021-02-11,金融,7,-0.14046734691612112,0.5714285714285714
2021-02-12,TMT/互联网,8,0.011347298367912685,0.625
2021-02-12,其他,13,-0.01866293504729811,0.46153846153846156
2021-02-12,地产/建筑,37,0.027743149153297515,0.5135135135135135
2021-02-12,工业/制造,15,-0.05248445646961963,0.5333333333333333
2021-02-12,新能源/汽车,1,-0.0470588235294116,1.0
2021-02-12,消费/零售,33,-0.015687596737810346,0.6363636363636364
2021-02-12,生物科技/医药,28,0.004597947999143093,0.6071428571428571
2021-02-12,金融,7,-0.14046734691612112,0.5714285714285714
2021-02-13,TMT/互联网,8,0.011347298367912685,0.625
2021-02-13,其他,13,-0.01866293504729811,0.46153846153846156
2021-02-13,地产/建筑,36,0.03482692349846486,0.5
2021-02-13,工业/制造,15,-0.05248445646961963,0.5333333333333333
2021-02-13,新能源/汽车,1,-0.0470588235294116,1.0
2021-02-13,消费/零售,33,-0.015687596737810346,0.6363636363636364
2021-02-13,生物科技/医药,28,0.004597947999143093,0.6071428571428571
2021-02-13,金融,7,-0.14046734691612112,0.5714285714285714
2021-02-14,TMT/互联网,8,0.011347298367912685,0.625
2021-02-14,其他,13,-0.01866293504729811,0.46153846153846156
2021-02-14,地产/建筑,36,0.03482692349846486,0.5
2021-02-14,工业/制造,15,-0.05248445646961963,0.5333333333333333
2021-02-14,新能源/汽车,1,-0.0470588235294116,1.0
2021-02-14,消费/零售,33,-0.015687596737810346,0.6363636363636364
2021-02-14,生物科技/医药,28,0.004597947999143093,0.6071428571428571
2021-02-14,金融,7,-0.14046734691612112,0.5714285714285714
2021-02-15,TMT/互联网,8,0.011347298367912685,0.625
2021-02-15,其他,13,-0.01866293504729811,0.46153846153846156
2021-02-15,地产/建筑,36,0.03482692349846486,0.5
2021-02-15,工业/制造,15,-0.05248445646961963,0.5333333333333333
2021-02-15,新能源/汽车,1,-0.0470588235294116,1.0
2021-02-15,消费/零售,33,-0.015687596737810346,0.6363636363636364
2021-02-15,生物科技/医药,28,0.004597947999143093,0.6071428571428571
2021-02-15,金融,7,-0.14046734691612112,0.5714285714285714
2021-02-16,TMT/互联网,8,0.011347298367912685,0.625
2021-02-16,其他,13,-0.01866293504729811,0.46153846153846156
2021-02-16,地产/建筑,36,0.03482692349846486,0.5
2021-02-16,工业/制造,15,-0.05248445646961963,0.5333333333333333
2021-02-16,新能源/汽车,1,-0.0470588235294116,1.0
2021-02-16,消费/零售,33,-0.015687596737810346,0.6363636363636364
2021-02-16,生物科技/医药,28,0.004597947999143093,0.6071428571428571
2021-02-16,金融,7,-0.14046734691612112,0.5714285714285714
2021-02-17,TMT/互联网,8,0.011347298367912685,0.625
2021-02-17,其他,13,-0.01866293504729811,0.46153846153846156
2021-02-17,地产/建筑,36,0.03482692349846486,0.5
2021-02-17,工业/制造,15,-0.05248445646961963,0.5333333333333333
2021-02-17,新能源/汽车,1,-0.0470588235294116,1.0
2021-02-17,消费/零售,33,-0.015687596737810346,0.6363636363636364
2021-02-17,生物科技/医药,28,0.004597947999143093,0.6071428571428571
2021-02-17,金融,7,-0.14046734691612112,0.5714285714285714
2021-02-18,TMT/互联网,8,0.011347298367912685,0.625
2021-02-18,其他,14,-0.008335760635461867,0.42857142857142855
2021-02-18,地产/建筑,36,0.03482692349846486,0.5
2021-02-18,工业/制造,15,-0.05248445646961963,0.5333333333333333
2021-02-18,新能源/汽车,1,-0.0470588235294116,1.0
2021-02-18,消费/零售,33,-0.015687596737810346,0.6363636363636364
2021-02-18,生物科技/医药,28,0.004597947999143093,0.6071428571428571
2021-02-18,金融,6,-0.11625952378309369,0.5
2021-02-19,TMT/互联网,9,0.016719986608957196,0.5555555555555556
2021-02-19,其他,14,-0.008335760635461867,0.42857142857142855
2021-02-19,地产/建筑,36,0.03482692349846486,0.5
2021-02-19,工业/制造,15,-0.05248445646961963,0.5333333333333333
2021-02-19,新能源/汽车,1,-0.0470588235294116,1.0
2021-02-19,消费/零售,33,-0.015687596737810346,0.6363636363636364
2021-02-19,生物科技/医药,28,0.004597947999143093,0.6071428571428571
2021-02-19,金融,6,-0.11625952378309369,0.5
2021-02-20,TMT/互联网,9,0.016719986608957196,0.5555555555555556
2021-02-20,其他,14,-0.008335760635461867,0.42857142857142855
2021-02-20,地产/建筑,36,0.03482692349846486,0.5
2021-02-20,工业/制造,15,-0.05248445646961963,0.5333333333333333
2021-02-20,新能源/汽车,1,-0.0470588235294116,1.0
2021-02-20,消费/零售,33,-0.015687596737810346,0.6363636363636364
2021-02-20,生物科技/医药,28,0.004597947999143093,0.6071428571428571
2021-02-20,金融,6,-0.11625952378309369,0.5
2021-02-21,TMT/互联网,9,0.016719986608957196,0.5555555555555556
2021-02-21,其他,14,-0.008335760635461867,0.42857142857142855
2021-02-21,地产/建筑,36,0.03482692349846486,0.5
2021-02-21,工业/制造,15,-0.05248445646961963,0.5333333333333333
2021-02-21,新能源/汽车,1,-0.0470588235294116,1.0
2021-02-21,消费/零售,33,-0.015687596737810346,0.6363636363636364
2021-02-21,生物科技/医药,28,0.004597947999143093,0.6071428571428571
2021-02-21,金融,6,-0.11625952378309369,0.5
2021-02-22,TMT/互联网,9,0.016719986608957196,0.5555555555555556
2021-02-22,其他,14,-0.008335760635461867,0.42857142857142855
2021-02-22,地产/建筑,36,0.03482692349846486,0.5
2021-02-22,工业/制造,15,-0.05248445646961963,0.5333333333333333
2021-02-22,新能源/汽车,1,-0.0470588235294116,1.0
2021-02-22,消费/零售,33,-0.015687596737810346,0.6363636363636364
2021-02-22,生物科技/医药,28,0.004597947999143093,0.6071428571428571
2021-02-22,金融,6,-0.11625952378309369,0.5
2021-02-23,TMT/互联网,9,0.016719986608957196,0.5555555555555556
2021-02-23,其他,14,-0.008335760635461867,0.42857142857142855
2021-02-23,地产/建筑,36,0.03482692349846486,0.5
2021-02-23,工业/制造,15,-0.05248445646961963,0.5333333333333333
2021-02-23,新能源/汽车,1,-0.0470588235294116,1.0
2021-02-23,消费/零售,33,-0.015687596737810346,0.6363636363636364
2021-02-23,生物科技/医药,28,0.004597947999143093,0.6071428571428571
2021-02-23,金融,6,-0.11625952378309369,0.5
2021-02-24,TMT/互联网,9,0.016719986608957196,0.5555555555555556
2021-02-24,其他,14,-0.008335760635461867,0.42857142857142855
2021-02-24,地产/建筑,36,0.03482692349846486,0.5
2021-02-24,工业/制造,15,-0.05248445646961963,0.5333333333333333
2021-02-24,新能源/汽车,1,-0.0470588235294116,1.0
2021-02-24,消费/零售,33,-0.015687596737810346,0.6363636363636364
2021-02-24,生物科技/医药,28,0.004597947999143093,0.6071428571428571
2021-02-24,金融,6,-0.11625952378309369,0.5
2021-02-25,TMT/互联网,9,0.016719986608957196,0.5555555555555556
2021-02-25,其他,14,-0.008335760635461867,0.42857142857142855
2021-02-25,地产/建筑,36,0.03482692349846486,0.5
2021-02-25,工业/制造,15,-0.05248445646961963,0.5333333333333333
2021-02-25,新能源/汽车,1,-0.0470588235294116,1.0
2021-02-25,消费/零售,33,-0.015687596737810346,0.6363636363636364
2021-02-25,生物科技/医药,28,0.004597947999143093,0.6071428571428571
2021-02-25,金融,6,-0.11625952378309369,0.5
2021-02-26,TMT/互联网,9,0.016719986608957196,0.5555555555555556
2021-02-26,其他,14,-0.008335760635461867,0.42857142857142855
2021-02-26,地产/建筑,36,0.03482692349846486,0.5
2021-02-26,工业/制造,15,-0.05248445646961963,0.5333333333333333
2021-02-26,新能源/汽车,1,-0.0470588235294116,1.0
2021-02-26,消费/零售,33,-0.015687596737810346,0.6363636363636364
2021-02-26,生物科技/医药,29,0.0021094819451185896,0.6206896551724138
2021-02-26,金融,6,-0.11625952378309369,0.5
2021-02-27,TMT/互联网,9,0.016719986608957196,0.5555555555555556
2021-02-27,其他,14,-0.008335760635461867,0.42857142857142855
2021-02-27,地产/建筑,36,0.03482692349846486,0.5
2021-02-27,工业/制造,15,-0.05248445646961963,0.5333333333333333
2021-02-27,新能源/汽车,1,-0.0470588235294116,1.0
2021-02-27,消费/零售,33,-0.015687596737810346,0.6363636363636364
2021-02-27,生物科技/医药,29,0.0021094819451185896,0.6206896551724138
2021-02-27,金融,6,-0.11625952378309369,0.5
2021-02-28,TMT/互联网,9,0.016719986608957196,0.5555555555555556
2021-02-28,其他,14,-0.008335760635461867,0.42857142857142855
2021-02-28,地产/建筑,36,0.03482692349846486,0.5
2021-02-28,工业/制造,15,-0.05248445646961963,0.5333333333333333
2021-02-28,新能源/汽车,1,-0.0470588235294116,1.0
2021-02-28,消费/零售,33,-0.015687596737810346,0.6363636363636364
2021-02-28,生物科技/医药,29,0.0021094819451185896,0.6206896551724138
2021-02-28,金融,6,-0.11625952378309369,0.5
2021-03-01,TMT/互联网,9,0.016719986608957196,0.5555555555555556
2021-03-01,其他,14,-0.008335760635461867,0.42857142857142855
2021-03-01,地产/建筑,36,0.03482692349846486,0.5
2021-03-01,工业/制造,15,-0.05248445646961963,0.5333333333333333
2021-03-01,新能源/汽车,1,-0.0470588235294116,1.0
2021-03-01,消费/零售,33,-0.015687596737810346,0.6363636363636364
2021-03-01,生物科技/医药,29,0.0021094819451185896,0.6206896551724138
2021-03-01,金融,6,-0.11625952378309369,0.5
2021-03-02,TMT/互联网,9,0.016719986608957196,0.5555555555555556
2021-03-02,其他,14,-0.008335760635461867,0.42857142857142855
2021-03-02,地产/建筑,36,0.03482692349846486,0.5
2021-03-02,工业/制造,15,-0.05248445646961963,0.5333333333333333
2021-03-02,新能源/汽车,1,-0.0470588235294116,1.0
2021-03-02,消费/零售,33,-0.015687596737810346,0.6363636363636364
2021-03-02,生物科技/医药,29,0.0021094819451185896,0.6206896551724138
2021-03-02,金融,6,-0.11625952378309369,0.5
2021-03-03,TMT/互联网,9,0.016719986608957196,0.5555555555555556
2021-03-03,其他,14,-0.008335760635461867,0.42857142857142855
2021-03-03,地产/建筑,36,0.03482692349846486,0.5
2021-03-03,工业/制造,15,-0.05248445646961963,0.5333333333333333
2021-03-03,新能源/汽车,1,-0.0470588235294116,1.0
2021-03-03,消费/零售,33,-0.015687596737810346,0.6363636363636364
2021-03-03,生物科技/医药,29,0.0021094819451185896,0.6206896551724138
2021-03-03,金融,6,-0.11625952378309369,0.5
2021-03-04,TMT/互联网,9,0.016719986608957196,0.5555555555555556
2021-03-04,其他,14,-0.008335760635461867,0.42857142857142855
2021-03-04,地产/建筑,36,0.03482692349846486,0.5
2021-03-04,工业/制造,15,-0.05248445646961963,0.5333333333333333
2021-03-04,新能源/汽车,1,-0.0470588235294116,1.0
2021-03-04,消费/零售,33,-0.015687596737810346,0.6363636363636364
2021-03-04,生物科技/医药,29,0.0021094819451185896,0.6206896551724138
2021-03-04,金融,6,-0.11625952378309369,0.5
2021-03-05,TMT/互联网,9,0.016719986608957196,0.5555555555555556
2021-03-05,其他,14,-0.008335760635461867,0.42857142857142855
2021-03-05,地产/建筑,36,0.03482692349846486,0.5
2021-03-05,工业/制造,15,-0.05248445646961963,0.5333333333333333
2021-03-05,新能源/汽车,1,-0.0470588235294116,1.0
2021-03-05,消费/零售,33,-0.015687596737810346,0.6363636363636364
2021-03-05,生物科技/医药,29,0.0021094819451185896,0.6206896551724138
2021-03-05,金融,6,-0.11625952378309369,0.5
2021-03-06,TMT/互联网,9,0.016719986608957196,0.5555555555555556
2021-03-06,其他,14,-0.008335760635461867,0.42857142857142855
2021-03-06,地产/建筑,36,0.03482692349846486,0.5
2021-03-06,工业/制造,15,-0.05248445646961963,0.5333333333333333
2021-03-06,新能源/汽车,1,-0.0470588235294116,1.0
2021-03-06,消费/零售,33,-0.015687596737810346,0.6363636363636364
2021-03-06,生物科技/医药,29,0.0021094819451185896,0.6206896551724138
2021-03-06,金融,6,-0.11625952378309369,0.5
2021-03-07,TMT/互联网,9,0.016719986608957196,0.5555555555555556
2021-03-07,其他,14,-0.008335760635461867,0.42857142857142855
2021-03-07,地产/建筑,36,0.03482692349846486,0.5
2021-03-07,工业/制造,15,-0.05248445646961963,0.5333333333333333
2021-03-07,新能源/汽车,1,-0.0470588235294116,1.0
2021-03-07,消费/零售,33,-0.015687596737810346,0.6363636363636364
2021-03-07,生物科技/医药,29,0.0021094819451185896,0.6206896551724138
2021-03-07,金融,6,-0.11625952378309369,0.5
2021-03-08,TMT/互联网,9,0.016719986608957196,0.5555555555555556
2021-03-08,其他,14,-0.008335760635461867,0.42857142857142855
2021-03-08,地产/建筑,36,0.03482692349846486,0.5
2021-03-08,工业/制造,15,-0.05248445646961963,0.5333333333333333
2021-03-08,新能源/汽车,1,-0.0470588235294116,1.0
2021-03-08,消费/零售,33,-0.015687596737810346,0.6363636363636364
2021-03-08,生物科技/医药,29,0.0021094819451185896,0.6206896551724138
2021-03-08,金融,6,-0.11625952378309369,0.5
2021-03-09,TMT/互联网,9,0.016719986608957196,0.5555555555555556
2021-03-09,其他,14,-0.008335760635461867,0.42857142857142855
2021-03-09,地产/建筑,35,0.03234920813196481,0.5142857142857142
2021-03-09,工业/制造,15,-0.05248445646961963,0.5333333333333333
2021-03-09,新能源/汽车,1,-0.0470588235294116,1.0
2021-03-09,消费/零售,33,-0.015687596737810346,0.6363636363636364
2021-03-09,生物科技/医药,29,0.0021094819451185896,0.6206896551724138
2021-03-09,金融,6,-0.11625952378309369,0.5
2021-03-10,TMT/互联网,9,0.016719986608957196,0.5555555555555556
2021-03-10,其他,14,-0.008335760635461867,0.42857142857142855
2021-03-10,地产/建筑,35,0.03234920813196481,0.5142857142857142
2021-03-10,工业/制造,15,-0.05248445646961963,0.5333333333333333
2021-03-10,新能源/汽车,1,-0.0470588235294116,1.0
2021-03-10,消费/零售,34,-0.014853424150539326,0.6176470588235294
2021-03-10,生物科技/医药,29,0.0021094819451185896,0.6206896551724138
2021-03-10,金融,6,-0.11625952378309369,0.5
2021-03-11,TMT/互联网,9,0.016719986608957196,0.5555555555555556
2021-03-11,其他,14,-0.008335760635461867,0.42857142857142855
2021-03-11,地产/建筑,36,0.02654865823287428,0.5277777777777778
2021-03-11,工业/制造,15,-0.05248445646961963,0.5333333333333333
2021-03-11,新能源/汽车,1,-0.0470588235294116,1.0
2021-03-11,消费/零售,34,-0.014853424150539326,0.6176470588235294
2021-03-11,生物科技/医药,29,0.0021094819451185896,0.6206896551724138
2021-03-11,金融,6,-0.11625952378309369,0.5
2021-03-12,TMT/互联网,9,0.016719986608957196,0.5555555555555556
2021-03-12,其他,14,-0.008335760635461867,0.42857142857142855
2021-03-12,地产/建筑,35,0.023633721937487015,0.5428571428571428
2021-03-12,工业/制造,12,-0.06282865547315289,0.5833333333333334
2021-03-12,新能源/汽车,1,-0.0470588235294116,1.0
2021-03-12,消费/零售,34,-0.014853424150539326,0.6176470588235294
2021-03-12,生物科技/医药,29,0.0021094819451185896,0.6206896551724138
2021-03-12,金融,6,-0.11625952378309369,0.5
2021-03-13,TMT/互联网,9,0.016719986608957196,0.5555555555555556
2021-03-13,其他,13,-0.002657515222595584,0.38461538461538464
2021-03-13,地产/建筑,34,0.019326830605916515,0.5588235294117647
2021-03-13,工业/制造,12,-0.06282865547315289,0.5833333333333334
2021-03-13,新能源/汽车,1,-0.0470588235294116,1.0
2021-03-13,消费/零售,34,-0.014853424150539326,0.6176470588235294
2021-03-13,生物科技/医药,29,0.0021094819451185896,0.6206896551724138
2021-03-13,金融,6,-0.11625952378309369,0.5
2021-03-14,TMT/互联网,9,0.016719986608957196,0.5555555555555556
2021-03-14,其他,13,-0.002657515222595584,0.38461538461538464
2021-03-14,地产/建筑,34,0.019326830605916515,0.5588235294117647
2021-03-14,工业/制造,12,-0.06282865547315289,0.5833333333333334
2021-03-14,新能源/汽车,1,-0.0470588235294116,1.0
2021-03-14,消费/零售,34,-0.014853424150539326,0.6176470588235294
2021-03-14,生物科技/医药,29,0.0021094819451185896,0.6206896551724138
2021-03-14,金融,6,-0.11625952378309369,0.5
2021-03-15,TMT/互联网,9,0.016719986608957196,0.5555555555555556
2021-03-15,其他,13,-0.002657515222595584,0.38461538461538464
2021-03-15,地产/建筑,34,0.019326830605916515,0.5588235294117647
2021-03-15,工业/制造,12,-0.06282865547315289,0.5833333333333334
2021-03-15,新能源/汽车,1,-0.0470588235294116,1.0
2021-03-15,消费/零售,35,-0.014586893799908289,0.6285714285714286
2021-03-15,生物科技/医药,29,0.0021094819451185896,0.6206896551724138
2021-03-15,金融,6,-0.11625952378309369,0.5
2021-03-16,TMT/互联网,9,0.016719986608957196,0.5555555555555556
2021-03-16,其他,13,-0.002657515222595584,0.38461538461538464
2021-03-16,地产/建筑,34,0.019326830605916515,0.5588235294117647
2021-03-16,工业/制造,12,-0.06282865547315289,0.5833333333333334
2021-03-16,新能源/汽车,1,-0.0470588235294116,1.0
2021-03-16,消费/零售,36,-0.019817773158928548,0.6388888888888888
2021-03-16,生物科技/医药,29,0.0021094819451185896,0.6206896551724138
2021-03-16,金融,6,-0.11625952378309369,0.5
2021-03-17,TMT/互联网,8,0.023120329762663046,0.5
2021-03-17,其他,13,-0.002657515222595584,0.38461538461538464
2021-03-17,地产/建筑,33,0.008464680691617689,0.5757575757575758
2021-03-17,工业/制造,12,-0.06282865547315289,0.5833333333333334
2021-03-17,新能源/汽车,1,-0.0470588235294116,1.0
2021-03-17,消费/零售,36,-0.019817773158928548,0.6388888888888888
2021-03-17,生物科技/医药,29,0.0021094819451185896,0.6206896551724138
2021-03-17,金融,6,-0.11625952378309369,0.5
2021-03-18,TMT/互联网,8,0.023120329762663046,0.5
2021-03-18,其他,12,-0.03326809433106203,0.4166666666666667
2021-03-18,地产/建筑,33,0.008464680691617689,0.5757575757575758
2021-03-18,工业/制造,12,-0.06282865547315289,0.5833333333333334
2021-03-18,新能源/汽车,1,-0.0470588235294116,1.0
2021-03-18,消费/零售,35,-0.015189190054378457,0.6285714285714286
2021-03-18,生物科技/医药,29,0.0021094819451185896,0.6206896551724138
2021-03-18,金融,6,-0.11625952378309369,0.5
2021-03-19,TMT/互联网,8,0.023120329762663046,0.5
2021-03-19,其他,12,-0.03326809433106203,0.4166666666666667
2021-03-19,地产/建筑,33,0.008464680691617689,0.5757575757575758
2021-03-19,工业/制造,12,-0.06282865547315289,0.5833333333333334
2021-03-19,新能源/汽车,1,-0.0470588235294116,1.0
2021-03-19,消费/零售,35,-0.015189190054378457,0.6285714285714286
2021-03-19,生物科技/医药,29,0.0021094819451185896,0.6206896551724138
2021-03-19,金融,6,-0.11625952378309369,0.5
2021-03-20,TMT/互联网,8,0.023120329762663046,0.5
2021-03-20,其他,12,-0.03326809433106203,0.4166666666666667
2021-03-20,地产/建筑,33,0.008464680691617689,0.5757575757575758
2021-03-20,工业/制造,12,-0.06282865547315289,0.5833333333333334
2021-03-20,新能源/汽车,1,-0.0470588235294116,1.0
2021-03-20,消费/零售,35,-0.015189190054378457,0.6285714285714286
2021-03-20,生物科技/医药,29,0.0021094819451185896,0.6206896551724138
2021-03-20,金融,6,-0.11625952378309369,0.5
2021-03-21,TMT/互联网,8,0.023120329762663046,0.5
2021-03-21,其他,12,-0.03326809433106203,0.4166666666666667
2021-03-21,地产/建筑,33,0.008464680691617689,0.5757575757575758
2021-03-21,工业/制造,12,-0.06282865547315289,0.5833333333333334
2021-03-21,新能源/汽车,1,-0.0470588235294116,1.0
2021-03-21,消费/零售,35,-0.015189190054378457,0.6285714285714286
2021-03-21,生物科技/医药,29,0.0021094819451185896,0.6206896551724138
2021-03-21,金融,6,-0.11625952378309369,0.5
2021-03-22,TMT/互联网,8,0.023120329762663046,0.5
2021-03-22,其他,12,-0.03326809433106203,0.4166666666666667
2021-03-22,地产/建筑,33,0.008464680691617689,0.5757575757575758
2021-03-22,工业/制造,12,-0.06282865547315289,0.5833333333333334
2021-03-22,新能源/汽车,1,-0.0470588235294116,1.0
2021-03-22,消费/零售,35,-0.015189190054378457,0.6285714285714286
2021-03-22,生物科技/医药,29,0.0021094819451185896,0.6206896551724138
2021-03-22,金融,6,-0.11625952378309369,0.5
2021-03-23,TMT/互联网,8,0.023120329762663046,0.5
2021-03-23,其他,12,-0.03326809433106203,0.4166666666666667
2021-03-23,地产/建筑,33,0.008464680691617689,0.5757575757575758
2021-03-23,工业/制造,12,-0.06282865547315289,0.5833333333333334
2021-03-23,新能源/汽车,1,-0.0470588235294116,1.0
2021-03-23,消费/零售,36,-0.014985990768091036,0.6388888888888888
2021-03-23,生物科技/医药,28,0.0006270698261372632,0.6428571428571429
2021-03-23,金融,6,-0.11625952378309369,0.5
2021-03-24,TMT/互联网,8,0.023120329762663046,0.5
2021-03-24,其他,12,-0.03326809433106203,0.4166666666666667
2021-03-24,地产/建筑,33,0.008464680691617689,0.5757575757575758
2021-03-24,工业/制造,12,-0.06282865547315289,0.5833333333333334
2021-03-24,新能源/汽车,1,-0.0470588235294116,1.0
2021-03-24,消费/零售,36,-0.014985990768091036,0.6388888888888888
2021-03-24,生物科技/医药,28,0.0006270698261372632,0.6428571428571429
2021-03-24,金融,6,-0.11625952378309369,0.5
2021-03-25,TMT/互联网,8,0.023120329762663046,0.5
2021-03-25,其他,12,-0.03326809433106203,0.4166666666666667
2021-03-25,地产/建筑,33,0.008464680691617689,0.5757575757575758
2021-03-25,工业/制造,12,-0.06282865547315289,0.5833333333333334
2021-03-25,新能源/汽车,1,-0.0470588235294116,1.0
2021-03-25,消费/零售,36,-0.014985990768091036,0.6388888888888888
2021-03-25,生物科技/医药,28,0.0006270698261372632,0.6428571428571429
2021-03-25,金融,6,-0.11625952378309369,0.5
2021-03-26,TMT/互联网,8,0.023120329762663046,0.5
2021-03-26,其他,12,-0.03326809433106203,0.4166666666666667
2021-03-26,地产/建筑,34,0.00030496898770601645,0.5882352941176471
2021-03-26,工业/制造,12,-0.06282865547315289,0.5833333333333334
2021-03-26,新能源/汽车,1,-0.0470588235294116,1.0
2021-03-26,消费/零售,36,-0.014985990768091036,0.6388888888888888
2021-03-26,生物科技/医药,28,0.0006270698261372632,0.6428571428571429
2021-03-26,金融,6,-0.11625952378309369,0.5
2021-03-27,TMT/互联网,8,0.023120329762663046,0.5
2021-03-27,其他,12,-0.03326809433106203,0.4166666666666667
2021-03-27,地产/建筑,34,0.00030496898770601645,0.5882352941176471
2021-03-27,工业/制造,12,-0.06282865547315289,0.5833333333333334
2021-03-27,新能源/汽车,1,-0.0470588235294116,1.0
2021-03-27,消费/零售,35,-0.009385328381124314,0.6285714285714286
2021-03-27,生物科技/医药,28,0.0006270698261372632,0.6428571428571429
2021-03-27,金融,6,-0.11625952378309369,0.5
2021-03-28,TMT/互联网,8,0.023120329762663046,0.5
2021-03-28,其他,12,-0.03326809433106203,0.4166666666666667
2021-03-28,地产/建筑,34,0.00030496898770601645,0.5882352941176471
2021-03-28,工业/制造,12,-0.06282865547315289,0.5833333333333334
2021-03-28,新能源/汽车,1,-0.0470588235294116,1.0
2021-03-28,消费/零售,35,-0.009385328381124314,0.6285714285714286
2021-03-28,生物科技/医药,28,0.0006270698261372632,0.6428571428571429
2021-03-28,金融,6,-0.11625952378309369,0.5
2021-03-29,TMT/互联网,8,0.023120329762663046,0.5
2021-03-29,其他,12,-0.03326809433106203,0.4166666666666667
2021-03-29,地产/建筑,34,0.00030496898770601645,0.5882352941176471
2021-03-29,工业/制造,12,-0.06282865547315289,0.5833333333333334
2021-03-29,新能源/汽车,1,-0.0470588235294116,1.0
2021-03-29,消费/零售,36,-0.008773007374756938,0.6111111111111112
2021-03-29,生物科技/医药,28,0.0006270698261372632,0.6428571428571429
2021-03-29,金融,6,-0.11625952378309369,0.5
2021-03-30,TMT/互联网,8,0.023120329762663046,0.5
2021-03-30,其他,12,-0.03326809433106203,0.4166666666666667
2021-03-30,地产/建筑,34,0.00030496898770601645,0.5882352941176471
2021-03-30,工业/制造,12,-0.06282865547315289,0.5833333333333334
2021-03-30,新能源/汽车,1,-0.0470588235294116,1.0
2021-03-30,消费/零售,36,-0.008773007374756938,0.6111111111111112
2021-03-30,生物科技/医药,28,0.0006270698261372632,0.6428571428571429
2021-03-30,金融,6,-0.11625952378309369,0.5
2021-03-31,TMT/互联网,10,0.005561280726987456,0.6
2021-03-31,其他,12,-0.03326809433106203,0.4166666666666667
2021-03-31,地产/建筑,35,-0.004703744411942726,0.6
2021-03-31,工业/制造,12,-0.06282865547315289,0.5833333333333334
2021-03-31,新能源/汽车,1,-0.0470588235294116,1.0
2021-03-31,消费/零售,36,-0.008773007374756938,0.6111111111111112
2021-03-31,生物科技/医药,28,0.0006270698261372632,0.6428571428571429
2021-03-31,金融,6,-0.11625952378309369,0.5
2021-04-01,TMT/互联网,10,0.005561280726987456,0.6
2021-04-01,其他,12,-0.03326809433106203,0.4166666666666667
2021-04-01,地产/建筑,35,-0.004703744411942726,0.6
2021-04-01,工业/制造,12,-0.06282865547315289,0.5833333333333334
2021-04-01,新能源/汽车,1,-0.0470588235294116,1.0
2021-04-01,消费/零售,36,-0.008773007374756938,0.6111111111111112
2021-04-01,生物科技/医药,28,0.0006270698261372632,0.6428571428571429
2021-04-01,金融,6,-0.11625952378309369,0.5
2021-04-02,TMT/互联网,10,0.005561280726987456,0.6
2021-04-02,其他,12,-0.03326809433106203,0.4166666666666667
2021-04-02,地产/建筑,35,-0.004703744411942726,0.6
2021-04-02,工业/制造,12,-0.06282865547315289,0.5833333333333334
2021-04-02,新能源/汽车,1,-0.0470588235294116,1.0
2021-04-02,消费/零售,36,-0.008773007374756938,0.6111111111111112
2021-04-02,生物科技/医药,28,0.0006270698261372632,0.6428571428571429
2021-04-02,金融,6,-0.11625952378309369,0.5
2021-04-03,TMT/互联网,10,0.005561280726987456,0.6
2021-04-03,其他,12,-0.03326809433106203,0.4166666666666667
2021-04-03,地产/建筑,35,-0.004703744411942726,0.6
2021-04-03,工业/制造,12,-0.06282865547315289,0.5833333333333334
2021-04-03,新能源/汽车,1,-0.0470588235294116,1.0
2021-04-03,消费/零售,36,-0.008773007374756938,0.6111111111111112
2021-04-03,生物科技/医药,28,0.0006270698261372632,0.6428571428571429
2021-04-03,金融,6,-0.11625952378309369,0.5
2021-04-04,TMT/互联网,10,0.005561280726987456,0.6
2021-04-04,其他,12,-0.03326809433106203,0.4166666666666667
2021-04-04,地产/建筑,35,-0.004703744411942726,0.6
2021-04-04,工业/制造,12,-0.06282865547315289,0.5833333333333334
2021-04-04,新能源/汽车,1,-0.0470588235294116,1.0
2021-04-04,消费/零售,36,-0.008773007374756938,0.6111111111111112
2021-04-04,生物科技/医药,28,0.0006270698261372632,0.6428571428571429
2021-04-04,金融,6,-0.11625952378309369,0.5
2021-04-05,TMT/互联网,10,0.005561280726987456,0.6
2021-04-05,其他,12,-0.03326809433106203,0.4166666666666667
2021-04-05,地产/建筑,35,-0.004703744411942726,0.6
2021-04-05,工业/制造,12,-0.06282865547315289,0.5833333333333334
2021-04-05,新能源/汽车,1,-0.0470588235294116,1.0
2021-04-05,消费/零售,36,-0.008773007374756938,0.6111111111111112
2021-04-05,生物科技/医药,28,0.0006270698261372632,0.6428571428571429
2021-04-05,金融,6,-0.11625952378309369,0.5
2021-04-06,TMT/互联网,10,0.005561280726987456,0.6
2021-04-06,其他,12,-0.03326809433106203,0.4166666666666667
2021-04-06,地产/建筑,35,-0.004703744411942726,0.6
2021-04-06,工业/制造,12,-0.06282865547315289,0.5833333333333334
2021-04-06,新能源/汽车,1,-0.0470588235294116,1.0
2021-04-06,消费/零售,36,-0.008773007374756938,0.6111111111111112
2021-04-06,生物科技/医药,28,0.0006270698261372632,0.6428571428571429
2021-04-06,金融,6,-0.11625952378309369,0.5
2021-04-07,TMT/互联网,10,0.005561280726987456,0.6
2021-04-07,其他,12,-0.03326809433106203,0.4166666666666667
2021-04-07,地产/建筑,35,-0.004703744411942726,0.6
2021-04-07,工业/制造,12,-0.06282865547315289,0.5833333333333334
2021-04-07,新能源/汽车,1,-0.0470588235294116,1.0
2021-04-07,消费/零售,36,-0.008773007374756938,0.6111111111111112
2021-04-07,生物科技/医药,28,0.0006270698261372632,0.6428571428571429
2021-04-07,金融,6,-0.11625952378309369,0.5
2021-04-08,TMT/互联网,10,0.005561280726987456,0.6
2021-04-08,其他,12,-0.03326809433106203,0.4166666666666667
2021-04-08,地产/建筑,35,-0.004703744411942726,0.6
2021-04-08,工业/制造,12,-0.06282865547315289,0.5833333333333334
2021-04-08,新能源/汽车,1,-0.0470588235294116,1.0
2021-04-08,消费/零售,36,-0.008773007374756938,0.6111111111111112
2021-04-08,生物科技/医药,28,0.0006270698261372632,0.6428571428571429
2021-04-08,金融,6,-0.11625952378309369,0.5
2021-04-09,TMT/互联网,11,0.0050557097518067785,0.5454545454545454
2021-04-09,其他,12,-0.03326809433106203,0.4166666666666667
2021-04-09,地产/建筑,35,-0.004703744411942726,0.6
2021-04-09,工业/制造,12,-0.06282865547315289,0.5833333333333334
2021-04-09,新能源/汽车,1,-0.0470588235294116,1.0
2021-04-09,消费/零售,36,-0.008773007374756938,0.6111111111111112
2021-04-09,生物科技/医药,28,0.0006270698261372632,0.6428571428571429
2021-04-09,金融,6,-0.11625952378309369,0.5
2021-04-10,TMT/互联网,11,0.0050557097518067785,0.5454545454545454
2021-04-10,其他,12,-0.03326809433106203,0.4166666666666667
2021-04-10,地产/建筑,35,-0.004703744411942726,0.6
2021-04-10,工业/制造,12,-0.06282865547315289,0.5833333333333334
2021-04-10,新能源/汽车,1,-0.0470588235294116,1.0
2021-04-10,消费/零售,36,-0.008773007374756938,0.6111111111111112
2021-04-10,生物科技/医药,28,0.0006270698261372632,0.6428571428571429
2021-04-10,金融,6,-0.11625952378309369,0.5
2021-04-11,TMT/互联网,11,0.0050557097518067785,0.5454545454545454
2021-04-11,其他,12,-0.03326809433106203,0.4166666666666667
2021-04-11,地产/建筑,35,-0.004703744411942726,0.6
2021-04-11,工业/制造,12,-0.06282865547315289,0.5833333333333334
2021-04-11,新能源/汽车,1,-0.0470588235294116,1.0
2021-04-11,消费/零售,36,-0.008773007374756938,0.6111111111111112
2021-04-11,生物科技/医药,28,0.0006270698261372632,0.6428571428571429
2021-04-11,金融,6,-0.11625952378309369,0.5
2021-04-12,TMT/互联网,11,0.0050557097518067785,0.5454545454545454
2021-04-12,其他,12,-0.03326809433106203,0.4166666666666667
2021-04-12,地产/建筑,35,-0.004703744411942726,0.6
2021-04-12,工业/制造,12,-0.06282865547315289,0.5833333333333334
2021-04-12,新能源/汽车,1,-0.0470588235294116,1.0
2021-04-12,消费/零售,36,-0.008773007374756938,0.6111111111111112
2021-04-12,生物科技/医药,28,0.0006270698261372632,0.6428571428571429
2021-04-12,金融,6,-0.11625952378309369,0.5
2021-04-13,TMT/互联网,11,0.0050557097518067785,0.5454545454545454
2021-04-13,其他,12,-0.03326809433106203,0.4166666666666667
2021-04-13,地产/建筑,35,-0.004703744411942726,0.6
2021-04-13,工业/制造,12,-0.06282865547315289,0.5833333333333334
2021-04-13,新能源/汽车,1,-0.0470588235294116,1.0
2021-04-13,消费/零售,36,-0.008773007374756938,0.6111111111111112
2021-04-13,生物科技/医药,28,0.0006270698261372632,0.6428571428571429
2021-04-13,金融,6,-0.11625952378309369,0.5
2021-04-14,TMT/互联网,11,0.0050557097518067785,0.5454545454545454
2021-04-14,其他,12,-0.03326809433106203,0.4166666666666667
2021-04-14,地产/建筑,35,-0.004703744411942726,0.6
2021-04-14,工业/制造,12,-0.06282865547315289,0.5833333333333334
2021-04-14,新能源/汽车,1,-0.0470588235294116,1.0
2021-04-14,消费/零售,36,-0.008773007374756938,0.6111111111111112
2021-04-14,生物科技/医药,28,0.0006270698261372632,0.6428571428571429
2021-04-14,金融,6,-0.11625952378309369,0.5
2021-04-15,TMT/互联网,11,0.0050557097518067785,0.5454545454545454
2021-04-15,其他,12,-0.03326809433106203,0.4166666666666667
2021-04-15,地产/建筑,34,-0.016018560424058685,0.6176470588235294
2021-04-15,工业/制造,12,-0.06282865547315289,0.5833333333333334
2021-04-15,新能源/汽车,1,-0.0470588235294116,1.0
2021-04-15,消费/零售,36,-0.008773007374756938,0.6111111111111112
2021-04-15,生物科技/医药,27,0.009909553893771983,0.6296296296296297
2021-04-15,金融,5,-0.06296821866316922,0.4
2021-04-16,TMT/互联网,11,0.0050557097518067785,0.5454545454545454
2021-04-16,其他,12,-0.03326809433106203,0.4166666666666667
2021-04-16,地产/建筑,34,-0.016018560424058685,0.6176470588235294
2021-04-16,工业/制造,12,-0.06282865547315289,0.5833333333333334
2021-04-16,新能源/汽车,1,-0.0470588235294116,1.0
2021-04-16,消费/零售,36,-0.008773007374756938,0.6111111111111112
2021-04-16,生物科技/医药,27,0.009909553893771983,0.6296296296296297
2021-04-16,金融,5,-0.06296821866316922,0.4
2021-04-17,TMT/互联网,11,0.0050557097518067785,0.5454545454545454
2021-04-17,其他,12,-0.03326809433106203,0.4166666666666667
2021-04-17,地产/建筑,34,-0.016018560424058685,0.6176470588235294
2021-04-17,工业/制造,12,-0.06282865547315289,0.5833333333333334
2021-04-17,新能源/汽车,1,-0.0470588235294116,1.0
2021-04-17,消费/零售,36,-0.008773007374756938,0.6111111111111112
2021-04-17,生物科技/医药,27,0.009909553893771983,0.6296296296296297
2021-04-17,金融,5,-0.06296821866316922,0.4
2021-04-18,TMT/互联网,11,0.0050557097518067785,0.5454545454545454
2021-04-18,其他,12,-0.03326809433106203,0.4166666666666667
2021-04-18,地产/建筑,34,-0.016018560424058685,0.6176470588235294
2021-04-18,工业/制造,12,-0.06282865547315289,0.5833333333333334
2021-04-18,新能源/汽车,1,-0.0470588235294116,1.0
2021-04-18,消费/零售,36,-0.008773007374756938,0.6111111111111112
2021-04-18,生物科技/医药,27,0.009909553893771983,0.6296296296296297
2021-04-18,金融,5,-0.06296821866316922,0.4
2021-04-19,TMT/互联网,11,0.0050557097518067785,0.5454545454545454
2021-04-19,其他,12,-0.03326809433106203,0.4166666666666667
2021-04-19,地产/建筑,34,-0.016018560424058685,0.6176470588235294
2021-04-19,工业/制造,12,-0.06282865547315289,0.5833333333333334
2021-04-19,新能源/汽车,1,-0.0470588235294116,1.0
2021-04-19,消费/零售,37,-0.008612844340005884,0.6216216216216216
2021-04-19,生物科技/医药,27,0.009909553893771983,0.6296296296296297
2021-04-19,金融,5,-0.06296821866316922,0.4
2021-04-20,TMT/互联网,11,0.0050557097518067785,0.5454545454545454
2021-04-20,其他,12,-0.03326809433106203,0.4166666666666667
2021-04-20,地产/建筑,34,-0.016018560424058685,0.6176470588235294
2021-04-20,工业/制造,11,-0.019189702074608357,0.5454545454545454
2021-04-20,新能源/汽车,1,-0.0470588235294116,1.0
2021-04-20,消费/零售,37,-0.008612844340005884,0.6216216216216216
2021-04-20,生物科技/医药,27,0.009909553893771983,0.6296296296296297
2021-04-20,金融,5,-0.06296821866316922,0.4
2021-04-21,TMT/互联网,11,0.0050557097518067785,0.5454545454545454
2021-04-21,其他,12,-0.03326809433106203,0.4166666666666667
2021-04-21,地产/建筑,34,-0.016018560424058685,0.6176470588235294
2021-04-21,工业/制造,11,-0.019189702074608357,0.5454545454545454
2021-04-21,新能源/汽车,1,-0.0470588235294116,1.0
2021-04-21,消费/零售,37,-0.008612844340005884,0.6216216216216216
2021-04-21,生物科技/医药,27,0.009909553893771983,0.6296296296296297
2021-04-21,金融,5,-0.06296821866316922,0.4
2021-04-22,TMT/互联网,11,0.0050557097518067785,0.5454545454545454
2021-04-22,其他,12,-0.03326809433106203,0.4166666666666667
2021-04-22,地产/建筑,34,-0.016018560424058685,0.6176470588235294
2021-04-22,工业/制造,11,-0.019189702074608357,0.5454545454545454
2021-04-22,新能源/汽车,1,-0.0470588235294116,1.0
2021-04-22,消费/零售,37,-0.008612844340005884,0.6216216216216216
2021-04-22,生物科技/医药,27,0.009909553893771983,0.6296296296296297
2021-04-22,金融,5,-0.06296821866316922,0.4
2021-04-23,TMT/互联网,11,0.0050557097518067785,0.5454545454545454
2021-04-23,其他,12,-0.03326809433106203,0.4166666666666667
2021-04-23,地产/建筑,33,-0.027413062255090766,0.6363636363636364
2021-04-23,工业/制造,11,-0.019189702074608357,0.5454545454545454
2021-04-23,新能源/汽车,1,-0.0470588235294116,1.0
2021-04-23,消费/零售,37,-0.008612844340005884,0.6216216216216216
2021-04-23,生物科技/医药,27,0.009909553893771983,0.6296296296296297
2021-04-23,金融,5,-0.06296821866316922,0.4
2021-04-24,TMT/互联网,11,0.0050557097518067785,0.5454545454545454
2021-04-24,其他,12,-0.03326809433106203,0.4166666666666667
2021-04-24,地产/建筑,33,-0.027413062255090766,0.6363636363636364
2021-04-24,工业/制造,11,-0.019189702074608357,0.5454545454545454
2021-04-24,新能源/汽车,1,-0.0470588235294116,1.0
2021-04-24,消费/零售,37,-0.008612844340005884,0.6216216216216216
2021-04-24,生物科技/医药,26,0.008981361613090544,0.6538461538461539
2021-04-24,金融,5,-0.06296821866316922,0.4
2021-04-25,TMT/互联网,11,0.0050557097518067785,0.5454545454545454
2021-04-25,其他,12,-0.03326809433106203,0.4166666666666667
2021-04-25,地产/建筑,33,-0.027413062255090766,0.6363636363636364
2021-04-25,工业/制造,11,-0.019189702074608357,0.5454545454545454
2021-04-25,新能源/汽车,1,-0.0470588235294116,1.0
2021-04-25,消费/零售,37,-0.008612844340005884,0.6216216216216216
2021-04-25,生物科技/医药,26,0.008981361613090544,0.6538461538461539
2021-04-25,金融,5,-0.06296821866316922,0.4
2021-04-26,TMT/互联网,11,0.0050557097518067785,0.5454545454545454
2021-04-26,其他,12,-0.03326809433106203,0.4166666666666667
2021-04-26,地产/建筑,33,-0.027413062255090766,0.6363636363636364
2021-04-26,工业/制造,11,-0.019189702074608357,0.5454545454545454
2021-04-26,新能源/汽车,1,-0.0470588235294116,1.0
2021-04-26,消费/零售,37,-0.008612844340005884,0.6216216216216216
2021-04-26,生物科技/医药,26,0.008981361613090544,0.6538461538461539
2021-04-26,金融,5,-0.06296821866316922,0.4
2021-04-27,TMT/互联网,11,0.0050557097518067785,0.5454545454545454
2021-04-27,其他,12,-0.03326809433106203,0.4166666666666667
2021-04-27,地产/建筑,33,-0.027413062255090766,0.6363636363636364
2021-04-27,工业/制造,11,-0.019189702074608357,0.5454545454545454
2021-04-27,新能源/汽车,1,-0.0470588235294116,1.0
2021-04-27,消费/零售,37,-0.008612844340005884,0.6216216216216216
2021-04-27,生物科技/医药,26,0.008981361613090544,0.6538461538461539
2021-04-27,金融,5,-0.06296821866316922,0.4
2021-04-28,TMT/互联网,11,0.0050557097518067785,0.5454545454545454
2021-04-28,其他,12,-0.03326809433106203,0.4166666666666667
2021-04-28,地产/建筑,32,-0.022612392864355457,0.625
2021-04-28,工业/制造,11,-0.019189702074608357,0.5454545454545454
2021-04-28,新能源/汽车,1,-0.0470588235294116,1.0
2021-04-28,消费/零售,37,-0.008612844340005884,0.6216216216216216
2021-04-28,生物科技/医药,26,0.008981361613090544,0.6538461538461539
2021-04-28,金融,5,-0.06296821866316922,0.4
2021-04-29,TMT/互联网,11,0.0050557097518067785,0.5454545454545454
2021-04-29,其他,12,-0.03326809433106203,0.4166666666666667
2021-04-29,地产/建筑,32,-0.022612392864355457,0.625
2021-04-29,工业/制造,11,-0.019189702074608357,0.5454545454545454
2021-04-29,新能源/汽车,1,-0.0470588235294116,1.0
2021-04-29,消费/零售,37,-0.008612844340005884,0.6216216216216216
2021-04-29,生物科技/医药,27,0.00578503015968475,0.6666666666666666
2021-04-29,金融,5,-0.06296821866316922,0.4
2021-04-30,TMT/互联网,11,0.0050557097518067785,0.5454545454545454
2021-04-30,其他,12,-0.03326809433106203,0.4166666666666667
2021-04-30,地产/建筑,32,-0.022612392864355457,0.625
2021-04-30,工业/制造,11,-0.019189702074608357,0.5454545454545454
2021-04-30,新能源/汽车,1,-0.0470588235294116,1.0
2021-04-30,消费/零售,37,-0.008612844340005884,0.6216216216216216
2021-04-30,生物科技/医药,27,0.00578503015968475,0.6666666666666666
2021-04-30,金融,5,-0.06296821866316922,0.4
2021-05-01,TMT/互联网,11,0.0050557097518067785,0.5454545454545454
2021-05-01,其他,12,-0.03326809433106203,0.4166666666666667
2021-05-01,地产/建筑,32,-0.022612392864355457,0.625
2021-05-01,工业/制造,11,-0.019189702074608357,0.5454545454545454
2021-05-01,新能源/汽车,1,-0.0470588235294116,1.0
2021-05-01,消费/零售,37,-0.008612844340005884,0.6216216216216216
2021-05-01,生物科技/医药,27,0.00578503015968475,0.6666666666666666
2021-05-01,金融,5,-0.06296821866316922,0.4
2021-05-02,TMT/互联网,11,0.0050557097518067785,0.5454545454545454
2021-05-02,其他,12,-0.03326809433106203,0.4166666666666667
2021-05-02,地产/建筑,32,-0.022612392864355457,0.625
2021-05-02,工业/制造,11,-0.019189702074608357,0.5454545454545454
2021-05-02,新能源/汽车,1,-0.0470588235294116,1.0
2021-05-02,消费/零售,37,-0.008612844340005884,0.6216216216216216
2021-05-02,生物科技/医药,27,0.00578503015968475,0.6666666666666666
2021-05-02,金融,5,-0.06296821866316922,0.4
2021-05-03,TMT/互联网,11,0.0050557097518067785,0.5454545454545454
2021-05-03,其他,12,-0.03326809433106203,0.4166666666666667
2021-05-03,地产/建筑,32,-0.022612392864355457,0.625
2021-05-03,工业/制造,11,-0.019189702074608357,0.5454545454545454
2021-05-03,新能源/汽车,1,-0.0470588235294116,1.0
2021-05-03,消费/零售,37,-0.008612844340005884,0.6216216216216216
2021-05-03,生物科技/医药,27,0.00578503015968475,0.6666666666666666
2021-05-03,金融,5,-0.06296821866316922,0.4
2021-05-04,TMT/互联网,11,0.0050557097518067785,0.5454545454545454
2021-05-04,其他,12,-0.03326809433106203,0.4166666666666667
2021-05-04,地产/建筑,32,-0.022612392864355457,0.625
2021-05-04,工业/制造,11,-0.019189702074608357,0.5454545454545454
2021-05-04,新能源/汽车,1,-0.0470588235294116,1.0
2021-05-04,消费/零售,37,-0.008612844340005884,0.6216216216216216
2021-05-04,生物科技/医药,27,0.00578503015968475,0.6666666666666666
2021-05-04,金融,5,-0.06296821866316922,0.4
2021-05-05,TMT/互联网,11,0.0050557097518067785,0.5454545454545454
2021-05-05,其他,12,-0.03326809433106203,0.4166666666666667
2021-05-05,地产/建筑,32,-0.022612392864355457,0.625
2021-05-05,工业/制造,11,-0.019189702074608357,0.5454545454545454
2021-05-05,新能源/汽车,1,-0.0470588235294116,1.0
2021-05-05,消费/零售,37,-0.008612844340005884,0.6216216216216216
2021-05-05,生物科技/医药,27,0.00578503015968475,0.6666666666666666
2021-05-05,金融,5,-0.06296821866316922,0.4
2021-05-06,TMT/互联网,11,0.0050557097518067785,0.5454545454545454
2021-05-06,其他,12,-0.03326809433106203,0.4166666666666667
2021-05-06,地产/建筑,32,-0.022612392864355457,0.625
2021-05-06,工业/制造,11,-0.019189702074608357,0.5454545454545454
2021-05-06,新能源/汽车,1,-0.0470588235294116,1.0
2021-05-06,消费/零售,37,-0.008612844340005884,0.6216216216216216
2021-05-06,生物科技/医药,27,0.00578503015968475,0.6666666666666666
2021-05-06,金融,5,-0.06296821866316922,0.4
2021-05-07,TMT/互联网,11,0.0050557097518067785,0.5454545454545454
2021-05-07,其他,12,-0.03326809433106203,0.4166666666666667
2021-05-07,地产/建筑,31,-0.018546707193894393,0.6129032258064516
2021-05-07,工业/制造,11,-0.019189702074608357,0.5454545454545454
2021-05-07,新能源/汽车,1,-0.0470588235294116,1.0
2021-05-07,消费/零售,37,-0.008612844340005884,0.6216216216216216
2021-05-07,生物科技/医药,27,0.00578503015968475,0.6666666666666666
2021-05-07,金融,5,-0.06296821866316922,0.4
2021-05-08,TMT/互联网,11,0.0050557097518067785,0.5454545454545454
2021-05-08,其他,12,-0.03326809433106203,0.4166666666666667
2021-05-08,地产/建筑,31,-0.018546707193894393,0.6129032258064516
2021-05-08,工业/制造,11,-0.019189702074608357,0.5454545454545454
2021-05-08,新能源/汽车,1,-0.0470588235294116,1.0
2021-05-08,消费/零售,37,-0.008612844340005884,0.6216216216216216
2021-05-08,生物科技/医药,27,0.00578503015968475,0.6666666666666666
2021-05-08,金融,5,-0.06296821866316922,0.4
2021-05-09,TMT/互联网,11,0.0050557097518067785,0.5454545454545454
2021-05-09,其他,12,-0.03326809433106203,0.4166666666666667
2021-05-09,地产/建筑,31,-0.018546707193894393,0.6129032258064516
2021-05-09,工业/制造,11,-0.019189702074608357,0.5454545454545454
2021-05-09,新能源/汽车,1,-0.0470588235294116,1.0
2021-05-09,消费/零售,37,-0.008612844340005884,0.6216216216216216
2021-05-09,生物科技/医药,27,0.00578503015968475,0.6666666666666666
2021-05-09,金融,5,-0.06296821866316922,0.4
2021-05-10,TMT/互联网,11,0.0050557097518067785,0.5454545454545454
2021-05-10,其他,12,-0.03326809433106203,0.4166666666666667
2021-05-10,地产/建筑,31,-0.018546707193894393,0.6129032258064516
2021-05-10,工业/制造,11,-0.019189702074608357,0.5454545454545454
2021-05-10,新能源/汽车,1,-0.0470588235294116,1.0
2021-05-10,消费/零售,37,-0.008612844340005884,0.6216216216216216
2021-05-10,生物科技/医药,27,0.00578503015968475,0.6666666666666666
2021-05-10,金融,5,-0.06296821866316922,0.4
2021-05-11,TMT/互联网,11,0.0050557097518067785,0.5454545454545454
2021-05-11,其他,12,-0.03326809433106203,0.4166666666666667
2021-05-11,地产/建筑,31,-0.018546707193894393,0.6129032258064516
2021-05-11,工业/制造,11,-0.019189702074608357,0.5454545454545454
2021-05-11,新能源/汽车,1,-0.0470588235294116,1.0
2021-05-11,消费/零售,37,-0.008612844340005884,0.6216216216216216
2021-05-11,生物科技/医药,27,0.00578503015968475,0.6666666666666666
2021-05-11,金融,5,-0.06296821866316922,0.4
2021-05-12,TMT/互联网,11,0.0050557097518067785,0.5454545454545454
2021-05-12,其他,12,-0.03326809433106203,0.4166666666666667
2021-05-12,地产/建筑,31,-0.018546707193894393,0.6129032258064516
2021-05-12,工业/制造,11,-0.019189702074608357,0.5454545454545454
2021-05-12,新能源/汽车,1,-0.0470588235294116,1.0
2021-05-12,消费/零售,37,-0.008612844340005884,0.6216216216216216
2021-05-12,生物科技/医药,27,0.00578503015968475,0.6666666666666666
2021-05-12,金融,5,-0.06296821866316922,0.4
2021-05-13,TMT/互联网,10,0.028310095892864227,0.5
2021-05-13,其他,12,-0.03326809433106203,0.4166666666666667
2021-05-13,地产/建筑,31,-0.018546707193894393,0.6129032258064516
2021-05-13,工业/制造,11,-0.019189702074608357,0.5454545454545454
2021-05-13,新能源/汽车,1,-0.0470588235294116,1.0
2021-05-13,消费/零售,36,-0.01921693247051185,0.6388888888888888
2021-05-13,生物科技/医药,27,0.00578503015968475,0.6666666666666666
2021-05-13,金融,5,-0.06296821866316922,0.4
2021-05-14,TMT/互联网,10,0.028310095892864227,0.5
2021-05-14,其他,12,-0.03326809433106203,0.4166666666666667
2021-05-14,地产/建筑,31,-0.018546707193894393,0.6129032258064516
2021-05-14,工业/制造,11,-0.019189702074608357,0.5454545454545454
2021-05-14,新能源/汽车,1,-0.0470588235294116,1.0
2021-05-14,消费/零售,36,-0.01921693247051185,0.6388888888888888
2021-05-14,生物科技/医药,27,0.00578503015968475,0.6666666666666666
2021-05-14,金融,5,-0.06296821866316922,0.4
2021-05-15,TMT/互联网,10,0.028310095892864227,0.5
2021-05-15,其他,12,-0.03326809433106203,0.4166666666666667
2021-05-15,地产/建筑,30,-0.01896698935768137,0.6
2021-05-15,工业/制造,11,-0.019189702074608357,0.5454545454545454
2021-05-15,新能源/汽车,1,-0.0470588235294116,1.0
2021-05-15,消费/零售,36,-0.01921693247051185,0.6388888888888888
2021-05-15,生物科技/医药,26,0.00744266335181958,0.6538461538461539
2021-05-15,金融,5,-0.06296821866316922,0.4
2021-05-16,TMT/互联网,10,0.028310095892864227,0.5
2021-05-16,其他,12,-0.03326809433106203,0.4166666666666667
2021-05-16,地产/建筑,30,-0.01896698935768137,0.6
2021-05-16,工业/制造,11,-0.019189702074608357,0.5454545454545454
2021-05-16,新能源/汽车,1,-0.0470588235294116,1.0
2021-05-16,消费/零售,36,-0.01921693247051185,0.6388888888888888
2021-05-16,生物科技/医药,26,0.00744266335181958,0.6538461538461539
2021-05-16,金融,5,-0.06296821866316922,0.4
2021-05-17,TMT/互联网,10,0.028310095892864227,0.5
2021-05-17,其他,12,-0.03326809433106203,0.4166666666666667
2021-05-17,地产/建筑,31,-0.02072601096687751,0.6129032258064516
2021-05-17,工业/制造,11,-0.019189702074608357,0.5454545454545454
2021-05-17,新能源/汽车,1,-0.0470588235294116,1.0
2021-05-17,消费/零售,36,-0.01921693247051185,0.6388888888888888
2021-05-17,生物科技/医药,26,0.00744266335181958,0.6538461538461539
2021-05-17,金融,5,-0.06296821866316922,0.4
2021-05-18,TMT/互联网,10,0.028310095892864227,0.5
2021-05-18,其他,12,-0.03326809433106203,0.4166666666666667
2021-05-18,地产/建筑,31,-0.02072601096687751,0.6129032258064516
2021-05-18,工业/制造,11,-0.019189702074608357,0.5454545454545454
2021-05-18,新能源/汽车,1,-0.0470588235294116,1.0
2021-05-18,消费/零售,35,-0.030432654350621716,0.6571428571428571
2021-05-18,生物科技/医药,26,0.00744266335181958,0.6538461538461539
2021-05-18,金融,5,-0.06296821866316922,0.4
2021-05-19,TMT/互联网,10,0.028310095892864227,0.5
2021-05-19,其他,12,-0.03326809433106203,0.4166666666666667
2021-05-19,地产/建筑,31,-0.02072601096687751,0.6129032258064516
2021-05-19,工业/制造,11,-0.019189702074608357,0.5454545454545454
2021-05-19,新能源/汽车,1,-0.0470588235294116,1.0
2021-05-19,消费/零售,35,-0.030432654350621716,0.6571428571428571
2021-05-19,生物科技/医药,26,0.00744266335181958,0.6538461538461539
2021-05-19,金融,5,-0.06296821866316922,0.4
2021-05-20,TMT/互联网,10,0.028310095892864227,0.5
2021-05-20,其他,12,-0.03326809433106203,0.4166666666666667
2021-05-20,地产/建筑,31,-0.02072601096687751,0.6129032258064516
2021-05-20,工业/制造,11,-0.019189702074608357,0.5454545454545454
2021-05-20,新能源/汽车,1,-0.0470588235294116,1.0
2021-05-20,消费/零售,35,-0.030432654350621716,0.6571428571428571
2021-05-20,生物科技/医药,26,0.00744266335181958,0.6538461538461539
2021-05-20,金融,5,-0.06296821866316922,0.4
2021-05-21,TMT/互联网,10,0.028310095892864227,0.5
2021-05-21,其他,12,-0.03326809433106203,0.4166666666666667
2021-05-21,地产/建筑,31,-0.02072601096687751,0.6129032258064516
2021-05-21,工业/制造,11,-0.019189702074608357,0.5454545454545454
2021-05-21,新能源/汽车,1,-0.0470588235294116,1.0
2021-05-21,消费/零售,35,-0.030432654350621716,0.6571428571428571
2021-05-21,生物科技/医药,26,0.00744266335181958,0.6538461538461539
2021-05-21,金融,5,-0.06296821866316922,0.4
2021-05-22,TMT/互联网,10,0.028310095892864227,0.5
2021-05-22,其他,12,-0.03326809433106203,0.4166666666666667
2021-05-22,地产/建筑,31,-0.02072601096687751,0.6129032258064516
2021-05-22,工业/制造,11,-0.019189702074608357,0.5454545454545454
2021-05-22,新能源/汽车,1,-0.0470588235294116,1.0
2021-05-22,消费/零售,35,-0.030432654350621716,0.6571428571428571
2021-05-22,生物科技/医药,25,0.005060469141475487,0.68
2021-05-22,金融,5,-0.06296821866316922,0.4
2021-05-23,TMT/互联网,10,0.028310095892864227,0.5
2021-05-23,其他,12,-0.03326809433106203,0.4166666666666667
2021-05-23,地产/建筑,31,-0.02072601096687751,0.6129032258064516
2021-05-23,工业/制造,11,-0.019189702074608357,0.5454545454545454
2021-05-23,新能源/汽车,1,-0.0470588235294116,1.0
2021-05-23,消费/零售,35,-0.030432654350621716,0.6571428571428571
2021-05-23,生物科技/医药,25,0.005060469141475487,0.68
2021-05-23,金融,5,-0.06296821866316922,0.4
2021-05-24,TMT/互联网,10,0.028310095892864227,0.5
2021-05-24,其他,12,-0.03326809433106203,0.4166666666666667
2021-05-24,地产/建筑,31,-0.02072601096687751,0.6129032258064516
2021-05-24,工业/制造,11,-0.019189702074608357,0.5454545454545454
2021-05-24,新能源/汽车,1,-0.0470588235294116,1.0
2021-05-24,消费/零售,35,-0.030432654350621716,0.6571428571428571
2021-05-24,生物科技/医药,25,0.005060469141475487,0.68
2021-05-24,金融,5,-0.06296821866316922,0.4
2021-05-25,TMT/互联网,10,0.028310095892864227,0.5
2021-05-25,其他,12,-0.03326809433106203,0.4166666666666667
2021-05-25,地产/建筑,32,-0.01991384943995206,0.59375
2021-05-25,工业/制造,11,-0.019189702074608357,0.5454545454545454
2021-05-25,新能源/汽车,1,-0.0470588235294116,1.0
2021-05-25,消费/零售,35,-0.030432654350621716,0.6571428571428571
2021-05-25,生物科技/医药,25,0.005060469141475487,0.68
2021-05-25,金融,5,-0.06296821866316922,0.4
2021-05-26,TMT/互联网,10,0.028310095892864227,0.5
2021-05-26,其他,12,-0.03326809433106203,0.4166666666666667
2021-05-26,地产/建筑,32,-0.01991384943995206,0.59375
2021-05-26,工业/制造,11,-0.019189702074608357,0.5454545454545454
2021-05-26,新能源/汽车,1,-0.0470588235294116,1.0
2021-05-26,消费/零售,35,-0.030432654350621716,0.6571428571428571
2021-05-26,生物科技/医药,25,0.005060469141475487,0.68
2021-05-26,金融,5,-0.06296821866316922,0.4
2021-05-27,TMT/互联网,10,0.028310095892864227,0.5
2021-05-27,其他,12,-0.03326809433106203,0.4166666666666667
2021-05-27,地产/建筑,32,-0.01991384943995206,0.59375
2021-05-27,工业/制造,11,-0.019189702074608357,0.5454545454545454
2021-05-27,新能源/汽车,1,-0.0470588235294116,1.0
2021-05-27,消费/零售,35,-0.030432654350621716,0.6571428571428571
2021-05-27,生物科技/医药,25,0.005060469141475487,0.68
2021-05-27,金融,5,-0.06296821866316922,0.4
2021-05-28,TMT/互联网,10,0.028310095892864227,0.5
2021-05-28,其他,12,-0.03326809433106203,0.4166666666666667
2021-05-28,地产/建筑,32,-0.01991384943995206,0.59375
2021-05-28,工业/制造,12,-0.02546243862810868,0.5833333333333334
2021-05-28,新能源/汽车,1,-0.0470588235294116,1.0
2021-05-28,消费/零售,35,-0.030432654350621716,0.6571428571428571
2021-05-28,生物科技/医药,25,0.005060469141475487,0.68
2021-05-28,金融,5,-0.06296821866316922,0.4
2021-05-29,TMT/互联网,10,0.028310095892864227,0.5
2021-05-29,其他,12,-0.03326809433106203,0.4166666666666667
2021-05-29,地产/建筑,32,-0.01991384943995206,0.59375
2021-05-29,工业/制造,12,-0.02546243862810868,0.5833333333333334
2021-05-29,新能源/汽车,1,-0.0470588235294116,1.0
2021-05-29,消费/零售,35,-0.030432654350621716,0.6571428571428571
2021-05-29,生物科技/医药,25,0.005060469141475487,0.68
2021-05-29,金融,5,-0.06296821866316922,0.4
2021-05-30,TMT/互联网,10,0.028310095892864227,0.5
2021-05-30,其他,12,-0.03326809433106203,0.4166666666666667
2021-05-30,地产/建筑,32,-0.01991384943995206,0.59375
2021-05-30,工业/制造,12,-0.02546243862810868,0.5833333333333334
2021-05-30,新能源/汽车,1,-0.0470588235294116,1.0
2021-05-30,消费/零售,35,-0.030432654350621716,0.6571428571428571
2021-05-30,生物科技/医药,25,0.005060469141475487,0.68
2021-05-30,金融,5,-0.06296821866316922,0.4
2021-05-31,TMT/互联网,10,0.028310095892864227,0.5
2021-05-31,其他,12,-0.03326809433106203,0.4166666666666667
2021-05-31,地产/建筑,33,-0.017613429759953513,0.5757575757575758
2021-05-31,工业/制造,12,-0.02546243862810868,0.5833333333333334
2021-05-31,新能源/汽车,1,-0.0470588235294116,1.0
2021-05-31,消费/零售,35,-0.030432654350621716,0.6571428571428571
2021-05-31,生物科技/医药,25,0.005060469141475487,0.68
2021-05-31,金融,5,-0.06296821866316922,0.4
2021-06-01,TMT/互联网,10,0.028310095892864227,0.5
2021-06-01,其他,12,-0.03326809433106203,0.4166666666666667
2021-06-01,地产/建筑,33,-0.017613429759953513,0.5757575757575758
2021-06-01,工业/制造,12,-0.02546243862810868,0.5833333333333334
2021-06-01,新能源/汽车,1,-0.0470588235294116,1.0
2021-06-01,消费/零售,35,-0.030432654350621716,0.6571428571428571
2021-06-01,生物科技/医药,25,0.005060469141475487,0.68
2021-06-01,金融,4,-0.12383059418457648,0.5
2021-06-02,TMT/互联网,10,0.028310095892864227,0.5
2021-06-02,其他,12,-0.03326809433106203,0.4166666666666667
2021-06-02,地产/建筑,33,-0.017613429759953513,0.5757575757575758
2021-06-02,工业/制造,12,-0.02546243862810868,0.5833333333333334
2021-06-02,新能源/汽车,1,-0.0470588235294116,1.0
2021-06-02,消费/零售,34,-0.02286070924685212,0.6470588235294118
2021-06-02,生物科技/医药,25,0.005060469141475487,0.68
2021-06-02,金融,4,-0.12383059418457648,0.5
2021-06-03,TMT/互联网,10,0.028310095892864227,0.5
2021-06-03,其他,12,-0.03326809433106203,0.4166666666666667
2021-06-03,地产/建筑,33,-0.017613429759953513,0.5757575757575758
2021-06-03,工业/制造,11,-0.027025890975216994,0.5454545454545454
2021-06-03,新能源/汽车,1,-0.0470588235294116,1.0
2021-06-03,消费/零售,34,-0.02286070924685212,0.6470588235294118
2021-06-03,生物科技/医药,25,0.005060469141475487,0.68
2021-06-03,金融,4,-0.12383059418457648,0.5
2021-06-04,TMT/互联网,10,0.028310095892864227,0.5
2021-06-04,其他,12,-0.03326809433106203,0.4166666666666667
2021-06-04,地产/建筑,33,-0.017613429759953513,0.5757575757575758
2021-06-04,工业/制造,11,-0.027025890975216994,0.5454545454545454
2021-06-04,新能源/汽车,1,-0.0470588235294116,1.0
2021-06-04,消费/零售,34,-0.02286070924685212,0.6470588235294118
2021-06-04,生物科技/医药,25,0.005060469141475487,0.68
2021-06-04,金融,4,-0.12383059418457648,0.5
2021-06-05,TMT/互联网,10,0.028310095892864227,0.5
2021-06-05,其他,12,-0.03326809433106203,0.4166666666666667
2021-06-05,地产/建筑,33,-0.017613429759953513,0.5757575757575758
2021-06-05,工业/制造,11,-0.027025890975216994,0.5454545454545454
2021-06-05,新能源/汽车,1,-0.0470588235294116,1.0
2021-06-05,消费/零售,34,-0.02286070924685212,0.6470588235294118
2021-06-05,生物科技/医药,25,0.005060469141475487,0.68
2021-06-05,金融,4,-0.12383059418457648,0.5
2021-06-06,TMT/互联网,10,0.028310095892864227,0.5
2021-06-06,其他,12,-0.03326809433106203,0.4166666666666667
2021-06-06,地产/建筑,33,-0.017613429759953513,0.5757575757575758
2021-06-06,工业/制造,11,-0.027025890975216994,0.5454545454545454
2021-06-06,新能源/汽车,1,-0.0470588235294116,1.0
2021-06-06,消费/零售,34,-0.02286070924685212,0.6470588235294118
2021-06-06,生物科技/医药,25,0.005060469141475487,0.68
2021-06-06,金融,4,-0.12383059418457648,0.5
2021-06-07,TMT/互联网,10,0.028310095892864227,0.5
2021-06-07,其他,12,-0.03326809433106203,0.4166666666666667
2021-06-07,地产/建筑,33,-0.017613429759953513,0.5757575757575758
2021-06-07,工业/制造,11,-0.027025890975216994,0.5454545454545454
2021-06-07,新能源/汽车,1,-0.0470588235294116,1.0
2021-06-07,消费/零售,34,-0.02286070924685212,0.6470588235294118
2021-06-07,生物科技/医药,25,0.005060469141475487,0.68
2021-06-07,金融,4,-0.12383059418457648,0.5
2021-06-08,TMT/互联网,10,0.028310095892864227,0.5
2021-06-08,其他,12,-0.03326809433106203,0.4166666666666667
2021-06-08,地产/建筑,33,-0.017613429759953513,0.5757575757575758
2021-06-08,工业/制造,11,-0.027025890975216994,0.5454545454545454
2021-06-08,新能源/汽车,1,-0.0470588235294116,1.0
2021-06-08,消费/零售,34,-0.02286070924685212,0.6470588235294118
2021-06-08,生物科技/医药,25,0.005060469141475487,0.68
2021-06-08,金融,4,-0.12383059418457648,0.5
2021-06-09,TMT/互联网,10,0.028310095892864227,0.5
2021-06-09,其他,12,-0.03326809433106203,0.4166666666666667
2021-06-09,地产/建筑,33,-0.017613429759953513,0.5757575757575758
2021-06-09,工业/制造,11,-0.027025890975216994,0.5454545454545454
2021-06-09,新能源/汽车,1,-0.0470588235294116,1.0
2021-06-09,消费/零售,34,-0.02286070924685212,0.6470588235294118
2021-06-09,生物科技/医药,25,0.005060469141475487,0.68
2021-06-09,金融,4,-0.12383059418457648,0.5
2021-06-10,TMT/互联网,10,0.028310095892864227,0.5
2021-06-10,其他,12,-0.03326809433106203,0.4166666666666667
2021-06-10,地产/建筑,33,-0.017613429759953513,0.5757575757575758
2021-06-10,工业/制造,11,-0.027025890975216994,0.5454545454545454
2021-06-10,新能源/汽车,1,-0.0470588235294116,1.0
2021-06-10,消费/零售,34,-0.02286070924685212,0.6470588235294118
2021-06-10,生物科技/医药,25,0.005060469141475487,0.68
2021-06-10,金融,4,-0.12383059418457648,0.5
2021-06-11,TMT/互联网,9,0.03396192776734287,0.4444444444444444
2021-06-11,其他,12,-0.03326809433106203,0.4166666666666667
2021-06-11,地产/建筑,33,-0.017613429759953513,0.5757575757575758
2021-06-11,工业/制造,11,-0.027025890975216994,0.5454545454545454
2021-06-11,新能源/汽车,1,-0.0470588235294116,1.0
2021-06-11,消费/零售,34,-0.02286070924685212,0.6470588235294118
2021-06-11,生物科技/医药,25,0.005060469141475487,0.68
2021-06-11,金融,4,-0.12383059418457648,0.5
2021-06-12,TMT/互联网,9,0.03396192776734287,0.4444444444444444
2021-06-12,其他,12,-0.03326809433106203,0.4166666666666667
2021-06-12,地产/建筑,33,-0.017613429759953513,0.5757575757575758
2021-06-12,工业/制造,11,-0.027025890975216994,0.5454545454545454
2021-06-12,新能源/汽车,1,-0.0470588235294116,1.0
2021-06-12,消费/零售,34,-0.02286070924685212,0.6470588235294118
2021-06-12,生物科技/医药,25,0.005060469141475487,0.68
2021-06-12,金融,4,-0.12383059418457648,0.5
2021-06-13,TMT/互联网,9,0.03396192776734287,0.4444444444444444
2021-06-13,其他,12,-0.03326809433106203,0.4166666666666667
2021-06-13,地产/建筑,33,-0.017613429759953513,0.5757575757575758
2021-06-13,工业/制造,11,-0.027025890975216994,0.5454545454545454
2021-06-13,新能源/汽车,1,-0.0470588235294116,1.0
2021-06-13,消费/零售,34,-0.02286070924685212,0.6470588235294118
2021-06-13,生物科技/医药,25,0.005060469141475487,0.68
2021-06-13,金融,4,-0.12383059418457648,0.5
2021-06-14,TMT/互联网,9,0.03396192776734287,0.4444444444444444
2021-06-14,其他,12,-0.03326809433106203,0.4166666666666667
2021-06-14,地产/建筑,33,-0.017613429759953513,0.5757575757575758
2021-06-14,工业/制造,11,-0.027025890975216994,0.5454545454545454
2021-06-14,新能源/汽车,1,-0.0470588235294116,1.0
2021-06-14,消费/零售,34,-0.02286070924685212,0.6470588235294118
2021-06-14,生物科技/医药,25,0.005060469141475487,0.68
2021-06-14,金融,4,-0.12383059418457648,0.5
2021-06-15,TMT/互联网,9,0.03396192776734287,0.4444444444444444
2021-06-15,其他,12,-0.03326809433106203,0.4166666666666667
2021-06-15,地产/建筑,33,-0.017613429759953513,0.5757575757575758
2021-06-15,工业/制造,11,-0.027025890975216994,0.5454545454545454
2021-06-15,新能源/汽车,1,-0.0470588235294116,1.0
2021-06-15,消费/零售,34,-0.02286070924685212,0.6470588235294118
2021-06-15,生物科技/医药,25,0.005060469141475487,0.68
2021-06-15,金融,4,-0.12383059418457648,0.5
2021-06-16,TMT/互联网,9,0.03396192776734287,0.4444444444444444
2021-06-16,其他,12,-0.03326809433106203,0.4166666666666667
2021-06-16,地产/建筑,33,-0.017613429759953513,0.5757575757575758
2021-06-16,工业/制造,11,-0.027025890975216994,0.5454545454545454
2021-06-16,新能源/汽车,1,-0.0470588235294116,1.0
2021-06-16,消费/零售,34,-0.02286070924685212,0.6470588235294118
2021-06-16,生物科技/医药,26,0.004961989559111046,0.6538461538461539
2021-06-16,金融,4,-0.12383059418457648,0.5
2021-06-17,TMT/互联网,9,0.03396192776734287,0.4444444444444444
2021-06-17,其他,12,-0.03326809433106203,0.4166666666666667
2021-06-17,地产/建筑,33,-0.017613429759953513,0.5757575757575758
2021-06-17,工业/制造,11,-0.027025890975216994,0.5454545454545454
2021-06-17,新能源/汽车,1,-0.0470588235294116,1.0
2021-06-17,消费/零售,34,-0.02286070924685212,0.6470588235294118
2021-06-17,生物科技/医药,26,0.004961989559111046,0.6538461538461539
2021-06-17,金融,4,-0.12383059418457648,0.5
2021-06-18,TMT/互联网,9,0.03396192776734287,0.4444444444444444
2021-06-18,其他,12,-0.03326809433106203,0.4166666666666667
2021-06-18,地产/建筑,33,-0.017613429759953513,0.5757575757575758
2021-06-18,工业/制造,11,-0.027025890975216994,0.5454545454545454
2021-06-18,新能源/汽车,1,-0.0470588235294116,1.0
2021-06-18,消费/零售,34,-0.022854242624811668,0.6470588235294118
2021-06-18,生物科技/医药,27,0.008817371475214345,0.6296296296296297
2021-06-18,金融,4,-0.12383059418457648,0.5
2021-06-19,TMT/互联网,9,0.03396192776734287,0.4444444444444444
2021-06-19,其他,12,-0.03326809433106203,0.4166666666666667
2021-06-19,地产/建筑,33,-0.017613429759953513,0.5757575757575758
2021-06-19,工业/制造,11,-0.027025890975216994,0.5454545454545454
2021-06-19,新能源/汽车,1,-0.0470588235294116,1.0
2021-06-19,消费/零售,34,-0.022854242624811668,0.6470588235294118
2021-06-19,生物科技/医药,27,0.008817371475214345,0.6296296296296297
2021-06-19,金融,4,-0.12383059418457648,0.5
2021-06-20,TMT/互联网,9,0.03396192776734287,0.4444444444444444
2021-06-20,其他,12,-0.03326809433106203,0.4166666666666667
2021-06-20,地产/建筑,33,-0.017613429759953513,0.5757575757575758
2021-06-20,工业/制造,11,-0.027025890975216994,0.5454545454545454
2021-06-20,新能源/汽车,1,-0.0470588235294116,1.0
2021-06-20,消费/零售,34,-0.022854242624811668,0.6470588235294118
2021-06-20,生物科技/医药,27,0.008817371475214345,0.6296296296296297
2021-06-20,金融,4,-0.12383059418457648,0.5
2021-06-21,TMT/互联网,9,0.03396192776734287,0.4444444444444444
2021-06-21,其他,12,-0.03326809433106203,0.4166666666666667
2021-06-21,地产/建筑,33,-0.017613429759953513,0.5757575757575758
2021-06-21,工业/制造,11,-0.027025890975216994,0.5454545454545454
2021-06-21,新能源/汽车,1,-0.0470588235294116,1.0
2021-06-21,消费/零售,34,-0.022854242624811668,0.6470588235294118
2021-06-21,生物科技/医药,27,0.008817371475214345,0.6296296296296297
2021-06-21,金融,4,-0.12383059418457648,0.5
2021-06-22,TMT/互联网,9,0.03396192776734287,0.4444444444444444
2021-06-22,其他,12,-0.03326809433106203,0.4166666666666667
2021-06-22,地产/建筑,33,-0.017613429759953513,0.5757575757575758
2021-06-22,工业/制造,11,-0.027025890975216994,0.5454545454545454
2021-06-22,新能源/汽车,1,-0.0470588235294116,1.0
2021-06-22,消费/零售,33,-0.013319522704351418,0.6363636363636364
2021-06-22,生物科技/医药,27,0.008817371475214345,0.6296296296296297
2021-06-22,金融,4,-0.12383059418457648,0.5
2021-06-23,TMT/互联网,9,0.03396192776734287,0.4444444444444444
2021-06-23,其他,12,-0.03326809433106203,0.4166666666666667
2021-06-23,地产/建筑,33,-0.017613429759953513,0.5757575757575758
2021-06-23,工业/制造,11,-0.027025890975216994,0.5454545454545454
2021-06-23,新能源/汽车,1,-0.0470588235294116,1.0
2021-06-23,消费/零售,33,-0.013319522704351418,0.6363636363636364
2021-06-23,生物科技/医药,27,0.008817371475214345,0.6296296296296297
2021-06-23,金融,4,-0.12383059418457648,0.5
2021-06-24,TMT/互联网,9,0.03396192776734287,0.4444444444444444
2021-06-24,其他,12,-0.03326809433106203,0.4166666666666667
2021-06-24,地产/建筑,33,-0.017613429759953513,0.5757575757575758
2021-06-24,工业/制造,11,-0.027025890975216994,0.5454545454545454
2021-06-24,新能源/汽车,1,-0.0470588235294116,1.0
2021-06-24,消费/零售,33,-0.013319522704351418,0.6363636363636364
2021-06-24,生物科技/医药,27,0.008817371475214345,0.6296296296296297
2021-06-24,金融,4,-0.12383059418457648,0.5
2021-06-25,TMT/互联网,9,0.03396192776734287,0.4444444444444444
2021-06-25,其他,12,-0.03326809433106203,0.4166666666666667
2021-06-25,地产/建筑,33,-0.017613429759953513,0.5757575757575758
2021-06-25,工业/制造,11,-0.027025890975216994,0.5454545454545454
2021-06-25,新能源/汽车,1,-0.0470588235294116,1.0
2021-06-25,消费/零售,33,-0.013319522704351418,0.6363636363636364
2021-06-25,生物科技/医药,27,0.008817371475214345,0.6296296296296297
2021-06-25,金融,4,-0.12383059418457648,0.5
2021-06-26,TMT/互联网,9,0.03396192776734287,0.4444444444444444
2021-06-26,其他,12,-0.03326809433106203,0.4166666666666667
2021-06-26,地产/建筑,33,-0.017613429759953513,0.5757575757575758
2021-06-26,工业/制造,11,-0.027025890975216994,0.5454545454545454
2021-06-26,新能源/汽车,1,-0.0470588235294116,1.0
2021-06-26,消费/零售,33,-0.013319522704351418,0.6363636363636364
2021-06-26,生物科技/医药,27,0.008817371475214345,0.6296296296296297
2021-06-26,金融,4,-0.12383059418457648,0.5
2021-06-27,TMT/互联网,9,0.03396192776734287,0.4444444444444444
2021-06-27,其他,12,-0.03326809433106203,0.4166666666666667
2021-06-27,地产/建筑,33,-0.017613429759953513,0.5757575757575758
2021-06-27,工业/制造,11,-0.027025890975216994,0.5454545454545454
2021-06-27,新能源/汽车,1,-0.0470588235294116,1.0
2021-06-27,消费/零售,33,-0.013319522704351418,0.6363636363636364
2021-06-27,生物科技/医药,27,0.008817371475214345,0.6296296296296297
2021-06-27,金融,4,-0.12383059418457648,0.5
2021-06-28,TMT/互联网,9,0.03396192776734287,0.4444444444444444
2021-06-28,其他,12,-0.03326809433106203,0.4166666666666667
2021-06-28,地产/建筑,34,-0.016605191629758802,0.5588235294117647
2021-06-28,工业/制造,12,0.04142250316519088,0.5
2021-06-28,新能源/汽车,1,-0.0470588235294116,1.0
2021-06-28,消费/零售,33,-0.013319522704351418,0.6363636363636364
2021-06-28,生物科技/医药,27,0.008817371475214345,0.6296296296296297
2021-06-28,金融,4,-0.12383059418457648,0.5
2021-06-29,TMT/互联网,9,0.03396192776734287,0.4444444444444444
2021-06-29,其他,11,-0.044257556549742894,0.45454545454545453
2021-06-29,地产/建筑,34,-0.016605191629758802,0.5588235294117647
2021-06-29,工业/制造,12,0.04142250316519088,0.5
2021-06-29,新能源/汽车,1,-0.0470588235294116,1.0
2021-06-29,消费/零售,33,-0.013319522704351418,0.6363636363636364
2021-06-29,生物科技/医药,26,0.0037583904860694233,0.6538461538461539
2021-06-29,金融,4,-0.12383059418457648,0.5
2021-06-30,TMT/互联网,9,0.03396192776734287,0.4444444444444444
2021-06-30,其他,11,-0.044257556549742894,0.45454545454545453
2021-06-30,地产/建筑,34,-0.016605191629758802,0.5588235294117647
2021-06-30,工业/制造,12,0.04142250316519088,0.5
2021-06-30,新能源/汽车,1,-0.0470588235294116,1.0
2021-06-30,消费/零售,34,-0.01564126464464824,0.6470588235294118
2021-06-30,生物科技/医药,27,0.010032218652243248,0.6296296296296297
2021-06-30,金融,4,-0.12383059418457648,0.5
2021-07-01,TMT/互联网,9,0.03396192776734287,0.4444444444444444
2021-07-01,其他,11,-0.044257556549742894,0.45454545454545453
2021-07-01,地产/建筑,34,-0.016605191629758802,0.5588235294117647
2021-07-01,工业/制造,12,0.04142250316519088,0.5
2021-07-01,新能源/汽车,1,-0.0470588235294116,1.0
2021-07-01,消费/零售,34,-0.01564126464464824,0.6470588235294118
2021-07-01,生物科技/医药,27,0.010032218652243248,0.6296296296296297
2021-07-01,金融,4,-0.12383059418457648,0.5
2021-07-02,TMT/互联网,9,0.03396192776734287,0.4444444444444444
2021-07-02,其他,11,-0.044257556549742894,0.45454545454545453
2021-07-02,地产/建筑,35,-0.014705935685931424,0.5428571428571428
2021-07-02,工业/制造,12,0.04142250316519088,0.5
2021-07-02,新能源/汽车,1,-0.0470588235294116,1.0
2021-07-02,消费/零售,34,-0.01564126464464824,0.6470588235294118
2021-07-02,生物科技/医药,27,0.010032218652243248,0.6296296296296297
2021-07-02,金融,4,-0.12383059418457648,0.5
2021-07-03,TMT/互联网,9,0.03396192776734287,0.4444444444444444
2021-07-03,其他,11,-0.044257556549742894,0.45454545454545453
2021-07-03,地产/建筑,35,-0.014705935685931424,0.5428571428571428
2021-07-03,工业/制造,12,0.04142250316519088,0.5
2021-07-03,新能源/汽车,1,-0.0470588235294116,1.0
2021-07-03,消费/零售,33,-0.002054636300546666,0.6363636363636364
2021-07-03,生物科技/医药,27,0.010032218652243248,0.6296296296296297
2021-07-03,金融,4,-0.12383059418457648,0.5
2021-07-04,TMT/互联网,9,0.03396192776734287,0.4444444444444444
2021-07-04,其他,11,-0.044257556549742894,0.45454545454545453
2021-07-04,地产/建筑,35,-0.014705935685931424,0.5428571428571428
2021-07-04,工业/制造,12,0.04142250316519088,0.5
2021-07-04,新能源/汽车,1,-0.0470588235294116,1.0
2021-07-04,消费/零售,33,-0.002054636300546666,0.6363636363636364
2021-07-04,生物科技/医药,27,0.010032218652243248,0.6296296296296297
2021-07-04,金融,4,-0.12383059418457648,0.5
2021-07-05,TMT/互联网,9,0.03396192776734287,0.4444444444444444
2021-07-05,其他,11,-0.044257556549742894,0.45454545454545453
2021-07-05,地产/建筑,35,-0.014705935685931424,0.5428571428571428
2021-07-05,工业/制造,12,0.04142250316519088,0.5
2021-07-05,新能源/汽车,1,-0.0470588235294116,1.0
2021-07-05,消费/零售,33,-0.002054636300546666,0.6363636363636364
2021-07-05,生物科技/医药,28,0.012920678375702094,0.6071428571428571
2021-07-05,金融,4,-0.12383059418457648,0.5
2021-07-06,TMT/互联网,9,0.03396192776734287,0.4444444444444444
2021-07-06,其他,11,-0.044257556549742894,0.45454545454545453
2021-07-06,地产/建筑,34,-0.015644472061260854,0.5588235294117647
2021-07-06,工业/制造,12,0.04142250316519088,0.5
2021-07-06,新能源/汽车,1,-0.0470588235294116,1.0
2021-07-06,消费/零售,33,-0.002054636300546666,0.6363636363636364
2021-07-06,生物科技/医药,28,0.012920678375702094,0.6071428571428571
2021-07-06,金融,4,-0.12383059418457648,0.5
2021-07-07,TMT/互联网,9,0.03396192776734287,0.4444444444444444
2021-07-07,其他,11,-0.044257556549742894,0.45454545454545453
2021-07-07,地产/建筑,33,-0.013137921040762545,0.5454545454545454
2021-07-07,工业/制造,12,0.04142250316519088,0.5
2021-07-07,新能源/汽车,1,-0.0470588235294116,1.0
2021-07-07,消费/零售,34,-0.0025194159051524336,0.6470588235294118
2021-07-07,生物科技/医药,29,0.0238609542677566,0.5862068965517241
2021-07-07,金融,4,-0.12383059418457648,0.5
2021-07-08,TMT/互联网,9,0.03396192776734287,0.4444444444444444
2021-07-08,其他,11,-0.044257556549742894,0.45454545454545453
2021-07-08,地产/建筑,34,-0.020104452774857763,0.5588235294117647
2021-07-08,工业/制造,12,0.04142250316519088,0.5
2021-07-08,新能源/汽车,1,-0.0470588235294116,1.0
2021-07-08,消费/零售,33,0.0036738306348168236,0.6363636363636364
2021-07-08,生物科技/医药,29,0.020934465182938223,0.5862068965517241
2021-07-08,金融,4,-0.12383059418457648,0.5
2021-07-09,TMT/互联网,9,0.03396192776734287,0.4444444444444444
2021-07-09,其他,11,-0.044257556549742894,0.45454545454545453
2021-07-09,地产/建筑,34,-0.020104452774857763,0.5588235294117647
2021-07-09,工业/制造,12,0.04142250316519088,0.5
2021-07-09,新能源/汽车,1,-0.0470588235294116,1.0
2021-07-09,消费/零售,34,-0.004776690629134978,0.6470588235294118
2021-07-09,生物科技/医药,29,0.020934465182938223,0.5862068965517241
2021-07-09,金融,4,-0.12383059418457648,0.5
2021-07-10,TMT/互联网,9,0.03396192776734287,0.4444444444444444
2021-07-10,其他,11,-0.044257556549742894,0.45454545454545453
2021-07-10,地产/建筑,32,-0.03319468322407447,0.59375
2021-07-10,工业/制造,11,0.04642785469260493,0.45454545454545453
2021-07-10,新能源/汽车,1,-0.0470588235294116,1.0
2021-07-10,消费/零售,32,-0.009018686174408298,0.6875
2021-07-10,生物科技/医药,27,0.02190409234922681,0.5925925925925926
2021-07-10,金融,4,-0.12383059418457648,0.5
2021-07-11,TMT/互联网,9,0.03396192776734287,0.4444444444444444
2021-07-11,其他,11,-0.044257556549742894,0.45454545454545453
2021-07-11,地产/建筑,32,-0.03319468322407447,0.59375
2021-07-11,工业/制造,11,0.04642785469260493,0.45454545454545453
2021-07-11,新能源/汽车,1,-0.0470588235294116,1.0
2021-07-11,消费/零售,32,-0.009018686174408298,0.6875
2021-07-11,生物科技/医药,27,0.02190409234922681,0.5925925925925926
2021-07-11,金融,4,-0.12383059418457648,0.5
2021-07-12,TMT/互联网,9,0.03396192776734287,0.4444444444444444
2021-07-12,其他,11,-0.044257556549742894,0.45454545454545453
2021-07-12,地产/建筑,33,-0.038074564618216726,0.6060606060606061
2021-07-12,工业/制造,11,0.04642785469260493,0.45454545454545453
2021-07-12,新能源/汽车,1,-0.0470588235294116,1.0
2021-07-12,消费/零售,33,-0.016631123943958295,0.696969696969697
2021-07-12,生物科技/医药,27,0.02190409234922681,0.5925925925925926
2021-07-12,金融,4,-0.12383059418457648,0.5
2021-07-13,TMT/互联网,9,0.03396192776734287,0.4444444444444444
2021-07-13,其他,11,-0.044257556549742894,0.45454545454545453
2021-07-13,地产/建筑,33,-0.038074564618216726,0.6060606060606061
2021-07-13,工业/制造,10,0.03591912501035028,0.5
2021-07-13,新能源/汽车,1,-0.0470588235294116,1.0
2021-07-13,消费/零售,34,-0.01877889007542402,0.7058823529411765
2021-07-13,生物科技/医药,27,0.027150784044516634,0.5555555555555556
2021-07-13,金融,4,-0.12383059418457648,0.5
2021-07-14,TMT/互联网,9,0.03396192776734287,0.4444444444444444
2021-07-14,其他,11,-0.044257556549742894,0.45454545454545453
2021-07-14,地产/建筑,33,-0.038074564618216726,0.6060606060606061
2021-07-14,工业/制造,10,0.03591912501035028,0.5
2021-07-14,新能源/汽车,1,-0.0470588235294116,1.0
2021-07-14,消费/零售,34,-0.01877889007542402,0.7058823529411765
2021-07-14,生物科技/医药,27,0.027150784044516634,0.5555555555555556
2021-07-14,金融,4,-0.12383059418457648,0.5
2021-07-15,TMT/互联网,7,0.02001587591695585,0.42857142857142855
2021-07-15,其他,11,-0.044257556549742894,0.45454545454545453
2021-07-15,地产/建筑,33,-0.03799745767088078,0.5757575757575758
2021-07-15,工业/制造,9,0.08620643519668551,0.4444444444444444
2021-07-15,新能源/汽车,1,-0.0470588235294116,1.0
2021-07-15,消费/零售,33,-0.02480460552977807,0.7272727272727273
2021-07-15,生物科技/医药,28,0.02877626889512646,0.5357142857142857
2021-07-15,金融,4,-0.12383059418457648,0.5
2021-07-16,TMT/互联网,7,0.02001587591695585,0.42857142857142855
2021-07-16,其他,10,-0.009239674376601904,0.3
2021-07-16,地产/建筑,34,-0.03719957848107226,0.5882352941176471
2021-07-16,工业/制造,10,0.06782969411604137,0.5
2021-07-16,新能源/汽车,1,-0.0470588235294116,1.0
2021-07-16,消费/零售,34,-0.02049915986382983,0.7058823529411765
2021-07-16,生物科技/医药,29,0.025174858875401697,0.5517241379310345
2021-07-16,金融,3,-0.16510745891276865,0.6666666666666666
2021-07-17,TMT/互联网,7,0.02001587591695585,0.42857142857142855
2021-07-17,其他,10,-0.009239674376601904,0.3
2021-07-17,地产/建筑,33,-0.038326838435044155,0.6060606060606061
2021-07-17,工业/制造,10,0.06782969411604137,0.5
2021-07-17,新能源/汽车,1,-0.0470588235294116,1.0
2021-07-17,消费/零售,34,-0.02049915986382983,0.7058823529411765
2021-07-17,生物科技/医药,29,0.025174858875401697,0.5517241379310345
2021-07-17,金融,3,-0.16510745891276865,0.6666666666666666
2021-07-18,TMT/互联网,7,0.02001587591695585,0.42857142857142855
2021-07-18,其他,10,-0.009239674376601904,0.3
2021-07-18,地产/建筑,33,-0.038326838435044155,0.6060606060606061
2021-07-18,工业/制造,10,0.06782969411604137,0.5
2021-07-18,新能源/汽车,1,-0.0470588235294116,1.0
2021-07-18,消费/零售,34,-0.02049915986382983,0.7058823529411765
2021-07-18,生物科技/医药,29,0.025174858875401697,0.5517241379310345
2021-07-18,金融,3,-0.16510745891276865,0.6666666666666666
2021-07-19,TMT/互联网,7,0.02001587591695585,0.42857142857142855
2021-07-19,其他,10,-0.009239674376601904,0.3
2021-07-19,地产/建筑,34,-0.037261367902723275,0.6176470588235294
2021-07-19,工业/制造,10,0.06782969411604137,0.5
2021-07-19,新能源/汽车,1,-0.0470588235294116,1.0
2021-07-19,消费/零售,34,-0.02049915986382983,0.7058823529411765
2021-07-19,生物科技/医药,29,0.025174858875401697,0.5517241379310345
2021-07-19,金融,3,-0.16510745891276865,0.6666666666666666
2021-07-20,TMT/互联网,7,0.02001587591695585,0.42857142857142855
2021-07-20,其他,10,-0.009239674376601904,0.3
2021-07-20,地产/建筑,34,-0.037261367902723275,0.6176470588235294
2021-07-20,工业/制造,10,0.06782969411604137,0.5
2021-07-20,新能源/汽车,1,-0.0470588235294116,1.0
2021-07-20,消费/零售,34,-0.02049915986382983,0.7058823529411765
2021-07-20,生物科技/医药,29,0.025174858875401697,0.5517241379310345
2021-07-20,金融,3,-0.16510745891276865,0.6666666666666666
2021-07-21,TMT/互联网,7,0.02001587591695585,0.42857142857142855
2021-07-21,其他,10,-0.009239674376601904,0.3
2021-07-21,地产/建筑,34,-0.037261367902723275,0.6176470588235294
2021-07-21,工业/制造,10,0.06782969411604137,0.5
2021-07-21,新能源/汽车,1,-0.0470588235294116,1.0
2021-07-21,消费/零售,34,-0.02049915986382983,0.7058823529411765
2021-07-21,生物科技/医药,29,0.025174858875401697,0.5517241379310345
2021-07-21,金融,3,-0.16510745891276865,0.6666666666666666
2021-07-22,TMT/互联网,7,0.02001587591695585,0.42857142857142855
2021-07-22,其他,10,-0.009239674376601904,0.3
2021-07-22,地产/建筑,34,-0.037261367902723275,0.6176470588235294
2021-07-22,工业/制造,10,0.06782969411604137,0.5
2021-07-22,新能源/汽车,1,-0.0470588235294116,1.0
2021-07-22,消费/零售,34,-0.02049915986382983,0.7058823529411765
2021-07-22,生物科技/医药,29,0.025174858875401697,0.5517241379310345
2021-07-22,金融,3,-0.16510745891276865,0.6666666666666666
2021-07-23,TMT/互联网,7,0.02001587591695585,0.42857142857142855
2021-07-23,其他,10,-0.009239674376601904,0.3
2021-07-23,地产/建筑,34,-0.037261367902723275,0.6176470588235294
2021-07-23,工业/制造,10,0.06782969411604137,0.5
2021-07-23,新能源/汽车,1,-0.0470588235294116,1.0
2021-07-23,消费/零售,34,-0.02049915986382983,0.7058823529411765
2021-07-23,生物科技/医药,29,0.025174858875401697,0.5517241379310345
2021-07-23,金融,3,-0.16510745891276865,0.6666666666666666
2021-07-24,TMT/互联网,7,0.02001587591695585,0.42857142857142855
2021-07-24,其他,10,-0.009239674376601904,0.3
2021-07-24,地产/建筑,34,-0.037261367902723275,0.6176470588235294
2021-07-24,工业/制造,10,0.06782969411604137,0.5
2021-07-24,新能源/汽车,1,-0.0470588235294116,1.0
2021-07-24,消费/零售,34,-0.02049915986382983,0.7058823529411765
2021-07-24,生物科技/医药,29,0.025174858875401697,0.5517241379310345
2021-07-24,金融,3,-0.16510745891276865,0.6666666666666666
2021-07-25,TMT/互联网,7,0.02001587591695585,0.42857142857142855
2021-07-25,其他,10,-0.009239674376601904,0.3
2021-07-25,地产/建筑,34,-0.037261367902723275,0.6176470588235294
2021-07-25,工业/制造,10,0.06782969411604137,0.5
2021-07-25,新能源/汽车,1,-0.0470588235294116,1.0
2021-07-25,消费/零售,34,-0.02049915986382983,0.7058823529411765
2021-07-25,生物科技/医药,29,0.025174858875401697,0.5517241379310345
2021-07-25,金融,3,-0.16510745891276865,0.6666666666666666
2021-07-26,TMT/互联网,7,0.02001587591695585,0.42857142857142855
2021-07-26,其他,10,-0.009239674376601904,0.3
2021-07-26,地产/建筑,34,-0.037261367902723275,0.6176470588235294
2021-07-26,工业/制造,10,0.06782969411604137,0.5
2021-07-26,新能源/汽车,1,-0.0470588235294116,1.0
2021-07-26,消费/零售,34,-0.02049915986382983,0.7058823529411765
2021-07-26,生物科技/医药,29,0.025174858875401697,0.5517241379310345
2021-07-26,金融,3,-0.16510745891276865,0.6666666666666666
2021-07-27,TMT/互联网,7,0.02001587591695585,0.42857142857142855
2021-07-27,其他,10,-0.009239674376601904,0.3
2021-07-27,地产/建筑,34,-0.037261367902723275,0.6176470588235294
2021-07-27,工业/制造,10,0.06782969411604137,0.5
2021-07-27,新能源/汽车,1,-0.0470588235294116,1.0
2021-07-27,消费/零售,34,-0.02049915986382983,0.7058823529411765
2021-07-27,生物科技/医药,29,0.025174858875401697,0.5517241379310345
2021-07-27,金融,3,-0.16510745891276865,0.6666666666666666
2021-07-28,TMT/互联网,7,0.02001587591695585,0.42857142857142855
2021-07-28,其他,10,-0.009239674376601904,0.3
2021-07-28,地产/建筑,34,-0.037261367902723275,0.6176470588235294
2021-07-28,工业/制造,10,0.06782969411604137,0.5
2021-07-28,新能源/汽车,1,-0.0470588235294116,1.0
2021-07-28,消费/零售,34,-0.02049915986382983,0.7058823529411765
2021-07-28,生物科技/医药,29,0.025174858875401697,0.5517241379310345
2021-07-28,金融,3,-0.16510745891276865,0.6666666666666666
2021-07-29,TMT/互联网,7,0.02001587591695585,0.42857142857142855
2021-07-29,其他,10,-0.009239674376601904,0.3
2021-07-29,地产/建筑,34,-0.037261367902723275,0.6176470588235294
2021-07-29,工业/制造,10,0.06782969411604137,0.5
2021-07-29,新能源/汽车,1,-0.0470588235294116,1.0
2021-07-29,消费/零售,34,-0.02049915986382983,0.7058823529411765
2021-07-29,生物科技/医药,29,0.025174858875401697,0.5517241379310345
2021-07-29,金融,3,-0.16510745891276865,0.6666666666666666
2021-07-30,TMT/互联网,7,0.02001587591695585,0.42857142857142855
2021-07-30,其他,10,-0.009239674376601904,0.3
2021-07-30,地产/建筑,34,-0.037261367902723275,0.6176470588235294
2021-07-30,工业/制造,10,0.06782969411604137,0.5
2021-07-30,新能源/汽车,1,-0.0470588235294116,1.0
2021-07-30,消费/零售,34,-0.02049915986382983,0.7058823529411765
2021-07-30,生物科技/医药,29,0.025174858875401697,0.5517241379310345
2021-07-30,金融,3,-0.16510745891276865,0.6666666666666666
2021-07-31,TMT/互联网,7,0.02001587591695585,0.42857142857142855
2021-07-31,其他,10,-0.009239674376601904,0.3
2021-07-31,地产/建筑,34,-0.037261367902723275,0.6176470588235294
2021-07-31,工业/制造,10,0.06782969411604137,0.5
2021-07-31,新能源/汽车,1,-0.0470588235294116,1.0
2021-07-31,消费/零售,34,-0.02049915986382983,0.7058823529411765
2021-07-31,生物科技/医药,29,0.025174858875401697,0.5517241379310345
2021-07-31,金融,3,-0.16510745891276865,0.6666666666666666
2021-08-01,TMT/互联网,7,0.02001587591695585,0.42857142857142855
2021-08-01,其他,10,-0.009239674376601904,0.3
2021-08-01,地产/建筑,34,-0.037261367902723275,0.6176470588235294
2021-08-01,工业/制造,10,0.06782969411604137,0.5
2021-08-01,新能源/汽车,1,-0.0470588235294116,1.0
2021-08-01,消费/零售,34,-0.02049915986382983,0.7058823529411765
2021-08-01,生物科技/医药,29,0.025174858875401697,0.5517241379310345
2021-08-01,金融,3,-0.16510745891276865,0.6666666666666666
2021-08-02,TMT/互联网,7,0.02001587591695585,0.42857142857142855
2021-08-02,其他,10,-0.009239674376601904,0.3
2021-08-02,地产/建筑,34,-0.037261367902723275,0.6176470588235294
2021-08-02,工业/制造,10,0.06782969411604137,0.5
2021-08-02,新能源/汽车,1,-0.0470588235294116,1.0
2021-08-02,消费/零售,34,-0.02049915986382983,0.7058823529411765
2021-08-02,生物科技/医药,29,0.025174858875401697,0.5517241379310345
2021-08-02,金融,3,-0.16510745891276865,0.6666666666666666
2021-08-03,TMT/互联网,7,0.02001587591695585,0.42857142857142855
2021-08-03,其他,10,-0.009239674376601904,0.3
2021-08-03,地产/建筑,34,-0.037261367902723275,0.6176470588235294
2021-08-03,工业/制造,10,0.06782969411604137,0.5
2021-08-03,新能源/汽车,1,-0.0470588235294116,1.0
2021-08-03,消费/零售,34,-0.02049915986382983,0.7058823529411765
2021-08-03,生物科技/医药,29,0.025174858875401697,0.5517241379310345
2021-08-03,金融,3,-0.16510745891276865,0.6666666666666666
2021-08-04,TMT/互联网,7,0.02001587591695585,0.42857142857142855
2021-08-04,其他,10,-0.009239674376601904,0.3
2021-08-04,地产/建筑,34,-0.037261367902723275,0.6176470588235294
2021-08-04,工业/制造,10,0.06782969411604137,0.5
2021-08-04,新能源/汽车,1,-0.0470588235294116,1.0
2021-08-04,消费/零售,34,-0.02049915986382983,0.7058823529411765
2021-08-04,生物科技/医药,29,0.025174858875401697,0.5517241379310345
2021-08-04,金融,3,-0.16510745891276865,0.6666666666666666
2021-08-05,TMT/互联网,7,0.02001587591695585,0.42857142857142855
2021-08-05,其他,10,-0.009239674376601904,0.3
2021-08-05,地产/建筑,34,-0.037261367902723275,0.6176470588235294
2021-08-05,工业/制造,10,0.06782969411604137,0.5
2021-08-05,新能源/汽车,1,-0.0470588235294116,1.0
2021-08-05,消费/零售,34,-0.02049915986382983,0.7058823529411765
2021-08-05,生物科技/医药,29,0.025174858875401697,0.5517241379310345
2021-08-05,金融,3,-0.16510745891276865,0.6666666666666666
2021-08-06,TMT/互联网,7,0.02001587591695585,0.42857142857142855
2021-08-06,其他,10,-0.009239674376601904,0.3
2021-08-06,地产/建筑,34,-0.037261367902723275,0.6176470588235294
2021-08-06,工业/制造,10,0.06782969411604137,0.5
2021-08-06,新能源/汽车,1,-0.0470588235294116,1.0
2021-08-06,消费/零售,33,-0.01913075362768632,0.696969696969697
2021-08-06,生物科技/医药,29,0.025174858875401697,0.5517241379310345
2021-08-06,金融,3,-0.16510745891276865,0.6666666666666666
2021-08-07,TMT/互联网,7,0.02001587591695585,0.42857142857142855
2021-08-07,其他,10,-0.009239674376601904,0.3
2021-08-07,地产/建筑,34,-0.037261367902723275,0.6176470588235294
2021-08-07,工业/制造,10,0.06782969411604137,0.5
2021-08-07,新能源/汽车,1,-0.0470588235294116,1.0
2021-08-07,消费/零售,33,-0.01913075362768632,0.696969696969697
2021-08-07,生物科技/医药,28,0.0277846452518041,0.5357142857142857
2021-08-07,金融,3,-0.16510745891276865,0.6666666666666666
2021-08-08,TMT/互联网,7,0.02001587591695585,0.42857142857142855
2021-08-08,其他,10,-0.009239674376601904,0.3
2021-08-08,地产/建筑,34,-0.037261367902723275,0.6176470588235294
2021-08-08,工业/制造,10,0.06782969411604137,0.5
2021-08-08,新能源/汽车,1,-0.0470588235294116,1.0
2021-08-08,消费/零售,33,-0.01913075362768632,0.696969696969697
2021-08-08,生物科技/医药,28,0.0277846452518041,0.5357142857142857
2021-08-08,金融,3,-0.16510745891276865,0.6666666666666666
2021-08-09,TMT/互联网,7,0.02001587591695585,0.42857142857142855
2021-08-09,其他,10,-0.009239674376601904,0.3
2021-08-09,地产/建筑,34,-0.037261367902723275,0.6176470588235294
2021-08-09,工业/制造,10,0.06782969411604137,0.5
2021-08-09,新能源/汽车,1,-0.0470588235294116,1.0
2021-08-09,消费/零售,33,-0.01913075362768632,0.696969696969697
2021-08-09,生物科技/医药,28,0.0277846452518041,0.5357142857142857
2021-08-09,金融,3,-0.16510745891276865,0.6666666666666666
2021-08-10,TMT/互联网,7,0.02001587591695585,0.42857142857142855
2021-08-10,其他,10,-0.009239674376601904,0.3
2021-08-10,地产/建筑,34,-0.037261367902723275,0.6176470588235294
2021-08-10,工业/制造,10,0.06782969411604137,0.5
2021-08-10,新能源/汽车,1,-0.0470588235294116,1.0
2021-08-10,消费/零售,33,-0.01913075362768632,0.696969696969697
2021-08-10,生物科技/医药,28,0.0277846452518041,0.5357142857142857
2021-08-10,金融,3,-0.16510745891276865,0.6666666666666666
2021-08-11,TMT/互联网,7,0.02001587591695585,0.42857142857142855
2021-08-11,其他,10,-0.009239674376601904,0.3
2021-08-11,地产/建筑,34,-0.037261367902723275,0.6176470588235294
2021-08-11,工业/制造,10,0.06782969411604137,0.5
2021-08-11,新能源/汽车,1,-0.0470588235294116,1.0
2021-08-11,消费/零售,33,-0.01913075362768632,0.696969696969697
2021-08-11,生物科技/医药,28,0.0277846452518041,0.5357142857142857
2021-08-11,金融,3,-0.16510745891276865,0.6666666666666666
2021-08-12,TMT/互联网,7,0.02001587591695585,0.42857142857142855
2021-08-12,其他,10,-0.009239674376601904,0.3
2021-08-12,地产/建筑,34,-0.037261367902723275,0.6176470588235294
2021-08-12,工业/制造,10,0.06782969411604137,0.5
2021-08-12,新能源/汽车,1,-0.0470588235294116,1.0
2021-08-12,消费/零售,34,-0.018817336646612795,0.7058823529411765
2021-08-12,生物科技/医药,28,0.0277846452518041,0.5357142857142857
2021-08-12,金融,3,-0.16510745891276865,0.6666666666666666
2021-08-13,TMT/互联网,7,0.02001587591695585,0.42857142857142855
2021-08-13,其他,10,-0.009239674376601904,0.3
2021-08-13,地产/建筑,34,-0.037261367902723275,0.6176470588235294
2021-08-13,工业/制造,10,0.06782969411604137,0.5
2021-08-13,新能源/汽车,1,-0.0470588235294116,1.0
2021-08-13,消费/零售,34,-0.018817336646612795,0.7058823529411765
2021-08-13,生物科技/医药,28,0.0277846452518041,0.5357142857142857
2021-08-13,金融,3,-0.16510745891276865,0.6666666666666666
2021-08-14,TMT/互联网,7,0.02001587591695585,0.42857142857142855
2021-08-14,其他,10,-0.009239674376601904,0.3
2021-08-14,地产/建筑,33,-0.04153886704814228,0.6363636363636364
2021-08-14,工业/制造,10,0.06782969411604137,0.5
2021-08-14,新能源/汽车,1,-0.0470588235294116,1.0
2021-08-14,消费/零售,34,-0.018817336646612795,0.7058823529411765
2021-08-14,生物科技/医药,28,0.0277846452518041,0.5357142857142857
2021-08-14,金融,3,-0.16510745891276865,0.6666666666666666
2021-08-15,TMT/互联网,7,0.02001587591695585,0.42857142857142855
2021-08-15,其他,10,-0.009239674376601904,0.3
2021-08-15,地产/建筑,33,-0.04153886704814228,0.6363636363636364
2021-08-15,工业/制造,10,0.06782969411604137,0.5
2021-08-15,新能源/汽车,1,-0.0470588235294116,1.0
2021-08-15,消费/零售,34,-0.018817336646612795,0.7058823529411765
2021-08-15,生物科技/医药,28,0.0277846452518041,0.5357142857142857
2021-08-15,金融,3,-0.16510745891276865,0.6666666666666666
2021-08-16,TMT/互联网,7,0.02001587591695585,0.42857142857142855
2021-08-16,其他,10,-0.009239674376601904,0.3
2021-08-16,地产/建筑,33,-0.04153886704814228,0.6363636363636364
2021-08-16,工业/制造,10,0.06782969411604137,0.5
2021-08-16,新能源/汽车,1,-0.0470588235294116,1.0
2021-08-16,消费/零售,34,-0.018817336646612795,0.7058823529411765
2021-08-16,生物科技/医药,28,0.0277846452518041,0.5357142857142857
2021-08-16,金融,3,-0.16510745891276865,0.6666666666666666
2021-08-17,TMT/互联网,7,0.02001587591695585,0.42857142857142855
2021-08-17,其他,10,-0.009239674376601904,0.3
2021-08-17,地产/建筑,33,-0.04153886704814228,0.6363636363636364
2021-08-17,工业/制造,10,0.06782969411604137,0.5
2021-08-17,新能源/汽车,1,-0.0470588235294116,1.0
2021-08-17,消费/零售,34,-0.018817336646612795,0.7058823529411765
2021-08-17,生物科技/医药,28,0.0277846452518041,0.5357142857142857
2021-08-17,金融,3,-0.16510745891276865,0.6666666666666666
2021-08-18,TMT/互联网,7,0.02001587591695585,0.42857142857142855
2021-08-18,其他,10,-0.009239674376601904,0.3
2021-08-18,地产/建筑,33,-0.04153886704814228,0.6363636363636364
2021-08-18,工业/制造,10,0.06782969411604137,0.5
2021-08-18,新能源/汽车,1,-0.0470588235294116,1.0
2021-08-18,消费/零售,34,-0.018817336646612795,0.7058823529411765
2021-08-18,生物科技/医药,28,0.0277846452518041,0.5357142857142857
2021-08-18,金融,3,-0.16510745891276865,0.6666666666666666
2021-08-19,TMT/互联网,7,0.02001587591695585,0.42857142857142855
2021-08-19,其他,10,-0.009239674376601904,0.3
2021-08-19,地产/建筑,33,-0.04153886704814228,0.6363636363636364
2021-08-19,工业/制造,10,0.06782969411604137,0.5
2021-08-19,新能源/汽车,1,-0.0470588235294116,1.0
2021-08-19,消费/零售,34,-0.018817336646612795,0.7058823529411765
2021-08-19,生物科技/医药,28,0.0277846452518041,0.5357142857142857
2021-08-19,金融,3,-0.16510745891276865,0.6666666666666666
2021-08-20,TMT/互联网,7,0.02001587591695585,0.42857142857142855
2021-08-20,其他,10,-0.009239674376601904,0.3
2021-08-20,地产/建筑,33,-0.04153886704814228,0.6363636363636364
2021-08-20,工业/制造,10,0.06782969411604137,0.5
2021-08-20,新能源/汽车,1,-0.0470588235294116,1.0
2021-08-20,消费/零售,34,-0.018817336646612795,0.7058823529411765
2021-08-20,生物科技/医药,29,0.02384716554350217,0.5517241379310345
2021-08-20,金融,3,-0.16510745891276865,0.6666666666666666
2021-08-21,TMT/互联网,7,0.02001587591695585,0.42857142857142855
2021-08-21,其他,10,-0.009239674376601904,0.3
2021-08-21,地产/建筑,33,-0.04153886704814228,0.6363636363636364
2021-08-21,工业/制造,10,0.06782969411604137,0.5
2021-08-21,新能源/汽车,1,-0.0470588235294116,1.0
2021-08-21,消费/零售,34,-0.018817336646612795,0.7058823529411765
2021-08-21,生物科技/医药,29,0.02384716554350217,0.5517241379310345
2021-08-21,金融,3,-0.16510745891276865,0.6666666666666666
2021-08-22,TMT/互联网,7,0.02001587591695585,0.42857142857142855
2021-08-22,其他,10,-0.009239674376601904,0.3
2021-08-22,地产/建筑,33,-0.04153886704814228,0.6363636363636364
2021-08-22,工业/制造,10,0.06782969411604137,0.5
2021-08-22,新能源/汽车,1,-0.0470588235294116,1.0
2021-08-22,消费/零售,34,-0.018817336646612795,0.7058823529411765
2021-08-22,生物科技/医药,29,0.02384716554350217,0.5517241379310345
2021-08-22,金融,3,-0.16510745891276865,0.6666666666666666
2021-08-23,TMT/互联网,7,0.02001587591695585,0.42857142857142855
2021-08-23,其他,10,-0.009239674376601904,0.3
2021-08-23,地产/建筑,33,-0.04153886704814228,0.6363636363636364
2021-08-23,工业/制造,10,0.06782969411604137,0.5
2021-08-23,新能源/汽车,1,-0.0470588235294116,1.0
2021-08-23,消费/零售,34,-0.018817336646612795,0.7058823529411765
2021-08-23,生物科技/医药,29,0.02384716554350217,0.5517241379310345
2021-08-23,金融,4,-0.11616088139084278,0.5
2021-08-24,TMT/互联网,7,0.02001587591695585,0.42857142857142855
2021-08-24,其他,10,-0.009239674376601904,0.3
2021-08-24,地产/建筑,33,-0.04153886704814228,0.6363636363636364
2021-08-24,工业/制造,10,0.06782969411604137,0.5
2021-08-24,新能源/汽车,1,-0.0470588235294116,1.0
2021-08-24,消费/零售,34,-0.018817336646612795,0.7058823529411765
2021-08-24,生物科技/医药,30,0.021742216357263165,0.5666666666666667
2021-08-24,金融,4,-0.11616088139084278,0.5
2021-08-25,TMT/互联网,7,0.02001587591695585,0.42857142857142855
2021-08-25,其他,10,-0.009239674376601904,0.3
2021-08-25,地产/建筑,33,-0.04153886704814228,0.6363636363636364
2021-08-25,工业/制造,10,0.06782969411604137,0.5
2021-08-25,新能源/汽车,1,-0.0470588235294116,1.0
2021-08-25,消费/零售,34,-0.018817336646612795,0.7058823529411765
2021-08-25,生物科技/医药,30,0.021742216357263165,0.5666666666666667
2021-08-25,金融,4,-0.11616088139084278,0.5
2021-08-26,TMT/互联网,7,0.02001587591695585,0.42857142857142855
2021-08-26,其他,10,-0.009239674376601904,0.3
2021-08-26,地产/建筑,33,-0.04153886704814228,0.6363636363636364
2021-08-26,工业/制造,10,0.06782969411604137,0.5
2021-08-26,新能源/汽车,1,-0.0470588235294116,1.0
2021-08-26,消费/零售,34,-0.018817336646612795,0.7058823529411765
2021-08-26,生物科技/医药,30,0.021742216357263165,0.5666666666666667
2021-08-26,金融,4,-0.11616088139084278,0.5
2021-08-27,TMT/互联网,7,0.02001587591695585,0.42857142857142855
2021-08-27,其他,10,-0.009239674376601904,0.3
2021-08-27,地产/建筑,33,-0.04153886704814228,0.6363636363636364
2021-08-27,工业/制造,10,0.06782969411604137,0.5
2021-08-27,新能源/汽车,1,-0.0470588235294116,1.0
2021-08-27,消费/零售,34,-0.018817336646612795,0.7058823529411765
2021-08-27,生物科技/医药,30,0.021742216357263165,0.5666666666666667
2021-08-27,金融,4,-0.11616088139084278,0.5
2021-08-28,TMT/互联网,7,0.02001587591695585,0.42857142857142855
2021-08-28,其他,10,-0.009239674376601904,0.3
2021-08-28,地产/建筑,33,-0.04153886704814228,0.6363636363636364
2021-08-28,工业/制造,10,0.06782969411604137,0.5
2021-08-28,新能源/汽车,1,-0.0470588235294116,1.0
2021-08-28,消费/零售,34,-0.018817336646612795,0.7058823529411765
2021-08-28,生物科技/医药,30,0.021742216357263165,0.5666666666666667
2021-08-28,金融,4,-0.11616088139084278,0.5
2021-08-29,TMT/互联网,7,0.02001587591695585,0.42857142857142855
2021-08-29,其他,10,-0.009239674376601904,0.3
2021-08-29,地产/建筑,33,-0.04153886704814228,0.6363636363636364
2021-08-29,工业/制造,10,0.06782969411604137,0.5
2021-08-29,新能源/汽车,1,-0.0470588235294116,1.0
2021-08-29,消费/零售,34,-0.018817336646612795,0.7058823529411765
2021-08-29,生物科技/医药,30,0.021742216357263165,0.5666666666666667
2021-08-29,金融,4,-0.11616088139084278,0.5
2021-08-30,TMT/互联网,7,0.02001587591695585,0.42857142857142855
2021-08-30,其他,10,-0.009239674376601904,0.3
2021-08-30,地产/建筑,33,-0.04153886704814228,0.6363636363636364
2021-08-30,工业/制造,10,0.06782969411604137,0.5
2021-08-30,新能源/汽车,1,-0.0470588235294116,1.0
2021-08-30,消费/零售,34,-0.018817336646612795,0.7058823529411765
2021-08-30,生物科技/医药,30,0.021742216357263165,0.5666666666666667
2021-08-30,金融,4,-0.11616088139084278,0.5
2021-08-31,TMT/互联网,7,0.02001587591695585,0.42857142857142855
2021-08-31,其他,10,-0.009239674376601904,0.3
2021-08-31,地产/建筑,33,-0.04153886704814228,0.6363636363636364
2021-08-31,工业/制造,10,0.06782969411604137,0.5
2021-08-31,新能源/汽车,1,-0.0470588235294116,1.0
2021-08-31,消费/零售,34,-0.018817336646612795,0.7058823529411765
2021-08-31,生物科技/医药,30,0.021742216357263165,0.5666666666666667
2021-08-31,金融,4,-0.11616088139084278,0.5
2021-09-01,TMT/互联网,7,0.02001587591695585,0.42857142857142855
2021-09-01,其他,10,-0.009239674376601904,0.3
2021-09-01,地产/建筑,33,-0.04153886704814228,0.6363636363636364
2021-09-01,工业/制造,10,0.06782969411604137,0.5
2021-09-01,新能源/汽车,1,-0.0470588235294116,1.0
2021-09-01,消费/零售,34,-0.018817336646612795,0.7058823529411765
2021-09-01,生物科技/医药,30,0.021742216357263165,0.5666666666666667
2021-09-01,金融,4,-0.11616088139084278,0.5
2021-09-02,TMT/互联网,7,0.02001587591695585,0.42857142857142855
2021-09-02,其他,10,-0.009239674376601904,0.3
2021-09-02,地产/建筑,33,-0.04153886704814228,0.6363636363636364
2021-09-02,工业/制造,10,0.06782969411604137,0.5
2021-09-02,新能源/汽车,1,-0.0470588235294116,1.0
2021-09-02,消费/零售,34,-0.018817336646612795,0.7058823529411765
2021-09-02,生物科技/医药,30,0.021742216357263165,0.5666666666666667
2021-09-02,金融,4,-0.11616088139084278,0.5
2021-09-03,TMT/互联网,7,0.02001587591695585,0.42857142857142855
2021-09-03,其他,10,-0.009239674376601904,0.3
2021-09-03,地产/建筑,33,-0.04153886704814228,0.6363636363636364
2021-09-03,工业/制造,10,0.06782969411604137,0.5
2021-09-03,新能源/汽车,1,-0.0470588235294116,1.0
2021-09-03,消费/零售,34,-0.018817336646612795,0.7058823529411765
2021-09-03,生物科技/医药,30,0.021742216357263165,0.5666666666666667
2021-09-03,金融,4,-0.11616088139084278,0.5
2021-09-04,TMT/互联网,7,0.02001587591695585,0.42857142857142855
2021-09-04,其他,10,-0.009239674376601904,0.3
2021-09-04,地产/建筑,33,-0.04153886704814228,0.6363636363636364
2021-09-04,工业/制造,10,0.06782969411604137,0.5
2021-09-04,新能源/汽车,1,-0.0470588235294116,1.0
2021-09-04,消费/零售,34,-0.018817336646612795,0.7058823529411765
2021-09-04,生物科技/医药,30,0.021742216357263165,0.5666666666666667
2021-09-04,金融,4,-0.11616088139084278,0.5
2021-09-05,TMT/互联网,7,0.02001587591695585,0.42857142857142855
2021-09-05,其他,10,-0.009239674376601904,0.3
2021-09-05,地产/建筑,33,-0.04153886704814228,0.6363636363636364
2021-09-05,工业/制造,10,0.06782969411604137,0.5
2021-09-05,新能源/汽车,1,-0.0470588235294116,1.0
2021-09-05,消费/零售,34,-0.018817336646612795,0.7058823529411765
2021-09-05,生物科技/医药,30,0.021742216357263165,0.5666666666666667
2021-09-05,金融,4,-0.11616088139084278,0.5
2021-09-06,TMT/互联网,7,0.02001587591695585,0.42857142857142855
2021-09-06,其他,10,-0.009239674376601904,0.3
2021-09-06,地产/建筑,33,-0.04153886704814228,0.6363636363636364
2021-09-06,工业/制造,10,0.06782969411604137,0.5
2021-09-06,新能源/汽车,1,-0.0470588235294116,1.0
2021-09-06,消费/零售,34,-0.018817336646612795,0.7058823529411765
2021-09-06,生物科技/医药,30,0.021742216357263165,0.5666666666666667
2021-09-06,金融,4,-0.11616088139084278,0.5
2021-09-07,TMT/互联网,7,0.02001587591695585,0.42857142857142855
2021-09-07,其他,10,-0.009239674376601904,0.3
2021-09-07,地产/建筑,33,-0.04153886704814228,0.6363636363636364
2021-09-07,工业/制造,10,0.06782969411604137,0.5
2021-09-07,新能源/汽车,1,-0.0470588235294116,1.0
2021-09-07,消费/零售,34,-0.018817336646612795,0.7058823529411765
2021-09-07,生物科技/医药,30,0.021742216357263165,0.5666666666666667
2021-09-07,金融,4,-0.11616088139084278,0.5
2021-09-08,TMT/互联网,7,0.02001587591695585,0.42857142857142855
2021-09-08,其他,10,-0.009239674376601904,0.3
2021-09-08,地产/建筑,33,-0.04153886704814228,0.6363636363636364
2021-09-08,工业/制造,10,0.06782969411604137,0.5
2021-09-08,新能源/汽车,1,-0.0470588235294116,1.0
2021-09-08,消费/零售,33,-0.01428629507400368,0.696969696969697
2021-09-08,生物科技/医药,30,0.021742216357263165,0.5666666666666667
2021-09-08,金融,4,-0.11616088139084278,0.5
2021-09-09,TMT/互联网,7,0.02001587591695585,0.42857142857142855
2021-09-09,其他,10,-0.009239674376601904,0.3
2021-09-09,地产/建筑,33,-0.04153886704814228,0.6363636363636364
2021-09-09,工业/制造,10,0.06782969411604137,0.5
2021-09-09,新能源/汽车,1,-0.0470588235294116,1.0
2021-09-09,消费/零售,33,-0.01428629507400368,0.696969696969697
2021-09-09,生物科技/医药,30,0.021742216357263165,0.5666666666666667
2021-09-09,金融,4,-0.11616088139084278,0.5
2021-09-10,TMT/互联网,7,0.02001587591695585,0.42857142857142855
2021-09-10,其他,10,-0.009239674376601904,0.3
2021-09-10,地产/建筑,33,-0.04153886704814228,0.6363636363636364
2021-09-10,工业/制造,10,0.06782969411604137,0.5
2021-09-10,新能源/汽车,1,-0.0470588235294116,1.0
2021-09-10,消费/零售,33,-0.011179549078521641,0.6666666666666666
2021-09-10,生物科技/医药,30,0.021742216357263165,0.5666666666666667
2021-09-10,金融,4,-0.11616088139084278,0.5
2021-09-11,TMT/互联网,7,0.02001587591695585,0.42857142857142855
2021-09-11,其他,10,-0.009239674376601904,0.3
2021-09-11,地产/建筑,32,-0.05414648045292054,0.65625
2021-09-11,工业/制造,10,0.06782969411604137,0.5
2021-09-11,新能源/汽车,1,-0.0470588235294116,1.0
2021-09-11,消费/零售,33,-0.011179549078521641,0.6666666666666666
2021-09-11,生物科技/医药,30,0.021742216357263165,0.5666666666666667
2021-09-11,金融,4,-0.11616088139084278,0.5
2021-09-12,TMT/互联网,7,0.02001587591695585,0.42857142857142855
2021-09-12,其他,10,-0.009239674376601904,0.3
2021-09-12,地产/建筑,32,-0.05414648045292054,0.65625
2021-09-12,工业/制造,10,0.06782969411604137,0.5
2021-09-12,新能源/汽车,1,-0.0470588235294116,1.0
2021-09-12,消费/零售,33,-0.011179549078521641,0.6666666666666666
2021-09-12,生物科技/医药,30,0.021742216357263165,0.5666666666666667
2021-09-12,金融,4,-0.11616088139084278,0.5
2021-09-13,TMT/互联网,7,0.02001587591695585,0.42857142857142855
2021-09-13,其他,10,-0.009239674376601904,0.3
2021-09-13,地产/建筑,32,-0.05414648045292054,0.65625
2021-09-13,工业/制造,10,0.06782969411604137,0.5
2021-09-13,新能源/汽车,1,-0.0470588235294116,1.0
2021-09-13,消费/零售,33,-0.011179549078521641,0.6666666666666666
2021-09-13,生物科技/医药,30,0.021742216357263165,0.5666666666666667
2021-09-13,金融,4,-0.11616088139084278,0.5
2021-09-14,TMT/互联网,7,0.02001587591695585,0.42857142857142855
2021-09-14,其他,10,-0.009239674376601904,0.3
2021-09-14,地产/建筑,32,-0.05414648045292054,0.65625
2021-09-14,工业/制造,10,0.06782969411604137,0.5
2021-09-14,新能源/汽车,1,-0.0470588235294116,1.0
2021-09-14,消费/零售,33,-0.011179549078521641,0.6666666666666666
2021-09-14,生物科技/医药,30,0.021742216357263165,0.5666666666666667
2021-09-14,金融,4,-0.11616088139084278,0.5
2021-09-15,TMT/互联网,7,0.02001587591695585,0.42857142857142855
2021-09-15,其他,10,-0.009239674376601904,0.3
2021-09-15,地产/建筑,32,-0.05414648045292054,0.65625
2021-09-15,工业/制造,10,0.06782969411604137,0.5
2021-09-15,新能源/汽车,1,-0.0470588235294116,1.0
2021-09-15,消费/零售,32,-0.0236999626188044,0.6875
2021-09-15,生物科技/医药,30,0.021742216357263165,0.5666666666666667
2021-09-15,金融,4,-0.11616088139084278,0.5
2021-09-16,TMT/互联网,7,0.02001587591695585,0.42857142857142855
2021-09-16,其他,10,-0.009239674376601904,0.3
2021-09-16,地产/建筑,32,-0.05414648045292054,0.65625
2021-09-16,工业/制造,10,0.06782969411604137,0.5
2021-09-16,新能源/汽车,1,-0.0470588235294116,1.0
2021-09-16,消费/零售,32,-0.0236999626188044,0.6875
2021-09-16,生物科技/医药,30,0.021742216357263165,0.5666666666666667
2021-09-16,金融,4,-0.11616088139084278,0.5
2021-09-17,TMT/互联网,7,0.02001587591695585,0.42857142857142855
2021-09-17,其他,10,-0.009239674376601904,0.3
2021-09-17,地产/建筑,32,-0.05414648045292054,0.65625
2021-09-17,工业/制造,10,0.06782969411604137,0.5
2021-09-17,新能源/汽车,1,-0.0470588235294116,1.0
2021-09-17,消费/零售,32,-0.0236999626188044,0.6875
2021-09-17,生物科技/医药,30,0.021742216357263165,0.5666666666666667
2021-09-17,金融,4,-0.11616088139084278,0.5
2021-09-18,TMT/互联网,7,0.02001587591695585,0.42857142857142855
2021-09-18,其他,10,-0.009239674376601904,0.3
2021-09-18,地产/建筑,32,-0.05414648045292054,0.65625
2021-09-18,工业/制造,10,0.06782969411604137,0.5
2021-09-18,新能源/汽车,1,-0.0470588235294116,1.0
2021-09-18,消费/零售,31,-0.024048244451460934,0.6774193548387096
2021-09-18,生物科技/医药,30,0.021742216357263165,0.5666666666666667
2021-09-18,金融,4,-0.11616088139084278,0.5
2021-09-19,TMT/互联网,7,0.02001587591695585,0.42857142857142855
2021-09-19,其他,10,-0.009239674376601904,0.3
2021-09-19,地产/建筑,32,-0.05414648045292054,0.65625
2021-09-19,工业/制造,10,0.06782969411604137,0.5
2021-09-19,新能源/汽车,1,-0.0470588235294116,1.0
2021-09-19,消费/零售,31,-0.024048244451460934,0.6774193548387096
2021-09-19,生物科技/医药,30,0.021742216357263165,0.5666666666666667
2021-09-19,金融,4,-0.11616088139084278,0.5
2021-09-20,TMT/互联网,7,0.02001587591695585,0.42857142857142855
2021-09-20,其他,10,-0.009239674376601904,0.3
2021-09-20,地产/建筑,32,-0.05414648045292054,0.65625
2021-09-20,工业/制造,10,0.06782969411604137,0.5
2021-09-20,新能源/汽车,1,-0.0470588235294116,1.0
2021-09-20,消费/零售,31,-0.024048244451460934,0.6774193548387096
2021-09-20,生物科技/医药,30,0.021742216357263165,0.5666666666666667
2021-09-20,金融,4,-0.11616088139084278,0.5
2021-09-21,TMT/互联网,7,0.02001587591695585,0.42857142857142855
2021-09-21,其他,10,-0.009239674376601904,0.3
2021-09-21,地产/建筑,32,-0.05414648045292054,0.65625
2021-09-21,工业/制造,10,0.06782969411604137,0.5
2021-09-21,新能源/汽车,1,-0.0470588235294116,1.0
2021-09-21,消费/零售,31,-0.024048244451460934,0.6774193548387096
2021-09-21,生物科技/医药,30,0.021742216357263165,0.5666666666666667
2021-09-21,金融,4,-0.11616088139084278,0.5
2021-09-22,TMT/互联网,7,0.02001587591695585,0.42857142857142855
2021-09-22,其他,10,-0.009239674376601904,0.3
2021-09-22,地产/建筑,32,-0.05414648045292054,0.65625
2021-09-22,工业/制造,10,0.06782969411604137,0.5
2021-09-22,新能源/汽车,1,-0.0470588235294116,1.0
2021-09-22,消费/零售,30,-0.025505590304761,0.7
2021-09-22,生物科技/医药,30,0.021742216357263165,0.5666666666666667
2021-09-22,金融,4,-0.11616088139084278,0.5
2021-09-23,TMT/互联网,7,0.02001587591695585,0.42857142857142855
2021-09-23,其他,10,-0.009239674376601904,0.3
2021-09-23,地产/建筑,32,-0.05414648045292054,0.65625
2021-09-23,工业/制造,10,0.06782969411604137,0.5
2021-09-23,新能源/汽车,1,-0.0470588235294116,1.0
2021-09-23,消费/零售,29,-0.02638509341871827,0.7241379310344828
2021-09-23,生物科技/医药,30,0.021742216357263165,0.5666666666666667
2021-09-23,金融,4,-0.11616088139084278,0.5
2021-09-24,TMT/互联网,7,0.02001587591695585,0.42857142857142855
2021-09-24,其他,10,-0.009239674376601904,0.3
2021-09-24,地产/建筑,32,-0.05414648045292054,0.65625
2021-09-24,工业/制造,10,0.06782969411604137,0.5
2021-09-24,新能源/汽车,1,-0.0470588235294116,1.0
2021-09-24,消费/零售,29,-0.02638509341871827,0.7241379310344828
2021-09-24,生物科技/医药,31,0.015664510453265435,0.5806451612903226
2021-09-24,金融,4,-0.11616088139084278,0.5
2021-09-25,TMT/互联网,6,-0.008301891533577351,0.5
2021-09-25,其他,10,-0.009239674376601904,0.3
2021-09-25,地产/建筑,32,-0.05414648045292054,0.65625
2021-09-25,工业/制造,10,0.06782969411604137,0.5
2021-09-25,新能源/汽车,1,-0.0470588235294116,1.0
2021-09-25,消费/零售,29,-0.02638509341871827,0.7241379310344828
2021-09-25,生物科技/医药,31,0.015664510453265435,0.5806451612903226
2021-09-25,金融,4,-0.11616088139084278,0.5
2021-09-26,TMT/互联网,6,-0.008301891533577351,0.5
2021-09-26,其他,10,-0.009239674376601904,0.3
2021-09-26,地产/建筑,32,-0.05414648045292054,0.65625
2021-09-26,工业/制造,10,0.06782969411604137,0.5
2021-09-26,新能源/汽车,1,-0.0470588235294116,1.0
2021-09-26,消费/零售,29,-0.02638509341871827,0.7241379310344828
2021-09-26,生物科技/医药,31,0.015664510453265435,0.5806451612903226
2021-09-26,金融,4,-0.11616088139084278,0.5
2021-09-27,TMT/互联网,6,-0.008301891533577351,0.5
2021-09-27,其他,10,-0.009239674376601904,0.3
2021-09-27,地产/建筑,32,-0.05414648045292054,0.65625
2021-09-27,工业/制造,10,0.06782969411604137,0.5
2021-09-27,新能源/汽车,1,-0.0470588235294116,1.0
2021-09-27,消费/零售,29,-0.02638509341871827,0.7241379310344828
2021-09-27,生物科技/医药,31,0.015664510453265435,0.5806451612903226
2021-09-27,金融,4,-0.11616088139084278,0.5
2021-09-28,TMT/互联网,6,-0.008301891533577351,0.5
2021-09-28,其他,10,-0.009239674376601904,0.3
2021-09-28,地产/建筑,32,-0.05414648045292054,0.65625
2021-09-28,工业/制造,10,0.06782969411604137,0.5
2021-09-28,新能源/汽车,1,-0.0470588235294116,1.0
2021-09-28,消费/零售,29,-0.02638509341871827,0.7241379310344828
2021-09-28,生物科技/医药,30,0.016376826517545705,0.5666666666666667
2021-09-28,金融,4,-0.11616088139084278,0.5
2021-09-29,TMT/互联网,6,-0.008301891533577351,0.5
2021-09-29,其他,10,-0.009239674376601904,0.3
2021-09-29,地产/建筑,31,-0.059477370503373164,0.6774193548387096
2021-09-29,工业/制造,9,0.07809856723275997,0.4444444444444444
2021-09-29,新能源/汽车,1,-0.0470588235294116,1.0
2021-09-29,消费/零售,27,-0.02040144076653239,0.7037037037037037
2021-09-29,生物科技/医药,31,0.016444075289932567,0.5483870967741935
2021-09-29,金融,5,-0.08667870511267423,0.4
2021-09-30,TMT/互联网,6,-0.008301891533577351,0.5
2021-09-30,其他,10,-0.009239674376601904,0.3
2021-09-30,地产/建筑,31,-0.059477370503373164,0.6774193548387096
2021-09-30,工业/制造,9,0.07809856723275997,0.4444444444444444
2021-09-30,新能源/汽车,1,-0.0470588235294116,1.0
2021-09-30,消费/零售,27,-0.02040144076653239,0.7037037037037037
2021-09-30,生物科技/医药,31,0.016444075289932567,0.5483870967741935
2021-09-30,金融,5,-0.08667870511267423,0.4
2021-10-01,TMT/互联网,6,-0.008301891533577351,0.5
2021-10-01,其他,10,-0.009239674376601904,0.3
2021-10-01,地产/建筑,31,-0.059477370503373164,0.6774193548387096
2021-10-01,工业/制造,9,0.07809856723275997,0.4444444444444444
2021-10-01,新能源/汽车,1,-0.0470588235294116,1.0
2021-10-01,消费/零售,27,-0.02040144076653239,0.7037037037037037
2021-10-01,生物科技/医药,31,0.016444075289932567,0.5483870967741935
2021-10-01,金融,5,-0.08667870511267423,0.4
2021-10-02,TMT/互联网,6,-0.008301891533577351,0.5
2021-10-02,其他,10,-0.009239674376601904,0.3
2021-10-02,地产/建筑,31,-0.059477370503373164,0.6774193548387096
2021-10-02,工业/制造,9,0.07809856723275997,0.4444444444444444
2021-10-02,新能源/汽车,1,-0.0470588235294116,1.0
2021-10-02,消费/零售,27,-0.02040144076653239,0.7037037037037037
2021-10-02,生物科技/医药,31,0.016444075289932567,0.5483870967741935
2021-10-02,金融,5,-0.08667870511267423,0.4
2021-10-03,TMT/互联网,6,-0.008301891533577351,0.5
2021-10-03,其他,10,-0.009239674376601904,0.3
2021-10-03,地产/建筑,31,-0.059477370503373164,0.6774193548387096
2021-10-03,工业/制造,9,0.07809856723275997,0.4444444444444444
2021-10-03,新能源/汽车,1,-0.0470588235294116,1.0
2021-10-03,消费/零售,27,-0.02040144076653239,0.7037037037037037
2021-10-03,生物科技/医药,31,0.016444075289932567,0.5483870967741935
2021-10-03,金融,5,-0.08667870511267423,0.4
2021-10-04,TMT/互联网,6,-0.008301891533577351,0.5
2021-10-04,其他,10,-0.009239674376601904,0.3
2021-10-04,地产/建筑,31,-0.059477370503373164,0.6774193548387096
2021-10-04,工业/制造,9,0.07809856723275997,0.4444444444444444
2021-10-04,新能源/汽车,1,-0.0470588235294116,1.0
2021-10-04,消费/零售,27,-0.02040144076653239,0.7037037037037037
2021-10-04,生物科技/医药,31,0.016444075289932567,0.5483870967741935
2021-10-04,金融,5,-0.08667870511267423,0.4
2021-10-05,TMT/互联网,6,-0.008301891533577351,0.5
2021-10-05,其他,10,-0.009239674376601904,0.3
2021-10-05,地产/建筑,31,-0.059477370503373164,0.6774193548387096
2021-10-05,工业/制造,9,0.07809856723275997,0.4444444444444444
2021-10-05,新能源/汽车,1,-0.0470588235294116,1.0
2021-10-05,消费/零售,27,-0.02040144076653239,0.7037037037037037
2021-10-05,生物科技/医药,31,0.016444075289932567,0.5483870967741935
2021-10-05,金融,5,-0.08667870511267423,0.4
2021-10-06,TMT/互联网,6,-0.008301891533577351,0.5
2021-10-06,其他,10,-0.009239674376601904,0.3
2021-10-06,地产/建筑,31,-0.059477370503373164,0.6774193548387096
2021-10-06,工业/制造,9,0.07809856723275997,0.4444444444444444
2021-10-06,新能源/汽车,1,-0.0470588235294116,1.0
2021-10-06,消费/零售,27,-0.02040144076653239,0.7037037037037037
2021-10-06,生物科技/医药,31,0.016444075289932567,0.5483870967741935
2021-10-06,金融,5,-0.08667870511267423,0.4
2021-10-07,TMT/互联网,6,-0.008301891533577351,0.5
2021-10-07,其他,11,-0.0052500809273498495,0.2727272727272727
2021-10-07,地产/建筑,31,-0.059477370503373164,0.6774193548387096
2021-10-07,工业/制造,9,0.07809856723275997,0.4444444444444444
2021-10-07,新能源/汽车,1,-0.0470588235294116,1.0
2021-10-07,消费/零售,27,-0.02040144076653239,0.7037037037037037
2021-10-07,生物科技/医药,30,0.018419151772199722,0.5333333333333333
2021-10-07,金融,5,-0.08667870511267423,0.4
2021-10-08,TMT/互联网,6,-0.008301891533577351,0.5
2021-10-08,其他,11,-0.0052500809273498495,0.2727272727272727
2021-10-08,地产/建筑,31,-0.059477370503373164,0.6774193548387096
2021-10-08,工业/制造,9,0.07809856723275997,0.4444444444444444
2021-10-08,新能源/汽车,1,-0.0470588235294116,1.0
2021-10-08,消费/零售,27,-0.02040144076653239,0.7037037037037037
2021-10-08,生物科技/医药,30,0.018419151772199722,0.5333333333333333
2021-10-08,金融,5,-0.08667870511267423,0.4
2021-10-09,TMT/互联网,6,-0.008301891533577351,0.5
2021-10-09,其他,11,-0.0052500809273498495,0.2727272727272727
2021-10-09,地产/建筑,31,-0.059477370503373164,0.6774193548387096
2021-10-09,工业/制造,9,0.07809856723275997,0.4444444444444444
2021-10-09,新能源/汽车,1,-0.0470588235294116,1.0
2021-10-09,消费/零售,27,-0.02040144076653239,0.7037037037037037
2021-10-09,生物科技/医药,29,0.01797899984157028,0.5517241379310345
2021-10-09,金融,5,-0.08667870511267423,0.4
2021-10-10,TMT/互联网,6,-0.008301891533577351,0.5
2021-10-10,其他,11,-0.0052500809273498495,0.2727272727272727
2021-10-10,地产/建筑,31,-0.059477370503373164,0.6774193548387096
2021-10-10,工业/制造,9,0.07809856723275997,0.4444444444444444
2021-10-10,新能源/汽车,1,-0.0470588235294116,1.0
2021-10-10,消费/零售,27,-0.02040144076653239,0.7037037037037037
2021-10-10,生物科技/医药,29,0.01797899984157028,0.5517241379310345
2021-10-10,金融,5,-0.08667870511267423,0.4
2021-10-11,TMT/互联网,6,-0.008301891533577351,0.5
2021-10-11,其他,11,-0.0052500809273498495,0.2727272727272727
2021-10-11,地产/建筑,31,-0.059477370503373164,0.6774193548387096
2021-10-11,工业/制造,9,0.07809856723275997,0.4444444444444444
2021-10-11,新能源/汽车,1,-0.0470588235294116,1.0
2021-10-11,消费/零售,27,-0.02040144076653239,0.7037037037037037
2021-10-11,生物科技/医药,29,0.01797899984157028,0.5517241379310345
2021-10-11,金融,5,-0.08667870511267423,0.4
2021-10-12,TMT/互联网,6,-0.008301891533577351,0.5
2021-10-12,其他,11,-0.0052500809273498495,0.2727272727272727
2021-10-12,地产/建筑,31,-0.059477370503373164,0.6774193548387096
2021-10-12,工业/制造,9,0.07809856723275997,0.4444444444444444
2021-10-12,新能源/汽车,1,-0.0470588235294116,1.0
2021-10-12,消费/零售,27,-0.02040144076653239,0.7037037037037037
2021-10-12,生物科技/医药,29,0.01797899984157028,0.5517241379310345
2021-10-12,金融,4,-0.10834838139084278,0.5
2021-10-13,TMT/互联网,6,-0.008301891533577351,0.5
2021-10-13,其他,11,-0.0052500809273498495,0.2727272727272727
2021-10-13,地产/建筑,31,-0.059477370503373164,0.6774193548387096
2021-10-13,工业/制造,9,0.07809856723275997,0.4444444444444444
2021-10-13,新能源/汽车,1,-0.0470588235294116,1.0
2021-10-13,消费/零售,27,-0.02040144076653239,0.7037037037037037
2021-10-13,生物科技/医药,30,0.020624537604963362,0.5333333333333333
2021-10-13,金融,4,-0.10834838139084278,0.5
2021-10-14,TMT/互联网,6,-0.008301891533577351,0.5
2021-10-14,其他,11,-0.0052500809273498495,0.2727272727272727
2021-10-14,地产/建筑,31,-0.059477370503373164,0.6774193548387096
2021-10-14,工业/制造,9,0.07809856723275997,0.4444444444444444
2021-10-14,新能源/汽车,1,-0.0470588235294116,1.0
2021-10-14,消费/零售,27,-0.02040144076653239,0.7037037037037037
2021-10-14,生物科技/医药,30,0.020624537604963362,0.5333333333333333
2021-10-14,金融,4,-0.10834838139084278,0.5
2021-10-15,TMT/互联网,6,-0.008301891533577351,0.5
2021-10-15,其他,10,-0.0026735824225789257,0.2
2021-10-15,地产/建筑,31,-0.059477370503373164,0.6774193548387096
2021-10-15,工业/制造,8,0.08551126407670462,0.5
2021-10-15,新能源/汽车,1,-0.0470588235294116,1.0
2021-10-15,消费/零售,27,-0.02040144076653239,0.7037037037037037
2021-10-15,生物科技/医药,30,0.020624537604963362,0.5333333333333333
2021-10-15,金融,4,-0.10834838139084278,0.5
2021-10-16,TMT/互联网,6,-0.008301891533577351,0.5
2021-10-16,其他,10,-0.0026735824225789257,0.2
2021-10-16,地产/建筑,31,-0.059477370503373164,0.6774193548387096
2021-10-16,工业/制造,8,0.08551126407670462,0.5
2021-10-16,新能源/汽车,1,-0.0470588235294116,1.0
2021-10-16,消费/零售,27,-0.02040144076653239,0.7037037037037037
2021-10-16,生物科技/医药,30,0.020624537604963362,0.5333333333333333
2021-10-16,金融,3,-0.06827403233064754,0.3333333333333333
2021-10-17,TMT/互联网,6,-0.008301891533577351,0.5
2021-10-17,其他,10,-0.0026735824225789257,0.2
2021-10-17,地产/建筑,31,-0.059477370503373164,0.6774193548387096
2021-10-17,工业/制造,8,0.08551126407670462,0.5
2021-10-17,新能源/汽车,1,-0.0470588235294116,1.0
2021-10-17,消费/零售,27,-0.02040144076653239,0.7037037037037037
2021-10-17,生物科技/医药,30,0.020624537604963362,0.5333333333333333
2021-10-17,金融,3,-0.06827403233064754,0.3333333333333333
2021-10-18,TMT/互联网,6,-0.008301891533577351,0.5
2021-10-18,其他,10,-0.0026735824225789257,0.2
2021-10-18,地产/建筑,31,-0.059477370503373164,0.6774193548387096
2021-10-18,工业/制造,8,0.08551126407670462,0.5
2021-10-18,新能源/汽车,1,-0.0470588235294116,1.0
2021-10-18,消费/零售,27,-0.02040144076653239,0.7037037037037037
2021-10-18,生物科技/医药,30,0.020624537604963362,0.5333333333333333
2021-10-18,金融,3,-0.06827403233064754,0.3333333333333333
2021-10-19,TMT/互联网,6,-0.008301891533577351,0.5
2021-10-19,其他,10,-0.0026735824225789257,0.2
2021-10-19,地产/建筑,30,-0.06029035887687741,0.6666666666666666
2021-10-19,工业/制造,8,0.08551126407670462,0.5
2021-10-19,新能源/汽车,1,-0.0470588235294116,1.0
2021-10-19,消费/零售,27,-0.02040144076653239,0.7037037037037037
2021-10-19,生物科技/医药,31,0.019438938577123754,0.5483870967741935
2021-10-19,金融,3,-0.06827403233064754,0.3333333333333333
2021-10-20,TMT/互联网,6,-0.008301891533577351,0.5
2021-10-20,其他,10,-0.0026735824225789257,0.2
2021-10-20,地产/建筑,29,-0.05949577355079273,0.6551724137931034
2021-10-20,工业/制造,7,0.09976797527133588,0.42857142857142855
2021-10-20,新能源/汽车,1,-0.0470588235294116,1.0
2021-10-20,消费/零售,27,-0.02040144076653239,0.7037037037037037
2021-10-20,生物科技/医药,31,0.019438938577123754,0.5483870967741935
2021-10-20,金融,3,-0.06827403233064754,0.3333333333333333
2021-10-21,TMT/互联网,6,-0.008301891533577351,0.5
2021-10-21,其他,10,-0.0026735824225789257,0.2
2021-10-21,地产/建筑,29,-0.05949577355079273,0.6551724137931034
2021-10-21,工业/制造,7,0.09976797527133588,0.42857142857142855
2021-10-21,新能源/汽车,1,-0.0470588235294116,1.0
2021-10-21,消费/零售,27,-0.02040144076653239,0.7037037037037037
2021-10-21,生物科技/医药,31,0.019438938577123754,0.5483870967741935
2021-10-21,金融,3,-0.06827403233064754,0.3333333333333333
2021-10-22,TMT/互联网,6,-0.008301891533577351,0.5
2021-10-22,其他,10,-0.0026735824225789257,0.2
2021-10-22,地产/建筑,28,-0.0573349083204639,0.6428571428571429
2021-10-22,工业/制造,7,0.09976797527133588,0.42857142857142855
2021-10-22,新能源/汽车,1,-0.0470588235294116,1.0
2021-10-22,消费/零售,27,-0.02040144076653239,0.7037037037037037
2021-10-22,生物科技/医药,31,0.019438938577123754,0.5483870967741935
2021-10-22,金融,3,-0.06827403233064754,0.3333333333333333
2021-10-23,TMT/互联网,6,-0.008301891533577351,0.5
2021-10-23,其他,10,-0.0026735824225789257,0.2
2021-10-23,地产/建筑,28,-0.0573349083204639,0.6428571428571429
2021-10-23,工业/制造,6,0.11124133197463415,0.5
2021-10-23,新能源/汽车,1,-0.0470588235294116,1.0
2021-10-23,消费/零售,27,-0.02040144076653239,0.7037037037037037
2021-10-23,生物科技/医药,31,0.019438938577123754,0.5483870967741935
2021-10-23,金融,3,-0.06827403233064754,0.3333333333333333
2021-10-24,TMT/互联网,6,-0.008301891533577351,0.5
2021-10-24,其他,10,-0.0026735824225789257,0.2
2021-10-24,地产/建筑,28,-0.0573349083204639,0.6428571428571429
2021-10-24,工业/制造,6,0.11124133197463415,0.5
2021-10-24,新能源/汽车,1,-0.0470588235294116,1.0
2021-10-24,消费/零售,27,-0.02040144076653239,0.7037037037037037
2021-10-24,生物科技/医药,31,0.019438938577123754,0.5483870967741935
2021-10-24,金融,3,-0.06827403233064754,0.3333333333333333
2021-10-25,TMT/互联网,6,-0.008301891533577351,0.5
2021-10-25,其他,10,-0.0026735824225789257,0.2
2021-10-25,地产/建筑,28,-0.0573349083204639,0.6428571428571429
2021-10-25,工业/制造,6,0.11124133197463415,0.5
2021-10-25,新能源/汽车,1,-0.0470588235294116,1.0
2021-10-25,消费/零售,27,-0.02040144076653239,0.7037037037037037
2021-10-25,生物科技/医药,31,0.019438938577123754,0.5483870967741935
2021-10-25,金融,3,-0.06827403233064754,0.3333333333333333
2021-10-26,TMT/互联网,6,-0.008301891533577351,0.5
2021-10-26,其他,9,-0.0026735824225789257,0.2222222222222222
2021-10-26,地产/建筑,28,-0.0573349083204639,0.6428571428571429
2021-10-26,工业/制造,6,0.11124133197463415,0.5
2021-10-26,新能源/汽车,1,-0.0470588235294116,1.0
2021-10-26,消费/零售,27,-0.02040144076653239,0.7037037037037037
2021-10-26,生物科技/医药,31,0.019438938577123754,0.5483870967741935
2021-10-26,金融,3,-0.06827403233064754,0.3333333333333333
2021-10-27,TMT/互联网,6,-0.008301891533577351,0.5
2021-10-27,其他,9,-0.0026735824225789257,0.2222222222222222
2021-10-27,地产/建筑,28,-0.0573349083204639,0.6428571428571429
2021-10-27,工业/制造,6,0.11124133197463415,0.5
2021-10-27,新能源/汽车,1,-0.0470588235294116,1.0
2021-10-27,消费/零售,27,-0.02040144076653239,0.7037037037037037
2021-10-27,生物科技/医药,30,0.02014750925696727,0.5333333333333333
2021-10-27,金融,3,-0.06827403233064754,0.3333333333333333
2021-10-28,TMT/互联网,6,-0.008301891533577351,0.5
2021-10-28,其他,9,-0.0026735824225789257,0.2222222222222222
2021-10-28,地产/建筑,28,-0.0573349083204639,0.6428571428571429
2021-10-28,工业/制造,6,0.11124133197463415,0.5
2021-10-28,新能源/汽车,1,-0.0470588235294116,1.0
2021-10-28,消费/零售,27,-0.02040144076653239,0.7037037037037037
2021-10-28,生物科技/医药,30,0.02014750925696727,0.5333333333333333
2021-10-28,金融,3,-0.06827403233064754,0.3333333333333333
2021-10-29,TMT/互联网,6,-0.008301891533577351,0.5
2021-10-29,其他,9,-0.0026735824225789257,0.2222222222222222
2021-10-29,地产/建筑,27,-0.06105331977518248,0.6666666666666666
2021-10-29,工业/制造,6,0.11124133197463415,0.5
2021-10-29,新能源/汽车,1,-0.0470588235294116,1.0
2021-10-29,消费/零售,27,-0.02040144076653239,0.7037037037037037
2021-10-29,生物科技/医药,30,0.02014750925696727,0.5333333333333333
2021-10-29,金融,3,-0.06827403233064754,0.3333333333333333
2021-10-30,TMT/互联网,6,-0.008301891533577351,0.5
2021-10-30,其他,9,-0.0026735824225789257,0.2222222222222222
2021-10-30,地产/建筑,25,-0.06549376601042416,0.68
2021-10-30,工业/制造,6,0.11124133197463415,0.5
2021-10-30,新能源/汽车,1,-0.0470588235294116,1.0
2021-10-30,消费/零售,27,-0.02040144076653239,0.7037037037037037
2021-10-30,生物科技/医药,30,0.02014750925696727,0.5333333333333333
2021-10-30,金融,3,-0.06827403233064754,0.3333333333333333
2021-10-31,TMT/互联网,6,-0.008301891533577351,0.5
2021-10-31,其他,9,-0.0026735824225789257,0.2222222222222222
2021-10-31,地产/建筑,25,-0.06549376601042416,0.68
2021-10-31,工业/制造,6,0.11124133197463415,0.5
2021-10-31,新能源/汽车,1,-0.0470588235294116,1.0
2021-10-31,消费/零售,27,-0.02040144076653239,0.7037037037037037
2021-10-31,生物科技/医药,30,0.02014750925696727,0.5333333333333333
2021-10-31,金融,3,-0.06827403233064754,0.3333333333333333
2021-11-01,TMT/互联网,6,-0.008301891533577351,0.5
2021-11-01,其他,9,-0.0026735824225789257,0.2222222222222222
2021-11-01,地产/建筑,25,-0.06549376601042416,0.68
2021-11-01,工业/制造,6,0.11124133197463415,0.5
2021-11-01,新能源/汽车,1,-0.0470588235294116,1.0
2021-11-01,消费/零售,27,-0.02040144076653239,0.7037037037037037
2021-11-01,生物科技/医药,30,0.02014750925696727,0.5333333333333333
2021-11-01,金融,3,-0.06827403233064754,0.3333333333333333
2021-11-02,TMT/互联网,5,-0.014900541445231081,0.6
2021-11-02,其他,9,-0.0026735824225789257,0.2222222222222222
2021-11-02,地产/建筑,25,-0.06549376601042416,0.68
2021-11-02,工业/制造,6,0.11124133197463415,0.5
2021-11-02,新能源/汽车,1,-0.0470588235294116,1.0
2021-11-02,消费/零售,27,-0.02040144076653239,0.7037037037037037
2021-11-02,生物科技/医药,31,0.0243606144049432,0.5161290322580645
2021-11-02,金融,3,-0.06827403233064754,0.3333333333333333
2021-11-03,TMT/互联网,5,-0.014900541445231081,0.6
2021-11-03,其他,9,-0.0026735824225789257,0.2222222222222222
2021-11-03,地产/建筑,25,-0.06549376601042416,0.68
2021-11-03,工业/制造,6,0.11124133197463415,0.5
2021-11-03,新能源/汽车,1,-0.0470588235294116,1.0
2021-11-03,消费/零售,27,-0.02040144076653239,0.7037037037037037
2021-11-03,生物科技/医药,30,0.028389609559988198,0.5
2021-11-03,金融,3,-0.06827403233064754,0.3333333333333333
2021-11-04,TMT/互联网,5,-0.014900541445231081,0.6
2021-11-04,其他,9,-0.0026735824225789257,0.2222222222222222
2021-11-04,地产/建筑,25,-0.06549376601042416,0.68
2021-11-04,工业/制造,6,0.11124133197463415,0.5
2021-11-04,新能源/汽车,1,-0.0470588235294116,1.0
2021-11-04,消费/零售,27,-0.02040144076653239,0.7037037037037037
2021-11-04,生物科技/医药,30,0.028389609559988198,0.5
2021-11-04,金融,3,-0.06827403233064754,0.3333333333333333
2021-11-05,TMT/互联网,5,-0.014900541445231081,0.6
2021-11-05,其他,9,-0.0026735824225789257,0.2222222222222222
2021-11-05,地产/建筑,25,-0.06549376601042416,0.68
2021-11-05,工业/制造,6,0.11124133197463415,0.5
2021-11-05,新能源/汽车,1,-0.0470588235294116,1.0
2021-11-05,消费/零售,27,-0.02040144076653239,0.7037037037037037
2021-11-05,生物科技/医药,32,0.025865940010772605,0.5
2021-11-05,金融,3,-0.06827403233064754,0.3333333333333333
2021-11-06,TMT/互联网,5,-0.014900541445231081,0.6
2021-11-06,其他,9,-0.0026735824225789257,0.2222222222222222
2021-11-06,地产/建筑,25,-0.06549376601042416,0.68
2021-11-06,工业/制造,6,0.11124133197463415,0.5
2021-11-06,新能源/汽车,1,-0.0470588235294116,1.0
2021-11-06,消费/零售,27,-0.02040144076653239,0.7037037037037037
2021-11-06,生物科技/医药,32,0.025865940010772605,0.5
2021-11-06,金融,3,-0.06827403233064754,0.3333333333333333
2021-11-07,TMT/互联网,5,-0.014900541445231081,0.6
2021-11-07,其他,9,-0.0026735824225789257,0.2222222222222222
2021-11-07,地产/建筑,25,-0.06549376601042416,0.68
2021-11-07,工业/制造,6,0.11124133197463415,0.5
2021-11-07,新能源/汽车,1,-0.0470588235294116,1.0
2021-11-07,消费/零售,27,-0.02040144076653239,0.7037037037037037
2021-11-07,生物科技/医药,32,0.025865940010772605,0.5
2021-11-07,金融,3,-0.06827403233064754,0.3333333333333333
2021-11-08,TMT/互联网,5,-0.014900541445231081,0.6
2021-11-08,其他,9,-0.0026735824225789257,0.2222222222222222
2021-11-08,地产/建筑,25,-0.06549376601042416,0.68
2021-11-08,工业/制造,6,0.11124133197463415,0.5
2021-11-08,新能源/汽车,1,-0.0470588235294116,1.0
2021-11-08,消费/零售,28,-0.021271965003548554,0.7142857142857143
2021-11-08,生物科技/医药,32,0.025865940010772605,0.5
2021-11-08,金融,3,-0.06827403233064754,0.3333333333333333
2021-11-09,TMT/互联网,5,-0.014900541445231081,0.6
2021-11-09,其他,9,-0.0026735824225789257,0.2222222222222222
2021-11-09,地产/建筑,25,-0.06549376601042416,0.68
2021-11-09,工业/制造,6,0.11124133197463415,0.5
2021-11-09,新能源/汽车,1,-0.0470588235294116,1.0
2021-11-09,消费/零售,27,-0.021630711581978046,0.7037037037037037
2021-11-09,生物科技/医药,31,0.021803061252470047,0.5161290322580645
2021-11-09,金融,3,-0.06827403233064754,0.3333333333333333
2021-11-10,TMT/互联网,5,-0.014900541445231081,0.6
2021-11-10,其他,9,-0.0026735824225789257,0.2222222222222222
2021-11-10,地产/建筑,26,-0.06306767727683854,0.6923076923076923
2021-11-10,工业/制造,6,0.11124133197463415,0.5
2021-11-10,新能源/汽车,1,-0.0470588235294116,1.0
2021-11-10,消费/零售,27,-0.021630711581978046,0.7037037037037037
2021-11-10,生物科技/医药,31,0.021803061252470047,0.5161290322580645
2021-11-10,金融,3,-0.06827403233064754,0.3333333333333333
2021-11-11,TMT/互联网,5,-0.014900541445231081,0.6
2021-11-11,其他,10,-0.005578567020518445,0.3
2021-11-11,地产/建筑,26,-0.06306767727683854,0.6923076923076923
2021-11-11,工业/制造,6,0.11124133197463415,0.5
2021-11-11,新能源/汽车,1,-0.0470588235294116,1.0
2021-11-11,消费/零售,26,-0.01739587252951152,0.6923076923076923
2021-11-11,生物科技/医药,31,0.021803061252470047,0.5161290322580645
2021-11-11,金融,3,-0.06827403233064754,0.3333333333333333
2021-11-12,TMT/互联网,5,-0.014900541445231081,0.6
2021-11-12,其他,10,-0.005578567020518445,0.3
2021-11-12,地产/建筑,26,-0.06306767727683854,0.6923076923076923
2021-11-12,工业/制造,7,0.07749257026397213,0.5714285714285714
2021-11-12,新能源/汽车,1,-0.0470588235294116,1.0
2021-11-12,消费/零售,26,-0.01739587252951152,0.6923076923076923
2021-11-12,生物科技/医药,31,0.021803061252470047,0.5161290322580645
2021-11-12,金融,3,-0.06827403233064754,0.3333333333333333
2021-11-13,TMT/互联网,5,-0.014900541445231081,0.6
2021-11-13,其他,10,-0.005578567020518445,0.3
2021-11-13,地产/建筑,26,-0.06306767727683854,0.6923076923076923
2021-11-13,工业/制造,7,0.07749257026397213,0.5714285714285714
2021-11-13,新能源/汽车,1,-0.0470588235294116,1.0
2021-11-13,消费/零售,26,-0.01739587252951152,0.6923076923076923
2021-11-13,生物科技/医药,31,0.021803061252470047,0.5161290322580645
2021-11-13,金融,3,-0.06827403233064754,0.3333333333333333
2021-11-14,TMT/互联网,5,-0.014900541445231081,0.6
2021-11-14,其他,10,-0.005578567020518445,0.3
2021-11-14,地产/建筑,26,-0.06306767727683854,0.6923076923076923
2021-11-14,工业/制造,7,0.07749257026397213,0.5714285714285714
2021-11-14,新能源/汽车,1,-0.0470588235294116,1.0
2021-11-14,消费/零售,26,-0.01739587252951152,0.6923076923076923
2021-11-14,生物科技/医药,31,0.021803061252470047,0.5161290322580645
2021-11-14,金融,3,-0.06827403233064754,0.3333333333333333
2021-11-15,TMT/互联网,5,-0.014900541445231081,0.6
2021-11-15,其他,10,-0.005578567020518445,0.3
2021-11-15,地产/建筑,26,-0.06306767727683854,0.6923076923076923
2021-11-15,工业/制造,7,0.07749257026397213,0.5714285714285714
2021-11-15,新能源/汽车,1,-0.0470588235294116,1.0
2021-11-15,消费/零售,26,-0.01739587252951152,0.6923076923076923
2021-11-15,生物科技/医药,31,0.021803061252470047,0.5161290322580645
2021-11-15,金融,3,-0.06827403233064754,0.3333333333333333
2021-11-16,TMT/互联网,5,-0.014900541445231081,0.6
2021-11-16,其他,10,-0.005578567020518445,0.3
2021-11-16,地产/建筑,26,-0.06306767727683854,0.6923076923076923
2021-11-16,工业/制造,7,0.07749257026397213,0.5714285714285714
2021-11-16,新能源/汽车,1,-0.0470588235294116,1.0
2021-11-16,消费/零售,26,-0.01739587252951152,0.6923076923076923
2021-11-16,生物科技/医药,31,0.021803061252470047,0.5161290322580645
2021-11-16,金融,3,-0.06827403233064754,0.3333333333333333
2021-11-17,TMT/互联网,5,-0.014900541445231081,0.6
2021-11-17,其他,8,-0.0042375817281679285,0.25
2021-11-17,地产/建筑,26,-0.06306767727683854,0.6923076923076923
2021-11-17,工业/制造,7,0.07749257026397213,0.5714285714285714
2021-11-17,新能源/汽车,1,-0.0470588235294116,1.0
2021-11-17,消费/零售,26,-0.01739587252951152,0.6923076923076923
2021-11-17,生物科技/医药,31,0.021803061252470047,0.5161290322580645
2021-11-17,金融,3,-0.06827403233064754,0.3333333333333333
2021-11-18,TMT/互联网,5,-0.014900541445231081,0.6
2021-11-18,其他,7,-0.004943845349529252,0.2857142857142857
2021-11-18,地产/建筑,26,-0.06306767727683854,0.6923076923076923
2021-11-18,工业/制造,7,0.07749257026397213,0.5714285714285714
2021-11-18,新能源/汽车,1,-0.0470588235294116,1.0
2021-11-18,消费/零售,25,-0.021775917957007764,0.72
2021-11-18,生物科技/医药,31,0.021803061252470047,0.5161290322580645
2021-11-18,金融,3,-0.06827403233064754,0.3333333333333333
2021-11-19,TMT/互联网,5,-0.014900541445231081,0.6
2021-11-19,其他,7,-0.004943845349529252,0.2857142857142857
2021-11-19,地产/建筑,25,-0.07434900505756725,0.72
2021-11-19,工业/制造,7,0.07749257026397213,0.5714285714285714
2021-11-19,新能源/汽车,1,-0.0470588235294116,1.0
2021-11-19,消费/零售,25,-0.021775917957007764,0.72
2021-11-19,生物科技/医药,31,0.021803061252470047,0.5161290322580645
2021-11-19,金融,3,-0.06827403233064754,0.3333333333333333
2021-11-20,TMT/互联网,5,-0.014900541445231081,0.6
2021-11-20,其他,7,-0.004943845349529252,0.2857142857142857
2021-11-20,地产/建筑,25,-0.07434900505756725,0.72
2021-11-20,工业/制造,7,0.07749257026397213,0.5714285714285714
2021-11-20,新能源/汽车,1,-0.0470588235294116,1.0
2021-11-20,消费/零售,25,-0.021775917957007764,0.72
2021-11-20,生物科技/医药,30,0.024774727920069396,0.5
2021-11-20,金融,3,-0.06827403233064754,0.3333333333333333
2021-11-21,TMT/互联网,5,-0.014900541445231081,0.6
2021-11-21,其他,7,-0.004943845349529252,0.2857142857142857
2021-11-21,地产/建筑,25,-0.07434900505756725,0.72
2021-11-21,工业/制造,7,0.07749257026397213,0.5714285714285714
2021-11-21,新能源/汽车,1,-0.0470588235294116,1.0
2021-11-21,消费/零售,25,-0.021775917957007764,0.72
2021-11-21,生物科技/医药,30,0.024774727920069396,0.5
2021-11-21,金融,3,-0.06827403233064754,0.3333333333333333
2021-11-22,TMT/互联网,5,-0.014900541445231081,0.6
2021-11-22,其他,7,-0.004943845349529252,0.2857142857142857
2021-11-22,地产/建筑,25,-0.07434900505756725,0.72
2021-11-22,工业/制造,7,0.07749257026397213,0.5714285714285714
2021-11-22,新能源/汽车,1,-0.0470588235294116,1.0
2021-11-22,消费/零售,25,-0.021775917957007764,0.72
2021-11-22,生物科技/医药,30,0.024774727920069396,0.5
2021-11-22,金融,3,-0.06827403233064754,0.3333333333333333
2021-11-23,TMT/互联网,5,-0.014900541445231081,0.6
2021-11-23,其他,7,-0.004943845349529252,0.2857142857142857
2021-11-23,地产/建筑,25,-0.07434900505756725,0.72
2021-11-23,工业/制造,7,0.07749257026397213,0.5714285714285714
2021-11-23,新能源/汽车,1,-0.0470588235294116,1.0
2021-11-23,消费/零售,25,-0.021775917957007764,0.72
2021-11-23,生物科技/医药,30,0.024774727920069396,0.5
2021-11-23,金融,3,-0.06827403233064754,0.3333333333333333
2021-11-24,TMT/互联网,5,-0.014900541445231081,0.6
2021-11-24,其他,7,-0.004943845349529252,0.2857142857142857
2021-11-24,地产/建筑,25,-0.07434900505756725,0.72
2021-11-24,工业/制造,7,0.07749257026397213,0.5714285714285714
2021-11-24,新能源/汽车,1,-0.0470588235294116,1.0
2021-11-24,消费/零售,25,-0.021775917957007764,0.72
2021-11-24,生物科技/医药,30,0.024774727920069396,0.5
2021-11-24,金融,3,-0.06827403233064754,0.3333333333333333
2021-11-25,TMT/互联网,5,-0.014900541445231081,0.6
2021-11-25,其他,7,-0.004943845349529252,0.2857142857142857
2021-11-25,地产/建筑,25,-0.07434900505756725,0.72
2021-11-25,工业/制造,7,0.07749257026397213,0.5714285714285714
2021-11-25,新能源/汽车,1,-0.0470588235294116,1.0
2021-11-25,消费/零售,25,-0.021775917957007764,0.72
2021-11-25,生物科技/医药,30,0.024774727920069396,0.5
2021-11-25,金融,3,-0.06827403233064754,0.3333333333333333
2021-11-26,TMT/互联网,5,-0.014900541445231081,0.6
2021-11-26,其他,7,-0.004943845349529252,0.2857142857142857
2021-11-26,地产/建筑,25,-0.07434900505756725,0.72
2021-11-26,工业/制造,7,0.07749257026397213,0.5714285714285714
2021-11-26,新能源/汽车,1,-0.0470588235294116,1.0
2021-11-26,消费/零售,25,-0.021775917957007764,0.72
2021-11-26,生物科技/医药,30,0.024774727920069396,0.5
2021-11-26,金融,3,-0.06827403233064754,0.3333333333333333
2021-11-27,TMT/互联网,5,-0.014900541445231081,0.6
2021-11-27,其他,7,-0.004943845349529252,0.2857142857142857
2021-11-27,地产/建筑,25,-0.07434900505756725,0.72
2021-11-27,工业/制造,7,0.07749257026397213,0.5714285714285714
2021-11-27,新能源/汽车,1,-0.0470588235294116,1.0
2021-11-27,消费/零售,25,-0.021775917957007764,0.72
2021-11-27,生物科技/医药,30,0.024774727920069396,0.5
2021-11-27,金融,3,-0.06827403233064754,0.3333333333333333
2021-11-28,TMT/互联网,5,-0.014900541445231081,0.6
2021-11-28,其他,7,-0.004943845349529252,0.2857142857142857
2021-11-28,地产/建筑,25,-0.07434900505756725,0.72
2021-11-28,工业/制造,7,0.07749257026397213,0.5714285714285714
2021-11-28,新能源/汽车,1,-0.0470588235294116,1.0
2021-11-28,消费/零售,25,-0.021775917957007764,0.72
2021-11-28,生物科技/医药,30,0.024774727920069396,0.5
2021-11-28,金融,3,-0.06827403233064754,0.3333333333333333
2021-11-29,TMT/互联网,5,-0.014900541445231081,0.6
2021-11-29,其他,7,-0.004943845349529252,0.2857142857142857
2021-11-29,地产/建筑,25,-0.07434900505756725,0.72
2021-11-29,工业/制造,7,0.07749257026397213,0.5714285714285714
2021-11-29,新能源/汽车,1,-0.0470588235294116,1.0
2021-11-29,消费/零售,25,-0.021775917957007764,0.72
2021-11-29,生物科技/医药,30,0.024774727920069396,0.5
2021-11-29,金融,3,-0.06827403233064754,0.3333333333333333
2021-11-30,TMT/互联网,5,-0.014900541445231081,0.6
2021-11-30,其他,7,-0.004943845349529252,0.2857142857142857
2021-11-30,地产/建筑,25,-0.07434900505756725,0.72
2021-11-30,工业/制造,7,0.07749257026397213,0.5714285714285714
2021-11-30,新能源/汽车,1,-0.0470588235294116,1.0
2021-11-30,消费/零售,25,-0.021775917957007764,0.72
2021-11-30,生物科技/医药,30,0.024774727920069396,0.5
2021-11-30,金融,3,-0.06827403233064754,0.3333333333333333
2021-12-01,TMT/互联网,5,-0.014900541445231081,0.6
2021-12-01,其他,7,-0.004943845349529252,0.2857142857142857
2021-12-01,地产/建筑,25,-0.07434900505756725,0.72
2021-12-01,工业/制造,7,0.07749257026397213,0.5714285714285714
2021-12-01,新能源/汽车,1,-0.0470588235294116,1.0
2021-12-01,消费/零售,25,-0.021775917957007764,0.72
2021-12-01,生物科技/医药,30,0.024774727920069396,0.5
2021-12-01,金融,3,-0.06827403233064754,0.3333333333333333
2021-12-02,TMT/互联网,5,-0.014900541445231081,0.6
2021-12-02,其他,7,-0.004943845349529252,0.2857142857142857
2021-12-02,地产/建筑,24,-0.07716407483843497,0.7083333333333334
2021-12-02,工业/制造,7,0.07749257026397213,0.5714285714285714
2021-12-02,新能源/汽车,1,-0.0470588235294116,1.0
2021-12-02,消费/零售,26,-0.02189523068098776,0.7307692307692307
2021-12-02,生物科技/医药,30,0.024774727920069396,0.5
2021-12-02,金融,3,-0.06827403233064754,0.3333333333333333
2021-12-03,TMT/互联网,5,-0.014900541445231081,0.6
2021-12-03,其他,7,-0.004943845349529252,0.2857142857142857
2021-12-03,地产/建筑,24,-0.07716407483843497,0.7083333333333334
2021-12-03,工业/制造,7,0.07749257026397213,0.5714285714285714
2021-12-03,新能源/汽车,1,-0.0470588235294116,1.0
2021-12-03,消费/零售,26,-0.02189523068098776,0.7307692307692307
2021-12-03,生物科技/医药,30,0.024774727920069396,0.5
2021-12-03,金融,3,-0.06827403233064754,0.3333333333333333
2021-12-04,TMT/互联网,5,-0.014900541445231081,0.6
2021-12-04,其他,7,-0.004943845349529252,0.2857142857142857
2021-12-04,地产/建筑,24,-0.07716407483843497,0.7083333333333334
2021-12-04,工业/制造,7,0.07749257026397213,0.5714285714285714
2021-12-04,新能源/汽车,1,-0.0470588235294116,1.0
2021-12-04,消费/零售,26,-0.02189523068098776,0.7307692307692307
2021-12-04,生物科技/医药,30,0.024774727920069396,0.5
2021-12-04,金融,3,-0.06827403233064754,0.3333333333333333
2021-12-05,TMT/互联网,5,-0.014900541445231081,0.6
2021-12-05,其他,7,-0.004943845349529252,0.2857142857142857
2021-12-05,地产/建筑,24,-0.07716407483843497,0.7083333333333334
2021-12-05,工业/制造,7,0.07749257026397213,0.5714285714285714
2021-12-05,新能源/汽车,1,-0.0470588235294116,1.0
2021-12-05,消费/零售,26,-0.02189523068098776,0.7307692307692307
2021-12-05,生物科技/医药,30,0.024774727920069396,0.5
2021-12-05,金融,3,-0.06827403233064754,0.3333333333333333
2021-12-06,TMT/互联网,5,-0.014900541445231081,0.6
2021-12-06,其他,7,-0.004943845349529252,0.2857142857142857
2021-12-06,地产/建筑,24,-0.07716407483843497,0.7083333333333334
2021-12-06,工业/制造,7,0.07749257026397213,0.5714285714285714
2021-12-06,新能源/汽车,1,-0.0470588235294116,1.0
2021-12-06,消费/零售,26,-0.02189523068098776,0.7307692307692307
2021-12-06,生物科技/医药,30,0.024774727920069396,0.5
2021-12-06,金融,3,-0.06827403233064754,0.3333333333333333
2021-12-07,TMT/互联网,5,-0.014900541445231081,0.6
2021-12-07,其他,7,-0.004943845349529252,0.2857142857142857
2021-12-07,地产/建筑,23,-0.06633139159342413,0.6956521739130435
2021-12-07,工业/制造,7,0.07749257026397213,0.5714285714285714
2021-12-07,新能源/汽车,1,-0.0470588235294116,1.0
2021-12-07,消费/零售,26,-0.02189523068098776,0.7307692307692307
2021-12-07,生物科技/医药,30,0.024774727920069396,0.5
2021-12-07,金融,3,-0.06827403233064754,0.3333333333333333
2021-12-08,TMT/互联网,5,-0.014900541445231081,0.6
2021-12-08,其他,7,-0.004943845349529252,0.2857142857142857
2021-12-08,地产/建筑,23,-0.06633139159342413,0.6956521739130435
2021-12-08,工业/制造,7,0.07749257026397213,0.5714285714285714
2021-12-08,新能源/汽车,1,-0.0470588235294116,1.0
2021-12-08,消费/零售,27,-0.02151798516960067,0.7407407407407407
2021-12-08,生物科技/医药,29,0.019973126675204057,0.5172413793103449
2021-12-08,金融,3,-0.06827403233064754,0.3333333333333333
2021-12-09,TMT/互联网,5,-0.014900541445231081,0.6
2021-12-09,其他,7,-0.004943845349529252,0.2857142857142857
2021-12-09,地产/建筑,21,-0.06783375400509577,0.6666666666666666
2021-12-09,工业/制造,7,0.07749257026397213,0.5714285714285714
2021-12-09,新能源/汽车,1,-0.0470588235294116,1.0
2021-12-09,消费/零售,27,-0.02151798516960067,0.7407407407407407
2021-12-09,生物科技/医药,29,0.019973126675204057,0.5172413793103449
2021-12-09,金融,3,-0.06827403233064754,0.3333333333333333
2021-12-10,TMT/互联网,5,-0.014900541445231081,0.6
2021-12-10,其他,7,-0.004943845349529252,0.2857142857142857
2021-12-10,地产/建筑,20,-0.07122544170535057,0.7
2021-12-10,工业/制造,7,0.07749257026397213,0.5714285714285714
2021-12-10,新能源/汽车,1,-0.0470588235294116,1.0
2021-12-10,消费/零售,27,-0.02151798516960067,0.7407407407407407
2021-12-10,生物科技/医药,31,0.012461535021347434,0.5483870967741935
2021-12-10,金融,3,-0.06827403233064754,0.3333333333333333
2021-12-11,TMT/互联网,5,-0.014900541445231081,0.6
2021-12-11,其他,6,-0.007248403893119318,0.3333333333333333
2021-12-11,地产/建筑,20,-0.07122544170535057,0.7
2021-12-11,工业/制造,7,0.07749257026397213,0.5714285714285714
2021-12-11,新能源/汽车,1,-0.0470588235294116,1.0
2021-12-11,消费/零售,26,-0.01830489360847936,0.7307692307692307
2021-12-11,生物科技/医药,31,0.012461535021347434,0.5483870967741935
2021-12-11,金融,3,-0.06827403233064754,0.3333333333333333
2021-12-12,TMT/互联网,5,-0.014900541445231081,0.6
2021-12-12,其他,6,-0.007248403893119318,0.3333333333333333
2021-12-12,地产/建筑,20,-0.07122544170535057,0.7
2021-12-12,工业/制造,7,0.07749257026397213,0.5714285714285714
2021-12-12,新能源/汽车,1,-0.0470588235294116,1.0
2021-12-12,消费/零售,26,-0.01830489360847936,0.7307692307692307
2021-12-12,生物科技/医药,31,0.012461535021347434,0.5483870967741935
2021-12-12,金融,3,-0.06827403233064754,0.3333333333333333
2021-12-13,TMT/互联网,5,-0.014900541445231081,0.6
2021-12-13,其他,6,-0.007248403893119318,0.3333333333333333
2021-12-13,地产/建筑,20,-0.07122544170535057,0.7
2021-12-13,工业/制造,7,0.07749257026397213,0.5714285714285714
2021-12-13,新能源/汽车,1,-0.0470588235294116,1.0
2021-12-13,消费/零售,26,-0.01830489360847936,0.7307692307692307
2021-12-13,生物科技/医药,32,0.013737721188986172,0.53125
2021-12-13,金融,3,-0.06827403233064754,0.3333333333333333
2021-12-14,TMT/互联网,5,-0.014900541445231081,0.6
2021-12-14,其他,6,-0.007248403893119318,0.3333333333333333
2021-12-14,地产/建筑,20,-0.07122544170535057,0.7
2021-12-14,工业/制造,8,0.06533889371781774,0.625
2021-12-14,新能源/汽车,1,-0.0470588235294116,1.0
2021-12-14,消费/零售,26,-0.01830489360847936,0.7307692307692307
2021-12-14,生物科技/医药,32,0.013737721188986172,0.53125
2021-12-14,金融,3,-0.06827403233064754,0.3333333333333333
2021-12-15,TMT/互联网,5,-0.014900541445231081,0.6
2021-12-15,其他,6,-0.007248403893119318,0.3333333333333333
2021-12-15,地产/建筑,20,-0.07122544170535057,0.7
2021-12-15,工业/制造,8,0.06533889371781774,0.625
2021-12-15,新能源/汽车,1,-0.0470588235294116,1.0
2021-12-15,消费/零售,26,-0.01830489360847936,0.7307692307692307
2021-12-15,生物科技/医药,32,0.013737721188986172,0.53125
2021-12-15,金融,3,-0.06827403233064754,0.3333333333333333
2021-12-16,TMT/互联网,6,-0.004573980616123935,0.5
2021-12-16,其他,6,-0.007248403893119318,0.3333333333333333
2021-12-16,地产/建筑,20,-0.07122544170535057,0.7
2021-12-16,工业/制造,8,0.06533889371781774,0.625
2021-12-16,新能源/汽车,1,-0.0470588235294116,1.0
2021-12-16,消费/零售,25,-0.017888264287544385,0.72
2021-12-16,生物科技/医药,33,0.014142276186816327,0.5151515151515151
2021-12-16,金融,3,-0.06827403233064754,0.3333333333333333
2021-12-17,TMT/互联网,6,-0.004573980616123935,0.5
2021-12-17,其他,6,-0.007248403893119318,0.3333333333333333
2021-12-17,地产/建筑,20,-0.07588149678361346,0.7
2021-12-17,工业/制造,8,0.06533889371781774,0.625
2021-12-17,新能源/汽车,1,-0.0470588235294116,1.0
2021-12-17,消费/零售,24,-0.025438766225981943,0.75
2021-12-17,生物科技/医药,33,0.014142276186816327,0.5151515151515151
2021-12-17,金融,3,-0.06827403233064754,0.3333333333333333
2021-12-18,TMT/互联网,6,-0.004573980616123935,0.5
2021-12-18,其他,5,0.029401033595139302,0.2
2021-12-18,地产/建筑,20,-0.07588149678361346,0.7
2021-12-18,工业/制造,8,0.06533889371781774,0.625
2021-12-18,新能源/汽车,1,-0.0470588235294116,1.0
2021-12-18,消费/零售,24,-0.025438766225981943,0.75
2021-12-18,生物科技/医药,33,0.014142276186816327,0.5151515151515151
2021-12-18,金融,3,-0.06827403233064754,0.3333333333333333
2021-12-19,TMT/互联网,6,-0.004573980616123935,0.5
2021-12-19,其他,5,0.029401033595139302,0.2
2021-12-19,地产/建筑,20,-0.07588149678361346,0.7
2021-12-19,工业/制造,8,0.06533889371781774,0.625
2021-12-19,新能源/汽车,1,-0.0470588235294116,1.0
2021-12-19,消费/零售,24,-0.025438766225981943,0.75
2021-12-19,生物科技/医药,33,0.014142276186816327,0.5151515151515151
2021-12-19,金融,3,-0.06827403233064754,0.3333333333333333
2021-12-20,TMT/互联网,6,-0.004573980616123935,0.5
2021-12-20,其他,5,0.029401033595139302,0.2
2021-12-20,地产/建筑,20,-0.07588149678361346,0.7
2021-12-20,工业/制造,8,0.06533889371781774,0.625
2021-12-20,新能源/汽车,1,-0.0470588235294116,1.0
2021-12-20,消费/零售,24,-0.025438766225981943,0.75
2021-12-20,生物科技/医药,33,0.014142276186816327,0.5151515151515151
2021-12-20,金融,3,-0.06827403233064754,0.3333333333333333
2021-12-21,TMT/互联网,6,-0.004573980616123935,0.5
2021-12-21,其他,5,0.029401033595139302,0.2
2021-12-21,地产/建筑,20,-0.07588149678361346,0.7
2021-12-21,工业/制造,8,0.06533889371781774,0.625
2021-12-21,新能源/汽车,1,-0.0470588235294116,1.0
2021-12-21,消费/零售,24,-0.025438766225981943,0.75
2021-12-21,生物科技/医药,32,0.017634910678104906,0.5
2021-12-21,金融,3,-0.06827403233064754,0.3333333333333333
2021-12-22,TMT/互联网,6,-0.004573980616123935,0.5
2021-12-22,其他,5,0.029401033595139302,0.2
2021-12-22,地产/建筑,20,-0.07588149678361346,0.7
2021-12-22,工业/制造,8,0.06533889371781774,0.625
2021-12-22,新能源/汽车,1,-0.0470588235294116,1.0
2021-12-22,消费/零售,24,-0.025438766225981943,0.75
2021-12-22,生物科技/医药,32,0.017634910678104906,0.5
2021-12-22,金融,3,-0.06827403233064754,0.3333333333333333
2021-12-23,TMT/互联网,6,-0.004573980616123935,0.5
2021-12-23,其他,5,0.029401033595139302,0.2
2021-12-23,地产/建筑,20,-0.07588149678361346,0.7
2021-12-23,工业/制造,8,0.06533889371781774,0.625
2021-12-23,新能源/汽车,1,-0.0470588235294116,1.0
2021-12-23,消费/零售,24,-0.025438766225981943,0.75
2021-12-23,生物科技/医药,33,0.019058660174762234,0.48484848484848486
2021-12-23,金融,3,-0.06827403233064754,0.3333333333333333
2021-12-24,TMT/互联网,6,-0.004573980616123935,0.5
2021-12-24,其他,5,0.029401033595139302,0.2
2021-12-24,地产/建筑,20,-0.07588149678361346,0.7
2021-12-24,工业/制造,8,0.06533889371781774,0.625
2021-12-24,新能源/汽车,1,-0.0470588235294116,1.0
2021-12-24,消费/零售,24,-0.025438766225981943,0.75
2021-12-24,生物科技/医药,33,0.019058660174762234,0.48484848484848486
2021-12-24,金融,3,-0.06827403233064754,0.3333333333333333
2021-12-25,TMT/互联网,6,-0.004573980616123935,0.5
2021-12-25,其他,5,0.029401033595139302,0.2
2021-12-25,地产/建筑,20,-0.07588149678361346,0.7
2021-12-25,工业/制造,8,0.06533889371781774,0.625
2021-12-25,新能源/汽车,1,-0.0470588235294116,1.0
2021-12-25,消费/零售,24,-0.025438766225981943,0.75
2021-12-25,生物科技/医药,33,0.019058660174762234,0.48484848484848486
2021-12-25,金融,3,-0.06827403233064754,0.3333333333333333
2021-12-26,TMT/互联网,6,-0.004573980616123935,0.5
2021-12-26,其他,5,0.029401033595139302,0.2
2021-12-26,地产/建筑,20,-0.07588149678361346,0.7
2021-12-26,工业/制造,8,0.06533889371781774,0.625
2021-12-26,新能源/汽车,1,-0.0470588235294116,1.0
2021-12-26,消费/零售,24,-0.025438766225981943,0.75
2021-12-26,生物科技/医药,33,0.019058660174762234,0.48484848484848486
2021-12-26,金融,3,-0.06827403233064754,0.3333333333333333
2021-12-27,TMT/互联网,6,-0.004573980616123935,0.5
2021-12-27,其他,5,0.029401033595139302,0.2
2021-12-27,地产/建筑,20,-0.07588149678361346,0.7
2021-12-27,工业/制造,8,0.06533889371781774,0.625
2021-12-27,新能源/汽车,1,-0.0470588235294116,1.0
2021-12-27,消费/零售,24,-0.025438766225981943,0.75
2021-12-27,生物科技/医药,33,0.019058660174762234,0.48484848484848486
2021-12-27,金融,3,-0.06827403233064754,0.3333333333333333
2021-12-28,TMT/互联网,6,-0.004573980616123935,0.5
2021-12-28,其他,5,0.029401033595139302,0.2
2021-12-28,地产/建筑,20,-0.07588149678361346,0.7
2021-12-28,工业/制造,8,0.06533889371781774,0.625
2021-12-28,新能源/汽车,1,-0.0470588235294116,1.0
2021-12-28,消费/零售,24,-0.025438766225981943,0.75
2021-12-28,生物科技/医药,32,0.022285822252591972,0.46875
2021-12-28,金融,3,-0.06827403233064754,0.3333333333333333
2021-12-29,TMT/互联网,6,-0.004573980616123935,0.5
2021-12-29,其他,5,0.029401033595139302,0.2
2021-12-29,地产/建筑,20,-0.07588149678361346,0.7
2021-12-29,工业/制造,8,0.06533889371781774,0.625
2021-12-29,新能源/汽车,0,,
2021-12-29,消费/零售,23,-0.027787035564999788,0.782608695652174
2021-12-29,生物科技/医药,32,0.022285822252591972,0.46875
2021-12-29,金融,3,-0.06827403233064754,0.3333333333333333
2021-12-30,TMT/互联网,7,0.004117442993998243,0.42857142857142855
2021-12-30,其他,5,0.029401033595139302,0.2
2021-12-30,地产/建筑,19,-0.07918950630059775,0.6842105263157895
2021-12-30,工业/制造,8,0.06533889371781774,0.625
2021-12-30,新能源/汽车,0,,
2021-12-30,消费/零售,24,-0.023250864038079747,0.75
2021-12-30,生物科技/医药,33,0.027128496788644842,0.45454545454545453
2021-12-30,金融,2,0.030964425587467398,0.0
2021-12-31,TMT/互联网,7,0.004117442993998243,0.42857142857142855
2021-12-31,其他,5,0.029401033595139302,0.2
2021-12-31,地产/建筑,19,-0.07918950630059775,0.6842105263157895
2021-12-31,工业/制造,8,0.06533889371781774,0.625
2021-12-31,新能源/汽车,0,,
2021-12-31,消费/零售,24,-0.023250864038079747,0.75
2021-12-31,生物科技/医药,33,0.027128496788644842,0.45454545454545453
2021-12-31,金融,2,0.030964425587467398,0.0
2022-01-01,TMT/互联网,7,0.004117442993998243,0.42857142857142855
2022-01-01,其他,5,0.029401033595139302,0.2
2022-01-01,地产/建筑,19,-0.07918950630059775,0.6842105263157895
2022-01-01,工业/制造,8,0.06533889371781774,0.625
2022-01-01,新能源/汽车,0,,
2022-01-01,消费/零售,24,-0.023250864038079747,0.75
2022-01-01,生物科技/医药,33,0.027128496788644842,0.45454545454545453
2022-01-01,金融,2,0.030964425587467398,0.0
2022-01-02,TMT/互联网,7,0.004117442993998243,0.42857142857142855
2022-01-02,其他,5,0.029401033595139302,0.2
2022-01-02,地产/建筑,19,-0.07918950630059775,0.6842105263157895
2022-01-02,工业/制造,8,0.06533889371781774,0.625
2022-01-02,新能源/汽车,0,,
2022-01-02,消费/零售,24,-0.023250864038079747,0.75
2022-01-02,生物科技/医药,33,0.027128496788644842,0.45454545454545453
2022-01-02,金融,2,0.030964425587467398,0.0
2022-01-03,TMT/互联网,7,0.004117442993998243,0.42857142857142855
2022-01-03,其他,5,0.029401033595139302,0.2
2022-01-03,地产/建筑,19,-0.07918950630059775,0.6842105263157895
2022-01-03,工业/制造,8,0.06533889371781774,0.625
2022-01-03,新能源/汽车,0,,
2022-01-03,消费/零售,24,-0.023250864038079747,0.75
2022-01-03,生物科技/医药,33,0.027128496788644842,0.45454545454545453
2022-01-03,金融,2,0.030964425587467398,0.0
2022-01-04,TMT/互联网,7,0.004117442993998243,0.42857142857142855
2022-01-04,其他,5,0.029401033595139302,0.2
2022-01-04,地产/建筑,19,-0.07918950630059775,0.6842105263157895
2022-01-04,工业/制造,8,0.06533889371781774,0.625
2022-01-04,新能源/汽车,0,,
2022-01-04,消费/零售,24,-0.023250864038079747,0.75
2022-01-04,生物科技/医药,33,0.027128496788644842,0.45454545454545453
2022-01-04,金融,2,0.030964425587467398,0.0
2022-01-05,TMT/互联网,7,0.004117442993998243,0.42857142857142855
2022-01-05,其他,5,0.029401033595139302,0.2
2022-01-05,地产/建筑,19,-0.07918950630059775,0.6842105263157895
2022-01-05,工业/制造,8,0.06533889371781774,0.625
2022-01-05,新能源/汽车,0,,
2022-01-05,消费/零售,24,-0.023250864038079747,0.75
2022-01-05,生物科技/医药,33,0.027128496788644842,0.45454545454545453
2022-01-05,金融,2,0.030964425587467398,0.0
2022-01-06,TMT/互联网,6,0.005612744981671098,0.3333333333333333
2022-01-06,其他,5,0.029401033595139302,0.2
2022-01-06,地产/建筑,18,-0.0852639651933445,0.7222222222222222
2022-01-06,工业/制造,8,0.06533889371781774,0.625
2022-01-06,新能源/汽车,0,,
2022-01-06,消费/零售,24,-0.023250864038079747,0.75
2022-01-06,生物科技/医药,33,0.027128496788644842,0.45454545454545453
2022-01-06,金融,2,0.030964425587467398,0.0
2022-01-07,TMT/互联网,6,0.005612744981671098,0.3333333333333333
2022-01-07,其他,5,0.029401033595139302,0.2
2022-01-07,地产/建筑,18,-0.0852639651933445,0.7222222222222222
2022-01-07,工业/制造,8,0.06533889371781774,0.625
2022-01-07,新能源/汽车,0,,
2022-01-07,消费/零售,24,-0.023250864038079747,0.75
2022-01-07,生物科技/医药,33,0.027128496788644842,0.45454545454545453
2022-01-07,金融,2,0.030964425587467398,0.0
2022-01-08,TMT/互联网,6,0.005612744981671098,0.3333333333333333
2022-01-08,其他,5,0.029401033595139302,0.2
2022-01-08,地产/建筑,18,-0.0852639651933445,0.7222222222222222
2022-01-08,工业/制造,8,0.06533889371781774,0.625
2022-01-08,新能源/汽车,0,,
2022-01-08,消费/零售,24,-0.023250864038079747,0.75
2022-01-08,生物科技/医药,33,0.027128496788644842,0.45454545454545453
2022-01-08,金融,2,0.030964425587467398,0.0
2022-01-09,TMT/互联网,6,0.005612744981671098,0.3333333333333333
2022-01-09,其他,5,0.029401033595139302,0.2
2022-01-09,地产/建筑,18,-0.0852639651933445,0.7222222222222222
2022-01-09,工业/制造,8,0.06533889371781774,0.625
2022-01-09,新能源/汽车,0,,
2022-01-09,消费/零售,24,-0.023250864038079747,0.75
2022-01-09,生物科技/医药,33,0.027128496788644842,0.45454545454545453
2022-01-09,金融,2,0.030964425587467398,0.0
2022-01-10,TMT/互联网,6,0.005612744981671098,0.3333333333333333
2022-01-10,其他,5,0.029401033595139302,0.2
2022-01-10,地产/建筑,18,-0.0852639651933445,0.7222222222222222
2022-01-10,工业/制造,8,0.06533889371781774,0.625
2022-01-10,新能源/汽车,0,,
2022-01-10,消费/零售,24,-0.023250864038079747,0.75
2022-01-10,生物科技/医药,33,0.027128496788644842,0.45454545454545453
2022-01-10,金融,2,0.030964425587467398,0.0
2022-01-11,TMT/互联网,6,0.005612744981671098,0.3333333333333333
2022-01-11,其他,5,0.029401033595139302,0.2
2022-01-11,地产/建筑,18,-0.0852639651933445,0.7222222222222222
2022-01-11,工业/制造,9,0.05457945408337955,0.6666666666666666
2022-01-11,新能源/汽车,0,,
2022-01-11,消费/零售,24,-0.023250864038079747,0.75
2022-01-11,生物科技/医药,33,0.027128496788644842,0.45454545454545453
2022-01-11,金融,2,0.030964425587467398,0.0
2022-01-12,TMT/互联网,6,0.005612744981671098,0.3333333333333333
2022-01-12,其他,5,0.029401033595139302,0.2
2022-01-12,地产/建筑,18,-0.0852639651933445,0.7222222222222222
2022-01-12,工业/制造,9,0.05457945408337955,0.6666666666666666
2022-01-12,新能源/汽车,0,,
2022-01-12,消费/零售,24,-0.023250864038079747,0.75
2022-01-12,生物科技/医药,33,0.027128496788644842,0.45454545454545453
2022-01-12,金融,2,0.030964425587467398,0.0
2022-01-13,TMT/互联网,6,0.005612744981671098,0.3333333333333333
2022-01-13,其他,5,0.029401033595139302,0.2
2022-01-13,地产/建筑,18,-0.0852639651933445,0.7222222222222222
2022-01-13,工业/制造,6,0.07101640288098672,0.8333333333333334
2022-01-13,新能源/汽车,0,,
2022-01-13,消费/零售,23,-0.023744172826484874,0.7391304347826086
2022-01-13,生物科技/医药,33,0.027128496788644842,0.45454545454545453
2022-01-13,金融,2,0.030964425587467398,0.0
2022-01-14,TMT/互联网,6,0.005612744981671098,0.3333333333333333
2022-01-14,其他,5,0.029401033595139302,0.2
2022-01-14,地产/建筑,18,-0.0852639651933445,0.7222222222222222
2022-01-14,工业/制造,7,0.04881183326719085,0.8571428571428571
2022-01-14,新能源/汽车,0,,
2022-01-14,消费/零售,23,-0.023744172826484874,0.7391304347826086
2022-01-14,生物科技/医药,33,0.027128496788644842,0.45454545454545453
2022-01-14,金融,2,0.030964425587467398,0.0
2022-01-15,TMT/互联网,6,0.005612744981671098,0.3333333333333333
2022-01-15,其他,5,0.029401033595139302,0.2
2022-01-15,地产/建筑,17,-0.08825743373412948,0.7058823529411765
2022-01-15,工业/制造,7,0.04881183326719085,0.8571428571428571
2022-01-15,新能源/汽车,0,,
2022-01-15,消费/零售,21,-0.04625362185917932,0.7619047619047619
2022-01-15,生物科技/医药,31,0.022548516528424926,0.4838709677419355
2022-01-15,金融,2,0.030964425587467398,0.0
2022-01-16,TMT/互联网,6,0.005612744981671098,0.3333333333333333
2022-01-16,其他,5,0.029401033595139302,0.2
2022-01-16,地产/建筑,17,-0.08825743373412948,0.7058823529411765
2022-01-16,工业/制造,7,0.04881183326719085,0.8571428571428571
2022-01-16,新能源/汽车,0,,
2022-01-16,消费/零售,21,-0.04625362185917932,0.7619047619047619
2022-01-16,生物科技/医药,31,0.022548516528424926,0.4838709677419355
2022-01-16,金融,2,0.030964425587467398,0.0
2022-01-17,TMT/互联网,6,0.005612744981671098,0.3333333333333333
2022-01-17,其他,5,0.029401033595139302,0.2
2022-01-17,地产/建筑,17,-0.08825743373412948,0.7058823529411765
2022-01-17,工业/制造,7,0.04881183326719085,0.8571428571428571
2022-01-17,新能源/汽车,0,,
2022-01-17,消费/零售,22,-0.04782251317327257,0.7727272727272727
2022-01-17,生物科技/医药,31,0.022548516528424926,0.4838709677419355
2022-01-17,金融,2,0.030964425587467398,0.0
2022-01-18,TMT/互联网,6,0.005612744981671098,0.3333333333333333
2022-01-18,其他,5,0.029401033595139302,0.2
2022-01-18,地产/建筑,16,-0.07571796778695702,0.6875
2022-01-18,工业/制造,7,0.04881183326719085,0.8571428571428571
2022-01-18,新能源/汽车,0,,
2022-01-18,消费/零售,22,-0.04782251317327257,0.7727272727272727
2022-01-18,生物科技/医药,31,0.022548516528424926,0.4838709677419355
2022-01-18,金融,2,0.030964425587467398,0.0
2022-01-19,TMT/互联网,6,0.005612744981671098,0.3333333333333333
2022-01-19,其他,5,0.029401033595139302,0.2
2022-01-19,地产/建筑,16,-0.07571796778695702,0.6875
2022-01-19,工业/制造,7,0.04881183326719085,0.8571428571428571
2022-01-19,新能源/汽车,0,,
2022-01-19,消费/零售,22,-0.04782251317327257,0.7727272727272727
2022-01-19,生物科技/医药,30,0.02505013374603909,0.4666666666666667
2022-01-19,金融,2,0.030964425587467398,0.0
2022-01-20,TMT/互联网,6,0.005612744981671098,0.3333333333333333
2022-01-20,其他,5,0.029401033595139302,0.2
2022-01-20,地产/建筑,16,-0.07571796778695702,0.6875
2022-01-20,工业/制造,7,0.04881183326719085,0.8571428571428571
2022-01-20,新能源/汽车,0,,
2022-01-20,消费/零售,22,-0.04782251317327257,0.7727272727272727
2022-01-20,生物科技/医药,30,0.02505013374603909,0.4666666666666667
2022-01-20,金融,2,0.030964425587467398,0.0
2022-01-21,TMT/互联网,6,0.005612744981671098,0.3333333333333333
2022-01-21,其他,5,0.029401033595139302,0.2
2022-01-21,地产/建筑,16,-0.07571796778695702,0.6875
2022-01-21,工业/制造,7,0.04881183326719085,0.8571428571428571
2022-01-21,新能源/汽车,0,,
2022-01-21,消费/零售,22,-0.04782251317327257,0.7727272727272727
2022-01-21,生物科技/医药,30,0.02505013374603909,0.4666666666666667
2022-01-21,金融,2,0.030964425587467398,0.0
2022-01-22,TMT/互联网,6,0.005612744981671098,0.3333333333333333
2022-01-22,其他,5,0.029401033595139302,0.2
2022-01-22,地产/建筑,16,-0.07571796778695702,0.6875
2022-01-22,工业/制造,7,0.04881183326719085,0.8571428571428571
2022-01-22,新能源/汽车,0,,
2022-01-22,消费/零售,22,-0.04782251317327257,0.7727272727272727
2022-01-22,生物科技/医药,30,0.02505013374603909,0.4666666666666667
2022-01-22,金融,2,0.030964425587467398,0.0
2022-01-23,TMT/互联网,6,0.005612744981671098,0.3333333333333333
2022-01-23,其他,5,0.029401033595139302,0.2
2022-01-23,地产/建筑,16,-0.07571796778695702,0.6875
2022-01-23,工业/制造,7,0.04881183326719085,0.8571428571428571
2022-01-23,新能源/汽车,0,,
2022-01-23,消费/零售,22,-0.04782251317327257,0.7727272727272727
2022-01-23,生物科技/医药,30,0.02505013374603909,0.4666666666666667
2022-01-23,金融,2,0.030964425587467398,0.0
2022-01-24,TMT/互联网,6,0.005612744981671098,0.3333333333333333
2022-01-24,其他,5,0.029401033595139302,0.2
2022-01-24,地产/建筑,16,-0.07571796778695702,0.6875
2022-01-24,工业/制造,7,0.04881183326719085,0.8571428571428571
2022-01-24,新能源/汽车,0,,
2022-01-24,消费/零售,22,-0.04782251317327257,0.7727272727272727
2022-01-24,生物科技/医药,30,0.02505013374603909,0.4666666666666667
2022-01-24,金融,2,0.030964425587467398,0.0
2022-01-25,TMT/互联网,6,0.005612744981671098,0.3333333333333333
2022-01-25,其他,5,0.029401033595139302,0.2
2022-01-25,地产/建筑,16,-0.07571796778695702,0.6875
2022-01-25,工业/制造,7,0.04881183326719085,0.8571428571428571
2022-01-25,新能源/汽车,0,,
2022-01-25,消费/零售,22,-0.04782251317327257,0.7727272727272727
2022-01-25,生物科技/医药,30,0.02505013374603909,0.4666666666666667
2022-01-25,金融,2,0.030964425587467398,0.0
2022-01-26,TMT/互联网,6,0.005612744981671098,0.3333333333333333
2022-01-26,其他,5,0.029401033595139302,0.2
2022-01-26,地产/建筑,15,-0.07470522624548143,0.6666666666666666
2022-01-26,工业/制造,7,0.04881183326719085,0.8571428571428571
2022-01-26,新能源/汽车,0,,
2022-01-26,消费/零售,22,-0.04782251317327257,0.7727272727272727
2022-01-26,生物科技/医药,30,0.02505013374603909,0.4666666666666667
2022-01-26,金融,2,0.030964425587467398,0.0
2022-01-27,TMT/互联网,7,-0.03158234026014285,0.42857142857142855
2022-01-27,其他,5,0.029401033595139302,0.2
2022-01-27,地产/建筑,15,-0.07470522624548143,0.6666666666666666
2022-01-27,工业/制造,7,0.04881183326719085,0.8571428571428571
2022-01-27,新能源/汽车,0,,
2022-01-27,消费/零售,22,-0.04782251317327257,0.7727272727272727
2022-01-27,生物科技/医药,30,0.02505013374603909,0.4666666666666667
2022-01-27,金融,2,0.030964425587467398,0.0
2022-01-28,TMT/互联网,7,-0.03158234026014285,0.42857142857142855
2022-01-28,其他,5,0.029401033595139302,0.2
2022-01-28,地产/建筑,15,-0.07470522624548143,0.6666666666666666
2022-01-28,工业/制造,7,0.04881183326719085,0.8571428571428571
2022-01-28,新能源/汽车,0,,
2022-01-28,消费/零售,22,-0.04782251317327257,0.7727272727272727
2022-01-28,生物科技/医药,30,0.02505013374603909,0.4666666666666667
2022-01-28,金融,2,0.030964425587467398,0.0
2022-01-29,TMT/互联网,7,-0.03158234026014285,0.42857142857142855
2022-01-29,其他,5,0.029401033595139302,0.2
2022-01-29,地产/建筑,15,-0.07470522624548143,0.6666666666666666
2022-01-29,工业/制造,7,0.04881183326719085,0.8571428571428571
2022-01-29,新能源/汽车,0,,
2022-01-29,消费/零售,22,-0.04782251317327257,0.7727272727272727
2022-01-29,生物科技/医药,30,0.02505013374603909,0.4666666666666667
2022-01-29,金融,2,0.030964425587467398,0.0
2022-01-30,TMT/互联网,7,-0.03158234026014285,0.42857142857142855
2022-01-30,其他,5,0.029401033595139302,0.2
2022-01-30,地产/建筑,15,-0.07470522624548143,0.6666666666666666
2022-01-30,工业/制造,7,0.04881183326719085,0.8571428571428571
2022-01-30,新能源/汽车,0,,
2022-01-30,消费/零售,22,-0.04782251317327257,0.7727272727272727
2022-01-30,生物科技/医药,30,0.02505013374603909,0.4666666666666667
2022-01-30,金融,2,0.030964425587467398,0.0
2022-01-31,TMT/互联网,7,-0.03158234026014285,0.42857142857142855
2022-01-31,其他,5,0.029401033595139302,0.2
2022-01-31,地产/建筑,15,-0.07470522624548143,0.6666666666666666
2022-01-31,工业/制造,7,0.04881183326719085,0.8571428571428571
2022-01-31,新能源/汽车,0,,
2022-01-31,消费/零售,22,-0.04782251317327257,0.7727272727272727
2022-01-31,生物科技/医药,30,0.02505013374603909,0.4666666666666667
2022-01-31,金融,2,0.030964425587467398,0.0
2022-02-01,TMT/互联网,7,-0.03158234026014285,0.42857142857142855
2022-02-01,其他,5,0.029401033595139302,0.2
2022-02-01,地产/建筑,15,-0.07470522624548143,0.6666666666666666
2022-02-01,工业/制造,7,0.04881183326719085,0.8571428571428571
2022-02-01,新能源/汽车,0,,
2022-02-01,消费/零售,22,-0.04782251317327257,0.7727272727272727
2022-02-01,生物科技/医药,30,0.02505013374603909,0.4666666666666667
2022-02-01,金融,2,0.030964425587467398,0.0
2022-02-02,TMT/互联网,7,-0.03158234026014285,0.42857142857142855
2022-02-02,其他,5,0.029401033595139302,0.2
2022-02-02,地产/建筑,15,-0.07470522624548143,0.6666666666666666
2022-02-02,工业/制造,7,0.04881183326719085,0.8571428571428571
2022-02-02,新能源/汽车,0,,
2022-02-02,消费/零售,22,-0.04782251317327257,0.7727272727272727
2022-02-02,生物科技/医药,30,0.02505013374603909,0.4666666666666667
2022-02-02,金融,2,0.030964425587467398,0.0
2022-02-03,TMT/互联网,7,-0.03158234026014285,0.42857142857142855
2022-02-03,其他,5,0.029401033595139302,0.2
2022-02-03,地产/建筑,15,-0.07470522624548143,0.6666666666666666
2022-02-03,工业/制造,7,0.04881183326719085,0.8571428571428571
2022-02-03,新能源/汽车,0,,
2022-02-03,消费/零售,22,-0.04782251317327257,0.7727272727272727
2022-02-03,生物科技/医药,30,0.02505013374603909,0.4666666666666667
2022-02-03,金融,2,0.030964425587467398,0.0
2022-02-04,TMT/互联网,7,-0.03158234026014285,0.42857142857142855
2022-02-04,其他,5,0.029401033595139302,0.2
2022-02-04,地产/建筑,15,-0.07470522624548143,0.6666666666666666
2022-02-04,工业/制造,7,0.04881183326719085,0.8571428571428571
2022-02-04,新能源/汽车,0,,
2022-02-04,消费/零售,22,-0.04782251317327257,0.7727272727272727
2022-02-04,生物科技/医药,29,0.030212247419719663,0.4482758620689655
2022-02-04,金融,2,0.030964425587467398,0.0
2022-02-05,TMT/互联网,7,-0.03158234026014285,0.42857142857142855
2022-02-05,其他,5,0.029401033595139302,0.2
2022-02-05,地产/建筑,15,-0.07470522624548143,0.6666666666666666
2022-02-05,工业/制造,7,0.04881183326719085,0.8571428571428571
2022-02-05,新能源/汽车,0,,
2022-02-05,消费/零售,21,-0.04474615496709704,0.7619047619047619
2022-02-05,生物科技/医药,28,0.014881989846871809,0.4642857142857143
2022-02-05,金融,2,0.030964425587467398,0.0
2022-02-06,TMT/互联网,7,-0.03158234026014285,0.42857142857142855
2022-02-06,其他,5,0.029401033595139302,0.2
2022-02-06,地产/建筑,15,-0.07470522624548143,0.6666666666666666
2022-02-06,工业/制造,7,0.04881183326719085,0.8571428571428571
2022-02-06,新能源/汽车,0,,
2022-02-06,消费/零售,21,-0.04474615496709704,0.7619047619047619
2022-02-06,生物科技/医药,28,0.014881989846871809,0.4642857142857143
2022-02-06,金融,2,0.030964425587467398,0.0
2022-02-07,TMT/互联网,7,-0.03158234026014285,0.42857142857142855
2022-02-07,其他,5,0.029401033595139302,0.2
2022-02-07,地产/建筑,15,-0.07470522624548143,0.6666666666666666
2022-02-07,工业/制造,7,0.04881183326719085,0.8571428571428571
2022-02-07,新能源/汽车,0,,
2022-02-07,消费/零售,21,-0.04474615496709704,0.7619047619047619
2022-02-07,生物科技/医药,28,0.014881989846871809,0.4642857142857143
2022-02-07,金融,2,0.030964425587467398,0.0
2022-02-08,TMT/互联网,7,-0.03158234026014285,0.42857142857142855
2022-02-08,其他,5,0.029401033595139302,0.2
2022-02-08,地产/建筑,15,-0.07470522624548143,0.6666666666666666
2022-02-08,工业/制造,7,0.04881183326719085,0.8571428571428571
2022-02-08,新能源/汽车,0,,
2022-02-08,消费/零售,21,-0.04474615496709704,0.7619047619047619
2022-02-08,生物科技/医药,27,0.018272680828854714,0.4444444444444444
2022-02-08,金融,2,0.030964425587467398,0.0
2022-02-09,TMT/互联网,7,-0.03158234026014285,0.42857142857142855
2022-02-09,其他,5,0.029401033595139302,0.2
2022-02-09,地产/建筑,15,-0.07470522624548143,0.6666666666666666
2022-02-09,工业/制造,7,0.04881183326719085,0.8571428571428571
2022-02-09,新能源/汽车,0,,
2022-02-09,消费/零售,21,-0.04474615496709704,0.7619047619047619
2022-02-09,生物科技/医药,27,0.018272680828854714,0.4444444444444444
2022-02-09,金融,2,0.030964425587467398,0.0
2022-02-10,TMT/互联网,7,-0.03158234026014285,0.42857142857142855
2022-02-10,其他,5,0.029401033595139302,0.2
2022-02-10,地产/建筑,15,-0.07470522624548143,0.6666666666666666
2022-02-10,工业/制造,7,0.04881183326719085,0.8571428571428571
2022-02-10,新能源/汽车,0,,
2022-02-10,消费/零售,21,-0.04474615496709704,0.7619047619047619
2022-02-10,生物科技/医药,27,0.018272680828854714,0.4444444444444444
2022-02-10,金融,2,0.030964425587467398,0.0
2022-02-11,TMT/互联网,7,-0.03158234026014285,0.42857142857142855
2022-02-11,其他,5,0.029401033595139302,0.2
2022-02-11,地产/建筑,15,-0.07470522624548143,0.6666666666666666
2022-02-11,工业/制造,7,0.04881183326719085,0.8571428571428571
2022-02-11,新能源/汽车,0,,
2022-02-11,消费/零售,21,-0.04474615496709704,0.7619047619047619
2022-02-11,生物科技/医药,27,0.018272680828854714,0.4444444444444444
2022-02-11,金融,2,0.030964425587467398,0.0
2022-02-12,TMT/互联网,7,-0.03158234026014285,0.42857142857142855
2022-02-12,其他,5,0.029401033595139302,0.2
2022-02-12,地产/建筑,15,-0.07470522624548143,0.6666666666666666
2022-02-12,工业/制造,7,0.04881183326719085,0.8571428571428571
2022-02-12,新能源/汽车,0,,
2022-02-12,消费/零售,21,-0.04474615496709704,0.7619047619047619
2022-02-12,生物科技/医药,27,0.018272680828854714,0.4444444444444444
2022-02-12,金融,2,0.030964425587467398,0.0
2022-02-13,TMT/互联网,7,-0.03158234026014285,0.42857142857142855
2022-02-13,其他,5,0.029401033595139302,0.2
2022-02-13,地产/建筑,15,-0.07470522624548143,0.6666666666666666
2022-02-13,工业/制造,7,0.04881183326719085,0.8571428571428571
2022-02-13,新能源/汽车,0,,
2022-02-13,消费/零售,21,-0.04474615496709704,0.7619047619047619
2022-02-13,生物科技/医药,27,0.018272680828854714,0.4444444444444444
2022-02-13,金融,2,0.030964425587467398,0.0
2022-02-14,TMT/互联网,7,-0.03158234026014285,0.42857142857142855
2022-02-14,其他,5,0.029401033595139302,0.2
2022-02-14,地产/建筑,15,-0.07470522624548143,0.6666666666666666
2022-02-14,工业/制造,7,0.04881183326719085,0.8571428571428571
2022-02-14,新能源/汽车,0,,
2022-02-14,消费/零售,21,-0.04474615496709704,0.7619047619047619
2022-02-14,生物科技/医药,27,0.018272680828854714,0.4444444444444444
2022-02-14,金融,2,0.030964425587467398,0.0
2022-02-15,TMT/互联网,7,-0.03158234026014285,0.42857142857142855
2022-02-15,其他,5,0.029401033595139302,0.2
2022-02-15,地产/建筑,15,-0.07470522624548143,0.6666666666666666
2022-02-15,工业/制造,7,0.04881183326719085,0.8571428571428571
2022-02-15,新能源/汽车,0,,
2022-02-15,消费/零售,21,-0.04474615496709704,0.7619047619047619
2022-02-15,生物科技/医药,27,0.018272680828854714,0.4444444444444444
2022-02-15,金融,2,0.030964425587467398,0.0
2022-02-16,TMT/互联网,7,-0.03158234026014285,0.42857142857142855
2022-02-16,其他,5,0.029401033595139302,0.2
2022-02-16,地产/建筑,15,-0.07470522624548143,0.6666666666666666
2022-02-16,工业/制造,7,0.04881183326719085,0.8571428571428571
2022-02-16,新能源/汽车,0,,
2022-02-16,消费/零售,21,-0.04474615496709704,0.7619047619047619
2022-02-16,生物科技/医药,27,0.018272680828854714,0.4444444444444444
2022-02-16,金融,2,0.030964425587467398,0.0
2022-02-17,TMT/互联网,7,-0.03158234026014285,0.42857142857142855
2022-02-17,其他,5,0.029401033595139302,0.2
2022-02-17,地产/建筑,15,-0.07470522624548143,0.6666666666666666
2022-02-17,工业/制造,7,0.04881183326719085,0.8571428571428571
2022-02-17,新能源/汽车,0,,
2022-02-17,消费/零售,21,-0.04474615496709704,0.7619047619047619
2022-02-17,生物科技/医药,27,0.018272680828854714,0.4444444444444444
2022-02-17,金融,2,0.030964425587467398,0.0
2022-02-18,TMT/互联网,7,-0.03158234026014285,0.42857142857142855
2022-02-18,其他,4,0.004113658828606801,0.25
2022-02-18,地产/建筑,15,-0.07470522624548143,0.6666666666666666
2022-02-18,工业/制造,7,0.04881183326719085,0.8571428571428571
2022-02-18,新能源/汽车,0,,
2022-02-18,消费/零售,22,-0.041094453632354234,0.7272727272727273
2022-02-18,生物科技/医药,28,0.01649699433923479,0.4642857142857143
2022-02-18,金融,2,0.030964425587467398,0.0
2022-02-19,TMT/互联网,6,-0.04679631239305221,0.5
2022-02-19,其他,4,0.004113658828606801,0.25
2022-02-19,地产/建筑,15,-0.07470522624548143,0.6666666666666666
2022-02-19,工业/制造,7,0.04881183326719085,0.8571428571428571
2022-02-19,新能源/汽车,0,,
2022-02-19,消费/零售,22,-0.041094453632354234,0.7272727272727273
2022-02-19,生物科技/医药,28,0.01649699433923479,0.4642857142857143
2022-02-19,金融,2,0.030964425587467398,0.0
2022-02-20,TMT/互联网,6,-0.04679631239305221,0.5
2022-02-20,其他,4,0.004113658828606801,0.25
2022-02-20,地产/建筑,15,-0.07470522624548143,0.6666666666666666
2022-02-20,工业/制造,7,0.04881183326719085,0.8571428571428571
2022-02-20,新能源/汽车,0,,
2022-02-20,消费/零售,22,-0.041094453632354234,0.7272727272727273
2022-02-20,生物科技/医药,28,0.01649699433923479,0.4642857142857143
2022-02-20,金融,2,0.030964425587467398,0.0
2022-02-21,TMT/互联网,6,-0.04679631239305221,0.5
2022-02-21,其他,4,0.004113658828606801,0.25
2022-02-21,地产/建筑,15,-0.07470522624548143,0.6666666666666666
2022-02-21,工业/制造,7,0.04881183326719085,0.8571428571428571
2022-02-21,新能源/汽车,0,,
2022-02-21,消费/零售,22,-0.041094453632354234,0.7272727272727273
2022-02-21,生物科技/医药,28,0.01649699433923479,0.4642857142857143
2022-02-21,金融,2,0.030964425587467398,0.0
2022-02-22,TMT/互联网,6,-0.04679631239305221,0.5
2022-02-22,其他,4,0.004113658828606801,0.25
2022-02-22,地产/建筑,15,-0.07470522624548143,0.6666666666666666
2022-02-22,工业/制造,7,0.04881183326719085,0.8571428571428571
2022-02-22,新能源/汽车,0,,
2022-02-22,消费/零售,22,-0.041094453632354234,0.7272727272727273
2022-02-22,生物科技/医药,28,0.01649699433923479,0.4642857142857143
2022-02-22,金融,2,0.030964425587467398,0.0
2022-02-23,TMT/互联网,6,-0.04679631239305221,0.5
2022-02-23,其他,4,0.004113658828606801,0.25
2022-02-23,地产/建筑,15,-0.07470522624548143,0.6666666666666666
2022-02-23,工业/制造,7,0.04881183326719085,0.8571428571428571
2022-02-23,新能源/汽车,0,,
2022-02-23,消费/零售,22,-0.041094453632354234,0.7272727272727273
2022-02-23,生物科技/医药,29,0.015976495380784606,0.4482758620689655
2022-02-23,金融,2,0.030964425587467398,0.0
2022-02-24,TMT/互联网,6,-0.04679631239305221,0.5
2022-02-24,其他,4,0.004113658828606801,0.25
2022-02-24,地产/建筑,15,-0.07470522624548143,0.6666666666666666
2022-02-24,工业/制造,7,0.04881183326719085,0.8571428571428571
2022-02-24,新能源/汽车,0,,
2022-02-24,消费/零售,22,-0.041094453632354234,0.7272727272727273
2022-02-24,生物科技/医药,29,0.015976495380784606,0.4482758620689655
2022-02-24,金融,2,0.030964425587467398,0.0
2022-02-25,TMT/互联网,6,-0.04679631239305221,0.5
2022-02-25,其他,4,0.004113658828606801,0.25
2022-02-25,地产/建筑,15,-0.07470522624548143,0.6666666666666666
2022-02-25,工业/制造,7,0.04881183326719085,0.8571428571428571
2022-02-25,新能源/汽车,0,,
2022-02-25,消费/零售,22,-0.041094453632354234,0.7272727272727273
2022-02-25,生物科技/医药,29,0.015976495380784606,0.4482758620689655
2022-02-25,金融,2,0.030964425587467398,0.0
2022-02-26,TMT/互联网,6,-0.04679631239305221,0.5
2022-02-26,其他,4,0.004113658828606801,0.25
2022-02-26,地产/建筑,15,-0.07470522624548143,0.6666666666666666
2022-02-26,工业/制造,7,0.04881183326719085,0.8571428571428571
2022-02-26,新能源/汽车,0,,
2022-02-26,消费/零售,22,-0.041094453632354234,0.7272727272727273
2022-02-26,生物科技/医药,28,0.018960211914654326,0.42857142857142855
2022-02-26,金融,2,0.030964425587467398,0.0
2022-02-27,TMT/互联网,6,-0.04679631239305221,0.5
2022-02-27,其他,4,0.004113658828606801,0.25
2022-02-27,地产/建筑,15,-0.07470522624548143,0.6666666666666666
2022-02-27,工业/制造,7,0.04881183326719085,0.8571428571428571
2022-02-27,新能源/汽车,0,,
2022-02-27,消费/零售,22,-0.041094453632354234,0.7272727272727273
2022-02-27,生物科技/医药,28,0.018960211914654326,0.42857142857142855
2022-02-27,金融,2,0.030964425587467398,0.0
2022-02-28,TMT/互联网,6,-0.04679631239305221,0.5
2022-02-28,其他,4,0.004113658828606801,0.25
2022-02-28,地产/建筑,15,-0.07470522624548143,0.6666666666666666
2022-02-28,工业/制造,7,0.04881183326719085,0.8571428571428571
2022-02-28,新能源/汽车,0,,
2022-02-28,消费/零售,22,-0.041094453632354234,0.7272727272727273
2022-02-28,生物科技/医药,28,0.018960211914654326,0.42857142857142855
2022-02-28,金融,2,0.030964425587467398,0.0
2022-03-01,TMT/互联网,6,-0.04679631239305221,0.5
2022-03-01,其他,4,0.004113658828606801,0.25
2022-03-01,地产/建筑,15,-0.07470522624548143,0.6666666666666666
2022-03-01,工业/制造,7,0.04881183326719085,0.8571428571428571
2022-03-01,新能源/汽车,0,,
2022-03-01,消费/零售,22,-0.041094453632354234,0.7272727272727273
2022-03-01,生物科技/医药,28,0.018960211914654326,0.42857142857142855
2022-03-01,金融,2,0.030964425587467398,0.0
2022-03-02,TMT/互联网,6,-0.04679631239305221,0.5
2022-03-02,其他,4,0.004113658828606801,0.25
2022-03-02,地产/建筑,15,-0.07470522624548143,0.6666666666666666
2022-03-02,工业/制造,7,0.04881183326719085,0.8571428571428571
2022-03-02,新能源/汽车,0,,
2022-03-02,消费/零售,22,-0.041094453632354234,0.7272727272727273
2022-03-02,生物科技/医药,28,0.018960211914654326,0.42857142857142855
2022-03-02,金融,2,0.030964425587467398,0.0
2022-03-03,TMT/互联网,6,-0.04679631239305221,0.5
2022-03-03,其他,4,0.004113658828606801,0.25
2022-03-03,地产/建筑,15,-0.07470522624548143,0.6666666666666666
2022-03-03,工业/制造,7,0.04881183326719085,0.8571428571428571
2022-03-03,新能源/汽车,0,,
2022-03-03,消费/零售,22,-0.041094453632354234,0.7272727272727273
2022-03-03,生物科技/医药,28,0.018960211914654326,0.42857142857142855
2022-03-03,金融,2,0.030964425587467398,0.0
2022-03-04,TMT/互联网,6,-0.04679631239305221,0.5
2022-03-04,其他,4,0.004113658828606801,0.25
2022-03-04,地产/建筑,15,-0.07470522624548143,0.6666666666666666
2022-03-04,工业/制造,7,0.04881183326719085,0.8571428571428571
2022-03-04,新能源/汽车,0,,
2022-03-04,消费/零售,22,-0.041094453632354234,0.7272727272727273
2022-03-04,生物科技/医药,28,0.018960211914654326,0.42857142857142855
2022-03-04,金融,2,0.030964425587467398,0.0
2022-03-05,TMT/互联网,6,-0.04679631239305221,0.5
2022-03-05,其他,4,0.004113658828606801,0.25
2022-03-05,地产/建筑,15,-0.07470522624548143,0.6666666666666666
2022-03-05,工业/制造,7,0.04881183326719085,0.8571428571428571
2022-03-05,新能源/汽车,0,,
2022-03-05,消费/零售,22,-0.041094453632354234,0.7272727272727273
2022-03-05,生物科技/医药,28,0.018960211914654326,0.42857142857142855
2022-03-05,金融,2,0.030964425587467398,0.0
2022-03-06,TMT/互联网,6,-0.04679631239305221,0.5
2022-03-06,其他,4,0.004113658828606801,0.25
2022-03-06,地产/建筑,15,-0.07470522624548143,0.6666666666666666
2022-03-06,工业/制造,7,0.04881183326719085,0.8571428571428571
2022-03-06,新能源/汽车,0,,
2022-03-06,消费/零售,22,-0.041094453632354234,0.7272727272727273
2022-03-06,生物科技/医药,28,0.018960211914654326,0.42857142857142855
2022-03-06,金融,2,0.030964425587467398,0.0
2022-03-07,TMT/互联网,6,-0.04679631239305221,0.5
2022-03-07,其他,4,0.004113658828606801,0.25
2022-03-07,地产/建筑,15,-0.07470522624548143,0.6666666666666666
2022-03-07,工业/制造,7,0.04881183326719085,0.8571428571428571
2022-03-07,新能源/汽车,0,,
2022-03-07,消费/零售,22,-0.041094453632354234,0.7272727272727273
2022-03-07,生物科技/医药,28,0.018960211914654326,0.42857142857142855
2022-03-07,金融,2,0.030964425587467398,0.0
2022-03-08,TMT/互联网,6,-0.04679631239305221,0.5
2022-03-08,其他,4,0.004113658828606801,0.25
2022-03-08,地产/建筑,15,-0.07470522624548143,0.6666666666666666
2022-03-08,工业/制造,7,0.04881183326719085,0.8571428571428571
2022-03-08,新能源/汽车,0,,
2022-03-08,消费/零售,22,-0.041094453632354234,0.7272727272727273
2022-03-08,生物科技/医药,28,0.018960211914654326,0.42857142857142855
2022-03-08,金融,2,0.030964425587467398,0.0
2022-03-09,TMT/互联网,6,-0.04679631239305221,0.5
2022-03-09,其他,4,0.004113658828606801,0.25
2022-03-09,地产/建筑,15,-0.07470522624548143,0.6666666666666666
2022-03-09,工业/制造,7,0.04881183326719085,0.8571428571428571
2022-03-09,新能源/汽车,0,,
2022-03-09,消费/零售,22,-0.041094453632354234,0.7272727272727273
2022-03-09,生物科技/医药,28,0.018960211914654326,0.42857142857142855
2022-03-09,金融,2,0.030964425587467398,0.0
2022-03-10,TMT/互联网,6,-0.04679631239305221,0.5
2022-03-10,其他,4,0.004113658828606801,0.25
2022-03-10,地产/建筑,16,-0.08354966311865235,0.6875
2022-03-10,工业/制造,7,0.04881183326719085,0.8571428571428571
2022-03-10,新能源/汽车,0,,
2022-03-10,消费/零售,21,-0.043654869101961785,0.7619047619047619
2022-03-10,生物科技/医药,28,0.018960211914654326,0.42857142857142855
2022-03-10,金融,2,0.030964425587467398,0.0
2022-03-11,TMT/互联网,6,-0.04679631239305221,0.5
2022-03-11,其他,4,0.004113658828606801,0.25
2022-03-11,地产/建筑,15,-0.07735493477754289,0.6666666666666666
2022-03-11,工业/制造,7,0.04881183326719085,0.8571428571428571
2022-03-11,新能源/汽车,0,,
2022-03-11,消费/零售,21,-0.043654869101961785,0.7619047619047619
2022-03-11,生物科技/医药,28,0.018960211914654326,0.42857142857142855
2022-03-11,金融,2,0.030964425587467398,0.0
2022-03-12,TMT/互联网,6,-0.04679631239305221,0.5
2022-03-12,其他,4,0.004113658828606801,0.25
2022-03-12,地产/建筑,15,-0.07735493477754289,0.6666666666666666
2022-03-12,工业/制造,7,0.04881183326719085,0.8571428571428571
2022-03-12,新能源/汽车,0,,
2022-03-12,消费/零售,21,-0.043654869101961785,0.7619047619047619
2022-03-12,生物科技/医药,28,0.018960211914654326,0.42857142857142855
2022-03-12,金融,2,0.030964425587467398,0.0
2022-03-13,TMT/互联网,6,-0.04679631239305221,0.5
2022-03-13,其他,4,0.004113658828606801,0.25
2022-03-13,地产/建筑,15,-0.07735493477754289,0.6666666666666666
2022-03-13,工业/制造,7,0.04881183326719085,0.8571428571428571
2022-03-13,新能源/汽车,0,,
2022-03-13,消费/零售,21,-0.043654869101961785,0.7619047619047619
2022-03-13,生物科技/医药,28,0.018960211914654326,0.42857142857142855
2022-03-13,金融,2,0.030964425587467398,0.0
2022-03-14,TMT/互联网,6,-0.04679631239305221,0.5
2022-03-14,其他,4,0.004113658828606801,0.25
2022-03-14,地产/建筑,15,-0.07735493477754289,0.6666666666666666
2022-03-14,工业/制造,7,0.04881183326719085,0.8571428571428571
2022-03-14,新能源/汽车,0,,
2022-03-14,消费/零售,21,-0.043654869101961785,0.7619047619047619
2022-03-14,生物科技/医药,28,0.018960211914654326,0.42857142857142855
2022-03-14,金融,2,0.030964425587467398,0.0
2022-03-15,TMT/互联网,6,-0.04679631239305221,0.5
2022-03-15,其他,4,0.004113658828606801,0.25
2022-03-15,地产/建筑,15,-0.07735493477754289,0.6666666666666666
2022-03-15,工业/制造,7,0.04881183326719085,0.8571428571428571
2022-03-15,新能源/汽车,0,,
2022-03-15,消费/零售,20,-0.04556136946313723,0.75
2022-03-15,生物科技/医药,28,0.018960211914654326,0.42857142857142855
2022-03-15,金融,2,0.030964425587467398,0.0
2022-03-16,TMT/互联网,6,-0.04679631239305221,0.5
2022-03-16,其他,4,0.004113658828606801,0.25
2022-03-16,地产/建筑,15,-0.07735493477754289,0.6666666666666666
2022-03-16,工业/制造,7,0.04881183326719085,0.8571428571428571
2022-03-16,新能源/汽车,0,,
2022-03-16,消费/零售,19,-0.03728046518621615,0.7368421052631579
2022-03-16,生物科技/医药,28,0.018960211914654326,0.42857142857142855
2022-03-16,金融,2,0.030964425587467398,0.0
2022-03-17,TMT/互联网,6,-0.04679631239305221,0.5
2022-03-17,其他,4,0.004113658828606801,0.25
2022-03-17,地产/建筑,15,-0.07735493477754289,0.6666666666666666
2022-03-17,工业/制造,7,0.04881183326719085,0.8571428571428571
2022-03-17,新能源/汽车,0,,
2022-03-17,消费/零售,19,-0.03728046518621615,0.7368421052631579
2022-03-17,生物科技/医药,28,0.018960211914654326,0.42857142857142855
2022-03-17,金融,2,0.030964425587467398,0.0
2022-03-18,TMT/互联网,6,-0.04679631239305221,0.5
2022-03-18,其他,4,0.004113658828606801,0.25
2022-03-18,地产/建筑,15,-0.07735493477754289,0.6666666666666666
2022-03-18,工业/制造,7,0.04881183326719085,0.8571428571428571
2022-03-18,新能源/汽车,0,,
2022-03-18,消费/零售,19,-0.03728046518621615,0.7368421052631579
2022-03-18,生物科技/医药,28,0.018960211914654326,0.42857142857142855
2022-03-18,金融,2,0.030964425587467398,0.0
2022-03-19,TMT/互联网,6,-0.04679631239305221,0.5
2022-03-19,其他,4,0.004113658828606801,0.25
2022-03-19,地产/建筑,15,-0.07735493477754289,0.6666666666666666
2022-03-19,工业/制造,7,0.04881183326719085,0.8571428571428571
2022-03-19,新能源/汽车,0,,
2022-03-19,消费/零售,19,-0.03728046518621615,0.7368421052631579
2022-03-19,生物科技/医药,28,0.018960211914654326,0.42857142857142855
2022-03-19,金融,2,0.030964425587467398,0.0
2022-03-20,TMT/互联网,6,-0.04679631239305221,0.5
2022-03-20,其他,4,0.004113658828606801,0.25
2022-03-20,地产/建筑,15,-0.07735493477754289,0.6666666666666666
2022-03-20,工业/制造,7,0.04881183326719085,0.8571428571428571
2022-03-20,新能源/汽车,0,,
2022-03-20,消费/零售,19,-0.03728046518621615,0.7368421052631579
2022-03-20,生物科技/医药,28,0.018960211914654326,0.42857142857142855
2022-03-20,金融,2,0.030964425587467398,0.0
2022-03-21,TMT/互联网,6,-0.04679631239305221,0.5
2022-03-21,其他,4,0.004113658828606801,0.25
2022-03-21,地产/建筑,15,-0.07735493477754289,0.6666666666666666
2022-03-21,工业/制造,7,0.04881183326719085,0.8571428571428571
2022-03-21,新能源/汽车,0,,
2022-03-21,消费/零售,19,-0.03728046518621615,0.7368421052631579
2022-03-21,生物科技/医药,28,0.018960211914654326,0.42857142857142855
2022-03-21,金融,2,0.030964425587467398,0.0
2022-03-22,TMT/互联网,6,-0.04679631239305221,0.5
2022-03-22,其他,4,0.004113658828606801,0.25
2022-03-22,地产/建筑,15,-0.07735493477754289,0.6666666666666666
2022-03-22,工业/制造,7,0.04881183326719085,0.8571428571428571
2022-03-22,新能源/汽车,0,,
2022-03-22,消费/零售,19,-0.03728046518621615,0.7368421052631579
2022-03-22,生物科技/医药,29,0.016416945278012966,0.4482758620689655
2022-03-22,金融,2,0.030964425587467398,0.0
2022-03-23,TMT/互联网,6,-0.04679631239305221,0.5
2022-03-23,其他,4,0.004113658828606801,0.25
2022-03-23,地产/建筑,15,-0.07735493477754289,0.6666666666666666
2022-03-23,工业/制造,7,0.04881183326719085,0.8571428571428571
2022-03-23,新能源/汽车,0,,
2022-03-23,消费/零售,18,-0.03891415682167086,0.7222222222222222
2022-03-23,生物科技/医药,29,0.016416945278012966,0.4482758620689655
2022-03-23,金融,2,0.030964425587467398,0.0
2022-03-24,TMT/互联网,6,-0.04679631239305221,0.5
2022-03-24,其他,4,0.004113658828606801,0.25
2022-03-24,地产/建筑,15,-0.07735493477754289,0.6666666666666666
2022-03-24,工业/制造,7,0.04881183326719085,0.8571428571428571
2022-03-24,新能源/汽车,0,,
2022-03-24,消费/零售,18,-0.03891415682167086,0.7222222222222222
2022-03-24,生物科技/医药,29,0.016416945278012966,0.4482758620689655
2022-03-24,金融,2,0.030964425587467398,0.0
2022-03-25,TMT/互联网,6,-0.04679631239305221,0.5
2022-03-25,其他,4,0.004113658828606801,0.25
2022-03-25,地产/建筑,15,-0.07735493477754289,0.6666666666666666
2022-03-25,工业/制造,7,0.04881183326719085,0.8571428571428571
2022-03-25,新能源/汽车,0,,
2022-03-25,消费/零售,18,-0.03891415682167086,0.7222222222222222
2022-03-25,生物科技/医药,29,0.016416945278012966,0.4482758620689655
2022-03-25,金融,2,0.030964425587467398,0.0
2022-03-26,TMT/互联网,6,-0.04679631239305221,0.5
2022-03-26,其他,4,0.004113658828606801,0.25
2022-03-26,地产/建筑,14,-0.0636684646015546,0.6428571428571429
2022-03-26,工业/制造,7,0.04881183326719085,0.8571428571428571
2022-03-26,新能源/汽车,0,,
2022-03-26,消费/零售,18,-0.03891415682167086,0.7222222222222222
2022-03-26,生物科技/医药,29,0.016416945278012966,0.4482758620689655
2022-03-26,金融,2,0.030964425587467398,0.0
2022-03-27,TMT/互联网,6,-0.04679631239305221,0.5
2022-03-27,其他,4,0.004113658828606801,0.25
2022-03-27,地产/建筑,14,-0.0636684646015546,0.6428571428571429
2022-03-27,工业/制造,7,0.04881183326719085,0.8571428571428571
2022-03-27,新能源/汽车,0,,
2022-03-27,消费/零售,18,-0.03891415682167086,0.7222222222222222
2022-03-27,生物科技/医药,29,0.016416945278012966,0.4482758620689655
2022-03-27,金融,2,0.030964425587467398,0.0
2022-03-28,TMT/互联网,6,-0.04679631239305221,0.5
2022-03-28,其他,4,0.004113658828606801,0.25
2022-03-28,地产/建筑,14,-0.0636684646015546,0.6428571428571429
2022-03-28,工业/制造,7,0.04881183326719085,0.8571428571428571
2022-03-28,新能源/汽车,0,,
2022-03-28,消费/零售,18,-0.03891415682167086,0.7222222222222222
2022-03-28,生物科技/医药,29,0.016416945278012966,0.4482758620689655
2022-03-28,金融,2,0.030964425587467398,0.0
2022-03-29,TMT/互联网,6,-0.04679631239305221,0.5
2022-03-29,其他,4,0.004113658828606801,0.25
2022-03-29,地产/建筑,14,-0.0636684646015546,0.6428571428571429
2022-03-29,工业/制造,7,0.04881183326719085,0.8571428571428571
2022-03-29,新能源/汽车,0,,
2022-03-29,消费/零售,17,-0.04194782650812804,0.7647058823529411
2022-03-29,生物科技/医药,29,0.016416945278012966,0.4482758620689655
2022-03-29,金融,2,0.030964425587467398,0.0
2022-03-30,TMT/互联网,6,-0.04679631239305221,0.5
2022-03-30,其他,4,0.004113658828606801,0.25
2022-03-30,地产/建筑,14,-0.0636684646015546,0.6428571428571429
2022-03-30,工业/制造,7,0.04881183326719085,0.8571428571428571
2022-03-30,新能源/汽车,0,,
2022-03-30,消费/零售,17,-0.04194782650812804,0.7647058823529411
2022-03-30,生物科技/医药,29,0.016416945278012966,0.4482758620689655
2022-03-30,金融,2,0.030964425587467398,0.0
2022-03-31,TMT/互联网,4,-0.037857010881720866,0.25
2022-03-31,其他,4,0.004113658828606801,0.25
2022-03-31,地产/建筑,14,-0.04127835471144472,0.5714285714285714
2022-03-31,工业/制造,8,0.041625755410310446,0.875
2022-03-31,新能源/汽车,0,,
2022-03-31,消费/零售,17,-0.04194782650812804,0.7647058823529411
2022-03-31,生物科技/医药,30,0.0162030471020792,0.43333333333333335
2022-03-31,金融,2,0.030964425587467398,0.0
2022-04-01,TMT/互联网,4,-0.037857010881720866,0.25
2022-04-01,其他,4,0.004113658828606801,0.25
2022-04-01,地产/建筑,14,-0.04127835471144472,0.5714285714285714
2022-04-01,工业/制造,8,0.041625755410310446,0.875
2022-04-01,新能源/汽车,0,,
2022-04-01,消费/零售,17,-0.04194782650812804,0.7647058823529411
2022-04-01,生物科技/医药,30,0.0162030471020792,0.43333333333333335
2022-04-01,金融,2,0.030964425587467398,0.0
2022-04-02,TMT/互联网,4,-0.037857010881720866,0.25
2022-04-02,其他,4,0.004113658828606801,0.25
2022-04-02,地产/建筑,14,-0.04127835471144472,0.5714285714285714
2022-04-02,工业/制造,8,0.041625755410310446,0.875
2022-04-02,新能源/汽车,0,,
2022-04-02,消费/零售,17,-0.04194782650812804,0.7647058823529411
2022-04-02,生物科技/医药,30,0.0162030471020792,0.43333333333333335
2022-04-02,金融,2,0.030964425587467398,0.0
2022-04-03,TMT/互联网,4,-0.037857010881720866,0.25
2022-04-03,其他,4,0.004113658828606801,0.25
2022-04-03,地产/建筑,14,-0.04127835471144472,0.5714285714285714
2022-04-03,工业/制造,8,0.041625755410310446,0.875
2022-04-03,新能源/汽车,0,,
2022-04-03,消费/零售,17,-0.04194782650812804,0.7647058823529411
2022-04-03,生物科技/医药,30,0.0162030471020792,0.43333333333333335
2022-04-03,金融,2,0.030964425587467398,0.0
2022-04-04,TMT/互联网,4,-0.037857010881720866,0.25
2022-04-04,其他,4,0.004113658828606801,0.25
2022-04-04,地产/建筑,14,-0.04127835471144472,0.5714285714285714
2022-04-04,工业/制造,8,0.041625755410310446,0.875
2022-04-04,新能源/汽车,0,,
2022-04-04,消费/零售,17,-0.04194782650812804,0.7647058823529411
2022-04-04,生物科技/医药,30,0.0162030471020792,0.43333333333333335
2022-04-04,金融,2,0.030964425587467398,0.0
2022-04-05,TMT/互联网,4,-0.037857010881720866,0.25
2022-04-05,其他,4,0.004113658828606801,0.25
2022-04-05,地产/建筑,14,-0.04127835471144472,0.5714285714285714
2022-04-05,工业/制造,8,0.041625755410310446,0.875
2022-04-05,新能源/汽车,0,,
2022-04-05,消费/零售,17,-0.04194782650812804,0.7647058823529411
2022-04-05,生物科技/医药,30,0.0162030471020792,0.43333333333333335
2022-04-05,金融,2,0.030964425587467398,0.0
2022-04-06,TMT/互联网,4,-0.037857010881720866,0.25
2022-04-06,其他,4,0.004113658828606801,0.25
2022-04-06,地产/建筑,14,-0.04127835471144472,0.5714285714285714
2022-04-06,工业/制造,8,0.041625755410310446,0.875
2022-04-06,新能源/汽车,0,,
2022-04-06,消费/零售,17,-0.04194782650812804,0.7647058823529411
2022-04-06,生物科技/医药,30,0.0162030471020792,0.43333333333333335
2022-04-06,金融,2,0.030964425587467398,0.0
2022-04-07,TMT/互联网,4,-0.037857010881720866,0.25
2022-04-07,其他,4,0.004113658828606801,0.25
2022-04-07,地产/建筑,14,-0.04127835471144472,0.5714285714285714
2022-04-07,工业/制造,8,0.041625755410310446,0.875
2022-04-07,新能源/汽车,0,,
2022-04-07,消费/零售,17,-0.04194782650812804,0.7647058823529411
2022-04-07,生物科技/医药,30,0.0162030471020792,0.43333333333333335
2022-04-07,金融,2,0.030964425587467398,0.0
2022-04-08,TMT/互联网,4,-0.037857010881720866,0.25
2022-04-08,其他,4,0.004113658828606801,0.25
2022-04-08,地产/建筑,14,-0.04127835471144472,0.5714285714285714
2022-04-08,工业/制造,8,0.041625755410310446,0.875
2022-04-08,新能源/汽车,0,,
2022-04-08,消费/零售,17,-0.04194782650812804,0.7647058823529411
2022-04-08,生物科技/医药,30,0.0162030471020792,0.43333333333333335
2022-04-08,金融,2,0.030964425587467398,0.0
2022-04-09,TMT/互联网,3,-0.05047601450896116,0.3333333333333333
2022-04-09,其他,4,0.004113658828606801,0.25
2022-04-09,地产/建筑,14,-0.04127835471144472,0.5714285714285714
2022-04-09,工业/制造,8,0.041625755410310446,0.875
2022-04-09,新能源/汽车,0,,
2022-04-09,消费/零售,17,-0.04194782650812804,0.7647058823529411
2022-04-09,生物科技/医药,30,0.0162030471020792,0.43333333333333335
2022-04-09,金融,2,0.030964425587467398,0.0
2022-04-10,TMT/互联网,3,-0.05047601450896116,0.3333333333333333
2022-04-10,其他,4,0.004113658828606801,0.25
2022-04-10,地产/建筑,14,-0.04127835471144472,0.5714285714285714
2022-04-10,工业/制造,8,0.041625755410310446,0.875
2022-04-10,新能源/汽车,0,,
2022-04-10,消费/零售,17,-0.04194782650812804,0.7647058823529411
2022-04-10,生物科技/医药,30,0.0162030471020792,0.43333333333333335
2022-04-10,金融,2,0.030964425587467398,0.0
2022-04-11,TMT/互联网,3,-0.05047601450896116,0.3333333333333333
2022-04-11,其他,4,0.004113658828606801,0.25
2022-04-11,地产/建筑,14,-0.04127835471144472,0.5714285714285714
2022-04-11,工业/制造,8,0.041625755410310446,0.875
2022-04-11,新能源/汽车,0,,
2022-04-11,消费/零售,17,-0.04194782650812804,0.7647058823529411
2022-04-11,生物科技/医药,30,0.0162030471020792,0.43333333333333335
2022-04-11,金融,2,0.030964425587467398,0.0
2022-04-12,TMT/互联网,3,-0.05047601450896116,0.3333333333333333
2022-04-12,其他,4,0.004113658828606801,0.25
2022-04-12,地产/建筑,14,-0.04127835471144472,0.5714285714285714
2022-04-12,工业/制造,8,0.041625755410310446,0.875
2022-04-12,新能源/汽车,0,,
2022-04-12,消费/零售,17,-0.04194782650812804,0.7647058823529411
2022-04-12,生物科技/医药,30,0.0162030471020792,0.43333333333333335
2022-04-12,金融,2,0.030964425587467398,0.0
2022-04-13,TMT/互联网,3,-0.05047601450896116,0.3333333333333333
2022-04-13,其他,4,0.004113658828606801,0.25
2022-04-13,地产/建筑,14,-0.04127835471144472,0.5714285714285714
2022-04-13,工业/制造,8,0.041625755410310446,0.875
2022-04-13,新能源/汽车,0,,
2022-04-13,消费/零售,17,-0.04194782650812804,0.7647058823529411
2022-04-13,生物科技/医药,30,0.0162030471020792,0.43333333333333335
2022-04-13,金融,2,0.030964425587467398,0.0
2022-04-14,TMT/互联网,3,-0.05047601450896116,0.3333333333333333
2022-04-14,其他,4,0.004113658828606801,0.25
2022-04-14,地产/建筑,14,-0.04127835471144472,0.5714285714285714
2022-04-14,工业/制造,8,0.041625755410310446,0.875
2022-04-14,新能源/汽车,0,,
2022-04-14,消费/零售,17,-0.04194782650812804,0.7647058823529411
2022-04-14,生物科技/医药,30,0.0162030471020792,0.43333333333333335
2022-04-14,金融,2,0.030964425587467398,0.0
2022-04-15,TMT/互联网,3,-0.05047601450896116,0.3333333333333333
2022-04-15,其他,4,0.004113658828606801,0.25
2022-04-15,地产/建筑,14,-0.04127835471144472,0.5714285714285714
2022-04-15,工业/制造,8,0.041625755410310446,0.875
2022-04-15,新能源/汽车,0,,
2022-04-15,消费/零售,17,-0.04194782650812804,0.7647058823529411
2022-04-15,生物科技/医药,30,0.0162030471020792,0.43333333333333335
2022-04-15,金融,2,0.030964425587467398,0.0
2022-04-16,TMT/互联网,3,-0.05047601450896116,0.3333333333333333
2022-04-16,其他,4,0.004113658828606801,0.25
2022-04-16,地产/建筑,14,-0.04127835471144472,0.5714285714285714
2022-04-16,工业/制造,8,0.041625755410310446,0.875
2022-04-16,新能源/汽车,0,,
2022-04-16,消费/零售,17,-0.04194782650812804,0.7647058823529411
2022-04-16,生物科技/医药,30,0.0162030471020792,0.43333333333333335
2022-04-16,金融,2,0.030964425587467398,0.0
2022-04-17,TMT/互联网,3,-0.05047601450896116,0.3333333333333333
2022-04-17,其他,4,0.004113658828606801,0.25
2022-04-17,地产/建筑,14,-0.04127835471144472,0.5714285714285714
2022-04-17,工业/制造,8,0.041625755410310446,0.875
2022-04-17,新能源/汽车,0,,
2022-04-17,消费/零售,17,-0.04194782650812804,0.7647058823529411
2022-04-17,生物科技/医药,30,0.0162030471020792,0.43333333333333335
2022-04-17,金融,2,0.030964425587467398,0.0
2022-04-18,TMT/互联网,3,-0.05047601450896116,0.3333333333333333
2022-04-18,其他,4,0.004113658828606801,0.25
2022-04-18,地产/建筑,14,-0.04127835471144472,0.5714285714285714
2022-04-18,工业/制造,8,0.041625755410310446,0.875
2022-04-18,新能源/汽车,0,,
2022-04-18,消费/零售,17,-0.04194782650812804,0.7647058823529411
2022-04-18,生物科技/医药,30,0.0162030471020792,0.43333333333333335
2022-04-18,金融,2,0.030964425587467398,0.0
2022-04-19,TMT/互联网,3,-0.05047601450896116,0.3333333333333333
2022-04-19,其他,4,0.004113658828606801,0.25
2022-04-19,地产/建筑,14,-0.04127835471144472,0.5714285714285714
2022-04-19,工业/制造,8,0.041625755410310446,0.875
2022-04-19,新能源/汽车,0,,
2022-04-19,消费/零售,16,-0.044391629721825546,0.75
2022-04-19,生物科技/医药,30,0.0162030471020792,0.43333333333333335
2022-04-19,金融,2,0.030964425587467398,0.0
2022-04-20,TMT/互联网,3,-0.05047601450896116,0.3333333333333333
2022-04-20,其他,4,0.004113658828606801,0.25
2022-04-20,地产/建筑,14,-0.04127835471144472,0.5714285714285714
2022-04-20,工业/制造,8,0.041625755410310446,0.875
2022-04-20,新能源/汽车,0,,
2022-04-20,消费/零售,16,-0.044391629721825546,0.75
2022-04-20,生物科技/医药,30,0.0162030471020792,0.43333333333333335
2022-04-20,金融,2,0.030964425587467398,0.0
2022-04-21,TMT/互联网,3,-0.05047601450896116,0.3333333333333333
2022-04-21,其他,4,0.004113658828606801,0.25
2022-04-21,地产/建筑,14,-0.04127835471144472,0.5714285714285714
2022-04-21,工业/制造,8,0.041625755410310446,0.875
2022-04-21,新能源/汽车,0,,
2022-04-21,消费/零售,16,-0.044391629721825546,0.75
2022-04-21,生物科技/医药,30,0.0162030471020792,0.43333333333333335
2022-04-21,金融,2,0.030964425587467398,0.0
2022-04-22,TMT/互联网,3,-0.05047601450896116,0.3333333333333333
2022-04-22,其他,4,0.004113658828606801,0.25
2022-04-22,地产/建筑,14,-0.04127835471144472,0.5714285714285714
2022-04-22,工业/制造,8,0.041625755410310446,0.875
2022-04-22,新能源/汽车,0,,
2022-04-22,消费/零售,17,-0.04284130280549984,0.7647058823529411
2022-04-22,生物科技/医药,30,0.0162030471020792,0.43333333333333335
2022-04-22,金融,2,0.030964425587467398,0.0
2022-04-23,TMT/互联网,3,-0.05047601450896116,0.3333333333333333
2022-04-23,其他,4,0.004113658828606801,0.25
2022-04-23,地产/建筑,14,-0.04127835471144472,0.5714285714285714
2022-04-23,工业/制造,8,0.041625755410310446,0.875
2022-04-23,新能源/汽车,0,,
2022-04-23,消费/零售,17,-0.04284130280549984,0.7647058823529411
2022-04-23,生物科技/医药,30,0.0162030471020792,0.43333333333333335
2022-04-23,金融,2,0.030964425587467398,0.0
2022-04-24,TMT/互联网,3,-0.05047601450896116,0.3333333333333333
2022-04-24,其他,4,0.004113658828606801,0.25
2022-04-24,地产/建筑,14,-0.04127835471144472,0.5714285714285714
2022-04-24,工业/制造,8,0.041625755410310446,0.875
2022-04-24,新能源/汽车,0,,
2022-04-24,消费/零售,17,-0.04284130280549984,0.7647058823529411
2022-04-24,生物科技/医药,30,0.0162030471020792,0.43333333333333335
2022-04-24,金融,2,0.030964425587467398,0.0
2022-04-25,TMT/互联网,3,-0.05047601450896116,0.3333333333333333
2022-04-25,其他,4,0.004113658828606801,0.25
2022-04-25,地产/建筑,14,-0.04127835471144472,0.5714285714285714
2022-04-25,工业/制造,8,0.041625755410310446,0.875
2022-04-25,新能源/汽车,0,,
2022-04-25,消费/零售,17,-0.04284130280549984,0.7647058823529411
2022-04-25,生物科技/医药,30,0.0162030471020792,0.43333333333333335
2022-04-25,金融,2,0.030964425587467398,0.0
2022-04-26,TMT/互联网,3,-0.05047601450896116,0.3333333333333333
2022-04-26,其他,4,0.004113658828606801,0.25
2022-04-26,地产/建筑,14,-0.04127835471144472,0.5714285714285714
2022-04-26,工业/制造,8,0.041625755410310446,0.875
2022-04-26,新能源/汽车,0,,
2022-04-26,消费/零售,17,-0.04284130280549984,0.7647058823529411
2022-04-26,生物科技/医药,30,0.0162030471020792,0.43333333333333335
2022-04-26,金融,2,0.030964425587467398,0.0
2022-04-27,TMT/互联网,3,-0.05047601450896116,0.3333333333333333
2022-04-27,其他,4,0.004113658828606801,0.25
2022-04-27,地产/建筑,14,-0.04127835471144472,0.5714285714285714
2022-04-27,工业/制造,8,0.041625755410310446,0.875
2022-04-27,新能源/汽车,0,,
2022-04-27,消费/零售,17,-0.04284130280549984,0.7647058823529411
2022-04-27,生物科技/医药,30,0.0162030471020792,0.43333333333333335
2022-04-27,金融,2,0.030964425587467398,0.0
2022-04-28,TMT/互联网,3,-0.05047601450896116,0.3333333333333333
2022-04-28,其他,4,0.004113658828606801,0.25
2022-04-28,地产/建筑,14,-0.04127835471144472,0.5714285714285714
2022-04-28,工业/制造,8,0.041625755410310446,0.875
2022-04-28,新能源/汽车,0,,
2022-04-28,消费/零售,17,-0.04284130280549984,0.7647058823529411
2022-04-28,生物科技/医药,30,0.0162030471020792,0.43333333333333335
2022-04-28,金融,2,0.030964425587467398,0.0
2022-04-29,TMT/互联网,3,-0.05047601450896116,0.3333333333333333
2022-04-29,其他,4,0.004113658828606801,0.25
2022-04-29,地产/建筑,15,-0.03852646439734841,0.5333333333333333
2022-04-29,工业/制造,8,0.041625755410310446,0.875
2022-04-29,新能源/汽车,0,,
2022-04-29,消费/零售,17,-0.04284130280549984,0.7647058823529411
2022-04-29,生物科技/医药,29,0.01942796554107731,0.41379310344827586
2022-04-29,金融,2,0.030964425587467398,0.0
2022-04-30,TMT/互联网,3,-0.05047601450896116,0.3333333333333333
2022-04-30,其他,4,0.004113658828606801,0.25
2022-04-30,地产/建筑,15,-0.03852646439734841,0.5333333333333333
2022-04-30,工业/制造,8,0.041625755410310446,0.875
2022-04-30,新能源/汽车,0,,
2022-04-30,消费/零售,17,-0.04284130280549984,0.7647058823529411
2022-04-30,生物科技/医药,29,0.01942796554107731,0.41379310344827586
2022-04-30,金融,2,0.030964425587467398,0.0
2022-05-01,TMT/互联网,3,-0.05047601450896116,0.3333333333333333
2022-05-01,其他,4,0.004113658828606801,0.25
2022-05-01,地产/建筑,15,-0.03852646439734841,0.5333333333333333
2022-05-01,工业/制造,8,0.041625755410310446,0.875
2022-05-01,新能源/汽车,0,,
2022-05-01,消费/零售,17,-0.04284130280549984,0.7647058823529411
2022-05-01,生物科技/医药,29,0.01942796554107731,0.41379310344827586
2022-05-01,金融,2,0.030964425587467398,0.0
2022-05-02,TMT/互联网,3,-0.05047601450896116,0.3333333333333333
2022-05-02,其他,4,0.004113658828606801,0.25
2022-05-02,地产/建筑,15,-0.03852646439734841,0.5333333333333333
2022-05-02,工业/制造,8,0.041625755410310446,0.875
2022-05-02,新能源/汽车,0,,
2022-05-02,消费/零售,17,-0.04284130280549984,0.7647058823529411
2022-05-02,生物科技/医药,29,0.01942796554107731,0.41379310344827586
2022-05-02,金融,2,0.030964425587467398,0.0
2022-05-03,TMT/互联网,3,-0.05047601450896116,0.3333333333333333
2022-05-03,其他,4,0.004113658828606801,0.25
2022-05-03,地产/建筑,15,-0.03852646439734841,0.5333333333333333
2022-05-03,工业/制造,8,0.041625755410310446,0.875
2022-05-03,新能源/汽车,0,,
2022-05-03,消费/零售,17,-0.04284130280549984,0.7647058823529411
2022-05-03,生物科技/医药,29,0.01942796554107731,0.41379310344827586
2022-05-03,金融,2,0.030964425587467398,0.0
2022-05-04,TMT/互联网,3,-0.05047601450896116,0.3333333333333333
2022-05-04,其他,4,0.004113658828606801,0.25
2022-05-04,地产/建筑,15,-0.03852646439734841,0.5333333333333333
2022-05-04,工业/制造,8,0.041625755410310446,0.875
2022-05-04,新能源/汽车,0,,
2022-05-04,消费/零售,17,-0.04284130280549984,0.7647058823529411
2022-05-04,生物科技/医药,29,0.01942796554107731,0.41379310344827586
2022-05-04,金融,2,0.030964425587467398,0.0
2022-05-05,TMT/互联网,3,-0.05047601450896116,0.3333333333333333
2022-05-05,其他,4,0.004113658828606801,0.25
2022-05-05,地产/建筑,15,-0.03852646439734841,0.5333333333333333
2022-05-05,工业/制造,8,0.041625755410310446,0.875
2022-05-05,新能源/汽车,0,,
2022-05-05,消费/零售,17,-0.04284130280549984,0.7647058823529411
2022-05-05,生物科技/医药,29,0.01942796554107731,0.41379310344827586
2022-05-05,金融,2,0.030964425587467398,0.0
2022-05-06,TMT/互联网,3,-0.05047601450896116,0.3333333333333333
2022-05-06,其他,4,0.004113658828606801,0.25
2022-05-06,地产/建筑,15,-0.03852646439734841,0.5333333333333333
2022-05-06,工业/制造,8,0.041625755410310446,0.875
2022-05-06,新能源/汽车,0,,
2022-05-06,消费/零售,17,-0.04284130280549984,0.7647058823529411
2022-05-06,生物科技/医药,29,0.01942796554107731,0.41379310344827586
2022-05-06,金融,2,0.030964425587467398,0.0
2022-05-07,TMT/互联网,3,-0.05047601450896116,0.3333333333333333
2022-05-07,其他,4,0.004113658828606801,0.25
2022-05-07,地产/建筑,15,-0.03852646439734841,0.5333333333333333
2022-05-07,工业/制造,8,0.041625755410310446,0.875
2022-05-07,新能源/汽车,0,,
2022-05-07,消费/零售,17,-0.04284130280549984,0.7647058823529411
2022-05-07,生物科技/医药,29,0.01942796554107731,0.41379310344827586
2022-05-07,金融,2,0.030964425587467398,0.0
2022-05-08,TMT/互联网,3,-0.05047601450896116,0.3333333333333333
2022-05-08,其他,4,0.004113658828606801,0.25
2022-05-08,地产/建筑,15,-0.03852646439734841,0.5333333333333333
2022-05-08,工业/制造,8,0.041625755410310446,0.875
2022-05-08,新能源/汽车,0,,
2022-05-08,消费/零售,17,-0.04284130280549984,0.7647058823529411
2022-05-08,生物科技/医药,29,0.01942796554107731,0.41379310344827586
2022-05-08,金融,2,0.030964425587467398,0.0
2022-05-09,TMT/互联网,3,-0.05047601450896116,0.3333333333333333
2022-05-09,其他,4,0.004113658828606801,0.25
2022-05-09,地产/建筑,15,-0.03852646439734841,0.5333333333333333
2022-05-09,工业/制造,8,0.041625755410310446,0.875
2022-05-09,新能源/汽车,0,,
2022-05-09,消费/零售,17,-0.04284130280549984,0.7647058823529411
2022-05-09,生物科技/医药,29,0.01942796554107731,0.41379310344827586
2022-05-09,金融,2,0.030964425587467398,0.0
2022-05-10,TMT/互联网,3,-0.05047601450896116,0.3333333333333333
2022-05-10,其他,4,0.004113658828606801,0.25
2022-05-10,地产/建筑,15,-0.03852646439734841,0.5333333333333333
2022-05-10,工业/制造,8,0.041625755410310446,0.875
2022-05-10,新能源/汽车,0,,
2022-05-10,消费/零售,17,-0.04284130280549984,0.7647058823529411
2022-05-10,生物科技/医药,29,0.01942796554107731,0.41379310344827586
2022-05-10,金融,2,0.030964425587467398,0.0
2022-05-11,TMT/互联网,3,-0.05047601450896116,0.3333333333333333
2022-05-11,其他,4,0.004113658828606801,0.25
2022-05-11,地产/建筑,15,-0.03852646439734841,0.5333333333333333
2022-05-11,工业/制造,8,0.041625755410310446,0.875
2022-05-11,新能源/汽车,0,,
2022-05-11,消费/零售,17,-0.04284130280549984,0.7647058823529411
2022-05-11,生物科技/医药,29,0.01942796554107731,0.41379310344827586
2022-05-11,金融,2,0.030964425587467398,0.0
2022-05-12,TMT/互联网,3,-0.05047601450896116,0.3333333333333333
2022-05-12,其他,4,0.004113658828606801,0.25
2022-05-12,地产/建筑,15,-0.03852646439734841,0.5333333333333333
2022-05-12,工业/制造,8,0.041625755410310446,0.875
2022-05-12,新能源/汽车,0,,
2022-05-12,消费/零售,17,-0.04284130280549984,0.7647058823529411
2022-05-12,生物科技/医药,29,0.01942796554107731,0.41379310344827586
2022-05-12,金融,2,0.030964425587467398,0.0
2022-05-13,TMT/互联网,3,-0.05047601450896116,0.3333333333333333
2022-05-13,其他,4,0.004113658828606801,0.25
2022-05-13,地产/建筑,15,-0.03852646439734841,0.5333333333333333
2022-05-13,工业/制造,8,0.041625755410310446,0.875
2022-05-13,新能源/汽车,0,,
2022-05-13,消费/零售,17,-0.04284130280549984,0.7647058823529411
2022-05-13,生物科技/医药,29,0.01942796554107731,0.41379310344827586
2022-05-13,金融,2,0.030964425587467398,0.0
2022-05-14,TMT/互联网,3,-0.05047601450896116,0.3333333333333333
2022-05-14,其他,4,0.004113658828606801,0.25
2022-05-14,地产/建筑,15,-0.03852646439734841,0.5333333333333333
2022-05-14,工业/制造,8,0.041625755410310446,0.875
2022-05-14,新能源/汽车,0,,
2022-05-14,消费/零售,17,-0.04284130280549984,0.7647058823529411
2022-05-14,生物科技/医药,29,0.01942796554107731,0.41379310344827586
2022-05-14,金融,2,0.030964425587467398,0.0
2022-05-15,TMT/互联网,3,-0.05047601450896116,0.3333333333333333
2022-05-15,其他,4,0.004113658828606801,0.25
2022-05-15,地产/建筑,15,-0.03852646439734841,0.5333333333333333
2022-05-15,工业/制造,8,0.041625755410310446,0.875
2022-05-15,新能源/汽车,0,,
2022-05-15,消费/零售,17,-0.04284130280549984,0.7647058823529411
2022-05-15,生物科技/医药,29,0.01942796554107731,0.41379310344827586
2022-05-15,金融,2,0.030964425587467398,0.0
2022-05-16,TMT/互联网,3,-0.05047601450896116,0.3333333333333333
2022-05-16,其他,4,0.004113658828606801,0.25
2022-05-16,地产/建筑,15,-0.03852646439734841,0.5333333333333333
2022-05-16,工业/制造,8,0.041625755410310446,0.875
2022-05-16,新能源/汽车,0,,
2022-05-16,消费/零售,17,-0.04284130280549984,0.7647058823529411
2022-05-16,生物科技/医药,29,0.01942796554107731,0.41379310344827586
2022-05-16,金融,2,0.030964425587467398,0.0
2022-05-17,TMT/互联网,3,-0.05047601450896116,0.3333333333333333
2022-05-17,其他,4,0.004113658828606801,0.25
2022-05-17,地产/建筑,14,-0.036028593336961734,0.5
2022-05-17,工业/制造,8,0.041625755410310446,0.875
2022-05-17,新能源/汽车,0,,
2022-05-17,消费/零售,17,-0.04284130280549984,0.7647058823529411
2022-05-17,生物科技/医药,29,0.01942796554107731,0.41379310344827586
2022-05-17,金融,2,0.030964425587467398,0.0
2022-05-18,TMT/互联网,3,-0.05047601450896116,0.3333333333333333
2022-05-18,其他,4,0.004113658828606801,0.25
2022-05-18,地产/建筑,14,-0.036028593336961734,0.5
2022-05-18,工业/制造,8,0.041625755410310446,0.875
2022-05-18,新能源/汽车,0,,
2022-05-18,消费/零售,17,-0.04284130280549984,0.7647058823529411
2022-05-18,生物科技/医药,30,0.02135746850635361,0.4
2022-05-18,金融,2,0.030964425587467398,0.0
2022-05-19,TMT/互联网,3,-0.05047601450896116,0.3333333333333333
2022-05-19,其他,4,0.004113658828606801,0.25
2022-05-19,地产/建筑,14,-0.036028593336961734,0.5
2022-05-19,工业/制造,8,0.041625755410310446,0.875
2022-05-19,新能源/汽车,0,,
2022-05-19,消费/零售,17,-0.04284130280549984,0.7647058823529411
2022-05-19,生物科技/医药,30,0.02135746850635361,0.4
2022-05-19,金融,2,0.030964425587467398,0.0
2022-05-20,TMT/互联网,3,-0.05047601450896116,0.3333333333333333
2022-05-20,其他,4,0.004113658828606801,0.25
2022-05-20,地产/建筑,14,-0.036028593336961734,0.5
2022-05-20,工业/制造,8,0.041625755410310446,0.875
2022-05-20,新能源/汽车,0,,
2022-05-20,消费/零售,17,-0.04284130280549984,0.7647058823529411
2022-05-20,生物科技/医药,30,0.02135746850635361,0.4
2022-05-20,金融,2,0.030964425587467398,0.0
2022-05-21,TMT/互联网,3,-0.05047601450896116,0.3333333333333333
2022-05-21,其他,4,0.004113658828606801,0.25
2022-05-21,地产/建筑,14,-0.036028593336961734,0.5
2022-05-21,工业/制造,8,0.041625755410310446,0.875
2022-05-21,新能源/汽车,0,,
2022-05-21,消费/零售,17,-0.04284130280549984,0.7647058823529411
2022-05-21,生物科技/医药,30,0.02135746850635361,0.4
2022-05-21,金融,2,0.030964425587467398,0.0
2022-05-22,TMT/互联网,3,-0.05047601450896116,0.3333333333333333
2022-05-22,其他,4,0.004113658828606801,0.25
2022-05-22,地产/建筑,14,-0.036028593336961734,0.5
2022-05-22,工业/制造,8,0.041625755410310446,0.875
2022-05-22,新能源/汽车,0,,
2022-05-22,消费/零售,17,-0.04284130280549984,0.7647058823529411
2022-05-22,生物科技/医药,30,0.02135746850635361,0.4
2022-05-22,金融,2,0.030964425587467398,0.0
2022-05-23,TMT/互联网,3,-0.05047601450896116,0.3333333333333333
2022-05-23,其他,4,0.004113658828606801,0.25
2022-05-23,地产/建筑,14,-0.036028593336961734,0.5
2022-05-23,工业/制造,8,0.041625755410310446,0.875
2022-05-23,新能源/汽车,0,,
2022-05-23,消费/零售,17,-0.04284130280549984,0.7647058823529411
2022-05-23,生物科技/医药,30,0.02135746850635361,0.4
2022-05-23,金融,2,0.030964425587467398,0.0
2022-05-24,TMT/互联网,3,-0.05047601450896116,0.3333333333333333
2022-05-24,其他,4,0.004113658828606801,0.25
2022-05-24,地产/建筑,14,-0.036028593336961734,0.5
2022-05-24,工业/制造,8,0.041625755410310446,0.875
2022-05-24,新能源/汽车,0,,
2022-05-24,消费/零售,17,-0.04284130280549984,0.7647058823529411
2022-05-24,生物科技/医药,30,0.02135746850635361,0.4
2022-05-24,金融,2,0.030964425587467398,0.0
2022-05-25,TMT/互联网,3,-0.05047601450896116,0.3333333333333333
2022-05-25,其他,4,0.004113658828606801,0.25
2022-05-25,地产/建筑,13,-0.03920488189324623,0.5384615384615384
2022-05-25,工业/制造,8,0.041625755410310446,0.875
2022-05-25,新能源/汽车,0,,
2022-05-25,消费/零售,17,-0.04284130280549984,0.7647058823529411
2022-05-25,生物科技/医药,30,0.02135746850635361,0.4
2022-05-25,金融,2,0.030964425587467398,0.0
2022-05-26,TMT/互联网,3,-0.05047601450896116,0.3333333333333333
2022-05-26,其他,4,0.004113658828606801,0.25
2022-05-26,地产/建筑,13,-0.03920488189324623,0.5384615384615384
2022-05-26,工业/制造,8,0.041625755410310446,0.875
2022-05-26,新能源/汽车,0,,
2022-05-26,消费/零售,17,-0.04284130280549984,0.7647058823529411
2022-05-26,生物科技/医药,30,0.02135746850635361,0.4
2022-05-26,金融,2,0.030964425587467398,0.0
2022-05-27,TMT/互联网,3,-0.05047601450896116,0.3333333333333333
2022-05-27,其他,4,0.004113658828606801,0.25
2022-05-27,地产/建筑,13,-0.03920488189324623,0.5384615384615384
2022-05-27,工业/制造,8,0.041625755410310446,0.875
2022-05-27,新能源/汽车,0,,
2022-05-27,消费/零售,17,-0.04284130280549984,0.7647058823529411
2022-05-27,生物科技/医药,30,0.02135746850635361,0.4
2022-05-27,金融,2,0.030964425587467398,0.0
2022-05-28,TMT/互联网,3,-0.05047601450896116,0.3333333333333333
2022-05-28,其他,4,0.004113658828606801,0.25
2022-05-28,地产/建筑,13,-0.03920488189324623,0.5384615384615384
2022-05-28,工业/制造,7,0.061066940571299404,0.8571428571428571
2022-05-28,新能源/汽车,0,,
2022-05-28,消费/零售,17,-0.04284130280549984,0.7647058823529411
2022-05-28,生物科技/医药,30,0.02135746850635361,0.4
2022-05-28,金融,2,0.030964425587467398,0.0
2022-05-29,TMT/互联网,3,-0.05047601450896116,0.3333333333333333
2022-05-29,其他,4,0.004113658828606801,0.25
2022-05-29,地产/建筑,13,-0.03920488189324623,0.5384615384615384
2022-05-29,工业/制造,7,0.061066940571299404,0.8571428571428571
2022-05-29,新能源/汽车,0,,
2022-05-29,消费/零售,17,-0.04284130280549984,0.7647058823529411
2022-05-29,生物科技/医药,30,0.02135746850635361,0.4
2022-05-29,金融,2,0.030964425587467398,0.0
2022-05-30,TMT/互联网,3,-0.05047601450896116,0.3333333333333333
2022-05-30,其他,4,0.004113658828606801,0.25
2022-05-30,地产/建筑,13,-0.03920488189324623,0.5384615384615384
2022-05-30,工业/制造,7,0.061066940571299404,0.8571428571428571
2022-05-30,新能源/汽车,0,,
2022-05-30,消费/零售,17,-0.04284130280549984,0.7647058823529411
2022-05-30,生物科技/医药,30,0.02135746850635361,0.4
2022-05-30,金融,2,0.030964425587467398,0.0
2022-05-31,TMT/互联网,3,-0.05047601450896116,0.3333333333333333
2022-05-31,其他,4,0.004113658828606801,0.25
2022-05-31,地产/建筑,12,-0.04713862205101676,0.5833333333333334
2022-05-31,工业/制造,7,0.061066940571299404,0.8571428571428571
2022-05-31,新能源/汽车,0,,
2022-05-31,消费/零售,17,-0.04284130280549984,0.7647058823529411
2022-05-31,生物科技/医药,30,0.02135746850635361,0.4
2022-05-31,金融,2,0.030964425587467398,0.0
2022-06-01,TMT/互联网,3,-0.05047601450896116,0.3333333333333333
2022-06-01,其他,4,0.004113658828606801,0.25
2022-06-01,地产/建筑,12,-0.04713862205101676,0.5833333333333334
2022-06-01,工业/制造,7,0.061066940571299404,0.8571428571428571
2022-06-01,新能源/汽车,0,,
2022-06-01,消费/零售,17,-0.04284130280549984,0.7647058823529411
2022-06-01,生物科技/医药,30,0.02135746850635361,0.4
2022-06-01,金融,2,0.030964425587467398,0.0
2022-06-02,TMT/互联网,3,-0.05047601450896116,0.3333333333333333
2022-06-02,其他,4,0.004113658828606801,0.25
2022-06-02,地产/建筑,12,-0.04713862205101676,0.5833333333333334
2022-06-02,工业/制造,7,0.061066940571299404,0.8571428571428571
2022-06-02,新能源/汽车,0,,
2022-06-02,消费/零售,17,-0.04284130280549984,0.7647058823529411
2022-06-02,生物科技/医药,30,0.02135746850635361,0.4
2022-06-02,金融,2,0.030964425587467398,0.0
2022-06-03,TMT/互联网,3,-0.05047601450896116,0.3333333333333333
2022-06-03,其他,4,0.004113658828606801,0.25
2022-06-03,地产/建筑,12,-0.04713862205101676,0.5833333333333334
2022-06-03,工业/制造,7,0.061066940571299404,0.8571428571428571
2022-06-03,新能源/汽车,0,,
2022-06-03,消费/零售,17,-0.04284130280549984,0.7647058823529411
2022-06-03,生物科技/医药,30,0.02135746850635361,0.4
2022-06-03,金融,2,0.030964425587467398,0.0
2022-06-04,TMT/互联网,3,-0.05047601450896116,0.3333333333333333
2022-06-04,其他,4,0.004113658828606801,0.25
2022-06-04,地产/建筑,12,-0.04713862205101676,0.5833333333333334
2022-06-04,工业/制造,7,0.061066940571299404,0.8571428571428571
2022-06-04,新能源/汽车,0,,
2022-06-04,消费/零售,17,-0.04284130280549984,0.7647058823529411
2022-06-04,生物科技/医药,30,0.02135746850635361,0.4
2022-06-04,金融,2,0.030964425587467398,0.0
2022-06-05,TMT/互联网,3,-0.05047601450896116,0.3333333333333333
2022-06-05,其他,4,0.004113658828606801,0.25
2022-06-05,地产/建筑,12,-0.04713862205101676,0.5833333333333334
2022-06-05,工业/制造,7,0.061066940571299404,0.8571428571428571
2022-06-05,新能源/汽车,0,,
2022-06-05,消费/零售,17,-0.04284130280549984,0.7647058823529411
2022-06-05,生物科技/医药,30,0.02135746850635361,0.4
2022-06-05,金融,2,0.030964425587467398,0.0
2022-06-06,TMT/互联网,3,-0.05047601450896116,0.3333333333333333
2022-06-06,其他,4,0.004113658828606801,0.25
2022-06-06,地产/建筑,12,-0.04713862205101676,0.5833333333333334
2022-06-06,工业/制造,7,0.061066940571299404,0.8571428571428571
2022-06-06,新能源/汽车,0,,
2022-06-06,消费/零售,17,-0.04284130280549984,0.7647058823529411
2022-06-06,生物科技/医药,30,0.02135746850635361,0.4
2022-06-06,金融,2,0.030964425587467398,0.0
2022-06-07,TMT/互联网,3,-0.05047601450896116,0.3333333333333333
2022-06-07,其他,4,0.004113658828606801,0.25
2022-06-07,地产/建筑,12,-0.04713862205101676,0.5833333333333334
2022-06-07,工业/制造,7,0.061066940571299404,0.8571428571428571
2022-06-07,新能源/汽车,0,,
2022-06-07,消费/零售,17,-0.04284130280549984,0.7647058823529411
2022-06-07,生物科技/医药,30,0.02135746850635361,0.4
2022-06-07,金融,2,0.030964425587467398,0.0
2022-06-08,TMT/互联网,3,-0.05047601450896116,0.3333333333333333
2022-06-08,其他,4,0.004113658828606801,0.25
2022-06-08,地产/建筑,12,-0.04713862205101676,0.5833333333333334
2022-06-08,工业/制造,7,0.061066940571299404,0.8571428571428571
2022-06-08,新能源/汽车,0,,
2022-06-08,消费/零售,17,-0.04284130280549984,0.7647058823529411
2022-06-08,生物科技/医药,30,0.02135746850635361,0.4
2022-06-08,金融,2,0.030964425587467398,0.0
2022-06-09,TMT/互联网,3,-0.05047601450896116,0.3333333333333333
2022-06-09,其他,4,0.004113658828606801,0.25
2022-06-09,地产/建筑,12,-0.04713862205101676,0.5833333333333334
2022-06-09,工业/制造,7,0.061066940571299404,0.8571428571428571
2022-06-09,新能源/汽车,0,,
2022-06-09,消费/零售,17,-0.04284130280549984,0.7647058823529411
2022-06-09,生物科技/医药,30,0.02135746850635361,0.4
2022-06-09,金融,2,0.030964425587467398,0.0
2022-06-10,TMT/互联网,3,-0.05047601450896116,0.3333333333333333
2022-06-10,其他,4,0.004113658828606801,0.25
2022-06-10,地产/建筑,12,-0.04713862205101676,0.5833333333333334
2022-06-10,工业/制造,7,0.061066940571299404,0.8571428571428571
2022-06-10,新能源/汽车,0,,
2022-06-10,消费/零售,18,-0.0448471953396972,0.7777777777777778
2022-06-10,生物科技/医药,30,0.02135746850635361,0.4
2022-06-10,金融,2,0.030964425587467398,0.0
2022-06-11,TMT/互联网,3,-0.05047601450896116,0.3333333333333333
2022-06-11,其他,4,0.004113658828606801,0.25
2022-06-11,地产/建筑,12,-0.04713862205101676,0.5833333333333334
2022-06-11,工业/制造,7,0.061066940571299404,0.8571428571428571
2022-06-11,新能源/汽车,0,,
2022-06-11,消费/零售,18,-0.0448471953396972,0.7777777777777778
2022-06-11,生物科技/医药,30,0.02135746850635361,0.4
2022-06-11,金融,2,0.030964425587467398,0.0
2022-06-12,TMT/互联网,3,-0.05047601450896116,0.3333333333333333
2022-06-12,其他,4,0.004113658828606801,0.25
2022-06-12,地产/建筑,12,-0.04713862205101676,0.5833333333333334
2022-06-12,工业/制造,7,0.061066940571299404,0.8571428571428571
2022-06-12,新能源/汽车,0,,
2022-06-12,消费/零售,18,-0.0448471953396972,0.7777777777777778
2022-06-12,生物科技/医药,30,0.02135746850635361,0.4
2022-06-12,金融,2,0.030964425587467398,0.0
2022-06-13,TMT/互联网,3,-0.05047601450896116,0.3333333333333333
2022-06-13,其他,4,0.004113658828606801,0.25
2022-06-13,地产/建筑,12,-0.04713862205101676,0.5833333333333334
2022-06-13,工业/制造,7,0.061066940571299404,0.8571428571428571
2022-06-13,新能源/汽车,0,,
2022-06-13,消费/零售,18,-0.0448471953396972,0.7777777777777778
2022-06-13,生物科技/医药,30,0.02135746850635361,0.4
2022-06-13,金融,2,0.030964425587467398,0.0
2022-06-14,TMT/互联网,3,-0.05047601450896116,0.3333333333333333
2022-06-14,其他,4,0.004113658828606801,0.25
2022-06-14,地产/建筑,12,-0.04713862205101676,0.5833333333333334
2022-06-14,工业/制造,7,0.061066940571299404,0.8571428571428571
2022-06-14,新能源/汽车,0,,
2022-06-14,消费/零售,18,-0.0448471953396972,0.7777777777777778
2022-06-14,生物科技/医药,30,0.02135746850635361,0.4
2022-06-14,金融,2,0.030964425587467398,0.0
2022-06-15,TMT/互联网,3,-0.05047601450896116,0.3333333333333333
2022-06-15,其他,4,0.004113658828606801,0.25
2022-06-15,地产/建筑,12,-0.04713862205101676,0.5833333333333334
2022-06-15,工业/制造,7,0.061066940571299404,0.8571428571428571
2022-06-15,新能源/汽车,0,,
2022-06-15,消费/零售,18,-0.0448471953396972,0.7777777777777778
2022-06-15,生物科技/医药,30,0.02135746850635361,0.4
2022-06-15,金融,2,0.030964425587467398,0.0
2022-06-16,TMT/互联网,3,-0.05047601450896116,0.3333333333333333
2022-06-16,其他,4,0.004113658828606801,0.25
2022-06-16,地产/建筑,12,-0.04713862205101676,0.5833333333333334
2022-06-16,工业/制造,7,0.061066940571299404,0.8571428571428571
2022-06-16,新能源/汽车,0,,
2022-06-16,消费/零售,18,-0.0448471953396972,0.7777777777777778
2022-06-16,生物科技/医药,29,0.022007726041055456,0.41379310344827586
2022-06-16,金融,2,0.030964425587467398,0.0
2022-06-17,TMT/互联网,3,-0.05047601450896116,0.3333333333333333
2022-06-17,其他,4,0.004113658828606801,0.25
2022-06-17,地产/建筑,12,-0.04713862205101676,0.5833333333333334
2022-06-17,工业/制造,7,0.061066940571299404,0.8571428571428571
2022-06-17,新能源/汽车,0,,
2022-06-17,消费/零售,18,-0.0448471953396972,0.7777777777777778
2022-06-17,生物科技/医药,29,0.022007726041055456,0.41379310344827586
2022-06-17,金融,2,0.030964425587467398,0.0
2022-06-18,TMT/互联网,3,-0.05047601450896116,0.3333333333333333
2022-06-18,其他,4,0.004113658828606801,0.25
2022-06-18,地产/建筑,12,-0.04713862205101676,0.5833333333333334
2022-06-18,工业/制造,7,0.061066940571299404,0.8571428571428571
2022-06-18,新能源/汽车,0,,
2022-06-18,消费/零售,17,-0.046267581127757335,0.7647058823529411
2022-06-18,生物科技/医药,28,0.018898812639168146,0.42857142857142855
2022-06-18,金融,2,0.030964425587467398,0.0
2022-06-19,TMT/互联网,3,-0.05047601450896116,0.3333333333333333
2022-06-19,其他,4,0.004113658828606801,0.25
2022-06-19,地产/建筑,12,-0.04713862205101676,0.5833333333333334
2022-06-19,工业/制造,7,0.061066940571299404,0.8571428571428571
2022-06-19,新能源/汽车,0,,
2022-06-19,消费/零售,17,-0.046267581127757335,0.7647058823529411
2022-06-19,生物科技/医药,28,0.018898812639168146,0.42857142857142855
2022-06-19,金融,2,0.030964425587467398,0.0
2022-06-20,TMT/互联网,3,-0.05047601450896116,0.3333333333333333
2022-06-20,其他,4,0.004113658828606801,0.25
2022-06-20,地产/建筑,12,-0.04713862205101676,0.5833333333333334
2022-06-20,工业/制造,7,0.061066940571299404,0.8571428571428571
2022-06-20,新能源/汽车,0,,
2022-06-20,消费/零售,17,-0.046267581127757335,0.7647058823529411
2022-06-20,生物科技/医药,28,0.018898812639168146,0.42857142857142855
2022-06-20,金融,2,0.030964425587467398,0.0
2022-06-21,TMT/互联网,3,-0.05047601450896116,0.3333333333333333
2022-06-21,其他,4,0.004113658828606801,0.25
2022-06-21,地产/建筑,12,-0.04713862205101676,0.5833333333333334
2022-06-21,工业/制造,7,0.061066940571299404,0.8571428571428571
2022-06-21,新能源/汽车,0,,
2022-06-21,消费/零售,17,-0.046267581127757335,0.7647058823529411
2022-06-21,生物科技/医药,28,0.018898812639168146,0.42857142857142855
2022-06-21,金融,2,0.030964425587467398,0.0
2022-06-22,TMT/互联网,3,-0.05047601450896116,0.3333333333333333
2022-06-22,其他,4,0.004113658828606801,0.25
2022-06-22,地产/建筑,12,-0.04713862205101676,0.5833333333333334
2022-06-22,工业/制造,7,0.061066940571299404,0.8571428571428571
2022-06-22,新能源/汽车,0,,
2022-06-22,消费/零售,17,-0.046267581127757335,0.7647058823529411
2022-06-22,生物科技/医药,29,0.01562728946737215,0.4482758620689655
2022-06-22,金融,2,0.030964425587467398,0.0
2022-06-23,TMT/互联网,3,-0.05047601450896116,0.3333333333333333
2022-06-23,其他,4,0.004113658828606801,0.25
2022-06-23,地产/建筑,12,-0.04713862205101676,0.5833333333333334
2022-06-23,工业/制造,7,0.061066940571299404,0.8571428571428571
2022-06-23,新能源/汽车,0,,
2022-06-23,消费/零售,17,-0.046267581127757335,0.7647058823529411
2022-06-23,生物科技/医药,29,0.01562728946737215,0.4482758620689655
2022-06-23,金融,2,0.030964425587467398,0.0
2022-06-24,TMT/互联网,3,-0.05047601450896116,0.3333333333333333
2022-06-24,其他,4,0.004113658828606801,0.25
2022-06-24,地产/建筑,12,-0.04713862205101676,0.5833333333333334
2022-06-24,工业/制造,8,0.025642875325468363,0.875
2022-06-24,新能源/汽车,0,,
2022-06-24,消费/零售,17,-0.046267581127757335,0.7647058823529411
2022-06-24,生物科技/医药,29,0.01562728946737215,0.4482758620689655
2022-06-24,金融,2,0.030964425587467398,0.0
2022-06-25,TMT/互联网,3,-0.05047601450896116,0.3333333333333333
2022-06-25,其他,4,0.004113658828606801,0.25
2022-06-25,地产/建筑,12,-0.04713862205101676,0.5833333333333334
2022-06-25,工业/制造,8,0.025642875325468363,0.875
2022-06-25,新能源/汽车,0,,
2022-06-25,消费/零售,17,-0.046267581127757335,0.7647058823529411
2022-06-25,生物科技/医药,29,0.01562728946737215,0.4482758620689655
2022-06-25,金融,2,0.030964425587467398,0.0
2022-06-26,TMT/互联网,3,-0.05047601450896116,0.3333333333333333
2022-06-26,其他,4,0.004113658828606801,0.25
2022-06-26,地产/建筑,12,-0.04713862205101676,0.5833333333333334
2022-06-26,工业/制造,8,0.025642875325468363,0.875
2022-06-26,新能源/汽车,0,,
2022-06-26,消费/零售,17,-0.046267581127757335,0.7647058823529411
2022-06-26,生物科技/医药,29,0.01562728946737215,0.4482758620689655
2022-06-26,金融,2,0.030964425587467398,0.0
2022-06-27,TMT/互联网,3,-0.05047601450896116,0.3333333333333333
2022-06-27,其他,4,0.004113658828606801,0.25
2022-06-27,地产/建筑,12,-0.04713862205101676,0.5833333333333334
2022-06-27,工业/制造,8,0.025642875325468363,0.875
2022-06-27,新能源/汽车,0,,
2022-06-27,消费/零售,17,-0.046267581127757335,0.7647058823529411
2022-06-27,生物科技/医药,29,0.01562728946737215,0.4482758620689655
2022-06-27,金融,2,0.030964425587467398,0.0
2022-06-28,TMT/互联网,3,-0.05047601450896116,0.3333333333333333
2022-06-28,其他,4,0.004113658828606801,0.25
2022-06-28,地产/建筑,11,-0.052939102843533425,0.6363636363636364
2022-06-28,工业/制造,7,-0.08417311944370438,1.0
2022-06-28,新能源/汽车,0,,
2022-06-28,消费/零售,17,-0.046267581127757335,0.7647058823529411
2022-06-28,生物科技/医药,29,0.01562728946737215,0.4482758620689655
2022-06-28,金融,2,0.030964425587467398,0.0
2022-06-29,TMT/互联网,3,-0.05047601450896116,0.3333333333333333
2022-06-29,其他,4,0.004113658828606801,0.25
2022-06-29,地产/建筑,11,-0.052939102843533425,0.6363636363636364
2022-06-29,工业/制造,7,-0.08417311944370438,1.0
2022-06-29,新能源/汽车,0,,
2022-06-29,消费/零售,17,-0.046267581127757335,0.7647058823529411
2022-06-29,生物科技/医药,29,0.01562728946737215,0.4482758620689655
2022-06-29,金融,2,0.030964425587467398,0.0
2022-06-30,TMT/互联网,4,-0.037857010881720866,0.25
2022-06-30,其他,4,0.004113658828606801,0.25
2022-06-30,地产/建筑,11,-0.052939102843533425,0.6363636363636364
2022-06-30,工业/制造,8,-0.08615147951324131,1.0
2022-06-30,新能源/汽车,0,,
2022-06-30,消费/零售,16,-0.043393133156089475,0.75
2022-06-30,生物科技/医药,28,0.010001415842179633,0.4642857142857143
2022-06-30,金融,2,0.030964425587467398,0.0
2022-07-01,TMT/互联网,4,-0.037857010881720866,0.25
2022-07-01,其他,4,0.004113658828606801,0.25
2022-07-01,地产/建筑,11,-0.052939102843533425,0.6363636363636364
2022-07-01,工业/制造,8,-0.08615147951324131,1.0
2022-07-01,新能源/汽车,0,,
2022-07-01,消费/零售,16,-0.043393133156089475,0.75
2022-07-01,生物科技/医药,28,0.010001415842179633,0.4642857142857143
2022-07-01,金融,2,0.030964425587467398,0.0
2022-07-02,TMT/互联网,4,-0.037857010881720866,0.25
2022-07-02,其他,4,0.004113658828606801,0.25
2022-07-02,地产/建筑,10,-0.0632198897683067,0.7
2022-07-02,工业/制造,8,-0.08615147951324131,1.0
2022-07-02,新能源/汽车,0,,
2022-07-02,消费/零售,16,-0.043393133156089475,0.75
2022-07-02,生物科技/医药,28,0.010001415842179633,0.4642857142857143
2022-07-02,金融,2,0.030964425587467398,0.0
2022-07-03,TMT/互联网,4,-0.037857010881720866,0.25
2022-07-03,其他,4,0.004113658828606801,0.25
2022-07-03,地产/建筑,10,-0.0632198897683067,0.7
2022-07-03,工业/制造,8,-0.08615147951324131,1.0
2022-07-03,新能源/汽车,0,,
2022-07-03,消费/零售,16,-0.043393133156089475,0.75
2022-07-03,生物科技/医药,28,0.010001415842179633,0.4642857142857143
2022-07-03,金融,2,0.030964425587467398,0.0
2022-07-04,TMT/互联网,4,-0.037857010881720866,0.25
2022-07-04,其他,4,0.004113658828606801,0.25
2022-07-04,地产/建筑,10,-0.0632198897683067,0.7
2022-07-04,工业/制造,8,-0.08615147951324131,1.0
2022-07-04,新能源/汽车,0,,
2022-07-04,消费/零售,16,-0.043393133156089475,0.75
2022-07-04,生物科技/医药,28,0.010001415842179633,0.4642857142857143
2022-07-04,金融,2,0.030964425587467398,0.0
2022-07-05,TMT/互联网,5,-0.03294409541294313,0.4
2022-07-05,其他,4,0.004113658828606801,0.25
2022-07-05,地产/建筑,10,-0.0632198897683067,0.7
2022-07-05,工业/制造,8,-0.08615147951324131,1.0
2022-07-05,新能源/汽车,0,,
2022-07-05,消费/零售,16,-0.043393133156089475,0.75
2022-07-05,生物科技/医药,27,0.007004835284145882,0.48148148148148145
2022-07-05,金融,2,0.030964425587467398,0.0
2022-07-06,TMT/互联网,5,-0.03294409541294313,0.4
2022-07-06,其他,4,0.004113658828606801,0.25
2022-07-06,地产/建筑,10,-0.0632198897683067,0.7
2022-07-06,工业/制造,8,-0.08615147951324131,1.0
2022-07-06,新能源/汽车,0,,
2022-07-06,消费/零售,16,-0.043393133156089475,0.75
2022-07-06,生物科技/医药,28,0.00406145416451304,0.5
2022-07-06,金融,2,0.030964425587467398,0.0
2022-07-07,TMT/互联网,5,-0.03294409541294313,0.4
2022-07-07,其他,4,0.004113658828606801,0.25
2022-07-07,地产/建筑,10,-0.0632198897683067,0.7
2022-07-07,工业/制造,8,-0.08615147951324131,1.0
2022-07-07,新能源/汽车,0,,
2022-07-07,消费/零售,15,-0.04509553250935259,0.7333333333333333
2022-07-07,生物科技/医药,27,-0.00801733194958955,0.5185185185185185
2022-07-07,金融,2,0.030964425587467398,0.0
2022-07-08,TMT/互联网,6,-0.02638503677574321,0.3333333333333333
2022-07-08,其他,4,0.004113658828606801,0.25
2022-07-08,地产/建筑,10,-0.04979673607569195,0.7
2022-07-08,工业/制造,8,-0.08615147951324131,1.0
2022-07-08,新能源/汽车,0,,
2022-07-08,消费/零售,15,-0.04509553250935259,0.7333333333333333
2022-07-08,生物科技/医药,27,-0.005385395984320248,0.5185185185185185
2022-07-08,金融,2,0.030964425587467398,0.0
2022-07-09,TMT/互联网,6,-0.02638503677574321,0.3333333333333333
2022-07-09,其他,4,0.004113658828606801,0.25
2022-07-09,地产/建筑,10,-0.04979673607569195,0.7
2022-07-09,工业/制造,8,-0.08615147951324131,1.0
2022-07-09,新能源/汽车,0,,
2022-07-09,消费/零售,14,-0.02805636395005316,0.7142857142857143
2022-07-09,生物科技/医药,27,-0.005385395984320248,0.5185185185185185
2022-07-09,金融,2,0.030964425587467398,0.0
2022-07-10,TMT/互联网,6,-0.02638503677574321,0.3333333333333333
2022-07-10,其他,4,0.004113658828606801,0.25
2022-07-10,地产/建筑,10,-0.04979673607569195,0.7
2022-07-10,工业/制造,8,-0.08615147951324131,1.0
2022-07-10,新能源/汽车,0,,
2022-07-10,消费/零售,14,-0.02805636395005316,0.7142857142857143
2022-07-10,生物科技/医药,27,-0.005385395984320248,0.5185185185185185
2022-07-10,金融,2,0.030964425587467398,0.0
2022-07-11,TMT/互联网,6,-0.02638503677574321,0.3333333333333333
2022-07-11,其他,4,0.004113658828606801,0.25
2022-07-11,地产/建筑,10,-0.04979673607569195,0.7
2022-07-11,工业/制造,8,-0.08615147951324131,1.0
2022-07-11,新能源/汽车,0,,
2022-07-11,消费/零售,14,-0.02805636395005316,0.7142857142857143
2022-07-11,生物科技/医药,27,-0.005385395984320248,0.5185185185185185
2022-07-11,金融,2,0.030964425587467398,0.0
2022-07-12,TMT/互联网,7,-0.0039297904129637394,0.2857142857142857
2022-07-12,其他,4,0.004113658828606801,0.25
2022-07-12,地产/建筑,9,-0.03374851016957224,0.6666666666666666
2022-07-12,工业/制造,8,-0.08615147951324131,1.0
2022-07-12,新能源/汽车,0,,
2022-07-12,消费/零售,14,0.01434095504301052,0.6428571428571429
2022-07-12,生物科技/医药,27,-0.005385395984320248,0.5185185185185185
2022-07-12,金融,2,0.030964425587467398,0.0
2022-07-13,TMT/互联网,7,-0.0039297904129637394,0.2857142857142857
2022-07-13,其他,5,-0.012801043503962974,0.4
2022-07-13,地产/建筑,9,-0.03374851016957224,0.6666666666666666
2022-07-13,工业/制造,9,-0.06539341057403703,0.8888888888888888
2022-07-13,新能源/汽车,0,,
2022-07-13,消费/零售,14,0.021718921903736,0.5714285714285714
2022-07-13,生物科技/医药,26,-0.008378292235334723,0.5384615384615384
2022-07-13,金融,3,0.013625406531995834,0.3333333333333333
2022-07-14,TMT/互联网,7,-0.0039297904129637394,0.2857142857142857
2022-07-14,其他,5,-0.012801043503962974,0.4
2022-07-14,地产/建筑,9,-0.03374851016957224,0.6666666666666666
2022-07-14,工业/制造,9,-0.06539341057403703,0.8888888888888888
2022-07-14,新能源/汽车,0,,
2022-07-14,消费/零售,14,0.021718921903736,0.5714285714285714
2022-07-14,生物科技/医药,26,-0.008378292235334723,0.5384615384615384
2022-07-14,金融,3,0.013625406531995834,0.3333333333333333
2022-07-15,TMT/互联网,8,0.005333363213218138,0.25
2022-07-15,其他,5,-0.012801043503962974,0.4
2022-07-15,地产/建筑,8,-0.03796707394076877,0.75
2022-07-15,工业/制造,10,-0.055996926659490465,0.8
2022-07-15,新能源/汽车,0,,
2022-07-15,消费/零售,13,0.02860473206321504,0.5384615384615384
2022-07-15,生物科技/医药,26,-0.011328790037547916,0.5769230769230769
2022-07-15,金融,3,0.013625406531995834,0.3333333333333333
2022-07-16,TMT/互联网,8,0.005333363213218138,0.25
2022-07-16,其他,4,-0.021898975879680097,0.5
2022-07-16,地产/建筑,7,-0.04183814661553698,0.7142857142857143
2022-07-16,工业/制造,9,-0.051378698998349855,0.7777777777777778
2022-07-16,新能源/汽车,0,,
2022-07-16,消费/零售,12,0.0208567474757778,0.5833333333333334
2022-07-16,生物科技/医药,25,-0.008755356771974167,0.56
2022-07-16,金融,3,0.013625406531995834,0.3333333333333333
2022-07-17,TMT/互联网,8,0.005333363213218138,0.25
2022-07-17,其他,4,-0.021898975879680097,0.5
2022-07-17,地产/建筑,7,-0.04183814661553698,0.7142857142857143
2022-07-17,工业/制造,9,-0.051378698998349855,0.7777777777777778
2022-07-17,新能源/汽车,0,,
2022-07-17,消费/零售,12,0.0208567474757778,0.5833333333333334
2022-07-17,生物科技/医药,25,-0.008755356771974167,0.56
2022-07-17,金融,3,0.013625406531995834,0.3333333333333333
2022-07-18,TMT/互联网,8,0.005333363213218138,0.25
2022-07-18,其他,4,-0.021898975879680097,0.5
2022-07-18,地产/建筑,7,-0.04183814661553698,0.7142857142857143
2022-07-18,工业/制造,10,0.03330462544693969,0.7
2022-07-18,新能源/汽车,0,,
2022-07-18,消费/零售,12,0.0208567474757778,0.5833333333333334
2022-07-18,生物科技/医药,25,-0.008755356771974167,0.56
2022-07-18,金融,3,0.013625406531995834,0.3333333333333333
2022-07-19,TMT/互联网,8,0.005333363213218138,0.25
2022-07-19,其他,4,-0.021898975879680097,0.5
2022-07-19,地产/建筑,6,-0.048461030995437415,0.6666666666666666
2022-07-19,工业/制造,10,0.03330462544693969,0.7
2022-07-19,新能源/汽车,0,,
2022-07-19,消费/零售,12,0.0208567474757778,0.5833333333333334
2022-07-19,生物科技/医药,25,-0.008755356771974167,0.56
2022-07-19,金融,3,0.013625406531995834,0.3333333333333333
2022-07-20,TMT/互联网,8,0.005333363213218138,0.25
2022-07-20,其他,4,-0.021898975879680097,0.5
2022-07-20,地产/建筑,6,-0.048461030995437415,0.6666666666666666
2022-07-20,工业/制造,10,0.03330462544693969,0.7
2022-07-20,新能源/汽车,0,,
2022-07-20,消费/零售,12,0.0208567474757778,0.5833333333333334
2022-07-20,生物科技/医药,25,-0.008755356771974167,0.56
2022-07-20,金融,3,0.013625406531995834,0.3333333333333333
2022-07-21,TMT/互联网,8,0.005333363213218138,0.25
2022-07-21,其他,4,-0.021898975879680097,0.5
2022-07-21,地产/建筑,6,-0.048461030995437415,0.6666666666666666
2022-07-21,工业/制造,10,0.03330462544693969,0.7
2022-07-21,新能源/汽车,0,,
2022-07-21,消费/零售,12,0.0208567474757778,0.5833333333333334
2022-07-21,生物科技/医药,25,-0.008755356771974167,0.56
2022-07-21,金融,3,0.013625406531995834,0.3333333333333333
2022-07-22,TMT/互联网,8,0.005333363213218138,0.25
2022-07-22,其他,4,-0.021898975879680097,0.5
2022-07-22,地产/建筑,6,-0.048461030995437415,0.6666666666666666
2022-07-22,工业/制造,10,0.03330462544693969,0.7
2022-07-22,新能源/汽车,0,,
2022-07-22,消费/零售,12,0.0208567474757778,0.5833333333333334
2022-07-22,生物科技/医药,25,-0.008755356771974167,0.56
2022-07-22,金融,3,0.013625406531995834,0.3333333333333333
2022-07-23,TMT/互联网,8,0.005333363213218138,0.25
2022-07-23,其他,4,-0.021898975879680097,0.5
2022-07-23,地产/建筑,6,-0.048461030995437415,0.6666666666666666
2022-07-23,工业/制造,10,0.03330462544693969,0.7
2022-07-23,新能源/汽车,0,,
2022-07-23,消费/零售,12,0.0208567474757778,0.5833333333333334
2022-07-23,生物科技/医药,25,-0.008755356771974167,0.56
2022-07-23,金融,3,0.013625406531995834,0.3333333333333333
2022-07-24,TMT/互联网,8,0.005333363213218138,0.25
2022-07-24,其他,4,-0.021898975879680097,0.5
2022-07-24,地产/建筑,6,-0.048461030995437415,0.6666666666666666
2022-07-24,工业/制造,10,0.03330462544693969,0.7
2022-07-24,新能源/汽车,0,,
2022-07-24,消费/零售,12,0.0208567474757778,0.5833333333333334
2022-07-24,生物科技/医药,25,-0.008755356771974167,0.56
2022-07-24,金融,3,0.013625406531995834,0.3333333333333333
2022-07-25,TMT/互联网,8,0.005333363213218138,0.25
2022-07-25,其他,4,-0.021898975879680097,0.5
2022-07-25,地产/建筑,6,-0.048461030995437415,0.6666666666666666
2022-07-25,工业/制造,10,0.03330462544693969,0.7
2022-07-25,新能源/汽车,0,,
2022-07-25,消费/零售,12,0.0208567474757778,0.5833333333333334
2022-07-25,生物科技/医药,25,-0.008755356771974167,0.56
2022-07-25,金融,3,0.013625406531995834,0.3333333333333333
2022-07-26,TMT/互联网,8,0.005333363213218138,0.25
2022-07-26,其他,4,-0.021898975879680097,0.5
2022-07-26,地产/建筑,6,-0.048461030995437415,0.6666666666666666
2022-07-26,工业/制造,10,0.03330462544693969,0.7
2022-07-26,新能源/汽车,0,,
2022-07-26,消费/零售,12,0.0208567474757778,0.5833333333333334
2022-07-26,生物科技/医药,25,-0.008755356771974167,0.56
2022-07-26,金融,3,0.013625406531995834,0.3333333333333333
2022-07-27,TMT/互联网,8,0.005333363213218138,0.25
2022-07-27,其他,4,-0.021898975879680097,0.5
2022-07-27,地产/建筑,6,-0.048461030995437415,0.6666666666666666
2022-07-27,工业/制造,10,0.03330462544693969,0.7
2022-07-27,新能源/汽车,0,,
2022-07-27,消费/零售,12,0.0208567474757778,0.5833333333333334
2022-07-27,生物科技/医药,25,-0.008755356771974167,0.56
2022-07-27,金融,3,0.013625406531995834,0.3333333333333333
2022-07-28,TMT/互联网,8,0.005333363213218138,0.25
2022-07-28,其他,4,-0.021898975879680097,0.5
2022-07-28,地产/建筑,6,-0.048461030995437415,0.6666666666666666
2022-07-28,工业/制造,10,0.03330462544693969,0.7
2022-07-28,新能源/汽车,0,,
2022-07-28,消费/零售,12,0.0208567474757778,0.5833333333333334
2022-07-28,生物科技/医药,25,-0.008755356771974167,0.56
2022-07-28,金融,3,0.013625406531995834,0.3333333333333333
2022-07-29,TMT/互联网,8,0.005333363213218138,0.25
2022-07-29,其他,4,-0.021898975879680097,0.5
2022-07-29,地产/建筑,6,-0.048461030995437415,0.6666666666666666
2022-07-29,工业/制造,10,0.03330462544693969,0.7
2022-07-29,新能源/汽车,0,,
2022-07-29,消费/零售,12,0.0208567474757778,0.5833333333333334
2022-07-29,生物科技/医药,25,-0.008755356771974167,0.56
2022-07-29,金融,3,0.013625406531995834,0.3333333333333333
2022-07-30,TMT/互联网,8,0.005333363213218138,0.25
2022-07-30,其他,4,-0.021898975879680097,0.5
2022-07-30,地产/建筑,6,-0.048461030995437415,0.6666666666666666
2022-07-30,工业/制造,10,0.03330462544693969,0.7
2022-07-30,新能源/汽车,0,,
2022-07-30,消费/零售,12,0.0208567474757778,0.5833333333333334
2022-07-30,生物科技/医药,25,-0.008755356771974167,0.56
2022-07-30,金融,3,0.013625406531995834,0.3333333333333333
2022-07-31,TMT/互联网,8,0.005333363213218138,0.25
2022-07-31,其他,4,-0.021898975879680097,0.5
2022-07-31,地产/建筑,6,-0.048461030995437415,0.6666666666666666
2022-07-31,工业/制造,10,0.03330462544693969,0.7
2022-07-31,新能源/汽车,0,,
2022-07-31,消费/零售,12,0.0208567474757778,0.5833333333333334
2022-07-31,生物科技/医药,25,-0.008755356771974167,0.56
2022-07-31,金融,3,0.013625406531995834,0.3333333333333333
2022-08-01,TMT/互联网,8,0.005333363213218138,0.25
2022-08-01,其他,4,-0.021898975879680097,0.5
2022-08-01,地产/建筑,6,-0.048461030995437415,0.6666666666666666
2022-08-01,工业/制造,10,0.03330462544693969,0.7
2022-08-01,新能源/汽车,0,,
2022-08-01,消费/零售,12,0.0208567474757778,0.5833333333333334
2022-08-01,生物科技/医药,25,-0.008755356771974167,0.56
2022-08-01,金融,3,0.013625406531995834,0.3333333333333333
2022-08-02,TMT/互联网,8,0.005333363213218138,0.25
2022-08-02,其他,4,-0.021898975879680097,0.5
2022-08-02,地产/建筑,6,-0.048461030995437415,0.6666666666666666
2022-08-02,工业/制造,10,0.03330462544693969,0.7
2022-08-02,新能源/汽车,0,,
2022-08-02,消费/零售,12,0.0208567474757778,0.5833333333333334
2022-08-02,生物科技/医药,25,-0.008755356771974167,0.56
2022-08-02,金融,3,0.013625406531995834,0.3333333333333333
2022-08-03,TMT/互联网,8,0.005333363213218138,0.25
2022-08-03,其他,4,-0.021898975879680097,0.5
2022-08-03,地产/建筑,6,-0.048461030995437415,0.6666666666666666
2022-08-03,工业/制造,10,0.03330462544693969,0.7
2022-08-03,新能源/汽车,0,,
2022-08-03,消费/零售,12,0.0208567474757778,0.5833333333333334
2022-08-03,生物科技/医药,25,-0.008755356771974167,0.56
2022-08-03,金融,3,0.013625406531995834,0.3333333333333333
2022-08-04,TMT/互联网,8,0.005333363213218138,0.25
2022-08-04,其他,4,-0.021898975879680097,0.5
2022-08-04,地产/建筑,6,-0.048461030995437415,0.6666666666666666
2022-08-04,工业/制造,10,0.03330462544693969,0.7
2022-08-04,新能源/汽车,0,,
2022-08-04,消费/零售,12,0.0208567474757778,0.5833333333333334
2022-08-04,生物科技/医药,25,-0.008755356771974167,0.56
2022-08-04,金融,3,0.013625406531995834,0.3333333333333333
2022-08-05,TMT/互联网,8,0.005333363213218138,0.25
2022-08-05,其他,4,-0.021898975879680097,0.5
2022-08-05,地产/建筑,6,-0.048461030995437415,0.6666666666666666
2022-08-05,工业/制造,10,0.03330462544693969,0.7
2022-08-05,新能源/汽车,0,,
2022-08-05,消费/零售,12,0.0208567474757778,0.5833333333333334
2022-08-05,生物科技/医药,25,-0.008755356771974167,0.56
2022-08-05,金融,3,0.013625406531995834,0.3333333333333333
2022-08-06,TMT/互联网,8,0.005333363213218138,0.25
2022-08-06,其他,4,-0.021898975879680097,0.5
2022-08-06,地产/建筑,6,-0.048461030995437415,0.6666666666666666
2022-08-06,工业/制造,10,0.03330462544693969,0.7
2022-08-06,新能源/汽车,0,,
2022-08-06,消费/零售,12,0.0208567474757778,0.5833333333333334
2022-08-06,生物科技/医药,25,-0.008755356771974167,0.56
2022-08-06,金融,3,0.013625406531995834,0.3333333333333333
2022-08-07,TMT/互联网,8,0.005333363213218138,0.25
2022-08-07,其他,4,-0.021898975879680097,0.5
2022-08-07,地产/建筑,6,-0.048461030995437415,0.6666666666666666
2022-08-07,工业/制造,10,0.03330462544693969,0.7
2022-08-07,新能源/汽车,0,,
2022-08-07,消费/零售,12,0.0208567474757778,0.5833333333333334
2022-08-07,生物科技/医药,25,-0.008755356771974167,0.56
2022-08-07,金融,3,0.013625406531995834,0.3333333333333333
2022-08-08,TMT/互联网,8,0.005333363213218138,0.25
2022-08-08,其他,4,-0.021898975879680097,0.5
2022-08-08,地产/建筑,6,-0.048461030995437415,0.6666666666666666
2022-08-08,工业/制造,10,0.03330462544693969,0.7
2022-08-08,新能源/汽车,0,,
2022-08-08,消费/零售,12,0.0208567474757778,0.5833333333333334
2022-08-08,生物科技/医药,25,-0.008755356771974167,0.56
2022-08-08,金融,3,0.013625406531995834,0.3333333333333333
2022-08-09,TMT/互联网,8,0.005333363213218138,0.25
2022-08-09,其他,6,-0.021898975879680097,0.3333333333333333
2022-08-09,地产/建筑,6,-0.048461030995437415,0.6666666666666666
2022-08-09,工业/制造,10,0.03330462544693969,0.7
2022-08-09,新能源/汽车,0,,
2022-08-09,消费/零售,12,0.0208567474757778,0.5833333333333334
2022-08-09,生物科技/医药,25,-0.008755356771974167,0.56
2022-08-09,金融,3,0.013625406531995834,0.3333333333333333
2022-08-10,TMT/互联网,8,0.005333363213218138,0.25
2022-08-10,其他,6,-0.021898975879680097,0.3333333333333333
2022-08-10,地产/建筑,6,-0.048461030995437415,0.6666666666666666
2022-08-10,工业/制造,10,0.03330462544693969,0.7
2022-08-10,新能源/汽车,0,,
2022-08-10,消费/零售,13,0.017173380206331277,0.6153846153846154
2022-08-10,生物科技/医药,25,-0.008755356771974167,0.56
2022-08-10,金融,3,0.013625406531995834,0.3333333333333333
2022-08-11,TMT/互联网,8,0.005333363213218138,0.25
2022-08-11,其他,6,-0.021898975879680097,0.3333333333333333
2022-08-11,地产/建筑,6,-0.048461030995437415,0.6666666666666666
2022-08-11,工业/制造,10,0.03330462544693969,0.7
2022-08-11,新能源/汽车,0,,
2022-08-11,消费/零售,13,0.017173380206331277,0.6153846153846154
2022-08-11,生物科技/医药,25,-0.008755356771974167,0.56
2022-08-11,金融,3,0.013625406531995834,0.3333333333333333
2022-08-12,TMT/互联网,8,0.005333363213218138,0.25
2022-08-12,其他,6,-0.021898975879680097,0.3333333333333333
2022-08-12,地产/建筑,6,-0.048461030995437415,0.6666666666666666
2022-08-12,工业/制造,10,0.03330462544693969,0.7
2022-08-12,新能源/汽车,0,,
2022-08-12,消费/零售,12,0.019310709912791085,0.5833333333333334
2022-08-12,生物科技/医药,25,-0.008755356771974167,0.56
2022-08-12,金融,3,0.013625406531995834,0.3333333333333333
2022-08-13,TMT/互联网,8,0.005333363213218138,0.25
2022-08-13,其他,6,-0.021898975879680097,0.3333333333333333
2022-08-13,地产/建筑,6,-0.048461030995437415,0.6666666666666666
2022-08-13,工业/制造,10,0.03330462544693969,0.7
2022-08-13,新能源/汽车,0,,
2022-08-13,消费/零售,12,0.019310709912791085,0.5833333333333334
2022-08-13,生物科技/医药,25,-0.008755356771974167,0.56
2022-08-13,金融,3,0.013625406531995834,0.3333333333333333
2022-08-14,TMT/互联网,8,0.005333363213218138,0.25
2022-08-14,其他,6,-0.021898975879680097,0.3333333333333333
2022-08-14,地产/建筑,6,-0.048461030995437415,0.6666666666666666
2022-08-14,工业/制造,10,0.03330462544693969,0.7
2022-08-14,新能源/汽车,0,,
2022-08-14,消费/零售,12,0.019310709912791085,0.5833333333333334
2022-08-14,生物科技/医药,25,-0.008755356771974167,0.56
2022-08-14,金融,3,0.013625406531995834,0.3333333333333333
2022-08-15,TMT/互联网,8,0.005333363213218138,0.25
2022-08-15,其他,6,-0.021898975879680097,0.3333333333333333
2022-08-15,地产/建筑,6,-0.048461030995437415,0.6666666666666666
2022-08-15,工业/制造,10,0.03330462544693969,0.7
2022-08-15,新能源/汽车,0,,
2022-08-15,消费/零售,12,0.019310709912791085,0.5833333333333334
2022-08-15,生物科技/医药,25,-0.008755356771974167,0.56
2022-08-15,金融,3,0.013625406531995834,0.3333333333333333
2022-08-16,TMT/互联网,8,0.005333363213218138,0.25
2022-08-16,其他,6,-0.021898975879680097,0.3333333333333333
2022-08-16,地产/建筑,6,-0.048461030995437415,0.6666666666666666
2022-08-16,工业/制造,10,0.03330462544693969,0.7
2022-08-16,新能源/汽车,0,,
2022-08-16,消费/零售,12,0.019310709912791085,0.5833333333333334
2022-08-16,生物科技/医药,25,-0.008755356771974167,0.56
2022-08-16,金融,3,0.013625406531995834,0.3333333333333333
2022-08-17,TMT/互联网,8,0.005333363213218138,0.25
2022-08-17,其他,6,-0.021898975879680097,0.3333333333333333
2022-08-17,地产/建筑,6,-0.048461030995437415,0.6666666666666666
2022-08-17,工业/制造,10,0.03330462544693969,0.7
2022-08-17,新能源/汽车,0,,
2022-08-17,消费/零售,12,0.019310709912791085,0.5833333333333334
2022-08-17,生物科技/医药,25,-0.008755356771974167,0.56
2022-08-17,金融,3,0.013625406531995834,0.3333333333333333
2022-08-18,TMT/互联网,8,0.005333363213218138,0.25
2022-08-18,其他,6,-0.021898975879680097,0.3333333333333333
2022-08-18,地产/建筑,6,-0.048461030995437415,0.6666666666666666
2022-08-18,工业/制造,10,0.03330462544693969,0.7
2022-08-18,新能源/汽车,0,,
2022-08-18,消费/零售,12,0.019310709912791085,0.5833333333333334
2022-08-18,生物科技/医药,25,-0.008755356771974167,0.56
2022-08-18,金融,3,0.013625406531995834,0.3333333333333333
2022-08-19,TMT/互联网,8,0.005333363213218138,0.25
2022-08-19,其他,6,-0.021898975879680097,0.3333333333333333
2022-08-19,地产/建筑,6,-0.048461030995437415,0.6666666666666666
2022-08-19,工业/制造,10,0.03330462544693969,0.7
2022-08-19,新能源/汽车,0,,
2022-08-19,消费/零售,13,0.016863732227191768,0.6153846153846154
2022-08-19,生物科技/医药,25,-0.008755356771974167,0.56
2022-08-19,金融,3,0.013625406531995834,0.3333333333333333
2022-08-20,TMT/互联网,8,0.005333363213218138,0.25
2022-08-20,其他,6,-0.021898975879680097,0.3333333333333333
2022-08-20,地产/建筑,6,-0.048461030995437415,0.6666666666666666
2022-08-20,工业/制造,10,0.03330462544693969,0.7
2022-08-20,新能源/汽车,0,,
2022-08-20,消费/零售,13,0.016863732227191768,0.6153846153846154
2022-08-20,生物科技/医药,24,-0.005520068875433437,0.5416666666666666
2022-08-20,金融,3,0.013625406531995834,0.3333333333333333
2022-08-21,TMT/互联网,8,0.005333363213218138,0.25
2022-08-21,其他,6,-0.021898975879680097,0.3333333333333333
2022-08-21,地产/建筑,6,-0.048461030995437415,0.6666666666666666
2022-08-21,工业/制造,10,0.03330462544693969,0.7
2022-08-21,新能源/汽车,0,,
2022-08-21,消费/零售,13,0.016863732227191768,0.6153846153846154
2022-08-21,生物科技/医药,24,-0.005520068875433437,0.5416666666666666
2022-08-21,金融,3,0.013625406531995834,0.3333333333333333
2022-08-22,TMT/互联网,8,0.005333363213218138,0.25
2022-08-22,其他,6,-0.021898975879680097,0.3333333333333333
2022-08-22,地产/建筑,6,-0.048461030995437415,0.6666666666666666
2022-08-22,工业/制造,10,0.03330462544693969,0.7
2022-08-22,新能源/汽车,0,,
2022-08-22,消费/零售,13,0.016863732227191768,0.6153846153846154
2022-08-22,生物科技/医药,24,-0.005520068875433437,0.5416666666666666
2022-08-22,金融,3,0.013625406531995834,0.3333333333333333
2022-08-23,TMT/互联网,8,0.005333363213218138,0.25
2022-08-23,其他,6,-0.021898975879680097,0.3333333333333333
2022-08-23,地产/建筑,6,-0.048461030995437415,0.6666666666666666
2022-08-23,工业/制造,10,0.03330462544693969,0.7
2022-08-23,新能源/汽车,0,,
2022-08-23,消费/零售,13,0.016863732227191768,0.6153846153846154
2022-08-23,生物科技/医药,24,-0.005520068875433437,0.5416666666666666
2022-08-23,金融,2,0.005098684210526351,0.5
2022-08-24,TMT/互联网,8,0.005333363213218138,0.25
2022-08-24,其他,6,-0.021898975879680097,0.3333333333333333
2022-08-24,地产/建筑,7,-0.03474360148040977,0.5714285714285714
2022-08-24,工业/制造,10,0.03330462544693969,0.7
2022-08-24,新能源/汽车,0,,
2022-08-24,消费/零售,13,0.016863732227191768,0.6153846153846154
2022-08-24,生物科技/医药,23,-0.004051319259423239,0.5217391304347826
2022-08-24,金融,2,0.005098684210526351,0.5
2022-08-25,TMT/互联网,8,0.005333363213218138,0.25
2022-08-25,其他,6,-0.021898975879680097,0.3333333333333333
2022-08-25,地产/建筑,7,-0.03474360148040977,0.5714285714285714
2022-08-25,工业/制造,10,0.03330462544693969,0.7
2022-08-25,新能源/汽车,0,,
2022-08-25,消费/零售,14,0.03827822754429711,0.5714285714285714
2022-08-25,生物科技/医药,23,-0.004051319259423239,0.5217391304347826
2022-08-25,金融,2,0.005098684210526351,0.5
2022-08-26,TMT/互联网,8,0.005333363213218138,0.25
2022-08-26,其他,6,-0.021898975879680097,0.3333333333333333
2022-08-26,地产/建筑,7,-0.03474360148040977,0.5714285714285714
2022-08-26,工业/制造,10,0.03330462544693969,0.7
2022-08-26,新能源/汽车,0,,
2022-08-26,消费/零售,14,0.03827822754429711,0.5714285714285714
2022-08-26,生物科技/医药,23,-0.004051319259423239,0.5217391304347826
2022-08-26,金融,2,0.005098684210526351,0.5
2022-08-27,TMT/互联网,8,0.005333363213218138,0.25
2022-08-27,其他,6,-0.021898975879680097,0.3333333333333333
2022-08-27,地产/建筑,7,-0.03474360148040977,0.5714285714285714
2022-08-27,工业/制造,10,0.03330462544693969,0.7
2022-08-27,新能源/汽车,0,,
2022-08-27,消费/零售,14,0.03827822754429711,0.5714285714285714
2022-08-27,生物科技/医药,23,-0.004051319259423239,0.5217391304347826
2022-08-27,金融,2,0.005098684210526351,0.5
2022-08-28,TMT/互联网,8,0.005333363213218138,0.25
2022-08-28,其他,6,-0.021898975879680097,0.3333333333333333
2022-08-28,地产/建筑,7,-0.03474360148040977,0.5714285714285714
2022-08-28,工业/制造,10,0.03330462544693969,0.7
2022-08-28,新能源/汽车,0,,
2022-08-28,消费/零售,14,0.03827822754429711,0.5714285714285714
2022-08-28,生物科技/医药,23,-0.004051319259423239,0.5217391304347826
2022-08-28,金融,2,0.005098684210526351,0.5
2022-08-29,TMT/互联网,8,0.005333363213218138,0.25
2022-08-29,其他,6,-0.021898975879680097,0.3333333333333333
2022-08-29,地产/建筑,7,-0.03474360148040977,0.5714285714285714
2022-08-29,工业/制造,10,0.03330462544693969,0.7
2022-08-29,新能源/汽车,0,,
2022-08-29,消费/零售,14,0.03827822754429711,0.5714285714285714
2022-08-29,生物科技/医药,23,-0.004051319259423239,0.5217391304347826
2022-08-29,金融,2,0.005098684210526351,0.5
2022-08-30,TMT/互联网,8,0.005333363213218138,0.25
2022-08-30,其他,6,-0.021898975879680097,0.3333333333333333
2022-08-30,地产/建筑,7,-0.03474360148040977,0.5714285714285714
2022-08-30,工业/制造,10,0.03330462544693969,0.7
2022-08-30,新能源/汽车,0,,
2022-08-30,消费/零售,14,0.03827822754429711,0.5714285714285714
2022-08-30,生物科技/医药,23,-0.004051319259423239,0.5217391304347826
2022-08-30,金融,2,0.005098684210526351,0.5
2022-08-31,TMT/互联网,8,0.005333363213218138,0.25
2022-08-31,其他,6,-0.021898975879680097,0.3333333333333333
2022-08-31,地产/建筑,7,-0.03474360148040977,0.5714285714285714
2022-08-31,工业/制造,10,0.03330462544693969,0.7
2022-08-31,新能源/汽车,0,,
2022-08-31,消费/零售,14,0.03827822754429711,0.5714285714285714
2022-08-31,生物科技/医药,23,-0.004051319259423239,0.5217391304347826
2022-08-31,金融,2,0.005098684210526351,0.5
2022-09-01,TMT/互联网,8,0.005333363213218138,0.25
2022-09-01,其他,6,-0.021898975879680097,0.3333333333333333
2022-09-01,地产/建筑,7,-0.03474360148040977,0.5714285714285714
2022-09-01,工业/制造,10,0.03330462544693969,0.7
2022-09-01,新能源/汽车,0,,
2022-09-01,消费/零售,14,0.03827822754429711,0.5714285714285714
2022-09-01,生物科技/医药,24,-0.0043577994613832665,0.5416666666666666
2022-09-01,金融,2,0.005098684210526351,0.5
2022-09-02,TMT/互联网,8,0.005333363213218138,0.25
2022-09-02,其他,6,-0.021898975879680097,0.3333333333333333
2022-09-02,地产/建筑,7,-0.03474360148040977,0.5714285714285714
2022-09-02,工业/制造,10,0.03330462544693969,0.7
2022-09-02,新能源/汽车,0,,
2022-09-02,消费/零售,14,0.03827822754429711,0.5714285714285714
2022-09-02,生物科技/医药,24,-0.0043577994613832665,0.5416666666666666
2022-09-02,金融,2,0.005098684210526351,0.5
2022-09-03,TMT/互联网,8,0.005333363213218138,0.25
2022-09-03,其他,6,-0.021898975879680097,0.3333333333333333
2022-09-03,地产/建筑,7,-0.03474360148040977,0.5714285714285714
2022-09-03,工业/制造,10,0.03330462544693969,0.7
2022-09-03,新能源/汽车,0,,
2022-09-03,消费/零售,14,0.03827822754429711,0.5714285714285714
2022-09-03,生物科技/医药,24,-0.0043577994613832665,0.5416666666666666
2022-09-03,金融,2,0.005098684210526351,0.5
2022-09-04,TMT/互联网,8,0.005333363213218138,0.25
2022-09-04,其他,6,-0.021898975879680097,0.3333333333333333
2022-09-04,地产/建筑,7,-0.03474360148040977,0.5714285714285714
2022-09-04,工业/制造,10,0.03330462544693969,0.7
2022-09-04,新能源/汽车,0,,
2022-09-04,消费/零售,14,0.03827822754429711,0.5714285714285714
2022-09-04,生物科技/医药,24,-0.0043577994613832665,0.5416666666666666
2022-09-04,金融,2,0.005098684210526351,0.5
2022-09-05,TMT/互联网,8,0.005333363213218138,0.25
2022-09-05,其他,7,-0.016424231909760074,0.2857142857142857
2022-09-05,地产/建筑,7,-0.03474360148040977,0.5714285714285714
2022-09-05,工业/制造,10,0.03330462544693969,0.7
2022-09-05,新能源/汽车,0,,
2022-09-05,消费/零售,14,0.03827822754429711,0.5714285714285714
2022-09-05,生物科技/医药,24,-0.0043577994613832665,0.5416666666666666
2022-09-05,金融,2,0.005098684210526351,0.5
2022-09-06,TMT/互联网,8,0.005333363213218138,0.25
2022-09-06,其他,7,-0.016424231909760074,0.2857142857142857
2022-09-06,地产/建筑,7,-0.03474360148040977,0.5714285714285714
2022-09-06,工业/制造,10,0.03330462544693969,0.7
2022-09-06,新能源/汽车,0,,
2022-09-06,消费/零售,14,0.03827822754429711,0.5714285714285714
2022-09-06,生物科技/医药,24,-0.0043577994613832665,0.5416666666666666
2022-09-06,金融,2,0.005098684210526351,0.5
2022-09-07,TMT/互联网,8,0.005333363213218138,0.25
2022-09-07,其他,7,-0.016424231909760074,0.2857142857142857
2022-09-07,地产/建筑,7,-0.03474360148040977,0.5714285714285714
2022-09-07,工业/制造,10,0.03330462544693969,0.7
2022-09-07,新能源/汽车,0,,
2022-09-07,消费/零售,14,0.03827822754429711,0.5714285714285714
2022-09-07,生物科技/医药,24,-0.0043577994613832665,0.5416666666666666
2022-09-07,金融,2,0.005098684210526351,0.5
2022-09-08,TMT/互联网,8,0.005333363213218138,0.25
2022-09-08,其他,7,-0.016424231909760074,0.2857142857142857
2022-09-08,地产/建筑,7,-0.03474360148040977,0.5714285714285714
2022-09-08,工业/制造,10,0.03330462544693969,0.7
2022-09-08,新能源/汽车,0,,
2022-09-08,消费/零售,14,0.03827822754429711,0.5714285714285714
2022-09-08,生物科技/医药,24,-0.0043577994613832665,0.5416666666666666
2022-09-08,金融,2,0.005098684210526351,0.5
2022-09-09,TMT/互联网,8,0.005333363213218138,0.25
2022-09-09,其他,8,-0.016424231909760074,0.25
2022-09-09,地产/建筑,7,-0.03474360148040977,0.5714285714285714
2022-09-09,工业/制造,10,0.03330462544693969,0.7
2022-09-09,新能源/汽车,0,,
2022-09-09,消费/零售,14,0.03827822754429711,0.5714285714285714
2022-09-09,生物科技/医药,24,-0.0043577994613832665,0.5416666666666666
2022-09-09,金融,2,0.005098684210526351,0.5
2022-09-10,TMT/互联网,8,0.005333363213218138,0.25
2022-09-10,其他,8,-0.016424231909760074,0.25
2022-09-10,地产/建筑,7,-0.03474360148040977,0.5714285714285714
2022-09-10,工业/制造,10,0.03330462544693969,0.7
2022-09-10,新能源/汽车,0,,
2022-09-10,消费/零售,13,0.03705117313046781,0.6153846153846154
2022-09-10,生物科技/医药,24,-0.0043577994613832665,0.5416666666666666
2022-09-10,金融,2,0.005098684210526351,0.5
2022-09-11,TMT/互联网,8,0.005333363213218138,0.25
2022-09-11,其他,8,-0.016424231909760074,0.25
2022-09-11,地产/建筑,7,-0.03474360148040977,0.5714285714285714
2022-09-11,工业/制造,10,0.03330462544693969,0.7
2022-09-11,新能源/汽车,0,,
2022-09-11,消费/零售,13,0.03705117313046781,0.6153846153846154
2022-09-11,生物科技/医药,24,-0.0043577994613832665,0.5416666666666666
2022-09-11,金融,2,0.005098684210526351,0.5
2022-09-12,TMT/互联网,8,0.005333363213218138,0.25
2022-09-12,其他,8,-0.016424231909760074,0.25
2022-09-12,地产/建筑,7,-0.03474360148040977,0.5714285714285714
2022-09-12,工业/制造,10,0.03330462544693969,0.7
2022-09-12,新能源/汽车,0,,
2022-09-12,消费/零售,13,0.03705117313046781,0.6153846153846154
2022-09-12,生物科技/医药,24,-0.0043577994613832665,0.5416666666666666
2022-09-12,金融,2,0.005098684210526351,0.5
2022-09-13,TMT/互联网,8,0.005333363213218138,0.25
2022-09-13,其他,8,-0.016424231909760074,0.25
2022-09-13,地产/建筑,7,-0.03474360148040977,0.5714285714285714
2022-09-13,工业/制造,10,0.03330462544693969,0.7
2022-09-13,新能源/汽车,0,,
2022-09-13,消费/零售,13,0.03705117313046781,0.6153846153846154
2022-09-13,生物科技/医药,24,-0.0043577994613832665,0.5416666666666666
2022-09-13,金融,2,0.005098684210526351,0.5
2022-09-14,TMT/互联网,8,0.005333363213218138,0.25
2022-09-14,其他,8,-0.016424231909760074,0.25
2022-09-14,地产/建筑,7,-0.03474360148040977,0.5714285714285714
2022-09-14,工业/制造,10,0.03330462544693969,0.7
2022-09-14,新能源/汽车,0,,
2022-09-14,消费/零售,13,0.03705117313046781,0.6153846153846154
2022-09-14,生物科技/医药,25,-0.005285594452133768,0.56
2022-09-14,金融,2,0.005098684210526351,0.5
2022-09-15,TMT/互联网,8,0.005333363213218138,0.25
2022-09-15,其他,8,-0.016424231909760074,0.25
2022-09-15,地产/建筑,7,-0.03474360148040977,0.5714285714285714
2022-09-15,工业/制造,10,0.03330462544693969,0.7
2022-09-15,新能源/汽车,0,,
2022-09-15,消费/零售,13,0.03705117313046781,0.6153846153846154
2022-09-15,生物科技/医药,25,-0.005285594452133768,0.56
2022-09-15,金融,2,0.005098684210526351,0.5
2022-09-16,TMT/互联网,8,0.005333363213218138,0.25
2022-09-16,其他,9,-0.008640408022695579,0.2222222222222222
2022-09-16,地产/建筑,7,-0.03474360148040977,0.5714285714285714
2022-09-16,工业/制造,10,0.03330462544693969,0.7
2022-09-16,新能源/汽车,0,,
2022-09-16,消费/零售,13,0.03705117313046781,0.6153846153846154
2022-09-16,生物科技/医药,25,-0.005285594452133768,0.56
2022-09-16,金融,2,0.005098684210526351,0.5
2022-09-17,TMT/互联网,8,0.005333363213218138,0.25
2022-09-17,其他,9,-0.008640408022695579,0.2222222222222222
2022-09-17,地产/建筑,7,-0.03474360148040977,0.5714285714285714
2022-09-17,工业/制造,10,0.03330462544693969,0.7
2022-09-17,新能源/汽车,0,,
2022-09-17,消费/零售,13,0.03705117313046781,0.6153846153846154
2022-09-17,生物科技/医药,25,-0.005285594452133768,0.56
2022-09-17,金融,2,0.005098684210526351,0.5
2022-09-18,TMT/互联网,8,0.005333363213218138,0.25
2022-09-18,其他,9,-0.008640408022695579,0.2222222222222222
2022-09-18,地产/建筑,7,-0.03474360148040977,0.5714285714285714
2022-09-18,工业/制造,10,0.03330462544693969,0.7
2022-09-18,新能源/汽车,0,,
2022-09-18,消费/零售,13,0.03705117313046781,0.6153846153846154
2022-09-18,生物科技/医药,25,-0.005285594452133768,0.56
2022-09-18,金融,2,0.005098684210526351,0.5
2022-09-19,TMT/互联网,8,0.005333363213218138,0.25
2022-09-19,其他,9,-0.008640408022695579,0.2222222222222222
2022-09-19,地产/建筑,7,-0.03474360148040977,0.5714285714285714
2022-09-19,工业/制造,10,0.03330462544693969,0.7
2022-09-19,新能源/汽车,0,,
2022-09-19,消费/零售,13,0.03705117313046781,0.6153846153846154
2022-09-19,生物科技/医药,25,-0.005285594452133768,0.56
2022-09-19,金融,2,0.005098684210526351,0.5
2022-09-20,TMT/互联网,8,0.005333363213218138,0.25
2022-09-20,其他,9,-0.008640408022695579,0.2222222222222222
2022-09-20,地产/建筑,7,-0.03474360148040977,0.5714285714285714
2022-09-20,工业/制造,10,0.03330462544693969,0.7
2022-09-20,新能源/汽车,0,,
2022-09-20,消费/零售,13,0.03705117313046781,0.6153846153846154
2022-09-20,生物科技/医药,25,-0.005285594452133768,0.56
2022-09-20,金融,2,0.005098684210526351,0.5
2022-09-21,TMT/互联网,8,0.005333363213218138,0.25
2022-09-21,其他,9,-0.008640408022695579,0.2222222222222222
2022-09-21,地产/建筑,7,-0.03474360148040977,0.5714285714285714
2022-09-21,工业/制造,10,0.03330462544693969,0.7
2022-09-21,新能源/汽车,0,,
2022-09-21,消费/零售,13,0.03705117313046781,0.6153846153846154
2022-09-21,生物科技/医药,25,-0.005285594452133768,0.56
2022-09-21,金融,2,0.005098684210526351,0.5
2022-09-22,TMT/互联网,8,0.005333363213218138,0.25
2022-09-22,其他,10,-0.008640408022695579,0.2
2022-09-22,地产/建筑,7,-0.03474360148040977,0.5714285714285714
2022-09-22,工业/制造,10,0.03330462544693969,0.7
2022-09-22,新能源/汽车,0,,
2022-09-22,消费/零售,13,0.03705117313046781,0.6153846153846154
2022-09-22,生物科技/医药,25,-0.005285594452133768,0.56
2022-09-22,金融,2,0.005098684210526351,0.5
2022-09-23,TMT/互联网,8,0.005333363213218138,0.25
2022-09-23,其他,10,-0.008640408022695579,0.2
2022-09-23,地产/建筑,7,-0.03474360148040977,0.5714285714285714
2022-09-23,工业/制造,10,0.03330462544693969,0.7
2022-09-23,新能源/汽车,0,,
2022-09-23,消费/零售,13,0.03705117313046781,0.6153846153846154
2022-09-23,生物科技/医药,25,-0.005285594452133768,0.56
2022-09-23,金融,2,0.005098684210526351,0.5
2022-09-24,TMT/互联网,8,0.005333363213218138,0.25
2022-09-24,其他,10,-0.008640408022695579,0.2
2022-09-24,地产/建筑,7,-0.03474360148040977,0.5714285714285714
2022-09-24,工业/制造,10,0.03330462544693969,0.7
2022-09-24,新能源/汽车,0,,
2022-09-24,消费/零售,13,0.03705117313046781,0.6153846153846154
2022-09-24,生物科技/医药,24,0.0014386168901384347,0.5416666666666666
2022-09-24,金融,2,0.005098684210526351,0.5
2022-09-25,TMT/互联网,8,0.005333363213218138,0.25
2022-09-25,其他,10,-0.008640408022695579,0.2
2022-09-25,地产/建筑,7,-0.03474360148040977,0.5714285714285714
2022-09-25,工业/制造,10,0.03330462544693969,0.7
2022-09-25,新能源/汽车,0,,
2022-09-25,消费/零售,13,0.03705117313046781,0.6153846153846154
2022-09-25,生物科技/医药,24,0.0014386168901384347,0.5416666666666666
2022-09-25,金融,2,0.005098684210526351,0.5
2022-09-26,TMT/互联网,9,-0.029827133933929564,0.3333333333333333
2022-09-26,其他,10,-0.008640408022695579,0.2
2022-09-26,地产/建筑,7,-0.03474360148040977,0.5714285714285714
2022-09-26,工业/制造,10,0.03330462544693969,0.7
2022-09-26,新能源/汽车,0,,
2022-09-26,消费/零售,13,0.03705117313046781,0.6153846153846154
2022-09-26,生物科技/医药,24,0.0014386168901384347,0.5416666666666666
2022-09-26,金融,2,0.005098684210526351,0.5
2022-09-27,TMT/互联网,9,-0.029827133933929564,0.3333333333333333
2022-09-27,其他,10,-0.008640408022695579,0.2
2022-09-27,地产/建筑,7,-0.03474360148040977,0.5714285714285714
2022-09-27,工业/制造,10,0.03330462544693969,0.7
2022-09-27,新能源/汽车,0,,
2022-09-27,消费/零售,13,0.03705117313046781,0.6153846153846154
2022-09-27,生物科技/医药,24,0.0014386168901384347,0.5416666666666666
2022-09-27,金融,2,0.005098684210526351,0.5
2022-09-28,TMT/互联网,9,-0.029827133933929564,0.3333333333333333
2022-09-28,其他,10,-0.008640408022695579,0.2
2022-09-28,地产/建筑,7,-0.03474360148040977,0.5714285714285714
2022-09-28,工业/制造,10,0.03330462544693969,0.7
2022-09-28,新能源/汽车,0,,
2022-09-28,消费/零售,13,0.03705117313046781,0.6153846153846154
2022-09-28,生物科技/医药,24,0.0014386168901384347,0.5416666666666666
2022-09-28,金融,2,0.005098684210526351,0.5
2022-09-29,TMT/互联网,9,-0.029827133933929564,0.3333333333333333
2022-09-29,其他,10,-0.008640408022695579,0.2
2022-09-29,地产/建筑,8,-0.02930416006728838,0.5
2022-09-29,工业/制造,10,0.03330462544693969,0.7
2022-09-29,新能源/汽车,0,,
2022-09-29,消费/零售,14,0.01855100222742046,0.6428571428571429
2022-09-29,生物科技/医药,23,0.0006984898652949608,0.5652173913043478
2022-09-29,金融,1,-0.0210526315789473,1.0
2022-09-30,TMT/互联网,9,-0.029827133933929564,0.3333333333333333
2022-09-30,其他,10,-0.008640408022695579,0.2
2022-09-30,地产/建筑,8,-0.02930416006728838,0.5
2022-09-30,工业/制造,10,0.03330462544693969,0.7
2022-09-30,新能源/汽车,0,,
2022-09-30,消费/零售,14,0.01855100222742046,0.6428571428571429
2022-09-30,生物科技/医药,23,0.0006984898652949608,0.5652173913043478
2022-09-30,金融,1,-0.0210526315789473,1.0
2022-10-01,TMT/互联网,9,-0.029827133933929564,0.3333333333333333
2022-10-01,其他,10,-0.008640408022695579,0.2
2022-10-01,地产/建筑,8,-0.02930416006728838,0.5
2022-10-01,工业/制造,10,0.03330462544693969,0.7
2022-10-01,新能源/汽车,0,,
2022-10-01,消费/零售,14,0.01855100222742046,0.6428571428571429
2022-10-01,生物科技/医药,23,0.0006984898652949608,0.5652173913043478
2022-10-01,金融,1,-0.0210526315789473,1.0
2022-10-02,TMT/互联网,9,-0.029827133933929564,0.3333333333333333
2022-10-02,其他,10,-0.008640408022695579,0.2
2022-10-02,地产/建筑,8,-0.02930416006728838,0.5
2022-10-02,工业/制造,10,0.03330462544693969,0.7
2022-10-02,新能源/汽车,0,,
2022-10-02,消费/零售,14,0.01855100222742046,0.6428571428571429
2022-10-02,生物科技/医药,23,0.0006984898652949608,0.5652173913043478
2022-10-02,金融,1,-0.0210526315789473,1.0
2022-10-03,TMT/互联网,9,-0.029827133933929564,0.3333333333333333
2022-10-03,其他,10,-0.008640408022695579,0.2
2022-10-03,地产/建筑,8,-0.02930416006728838,0.5
2022-10-03,工业/制造,10,0.03330462544693969,0.7
2022-10-03,新能源/汽车,0,,
2022-10-03,消费/零售,14,0.01855100222742046,0.6428571428571429
2022-10-03,生物科技/医药,23,0.0006984898652949608,0.5652173913043478
2022-10-03,金融,1,-0.0210526315789473,1.0
2022-10-04,TMT/互联网,9,-0.029827133933929564,0.3333333333333333
2022-10-04,其他,10,-0.008640408022695579,0.2
2022-10-04,地产/建筑,8,-0.02930416006728838,0.5
2022-10-04,工业/制造,10,0.03330462544693969,0.7
2022-10-04,新能源/汽车,0,,
2022-10-04,消费/零售,14,0.01855100222742046,0.6428571428571429
2022-10-04,生物科技/医药,23,0.0006984898652949608,0.5652173913043478
2022-10-04,金融,1,-0.0210526315789473,1.0
2022-10-05,TMT/互联网,9,-0.029827133933929564,0.3333333333333333
2022-10-05,其他,10,-0.008640408022695579,0.2
2022-10-05,地产/建筑,8,-0.02930416006728838,0.5
2022-10-05,工业/制造,10,0.03330462544693969,0.7
2022-10-05,新能源/汽车,0,,
2022-10-05,消费/零售,14,0.01855100222742046,0.6428571428571429
2022-10-05,生物科技/医药,23,0.0006984898652949608,0.5652173913043478
2022-10-05,金融,1,-0.0210526315789473,1.0
2022-10-06,TMT/互联网,9,-0.029827133933929564,0.3333333333333333
2022-10-06,其他,10,-0.008640408022695579,0.2
2022-10-06,地产/建筑,8,-0.02930416006728838,0.5
2022-10-06,工业/制造,11,0.030276932224490627,0.6363636363636364
2022-10-06,新能源/汽车,0,,
2022-10-06,消费/零售,14,0.01855100222742046,0.6428571428571429
2022-10-06,生物科技/医药,24,0.005280497232018775,0.5416666666666666
2022-10-06,金融,1,-0.0210526315789473,1.0
2022-10-07,TMT/互联网,9,-0.029827133933929564,0.3333333333333333
2022-10-07,其他,9,-0.017467176695036123,0.2222222222222222
2022-10-07,地产/建筑,8,-0.02930416006728838,0.5
2022-10-07,工业/制造,11,0.030276932224490627,0.6363636363636364
2022-10-07,新能源/汽车,0,,
2022-10-07,消费/零售,14,0.01855100222742046,0.6428571428571429
2022-10-07,生物科技/医药,24,0.005280497232018775,0.5416666666666666
2022-10-07,金融,1,-0.0210526315789473,1.0
2022-10-08,TMT/互联网,9,-0.029827133933929564,0.3333333333333333
2022-10-08,其他,9,-0.017467176695036123,0.2222222222222222
2022-10-08,地产/建筑,8,-0.02930416006728838,0.5
2022-10-08,工业/制造,11,0.030276932224490627,0.6363636363636364
2022-10-08,新能源/汽车,0,,
2022-10-08,消费/零售,14,0.01855100222742046,0.6428571428571429
2022-10-08,生物科技/医药,24,0.005280497232018775,0.5416666666666666
2022-10-08,金融,1,-0.0210526315789473,1.0
2022-10-09,TMT/互联网,9,-0.029827133933929564,0.3333333333333333
2022-10-09,其他,9,-0.017467176695036123,0.2222222222222222
2022-10-09,地产/建筑,8,-0.02930416006728838,0.5
2022-10-09,工业/制造,11,0.030276932224490627,0.6363636363636364
2022-10-09,新能源/汽车,0,,
2022-10-09,消费/零售,14,0.01855100222742046,0.6428571428571429
2022-10-09,生物科技/医药,24,0.005280497232018775,0.5416666666666666
2022-10-09,金融,1,-0.0210526315789473,1.0
2022-10-10,TMT/互联网,9,-0.029827133933929564,0.3333333333333333
2022-10-10,其他,9,-0.017467176695036123,0.2222222222222222
2022-10-10,地产/建筑,9,-0.038592945149417614,0.5555555555555556
2022-10-10,工业/制造,11,0.030276932224490627,0.6363636363636364
2022-10-10,新能源/汽车,0,,
2022-10-10,消费/零售,14,0.01855100222742046,0.6428571428571429
2022-10-10,生物科技/医药,25,0.005426420199880881,0.52
2022-10-10,金融,1,-0.0210526315789473,1.0
2022-10-11,TMT/互联网,9,-0.029827133933929564,0.3333333333333333
2022-10-11,其他,9,-0.017467176695036123,0.2222222222222222
2022-10-11,地产/建筑,9,-0.038592945149417614,0.5555555555555556
2022-10-11,工业/制造,11,0.030276932224490627,0.6363636363636364
2022-10-11,新能源/汽车,0,,
2022-10-11,消费/零售,14,0.01855100222742046,0.6428571428571429
2022-10-11,生物科技/医药,25,0.005426420199880881,0.52
2022-10-11,金融,1,-0.0210526315789473,1.0
2022-10-12,TMT/互联网,9,-0.029827133933929564,0.3333333333333333
2022-10-12,其他,9,-0.017467176695036123,0.2222222222222222
2022-10-12,地产/建筑,9,-0.038592945149417614,0.5555555555555556
2022-10-12,工业/制造,11,0.030276932224490627,0.6363636363636364
2022-10-12,新能源/汽车,0,,
2022-10-12,消费/零售,14,0.01855100222742046,0.6428571428571429
2022-10-12,生物科技/医药,25,0.005426420199880881,0.52
2022-10-12,金融,1,-0.0210526315789473,1.0
2022-10-13,TMT/互联网,9,-0.029827133933929564,0.3333333333333333
2022-10-13,其他,9,-0.017467176695036123,0.2222222222222222
2022-10-13,地产/建筑,9,-0.038592945149417614,0.5555555555555556
2022-10-13,工业/制造,11,0.030276932224490627,0.6363636363636364
2022-10-13,新能源/汽车,0,,
2022-10-13,消费/零售,14,0.01855100222742046,0.6428571428571429
2022-10-13,生物科技/医药,24,0.0015964738439024687,0.5416666666666666
2022-10-13,金融,1,-0.0210526315789473,1.0
2022-10-14,TMT/互联网,9,-0.029827133933929564,0.3333333333333333
2022-10-14,其他,9,-0.017467176695036123,0.2222222222222222
2022-10-14,地产/建筑,9,-0.038592945149417614,0.5555555555555556
2022-10-14,工业/制造,11,0.030276932224490627,0.6363636363636364
2022-10-14,新能源/汽车,0,,
2022-10-14,消费/零售,14,0.01855100222742046,0.6428571428571429
2022-10-14,生物科技/医药,24,0.0015964738439024687,0.5416666666666666
2022-10-14,金融,1,-0.0210526315789473,1.0
2022-10-15,TMT/互联网,9,-0.029827133933929564,0.3333333333333333
2022-10-15,其他,9,-0.017467176695036123,0.2222222222222222
2022-10-15,地产/建筑,9,-0.038592945149417614,0.5555555555555556
2022-10-15,工业/制造,11,0.030276932224490627,0.6363636363636364
2022-10-15,新能源/汽车,0,,
2022-10-15,消费/零售,14,0.01855100222742046,0.6428571428571429
2022-10-15,生物科技/医药,24,0.0015964738439024687,0.5416666666666666
2022-10-15,金融,1,-0.0210526315789473,1.0
2022-10-16,TMT/互联网,9,-0.029827133933929564,0.3333333333333333
2022-10-16,其他,9,-0.017467176695036123,0.2222222222222222
2022-10-16,地产/建筑,9,-0.038592945149417614,0.5555555555555556
2022-10-16,工业/制造,11,0.030276932224490627,0.6363636363636364
2022-10-16,新能源/汽车,0,,
2022-10-16,消费/零售,14,0.01855100222742046,0.6428571428571429
2022-10-16,生物科技/医药,24,0.0015964738439024687,0.5416666666666666
2022-10-16,金融,1,-0.0210526315789473,1.0
2022-10-17,TMT/互联网,9,-0.029827133933929564,0.3333333333333333
2022-10-17,其他,9,-0.017467176695036123,0.2222222222222222
2022-10-17,地产/建筑,9,-0.038592945149417614,0.5555555555555556
2022-10-17,工业/制造,11,0.030276932224490627,0.6363636363636364
2022-10-17,新能源/汽车,0,,
2022-10-17,消费/零售,15,0.019878371309694994,0.6
2022-10-17,生物科技/医药,24,0.0015964738439024687,0.5416666666666666
2022-10-17,金融,1,-0.0210526315789473,1.0
2022-10-18,TMT/互联网,10,-0.030916818730581847,0.4
2022-10-18,其他,9,-0.017467176695036123,0.2222222222222222
2022-10-18,地产/建筑,9,-0.038592945149417614,0.5555555555555556
2022-10-18,工业/制造,11,0.030276932224490627,0.6363636363636364
2022-10-18,新能源/汽车,0,,
2022-10-18,消费/零售,15,0.019878371309694994,0.6
2022-10-18,生物科技/医药,24,0.0015964738439024687,0.5416666666666666
2022-10-18,金融,1,-0.0210526315789473,1.0
2022-10-19,TMT/互联网,10,-0.030916818730581847,0.4
2022-10-19,其他,9,-0.017467176695036123,0.2222222222222222
2022-10-19,地产/建筑,9,-0.038592945149417614,0.5555555555555556
2022-10-19,工业/制造,11,0.030276932224490627,0.6363636363636364
2022-10-19,新能源/汽车,0,,
2022-10-19,消费/零售,15,0.019878371309694994,0.6
2022-10-19,生物科技/医药,23,0.0023671480222488598,0.5217391304347826
2022-10-19,金融,1,-0.0210526315789473,1.0
2022-10-20,TMT/互联网,10,-0.030916818730581847,0.4
2022-10-20,其他,9,-0.017467176695036123,0.2222222222222222
2022-10-20,地产/建筑,9,-0.038592945149417614,0.5555555555555556
2022-10-20,工业/制造,11,0.030276932224490627,0.6363636363636364
2022-10-20,新能源/汽车,0,,
2022-10-20,消费/零售,15,0.019878371309694994,0.6
2022-10-20,生物科技/医药,23,0.0023671480222488598,0.5217391304347826
2022-10-20,金融,1,-0.0210526315789473,1.0
2022-10-21,TMT/互联网,10,-0.030916818730581847,0.4
2022-10-21,其他,9,-0.017467176695036123,0.2222222222222222
2022-10-21,地产/建筑,9,-0.038592945149417614,0.5555555555555556
2022-10-21,工业/制造,11,0.030276932224490627,0.6363636363636364
2022-10-21,新能源/汽车,0,,
2022-10-21,消费/零售,15,0.019878371309694994,0.6
2022-10-21,生物科技/医药,23,0.0023671480222488598,0.5217391304347826
2022-10-21,金融,1,-0.0210526315789473,1.0
2022-10-22,TMT/互联网,10,-0.030916818730581847,0.4
2022-10-22,其他,9,-0.017467176695036123,0.2222222222222222
2022-10-22,地产/建筑,9,-0.038592945149417614,0.5555555555555556
2022-10-22,工业/制造,11,0.030276932224490627,0.6363636363636364
2022-10-22,新能源/汽车,0,,
2022-10-22,消费/零售,15,0.019878371309694994,0.6
2022-10-22,生物科技/医药,23,0.0023671480222488598,0.5217391304347826
2022-10-22,金融,1,-0.0210526315789473,1.0
2022-10-23,TMT/互联网,10,-0.030916818730581847,0.4
2022-10-23,其他,9,-0.017467176695036123,0.2222222222222222
2022-10-23,地产/建筑,9,-0.038592945149417614,0.5555555555555556
2022-10-23,工业/制造,11,0.030276932224490627,0.6363636363636364
2022-10-23,新能源/汽车,0,,
2022-10-23,消费/零售,15,0.019878371309694994,0.6
2022-10-23,生物科技/医药,23,0.0023671480222488598,0.5217391304347826
2022-10-23,金融,1,-0.0210526315789473,1.0
2022-10-24,TMT/互联网,10,-0.030916818730581847,0.4
2022-10-24,其他,9,-0.017467176695036123,0.2222222222222222
2022-10-24,地产/建筑,9,-0.038592945149417614,0.5555555555555556
2022-10-24,工业/制造,11,0.030276932224490627,0.6363636363636364
2022-10-24,新能源/汽车,0,,
2022-10-24,消费/零售,15,0.019878371309694994,0.6
2022-10-24,生物科技/医药,23,0.0023671480222488598,0.5217391304347826
2022-10-24,金融,1,-0.0210526315789473,1.0
2022-10-25,TMT/互联网,10,-0.030916818730581847,0.4
2022-10-25,其他,9,-0.017467176695036123,0.2222222222222222
2022-10-25,地产/建筑,9,-0.038592945149417614,0.5555555555555556
2022-10-25,工业/制造,11,0.030276932224490627,0.6363636363636364
2022-10-25,新能源/汽车,0,,
2022-10-25,消费/零售,15,0.019878371309694994,0.6
2022-10-25,生物科技/医药,23,0.0023671480222488598,0.5217391304347826
2022-10-25,金融,1,-0.0210526315789473,1.0
2022-10-26,TMT/互联网,10,-0.030916818730581847,0.4
2022-10-26,其他,9,-0.017467176695036123,0.2222222222222222
2022-10-26,地产/建筑,9,-0.038592945149417614,0.5555555555555556
2022-10-26,工业/制造,11,0.030276932224490627,0.6363636363636364
2022-10-26,新能源/汽车,0,,
2022-10-26,消费/零售,15,0.019878371309694994,0.6
2022-10-26,生物科技/医药,23,0.0023671480222488598,0.5217391304347826
2022-10-26,金融,1,-0.0210526315789473,1.0
2022-10-27,TMT/互联网,10,-0.030916818730581847,0.4
2022-10-27,其他,9,-0.017467176695036123,0.2222222222222222
2022-10-27,地产/建筑,9,-0.038592945149417614,0.5555555555555556
2022-10-27,工业/制造,11,0.030276932224490627,0.6363636363636364
2022-10-27,新能源/汽车,0,,
2022-10-27,消费/零售,15,0.019878371309694994,0.6
2022-10-27,生物科技/医药,23,0.0023671480222488598,0.5217391304347826
2022-10-27,金融,1,-0.0210526315789473,1.0
2022-10-28,TMT/互联网,10,-0.030916818730581847,0.4
2022-10-28,其他,9,-0.017467176695036123,0.2222222222222222
2022-10-28,地产/建筑,9,-0.038592945149417614,0.5555555555555556
2022-10-28,工业/制造,11,0.030276932224490627,0.6363636363636364
2022-10-28,新能源/汽车,0,,
2022-10-28,消费/零售,15,0.019878371309694994,0.6
2022-10-28,生物科技/医药,23,0.0023671480222488598,0.5217391304347826
2022-10-28,金融,1,-0.0210526315789473,1.0
2022-10-29,TMT/互联网,10,-0.030916818730581847,0.4
2022-10-29,其他,8,-0.017467176695036123,0.25
2022-10-29,地产/建筑,9,-0.038592945149417614,0.5555555555555556
2022-10-29,工业/制造,11,0.030276932224490627,0.6363636363636364
2022-10-29,新能源/汽车,0,,
2022-10-29,消费/零售,15,0.019878371309694994,0.6
2022-10-29,生物科技/医药,23,0.0023671480222488598,0.5217391304347826
2022-10-29,金融,1,-0.0210526315789473,1.0
2022-10-30,TMT/互联网,10,-0.030916818730581847,0.4
2022-10-30,其他,8,-0.017467176695036123,0.25
2022-10-30,地产/建筑,9,-0.038592945149417614,0.5555555555555556
2022-10-30,工业/制造,11,0.030276932224490627,0.6363636363636364
2022-10-30,新能源/汽车,0,,
2022-10-30,消费/零售,15,0.019878371309694994,0.6
2022-10-30,生物科技/医药,23,0.0023671480222488598,0.5217391304347826
2022-10-30,金融,1,-0.0210526315789473,1.0
2022-10-31,TMT/互联网,10,-0.030916818730581847,0.4
2022-10-31,其他,8,-0.017467176695036123,0.25
2022-10-31,地产/建筑,9,-0.038592945149417614,0.5555555555555556
2022-10-31,工业/制造,11,0.030276932224490627,0.6363636363636364
2022-10-31,新能源/汽车,0,,
2022-10-31,消费/零售,15,0.019878371309694994,0.6
2022-10-31,生物科技/医药,23,0.0023671480222488598,0.5217391304347826
2022-10-31,金融,1,-0.0210526315789473,1.0
2022-11-01,TMT/互联网,10,-0.030916818730581847,0.4
2022-11-01,其他,8,-0.017467176695036123,0.25
2022-11-01,地产/建筑,9,-0.038592945149417614,0.5555555555555556
2022-11-01,工业/制造,11,0.030276932224490627,0.6363636363636364
2022-11-01,新能源/汽车,0,,
2022-11-01,消费/零售,15,0.019878371309694994,0.6
2022-11-01,生物科技/医药,23,0.0023671480222488598,0.5217391304347826
2022-11-01,金融,1,-0.0210526315789473,1.0
2022-11-02,TMT/互联网,10,-0.030916818730581847,0.4
2022-11-02,其他,8,-0.017467176695036123,0.25
2022-11-02,地产/建筑,9,-0.038592945149417614,0.5555555555555556
2022-11-02,工业/制造,11,0.030276932224490627,0.6363636363636364
2022-11-02,新能源/汽车,0,,
2022-11-02,消费/零售,15,0.019878371309694994,0.6
2022-11-02,生物科技/医药,22,-0.004377698378749881,0.5454545454545454
2022-11-02,金融,1,-0.0210526315789473,1.0
2022-11-03,TMT/互联网,10,-0.030916818730581847,0.4
2022-11-03,其他,8,-0.017467176695036123,0.25
2022-11-03,地产/建筑,9,-0.038592945149417614,0.5555555555555556
2022-11-03,工业/制造,11,0.030276932224490627,0.6363636363636364
2022-11-03,新能源/汽车,0,,
2022-11-03,消费/零售,15,0.019878371309694994,0.6
2022-11-03,生物科技/医药,22,-0.004377698378749881,0.5454545454545454
2022-11-03,金融,1,-0.0210526315789473,1.0
2022-11-04,TMT/互联网,10,-0.030916818730581847,0.4
2022-11-04,其他,8,-0.017467176695036123,0.25
2022-11-04,地产/建筑,9,-0.038592945149417614,0.5555555555555556
2022-11-04,工业/制造,11,0.030276932224490627,0.6363636363636364
2022-11-04,新能源/汽车,0,,
2022-11-04,消费/零售,15,0.019878371309694994,0.6
2022-11-04,生物科技/医药,23,-0.003016795104757417,0.5217391304347826
2022-11-04,金融,1,-0.0210526315789473,1.0
2022-11-05,TMT/互联网,10,-0.030916818730581847,0.4
2022-11-05,其他,8,-0.017467176695036123,0.25
2022-11-05,地产/建筑,9,-0.038592945149417614,0.5555555555555556
2022-11-05,工业/制造,11,0.030276932224490627,0.6363636363636364
2022-11-05,新能源/汽车,0,,
2022-11-05,消费/零售,15,0.019878371309694994,0.6
2022-11-05,生物科技/医药,21,-0.0021622895692618095,0.5238095238095238
2022-11-05,金融,1,-0.0210526315789473,1.0
2022-11-06,TMT/互联网,10,-0.030916818730581847,0.4
2022-11-06,其他,8,-0.017467176695036123,0.25
2022-11-06,地产/建筑,9,-0.038592945149417614,0.5555555555555556
2022-11-06,工业/制造,11,0.030276932224490627,0.6363636363636364
2022-11-06,新能源/汽车,0,,
2022-11-06,消费/零售,15,0.019878371309694994,0.6
2022-11-06,生物科技/医药,21,-0.0021622895692618095,0.5238095238095238
2022-11-06,金融,1,-0.0210526315789473,1.0
2022-11-07,TMT/互联网,10,-0.030916818730581847,0.4
2022-11-07,其他,8,-0.017467176695036123,0.25
2022-11-07,地产/建筑,9,-0.038592945149417614,0.5555555555555556
2022-11-07,工业/制造,11,0.030276932224490627,0.6363636363636364
2022-11-07,新能源/汽车,0,,
2022-11-07,消费/零售,15,0.019878371309694994,0.6
2022-11-07,生物科技/医药,21,-0.0021622895692618095,0.5238095238095238
2022-11-07,金融,1,-0.0210526315789473,1.0
2022-11-08,TMT/互联网,10,-0.030916818730581847,0.4
2022-11-08,其他,8,-0.017467176695036123,0.25
2022-11-08,地产/建筑,9,-0.038592945149417614,0.5555555555555556
2022-11-08,工业/制造,11,0.030276932224490627,0.6363636363636364
2022-11-08,新能源/汽车,0,,
2022-11-08,消费/零售,14,0.024496549217743573,0.5714285714285714
2022-11-08,生物科技/医药,22,-0.003055461885973219,0.5454545454545454
2022-11-08,金融,1,-0.0210526315789473,1.0
2022-11-09,TMT/互联网,10,-0.030916818730581847,0.4
2022-11-09,其他,8,-0.017467176695036123,0.25
2022-11-09,地产/建筑,9,-0.038592945149417614,0.5555555555555556
2022-11-09,工业/制造,11,0.030276932224490627,0.6363636363636364
2022-11-09,新能源/汽车,0,,
2022-11-09,消费/零售,15,0.0020157941610738305,0.6
2022-11-09,生物科技/医药,22,-0.003055461885973219,0.5454545454545454
2022-11-09,金融,1,-0.0210526315789473,1.0
2022-11-10,TMT/互联网,10,-0.030916818730581847,0.4
2022-11-10,其他,8,-0.017467176695036123,0.25
2022-11-10,地产/建筑,8,-0.043115130925945065,0.5
2022-11-10,工业/制造,11,0.030276932224490627,0.6363636363636364
2022-11-10,新能源/汽车,0,,
2022-11-10,消费/零售,15,0.0020157941610738305,0.6
2022-11-10,生物科技/医药,22,-0.003055461885973219,0.5454545454545454
2022-11-10,金融,1,-0.0210526315789473,1.0
2022-11-11,TMT/互联网,10,-0.030916818730581847,0.4
2022-11-11,其他,7,-0.01368342099203663,0.14285714285714285
2022-11-11,地产/建筑,8,-0.043115130925945065,0.5
2022-11-11,工业/制造,11,0.030276932224490627,0.6363636363636364
2022-11-11,新能源/汽车,0,,
2022-11-11,消费/零售,16,0.0013664816671550353,0.625
2022-11-11,生物科技/医药,22,-0.003055461885973219,0.5454545454545454
2022-11-11,金融,1,-0.0210526315789473,1.0
2022-11-12,TMT/互联网,10,-0.030916818730581847,0.4
2022-11-12,其他,7,-0.01368342099203663,0.14285714285714285
2022-11-12,地产/建筑,8,-0.043115130925945065,0.5
2022-11-12,工业/制造,10,0.045804625446939674,0.6
2022-11-12,新能源/汽车,0,,
2022-11-12,消费/零售,16,0.0013664816671550353,0.625
2022-11-12,生物科技/医药,22,-0.003055461885973219,0.5454545454545454
2022-11-12,金融,1,-0.0210526315789473,1.0
2022-11-13,TMT/互联网,10,-0.030916818730581847,0.4
2022-11-13,其他,7,-0.01368342099203663,0.14285714285714285
2022-11-13,地产/建筑,8,-0.043115130925945065,0.5
2022-11-13,工业/制造,10,0.045804625446939674,0.6
2022-11-13,新能源/汽车,0,,
2022-11-13,消费/零售,16,0.0013664816671550353,0.625
2022-11-13,生物科技/医药,22,-0.003055461885973219,0.5454545454545454
2022-11-13,金融,1,-0.0210526315789473,1.0
2022-11-14,TMT/互联网,10,-0.030916818730581847,0.4
2022-11-14,其他,7,-0.01368342099203663,0.14285714285714285
2022-11-14,地产/建筑,8,-0.043115130925945065,0.5
2022-11-14,工业/制造,10,0.045804625446939674,0.6
2022-11-14,新能源/汽车,0,,
2022-11-14,消费/零售,16,0.0013664816671550353,0.625
2022-11-14,生物科技/医药,22,-0.003055461885973219,0.5454545454545454
2022-11-14,金融,1,-0.0210526315789473,1.0
2022-11-15,TMT/互联网,10,-0.030916818730581847,0.4
2022-11-15,其他,7,-0.01368342099203663,0.14285714285714285
2022-11-15,地产/建筑,8,-0.043115130925945065,0.5
2022-11-15,工业/制造,10,0.045804625446939674,0.6
2022-11-15,新能源/汽车,0,,
2022-11-15,消费/零售,16,0.0013664816671550353,0.625
2022-11-15,生物科技/医药,22,-0.003055461885973219,0.5454545454545454
2022-11-15,金融,1,-0.0210526315789473,1.0
2022-11-16,TMT/互联网,10,-0.030916818730581847,0.4
2022-11-16,其他,7,-0.01368342099203663,0.14285714285714285
2022-11-16,地产/建筑,8,-0.043115130925945065,0.5
2022-11-16,工业/制造,10,0.045804625446939674,0.6
2022-11-16,新能源/汽车,1,-0.0657894736842105,1.0
2022-11-16,消费/零售,16,0.0013664816671550353,0.625
2022-11-16,生物科技/医药,22,-0.003055461885973219,0.5454545454545454
2022-11-16,金融,1,-0.0210526315789473,1.0
2022-11-17,TMT/互联网,10,-0.030916818730581847,0.4
2022-11-17,其他,7,-0.01368342099203663,0.14285714285714285
2022-11-17,地产/建筑,8,-0.043115130925945065,0.5
2022-11-17,工业/制造,10,0.045804625446939674,0.6
2022-11-17,新能源/汽车,1,-0.0657894736842105,1.0
2022-11-17,消费/零售,16,0.0013664816671550353,0.625
2022-11-17,生物科技/医药,22,-0.003055461885973219,0.5454545454545454
2022-11-17,金融,1,-0.0210526315789473,1.0
2022-11-18,TMT/互联网,10,-0.030916818730581847,0.4
2022-11-18,其他,7,-0.01368342099203663,0.14285714285714285
2022-11-18,地产/建筑,8,-0.043115130925945065,0.5
2022-11-18,工业/制造,10,0.045804625446939674,0.6
2022-11-18,新能源/汽车,1,-0.0657894736842105,1.0
2022-11-18,消费/零售,16,0.0013664816671550353,0.625
2022-11-18,生物科技/医药,22,-0.003055461885973219,0.5454545454545454
2022-11-18,金融,1,-0.0210526315789473,1.0
2022-11-19,TMT/互联网,10,-0.030916818730581847,0.4
2022-11-19,其他,7,-0.01368342099203663,0.14285714285714285
2022-11-19,地产/建筑,8,-0.043115130925945065,0.5
2022-11-19,工业/制造,10,0.045804625446939674,0.6
2022-11-19,新能源/汽车,1,-0.0657894736842105,1.0
2022-11-19,消费/零售,16,0.0013664816671550353,0.625
2022-11-19,生物科技/医药,22,-0.003055461885973219,0.5454545454545454
2022-11-19,金融,1,-0.0210526315789473,1.0
2022-11-20,TMT/互联网,10,-0.030916818730581847,0.4
2022-11-20,其他,7,-0.01368342099203663,0.14285714285714285
2022-11-20,地产/建筑,8,-0.043115130925945065,0.5
2022-11-20,工业/制造,10,0.045804625446939674,0.6
2022-11-20,新能源/汽车,1,-0.0657894736842105,1.0
2022-11-20,消费/零售,16,0.0013664816671550353,0.625
2022-11-20,生物科技/医药,22,-0.003055461885973219,0.5454545454545454
2022-11-20,金融,1,-0.0210526315789473,1.0
2022-11-21,TMT/互联网,10,-0.030916818730581847,0.4
2022-11-21,其他,7,-0.01368342099203663,0.14285714285714285
2022-11-21,地产/建筑,8,-0.043115130925945065,0.5
2022-11-21,工业/制造,10,0.045804625446939674,0.6
2022-11-21,新能源/汽车,1,-0.0657894736842105,1.0
2022-11-21,消费/零售,16,0.0013664816671550353,0.625
2022-11-21,生物科技/医药,22,-0.003055461885973219,0.5454545454545454
2022-11-21,金融,1,-0.0210526315789473,1.0
2022-11-22,TMT/互联网,10,-0.030916818730581847,0.4
2022-11-22,其他,7,-0.01368342099203663,0.14285714285714285
2022-11-22,地产/建筑,8,-0.043115130925945065,0.5
2022-11-22,工业/制造,10,0.045804625446939674,0.6
2022-11-22,新能源/汽车,1,-0.0657894736842105,1.0
2022-11-22,消费/零售,16,0.0013664816671550353,0.625
2022-11-22,生物科技/医药,22,-0.003055461885973219,0.5454545454545454
2022-11-22,金融,1,-0.0210526315789473,1.0
2022-11-23,TMT/互联网,10,-0.030916818730581847,0.4
2022-11-23,其他,7,-0.01368342099203663,0.14285714285714285
2022-11-23,地产/建筑,8,-0.043115130925945065,0.5
2022-11-23,工业/制造,10,0.045804625446939674,0.6
2022-11-23,新能源/汽车,1,-0.0657894736842105,1.0
2022-11-23,消费/零售,16,0.0013664816671550353,0.625
2022-11-23,生物科技/医药,22,-0.003055461885973219,0.5454545454545454
2022-11-23,金融,1,-0.0210526315789473,1.0
2022-11-24,TMT/互联网,11,-0.029256946832174523,0.45454545454545453
2022-11-24,其他,7,-0.01368342099203663,0.14285714285714285
2022-11-24,地产/建筑,8,-0.043115130925945065,0.5
2022-11-24,工业/制造,10,0.045804625446939674,0.6
2022-11-24,新能源/汽车,1,-0.0657894736842105,1.0
2022-11-24,消费/零售,16,0.0013664816671550353,0.625
2022-11-24,生物科技/医药,22,-0.003055461885973219,0.5454545454545454
2022-11-24,金融,1,-0.0210526315789473,1.0
2022-11-25,TMT/互联网,11,-0.029256946832174523,0.45454545454545453
2022-11-25,其他,7,-0.01368342099203663,0.14285714285714285
2022-11-25,地产/建筑,8,-0.043115130925945065,0.5
2022-11-25,工业/制造,10,0.045804625446939674,0.6
2022-11-25,新能源/汽车,1,-0.0657894736842105,1.0
2022-11-25,消费/零售,16,0.0013664816671550353,0.625
2022-11-25,生物科技/医药,22,-0.003055461885973219,0.5454545454545454
2022-11-25,金融,1,-0.0210526315789473,1.0
2022-11-26,TMT/互联网,11,-0.029256946832174523,0.45454545454545453
2022-11-26,其他,7,-0.01368342099203663,0.14285714285714285
2022-11-26,地产/建筑,8,-0.043115130925945065,0.5
2022-11-26,工业/制造,10,0.045804625446939674,0.6
2022-11-26,新能源/汽车,1,-0.0657894736842105,1.0
2022-11-26,消费/零售,16,0.0013664816671550353,0.625
2022-11-26,生物科技/医药,22,-0.003055461885973219,0.5454545454545454
2022-11-26,金融,1,-0.0210526315789473,1.0
2022-11-27,TMT/互联网,11,-0.029256946832174523,0.45454545454545453
2022-11-27,其他,7,-0.01368342099203663,0.14285714285714285
2022-11-27,地产/建筑,8,-0.043115130925945065,0.5
2022-11-27,工业/制造,10,0.045804625446939674,0.6
2022-11-27,新能源/汽车,1,-0.0657894736842105,1.0
2022-11-27,消费/零售,16,0.0013664816671550353,0.625
2022-11-27,生物科技/医药,22,-0.003055461885973219,0.5454545454545454
2022-11-27,金融,1,-0.0210526315789473,1.0
2022-11-28,TMT/互联网,11,-0.029256946832174523,0.45454545454545453
2022-11-28,其他,7,-0.01368342099203663,0.14285714285714285
2022-11-28,地产/建筑,8,-0.043115130925945065,0.5
2022-11-28,工业/制造,10,0.045804625446939674,0.6
2022-11-28,新能源/汽车,1,-0.0657894736842105,1.0
2022-11-28,消费/零售,16,0.0013664816671550353,0.625
2022-11-28,生物科技/医药,22,-0.003055461885973219,0.5454545454545454
2022-11-28,金融,1,-0.0210526315789473,1.0
2022-11-29,TMT/互联网,11,-0.029256946832174523,0.45454545454545453
2022-11-29,其他,7,-0.01368342099203663,0.14285714285714285
2022-11-29,地产/建筑,8,-0.043115130925945065,0.5
2022-11-29,工业/制造,10,0.045804625446939674,0.6
2022-11-29,新能源/汽车,1,-0.0657894736842105,1.0
2022-11-29,消费/零售,16,0.0013664816671550353,0.625
2022-11-29,生物科技/医药,22,-0.003055461885973219,0.5454545454545454
2022-11-29,金融,2,0.0008373205741627008,0.5
2022-11-30,TMT/互联网,11,-0.029256946832174523,0.45454545454545453
2022-11-30,其他,7,-0.01368342099203663,0.14285714285714285
2022-11-30,地产/建筑,8,-0.043115130925945065,0.5
2022-11-30,工业/制造,10,0.045804625446939674,0.6
2022-11-30,新能源/汽车,1,-0.0657894736842105,1.0
2022-11-30,消费/零售,16,0.0013664816671550353,0.625
2022-11-30,生物科技/医药,22,-0.003055461885973219,0.5454545454545454
2022-11-30,金融,2,0.0008373205741627008,0.5
2022-12-01,TMT/互联网,11,-0.029256946832174523,0.45454545454545453
2022-12-01,其他,7,-0.01368342099203663,0.14285714285714285
2022-12-01,地产/建筑,8,-0.043115130925945065,0.5
2022-12-01,工业/制造,11,0.041640568588126974,0.5454545454545454
2022-12-01,新能源/汽车,1,-0.0657894736842105,1.0
2022-12-01,消费/零售,16,0.0013664816671550353,0.625
2022-12-01,生物科技/医药,22,-0.003055461885973219,0.5454545454545454
2022-12-01,金融,2,0.0008373205741627008,0.5
2022-12-02,TMT/互联网,11,-0.029256946832174523,0.45454545454545453
2022-12-02,其他,7,-0.01368342099203663,0.14285714285714285
2022-12-02,地产/建筑,8,-0.043115130925945065,0.5
2022-12-02,工业/制造,11,0.041640568588126974,0.5454545454545454
2022-12-02,新能源/汽车,1,-0.0657894736842105,1.0
2022-12-02,消费/零售,15,0.003116117030331217,0.6
2022-12-02,生物科技/医药,22,-0.003055461885973219,0.5454545454545454
2022-12-02,金融,2,0.0008373205741627008,0.5
2022-12-03,TMT/互联网,11,-0.029256946832174523,0.45454545454545453
2022-12-03,其他,7,-0.01368342099203663,0.14285714285714285
2022-12-03,地产/建筑,8,-0.043115130925945065,0.5
2022-12-03,工业/制造,11,0.041640568588126974,0.5454545454545454
2022-12-03,新能源/汽车,1,-0.0657894736842105,1.0
2022-12-03,消费/零售,15,0.003116117030331217,0.6
2022-12-03,生物科技/医药,22,-0.003055461885973219,0.5454545454545454
2022-12-03,金融,2,0.0008373205741627008,0.5
2022-12-04,TMT/互联网,11,-0.029256946832174523,0.45454545454545453
2022-12-04,其他,7,-0.01368342099203663,0.14285714285714285
2022-12-04,地产/建筑,8,-0.043115130925945065,0.5
2022-12-04,工业/制造,11,0.041640568588126974,0.5454545454545454
2022-12-04,新能源/汽车,1,-0.0657894736842105,1.0
2022-12-04,消费/零售,15,0.003116117030331217,0.6
2022-12-04,生物科技/医药,22,-0.003055461885973219,0.5454545454545454
2022-12-04,金融,2,0.0008373205741627008,0.5
2022-12-05,TMT/互联网,11,-0.029256946832174523,0.45454545454545453
2022-12-05,其他,7,-0.01368342099203663,0.14285714285714285
2022-12-05,地产/建筑,8,-0.043115130925945065,0.5
2022-12-05,工业/制造,11,0.041640568588126974,0.5454545454545454
2022-12-05,新能源/汽车,1,-0.0657894736842105,1.0
2022-12-05,消费/零售,15,0.003116117030331217,0.6
2022-12-05,生物科技/医药,22,-0.003055461885973219,0.5454545454545454
2022-12-05,金融,2,0.0008373205741627008,0.5
2022-12-06,TMT/互联网,11,-0.029256946832174523,0.45454545454545453
2022-12-06,其他,7,-0.01368342099203663,0.14285714285714285
2022-12-06,地产/建筑,8,-0.043115130925945065,0.5
2022-12-06,工业/制造,11,0.041640568588126974,0.5454545454545454
2022-12-06,新能源/汽车,1,-0.0657894736842105,1.0
2022-12-06,消费/零售,15,0.003116117030331217,0.6
2022-12-06,生物科技/医药,22,-0.003055461885973219,0.5454545454545454
2022-12-06,金融,2,0.0008373205741627008,0.5
2022-12-07,TMT/互联网,11,-0.029256946832174523,0.45454545454545453
2022-12-07,其他,7,-0.01368342099203663,0.14285714285714285
2022-12-07,地产/建筑,8,-0.043115130925945065,0.5
2022-12-07,工业/制造,11,0.041640568588126974,0.5454545454545454
2022-12-07,新能源/汽车,1,-0.0657894736842105,1.0
2022-12-07,消费/零售,15,0.003116117030331217,0.6
2022-12-07,生物科技/医药,22,-0.003055461885973219,0.5454545454545454
2022-12-07,金融,2,0.0008373205741627008,0.5
2022-12-08,TMT/互联网,11,-0.029256946832174523,0.45454545454545453
2022-12-08,其他,7,-0.01368342099203663,0.14285714285714285
2022-12-08,地产/建筑,8,-0.043115130925945065,0.5
2022-12-08,工业/制造,11,0.041640568588126974,0.5454545454545454
2022-12-08,新能源/汽车,1,-0.0657894736842105,1.0
2022-12-08,消费/零售,14,0.004175096952036041,0.5714285714285714
2022-12-08,生物科技/医药,22,-0.003055461885973219,0.5454545454545454
2022-12-08,金融,2,0.0008373205741627008,0.5
2022-12-09,TMT/互联网,11,-0.029256946832174523,0.45454545454545453
2022-12-09,其他,7,-0.01368342099203663,0.14285714285714285
2022-12-09,地产/建筑,8,-0.043115130925945065,0.5
2022-12-09,工业/制造,11,0.041640568588126974,0.5454545454545454
2022-12-09,新能源/汽车,1,-0.0657894736842105,1.0
2022-12-09,消费/零售,14,0.004175096952036041,0.5714285714285714
2022-12-09,生物科技/医药,22,-0.003055461885973219,0.5454545454545454
2022-12-09,金融,3,0.0005582137161084672,0.3333333333333333
2022-12-10,TMT/互联网,11,-0.029256946832174523,0.45454545454545453
2022-12-10,其他,7,-0.01368342099203663,0.14285714285714285
2022-12-10,地产/建筑,8,-0.043115130925945065,0.5
2022-12-10,工业/制造,11,0.041640568588126974,0.5454545454545454
2022-12-10,新能源/汽车,1,-0.0657894736842105,1.0
2022-12-10,消费/零售,14,0.004175096952036041,0.5714285714285714
2022-12-10,生物科技/医药,19,0.010670781722415468,0.47368421052631576
2022-12-10,金融,3,0.0005582137161084672,0.3333333333333333
2022-12-11,TMT/互联网,11,-0.029256946832174523,0.45454545454545453
2022-12-11,其他,7,-0.01368342099203663,0.14285714285714285
2022-12-11,地产/建筑,8,-0.043115130925945065,0.5
2022-12-11,工业/制造,11,0.041640568588126974,0.5454545454545454
2022-12-11,新能源/汽车,1,-0.0657894736842105,1.0
2022-12-11,消费/零售,14,0.004175096952036041,0.5714285714285714
2022-12-11,生物科技/医药,19,0.010670781722415468,0.47368421052631576
2022-12-11,金融,3,0.0005582137161084672,0.3333333333333333
2022-12-12,TMT/互联网,12,-0.03507712618775157,0.5
2022-12-12,其他,8,-0.020900863616367896,0.25
2022-12-12,地产/建筑,8,-0.043115130925945065,0.5
2022-12-12,工业/制造,11,0.041640568588126974,0.5454545454545454
2022-12-12,新能源/汽车,1,-0.0657894736842105,1.0
2022-12-12,消费/零售,14,0.004175096952036041,0.5714285714285714
2022-12-12,生物科技/医药,20,0.01033255513629469,0.45
2022-12-12,金融,3,0.0005582137161084672,0.3333333333333333
2022-12-13,TMT/互联网,12,-0.03507712618775157,0.5
2022-12-13,其他,8,-0.020900863616367896,0.25
2022-12-13,地产/建筑,8,-0.043115130925945065,0.5
2022-12-13,工业/制造,11,0.041640568588126974,0.5454545454545454
2022-12-13,新能源/汽车,1,-0.0657894736842105,1.0
2022-12-13,消费/零售,14,0.004175096952036041,0.5714285714285714
2022-12-13,生物科技/医药,19,0.008071137386321418,0.47368421052631576
2022-12-13,金融,3,0.0005582137161084672,0.3333333333333333
2022-12-14,TMT/互联网,12,-0.03507712618775157,0.5
2022-12-14,其他,8,-0.020900863616367896,0.25
2022-12-14,地产/建筑,8,-0.043115130925945065,0.5
2022-12-14,工业/制造,10,0.047778309657465975,0.5
2022-12-14,新能源/汽车,1,-0.0657894736842105,1.0
2022-12-14,消费/零售,14,0.004175096952036041,0.5714285714285714
2022-12-14,生物科技/医药,20,0.0050360015696369245,0.5
2022-12-14,金融,3,0.0005582137161084672,0.3333333333333333
2022-12-15,TMT/互联网,12,-0.03507712618775157,0.5
2022-12-15,其他,8,-0.020900863616367896,0.25
2022-12-15,地产/建筑,8,-0.043115130925945065,0.5
2022-12-15,工业/制造,10,0.047778309657465975,0.5
2022-12-15,新能源/汽车,1,-0.0657894736842105,1.0
2022-12-15,消费/零售,16,-0.00713282993498834,0.625
2022-12-15,生物科技/医药,21,0.008819180476829913,0.47619047619047616
2022-12-15,金融,3,0.0005582137161084672,0.3333333333333333
2022-12-16,TMT/互联网,11,-0.042544030707493685,0.5454545454545454
2022-12-16,其他,8,-0.020900863616367896,0.25
2022-12-16,地产/建筑,8,-0.043115130925945065,0.5
2022-12-16,工业/制造,10,0.047778309657465975,0.5
2022-12-16,新能源/汽车,1,-0.0657894736842105,1.0
2022-12-16,消费/零售,16,-0.00713282993498834,0.625
2022-12-16,生物科技/医药,20,0.007905737694802333,0.5
2022-12-16,金融,3,0.0005582137161084672,0.3333333333333333
2022-12-17,TMT/互联网,11,-0.042544030707493685,0.5454545454545454
2022-12-17,其他,8,-0.020900863616367896,0.25
2022-12-17,地产/建筑,7,-0.0357276373143806,0.42857142857142855
2022-12-17,工业/制造,10,0.047778309657465975,0.5
2022-12-17,新能源/汽车,1,-0.0657894736842105,1.0
2022-12-17,消费/零售,16,-0.00713282993498834,0.625
2022-12-17,生物科技/医药,20,0.007905737694802333,0.5
2022-12-17,金融,3,0.0005582137161084672,0.3333333333333333
2022-12-18,TMT/互联网,11,-0.042544030707493685,0.5454545454545454
2022-12-18,其他,8,-0.020900863616367896,0.25
2022-12-18,地产/建筑,7,-0.0357276373143806,0.42857142857142855
2022-12-18,工业/制造,10,0.047778309657465975,0.5
2022-12-18,新能源/汽车,1,-0.0657894736842105,1.0
2022-12-18,消费/零售,16,-0.00713282993498834,0.625
2022-12-18,生物科技/医药,20,0.007905737694802333,0.5
2022-12-18,金融,3,0.0005582137161084672,0.3333333333333333
2022-12-19,TMT/互联网,11,-0.042544030707493685,0.5454545454545454
2022-12-19,其他,8,-0.020900863616367896,0.25
2022-12-19,地产/建筑,7,-0.0357276373143806,0.42857142857142855
2022-12-19,工业/制造,10,0.047778309657465975,0.5
2022-12-19,新能源/汽车,1,-0.0657894736842105,1.0
2022-12-19,消费/零售,16,-0.00713282993498834,0.625
2022-12-19,生物科技/医药,20,0.007905737694802333,0.5
2022-12-19,金融,3,0.0005582137161084672,0.3333333333333333
2022-12-20,TMT/互联网,11,-0.042544030707493685,0.5454545454545454
2022-12-20,其他,8,-0.020900863616367896,0.25
2022-12-20,地产/建筑,7,-0.0357276373143806,0.42857142857142855
2022-12-20,工业/制造,10,0.047778309657465975,0.5
2022-12-20,新能源/汽车,1,-0.0657894736842105,1.0
2022-12-20,消费/零售,16,-0.00713282993498834,0.625
2022-12-20,生物科技/医药,20,0.007905737694802333,0.5
2022-12-20,金融,3,0.0005582137161084672,0.3333333333333333
2022-12-21,TMT/互联网,11,-0.042544030707493685,0.5454545454545454
2022-12-21,其他,8,-0.020900863616367896,0.25
2022-12-21,地产/建筑,7,-0.0357276373143806,0.42857142857142855
2022-12-21,工业/制造,10,0.047778309657465975,0.5
2022-12-21,新能源/汽车,1,-0.0657894736842105,1.0
2022-12-21,消费/零售,16,-0.00713282993498834,0.625
2022-12-21,生物科技/医药,20,0.007905737694802333,0.5
2022-12-21,金融,3,0.0005582137161084672,0.3333333333333333
2022-12-22,TMT/互联网,11,-0.042544030707493685,0.5454545454545454
2022-12-22,其他,8,-0.020900863616367896,0.25
2022-12-22,地产/建筑,7,-0.0357276373143806,0.42857142857142855
2022-12-22,工业/制造,10,0.047778309657465975,0.5
2022-12-22,新能源/汽车,1,-0.0657894736842105,1.0
2022-12-22,消费/零售,16,-0.00713282993498834,0.625
2022-12-22,生物科技/医药,21,0.007529273995049841,0.47619047619047616
2022-12-22,金融,3,0.0005582137161084672,0.3333333333333333
2022-12-23,TMT/互联网,11,-0.042544030707493685,0.5454545454545454
2022-12-23,其他,8,-0.020900863616367896,0.25
2022-12-23,地产/建筑,7,-0.0357276373143806,0.42857142857142855
2022-12-23,工业/制造,10,0.047778309657465975,0.5
2022-12-23,新能源/汽车,1,-0.0657894736842105,1.0
2022-12-23,消费/零售,16,-0.00713282993498834,0.625
2022-12-23,生物科技/医药,22,0.008550961717094666,0.45454545454545453
2022-12-23,金融,3,0.0005582137161084672,0.3333333333333333
2022-12-24,TMT/互联网,11,-0.042544030707493685,0.5454545454545454
2022-12-24,其他,8,-0.020900863616367896,0.25
2022-12-24,地产/建筑,7,-0.0357276373143806,0.42857142857142855
2022-12-24,工业/制造,10,0.047778309657465975,0.5
2022-12-24,新能源/汽车,1,-0.0657894736842105,1.0
2022-12-24,消费/零售,16,-0.00713282993498834,0.625
2022-12-24,生物科技/医药,22,0.008550961717094666,0.45454545454545453
2022-12-24,金融,3,0.0005582137161084672,0.3333333333333333
2022-12-25,TMT/互联网,11,-0.042544030707493685,0.5454545454545454
2022-12-25,其他,8,-0.020900863616367896,0.25
2022-12-25,地产/建筑,7,-0.0357276373143806,0.42857142857142855
2022-12-25,工业/制造,10,0.047778309657465975,0.5
2022-12-25,新能源/汽车,1,-0.0657894736842105,1.0
2022-12-25,消费/零售,16,-0.00713282993498834,0.625
2022-12-25,生物科技/医药,22,0.008550961717094666,0.45454545454545453
2022-12-25,金融,3,0.0005582137161084672,0.3333333333333333
2022-12-26,TMT/互联网,11,-0.042544030707493685,0.5454545454545454
2022-12-26,其他,8,-0.020900863616367896,0.25
2022-12-26,地产/建筑,7,-0.0357276373143806,0.42857142857142855
2022-12-26,工业/制造,10,0.047778309657465975,0.5
2022-12-26,新能源/汽车,1,-0.0657894736842105,1.0
2022-12-26,消费/零售,16,-0.00713282993498834,0.625
2022-12-26,生物科技/医药,22,0.008550961717094666,0.45454545454545453
2022-12-26,金融,3,0.0005582137161084672,0.3333333333333333
2022-12-27,TMT/互联网,11,-0.042544030707493685,0.5454545454545454
2022-12-27,其他,8,-0.020900863616367896,0.25
2022-12-27,地产/建筑,7,-0.0357276373143806,0.42857142857142855
2022-12-27,工业/制造,10,0.047778309657465975,0.5
2022-12-27,新能源/汽车,1,-0.0657894736842105,1.0
2022-12-27,消费/零售,16,-0.00713282993498834,0.625
2022-12-27,生物科技/医药,22,0.008550961717094666,0.45454545454545453
2022-12-27,金融,3,0.0005582137161084672,0.3333333333333333
2022-12-28,TMT/互联网,11,-0.042544030707493685,0.5454545454545454
2022-12-28,其他,8,-0.020900863616367896,0.25
2022-12-28,地产/建筑,7,-0.0357276373143806,0.42857142857142855
2022-12-28,工业/制造,10,0.047778309657465975,0.5
2022-12-28,新能源/汽车,1,-0.0657894736842105,1.0
2022-12-28,消费/零售,16,-0.00713282993498834,0.625
2022-12-28,生物科技/医药,22,0.008550961717094666,0.45454545454545453
2022-12-28,金融,3,0.0005582137161084672,0.3333333333333333
2022-12-29,TMT/互联网,11,-0.042544030707493685,0.5454545454545454
2022-12-29,其他,8,-0.020900863616367896,0.25
2022-12-29,地产/建筑,7,-0.0357276373143806,0.42857142857142855
2022-12-29,工业/制造,10,0.047778309657465975,0.5
2022-12-29,新能源/汽车,1,-0.0657894736842105,1.0
2022-12-29,消费/零售,17,0.016147505502589823,0.5882352941176471
2022-12-29,生物科技/医药,23,0.02810671700475722,0.43478260869565216
2022-12-29,金融,3,0.0005582137161084672,0.3333333333333333
2022-12-30,TMT/互联网,10,-0.052425032243716196,0.6
2022-12-30,其他,8,-0.020900863616367896,0.25
2022-12-30,地产/建筑,7,-0.0357276373143806,0.42857142857142855
2022-12-30,工业/制造,10,0.047778309657465975,0.5
2022-12-30,新能源/汽车,1,-0.0657894736842105,1.0
2022-12-30,消费/零售,17,0.01398169456146547,0.5882352941176471
2022-12-30,生物科技/医药,24,0.017247078255563892,0.5
2022-12-30,金融,3,0.0005582137161084672,0.3333333333333333
2022-12-31,TMT/互联网,10,-0.052425032243716196,0.6
2022-12-31,其他,8,-0.020900863616367896,0.25
2022-12-31,地产/建筑,7,-0.0357276373143806,0.42857142857142855
2022-12-31,工业/制造,10,0.047778309657465975,0.5
2022-12-31,新能源/汽车,1,-0.0657894736842105,1.0
2022-12-31,消费/零售,17,0.01398169456146547,0.5882352941176471
2022-12-31,生物科技/医药,24,0.017247078255563892,0.5
2022-12-31,金融,3,0.0005582137161084672,0.3333333333333333
2023-01-01,TMT/互联网,10,-0.052425032243716196,0.6
2023-01-01,其他,8,-0.020900863616367896,0.25
2023-01-01,地产/建筑,7,-0.0357276373143806,0.42857142857142855
2023-01-01,工业/制造,10,0.047778309657465975,0.5
2023-01-01,新能源/汽车,1,-0.0657894736842105,1.0
2023-01-01,消费/零售,17,0.01398169456146547,0.5882352941176471
2023-01-01,生物科技/医药,24,0.017247078255563892,0.5
2023-01-01,金融,3,0.0005582137161084672,0.3333333333333333
2023-01-02,TMT/互联网,10,-0.052425032243716196,0.6
2023-01-02,其他,8,-0.020900863616367896,0.25
2023-01-02,地产/建筑,7,-0.0357276373143806,0.42857142857142855
2023-01-02,工业/制造,10,0.047778309657465975,0.5
2023-01-02,新能源/汽车,1,-0.0657894736842105,1.0
2023-01-02,消费/零售,17,0.01398169456146547,0.5882352941176471
2023-01-02,生物科技/医药,24,0.017247078255563892,0.5
2023-01-02,金融,3,0.0005582137161084672,0.3333333333333333
2023-01-03,TMT/互联网,10,-0.052425032243716196,0.6
2023-01-03,其他,8,-0.020900863616367896,0.25
2023-01-03,地产/建筑,7,-0.0357276373143806,0.42857142857142855
2023-01-03,工业/制造,10,0.047778309657465975,0.5
2023-01-03,新能源/汽车,1,-0.0657894736842105,1.0
2023-01-03,消费/零售,17,0.01398169456146547,0.5882352941176471
2023-01-03,生物科技/医药,24,0.017247078255563892,0.5
2023-01-03,金融,3,0.0005582137161084672,0.3333333333333333
2023-01-04,TMT/互联网,10,-0.052425032243716196,0.6
2023-01-04,其他,8,-0.020900863616367896,0.25
2023-01-04,地产/建筑,7,-0.0357276373143806,0.42857142857142855
2023-01-04,工业/制造,10,0.047778309657465975,0.5
2023-01-04,新能源/汽车,1,-0.0657894736842105,1.0
2023-01-04,消费/零售,17,0.01398169456146547,0.5882352941176471
2023-01-04,生物科技/医药,24,0.017247078255563892,0.5
2023-01-04,金融,3,0.0005582137161084672,0.3333333333333333
2023-01-05,TMT/互联网,10,-0.052425032243716196,0.6
2023-01-05,其他,8,-0.020900863616367896,0.25
2023-01-05,地产/建筑,7,-0.0357276373143806,0.42857142857142855
2023-01-05,工业/制造,10,0.047778309657465975,0.5
2023-01-05,新能源/汽车,1,-0.0657894736842105,1.0
2023-01-05,消费/零售,17,0.01398169456146547,0.5882352941176471
2023-01-05,生物科技/医药,24,0.017247078255563892,0.5
2023-01-05,金融,3,0.0005582137161084672,0.3333333333333333
2023-01-06,TMT/互联网,10,-0.052425032243716196,0.6
2023-01-06,其他,8,-0.020900863616367896,0.25
2023-01-06,地产/建筑,7,-0.0357276373143806,0.42857142857142855
2023-01-06,工业/制造,10,0.047778309657465975,0.5
2023-01-06,新能源/汽车,1,-0.0657894736842105,1.0
2023-01-06,消费/零售,17,0.01398169456146547,0.5882352941176471
2023-01-06,生物科技/医药,24,0.017247078255563892,0.5
2023-01-06,金融,3,0.0005582137161084672,0.3333333333333333
2023-01-07,TMT/互联网,10,-0.052425032243716196,0.6
2023-01-07,其他,8,-0.020900863616367896,0.25
2023-01-07,地产/建筑,7,-0.0357276373143806,0.42857142857142855
2023-01-07,工业/制造,10,0.047778309657465975,0.5
2023-01-07,新能源/汽车,1,-0.0657894736842105,1.0
2023-01-07,消费/零售,17,0.01398169456146547,0.5882352941176471
2023-01-07,生物科技/医药,24,0.017247078255563892,0.5
2023-01-07,金融,3,0.0005582137161084672,0.3333333333333333
2023-01-08,TMT/互联网,10,-0.052425032243716196,0.6
2023-01-08,其他,8,-0.020900863616367896,0.25
2023-01-08,地产/建筑,7,-0.0357276373143806,0.42857142857142855
2023-01-08,工业/制造,10,0.047778309657465975,0.5
2023-01-08,新能源/汽车,1,-0.0657894736842105,1.0
2023-01-08,消费/零售,17,0.01398169456146547,0.5882352941176471
2023-01-08,生物科技/医药,24,0.017247078255563892,0.5
2023-01-08,金融,3,0.0005582137161084672,0.3333333333333333
2023-01-09,TMT/互联网,10,-0.052425032243716196,0.6
2023-01-09,其他,8,-0.020900863616367896,0.25
2023-01-09,地产/建筑,7,-0.0357276373143806,0.42857142857142855
2023-01-09,工业/制造,10,0.047778309657465975,0.5
2023-01-09,新能源/汽车,1,-0.0657894736842105,1.0
2023-01-09,消费/零售,18,0.01637953692709834,0.5555555555555556
2023-01-09,生物科技/医药,24,0.017247078255563892,0.5
2023-01-09,金融,3,0.0005582137161084672,0.3333333333333333
2023-01-10,TMT/互联网,10,-0.052425032243716196,0.6
2023-01-10,其他,8,-0.020900863616367896,0.25
2023-01-10,地产/建筑,7,-0.0357276373143806,0.42857142857142855
2023-01-10,工业/制造,10,0.047778309657465975,0.5
2023-01-10,新能源/汽车,1,-0.0657894736842105,1.0
2023-01-10,消费/零售,18,0.01637953692709834,0.5555555555555556
2023-01-10,生物科技/医药,24,0.017247078255563892,0.5
2023-01-10,金融,3,0.0005582137161084672,0.3333333333333333
2023-01-11,TMT/互联网,10,-0.052425032243716196,0.6
2023-01-11,其他,8,-0.020900863616367896,0.25
2023-01-11,地产/建筑,7,-0.0357276373143806,0.42857142857142855
2023-01-11,工业/制造,9,0.056586573285198435,0.4444444444444444
2023-01-11,新能源/汽车,1,-0.0657894736842105,1.0
2023-01-11,消费/零售,18,0.01637953692709834,0.5555555555555556
2023-01-11,生物科技/医药,24,0.017247078255563892,0.5
2023-01-11,金融,3,0.0005582137161084672,0.3333333333333333
2023-01-12,TMT/互联网,10,-0.052425032243716196,0.6
2023-01-12,其他,8,-0.020900863616367896,0.25
2023-01-12,地产/建筑,7,-0.0357276373143806,0.42857142857142855
2023-01-12,工业/制造,10,0.050927915956678595,0.4
2023-01-12,新能源/汽车,1,-0.0657894736842105,1.0
2023-01-12,消费/零售,18,0.01637953692709834,0.5555555555555556
2023-01-12,生物科技/医药,24,0.017247078255563892,0.5
2023-01-12,金融,3,0.0005582137161084672,0.3333333333333333
2023-01-13,TMT/互联网,10,-0.052425032243716196,0.6
2023-01-13,其他,8,-0.020900863616367896,0.25
2023-01-13,地产/建筑,7,-0.0357276373143806,0.42857142857142855
2023-01-13,工业/制造,10,0.050927915956678595,0.4
2023-01-13,新能源/汽车,1,-0.0657894736842105,1.0
2023-01-13,消费/零售,19,0.0027151800760277316,0.5789473684210527
2023-01-13,生物科技/医药,24,0.017247078255563892,0.5
2023-01-13,金融,3,0.0005582137161084672,0.3333333333333333
2023-01-14,TMT/互联网,10,-0.052425032243716196,0.6
2023-01-14,其他,8,-0.020900863616367896,0.25
2023-01-14,地产/建筑,7,-0.0357276373143806,0.42857142857142855
2023-01-14,工业/制造,9,0.0659660826647078,0.3333333333333333
2023-01-14,新能源/汽车,1,-0.0657894736842105,1.0
2023-01-14,消费/零售,19,0.0027151800760277316,0.5789473684210527
2023-01-14,生物科技/医药,24,0.017247078255563892,0.5
2023-01-14,金融,3,0.0005582137161084672,0.3333333333333333
2023-01-15,TMT/互联网,10,-0.052425032243716196,0.6
2023-01-15,其他,8,-0.020900863616367896,0.25
2023-01-15,地产/建筑,7,-0.0357276373143806,0.42857142857142855
2023-01-15,工业/制造,9,0.0659660826647078,0.3333333333333333
2023-01-15,新能源/汽车,1,-0.0657894736842105,1.0
2023-01-15,消费/零售,19,0.0027151800760277316,0.5789473684210527
2023-01-15,生物科技/医药,24,0.017247078255563892,0.5
2023-01-15,金融,3,0.0005582137161084672,0.3333333333333333
2023-01-16,TMT/互联网,11,-0.03402275658519654,0.5454545454545454
2023-01-16,其他,8,-0.020900863616367896,0.25
2023-01-16,地产/建筑,7,-0.0357276373143806,0.42857142857142855
2023-01-16,工业/制造,9,0.0659660826647078,0.3333333333333333
2023-01-16,新能源/汽车,1,-0.0657894736842105,1.0
2023-01-16,消费/零售,20,-0.0014083089891233419,0.6
2023-01-16,生物科技/医药,25,0.015442441026980678,0.52
2023-01-16,金融,3,0.0005582137161084672,0.3333333333333333
2023-01-17,TMT/互联网,11,-0.03402275658519654,0.5454545454545454
2023-01-17,其他,8,-0.020900863616367896,0.25
2023-01-17,地产/建筑,8,-0.04213124786747431,0.5
2023-01-17,工业/制造,10,0.06532185535061796,0.3
2023-01-17,新能源/汽车,1,-0.0657894736842105,1.0
2023-01-17,消费/零售,19,0.002768581630882306,0.5789473684210527
2023-01-17,生物科技/医药,25,0.015442441026980678,0.52
2023-01-17,金融,3,0.0005582137161084672,0.3333333333333333
2023-01-18,TMT/互联网,11,-0.03402275658519654,0.5454545454545454
2023-01-18,其他,8,-0.020900863616367896,0.25
2023-01-18,地产/建筑,8,-0.04213124786747431,0.5
2023-01-18,工业/制造,10,0.06532185535061796,0.3
2023-01-18,新能源/汽车,1,-0.0657894736842105,1.0
2023-01-18,消费/零售,19,0.002768581630882306,0.5789473684210527
2023-01-18,生物科技/医药,25,0.015442441026980678,0.52
2023-01-18,金融,3,0.0005582137161084672,0.3333333333333333
2023-01-19,TMT/互联网,11,-0.03402275658519654,0.5454545454545454
2023-01-19,其他,8,-0.020900863616367896,0.25
2023-01-19,地产/建筑,8,-0.04213124786747431,0.5
2023-01-19,工业/制造,10,0.06532185535061796,0.3
2023-01-19,新能源/汽车,1,-0.0657894736842105,1.0
2023-01-19,消费/零售,20,0.006469438263623914,0.55
2023-01-19,生物科技/医药,25,0.015442441026980678,0.52
2023-01-19,金融,3,0.0005582137161084672,0.3333333333333333
2023-01-20,TMT/互联网,11,-0.03402275658519654,0.5454545454545454
2023-01-20,其他,8,-0.020900863616367896,0.25
2023-01-20,地产/建筑,9,-0.05122410278761718,0.5555555555555556
2023-01-20,工业/制造,10,0.06532185535061796,0.3
2023-01-20,新能源/汽车,1,-0.0657894736842105,1.0
2023-01-20,消费/零售,20,0.006469438263623914,0.55
2023-01-20,生物科技/医药,25,0.015442441026980678,0.52
2023-01-20,金融,3,0.0005582137161084672,0.3333333333333333
2023-01-21,TMT/互联网,11,-0.03402275658519654,0.5454545454545454
2023-01-21,其他,8,-0.020900863616367896,0.25
2023-01-21,地产/建筑,9,-0.05122410278761718,0.5555555555555556
2023-01-21,工业/制造,10,0.06532185535061796,0.3
2023-01-21,新能源/汽车,1,-0.0657894736842105,1.0
2023-01-21,消费/零售,20,0.006469438263623914,0.55
2023-01-21,生物科技/医药,25,0.015442441026980678,0.52
2023-01-21,金融,3,0.0005582137161084672,0.3333333333333333
2023-01-22,TMT/互联网,11,-0.03402275658519654,0.5454545454545454
2023-01-22,其他,8,-0.020900863616367896,0.25
2023-01-22,地产/建筑,9,-0.05122410278761718,0.5555555555555556
2023-01-22,工业/制造,10,0.06532185535061796,0.3
2023-01-22,新能源/汽车,1,-0.0657894736842105,1.0
2023-01-22,消费/零售,20,0.006469438263623914,0.55
2023-01-22,生物科技/医药,25,0.015442441026980678,0.52
2023-01-22,金融,3,0.0005582137161084672,0.3333333333333333
2023-01-23,TMT/互联网,11,-0.03402275658519654,0.5454545454545454
2023-01-23,其他,8,-0.020900863616367896,0.25
2023-01-23,地产/建筑,9,-0.05122410278761718,0.5555555555555556
2023-01-23,工业/制造,10,0.06532185535061796,0.3
2023-01-23,新能源/汽车,1,-0.0657894736842105,1.0
2023-01-23,消费/零售,20,0.006469438263623914,0.55
2023-01-23,生物科技/医药,25,0.015442441026980678,0.52
2023-01-23,金融,3,0.0005582137161084672,0.3333333333333333
2023-01-24,TMT/互联网,11,-0.03402275658519654,0.5454545454545454
2023-01-24,其他,8,-0.020900863616367896,0.25
2023-01-24,地产/建筑,9,-0.05122410278761718,0.5555555555555556
2023-01-24,工业/制造,10,0.06532185535061796,0.3
2023-01-24,新能源/汽车,1,-0.0657894736842105,1.0
2023-01-24,消费/零售,20,0.006469438263623914,0.55
2023-01-24,生物科技/医药,25,0.015442441026980678,0.52
2023-01-24,金融,3,0.0005582137161084672,0.3333333333333333
2023-01-25,TMT/互联网,11,-0.03402275658519654,0.5454545454545454
2023-01-25,其他,8,-0.020900863616367896,0.25
2023-01-25,地产/建筑,9,-0.05122410278761718,0.5555555555555556
2023-01-25,工业/制造,10,0.06532185535061796,0.3
2023-01-25,新能源/汽车,1,-0.0657894736842105,1.0
2023-01-25,消费/零售,20,0.006469438263623914,0.55
2023-01-25,生物科技/医药,25,0.015442441026980678,0.52
2023-01-25,金融,3,0.0005582137161084672,0.3333333333333333
2023-01-26,TMT/互联网,11,-0.03402275658519654,0.5454545454545454
2023-01-26,其他,8,-0.020900863616367896,0.25
2023-01-26,地产/建筑,9,-0.05122410278761718,0.5555555555555556
2023-01-26,工业/制造,10,0.06532185535061796,0.3
2023-01-26,新能源/汽车,1,-0.0657894736842105,1.0
2023-01-26,消费/零售,20,0.006469438263623914,0.55
2023-01-26,生物科技/医药,25,0.015442441026980678,0.52
2023-01-26,金融,3,0.0005582137161084672,0.3333333333333333
2023-01-27,TMT/互联网,10,-0.011949747072613533,0.5
2023-01-27,其他,8,-0.020900863616367896,0.25
2023-01-27,地产/建筑,9,-0.05122410278761718,0.5555555555555556
2023-01-27,工业/制造,10,0.06532185535061796,0.3
2023-01-27,新能源/汽车,1,-0.0657894736842105,1.0
2023-01-27,消费/零售,20,0.006469438263623914,0.55
2023-01-27,生物科技/医药,25,0.015442441026980678,0.52
2023-01-27,金融,3,0.0005582137161084672,0.3333333333333333
2023-01-28,TMT/互联网,10,-0.011949747072613533,0.5
2023-01-28,其他,8,-0.020900863616367896,0.25
2023-01-28,地产/建筑,9,-0.05122410278761718,0.5555555555555556
2023-01-28,工业/制造,10,0.06532185535061796,0.3
2023-01-28,新能源/汽车,1,-0.0657894736842105,1.0
2023-01-28,消费/零售,20,0.006469438263623914,0.55
2023-01-28,生物科技/医药,25,0.015442441026980678,0.52
2023-01-28,金融,3,0.0005582137161084672,0.3333333333333333
2023-01-29,TMT/互联网,10,-0.011949747072613533,0.5
2023-01-29,其他,8,-0.020900863616367896,0.25
2023-01-29,地产/建筑,9,-0.05122410278761718,0.5555555555555556
2023-01-29,工业/制造,10,0.06532185535061796,0.3
2023-01-29,新能源/汽车,1,-0.0657894736842105,1.0
2023-01-29,消费/零售,20,0.006469438263623914,0.55
2023-01-29,生物科技/医药,25,0.015442441026980678,0.52
2023-01-29,金融,3,0.0005582137161084672,0.3333333333333333
2023-01-30,TMT/互联网,10,-0.011949747072613533,0.5
2023-01-30,其他,8,-0.020900863616367896,0.25
2023-01-30,地产/建筑,9,-0.05122410278761718,0.5555555555555556
2023-01-30,工业/制造,10,0.06532185535061796,0.3
2023-01-30,新能源/汽车,1,-0.0657894736842105,1.0
2023-01-30,消费/零售,20,0.006469438263623914,0.55
2023-01-30,生物科技/医药,25,0.015442441026980678,0.52
2023-01-30,金融,3,0.0005582137161084672,0.3333333333333333
2023-01-31,TMT/互联网,10,-0.011949747072613533,0.5
2023-01-31,其他,8,-0.020900863616367896,0.25
2023-01-31,地产/建筑,9,-0.05122410278761718,0.5555555555555556
2023-01-31,工业/制造,10,0.06532185535061796,0.3
2023-01-31,新能源/汽车,1,-0.0657894736842105,1.0
2023-01-31,消费/零售,20,0.006469438263623914,0.55
2023-01-31,生物科技/医药,25,0.015442441026980678,0.52
2023-01-31,金融,3,0.0005582137161084672,0.3333333333333333
2023-02-01,TMT/互联网,10,-0.011949747072613533,0.5
2023-02-01,其他,8,-0.020900863616367896,0.25
2023-02-01,地产/建筑,9,-0.05122410278761718,0.5555555555555556
2023-02-01,工业/制造,10,0.06532185535061796,0.3
2023-02-01,新能源/汽车,1,-0.0657894736842105,1.0
2023-02-01,消费/零售,20,0.006469438263623914,0.55
2023-02-01,生物科技/医药,25,0.015442441026980678,0.52
2023-02-01,金融,3,0.0005582137161084672,0.3333333333333333
2023-02-02,TMT/互联网,10,-0.011949747072613533,0.5
2023-02-02,其他,8,-0.020900863616367896,0.25
2023-02-02,地产/建筑,9,-0.05122410278761718,0.5555555555555556
2023-02-02,工业/制造,10,0.06532185535061796,0.3
2023-02-02,新能源/汽车,1,-0.0657894736842105,1.0
2023-02-02,消费/零售,20,0.006469438263623914,0.55
2023-02-02,生物科技/医药,25,0.015442441026980678,0.52
2023-02-02,金融,3,0.0005582137161084672,0.3333333333333333
2023-02-03,TMT/互联网,10,-0.011949747072613533,0.5
2023-02-03,其他,8,-0.020900863616367896,0.25
2023-02-03,地产/建筑,9,-0.05122410278761718,0.5555555555555556
2023-02-03,工业/制造,10,0.06532185535061796,0.3
2023-02-03,新能源/汽车,1,-0.0657894736842105,1.0
2023-02-03,消费/零售,20,0.006469438263623914,0.55
2023-02-03,生物科技/医药,25,0.015442441026980678,0.52
2023-02-03,金融,3,0.0005582137161084672,0.3333333333333333
2023-02-04,TMT/互联网,10,-0.011949747072613533,0.5
2023-02-04,其他,8,-0.020900863616367896,0.25
2023-02-04,地产/建筑,9,-0.05122410278761718,0.5555555555555556
2023-02-04,工业/制造,10,0.06532185535061796,0.3
2023-02-04,新能源/汽车,1,-0.0657894736842105,1.0
2023-02-04,消费/零售,20,0.006469438263623914,0.55
2023-02-04,生物科技/医药,25,0.015442441026980678,0.52
2023-02-04,金融,3,0.0005582137161084672,0.3333333333333333
2023-02-05,TMT/互联网,10,-0.011949747072613533,0.5
2023-02-05,其他,8,-0.020900863616367896,0.25
2023-02-05,地产/建筑,9,-0.05122410278761718,0.5555555555555556
2023-02-05,工业/制造,10,0.06532185535061796,0.3
2023-02-05,新能源/汽车,1,-0.0657894736842105,1.0
2023-02-05,消费/零售,20,0.006469438263623914,0.55
2023-02-05,生物科技/医药,25,0.015442441026980678,0.52
2023-02-05,金融,3,0.0005582137161084672,0.3333333333333333
2023-02-06,TMT/互联网,10,-0.011949747072613533,0.5
2023-02-06,其他,8,-0.020900863616367896,0.25
2023-02-06,地产/建筑,9,-0.05122410278761718,0.5555555555555556
2023-02-06,工业/制造,10,0.06532185535061796,0.3
2023-02-06,新能源/汽车,1,-0.0657894736842105,1.0
2023-02-06,消费/零售,20,0.006469438263623914,0.55
2023-02-06,生物科技/医药,25,0.015442441026980678,0.52
2023-02-06,金融,3,0.0005582137161084672,0.3333333333333333
2023-02-07,TMT/互联网,10,-0.011949747072613533,0.5
2023-02-07,其他,8,-0.020900863616367896,0.25
2023-02-07,地产/建筑,9,-0.05122410278761718,0.5555555555555556
2023-02-07,工业/制造,10,0.06532185535061796,0.3
2023-02-07,新能源/汽车,1,-0.0657894736842105,1.0
2023-02-07,消费/零售,20,0.006469438263623914,0.55
2023-02-07,生物科技/医药,25,0.015442441026980678,0.52
2023-02-07,金融,3,0.0005582137161084672,0.3333333333333333
2023-02-08,TMT/互联网,10,-0.011949747072613533,0.5
2023-02-08,其他,8,-0.020900863616367896,0.25
2023-02-08,地产/建筑,9,-0.05122410278761718,0.5555555555555556
2023-02-08,工业/制造,10,0.06532185535061796,0.3
2023-02-08,新能源/汽车,1,-0.0657894736842105,1.0
2023-02-08,消费/零售,20,0.006469438263623914,0.55
2023-02-08,生物科技/医药,25,0.015442441026980678,0.52
2023-02-08,金融,3,0.0005582137161084672,0.3333333333333333
2023-02-09,TMT/互联网,10,-0.011949747072613533,0.5
2023-02-09,其他,8,-0.020900863616367896,0.25
2023-02-09,地产/建筑,9,-0.05122410278761718,0.5555555555555556
2023-02-09,工业/制造,10,0.06532185535061796,0.3
2023-02-09,新能源/汽车,1,-0.0657894736842105,1.0
2023-02-09,消费/零售,20,0.006469438263623914,0.55
2023-02-09,生物科技/医药,25,0.015442441026980678,0.52
2023-02-09,金融,3,0.0005582137161084672,0.3333333333333333
2023-02-10,TMT/互联网,10,-0.011949747072613533,0.5
2023-02-10,其他,8,-0.020900863616367896,0.25
2023-02-10,地产/建筑,9,-0.05122410278761718,0.5555555555555556
2023-02-10,工业/制造,10,0.06532185535061796,0.3
2023-02-10,新能源/汽车,1,-0.0657894736842105,1.0
2023-02-10,消费/零售,20,0.006469438263623914,0.55
2023-02-10,生物科技/医药,25,0.015442441026980678,0.52
2023-02-10,金融,3,0.0005582137161084672,0.3333333333333333
2023-02-11,TMT/互联网,10,-0.011949747072613533,0.5
2023-02-11,其他,8,-0.020900863616367896,0.25
2023-02-11,地产/建筑,9,-0.05122410278761718,0.5555555555555556
2023-02-11,工业/制造,10,0.06532185535061796,0.3
2023-02-11,新能源/汽车,1,-0.0657894736842105,1.0
2023-02-11,消费/零售,20,0.006469438263623914,0.55
2023-02-11,生物科技/医药,25,0.015442441026980678,0.52
2023-02-11,金融,3,0.0005582137161084672,0.3333333333333333
2023-02-12,TMT/互联网,10,-0.011949747072613533,0.5
2023-02-12,其他,8,-0.020900863616367896,0.25
2023-02-12,地产/建筑,9,-0.05122410278761718,0.5555555555555556
2023-02-12,工业/制造,10,0.06532185535061796,0.3
2023-02-12,新能源/汽车,1,-0.0657894736842105,1.0
2023-02-12,消费/零售,20,0.006469438263623914,0.55
2023-02-12,生物科技/医药,25,0.015442441026980678,0.52
2023-02-12,金融,3,0.0005582137161084672,0.3333333333333333
2023-02-13,TMT/互联网,10,-0.011949747072613533,0.5
2023-02-13,其他,8,-0.020900863616367896,0.25
2023-02-13,地产/建筑,9,-0.05122410278761718,0.5555555555555556
2023-02-13,工业/制造,10,0.06532185535061796,0.3
2023-02-13,新能源/汽车,1,-0.0657894736842105,1.0
2023-02-13,消费/零售,20,0.006469438263623914,0.55
2023-02-13,生物科技/医药,25,0.015442441026980678,0.52
2023-02-13,金融,3,0.0005582137161084672,0.3333333333333333
2023-02-14,TMT/互联网,10,-0.011949747072613533,0.5
2023-02-14,其他,8,-0.020900863616367896,0.25
2023-02-14,地产/建筑,9,-0.05122410278761718,0.5555555555555556
2023-02-14,工业/制造,10,0.06532185535061796,0.3
2023-02-14,新能源/汽车,1,-0.0657894736842105,1.0
2023-02-14,消费/零售,20,0.006469438263623914,0.55
2023-02-14,生物科技/医药,25,0.015442441026980678,0.52
2023-02-14,金融,3,0.0005582137161084672,0.3333333333333333
2023-02-15,TMT/互联网,10,-0.011949747072613533,0.5
2023-02-15,其他,8,-0.020900863616367896,0.25
2023-02-15,地产/建筑,9,-0.05122410278761718,0.5555555555555556
2023-02-15,工业/制造,10,0.06532185535061796,0.3
2023-02-15,新能源/汽车,1,-0.0657894736842105,1.0
2023-02-15,消费/零售,20,0.006469438263623914,0.55
2023-02-15,生物科技/医药,25,0.015442441026980678,0.52
2023-02-15,金融,3,0.0005582137161084672,0.3333333333333333
2023-02-16,TMT/互联网,10,-0.011949747072613533,0.5
2023-02-16,其他,8,-0.020900863616367896,0.25
2023-02-16,地产/建筑,9,-0.05122410278761718,0.5555555555555556
2023-02-16,工业/制造,10,0.06532185535061796,0.3
2023-02-16,新能源/汽车,1,-0.0657894736842105,1.0
2023-02-16,消费/零售,20,0.006469438263623914,0.55
2023-02-16,生物科技/医药,25,0.015442441026980678,0.52
2023-02-16,金融,3,0.0005582137161084672,0.3333333333333333
2023-02-17,TMT/互联网,10,-0.011949747072613533,0.5
2023-02-17,其他,8,-0.020900863616367896,0.25
2023-02-17,地产/建筑,9,-0.05122410278761718,0.5555555555555556
2023-02-17,工业/制造,10,0.06532185535061796,0.3
2023-02-17,新能源/汽车,1,-0.0657894736842105,1.0
2023-02-17,消费/零售,20,0.006469438263623914,0.55
2023-02-17,生物科技/医药,25,0.015442441026980678,0.52
2023-02-17,金融,3,0.0005582137161084672,0.3333333333333333
2023-02-18,TMT/互联网,10,-0.011949747072613533,0.5
2023-02-18,其他,8,-0.020900863616367896,0.25
2023-02-18,地产/建筑,9,-0.05122410278761718,0.5555555555555556
2023-02-18,工业/制造,10,0.06532185535061796,0.3
2023-02-18,新能源/汽车,1,-0.0657894736842105,1.0
2023-02-18,消费/零售,19,0.00493671004606493,0.5789473684210527
2023-02-18,生物科技/医药,24,0.01739614860645917,0.5
2023-02-18,金融,3,0.0005582137161084672,0.3333333333333333
2023-02-19,TMT/互联网,10,-0.011949747072613533,0.5
2023-02-19,其他,8,-0.020900863616367896,0.25
2023-02-19,地产/建筑,9,-0.05122410278761718,0.5555555555555556
2023-02-19,工业/制造,10,0.06532185535061796,0.3
2023-02-19,新能源/汽车,1,-0.0657894736842105,1.0
2023-02-19,消费/零售,19,0.00493671004606493,0.5789473684210527
2023-02-19,生物科技/医药,24,0.01739614860645917,0.5
2023-02-19,金融,3,0.0005582137161084672,0.3333333333333333
2023-02-20,TMT/互联网,10,-0.011949747072613533,0.5
2023-02-20,其他,8,-0.020900863616367896,0.25
2023-02-20,地产/建筑,9,-0.05122410278761718,0.5555555555555556
2023-02-20,工业/制造,10,0.06532185535061796,0.3
2023-02-20,新能源/汽车,1,-0.0657894736842105,1.0
2023-02-20,消费/零售,19,0.00493671004606493,0.5789473684210527
2023-02-20,生物科技/医药,24,0.01739614860645917,0.5
2023-02-20,金融,3,0.0005582137161084672,0.3333333333333333
2023-02-21,TMT/互联网,10,-0.011949747072613533,0.5
2023-02-21,其他,8,-0.020900863616367896,0.25
2023-02-21,地产/建筑,9,-0.05122410278761718,0.5555555555555556
2023-02-21,工业/制造,10,0.06532185535061796,0.3
2023-02-21,新能源/汽车,1,-0.0657894736842105,1.0
2023-02-21,消费/零售,19,0.00493671004606493,0.5789473684210527
2023-02-21,生物科技/医药,24,0.01739614860645917,0.5
2023-02-21,金融,3,0.0005582137161084672,0.3333333333333333
2023-02-22,TMT/互联网,10,-0.011949747072613533,0.5
2023-02-22,其他,8,-0.020900863616367896,0.25
2023-02-22,地产/建筑,9,-0.05122410278761718,0.5555555555555556
2023-02-22,工业/制造,10,0.06532185535061796,0.3
2023-02-22,新能源/汽车,1,-0.0657894736842105,1.0
2023-02-22,消费/零售,19,0.00493671004606493,0.5789473684210527
2023-02-22,生物科技/医药,24,0.01739614860645917,0.5
2023-02-22,金融,3,0.0005582137161084672,0.3333333333333333
2023-02-23,TMT/互联网,10,-0.011949747072613533,0.5
2023-02-23,其他,8,-0.020900863616367896,0.25
2023-02-23,地产/建筑,9,-0.05122410278761718,0.5555555555555556
2023-02-23,工业/制造,10,0.06532185535061796,0.3
2023-02-23,新能源/汽车,1,-0.0657894736842105,1.0
2023-02-23,消费/零售,19,0.00493671004606493,0.5789473684210527
2023-02-23,生物科技/医药,23,0.018091523565688727,0.5217391304347826
2023-02-23,金融,3,0.0005582137161084672,0.3333333333333333
2023-02-24,TMT/互联网,10,-0.011949747072613533,0.5
2023-02-24,其他,8,-0.020900863616367896,0.25
2023-02-24,地产/建筑,9,-0.05122410278761718,0.5555555555555556
2023-02-24,工业/制造,10,0.06532185535061796,0.3
2023-02-24,新能源/汽车,1,-0.0657894736842105,1.0
2023-02-24,消费/零售,19,0.00493671004606493,0.5789473684210527
2023-02-24,生物科技/医药,23,0.018091523565688727,0.5217391304347826
2023-02-24,金融,3,0.0005582137161084672,0.3333333333333333
2023-02-25,TMT/互联网,10,-0.011949747072613533,0.5
2023-02-25,其他,8,-0.020900863616367896,0.25
2023-02-25,地产/建筑,9,-0.05122410278761718,0.5555555555555556
2023-02-25,工业/制造,10,0.06532185535061796,0.3
2023-02-25,新能源/汽车,1,-0.0657894736842105,1.0
2023-02-25,消费/零售,19,0.00493671004606493,0.5789473684210527
2023-02-25,生物科技/医药,23,0.018091523565688727,0.5217391304347826
2023-02-25,金融,3,0.0005582137161084672,0.3333333333333333
2023-02-26,TMT/互联网,10,-0.011949747072613533,0.5
2023-02-26,其他,8,-0.020900863616367896,0.25
2023-02-26,地产/建筑,9,-0.05122410278761718,0.5555555555555556
2023-02-26,工业/制造,10,0.06532185535061796,0.3
2023-02-26,新能源/汽车,1,-0.0657894736842105,1.0
2023-02-26,消费/零售,19,0.00493671004606493,0.5789473684210527
2023-02-26,生物科技/医药,23,0.018091523565688727,0.5217391304347826
2023-02-26,金融,3,0.0005582137161084672,0.3333333333333333
2023-02-27,TMT/互联网,10,-0.011949747072613533,0.5
2023-02-27,其他,8,-0.020900863616367896,0.25
2023-02-27,地产/建筑,9,-0.05122410278761718,0.5555555555555556
2023-02-27,工业/制造,10,0.06532185535061796,0.3
2023-02-27,新能源/汽车,1,-0.0657894736842105,1.0
2023-02-27,消费/零售,19,0.00493671004606493,0.5789473684210527
2023-02-27,生物科技/医药,23,0.018091523565688727,0.5217391304347826
2023-02-27,金融,3,0.0005582137161084672,0.3333333333333333
2023-02-28,TMT/互联网,10,-0.011949747072613533,0.5
2023-02-28,其他,8,-0.020900863616367896,0.25
2023-02-28,地产/建筑,9,-0.05122410278761718,0.5555555555555556
2023-02-28,工业/制造,10,0.06532185535061796,0.3
2023-02-28,新能源/汽车,1,-0.0657894736842105,1.0
2023-02-28,消费/零售,19,0.00493671004606493,0.5789473684210527
2023-02-28,生物科技/医药,23,0.018091523565688727,0.5217391304347826
2023-02-28,金融,3,0.0005582137161084672,0.3333333333333333
2023-03-01,TMT/互联网,10,-0.011949747072613533,0.5
2023-03-01,其他,8,-0.020900863616367896,0.25
2023-03-01,地产/建筑,9,-0.05122410278761718,0.5555555555555556
2023-03-01,工业/制造,10,0.06532185535061796,0.3
2023-03-01,新能源/汽车,1,-0.0657894736842105,1.0
2023-03-01,消费/零售,19,0.00493671004606493,0.5789473684210527
2023-03-01,生物科技/医药,23,0.018091523565688727,0.5217391304347826
2023-03-01,金融,3,0.0005582137161084672,0.3333333333333333
2023-03-02,TMT/互联网,10,-0.011949747072613533,0.5
2023-03-02,其他,8,-0.020900863616367896,0.25
2023-03-02,地产/建筑,9,-0.05122410278761718,0.5555555555555556
2023-03-02,工业/制造,10,0.06532185535061796,0.3
2023-03-02,新能源/汽车,1,-0.0657894736842105,1.0
2023-03-02,消费/零售,19,0.00493671004606493,0.5789473684210527
2023-03-02,生物科技/医药,23,0.018091523565688727,0.5217391304347826
2023-03-02,金融,3,0.0005582137161084672,0.3333333333333333
2023-03-03,TMT/互联网,10,-0.011949747072613533,0.5
2023-03-03,其他,8,-0.020900863616367896,0.25
2023-03-03,地产/建筑,9,-0.05122410278761718,0.5555555555555556
2023-03-03,工业/制造,10,0.06532185535061796,0.3
2023-03-03,新能源/汽车,1,-0.0657894736842105,1.0
2023-03-03,消费/零售,19,0.00493671004606493,0.5789473684210527
2023-03-03,生物科技/医药,23,0.018091523565688727,0.5217391304347826
2023-03-03,金融,3,0.0005582137161084672,0.3333333333333333
2023-03-04,TMT/互联网,10,-0.011949747072613533,0.5
2023-03-04,其他,8,-0.020900863616367896,0.25
2023-03-04,地产/建筑,9,-0.05122410278761718,0.5555555555555556
2023-03-04,工业/制造,10,0.06532185535061796,0.3
2023-03-04,新能源/汽车,1,-0.0657894736842105,1.0
2023-03-04,消费/零售,19,0.00493671004606493,0.5789473684210527
2023-03-04,生物科技/医药,23,0.018091523565688727,0.5217391304347826
2023-03-04,金融,3,0.0005582137161084672,0.3333333333333333
2023-03-05,TMT/互联网,10,-0.011949747072613533,0.5
2023-03-05,其他,8,-0.020900863616367896,0.25
2023-03-05,地产/建筑,9,-0.05122410278761718,0.5555555555555556
2023-03-05,工业/制造,10,0.06532185535061796,0.3
2023-03-05,新能源/汽车,1,-0.0657894736842105,1.0
2023-03-05,消费/零售,19,0.00493671004606493,0.5789473684210527
2023-03-05,生物科技/医药,23,0.018091523565688727,0.5217391304347826
2023-03-05,金融,3,0.0005582137161084672,0.3333333333333333
2023-03-06,TMT/互联网,10,-0.011949747072613533,0.5
2023-03-06,其他,8,-0.020900863616367896,0.25
2023-03-06,地产/建筑,9,-0.05122410278761718,0.5555555555555556
2023-03-06,工业/制造,10,0.06532185535061796,0.3
2023-03-06,新能源/汽车,1,-0.0657894736842105,1.0
2023-03-06,消费/零售,19,0.00493671004606493,0.5789473684210527
2023-03-06,生物科技/医药,23,0.018091523565688727,0.5217391304347826
2023-03-06,金融,3,0.0005582137161084672,0.3333333333333333
2023-03-07,TMT/互联网,10,-0.011949747072613533,0.5
2023-03-07,其他,8,-0.020900863616367896,0.25
2023-03-07,地产/建筑,9,-0.05122410278761718,0.5555555555555556
2023-03-07,工业/制造,10,0.06532185535061796,0.3
2023-03-07,新能源/汽车,1,-0.0657894736842105,1.0
2023-03-07,消费/零售,19,0.00493671004606493,0.5789473684210527
2023-03-07,生物科技/医药,23,0.018091523565688727,0.5217391304347826
2023-03-07,金融,3,0.0005582137161084672,0.3333333333333333
2023-03-08,TMT/互联网,10,-0.011949747072613533,0.5
2023-03-08,其他,8,-0.020900863616367896,0.25
2023-03-08,地产/建筑,9,-0.05122410278761718,0.5555555555555556
2023-03-08,工业/制造,10,0.06532185535061796,0.3
2023-03-08,新能源/汽车,1,-0.0657894736842105,1.0
2023-03-08,消费/零售,19,0.00493671004606493,0.5789473684210527
2023-03-08,生物科技/医药,23,0.018091523565688727,0.5217391304347826
2023-03-08,金融,3,0.0005582137161084672,0.3333333333333333
2023-03-09,TMT/互联网,10,-0.011949747072613533,0.5
2023-03-09,其他,8,-0.020900863616367896,0.25
2023-03-09,地产/建筑,9,-0.05122410278761718,0.5555555555555556
2023-03-09,工业/制造,11,0.06035406455361903,0.2727272727272727
2023-03-09,新能源/汽车,1,-0.0657894736842105,1.0
2023-03-09,消费/零售,19,0.00493671004606493,0.5789473684210527
2023-03-09,生物科技/医药,23,0.018091523565688727,0.5217391304347826
2023-03-09,金融,3,0.0005582137161084672,0.3333333333333333
2023-03-10,TMT/互联网,11,-0.010222449266952377,0.45454545454545453
2023-03-10,其他,8,-0.020900863616367896,0.25
2023-03-10,地产/建筑,8,-0.03060008860904231,0.5
2023-03-10,工业/制造,11,0.06035406455361903,0.2727272727272727
2023-03-10,新能源/汽车,1,-0.0657894736842105,1.0
2023-03-10,消费/零售,19,0.00493671004606493,0.5789473684210527
2023-03-10,生物科技/医药,23,0.018091523565688727,0.5217391304347826
2023-03-10,金融,3,0.0005582137161084672,0.3333333333333333
2023-03-11,TMT/互联网,11,-0.010222449266952377,0.45454545454545453
2023-03-11,其他,8,-0.020900863616367896,0.25
2023-03-11,地产/建筑,8,-0.03060008860904231,0.5
2023-03-11,工业/制造,11,0.06035406455361903,0.2727272727272727
2023-03-11,新能源/汽车,1,-0.0657894736842105,1.0
2023-03-11,消费/零售,19,0.00493671004606493,0.5789473684210527
2023-03-11,生物科技/医药,23,0.018091523565688727,0.5217391304347826
2023-03-11,金融,3,0.0005582137161084672,0.3333333333333333
2023-03-12,TMT/互联网,11,-0.010222449266952377,0.45454545454545453
2023-03-12,其他,8,-0.020900863616367896,0.25
2023-03-12,地产/建筑,8,-0.03060008860904231,0.5
2023-03-12,工业/制造,11,0.06035406455361903,0.2727272727272727
2023-03-12,新能源/汽车,1,-0.0657894736842105,1.0
2023-03-12,消费/零售,19,0.00493671004606493,0.5789473684210527
2023-03-12,生物科技/医药,23,0.018091523565688727,0.5217391304347826
2023-03-12,金融,3,0.0005582137161084672,0.3333333333333333
2023-03-13,TMT/互联网,11,-0.010222449266952377,0.45454545454545453
2023-03-13,其他,8,-0.020900863616367896,0.25
2023-03-13,地产/建筑,8,-0.03060008860904231,0.5
2023-03-13,工业/制造,11,0.06035406455361903,0.2727272727272727
2023-03-13,新能源/汽车,1,-0.0657894736842105,1.0
2023-03-13,消费/零售,19,0.00493671004606493,0.5789473684210527
2023-03-13,生物科技/医药,23,0.018091523565688727,0.5217391304347826
2023-03-13,金融,3,0.0005582137161084672,0.3333333333333333
2023-03-14,TMT/互联网,11,-0.010222449266952377,0.45454545454545453
2023-03-14,其他,8,-0.020900863616367896,0.25
2023-03-14,地产/建筑,8,-0.03060008860904231,0.5
2023-03-14,工业/制造,11,0.06035406455361903,0.2727272727272727
2023-03-14,新能源/汽车,1,-0.0657894736842105,1.0
2023-03-14,消费/零售,19,0.00493671004606493,0.5789473684210527
2023-03-14,生物科技/医药,23,0.018091523565688727,0.5217391304347826
2023-03-14,金融,3,0.0005582137161084672,0.3333333333333333
2023-03-15,TMT/互联网,11,-0.010222449266952377,0.45454545454545453
2023-03-15,其他,8,-0.020900863616367896,0.25
2023-03-15,地产/建筑,8,-0.03060008860904231,0.5
2023-03-15,工业/制造,11,0.06035406455361903,0.2727272727272727
2023-03-15,新能源/汽车,1,-0.0657894736842105,1.0
2023-03-15,消费/零售,19,0.00493671004606493,0.5789473684210527
2023-03-15,生物科技/医药,23,0.018091523565688727,0.5217391304347826
2023-03-15,金融,3,0.0005582137161084672,0.3333333333333333
2023-03-16,TMT/互联网,11,-0.010222449266952377,0.45454545454545453
2023-03-16,其他,8,-0.020900863616367896,0.25
2023-03-16,地产/建筑,8,-0.03060008860904231,0.5
2023-03-16,工业/制造,11,0.06035406455361903,0.2727272727272727
2023-03-16,新能源/汽车,1,-0.0657894736842105,1.0
2023-03-16,消费/零售,19,0.00493671004606493,0.5789473684210527
2023-03-16,生物科技/医药,23,0.018091523565688727,0.5217391304347826
2023-03-16,金融,3,0.0005582137161084672,0.3333333333333333
2023-03-17,TMT/互联网,11,-0.010222449266952377,0.45454545454545453
2023-03-17,其他,8,-0.020900863616367896,0.25
2023-03-17,地产/建筑,8,-0.03060008860904231,0.5
2023-03-17,工业/制造,11,0.06035406455361903,0.2727272727272727
2023-03-17,新能源/汽车,1,-0.0657894736842105,1.0
2023-03-17,消费/零售,19,0.00493671004606493,0.5789473684210527
2023-03-17,生物科技/医药,23,0.018091523565688727,0.5217391304347826
2023-03-17,金融,3,0.0005582137161084672,0.3333333333333333
2023-03-18,TMT/互联网,11,-0.010222449266952377,0.45454545454545453
2023-03-18,其他,8,-0.020900863616367896,0.25
2023-03-18,地产/建筑,8,-0.03060008860904231,0.5
2023-03-18,工业/制造,11,0.06035406455361903,0.2727272727272727
2023-03-18,新能源/汽车,1,-0.0657894736842105,1.0
2023-03-18,消费/零售,19,0.00493671004606493,0.5789473684210527
2023-03-18,生物科技/医药,23,0.018091523565688727,0.5217391304347826
2023-03-18,金融,3,0.0005582137161084672,0.3333333333333333
2023-03-19,TMT/互联网,11,-0.010222449266952377,0.45454545454545453
2023-03-19,其他,8,-0.020900863616367896,0.25
2023-03-19,地产/建筑,8,-0.03060008860904231,0.5
2023-03-19,工业/制造,11,0.06035406455361903,0.2727272727272727
2023-03-19,新能源/汽车,1,-0.0657894736842105,1.0
2023-03-19,消费/零售,19,0.00493671004606493,0.5789473684210527
2023-03-19,生物科技/医药,23,0.018091523565688727,0.5217391304347826
2023-03-19,金融,3,0.0005582137161084672,0.3333333333333333
2023-03-20,TMT/互联网,11,-0.010222449266952377,0.45454545454545453
2023-03-20,其他,8,-0.020900863616367896,0.25
2023-03-20,地产/建筑,8,-0.03060008860904231,0.5
2023-03-20,工业/制造,11,0.06035406455361903,0.2727272727272727
2023-03-20,新能源/汽车,1,-0.0657894736842105,1.0
2023-03-20,消费/零售,19,0.00493671004606493,0.5789473684210527
2023-03-20,生物科技/医药,23,0.018091523565688727,0.5217391304347826
2023-03-20,金融,3,0.0005582137161084672,0.3333333333333333
2023-03-21,TMT/互联网,11,-0.010222449266952377,0.45454545454545453
2023-03-21,其他,8,-0.020900863616367896,0.25
2023-03-21,地产/建筑,8,-0.03060008860904231,0.5
2023-03-21,工业/制造,11,0.06035406455361903,0.2727272727272727
2023-03-21,新能源/汽车,1,-0.0657894736842105,1.0
2023-03-21,消费/零售,19,0.00493671004606493,0.5789473684210527
2023-03-21,生物科技/医药,23,0.018091523565688727,0.5217391304347826
2023-03-21,金融,3,0.0005582137161084672,0.3333333333333333
2023-03-22,TMT/互联网,11,-0.010222449266952377,0.45454545454545453
2023-03-22,其他,8,-0.020900863616367896,0.25
2023-03-22,地产/建筑,8,-0.03060008860904231,0.5
2023-03-22,工业/制造,11,0.06035406455361903,0.2727272727272727
2023-03-22,新能源/汽车,1,-0.0657894736842105,1.0
2023-03-22,消费/零售,19,0.00493671004606493,0.5789473684210527
2023-03-22,生物科技/医药,22,0.021404525570853896,0.5
2023-03-22,金融,3,0.0005582137161084672,0.3333333333333333
2023-03-23,TMT/互联网,11,-0.010222449266952377,0.45454545454545453
2023-03-23,其他,8,-0.020900863616367896,0.25
2023-03-23,地产/建筑,8,-0.03060008860904231,0.5
2023-03-23,工业/制造,11,0.06035406455361903,0.2727272727272727
2023-03-23,新能源/汽车,1,-0.0657894736842105,1.0
2023-03-23,消费/零售,19,0.00493671004606493,0.5789473684210527
2023-03-23,生物科技/医药,22,0.021404525570853896,0.5
2023-03-23,金融,3,0.0005582137161084672,0.3333333333333333
2023-03-24,TMT/互联网,11,-0.010222449266952377,0.45454545454545453
2023-03-24,其他,8,-0.020900863616367896,0.25
2023-03-24,地产/建筑,8,-0.03060008860904231,0.5
2023-03-24,工业/制造,11,0.06035406455361903,0.2727272727272727
2023-03-24,新能源/汽车,1,-0.0657894736842105,1.0
2023-03-24,消费/零售,19,0.00493671004606493,0.5789473684210527
2023-03-24,生物科技/医药,22,0.021404525570853896,0.5
2023-03-24,金融,3,0.0005582137161084672,0.3333333333333333
2023-03-25,TMT/互联网,11,-0.010222449266952377,0.45454545454545453
2023-03-25,其他,8,-0.020900863616367896,0.25
2023-03-25,地产/建筑,8,-0.03060008860904231,0.5
2023-03-25,工业/制造,11,0.06035406455361903,0.2727272727272727
2023-03-25,新能源/汽车,1,-0.0657894736842105,1.0
2023-03-25,消费/零售,19,0.00493671004606493,0.5789473684210527
2023-03-25,生物科技/医药,22,0.021404525570853896,0.5
2023-03-25,金融,3,0.0005582137161084672,0.3333333333333333
2023-03-26,TMT/互联网,11,-0.010222449266952377,0.45454545454545453
2023-03-26,其他,8,-0.020900863616367896,0.25
2023-03-26,地产/建筑,8,-0.03060008860904231,0.5
2023-03-26,工业/制造,11,0.06035406455361903,0.2727272727272727
2023-03-26,新能源/汽车,1,-0.0657894736842105,1.0
2023-03-26,消费/零售,19,0.00493671004606493,0.5789473684210527
2023-03-26,生物科技/医药,22,0.021404525570853896,0.5
2023-03-26,金融,3,0.0005582137161084672,0.3333333333333333
2023-03-27,TMT/互联网,11,-0.010222449266952377,0.45454545454545453
2023-03-27,其他,8,-0.020900863616367896,0.25
2023-03-27,地产/建筑,8,-0.03060008860904231,0.5
2023-03-27,工业/制造,11,0.06035406455361903,0.2727272727272727
2023-03-27,新能源/汽车,1,-0.0657894736842105,1.0
2023-03-27,消费/零售,19,0.00493671004606493,0.5789473684210527
2023-03-27,生物科技/医药,22,0.021404525570853896,0.5
2023-03-27,金融,3,0.0005582137161084672,0.3333333333333333
2023-03-28,TMT/互联网,11,-0.010222449266952377,0.45454545454545453
2023-03-28,其他,8,-0.020900863616367896,0.25
2023-03-28,地产/建筑,8,-0.03060008860904231,0.5
2023-03-28,工业/制造,11,0.06035406455361903,0.2727272727272727
2023-03-28,新能源/汽车,1,-0.0657894736842105,1.0
2023-03-28,消费/零售,20,0.004635526717674734,0.6
2023-03-28,生物科技/医药,22,0.021404525570853896,0.5
2023-03-28,金融,3,0.0005582137161084672,0.3333333333333333
2023-03-29,TMT/互联网,11,-0.010222449266952377,0.45454545454545453
2023-03-29,其他,8,-0.020900863616367896,0.25
2023-03-29,地产/建筑,8,-0.03060008860904231,0.5
2023-03-29,工业/制造,12,0.03754000632862233,0.3333333333333333
2023-03-29,新能源/汽车,1,-0.0657894736842105,1.0
2023-03-29,消费/零售,20,0.004635526717674734,0.6
2023-03-29,生物科技/医药,22,0.021404525570853896,0.5
2023-03-29,金融,3,0.0005582137161084672,0.3333333333333333
2023-03-30,TMT/互联网,11,-0.010222449266952377,0.45454545454545453
2023-03-30,其他,8,-0.020900863616367896,0.25
2023-03-30,地产/建筑,9,-0.03671301635872253,0.5555555555555556
2023-03-30,工业/制造,12,0.03754000632862233,0.3333333333333333
2023-03-30,新能源/汽车,1,-0.0657894736842105,1.0
2023-03-30,消费/零售,20,0.004635526717674734,0.6
2023-03-30,生物科技/医药,22,0.021404525570853896,0.5
2023-03-30,金融,3,0.0005582137161084672,0.3333333333333333
2023-03-31,TMT/互联网,11,-0.010222449266952377,0.45454545454545453
2023-03-31,其他,8,-0.020900863616367896,0.25
2023-03-31,地产/建筑,8,-0.05860983571125515,0.625
2023-03-31,工业/制造,12,0.042109225973763875,0.25
2023-03-31,新能源/汽车,1,-0.0657894736842105,1.0
2023-03-31,消费/零售,21,0.009427318678487213,0.5714285714285714
2023-03-31,生物科技/医药,21,0.021947598217085036,0.5238095238095238
2023-03-31,金融,3,0.0005582137161084672,0.3333333333333333
2023-04-01,TMT/互联网,11,-0.010222449266952377,0.45454545454545453
2023-04-01,其他,8,-0.020900863616367896,0.25
2023-04-01,地产/建筑,8,-0.05860983571125515,0.625
2023-04-01,工业/制造,12,0.042109225973763875,0.25
2023-04-01,新能源/汽车,1,-0.0657894736842105,1.0
2023-04-01,消费/零售,21,0.009427318678487213,0.5714285714285714
2023-04-01,生物科技/医药,21,0.021947598217085036,0.5238095238095238
2023-04-01,金融,3,0.0005582137161084672,0.3333333333333333
2023-04-02,TMT/互联网,11,-0.010222449266952377,0.45454545454545453
2023-04-02,其他,8,-0.020900863616367896,0.25
2023-04-02,地产/建筑,8,-0.05860983571125515,0.625
2023-04-02,工业/制造,12,0.042109225973763875,0.25
2023-04-02,新能源/汽车,1,-0.0657894736842105,1.0
2023-04-02,消费/零售,21,0.009427318678487213,0.5714285714285714
2023-04-02,生物科技/医药,21,0.021947598217085036,0.5238095238095238
2023-04-02,金融,3,0.0005582137161084672,0.3333333333333333
2023-04-03,TMT/互联网,11,-0.010222449266952377,0.45454545454545453
2023-04-03,其他,8,-0.020900863616367896,0.25
2023-04-03,地产/建筑,8,-0.05860983571125515,0.625
2023-04-03,工业/制造,12,0.042109225973763875,0.25
2023-04-03,新能源/汽车,1,-0.0657894736842105,1.0
2023-04-03,消费/零售,21,0.009427318678487213,0.5714285714285714
2023-04-03,生物科技/医药,21,0.021947598217085036,0.5238095238095238
2023-04-03,金融,3,0.0005582137161084672,0.3333333333333333
2023-04-04,TMT/互联网,11,-0.010222449266952377,0.45454545454545453
2023-04-04,其他,8,-0.020900863616367896,0.25
2023-04-04,地产/建筑,8,-0.05860983571125515,0.625
2023-04-04,工业/制造,12,0.042109225973763875,0.25
2023-04-04,新能源/汽车,1,-0.0657894736842105,1.0
2023-04-04,消费/零售,21,0.009427318678487213,0.5714285714285714
2023-04-04,生物科技/医药,21,0.021947598217085036,0.5238095238095238
2023-04-04,金融,3,0.0005582137161084672,0.3333333333333333
2023-04-05,TMT/互联网,11,-0.010222449266952377,0.45454545454545453
2023-04-05,其他,8,-0.020900863616367896,0.25
2023-04-05,地产/建筑,8,-0.05860983571125515,0.625
2023-04-05,工业/制造,12,0.042109225973763875,0.25
2023-04-05,新能源/汽车,1,-0.0657894736842105,1.0
2023-04-05,消费/零售,21,0.009427318678487213,0.5714285714285714
2023-04-05,生物科技/医药,21,0.021947598217085036,0.5238095238095238
2023-04-05,金融,3,0.0005582137161084672,0.3333333333333333
2023-04-06,TMT/互联网,11,-0.010222449266952377,0.45454545454545453
2023-04-06,其他,8,-0.020900863616367896,0.25
2023-04-06,地产/建筑,8,-0.05860983571125515,0.625
2023-04-06,工业/制造,12,0.042109225973763875,0.25
2023-04-06,新能源/汽车,1,-0.0657894736842105,1.0
2023-04-06,消费/零售,21,0.009427318678487213,0.5714285714285714
2023-04-06,生物科技/医药,21,0.021947598217085036,0.5238095238095238
2023-04-06,金融,3,0.0005582137161084672,0.3333333333333333
2023-04-07,TMT/互联网,11,-0.010222449266952377,0.45454545454545453
2023-04-07,其他,8,-0.020900863616367896,0.25
2023-04-07,地产/建筑,8,-0.05860983571125515,0.625
2023-04-07,工业/制造,12,0.042109225973763875,0.25
2023-04-07,新能源/汽车,1,-0.0657894736842105,1.0
2023-04-07,消费/零售,21,0.009427318678487213,0.5714285714285714
2023-04-07,生物科技/医药,21,0.021947598217085036,0.5238095238095238
2023-04-07,金融,3,0.0005582137161084672,0.3333333333333333
2023-04-08,TMT/互联网,11,-0.010222449266952377,0.45454545454545453
2023-04-08,其他,8,-0.020900863616367896,0.25
2023-04-08,地产/建筑,8,-0.05860983571125515,0.625
2023-04-08,工业/制造,12,0.042109225973763875,0.25
2023-04-08,新能源/汽车,1,-0.0657894736842105,1.0
2023-04-08,消费/零售,21,0.009427318678487213,0.5714285714285714
2023-04-08,生物科技/医药,21,0.021947598217085036,0.5238095238095238
2023-04-08,金融,3,0.0005582137161084672,0.3333333333333333
2023-04-09,TMT/互联网,11,-0.010222449266952377,0.45454545454545453
2023-04-09,其他,8,-0.020900863616367896,0.25
2023-04-09,地产/建筑,8,-0.05860983571125515,0.625
2023-04-09,工业/制造,12,0.042109225973763875,0.25
2023-04-09,新能源/汽车,1,-0.0657894736842105,1.0
2023-04-09,消费/零售,21,0.009427318678487213,0.5714285714285714
2023-04-09,生物科技/医药,21,0.021947598217085036,0.5238095238095238
2023-04-09,金融,3,0.0005582137161084672,0.3333333333333333
2023-04-10,TMT/互联网,11,-0.010222449266952377,0.45454545454545453
2023-04-10,其他,8,-0.020900863616367896,0.25
2023-04-10,地产/建筑,8,-0.05860983571125515,0.625
2023-04-10,工业/制造,12,0.042109225973763875,0.25
2023-04-10,新能源/汽车,1,-0.0657894736842105,1.0
2023-04-10,消费/零售,21,0.009427318678487213,0.5714285714285714
2023-04-10,生物科技/医药,21,0.021947598217085036,0.5238095238095238
2023-04-10,金融,3,0.0005582137161084672,0.3333333333333333
2023-04-11,TMT/互联网,11,-0.010222449266952377,0.45454545454545453
2023-04-11,其他,8,-0.020900863616367896,0.25
2023-04-11,地产/建筑,8,-0.05860983571125515,0.625
2023-04-11,工业/制造,12,0.042109225973763875,0.25
2023-04-11,新能源/汽车,1,-0.0657894736842105,1.0
2023-04-11,消费/零售,21,0.009427318678487213,0.5714285714285714
2023-04-11,生物科技/医药,21,0.021947598217085036,0.5238095238095238
2023-04-11,金融,3,0.0005582137161084672,0.3333333333333333
2023-04-12,TMT/互联网,11,-0.010222449266952377,0.45454545454545453
2023-04-12,其他,8,-0.020900863616367896,0.25
2023-04-12,地产/建筑,8,-0.05860983571125515,0.625
2023-04-12,工业/制造,12,0.042109225973763875,0.25
2023-04-12,新能源/汽车,1,-0.0657894736842105,1.0
2023-04-12,消费/零售,21,0.009427318678487213,0.5714285714285714
2023-04-12,生物科技/医药,21,0.021947598217085036,0.5238095238095238
2023-04-12,金融,3,0.0005582137161084672,0.3333333333333333
2023-04-13,TMT/互联网,12,-0.019224182098309946,0.5
2023-04-13,其他,8,-0.020900863616367896,0.25
2023-04-13,地产/建筑,8,-0.05860983571125515,0.625
2023-04-13,工业/制造,12,0.042109225973763875,0.25
2023-04-13,新能源/汽车,1,-0.0657894736842105,1.0
2023-04-13,消费/零售,21,0.009427318678487213,0.5714285714285714
2023-04-13,生物科技/医药,21,0.021947598217085036,0.5238095238095238
2023-04-13,金融,3,0.0005582137161084672,0.3333333333333333
2023-04-14,TMT/互联网,12,-0.019224182098309946,0.5
2023-04-14,其他,8,-0.020900863616367896,0.25
2023-04-14,地产/建筑,8,-0.05860983571125515,0.625
2023-04-14,工业/制造,12,0.042109225973763875,0.25
2023-04-14,新能源/汽车,1,-0.0657894736842105,1.0
2023-04-14,消费/零售,21,0.009427318678487213,0.5714285714285714
2023-04-14,生物科技/医药,21,0.021947598217085036,0.5238095238095238
2023-04-14,金融,3,0.0005582137161084672,0.3333333333333333
2023-04-15,TMT/互联网,12,-0.019224182098309946,0.5
2023-04-15,其他,8,-0.020900863616367896,0.25
2023-04-15,地产/建筑,8,-0.05860983571125515,0.625
2023-04-15,工业/制造,12,0.042109225973763875,0.25
2023-04-15,新能源/汽车,1,-0.0657894736842105,1.0
2023-04-15,消费/零售,21,0.009427318678487213,0.5714285714285714
2023-04-15,生物科技/医药,21,0.021947598217085036,0.5238095238095238
2023-04-15,金融,3,0.0005582137161084672,0.3333333333333333
2023-04-16,TMT/互联网,12,-0.019224182098309946,0.5
2023-04-16,其他,8,-0.020900863616367896,0.25
2023-04-16,地产/建筑,8,-0.05860983571125515,0.625
2023-04-16,工业/制造,12,0.042109225973763875,0.25
2023-04-16,新能源/汽车,1,-0.0657894736842105,1.0
2023-04-16,消费/零售,21,0.009427318678487213,0.5714285714285714
2023-04-16,生物科技/医药,21,0.021947598217085036,0.5238095238095238
2023-04-16,金融,3,0.0005582137161084672,0.3333333333333333
2023-04-17,TMT/互联网,12,-0.019224182098309946,0.5
2023-04-17,其他,8,-0.020900863616367896,0.25
2023-04-17,地产/建筑,8,-0.05860983571125515,0.625
2023-04-17,工业/制造,12,0.042109225973763875,0.25
2023-04-17,新能源/汽车,1,-0.0657894736842105,1.0
2023-04-17,消费/零售,21,0.009427318678487213,0.5714285714285714
2023-04-17,生物科技/医药,21,0.021947598217085036,0.5238095238095238
2023-04-17,金融,3,0.0005582137161084672,0.3333333333333333
2023-04-18,TMT/互联网,12,-0.019224182098309946,0.5
2023-04-18,其他,8,-0.020900863616367896,0.25
2023-04-18,地产/建筑,8,-0.05860983571125515,0.625
2023-04-18,工业/制造,12,0.042109225973763875,0.25
2023-04-18,新能源/汽车,1,-0.0657894736842105,1.0
2023-04-18,消费/零售,21,0.009427318678487213,0.5714285714285714
2023-04-18,生物科技/医药,21,0.021947598217085036,0.5238095238095238
2023-04-18,金融,3,0.0005582137161084672,0.3333333333333333
2023-04-19,TMT/互联网,12,-0.019224182098309946,0.5
2023-04-19,其他,8,-0.020900863616367896,0.25
2023-04-19,地产/建筑,8,-0.05860983571125515,0.625
2023-04-19,工业/制造,12,0.042109225973763875,0.25
2023-04-19,新能源/汽车,1,-0.0657894736842105,1.0
2023-04-19,消费/零售,21,0.009427318678487213,0.5714285714285714
2023-04-19,生物科技/医药,21,0.021947598217085036,0.5238095238095238
2023-04-19,金融,3,0.0005582137161084672,0.3333333333333333
2023-04-20,TMT/互联网,12,-0.019224182098309946,0.5
2023-04-20,其他,8,-0.020900863616367896,0.25
2023-04-20,地产/建筑,8,-0.05860983571125515,0.625
2023-04-20,工业/制造,12,0.042109225973763875,0.25
2023-04-20,新能源/汽车,1,-0.0657894736842105,1.0
2023-04-20,消费/零售,21,0.009427318678487213,0.5714285714285714
2023-04-20,生物科技/医药,21,0.021947598217085036,0.5238095238095238
2023-04-20,金融,3,0.0005582137161084672,0.3333333333333333
2023-04-21,TMT/互联网,12,-0.019224182098309946,0.5
2023-04-21,其他,8,-0.020900863616367896,0.25
2023-04-21,地产/建筑,8,-0.05860983571125515,0.625
2023-04-21,工业/制造,12,0.042109225973763875,0.25
2023-04-21,新能源/汽车,1,-0.0657894736842105,1.0
2023-04-21,消费/零售,21,0.009427318678487213,0.5714285714285714
2023-04-21,生物科技/医药,21,0.021947598217085036,0.5238095238095238
2023-04-21,金融,3,0.0005582137161084672,0.3333333333333333
2023-04-22,TMT/互联网,12,-0.019224182098309946,0.5
2023-04-22,其他,8,-0.020900863616367896,0.25
2023-04-22,地产/建筑,8,-0.05860983571125515,0.625
2023-04-22,工业/制造,12,0.042109225973763875,0.25
2023-04-22,新能源/汽车,1,-0.0657894736842105,1.0
2023-04-22,消费/零售,20,0.010800488219625993,0.55
2023-04-22,生物科技/医药,21,0.021947598217085036,0.5238095238095238
2023-04-22,金融,3,0.0005582137161084672,0.3333333333333333
2023-04-23,TMT/互联网,12,-0.019224182098309946,0.5
2023-04-23,其他,8,-0.020900863616367896,0.25
2023-04-23,地产/建筑,8,-0.05860983571125515,0.625
2023-04-23,工业/制造,12,0.042109225973763875,0.25
2023-04-23,新能源/汽车,1,-0.0657894736842105,1.0
2023-04-23,消费/零售,20,0.010800488219625993,0.55
2023-04-23,生物科技/医药,21,0.021947598217085036,0.5238095238095238
2023-04-23,金融,3,0.0005582137161084672,0.3333333333333333
2023-04-24,TMT/互联网,12,-0.019224182098309946,0.5
2023-04-24,其他,8,-0.020900863616367896,0.25
2023-04-24,地产/建筑,8,-0.05860983571125515,0.625
2023-04-24,工业/制造,12,0.042109225973763875,0.25
2023-04-24,新能源/汽车,1,-0.0657894736842105,1.0
2023-04-24,消费/零售,20,0.010800488219625993,0.55
2023-04-24,生物科技/医药,21,0.021947598217085036,0.5238095238095238
2023-04-24,金融,3,0.0005582137161084672,0.3333333333333333
2023-04-25,TMT/互联网,12,-0.019224182098309946,0.5
2023-04-25,其他,8,-0.020900863616367896,0.25
2023-04-25,地产/建筑,8,-0.05860983571125515,0.625
2023-04-25,工业/制造,12,0.042109225973763875,0.25
2023-04-25,新能源/汽车,1,-0.0657894736842105,1.0
2023-04-25,消费/零售,20,0.010800488219625993,0.55
2023-04-25,生物科技/医药,21,0.021947598217085036,0.5238095238095238
2023-04-25,金融,3,0.0005582137161084672,0.3333333333333333
2023-04-26,TMT/互联网,12,-0.019224182098309946,0.5
2023-04-26,其他,8,-0.020900863616367896,0.25
2023-04-26,地产/建筑,8,-0.05860983571125515,0.625
2023-04-26,工业/制造,12,0.042109225973763875,0.25
2023-04-26,新能源/汽车,1,-0.0657894736842105,1.0
2023-04-26,消费/零售,20,0.010800488219625993,0.55
2023-04-26,生物科技/医药,21,0.021947598217085036,0.5238095238095238
2023-04-26,金融,3,0.0005582137161084672,0.3333333333333333
2023-04-27,TMT/互联网,12,-0.019224182098309946,0.5
2023-04-27,其他,8,-0.020900863616367896,0.25
2023-04-27,地产/建筑,8,-0.05860983571125515,0.625
2023-04-27,工业/制造,12,0.042109225973763875,0.25
2023-04-27,新能源/汽车,1,-0.0657894736842105,1.0
2023-04-27,消费/零售,21,0.009651258621866032,0.5714285714285714
2023-04-27,生物科技/医药,22,0.02274761750716617,0.5
2023-04-27,金融,3,0.0005582137161084672,0.3333333333333333
2023-04-28,TMT/互联网,12,-0.019224182098309946,0.5
2023-04-28,其他,8,-0.020900863616367896,0.25
2023-04-28,地产/建筑,8,-0.05860983571125515,0.625
2023-04-28,工业/制造,12,0.042109225973763875,0.25
2023-04-28,新能源/汽车,1,-0.0657894736842105,1.0
2023-04-28,消费/零售,21,0.009651258621866032,0.5714285714285714
2023-04-28,生物科技/医药,22,0.02274761750716617,0.5
2023-04-28,金融,3,0.0005582137161084672,0.3333333333333333
2023-04-29,TMT/互联网,12,-0.019224182098309946,0.5
2023-04-29,其他,8,-0.020900863616367896,0.25
2023-04-29,地产/建筑,7,-0.06698266938429158,0.7142857142857143
2023-04-29,工业/制造,12,0.042109225973763875,0.25
2023-04-29,新能源/汽车,1,-0.0657894736842105,1.0
2023-04-29,消费/零售,21,0.009651258621866032,0.5714285714285714
2023-04-29,生物科技/医药,22,0.02274761750716617,0.5
2023-04-29,金融,3,0.0005582137161084672,0.3333333333333333
2023-04-30,TMT/互联网,12,-0.019224182098309946,0.5
2023-04-30,其他,8,-0.020900863616367896,0.25
2023-04-30,地产/建筑,7,-0.06698266938429158,0.7142857142857143
2023-04-30,工业/制造,12,0.042109225973763875,0.25
2023-04-30,新能源/汽车,1,-0.0657894736842105,1.0
2023-04-30,消费/零售,21,0.009651258621866032,0.5714285714285714
2023-04-30,生物科技/医药,22,0.02274761750716617,0.5
2023-04-30,金融,3,0.0005582137161084672,0.3333333333333333
2023-05-01,TMT/互联网,12,-0.019224182098309946,0.5
2023-05-01,其他,8,-0.020900863616367896,0.25
2023-05-01,地产/建筑,7,-0.06698266938429158,0.7142857142857143
2023-05-01,工业/制造,12,0.042109225973763875,0.25
2023-05-01,新能源/汽车,1,-0.0657894736842105,1.0
2023-05-01,消费/零售,21,0.009651258621866032,0.5714285714285714
2023-05-01,生物科技/医药,22,0.02274761750716617,0.5
2023-05-01,金融,3,0.0005582137161084672,0.3333333333333333
2023-05-02,TMT/互联网,12,-0.019224182098309946,0.5
2023-05-02,其他,8,-0.020900863616367896,0.25
2023-05-02,地产/建筑,7,-0.06698266938429158,0.7142857142857143
2023-05-02,工业/制造,12,0.042109225973763875,0.25
2023-05-02,新能源/汽车,1,-0.0657894736842105,1.0
2023-05-02,消费/零售,21,0.009651258621866032,0.5714285714285714
2023-05-02,生物科技/医药,22,0.02274761750716617,0.5
2023-05-02,金融,3,0.0005582137161084672,0.3333333333333333
2023-05-03,TMT/互联网,12,-0.019224182098309946,0.5
2023-05-03,其他,8,-0.020900863616367896,0.25
2023-05-03,地产/建筑,7,-0.06698266938429158,0.7142857142857143
2023-05-03,工业/制造,12,0.042109225973763875,0.25
2023-05-03,新能源/汽车,1,-0.0657894736842105,1.0
2023-05-03,消费/零售,21,0.009651258621866032,0.5714285714285714
2023-05-03,生物科技/医药,22,0.02274761750716617,0.5
2023-05-03,金融,3,0.0005582137161084672,0.3333333333333333
2023-05-04,TMT/互联网,12,-0.019224182098309946,0.5
2023-05-04,其他,8,-0.020900863616367896,0.25
2023-05-04,地产/建筑,7,-0.06698266938429158,0.7142857142857143
2023-05-04,工业/制造,12,0.042109225973763875,0.25
2023-05-04,新能源/汽车,1,-0.0657894736842105,1.0
2023-05-04,消费/零售,21,0.009651258621866032,0.5714285714285714
2023-05-04,生物科技/医药,22,0.02274761750716617,0.5
2023-05-04,金融,3,0.0005582137161084672,0.3333333333333333
2023-05-05,TMT/互联网,12,-0.019224182098309946,0.5
2023-05-05,其他,8,-0.020900863616367896,0.25
2023-05-05,地产/建筑,7,-0.06698266938429158,0.7142857142857143
2023-05-05,工业/制造,12,0.042109225973763875,0.25
2023-05-05,新能源/汽车,1,-0.0657894736842105,1.0
2023-05-05,消费/零售,21,0.009651258621866032,0.5714285714285714
2023-05-05,生物科技/医药,22,0.02274761750716617,0.5
2023-05-05,金融,3,0.0005582137161084672,0.3333333333333333
2023-05-06,TMT/互联网,12,-0.019224182098309946,0.5
2023-05-06,其他,8,-0.020900863616367896,0.25
2023-05-06,地产/建筑,7,-0.06698266938429158,0.7142857142857143
2023-05-06,工业/制造,12,0.042109225973763875,0.25
2023-05-06,新能源/汽车,1,-0.0657894736842105,1.0
2023-05-06,消费/零售,21,0.009651258621866032,0.5714285714285714
2023-05-06,生物科技/医药,22,0.02274761750716617,0.5
2023-05-06,金融,3,0.0005582137161084672,0.3333333333333333
2023-05-07,TMT/互联网,12,-0.019224182098309946,0.5
2023-05-07,其他,8,-0.020900863616367896,0.25
2023-05-07,地产/建筑,7,-0.06698266938429158,0.7142857142857143
2023-05-07,工业/制造,12,0.042109225973763875,0.25
2023-05-07,新能源/汽车,1,-0.0657894736842105,1.0
2023-05-07,消费/零售,21,0.009651258621866032,0.5714285714285714
2023-05-07,生物科技/医药,22,0.02274761750716617,0.5
2023-05-07,金融,3,0.0005582137161084672,0.3333333333333333
2023-05-08,TMT/互联网,12,-0.019224182098309946,0.5
2023-05-08,其他,8,-0.020900863616367896,0.25
2023-05-08,地产/建筑,7,-0.06698266938429158,0.7142857142857143
2023-05-08,工业/制造,12,0.042109225973763875,0.25
2023-05-08,新能源/汽车,1,-0.0657894736842105,1.0
2023-05-08,消费/零售,21,0.009651258621866032,0.5714285714285714
2023-05-08,生物科技/医药,23,0.00864609928566757,0.5217391304347826
2023-05-08,金融,3,0.0005582137161084672,0.3333333333333333
2023-05-09,TMT/互联网,12,-0.019224182098309946,0.5
2023-05-09,其他,8,-0.020900863616367896,0.25
2023-05-09,地产/建筑,8,-0.04280523801010572,0.625
2023-05-09,工业/制造,12,0.042109225973763875,0.25
2023-05-09,新能源/汽车,1,-0.0657894736842105,1.0
2023-05-09,消费/零售,21,0.009651258621866032,0.5714285714285714
2023-05-09,生物科技/医药,23,0.00864609928566757,0.5217391304347826
2023-05-09,金融,3,0.0005582137161084672,0.3333333333333333
2023-05-10,TMT/互联网,12,-0.019224182098309946,0.5
2023-05-10,其他,8,-0.020900863616367896,0.25
2023-05-10,地产/建筑,8,-0.04280523801010572,0.625
2023-05-10,工业/制造,12,0.042109225973763875,0.25
2023-05-10,新能源/汽车,1,-0.0657894736842105,1.0
2023-05-10,消费/零售,21,0.009651258621866032,0.5714285714285714
2023-05-10,生物科技/医药,23,0.00864609928566757,0.5217391304347826
2023-05-10,金融,3,0.0005582137161084672,0.3333333333333333
2023-05-11,TMT/互联网,12,-0.019224182098309946,0.5
2023-05-11,其他,8,-0.020900863616367896,0.25
2023-05-11,地产/建筑,8,-0.04280523801010572,0.625
2023-05-11,工业/制造,12,0.042109225973763875,0.25
2023-05-11,新能源/汽车,1,-0.0657894736842105,1.0
2023-05-11,消费/零售,22,-0.0013206517350719338,0.5909090909090909
2023-05-11,生物科技/医药,23,0.00864609928566757,0.5217391304347826
2023-05-11,金融,3,0.0005582137161084672,0.3333333333333333
2023-05-12,TMT/互联网,12,-0.019224182098309946,0.5
2023-05-12,其他,8,-0.020900863616367896,0.25
2023-05-12,地产/建筑,8,-0.04280523801010572,0.625
2023-05-12,工业/制造,12,0.042109225973763875,0.25
2023-05-12,新能源/汽车,1,-0.0657894736842105,1.0
2023-05-12,消费/零售,22,-0.0013206517350719338,0.5909090909090909
2023-05-12,生物科技/医药,23,0.00864609928566757,0.5217391304347826
2023-05-12,金融,3,0.0005582137161084672,0.3333333333333333
2023-05-13,TMT/互联网,12,-0.019224182098309946,0.5
2023-05-13,其他,8,-0.020900863616367896,0.25
2023-05-13,地产/建筑,8,-0.04280523801010572,0.625
2023-05-13,工业/制造,12,0.042109225973763875,0.25
2023-05-13,新能源/汽车,1,-0.0657894736842105,1.0
2023-05-13,消费/零售,22,-0.0013206517350719338,0.5909090909090909
2023-05-13,生物科技/医药,23,0.00864609928566757,0.5217391304347826
2023-05-13,金融,3,0.0005582137161084672,0.3333333333333333
2023-05-14,TMT/互联网,12,-0.019224182098309946,0.5
2023-05-14,其他,8,-0.020900863616367896,0.25
2023-05-14,地产/建筑,8,-0.04280523801010572,0.625
2023-05-14,工业/制造,12,0.042109225973763875,0.25
2023-05-14,新能源/汽车,1,-0.0657894736842105,1.0
2023-05-14,消费/零售,22,-0.0013206517350719338,0.5909090909090909
2023-05-14,生物科技/医药,23,0.00864609928566757,0.5217391304347826
2023-05-14,金融,3,0.0005582137161084672,0.3333333333333333
2023-05-15,TMT/互联网,12,-0.019224182098309946,0.5
2023-05-15,其他,8,-0.020900863616367896,0.25
2023-05-15,地产/建筑,8,-0.04280523801010572,0.625
2023-05-15,工业/制造,12,0.042109225973763875,0.25
2023-05-15,新能源/汽车,1,-0.0657894736842105,1.0
2023-05-15,消费/零售,22,-0.0013206517350719338,0.5909090909090909
2023-05-15,生物科技/医药,23,0.00864609928566757,0.5217391304347826
2023-05-15,金融,3,0.0005582137161084672,0.3333333333333333
2023-05-16,TMT/互联网,12,-0.019224182098309946,0.5
2023-05-16,其他,8,-0.020900863616367896,0.25
2023-05-16,地产/建筑,8,-0.04280523801010572,0.625
2023-05-16,工业/制造,12,0.042109225973763875,0.25
2023-05-16,新能源/汽车,1,-0.0657894736842105,1.0
2023-05-16,消费/零售,22,-0.0013206517350719338,0.5909090909090909
2023-05-16,生物科技/医药,23,0.00864609928566757,0.5217391304347826
2023-05-16,金融,3,0.0005582137161084672,0.3333333333333333
2023-05-17,TMT/互联网,12,-0.019224182098309946,0.5
2023-05-17,其他,8,-0.020900863616367896,0.25
2023-05-17,地产/建筑,8,-0.04280523801010572,0.625
2023-05-17,工业/制造,12,0.042109225973763875,0.25
2023-05-17,新能源/汽车,1,-0.0657894736842105,1.0
2023-05-17,消费/零售,22,-0.0013206517350719338,0.5909090909090909
2023-05-17,生物科技/医药,23,0.00864609928566757,0.5217391304347826
2023-05-17,金融,3,0.0005582137161084672,0.3333333333333333
2023-05-18,TMT/互联网,12,-0.019224182098309946,0.5
2023-05-18,其他,8,-0.020900863616367896,0.25
2023-05-18,地产/建筑,8,-0.04280523801010572,0.625
2023-05-18,工业/制造,12,0.042109225973763875,0.25
2023-05-18,新能源/汽车,1,-0.0657894736842105,1.0
2023-05-18,消费/零售,22,-0.0013206517350719338,0.5909090909090909
2023-05-18,生物科技/医药,22,0.005524874048681269,0.5454545454545454
2023-05-18,金融,3,0.0005582137161084672,0.3333333333333333
2023-05-19,TMT/互联网,12,-0.019224182098309946,0.5
2023-05-19,其他,8,-0.020900863616367896,0.25
2023-05-19,地产/建筑,8,-0.04280523801010572,0.625
2023-05-19,工业/制造,12,0.042109225973763875,0.25
2023-05-19,新能源/汽车,1,-0.0657894736842105,1.0
2023-05-19,消费/零售,22,-0.0013206517350719338,0.5909090909090909
2023-05-19,生物科技/医药,22,0.005524874048681269,0.5454545454545454
2023-05-19,金融,3,0.0005582137161084672,0.3333333333333333
2023-05-20,TMT/互联网,12,-0.019224182098309946,0.5
2023-05-20,其他,8,-0.020900863616367896,0.25
2023-05-20,地产/建筑,8,-0.04280523801010572,0.625
2023-05-20,工业/制造,12,0.042109225973763875,0.25
2023-05-20,新能源/汽车,1,-0.0657894736842105,1.0
2023-05-20,消费/零售,22,-0.0013206517350719338,0.5909090909090909
2023-05-20,生物科技/医药,22,0.005524874048681269,0.5454545454545454
2023-05-20,金融,3,0.0005582137161084672,0.3333333333333333
2023-05-21,TMT/互联网,12,-0.019224182098309946,0.5
2023-05-21,其他,8,-0.020900863616367896,0.25
2023-05-21,地产/建筑,8,-0.04280523801010572,0.625
2023-05-21,工业/制造,12,0.042109225973763875,0.25
2023-05-21,新能源/汽车,1,-0.0657894736842105,1.0
2023-05-21,消费/零售,22,-0.0013206517350719338,0.5909090909090909
2023-05-21,生物科技/医药,22,0.005524874048681269,0.5454545454545454
2023-05-21,金融,3,0.0005582137161084672,0.3333333333333333
2023-05-22,TMT/互联网,12,-0.019224182098309946,0.5
2023-05-22,其他,8,-0.020900863616367896,0.25
2023-05-22,地产/建筑,8,-0.04280523801010572,0.625
2023-05-22,工业/制造,12,0.042109225973763875,0.25
2023-05-22,新能源/汽车,1,-0.0657894736842105,1.0
2023-05-22,消费/零售,22,-0.0013206517350719338,0.5909090909090909
2023-05-22,生物科技/医药,22,0.005524874048681269,0.5454545454545454
2023-05-22,金融,3,0.0005582137161084672,0.3333333333333333
2023-05-23,TMT/互联网,12,-0.019224182098309946,0.5
2023-05-23,其他,8,-0.020900863616367896,0.25
2023-05-23,地产/建筑,8,-0.04280523801010572,0.625
2023-05-23,工业/制造,12,0.042109225973763875,0.25
2023-05-23,新能源/汽车,1,-0.0657894736842105,1.0
2023-05-23,消费/零售,22,-0.0013206517350719338,0.5909090909090909
2023-05-23,生物科技/医药,22,0.005524874048681269,0.5454545454545454
2023-05-23,金融,3,0.0005582137161084672,0.3333333333333333
2023-05-24,TMT/互联网,12,-0.019224182098309946,0.5
2023-05-24,其他,8,-0.020900863616367896,0.25
2023-05-24,地产/建筑,8,-0.04280523801010572,0.625
2023-05-24,工业/制造,12,0.042109225973763875,0.25
2023-05-24,新能源/汽车,1,-0.0657894736842105,1.0
2023-05-24,消费/零售,22,-0.0013206517350719338,0.5909090909090909
2023-05-24,生物科技/医药,22,0.005524874048681269,0.5454545454545454
2023-05-24,金融,3,0.0005582137161084672,0.3333333333333333
2023-05-25,TMT/互联网,13,-0.014330209398277326,0.46153846153846156
2023-05-25,其他,8,-0.020900863616367896,0.25
2023-05-25,地产/建筑,8,-0.04280523801010572,0.625
2023-05-25,工业/制造,13,0.03769025295171409,0.3076923076923077
2023-05-25,新能源/汽车,1,-0.0657894736842105,1.0
2023-05-25,消费/零售,22,-0.0013206517350719338,0.5909090909090909
2023-05-25,生物科技/医药,22,0.005524874048681269,0.5454545454545454
2023-05-25,金融,3,0.0005582137161084672,0.3333333333333333
2023-05-26,TMT/互联网,13,-0.014330209398277326,0.46153846153846156
2023-05-26,其他,8,-0.020900863616367896,0.25
2023-05-26,地产/建筑,8,-0.04280523801010572,0.625
2023-05-26,工业/制造,13,0.03769025295171409,0.3076923076923077
2023-05-26,新能源/汽车,1,-0.0657894736842105,1.0
2023-05-26,消费/零售,22,-0.0013206517350719338,0.5909090909090909
2023-05-26,生物科技/医药,22,0.005524874048681269,0.5454545454545454
2023-05-26,金融,3,0.0005582137161084672,0.3333333333333333
2023-05-27,TMT/互联网,13,-0.014330209398277326,0.46153846153846156
2023-05-27,其他,8,-0.020900863616367896,0.25
2023-05-27,地产/建筑,8,-0.04280523801010572,0.625
2023-05-27,工业/制造,13,0.03769025295171409,0.3076923076923077
2023-05-27,新能源/汽车,1,-0.0657894736842105,1.0
2023-05-27,消费/零售,22,-0.0013206517350719338,0.5909090909090909
2023-05-27,生物科技/医药,22,0.005524874048681269,0.5454545454545454
2023-05-27,金融,3,0.0005582137161084672,0.3333333333333333
2023-05-28,TMT/互联网,13,-0.014330209398277326,0.46153846153846156
2023-05-28,其他,8,-0.020900863616367896,0.25
2023-05-28,地产/建筑,8,-0.04280523801010572,0.625
2023-05-28,工业/制造,13,0.03769025295171409,0.3076923076923077
2023-05-28,新能源/汽车,1,-0.0657894736842105,1.0
2023-05-28,消费/零售,22,-0.0013206517350719338,0.5909090909090909
2023-05-28,生物科技/医药,22,0.005524874048681269,0.5454545454545454
2023-05-28,金融,3,0.0005582137161084672,0.3333333333333333
2023-05-29,TMT/互联网,13,-0.014330209398277326,0.46153846153846156
2023-05-29,其他,8,-0.020900863616367896,0.25
2023-05-29,地产/建筑,8,-0.04280523801010572,0.625
2023-05-29,工业/制造,13,0.03769025295171409,0.3076923076923077
2023-05-29,新能源/汽车,1,-0.0657894736842105,1.0
2023-05-29,消费/零售,22,-0.0013206517350719338,0.5909090909090909
2023-05-29,生物科技/医药,22,0.005524874048681269,0.5454545454545454
2023-05-29,金融,3,0.0005582137161084672,0.3333333333333333
2023-05-30,TMT/互联网,13,-0.014330209398277326,0.46153846153846156
2023-05-30,其他,8,-0.020900863616367896,0.25
2023-05-30,地产/建筑,8,-0.04280523801010572,0.625
2023-05-30,工业/制造,13,0.03769025295171409,0.3076923076923077
2023-05-30,新能源/汽车,1,-0.0657894736842105,1.0
2023-05-30,消费/零售,22,-0.0013206517350719338,0.5909090909090909
2023-05-30,生物科技/医药,22,0.005524874048681269,0.5454545454545454
2023-05-30,金融,3,0.0005582137161084672,0.3333333333333333
2023-05-31,TMT/互联网,13,-0.014330209398277326,0.46153846153846156
2023-05-31,其他,8,-0.020900863616367896,0.25
2023-05-31,地产/建筑,8,-0.04280523801010572,0.625
2023-05-31,工业/制造,13,0.03769025295171409,0.3076923076923077
2023-05-31,新能源/汽车,1,-0.0657894736842105,1.0
2023-05-31,消费/零售,22,-0.0013206517350719338,0.5909090909090909
2023-05-31,生物科技/医药,22,0.005524874048681269,0.5454545454545454
2023-05-31,金融,3,0.0005582137161084672,0.3333333333333333
2023-06-01,TMT/互联网,13,-0.014330209398277326,0.46153846153846156
2023-06-01,其他,8,-0.020900863616367896,0.25
2023-06-01,地产/建筑,8,-0.04280523801010572,0.625
2023-06-01,工业/制造,13,0.03769025295171409,0.3076923076923077
2023-06-01,新能源/汽车,1,-0.0657894736842105,1.0
2023-06-01,消费/零售,22,-0.0013206517350719338,0.5909090909090909
2023-06-01,生物科技/医药,22,0.005524874048681269,0.5454545454545454
2023-06-01,金融,3,0.0005582137161084672,0.3333333333333333
2023-06-02,TMT/互联网,13,-0.014330209398277326,0.46153846153846156
2023-06-02,其他,8,-0.020900863616367896,0.25
2023-06-02,地产/建筑,8,-0.04280523801010572,0.625
2023-06-02,工业/制造,13,0.03769025295171409,0.3076923076923077
2023-06-02,新能源/汽车,1,-0.0657894736842105,1.0
2023-06-02,消费/零售,22,-0.0013206517350719338,0.5909090909090909
2023-06-02,生物科技/医药,22,0.005524874048681269,0.5454545454545454
2023-06-02,金融,3,0.0005582137161084672,0.3333333333333333
2023-06-03,TMT/互联网,13,-0.014330209398277326,0.46153846153846156
2023-06-03,其他,8,-0.020900863616367896,0.25
2023-06-03,地产/建筑,8,-0.04280523801010572,0.625
2023-06-03,工业/制造,13,0.03769025295171409,0.3076923076923077
2023-06-03,新能源/汽车,1,-0.0657894736842105,1.0
2023-06-03,消费/零售,22,-0.0013206517350719338,0.5909090909090909
2023-06-03,生物科技/医药,22,0.005524874048681269,0.5454545454545454
2023-06-03,金融,3,0.0005582137161084672,0.3333333333333333
2023-06-04,TMT/互联网,13,-0.014330209398277326,0.46153846153846156
2023-06-04,其他,8,-0.020900863616367896,0.25
2023-06-04,地产/建筑,8,-0.04280523801010572,0.625
2023-06-04,工业/制造,13,0.03769025295171409,0.3076923076923077
2023-06-04,新能源/汽车,1,-0.0657894736842105,1.0
2023-06-04,消费/零售,22,-0.0013206517350719338,0.5909090909090909
2023-06-04,生物科技/医药,22,0.005524874048681269,0.5454545454545454
2023-06-04,金融,3,0.0005582137161084672,0.3333333333333333
2023-06-05,TMT/互联网,13,-0.014330209398277326,0.46153846153846156
2023-06-05,其他,8,-0.020900863616367896,0.25
2023-06-05,地产/建筑,8,-0.04280523801010572,0.625
2023-06-05,工业/制造,13,0.03769025295171409,0.3076923076923077
2023-06-05,新能源/汽车,1,-0.0657894736842105,1.0
2023-06-05,消费/零售,22,-0.0013206517350719338,0.5909090909090909
2023-06-05,生物科技/医药,22,0.005524874048681269,0.5454545454545454
2023-06-05,金融,3,0.0005582137161084672,0.3333333333333333
2023-06-06,TMT/互联网,13,-0.014330209398277326,0.46153846153846156
2023-06-06,其他,8,-0.020900863616367896,0.25
2023-06-06,地产/建筑,8,-0.04280523801010572,0.625
2023-06-06,工业/制造,13,0.03769025295171409,0.3076923076923077
2023-06-06,新能源/汽车,1,-0.0657894736842105,1.0
2023-06-06,消费/零售,22,-0.0013206517350719338,0.5909090909090909
2023-06-06,生物科技/医药,22,0.005524874048681269,0.5454545454545454
2023-06-06,金融,3,0.0005582137161084672,0.3333333333333333
2023-06-07,TMT/互联网,13,-0.014330209398277326,0.46153846153846156
2023-06-07,其他,8,-0.020900863616367896,0.25
2023-06-07,地产/建筑,8,-0.04280523801010572,0.625
2023-06-07,工业/制造,13,0.03769025295171409,0.3076923076923077
2023-06-07,新能源/汽车,1,-0.0657894736842105,1.0
2023-06-07,消费/零售,22,-0.0013206517350719338,0.5909090909090909
2023-06-07,生物科技/医药,22,0.005524874048681269,0.5454545454545454
2023-06-07,金融,3,0.0005582137161084672,0.3333333333333333
2023-06-08,TMT/互联网,13,-0.014330209398277326,0.46153846153846156
2023-06-08,其他,8,-0.020900863616367896,0.25
2023-06-08,地产/建筑,8,-0.04280523801010572,0.625
2023-06-08,工业/制造,13,0.03769025295171409,0.3076923076923077
2023-06-08,新能源/汽车,1,-0.0657894736842105,1.0
2023-06-08,消费/零售,22,-0.0013206517350719338,0.5909090909090909
2023-06-08,生物科技/医药,22,0.005524874048681269,0.5454545454545454
2023-06-08,金融,3,0.0005582137161084672,0.3333333333333333
2023-06-09,TMT/互联网,13,-0.014330209398277326,0.46153846153846156
2023-06-09,其他,8,-0.020900863616367896,0.25
2023-06-09,地产/建筑,8,-0.04280523801010572,0.625
2023-06-09,工业/制造,13,0.03769025295171409,0.3076923076923077
2023-06-09,新能源/汽车,1,-0.0657894736842105,1.0
2023-06-09,消费/零售,22,-0.0013206517350719338,0.5909090909090909
2023-06-09,生物科技/医药,22,0.005524874048681269,0.5454545454545454
2023-06-09,金融,3,0.0005582137161084672,0.3333333333333333
2023-06-10,TMT/互联网,13,-0.014330209398277326,0.46153846153846156
2023-06-10,其他,8,-0.020900863616367896,0.25
2023-06-10,地产/建筑,8,-0.04280523801010572,0.625
2023-06-10,工业/制造,13,0.03769025295171409,0.3076923076923077
2023-06-10,新能源/汽车,1,-0.0657894736842105,1.0
2023-06-10,消费/零售,21,0.0023758585833080943,0.5714285714285714
2023-06-10,生物科技/医药,22,0.005524874048681269,0.5454545454545454
2023-06-10,金融,3,0.0005582137161084672,0.3333333333333333
2023-06-11,TMT/互联网,13,-0.014330209398277326,0.46153846153846156
2023-06-11,其他,8,-0.020900863616367896,0.25
2023-06-11,地产/建筑,8,-0.04280523801010572,0.625
2023-06-11,工业/制造,13,0.03769025295171409,0.3076923076923077
2023-06-11,新能源/汽车,1,-0.0657894736842105,1.0
2023-06-11,消费/零售,21,0.0023758585833080943,0.5714285714285714
2023-06-11,生物科技/医药,22,0.005524874048681269,0.5454545454545454
2023-06-11,金融,3,0.0005582137161084672,0.3333333333333333
2023-06-12,TMT/互联网,13,-0.014330209398277326,0.46153846153846156
2023-06-12,其他,8,-0.020900863616367896,0.25
2023-06-12,地产/建筑,8,-0.04280523801010572,0.625
2023-06-12,工业/制造,13,0.03769025295171409,0.3076923076923077
2023-06-12,新能源/汽车,1,-0.0657894736842105,1.0
2023-06-12,消费/零售,21,0.0023758585833080943,0.5714285714285714
2023-06-12,生物科技/医药,23,0.0055838244789539965,0.5217391304347826
2023-06-12,金融,3,0.0005582137161084672,0.3333333333333333
2023-06-13,TMT/互联网,13,-0.014330209398277326,0.46153846153846156
2023-06-13,其他,8,-0.020900863616367896,0.25
2023-06-13,地产/建筑,8,-0.04280523801010572,0.625
2023-06-13,工业/制造,13,0.03769025295171409,0.3076923076923077
2023-06-13,新能源/汽车,1,-0.0657894736842105,1.0
2023-06-13,消费/零售,21,0.0023758585833080943,0.5714285714285714
2023-06-13,生物科技/医药,23,0.0055838244789539965,0.5217391304347826
2023-06-13,金融,3,0.0005582137161084672,0.3333333333333333
2023-06-14,TMT/互联网,13,-0.014330209398277326,0.46153846153846156
2023-06-14,其他,8,-0.020900863616367896,0.25
2023-06-14,地产/建筑,8,-0.04280523801010572,0.625
2023-06-14,工业/制造,13,0.03769025295171409,0.3076923076923077
2023-06-14,新能源/汽车,1,-0.0657894736842105,1.0
2023-06-14,消费/零售,21,0.0023758585833080943,0.5714285714285714
2023-06-14,生物科技/医药,23,0.0055838244789539965,0.5217391304347826
2023-06-14,金融,3,0.0005582137161084672,0.3333333333333333
2023-06-15,TMT/互联网,13,-0.014330209398277326,0.46153846153846156
2023-06-15,其他,8,-0.020900863616367896,0.25
2023-06-15,地产/建筑,8,-0.04280523801010572,0.625
2023-06-15,工业/制造,13,0.03769025295171409,0.3076923076923077
2023-06-15,新能源/汽车,1,-0.0657894736842105,1.0
2023-06-15,消费/零售,21,0.0023758585833080943,0.5714285714285714
2023-06-15,生物科技/医药,23,0.0055838244789539965,0.5217391304347826
2023-06-15,金融,3,0.0005582137161084672,0.3333333333333333
2023-06-16,TMT/互联网,13,-0.014330209398277326,0.46153846153846156
2023-06-16,其他,8,-0.020900863616367896,0.25
2023-06-16,地产/建筑,8,-0.04280523801010572,0.625
2023-06-16,工业/制造,13,0.03769025295171409,0.3076923076923077
2023-06-16,新能源/汽车,1,-0.0657894736842105,1.0
2023-06-16,消费/零售,21,0.0023758585833080943,0.5714285714285714
2023-06-16,生物科技/医药,23,0.0055838244789539965,0.5217391304347826
2023-06-16,金融,3,0.0005582137161084672,0.3333333333333333
2023-06-17,TMT/互联网,13,-0.014330209398277326,0.46153846153846156
2023-06-17,其他,8,-0.020900863616367896,0.25
2023-06-17,地产/建筑,8,-0.04280523801010572,0.625
2023-06-17,工业/制造,13,0.03769025295171409,0.3076923076923077
2023-06-17,新能源/汽车,1,-0.0657894736842105,1.0
2023-06-17,消费/零售,21,0.0023758585833080943,0.5714285714285714
2023-06-17,生物科技/医药,23,0.0055838244789539965,0.5217391304347826
2023-06-17,金融,3,0.0005582137161084672,0.3333333333333333
2023-06-18,TMT/互联网,13,-0.014330209398277326,0.46153846153846156
2023-06-18,其他,8,-0.020900863616367896,0.25
2023-06-18,地产/建筑,8,-0.04280523801010572,0.625
2023-06-18,工业/制造,13,0.03769025295171409,0.3076923076923077
2023-06-18,新能源/汽车,1,-0.0657894736842105,1.0
2023-06-18,消费/零售,21,0.0023758585833080943,0.5714285714285714
2023-06-18,生物科技/医药,23,0.0055838244789539965,0.5217391304347826
2023-06-18,金融,3,0.0005582137161084672,0.3333333333333333
2023-06-19,TMT/互联网,13,-0.014330209398277326,0.46153846153846156
2023-06-19,其他,8,-0.020900863616367896,0.25
2023-06-19,地产/建筑,8,-0.04280523801010572,0.625
2023-06-19,工业/制造,13,0.03769025295171409,0.3076923076923077
2023-06-19,新能源/汽车,1,-0.0657894736842105,1.0
2023-06-19,消费/零售,21,0.0023758585833080943,0.5714285714285714
2023-06-19,生物科技/医药,23,0.0055838244789539965,0.5217391304347826
2023-06-19,金融,3,0.0005582137161084672,0.3333333333333333
2023-06-20,TMT/互联网,13,-0.014330209398277326,0.46153846153846156
2023-06-20,其他,8,-0.020900863616367896,0.25
2023-06-20,地产/建筑,8,-0.04280523801010572,0.625
2023-06-20,工业/制造,13,0.03769025295171409,0.3076923076923077
2023-06-20,新能源/汽车,1,-0.0657894736842105,1.0
2023-06-20,消费/零售,21,0.0023758585833080943,0.5714285714285714
2023-06-20,生物科技/医药,23,0.0055838244789539965,0.5217391304347826
2023-06-20,金融,3,0.0005582137161084672,0.3333333333333333
2023-06-21,TMT/互联网,13,-0.014330209398277326,0.46153846153846156
2023-06-21,其他,8,-0.020900863616367896,0.25
2023-06-21,地产/建筑,8,-0.04280523801010572,0.625
2023-06-21,工业/制造,13,0.03769025295171409,0.3076923076923077
2023-06-21,新能源/汽车,1,-0.0657894736842105,1.0
2023-06-21,消费/零售,21,0.0023758585833080943,0.5714285714285714
2023-06-21,生物科技/医药,23,0.0055838244789539965,0.5217391304347826
2023-06-21,金融,3,0.0005582137161084672,0.3333333333333333
2023-06-22,TMT/互联网,13,-0.014330209398277326,0.46153846153846156
2023-06-22,其他,8,-0.020900863616367896,0.25
2023-06-22,地产/建筑,8,-0.04280523801010572,0.625
2023-06-22,工业/制造,13,0.03769025295171409,0.3076923076923077
2023-06-22,新能源/汽车,1,-0.0657894736842105,1.0
2023-06-22,消费/零售,21,0.0023758585833080943,0.5714285714285714
2023-06-22,生物科技/医药,22,0.009291060107220799,0.5
2023-06-22,金融,3,0.0005582137161084672,0.3333333333333333
2023-06-23,TMT/互联网,13,-0.014330209398277326,0.46153846153846156
2023-06-23,其他,8,-0.020900863616367896,0.25
2023-06-23,地产/建筑,8,-0.04280523801010572,0.625
2023-06-23,工业/制造,13,0.03769025295171409,0.3076923076923077
2023-06-23,新能源/汽车,1,-0.0657894736842105,1.0
2023-06-23,消费/零售,21,0.0023758585833080943,0.5714285714285714
2023-06-23,生物科技/医药,22,0.009291060107220799,0.5
2023-06-23,金融,3,0.0005582137161084672,0.3333333333333333
2023-06-24,TMT/互联网,13,-0.014330209398277326,0.46153846153846156
2023-06-24,其他,8,-0.020900863616367896,0.25
2023-06-24,地产/建筑,8,-0.04280523801010572,0.625
2023-06-24,工业/制造,12,0.05935823914730268,0.25
2023-06-24,新能源/汽车,1,-0.0657894736842105,1.0
2023-06-24,消费/零售,21,0.0023758585833080943,0.5714285714285714
2023-06-24,生物科技/医药,22,0.009291060107220799,0.5
2023-06-24,金融,3,0.0005582137161084672,0.3333333333333333
2023-06-25,TMT/互联网,13,-0.014330209398277326,0.46153846153846156
2023-06-25,其他,8,-0.020900863616367896,0.25
2023-06-25,地产/建筑,8,-0.04280523801010572,0.625
2023-06-25,工业/制造,12,0.05935823914730268,0.25
2023-06-25,新能源/汽车,1,-0.0657894736842105,1.0
2023-06-25,消费/零售,21,0.0023758585833080943,0.5714285714285714
2023-06-25,生物科技/医药,22,0.009291060107220799,0.5
2023-06-25,金融,3,0.0005582137161084672,0.3333333333333333
2023-06-26,TMT/互联网,13,-0.014330209398277326,0.46153846153846156
2023-06-26,其他,8,-0.020900863616367896,0.25
2023-06-26,地产/建筑,8,-0.04280523801010572,0.625
2023-06-26,工业/制造,12,0.05935823914730268,0.25
2023-06-26,新能源/汽车,1,-0.0657894736842105,1.0
2023-06-26,消费/零售,21,0.0023758585833080943,0.5714285714285714
2023-06-26,生物科技/医药,22,0.009291060107220799,0.5
2023-06-26,金融,3,0.0005582137161084672,0.3333333333333333
2023-06-27,TMT/互联网,13,-0.014330209398277326,0.46153846153846156
2023-06-27,其他,8,-0.020900863616367896,0.25
2023-06-27,地产/建筑,8,-0.04280523801010572,0.625
2023-06-27,工业/制造,12,0.05935823914730268,0.25
2023-06-27,新能源/汽车,1,-0.0657894736842105,1.0
2023-06-27,消费/零售,21,0.0023758585833080943,0.5714285714285714
2023-06-27,生物科技/医药,22,0.009291060107220799,0.5
2023-06-27,金融,3,0.0005582137161084672,0.3333333333333333
2023-06-28,TMT/互联网,13,-0.014330209398277326,0.46153846153846156
2023-06-28,其他,8,-0.020900863616367896,0.25
2023-06-28,地产/建筑,8,-0.04280523801010572,0.625
2023-06-28,工业/制造,12,0.05935823914730268,0.25
2023-06-28,新能源/汽车,1,-0.0657894736842105,1.0
2023-06-28,消费/零售,21,0.0023758585833080943,0.5714285714285714
2023-06-28,生物科技/医药,23,0.005208896690317212,0.5217391304347826
2023-06-28,金融,3,0.0005582137161084672,0.3333333333333333
2023-06-29,TMT/互联网,13,-0.014330209398277326,0.46153846153846156
2023-06-29,其他,8,-0.020900863616367896,0.25
2023-06-29,地产/建筑,8,-0.04280523801010572,0.625
2023-06-29,工业/制造,12,0.05935823914730268,0.25
2023-06-29,新能源/汽车,1,-0.0657894736842105,1.0
2023-06-29,消费/零售,21,0.0023758585833080943,0.5714285714285714
2023-06-29,生物科技/医药,24,0.013566350217824099,0.5
2023-06-29,金融,3,0.0005582137161084672,0.3333333333333333
2023-06-30,TMT/互联网,12,-0.015524393514800438,0.5
2023-06-30,其他,8,-0.020900863616367896,0.25
2023-06-30,地产/建筑,8,-0.04280523801010572,0.625
2023-06-30,工业/制造,11,0.07384535179705745,0.18181818181818182
2023-06-30,新能源/汽车,1,-0.0657894736842105,1.0
2023-06-30,消费/零售,21,0.0023758585833080943,0.5714285714285714
2023-06-30,生物科技/医药,25,0.017828891014305938,0.48
2023-06-30,金融,3,0.0005582137161084672,0.3333333333333333
2023-07-01,TMT/互联网,12,-0.015524393514800438,0.5
2023-07-01,其他,8,-0.020900863616367896,0.25
2023-07-01,地产/建筑,8,-0.04280523801010572,0.625
2023-07-01,工业/制造,11,0.07384535179705745,0.18181818181818182
2023-07-01,新能源/汽车,1,-0.0657894736842105,1.0
2023-07-01,消费/零售,21,0.0023758585833080943,0.5714285714285714
2023-07-01,生物科技/医药,25,0.017828891014305938,0.48
2023-07-01,金融,3,0.0005582137161084672,0.3333333333333333
2023-07-02,TMT/互联网,12,-0.015524393514800438,0.5
2023-07-02,其他,8,-0.020900863616367896,0.25
2023-07-02,地产/建筑,8,-0.04280523801010572,0.625
2023-07-02,工业/制造,11,0.07384535179705745,0.18181818181818182
2023-07-02,新能源/汽车,1,-0.0657894736842105,1.0
2023-07-02,消费/零售,21,0.0023758585833080943,0.5714285714285714
2023-07-02,生物科技/医药,25,0.017828891014305938,0.48
2023-07-02,金融,3,0.0005582137161084672,0.3333333333333333
2023-07-03,TMT/互联网,12,-0.015524393514800438,0.5
2023-07-03,其他,8,-0.020900863616367896,0.25
2023-07-03,地产/建筑,8,-0.04280523801010572,0.625
2023-07-03,工业/制造,11,0.07384535179705745,0.18181818181818182
2023-07-03,新能源/汽车,1,-0.0657894736842105,1.0
2023-07-03,消费/零售,21,0.0023758585833080943,0.5714285714285714
2023-07-03,生物科技/医药,25,0.017828891014305938,0.48
2023-07-03,金融,3,0.0005582137161084672,0.3333333333333333
2023-07-04,TMT/互联网,12,-0.015524393514800438,0.5
2023-07-04,其他,8,-0.020900863616367896,0.25
2023-07-04,地产/建筑,8,-0.04280523801010572,0.625
2023-07-04,工业/制造,11,0.07384535179705745,0.18181818181818182
2023-07-04,新能源/汽车,1,-0.0657894736842105,1.0
2023-07-04,消费/零售,21,0.0023758585833080943,0.5714285714285714
2023-07-04,生物科技/医药,25,0.017828891014305938,0.48
2023-07-04,金融,3,0.0005582137161084672,0.3333333333333333
2023-07-05,TMT/互联网,11,-0.0157272989672521,0.45454545454545453
2023-07-05,其他,8,-0.020900863616367896,0.25
2023-07-05,地产/建筑,8,-0.04280523801010572,0.625
2023-07-05,工业/制造,11,0.07384535179705745,0.18181818181818182
2023-07-05,新能源/汽车,1,-0.0657894736842105,1.0
2023-07-05,消费/零售,21,0.0023758585833080943,0.5714285714285714
2023-07-05,生物科技/医药,25,0.017828891014305938,0.48
2023-07-05,金融,3,0.0005582137161084672,0.3333333333333333
2023-07-06,TMT/互联网,11,-0.0157272989672521,0.45454545454545453
2023-07-06,其他,8,-0.020900863616367896,0.25
2023-07-06,地产/建筑,8,-0.04280523801010572,0.625
2023-07-06,工业/制造,11,0.07384535179705745,0.18181818181818182
2023-07-06,新能源/汽车,1,-0.0657894736842105,1.0
2023-07-06,消费/零售,21,0.0023758585833080943,0.5714285714285714
2023-07-06,生物科技/医药,24,0.021713837975967588,0.4583333333333333
2023-07-06,金融,3,0.0005582137161084672,0.3333333333333333
2023-07-07,TMT/互联网,11,-0.0157272989672521,0.45454545454545453
2023-07-07,其他,8,-0.020900863616367896,0.25
2023-07-07,地产/建筑,8,-0.04280523801010572,0.625
2023-07-07,工业/制造,11,0.07384535179705745,0.18181818181818182
2023-07-07,新能源/汽车,1,-0.0657894736842105,1.0
2023-07-07,消费/零售,21,0.0023758585833080943,0.5714285714285714
2023-07-07,生物科技/医药,24,0.021713837975967588,0.4583333333333333
2023-07-07,金融,3,0.0005582137161084672,0.3333333333333333
2023-07-08,TMT/互联网,10,-0.017941054505002947,0.5
2023-07-08,其他,8,-0.020900863616367896,0.25
2023-07-08,地产/建筑,7,-0.032381920143856206,0.5714285714285714
2023-07-08,工业/制造,11,0.07384535179705745,0.18181818181818182
2023-07-08,新能源/汽车,1,-0.0657894736842105,1.0
2023-07-08,消费/零售,21,0.0023758585833080943,0.5714285714285714
2023-07-08,生物科技/医药,23,0.02514238993765561,0.43478260869565216
2023-07-08,金融,3,0.0005582137161084672,0.3333333333333333
2023-07-09,TMT/互联网,10,-0.017941054505002947,0.5
2023-07-09,其他,8,-0.020900863616367896,0.25
2023-07-09,地产/建筑,7,-0.032381920143856206,0.5714285714285714
2023-07-09,工业/制造,11,0.07384535179705745,0.18181818181818182
2023-07-09,新能源/汽车,1,-0.0657894736842105,1.0
2023-07-09,消费/零售,21,0.0023758585833080943,0.5714285714285714
2023-07-09,生物科技/医药,23,0.02514238993765561,0.43478260869565216
2023-07-09,金融,3,0.0005582137161084672,0.3333333333333333
2023-07-10,TMT/互联网,10,-0.017941054505002947,0.5
2023-07-10,其他,9,-0.016720690893094317,0.2222222222222222
2023-07-10,地产/建筑,7,-0.032381920143856206,0.5714285714285714
2023-07-10,工业/制造,11,0.07384535179705745,0.18181818181818182
2023-07-10,新能源/汽车,1,-0.0657894736842105,1.0
2023-07-10,消费/零售,21,0.0023758585833080943,0.5714285714285714
2023-07-10,生物科技/医药,23,0.02514238993765561,0.43478260869565216
2023-07-10,金融,3,0.0005582137161084672,0.3333333333333333
2023-07-11,TMT/互联网,10,-0.017941054505002947,0.5
2023-07-11,其他,9,-0.016720690893094317,0.2222222222222222
2023-07-11,地产/建筑,7,-0.032381920143856206,0.5714285714285714
2023-07-11,工业/制造,11,0.07384535179705745,0.18181818181818182
2023-07-11,新能源/汽车,1,-0.0657894736842105,1.0
2023-07-11,消费/零售,21,0.0023758585833080943,0.5714285714285714
2023-07-11,生物科技/医药,24,0.025401170994983773,0.4166666666666667
2023-07-11,金融,3,0.0005582137161084672,0.3333333333333333
2023-07-12,TMT/互联网,9,-0.034468025868193614,0.5555555555555556
2023-07-12,其他,9,-0.016720690893094317,0.2222222222222222
2023-07-12,地产/建筑,7,-0.032381920143856206,0.5714285714285714
2023-07-12,工业/制造,11,0.07384535179705745,0.18181818181818182
2023-07-12,新能源/汽车,1,-0.0657894736842105,1.0
2023-07-12,消费/零售,21,-0.01554021873870982,0.6190476190476191
2023-07-12,生物科技/医药,24,0.025401170994983773,0.4166666666666667
2023-07-12,金融,3,0.0005582137161084672,0.3333333333333333
2023-07-13,TMT/互联网,9,-0.034468025868193614,0.5555555555555556
2023-07-13,其他,8,-0.005014575990949825,0.125
2023-07-13,地产/建筑,7,-0.032381920143856206,0.5714285714285714
2023-07-13,工业/制造,10,0.07116277288280347,0.2
2023-07-13,新能源/汽车,1,-0.0657894736842105,1.0
2023-07-13,消费/零售,21,-0.020247540402553225,0.6666666666666666
2023-07-13,生物科技/医药,24,0.025401170994983773,0.4166666666666667
2023-07-13,金融,2,0.01136363636363635,0.0
2023-07-14,TMT/互联网,9,-0.034468025868193614,0.5555555555555556
2023-07-14,其他,8,-0.005014575990949825,0.125
2023-07-14,地产/建筑,7,-0.032381920143856206,0.5714285714285714
2023-07-14,工业/制造,10,0.07116277288280347,0.2
2023-07-14,新能源/汽车,1,-0.0657894736842105,1.0
2023-07-14,消费/零售,21,-0.020247540402553225,0.6666666666666666
2023-07-14,生物科技/医药,24,0.025401170994983773,0.4166666666666667
2023-07-14,金融,2,0.01136363636363635,0.0
2023-07-15,TMT/互联网,8,-0.04754845892627923,0.625
2023-07-15,其他,8,-0.005014575990949825,0.125
2023-07-15,地产/建筑,7,-0.032381920143856206,0.5714285714285714
2023-07-15,工业/制造,9,0.07589514447295626,0.2222222222222222
2023-07-15,新能源/汽车,1,-0.0657894736842105,1.0
2023-07-15,消费/零售,21,-0.020247540402553225,0.6666666666666666
2023-07-15,生物科技/医药,23,0.026681595081546165,0.391304347826087
2023-07-15,金融,2,0.01136363636363635,0.0
2023-07-16,TMT/互联网,8,-0.04754845892627923,0.625
2023-07-16,其他,8,-0.005014575990949825,0.125
2023-07-16,地产/建筑,7,-0.032381920143856206,0.5714285714285714
2023-07-16,工业/制造,9,0.07589514447295626,0.2222222222222222
2023-07-16,新能源/汽车,1,-0.0657894736842105,1.0
2023-07-16,消费/零售,21,-0.020247540402553225,0.6666666666666666
2023-07-16,生物科技/医药,23,0.026681595081546165,0.391304347826087
2023-07-16,金融,2,0.01136363636363635,0.0
2023-07-17,TMT/互联网,8,-0.04754845892627923,0.625
2023-07-17,其他,8,-0.005014575990949825,0.125
2023-07-17,地产/建筑,7,-0.032381920143856206,0.5714285714285714
2023-07-17,工业/制造,9,0.07589514447295626,0.2222222222222222
2023-07-17,新能源/汽车,1,-0.0657894736842105,1.0
2023-07-17,消费/零售,22,-0.01674455302888345,0.6363636363636364
2023-07-17,生物科技/医药,23,0.026681595081546165,0.391304347826087
2023-07-17,金融,2,0.01136363636363635,0.0
2023-07-18,TMT/互联网,8,-0.04754845892627923,0.625
2023-07-18,其他,8,-0.005014575990949825,0.125
2023-07-18,地产/建筑,8,-0.029358770289808614,0.625
2023-07-18,工业/制造,8,-0.01404978064974241,0.25
2023-07-18,新能源/汽车,1,-0.0657894736842105,1.0
2023-07-18,消费/零售,22,-0.01674455302888345,0.6363636363636364
2023-07-18,生物科技/医药,23,0.026681595081546165,0.391304347826087
2023-07-18,金融,2,0.01136363636363635,0.0
2023-07-19,TMT/互联网,8,-0.04754845892627923,0.625
2023-07-19,其他,8,-0.005014575990949825,0.125
2023-07-19,地产/建筑,8,-0.029358770289808614,0.625
2023-07-19,工业/制造,8,-0.01404978064974241,0.25
2023-07-19,新能源/汽车,1,-0.0657894736842105,1.0
2023-07-19,消费/零售,22,-0.01674455302888345,0.6363636363636364
2023-07-19,生物科技/医药,23,0.026681595081546165,0.391304347826087
2023-07-19,金融,2,0.01136363636363635,0.0
2023-07-20,TMT/互联网,8,-0.04754845892627923,0.625
2023-07-20,其他,8,-0.005014575990949825,0.125
2023-07-20,地产/建筑,8,-0.029358770289808614,0.625
2023-07-20,工业/制造,8,-0.01404978064974241,0.25
2023-07-20,新能源/汽车,1,-0.0657894736842105,1.0
2023-07-20,消费/零售,22,-0.01674455302888345,0.6363636363636364
2023-07-20,生物科技/医药,23,0.026681595081546165,0.391304347826087
2023-07-20,金融,2,0.01136363636363635,0.0
2023-07-21,TMT/互联网,8,-0.04754845892627923,0.625
2023-07-21,其他,8,-0.005014575990949825,0.125
2023-07-21,地产/建筑,8,-0.029358770289808614,0.625
2023-07-21,工业/制造,8,-0.01404978064974241,0.25
2023-07-21,新能源/汽车,1,-0.0657894736842105,1.0
2023-07-21,消费/零售,22,-0.01674455302888345,0.6363636363636364
2023-07-21,生物科技/医药,23,0.026681595081546165,0.391304347826087
2023-07-21,金融,2,0.01136363636363635,0.0
2023-07-22,TMT/互联网,8,-0.04754845892627923,0.625
2023-07-22,其他,8,-0.005014575990949825,0.125
2023-07-22,地产/建筑,8,-0.029358770289808614,0.625
2023-07-22,工业/制造,8,-0.01404978064974241,0.25
2023-07-22,新能源/汽车,1,-0.0657894736842105,1.0
2023-07-22,消费/零售,22,-0.01674455302888345,0.6363636363636364
2023-07-22,生物科技/医药,23,0.026681595081546165,0.391304347826087
2023-07-22,金融,2,0.01136363636363635,0.0
2023-07-23,TMT/互联网,8,-0.04754845892627923,0.625
2023-07-23,其他,8,-0.005014575990949825,0.125
2023-07-23,地产/建筑,8,-0.029358770289808614,0.625
2023-07-23,工业/制造,8,-0.01404978064974241,0.25
2023-07-23,新能源/汽车,1,-0.0657894736842105,1.0
2023-07-23,消费/零售,22,-0.01674455302888345,0.6363636363636364
2023-07-23,生物科技/医药,23,0.026681595081546165,0.391304347826087
2023-07-23,金融,2,0.01136363636363635,0.0
2023-07-24,TMT/互联网,8,-0.04754845892627923,0.625
2023-07-24,其他,8,-0.005014575990949825,0.125
2023-07-24,地产/建筑,8,-0.029358770289808614,0.625
2023-07-24,工业/制造,8,-0.01404978064974241,0.25
2023-07-24,新能源/汽车,1,-0.0657894736842105,1.0
2023-07-24,消费/零售,22,-0.01674455302888345,0.6363636363636364
2023-07-24,生物科技/医药,23,0.026681595081546165,0.391304347826087
2023-07-24,金融,2,0.01136363636363635,0.0
2023-07-25,TMT/互联网,8,-0.04754845892627923,0.625
2023-07-25,其他,8,-0.005014575990949825,0.125
2023-07-25,地产/建筑,8,-0.029358770289808614,0.625
2023-07-25,工业/制造,8,-0.01404978064974241,0.25
2023-07-25,新能源/汽车,1,-0.0657894736842105,1.0
2023-07-25,消费/零售,22,-0.01674455302888345,0.6363636363636364
2023-07-25,生物科技/医药,23,0.026681595081546165,0.391304347826087
2023-07-25,金融,2,0.01136363636363635,0.0
2023-07-26,TMT/互联网,8,-0.04754845892627923,0.625
2023-07-26,其他,8,-0.005014575990949825,0.125
2023-07-26,地产/建筑,8,-0.029358770289808614,0.625
2023-07-26,工业/制造,8,-0.01404978064974241,0.25
2023-07-26,新能源/汽车,1,-0.0657894736842105,1.0
2023-07-26,消费/零售,22,-0.01674455302888345,0.6363636363636364
2023-07-26,生物科技/医药,23,0.026681595081546165,0.391304347826087
2023-07-26,金融,2,0.01136363636363635,0.0
2023-07-27,TMT/互联网,8,-0.04754845892627923,0.625
2023-07-27,其他,8,-0.005014575990949825,0.125
2023-07-27,地产/建筑,8,-0.029358770289808614,0.625
2023-07-27,工业/制造,8,-0.01404978064974241,0.25
2023-07-27,新能源/汽车,1,-0.0657894736842105,1.0
2023-07-27,消费/零售,22,-0.01674455302888345,0.6363636363636364
2023-07-27,生物科技/医药,23,0.026681595081546165,0.391304347826087
2023-07-27,金融,2,0.01136363636363635,0.0
2023-07-28,TMT/互联网,8,-0.04754845892627923,0.625
2023-07-28,其他,8,-0.005014575990949825,0.125
2023-07-28,地产/建筑,8,-0.029358770289808614,0.625
2023-07-28,工业/制造,8,-0.01404978064974241,0.25
2023-07-28,新能源/汽车,1,-0.0657894736842105,1.0
2023-07-28,消费/零售,22,-0.01674455302888345,0.6363636363636364
2023-07-28,生物科技/医药,23,0.026681595081546165,0.391304347826087
2023-07-28,金融,2,0.01136363636363635,0.0
2023-07-29,TMT/互联网,8,-0.04754845892627923,0.625
2023-07-29,其他,8,-0.005014575990949825,0.125
2023-07-29,地产/建筑,8,-0.029358770289808614,0.625
2023-07-29,工业/制造,8,-0.01404978064974241,0.25
2023-07-29,新能源/汽车,1,-0.0657894736842105,1.0
2023-07-29,消费/零售,22,-0.01674455302888345,0.6363636363636364
2023-07-29,生物科技/医药,23,0.026681595081546165,0.391304347826087
2023-07-29,金融,2,0.01136363636363635,0.0
2023-07-30,TMT/互联网,8,-0.04754845892627923,0.625
2023-07-30,其他,8,-0.005014575990949825,0.125
2023-07-30,地产/建筑,8,-0.029358770289808614,0.625
2023-07-30,工业/制造,8,-0.01404978064974241,0.25
2023-07-30,新能源/汽车,1,-0.0657894736842105,1.0
2023-07-30,消费/零售,22,-0.01674455302888345,0.6363636363636364
2023-07-30,生物科技/医药,23,0.026681595081546165,0.391304347826087
2023-07-30,金融,2,0.01136363636363635,0.0
2023-07-31,TMT/互联网,8,-0.04754845892627923,0.625
2023-07-31,其他,8,-0.005014575990949825,0.125
2023-07-31,地产/建筑,8,-0.029358770289808614,0.625
2023-07-31,工业/制造,8,-0.01404978064974241,0.25
2023-07-31,新能源/汽车,1,-0.0657894736842105,1.0
2023-07-31,消费/零售,22,-0.01674455302888345,0.6363636363636364
2023-07-31,生物科技/医药,23,0.026681595081546165,0.391304347826087
2023-07-31,金融,2,0.01136363636363635,0.0
2023-08-01,TMT/互联网,8,-0.04754845892627923,0.625
2023-08-01,其他,8,-0.005014575990949825,0.125
2023-08-01,地产/建筑,8,-0.029358770289808614,0.625
2023-08-01,工业/制造,8,-0.01404978064974241,0.25
2023-08-01,新能源/汽车,1,-0.0657894736842105,1.0
2023-08-01,消费/零售,22,-0.01674455302888345,0.6363636363636364
2023-08-01,生物科技/医药,23,0.026681595081546165,0.391304347826087
2023-08-01,金融,2,0.01136363636363635,0.0
2023-08-02,TMT/互联网,8,-0.04754845892627923,0.625
2023-08-02,其他,8,-0.005014575990949825,0.125
2023-08-02,地产/建筑,8,-0.029358770289808614,0.625
2023-08-02,工业/制造,8,-0.01404978064974241,0.25
2023-08-02,新能源/汽车,1,-0.0657894736842105,1.0
2023-08-02,消费/零售,22,-0.01674455302888345,0.6363636363636364
2023-08-02,生物科技/医药,23,0.026681595081546165,0.391304347826087
2023-08-02,金融,2,0.01136363636363635,0.0
2023-08-03,TMT/互联网,8,-0.04754845892627923,0.625
2023-08-03,其他,8,-0.005014575990949825,0.125
2023-08-03,地产/建筑,8,-0.029358770289808614,0.625
2023-08-03,工业/制造,8,-0.01404978064974241,0.25
2023-08-03,新能源/汽车,1,-0.0657894736842105,1.0
2023-08-03,消费/零售,22,-0.01674455302888345,0.6363636363636364
2023-08-03,生物科技/医药,23,0.026681595081546165,0.391304347826087
2023-08-03,金融,2,0.01136363636363635,0.0
2023-08-04,TMT/互联网,8,-0.04754845892627923,0.625
2023-08-04,其他,8,-0.005014575990949825,0.125
2023-08-04,地产/建筑,8,-0.029358770289808614,0.625
2023-08-04,工业/制造,8,-0.01404978064974241,0.25
2023-08-04,新能源/汽车,1,-0.0657894736842105,1.0
2023-08-04,消费/零售,22,-0.01674455302888345,0.6363636363636364
2023-08-04,生物科技/医药,23,0.026681595081546165,0.391304347826087
2023-08-04,金融,2,0.01136363636363635,0.0
2023-08-05,TMT/互联网,8,-0.04754845892627923,0.625
2023-08-05,其他,8,-0.005014575990949825,0.125
2023-08-05,地产/建筑,8,-0.029358770289808614,0.625
2023-08-05,工业/制造,8,-0.01404978064974241,0.25
2023-08-05,新能源/汽车,1,-0.0657894736842105,1.0
2023-08-05,消费/零售,22,-0.01674455302888345,0.6363636363636364
2023-08-05,生物科技/医药,23,0.026681595081546165,0.391304347826087
2023-08-05,金融,2,0.01136363636363635,0.0
2023-08-06,TMT/互联网,8,-0.04754845892627923,0.625
2023-08-06,其他,8,-0.005014575990949825,0.125
2023-08-06,地产/建筑,8,-0.029358770289808614,0.625
2023-08-06,工业/制造,8,-0.01404978064974241,0.25
2023-08-06,新能源/汽车,1,-0.0657894736842105,1.0
2023-08-06,消费/零售,22,-0.01674455302888345,0.6363636363636364
2023-08-06,生物科技/医药,23,0.026681595081546165,0.391304347826087
2023-08-06,金融,2,0.01136363636363635,0.0
2023-08-07,TMT/互联网,8,-0.04754845892627923,0.625
2023-08-07,其他,8,-0.005014575990949825,0.125
2023-08-07,地产/建筑,8,-0.029358770289808614,0.625
2023-08-07,工业/制造,8,-0.01404978064974241,0.25
2023-08-07,新能源/汽车,1,-0.0657894736842105,1.0
2023-08-07,消费/零售,22,-0.01674455302888345,0.6363636363636364
2023-08-07,生物科技/医药,23,0.026681595081546165,0.391304347826087
2023-08-07,金融,2,0.01136363636363635,0.0
2023-08-08,TMT/互联网,8,-0.04754845892627923,0.625
2023-08-08,其他,8,-0.005014575990949825,0.125
2023-08-08,地产/建筑,8,-0.029358770289808614,0.625
2023-08-08,工业/制造,8,-0.01404978064974241,0.25
2023-08-08,新能源/汽车,1,-0.0657894736842105,1.0
2023-08-08,消费/零售,22,-0.01674455302888345,0.6363636363636364
2023-08-08,生物科技/医药,23,0.026681595081546165,0.391304347826087
2023-08-08,金融,2,0.01136363636363635,0.0
2023-08-09,TMT/互联网,8,-0.04754845892627923,0.625
2023-08-09,其他,6,-0.005014575990949825,0.16666666666666666
2023-08-09,地产/建筑,8,-0.029358770289808614,0.625
2023-08-09,工业/制造,8,-0.01404978064974241,0.25
2023-08-09,新能源/汽车,1,-0.0657894736842105,1.0
2023-08-09,消费/零售,22,-0.01674455302888345,0.6363636363636364
2023-08-09,生物科技/医药,23,0.026681595081546165,0.391304347826087
2023-08-09,金融,2,0.01136363636363635,0.0
2023-08-10,TMT/互联网,8,-0.04754845892627923,0.625
2023-08-10,其他,6,-0.005014575990949825,0.16666666666666666
2023-08-10,地产/建筑,8,-0.029358770289808614,0.625
2023-08-10,工业/制造,8,-0.01404978064974241,0.25
2023-08-10,新能源/汽车,1,-0.0657894736842105,1.0
2023-08-10,消费/零售,21,-0.01625491140992423,0.6190476190476191
2023-08-10,生物科技/医药,23,0.026681595081546165,0.391304347826087
2023-08-10,金融,2,0.01136363636363635,0.0
2023-08-11,TMT/互联网,8,-0.04754845892627923,0.625
2023-08-11,其他,6,-0.005014575990949825,0.16666666666666666
2023-08-11,地产/建筑,8,-0.029358770289808614,0.625
2023-08-11,工业/制造,8,-0.01404978064974241,0.25
2023-08-11,新能源/汽车,1,-0.0657894736842105,1.0
2023-08-11,消费/零售,21,-0.01625491140992423,0.6190476190476191
2023-08-11,生物科技/医药,23,0.026681595081546165,0.391304347826087
2023-08-11,金融,2,0.01136363636363635,0.0
2023-08-12,TMT/互联网,8,-0.04754845892627923,0.625
2023-08-12,其他,6,-0.005014575990949825,0.16666666666666666
2023-08-12,地产/建筑,8,-0.029358770289808614,0.625
2023-08-12,工业/制造,8,-0.01404978064974241,0.25
2023-08-12,新能源/汽车,1,-0.0657894736842105,1.0
2023-08-12,消费/零售,21,-0.01625491140992423,0.6190476190476191
2023-08-12,生物科技/医药,23,0.026681595081546165,0.391304347826087
2023-08-12,金融,2,0.01136363636363635,0.0
2023-08-13,TMT/互联网,8,-0.04754845892627923,0.625
2023-08-13,其他,6,-0.005014575990949825,0.16666666666666666
2023-08-13,地产/建筑,8,-0.029358770289808614,0.625
2023-08-13,工业/制造,8,-0.01404978064974241,0.25
2023-08-13,新能源/汽车,1,-0.0657894736842105,1.0
2023-08-13,消费/零售,21,-0.01625491140992423,0.6190476190476191
2023-08-13,生物科技/医药,23,0.026681595081546165,0.391304347826087
2023-08-13,金融,2,0.01136363636363635,0.0
2023-08-14,TMT/互联网,8,-0.04754845892627923,0.625
2023-08-14,其他,6,-0.005014575990949825,0.16666666666666666
2023-08-14,地产/建筑,8,-0.029358770289808614,0.625
2023-08-14,工业/制造,8,-0.01404978064974241,0.25
2023-08-14,新能源/汽车,1,-0.0657894736842105,1.0
2023-08-14,消费/零售,21,-0.01625491140992423,0.6190476190476191
2023-08-14,生物科技/医药,23,0.026681595081546165,0.391304347826087
2023-08-14,金融,2,0.01136363636363635,0.0
2023-08-15,TMT/互联网,8,-0.04754845892627923,0.625
2023-08-15,其他,6,-0.005014575990949825,0.16666666666666666
2023-08-15,地产/建筑,8,-0.029358770289808614,0.625
2023-08-15,工业/制造,8,-0.01404978064974241,0.25
2023-08-15,新能源/汽车,1,-0.0657894736842105,1.0
2023-08-15,消费/零售,21,-0.01625491140992423,0.6190476190476191
2023-08-15,生物科技/医药,23,0.026681595081546165,0.391304347826087
2023-08-15,金融,2,0.01136363636363635,0.0
2023-08-16,TMT/互联网,8,-0.04754845892627923,0.625
2023-08-16,其他,6,-0.005014575990949825,0.16666666666666666
2023-08-16,地产/建筑,8,-0.029358770289808614,0.625
2023-08-16,工业/制造,8,-0.01404978064974241,0.25
2023-08-16,新能源/汽车,1,-0.0657894736842105,1.0
2023-08-16,消费/零售,21,-0.01625491140992423,0.6190476190476191
2023-08-16,生物科技/医药,23,0.026681595081546165,0.391304347826087
2023-08-16,金融,2,0.01136363636363635,0.0
2023-08-17,TMT/互联网,8,-0.04754845892627923,0.625
2023-08-17,其他,6,-0.005014575990949825,0.16666666666666666
2023-08-17,地产/建筑,8,-0.029358770289808614,0.625
2023-08-17,工业/制造,8,-0.01404978064974241,0.25
2023-08-17,新能源/汽车,1,-0.0657894736842105,1.0
2023-08-17,消费/零售,21,-0.01625491140992423,0.6190476190476191
2023-08-17,生物科技/医药,23,0.026681595081546165,0.391304347826087
2023-08-17,金融,2,0.01136363636363635,0.0
2023-08-18,TMT/互联网,8,-0.04754845892627923,0.625
2023-08-18,其他,6,-0.005014575990949825,0.16666666666666666
2023-08-18,地产/建筑,8,-0.029358770289808614,0.625
2023-08-18,工业/制造,8,-0.01404978064974241,0.25
2023-08-18,新能源/汽车,1,-0.0657894736842105,1.0
2023-08-18,消费/零售,21,-0.01625491140992423,0.6190476190476191
2023-08-18,生物科技/医药,23,0.026681595081546165,0.391304347826087
2023-08-18,金融,2,0.01136363636363635,0.0
2023-08-19,TMT/互联网,8,-0.04754845892627923,0.625
2023-08-19,其他,6,-0.005014575990949825,0.16666666666666666
2023-08-19,地产/建筑,8,-0.029358770289808614,0.625
2023-08-19,工业/制造,8,-0.01404978064974241,0.25
2023-08-19,新能源/汽车,1,-0.0657894736842105,1.0
2023-08-19,消费/零售,20,-0.016442656980420443,0.6
2023-08-19,生物科技/医药,23,0.026681595081546165,0.391304347826087
2023-08-19,金融,2,0.01136363636363635,0.0
2023-08-20,TMT/互联网,8,-0.04754845892627923,0.625
2023-08-20,其他,6,-0.005014575990949825,0.16666666666666666
2023-08-20,地产/建筑,8,-0.029358770289808614,0.625
2023-08-20,工业/制造,8,-0.01404978064974241,0.25
2023-08-20,新能源/汽车,1,-0.0657894736842105,1.0
2023-08-20,消费/零售,20,-0.016442656980420443,0.6
2023-08-20,生物科技/医药,23,0.026681595081546165,0.391304347826087
2023-08-20,金融,2,0.01136363636363635,0.0
2023-08-21,TMT/互联网,8,-0.04754845892627923,0.625
2023-08-21,其他,6,-0.005014575990949825,0.16666666666666666
2023-08-21,地产/建筑,8,-0.029358770289808614,0.625
2023-08-21,工业/制造,8,-0.01404978064974241,0.25
2023-08-21,新能源/汽车,1,-0.0657894736842105,1.0
2023-08-21,消费/零售,20,-0.016442656980420443,0.6
2023-08-21,生物科技/医药,23,0.026681595081546165,0.391304347826087
2023-08-21,金融,2,0.01136363636363635,0.0
2023-08-22,TMT/互联网,8,-0.04754845892627923,0.625
2023-08-22,其他,6,-0.005014575990949825,0.16666666666666666
2023-08-22,地产/建筑,8,-0.029358770289808614,0.625
2023-08-22,工业/制造,8,-0.01404978064974241,0.25
2023-08-22,新能源/汽车,1,-0.0657894736842105,1.0
2023-08-22,消费/零售,20,-0.016442656980420443,0.6
2023-08-22,生物科技/医药,23,0.026681595081546165,0.391304347826087
2023-08-22,金融,2,0.01136363636363635,0.0
2023-08-23,TMT/互联网,8,-0.04754845892627923,0.625
2023-08-23,其他,6,-0.005014575990949825,0.16666666666666666
2023-08-23,地产/建筑,8,-0.029358770289808614,0.625
2023-08-23,工业/制造,8,-0.01404978064974241,0.25
2023-08-23,新能源/汽车,1,-0.0657894736842105,1.0
2023-08-23,消费/零售,20,-0.016442656980420443,0.6
2023-08-23,生物科技/医药,23,0.026681595081546165,0.391304347826087
2023-08-23,金融,2,0.01136363636363635,0.0
2023-08-24,TMT/互联网,8,-0.04754845892627923,0.625
2023-08-24,其他,6,-0.005014575990949825,0.16666666666666666
2023-08-24,地产/建筑,7,-0.040347305418317866,0.7142857142857143
2023-08-24,工业/制造,8,-0.01404978064974241,0.25
2023-08-24,新能源/汽车,1,-0.0657894736842105,1.0
2023-08-24,消费/零售,20,-0.016442656980420443,0.6
2023-08-24,生物科技/医药,23,0.026681595081546165,0.391304347826087
2023-08-24,金融,2,0.01136363636363635,0.0
2023-08-25,TMT/互联网,8,-0.04754845892627923,0.625
2023-08-25,其他,6,-0.005014575990949825,0.16666666666666666
2023-08-25,地产/建筑,7,-0.040347305418317866,0.7142857142857143
2023-08-25,工业/制造,8,-0.01404978064974241,0.25
2023-08-25,新能源/汽车,1,-0.0657894736842105,1.0
2023-08-25,消费/零售,19,-0.0339747266460566,0.631578947368421
2023-08-25,生物科技/医药,23,0.026681595081546165,0.391304347826087
2023-08-25,金融,2,0.01136363636363635,0.0
2023-08-26,TMT/互联网,8,-0.04754845892627923,0.625
2023-08-26,其他,6,-0.005014575990949825,0.16666666666666666
2023-08-26,地产/建筑,7,-0.040347305418317866,0.7142857142857143
2023-08-26,工业/制造,8,-0.01404978064974241,0.25
2023-08-26,新能源/汽车,1,-0.0657894736842105,1.0
2023-08-26,消费/零售,19,-0.0339747266460566,0.631578947368421
2023-08-26,生物科技/医药,23,0.026681595081546165,0.391304347826087
2023-08-26,金融,2,0.01136363636363635,0.0
2023-08-27,TMT/互联网,8,-0.04754845892627923,0.625
2023-08-27,其他,6,-0.005014575990949825,0.16666666666666666
2023-08-27,地产/建筑,7,-0.040347305418317866,0.7142857142857143
2023-08-27,工业/制造,8,-0.01404978064974241,0.25
2023-08-27,新能源/汽车,1,-0.0657894736842105,1.0
2023-08-27,消费/零售,19,-0.0339747266460566,0.631578947368421
2023-08-27,生物科技/医药,23,0.026681595081546165,0.391304347826087
2023-08-27,金融,2,0.01136363636363635,0.0
2023-08-28,TMT/互联网,8,-0.04754845892627923,0.625
2023-08-28,其他,6,-0.005014575990949825,0.16666666666666666
2023-08-28,地产/建筑,7,-0.040347305418317866,0.7142857142857143
2023-08-28,工业/制造,8,-0.01404978064974241,0.25
2023-08-28,新能源/汽车,1,-0.0657894736842105,1.0
2023-08-28,消费/零售,19,-0.0339747266460566,0.631578947368421
2023-08-28,生物科技/医药,23,0.026681595081546165,0.391304347826087
2023-08-28,金融,2,0.01136363636363635,0.0
2023-08-29,TMT/互联网,8,-0.04754845892627923,0.625
2023-08-29,其他,6,-0.005014575990949825,0.16666666666666666
2023-08-29,地产/建筑,7,-0.040347305418317866,0.7142857142857143
2023-08-29,工业/制造,8,-0.01404978064974241,0.25
2023-08-29,新能源/汽车,1,-0.0657894736842105,1.0
2023-08-29,消费/零售,19,-0.0339747266460566,0.631578947368421
2023-08-29,生物科技/医药,23,0.026681595081546165,0.391304347826087
2023-08-29,金融,2,0.01136363636363635,0.0
2023-08-30,TMT/互联网,8,-0.04754845892627923,0.625
2023-08-30,其他,6,-0.005014575990949825,0.16666666666666666
2023-08-30,地产/建筑,7,-0.040347305418317866,0.7142857142857143
2023-08-30,工业/制造,8,-0.01404978064974241,0.25
2023-08-30,新能源/汽车,1,-0.0657894736842105,1.0
2023-08-30,消费/零售,19,-0.0339747266460566,0.631578947368421
2023-08-30,生物科技/医药,23,0.026681595081546165,0.391304347826087
2023-08-30,金融,2,0.01136363636363635,0.0
2023-08-31,TMT/互联网,8,-0.04754845892627923,0.625
2023-08-31,其他,6,-0.005014575990949825,0.16666666666666666
2023-08-31,地产/建筑,7,-0.040347305418317866,0.7142857142857143
2023-08-31,工业/制造,8,-0.01404978064974241,0.25
2023-08-31,新能源/汽车,1,-0.0657894736842105,1.0
2023-08-31,消费/零售,19,-0.0339747266460566,0.631578947368421
2023-08-31,生物科技/医药,23,0.026681595081546165,0.391304347826087
2023-08-31,金融,2,0.01136363636363635,0.0
2023-09-01,TMT/互联网,8,-0.04754845892627923,0.625
2023-09-01,其他,6,-0.005014575990949825,0.16666666666666666
2023-09-01,地产/建筑,7,-0.040347305418317866,0.7142857142857143
2023-09-01,工业/制造,8,-0.01404978064974241,0.25
2023-09-01,新能源/汽车,1,-0.0657894736842105,1.0
2023-09-01,消费/零售,19,-0.0339747266460566,0.631578947368421
2023-09-01,生物科技/医药,22,0.028412887771910266,0.36363636363636365
2023-09-01,金融,2,0.01136363636363635,0.0
2023-09-02,TMT/互联网,8,-0.04754845892627923,0.625
2023-09-02,其他,6,-0.005014575990949825,0.16666666666666666
2023-09-02,地产/建筑,7,-0.040347305418317866,0.7142857142857143
2023-09-02,工业/制造,8,-0.01404978064974241,0.25
2023-09-02,新能源/汽车,1,-0.0657894736842105,1.0
2023-09-02,消费/零售,19,-0.0339747266460566,0.631578947368421
2023-09-02,生物科技/医药,22,0.028412887771910266,0.36363636363636365
2023-09-02,金融,2,0.01136363636363635,0.0
2023-09-03,TMT/互联网,8,-0.04754845892627923,0.625
2023-09-03,其他,6,-0.005014575990949825,0.16666666666666666
2023-09-03,地产/建筑,7,-0.040347305418317866,0.7142857142857143
2023-09-03,工业/制造,8,-0.01404978064974241,0.25
2023-09-03,新能源/汽车,1,-0.0657894736842105,1.0
2023-09-03,消费/零售,19,-0.0339747266460566,0.631578947368421
2023-09-03,生物科技/医药,22,0.028412887771910266,0.36363636363636365
2023-09-03,金融,2,0.01136363636363635,0.0
2023-09-04,TMT/互联网,8,-0.04754845892627923,0.625
2023-09-04,其他,6,-0.005014575990949825,0.16666666666666666
2023-09-04,地产/建筑,7,-0.040347305418317866,0.7142857142857143
2023-09-04,工业/制造,8,-0.01404978064974241,0.25
2023-09-04,新能源/汽车,1,-0.0657894736842105,1.0
2023-09-04,消费/零售,19,-0.0339747266460566,0.631578947368421
2023-09-04,生物科技/医药,22,0.028412887771910266,0.36363636363636365
2023-09-04,金融,2,0.01136363636363635,0.0
2023-09-05,TMT/互联网,8,-0.04754845892627923,0.625
2023-09-05,其他,5,-0.0066861013212664334,0.2
2023-09-05,地产/建筑,7,-0.040347305418317866,0.7142857142857143
2023-09-05,工业/制造,8,-0.01404978064974241,0.25
2023-09-05,新能源/汽车,1,-0.0657894736842105,1.0
2023-09-05,消费/零售,19,-0.0339747266460566,0.631578947368421
2023-09-05,生物科技/医药,23,0.0237320977375286,0.391304347826087
2023-09-05,金融,2,0.01136363636363635,0.0
2023-09-06,TMT/互联网,8,-0.04754845892627923,0.625
2023-09-06,其他,5,-0.0066861013212664334,0.2
2023-09-06,地产/建筑,7,-0.040347305418317866,0.7142857142857143
2023-09-06,工业/制造,8,-0.01404978064974241,0.25
2023-09-06,新能源/汽车,1,-0.0657894736842105,1.0
2023-09-06,消费/零售,19,-0.0339747266460566,0.631578947368421
2023-09-06,生物科技/医药,23,0.0237320977375286,0.391304347826087
2023-09-06,金融,2,0.01136363636363635,0.0
2023-09-07,TMT/互联网,8,-0.04754845892627923,0.625
2023-09-07,其他,5,-0.0066861013212664334,0.2
2023-09-07,地产/建筑,7,-0.040347305418317866,0.7142857142857143
2023-09-07,工业/制造,8,-0.01404978064974241,0.25
2023-09-07,新能源/汽车,1,-0.0657894736842105,1.0
2023-09-07,消费/零售,19,-0.0339747266460566,0.631578947368421
2023-09-07,生物科技/医药,23,0.0237320977375286,0.391304347826087
2023-09-07,金融,2,0.01136363636363635,0.0
2023-09-08,TMT/互联网,8,-0.04754845892627923,0.625
2023-09-08,其他,5,-0.0066861013212664334,0.2
2023-09-08,地产/建筑,7,-0.040347305418317866,0.7142857142857143
2023-09-08,工业/制造,8,-0.01404978064974241,0.25
2023-09-08,新能源/汽车,1,-0.0657894736842105,1.0
2023-09-08,消费/零售,19,-0.0339747266460566,0.631578947368421
2023-09-08,生物科技/医药,23,0.0237320977375286,0.391304347826087
2023-09-08,金融,2,0.01136363636363635,0.0
2023-09-09,TMT/互联网,8,-0.04754845892627923,0.625
2023-09-09,其他,4,-0.0066861013212664334,0.25
2023-09-09,地产/建筑,7,-0.040347305418317866,0.7142857142857143
2023-09-09,工业/制造,8,-0.01404978064974241,0.25
2023-09-09,新能源/汽车,1,-0.0657894736842105,1.0
2023-09-09,消费/零售,19,-0.0339747266460566,0.631578947368421
2023-09-09,生物科技/医药,23,0.0237320977375286,0.391304347826087
2023-09-09,金融,2,0.01136363636363635,0.0
2023-09-10,TMT/互联网,8,-0.04754845892627923,0.625
2023-09-10,其他,4,-0.0066861013212664334,0.25
2023-09-10,地产/建筑,7,-0.040347305418317866,0.7142857142857143
2023-09-10,工业/制造,8,-0.01404978064974241,0.25
2023-09-10,新能源/汽车,1,-0.0657894736842105,1.0
2023-09-10,消费/零售,19,-0.0339747266460566,0.631578947368421
2023-09-10,生物科技/医药,23,0.0237320977375286,0.391304347826087
2023-09-10,金融,2,0.01136363636363635,0.0
2023-09-11,TMT/互联网,8,-0.04754845892627923,0.625
2023-09-11,其他,4,-0.0066861013212664334,0.25
2023-09-11,地产/建筑,7,-0.040347305418317866,0.7142857142857143
2023-09-11,工业/制造,8,-0.01404978064974241,0.25
2023-09-11,新能源/汽车,1,-0.0657894736842105,1.0
2023-09-11,消费/零售,19,-0.0339747266460566,0.631578947368421
2023-09-11,生物科技/医药,23,0.0237320977375286,0.391304347826087
2023-09-11,金融,2,0.01136363636363635,0.0
2023-09-12,TMT/互联网,8,-0.04754845892627923,0.625
2023-09-12,其他,4,-0.0066861013212664334,0.25
2023-09-12,地产/建筑,7,-0.040347305418317866,0.7142857142857143
2023-09-12,工业/制造,8,-0.01404978064974241,0.25
2023-09-12,新能源/汽车,1,-0.0657894736842105,1.0
2023-09-12,消费/零售,19,-0.0339747266460566,0.631578947368421
2023-09-12,生物科技/医药,23,0.0237320977375286,0.391304347826087
2023-09-12,金融,2,0.01136363636363635,0.0
2023-09-13,TMT/互联网,8,-0.04754845892627923,0.625
2023-09-13,其他,4,-0.0066861013212664334,0.25
2023-09-13,地产/建筑,7,-0.040347305418317866,0.7142857142857143
2023-09-13,工业/制造,8,-0.01404978064974241,0.25
2023-09-13,新能源/汽车,1,-0.0657894736842105,1.0
2023-09-13,消费/零售,19,-0.0339747266460566,0.631578947368421
2023-09-13,生物科技/医药,23,0.0237320977375286,0.391304347826087
2023-09-13,金融,2,0.01136363636363635,0.0
2023-09-14,TMT/互联网,8,-0.04754845892627923,0.625
2023-09-14,其他,4,-0.0066861013212664334,0.25
2023-09-14,地产/建筑,7,-0.040347305418317866,0.7142857142857143
2023-09-14,工业/制造,8,-0.01404978064974241,0.25
2023-09-14,新能源/汽车,1,-0.0657894736842105,1.0
2023-09-14,消费/零售,19,-0.0339747266460566,0.631578947368421
2023-09-14,生物科技/医药,22,0.02606322373605926,0.36363636363636365
2023-09-14,金融,2,0.01136363636363635,0.0
2023-09-15,TMT/互联网,8,-0.04754845892627923,0.625
2023-09-15,其他,4,-0.0066861013212664334,0.25
2023-09-15,地产/建筑,7,-0.040347305418317866,0.7142857142857143
2023-09-15,工业/制造,8,-0.01404978064974241,0.25
2023-09-15,新能源/汽车,1,-0.0657894736842105,1.0
2023-09-15,消费/零售,19,-0.0339747266460566,0.631578947368421
2023-09-15,生物科技/医药,22,0.02606322373605926,0.36363636363636365
2023-09-15,金融,2,0.01136363636363635,0.0
2023-09-16,TMT/互联网,8,-0.04754845892627923,0.625
2023-09-16,其他,3,-0.02127659574468085,0.3333333333333333
2023-09-16,地产/建筑,7,-0.040347305418317866,0.7142857142857143
2023-09-16,工业/制造,8,-0.01404978064974241,0.25
2023-09-16,新能源/汽车,1,-0.0657894736842105,1.0
2023-09-16,消费/零售,19,-0.0339747266460566,0.631578947368421
2023-09-16,生物科技/医药,22,0.02606322373605926,0.36363636363636365
2023-09-16,金融,2,0.01136363636363635,0.0
2023-09-17,TMT/互联网,8,-0.04754845892627923,0.625
2023-09-17,其他,3,-0.02127659574468085,0.3333333333333333
2023-09-17,地产/建筑,7,-0.040347305418317866,0.7142857142857143
2023-09-17,工业/制造,8,-0.01404978064974241,0.25
2023-09-17,新能源/汽车,1,-0.0657894736842105,1.0
2023-09-17,消费/零售,19,-0.0339747266460566,0.631578947368421
2023-09-17,生物科技/医药,22,0.02606322373605926,0.36363636363636365
2023-09-17,金融,2,0.01136363636363635,0.0
2023-09-18,TMT/互联网,8,-0.04754845892627923,0.625
2023-09-18,其他,3,-0.02127659574468085,0.3333333333333333
2023-09-18,地产/建筑,7,-0.040347305418317866,0.7142857142857143
2023-09-18,工业/制造,8,-0.01404978064974241,0.25
2023-09-18,新能源/汽车,1,-0.0657894736842105,1.0
2023-09-18,消费/零售,19,-0.0339747266460566,0.631578947368421
2023-09-18,生物科技/医药,22,0.02606322373605926,0.36363636363636365
2023-09-18,金融,2,0.01136363636363635,0.0
2023-09-19,TMT/互联网,8,-0.04754845892627923,0.625
2023-09-19,其他,3,-0.02127659574468085,0.3333333333333333
2023-09-19,地产/建筑,7,-0.040347305418317866,0.7142857142857143
2023-09-19,工业/制造,8,-0.01404978064974241,0.25
2023-09-19,新能源/汽车,1,-0.0657894736842105,1.0
2023-09-19,消费/零售,19,-0.0339747266460566,0.631578947368421
2023-09-19,生物科技/医药,22,0.02606322373605926,0.36363636363636365
2023-09-19,金融,2,0.01136363636363635,0.0
2023-09-20,TMT/互联网,8,-0.04754845892627923,0.625
2023-09-20,其他,3,-0.02127659574468085,0.3333333333333333
2023-09-20,地产/建筑,7,-0.040347305418317866,0.7142857142857143
2023-09-20,工业/制造,8,-0.01404978064974241,0.25
2023-09-20,新能源/汽车,1,-0.0657894736842105,1.0
2023-09-20,消费/零售,19,-0.0339747266460566,0.631578947368421
2023-09-20,生物科技/医药,22,0.02606322373605926,0.36363636363636365
2023-09-20,金融,2,0.01136363636363635,0.0
2023-09-21,TMT/互联网,8,-0.04754845892627923,0.625
2023-09-21,其他,3,-0.02127659574468085,0.3333333333333333
2023-09-21,地产/建筑,7,-0.040347305418317866,0.7142857142857143
2023-09-21,工业/制造,8,-0.01404978064974241,0.25
2023-09-21,新能源/汽车,1,-0.0657894736842105,1.0
2023-09-21,消费/零售,19,-0.0339747266460566,0.631578947368421
2023-09-21,生物科技/医药,22,0.02606322373605926,0.36363636363636365
2023-09-21,金融,2,0.01136363636363635,0.0
2023-09-22,TMT/互联网,8,-0.04754845892627923,0.625
2023-09-22,其他,2,-0.02127659574468085,0.5
2023-09-22,地产/建筑,7,-0.040347305418317866,0.7142857142857143
2023-09-22,工业/制造,8,-0.01404978064974241,0.25
2023-09-22,新能源/汽车,1,-0.0657894736842105,1.0
2023-09-22,消费/零售,19,-0.0339747266460566,0.631578947368421
2023-09-22,生物科技/医药,22,0.02606322373605926,0.36363636363636365
2023-09-22,金融,2,0.01136363636363635,0.0
2023-09-23,TMT/互联网,8,-0.04754845892627923,0.625
2023-09-23,其他,2,-0.02127659574468085,0.5
2023-09-23,地产/建筑,7,-0.040347305418317866,0.7142857142857143
2023-09-23,工业/制造,8,-0.01404978064974241,0.25
2023-09-23,新能源/汽车,1,-0.0657894736842105,1.0
2023-09-23,消费/零售,19,-0.0339747266460566,0.631578947368421
2023-09-23,生物科技/医药,22,0.02606322373605926,0.36363636363636365
2023-09-23,金融,2,0.01136363636363635,0.0
2023-09-24,TMT/互联网,8,-0.04754845892627923,0.625
2023-09-24,其他,2,-0.02127659574468085,0.5
2023-09-24,地产/建筑,7,-0.040347305418317866,0.7142857142857143
2023-09-24,工业/制造,8,-0.01404978064974241,0.25
2023-09-24,新能源/汽车,1,-0.0657894736842105,1.0
2023-09-24,消费/零售,19,-0.0339747266460566,0.631578947368421
2023-09-24,生物科技/医药,22,0.02606322373605926,0.36363636363636365
2023-09-24,金融,2,0.01136363636363635,0.0
2023-09-25,TMT/互联网,8,-0.04754845892627923,0.625
2023-09-25,其他,2,-0.02127659574468085,0.5
2023-09-25,地产/建筑,7,-0.040347305418317866,0.7142857142857143
2023-09-25,工业/制造,9,-0.013138466490479289,0.3333333333333333
2023-09-25,新能源/汽车,1,-0.0657894736842105,1.0
2023-09-25,消费/零售,19,-0.0339747266460566,0.631578947368421
2023-09-25,生物科技/医药,23,0.023869594708298466,0.391304347826087
2023-09-25,金融,2,0.01136363636363635,0.0
2023-09-26,TMT/互联网,7,-0.009896651471303244,0.5714285714285714
2023-09-26,其他,2,-0.02127659574468085,0.5
2023-09-26,地产/建筑,7,-0.040347305418317866,0.7142857142857143
2023-09-26,工业/制造,9,-0.013138466490479289,0.3333333333333333
2023-09-26,新能源/汽车,1,-0.0657894736842105,1.0
2023-09-26,消费/零售,20,-0.029597418885182348,0.6
2023-09-26,生物科技/医药,23,0.023869594708298466,0.391304347826087
2023-09-26,金融,2,0.01136363636363635,0.0
2023-09-27,TMT/互联网,7,-0.009896651471303244,0.5714285714285714
2023-09-27,其他,2,-0.02127659574468085,0.5
2023-09-27,地产/建筑,7,-0.040347305418317866,0.7142857142857143
2023-09-27,工业/制造,9,-0.013138466490479289,0.3333333333333333
2023-09-27,新能源/汽车,1,-0.0657894736842105,1.0
2023-09-27,消费/零售,20,-0.029597418885182348,0.6
2023-09-27,生物科技/医药,23,0.023869594708298466,0.391304347826087
2023-09-27,金融,2,0.01136363636363635,0.0
2023-09-28,TMT/互联网,9,-0.014023505763240554,0.5555555555555556
2023-09-28,其他,2,-0.02127659574468085,0.5
2023-09-28,地产/建筑,7,-0.040347305418317866,0.7142857142857143
2023-09-28,工业/制造,9,-0.013138466490479289,0.3333333333333333
2023-09-28,新能源/汽车,1,-0.0657894736842105,1.0
2023-09-28,消费/零售,20,-0.029597418885182348,0.6
2023-09-28,生物科技/医药,24,0.011922002065190727,0.4166666666666667
2023-09-28,金融,2,0.01136363636363635,0.0
2023-09-29,TMT/互联网,9,-0.014023505763240554,0.5555555555555556
2023-09-29,其他,2,-0.02127659574468085,0.5
2023-09-29,地产/建筑,6,-0.048533844625464395,0.8333333333333334
2023-09-29,工业/制造,9,-0.013138466490479289,0.3333333333333333
2023-09-29,新能源/汽车,1,-0.0657894736842105,1.0
2023-09-29,消费/零售,19,-0.01947353464165536,0.5789473684210527
2023-09-29,生物科技/医药,24,0.011922002065190727,0.4166666666666667
2023-09-29,金融,2,0.01136363636363635,0.0
2023-09-30,TMT/互联网,9,-0.014023505763240554,0.5555555555555556
2023-09-30,其他,2,-0.02127659574468085,0.5
2023-09-30,地产/建筑,6,-0.048533844625464395,0.8333333333333334
2023-09-30,工业/制造,9,-0.013138466490479289,0.3333333333333333
2023-09-30,新能源/汽车,1,-0.0657894736842105,1.0
2023-09-30,消费/零售,19,-0.01947353464165536,0.5789473684210527
2023-09-30,生物科技/医药,24,0.011922002065190727,0.4166666666666667
2023-09-30,金融,2,0.01136363636363635,0.0
2023-10-01,TMT/互联网,9,-0.014023505763240554,0.5555555555555556
2023-10-01,其他,2,-0.02127659574468085,0.5
2023-10-01,地产/建筑,6,-0.048533844625464395,0.8333333333333334
2023-10-01,工业/制造,9,-0.013138466490479289,0.3333333333333333
2023-10-01,新能源/汽车,1,-0.0657894736842105,1.0
2023-10-01,消费/零售,19,-0.01947353464165536,0.5789473684210527
2023-10-01,生物科技/医药,24,0.011922002065190727,0.4166666666666667
2023-10-01,金融,2,0.01136363636363635,0.0
2023-10-02,TMT/互联网,9,-0.014023505763240554,0.5555555555555556
2023-10-02,其他,2,-0.02127659574468085,0.5
2023-10-02,地产/建筑,6,-0.048533844625464395,0.8333333333333334
2023-10-02,工业/制造,9,-0.013138466490479289,0.3333333333333333
2023-10-02,新能源/汽车,1,-0.0657894736842105,1.0
2023-10-02,消费/零售,19,-0.01947353464165536,0.5789473684210527
2023-10-02,生物科技/医药,24,0.011922002065190727,0.4166666666666667
2023-10-02,金融,2,0.01136363636363635,0.0
2023-10-03,TMT/互联网,9,-0.014023505763240554,0.5555555555555556
2023-10-03,其他,2,-0.02127659574468085,0.5
2023-10-03,地产/建筑,6,-0.048533844625464395,0.8333333333333334
2023-10-03,工业/制造,9,-0.013138466490479289,0.3333333333333333
2023-10-03,新能源/汽车,1,-0.0657894736842105,1.0
2023-10-03,消费/零售,19,-0.01947353464165536,0.5789473684210527
2023-10-03,生物科技/医药,24,0.011922002065190727,0.4166666666666667
2023-10-03,金融,2,0.01136363636363635,0.0
2023-10-04,TMT/互联网,9,-0.014023505763240554,0.5555555555555556
2023-10-04,其他,2,-0.02127659574468085,0.5
2023-10-04,地产/建筑,6,-0.048533844625464395,0.8333333333333334
2023-10-04,工业/制造,9,-0.013138466490479289,0.3333333333333333
2023-10-04,新能源/汽车,1,-0.0657894736842105,1.0
2023-10-04,消费/零售,19,-0.01947353464165536,0.5789473684210527
2023-10-04,生物科技/医药,24,0.011922002065190727,0.4166666666666667
2023-10-04,金融,2,0.01136363636363635,0.0
2023-10-05,TMT/互联网,9,-0.014023505763240554,0.5555555555555556
2023-10-05,其他,2,-0.02127659574468085,0.5
2023-10-05,地产/建筑,6,-0.048533844625464395,0.8333333333333334
2023-10-05,工业/制造,9,-0.013138466490479289,0.3333333333333333
2023-10-05,新能源/汽车,1,-0.0657894736842105,1.0
2023-10-05,消费/零售,19,-0.01947353464165536,0.5789473684210527
2023-10-05,生物科技/医药,24,0.011922002065190727,0.4166666666666667
2023-10-05,金融,2,0.01136363636363635,0.0
2023-10-06,TMT/互联网,9,-0.014023505763240554,0.5555555555555556
2023-10-06,其他,2,-0.02127659574468085,0.5
2023-10-06,地产/建筑,6,-0.048533844625464395,0.8333333333333334
2023-10-06,工业/制造,8,-0.0147807748017892,0.375
2023-10-06,新能源/汽车,1,-0.0657894736842105,1.0
2023-10-06,消费/零售,19,-0.01947353464165536,0.5789473684210527
2023-10-06,生物科技/医药,23,0.007628755778170032,0.43478260869565216
2023-10-06,金融,3,-0.023964131106988234,0.3333333333333333
2023-10-07,TMT/互联网,9,-0.014023505763240554,0.5555555555555556
2023-10-07,其他,2,-0.02127659574468085,0.5
2023-10-07,地产/建筑,6,-0.048533844625464395,0.8333333333333334
2023-10-07,工业/制造,8,-0.0147807748017892,0.375
2023-10-07,新能源/汽车,1,-0.0657894736842105,1.0
2023-10-07,消费/零售,19,-0.01947353464165536,0.5789473684210527
2023-10-07,生物科技/医药,23,0.007628755778170032,0.43478260869565216
2023-10-07,金融,3,-0.023964131106988234,0.3333333333333333
2023-10-08,TMT/互联网,9,-0.014023505763240554,0.5555555555555556
2023-10-08,其他,2,-0.02127659574468085,0.5
2023-10-08,地产/建筑,6,-0.048533844625464395,0.8333333333333334
2023-10-08,工业/制造,8,-0.0147807748017892,0.375
2023-10-08,新能源/汽车,1,-0.0657894736842105,1.0
2023-10-08,消费/零售,19,-0.01947353464165536,0.5789473684210527
2023-10-08,生物科技/医药,23,0.007628755778170032,0.43478260869565216
2023-10-08,金融,3,-0.023964131106988234,0.3333333333333333
2023-10-09,TMT/互联网,9,-0.014023505763240554,0.5555555555555556
2023-10-09,其他,2,-0.02127659574468085,0.5
2023-10-09,地产/建筑,6,-0.048533844625464395,0.8333333333333334
2023-10-09,工业/制造,8,-0.0147807748017892,0.375
2023-10-09,新能源/汽车,1,-0.0657894736842105,1.0
2023-10-09,消费/零售,19,-0.01947353464165536,0.5789473684210527
2023-10-09,生物科技/医药,23,0.007628755778170032,0.43478260869565216
2023-10-09,金融,3,-0.023964131106988234,0.3333333333333333
2023-10-10,TMT/互联网,9,-0.014023505763240554,0.5555555555555556
2023-10-10,其他,2,-0.02127659574468085,0.5
2023-10-10,地产/建筑,5,-0.03565996838926695,0.8
2023-10-10,工业/制造,8,-0.0147807748017892,0.375
2023-10-10,新能源/汽车,1,-0.0657894736842105,1.0
2023-10-10,消费/零售,19,-0.01947353464165536,0.5789473684210527
2023-10-10,生物科技/医药,22,0.007569673248606334,0.45454545454545453
2023-10-10,金融,3,-0.023964131106988234,0.3333333333333333
2023-10-11,TMT/互联网,10,0.01989917001633552,0.5
2023-10-11,其他,2,-0.02127659574468085,0.5
2023-10-11,地产/建筑,5,-0.03565996838926695,0.8
2023-10-11,工业/制造,8,-0.0147807748017892,0.375
2023-10-11,新能源/汽车,1,-0.0657894736842105,1.0
2023-10-11,消费/零售,19,-0.01947353464165536,0.5789473684210527
2023-10-11,生物科技/医药,22,0.007569673248606334,0.45454545454545453
2023-10-11,金融,3,-0.023964131106988234,0.3333333333333333
2023-10-12,TMT/互联网,10,0.01989917001633552,0.5
2023-10-12,其他,2,-0.02127659574468085,0.5
2023-10-12,地产/建筑,5,-0.03565996838926695,0.8
2023-10-12,工业/制造,8,-0.0147807748017892,0.375
2023-10-12,新能源/汽车,1,-0.0657894736842105,1.0
2023-10-12,消费/零售,21,-0.010544448616841548,0.5238095238095238
2023-10-12,生物科技/医药,22,0.007569673248606334,0.45454545454545453
2023-10-12,金融,3,-0.023964131106988234,0.3333333333333333
2023-10-13,TMT/互联网,10,0.01989917001633552,0.5
2023-10-13,其他,2,-0.02127659574468085,0.5
2023-10-13,地产/建筑,5,-0.03565996838926695,0.8
2023-10-13,工业/制造,8,-0.0147807748017892,0.375
2023-10-13,新能源/汽车,1,-0.0657894736842105,1.0
2023-10-13,消费/零售,21,-0.010544448616841548,0.5238095238095238
2023-10-13,生物科技/医药,22,0.007569673248606334,0.45454545454545453
2023-10-13,金融,3,-0.023964131106988234,0.3333333333333333
2023-10-14,TMT/互联网,10,0.01989917001633552,0.5
2023-10-14,其他,2,-0.02127659574468085,0.5
2023-10-14,地产/建筑,5,-0.03565996838926695,0.8
2023-10-14,工业/制造,8,-0.0147807748017892,0.375
2023-10-14,新能源/汽车,1,-0.0657894736842105,1.0
2023-10-14,消费/零售,21,-0.010544448616841548,0.5238095238095238
2023-10-14,生物科技/医药,22,0.007569673248606334,0.45454545454545453
2023-10-14,金融,3,-0.023964131106988234,0.3333333333333333
2023-10-15,TMT/互联网,10,0.01989917001633552,0.5
2023-10-15,其他,2,-0.02127659574468085,0.5
2023-10-15,地产/建筑,5,-0.03565996838926695,0.8
2023-10-15,工业/制造,8,-0.0147807748017892,0.375
2023-10-15,新能源/汽车,1,-0.0657894736842105,1.0
2023-10-15,消费/零售,21,-0.010544448616841548,0.5238095238095238
2023-10-15,生物科技/医药,22,0.007569673248606334,0.45454545454545453
2023-10-15,金融,3,-0.023964131106988234,0.3333333333333333
2023-10-16,TMT/互联网,10,0.01989917001633552,0.5
2023-10-16,其他,2,-0.02127659574468085,0.5
2023-10-16,地产/建筑,5,-0.03565996838926695,0.8
2023-10-16,工业/制造,8,-0.0147807748017892,0.375
2023-10-16,新能源/汽车,1,-0.0657894736842105,1.0
2023-10-16,消费/零售,21,-0.010544448616841548,0.5238095238095238
2023-10-16,生物科技/医药,22,0.007569673248606334,0.45454545454545453
2023-10-16,金融,3,-0.023964131106988234,0.3333333333333333
2023-10-17,TMT/互联网,10,0.01989917001633552,0.5
2023-10-17,其他,2,-0.02127659574468085,0.5
2023-10-17,地产/建筑,5,-0.03565996838926695,0.8
2023-10-17,工业/制造,8,-0.0147807748017892,0.375
2023-10-17,新能源/汽车,1,-0.0657894736842105,1.0
2023-10-17,消费/零售,20,-0.012994747970760548,0.55
2023-10-17,生物科技/医药,22,0.007569673248606334,0.45454545454545453
2023-10-17,金融,3,-0.023964131106988234,0.3333333333333333
2023-10-18,TMT/互联网,9,0.026635075784867505,0.4444444444444444
2023-10-18,其他,2,-0.02127659574468085,0.5
2023-10-18,地产/建筑,5,-0.03565996838926695,0.8
2023-10-18,工业/制造,8,-0.0147807748017892,0.375
2023-10-18,新能源/汽车,1,-0.0657894736842105,1.0
2023-10-18,消费/零售,20,-0.012994747970760548,0.55
2023-10-18,生物科技/医药,22,0.007569673248606334,0.45454545454545453
2023-10-18,金融,3,-0.023964131106988234,0.3333333333333333
2023-10-19,TMT/互联网,9,0.026635075784867505,0.4444444444444444
2023-10-19,其他,2,-0.02127659574468085,0.5
2023-10-19,地产/建筑,5,-0.03565996838926695,0.8
2023-10-19,工业/制造,8,-0.0147807748017892,0.375
2023-10-19,新能源/汽车,1,-0.0657894736842105,1.0
2023-10-19,消费/零售,20,-0.012994747970760548,0.55
2023-10-19,生物科技/医药,22,0.007569673248606334,0.45454545454545453
2023-10-19,金融,3,-0.023964131106988234,0.3333333333333333
2023-10-20,TMT/互联网,9,0.026635075784867505,0.4444444444444444
2023-10-20,其他,2,-0.02127659574468085,0.5
2023-10-20,地产/建筑,5,-0.03565996838926695,0.8
2023-10-20,工业/制造,8,-0.0147807748017892,0.375
2023-10-20,新能源/汽车,1,-0.0657894736842105,1.0
2023-10-20,消费/零售,20,-0.012994747970760548,0.55
2023-10-20,生物科技/医药,22,0.007569673248606334,0.45454545454545453
2023-10-20,金融,3,-0.023964131106988234,0.3333333333333333
2023-10-21,TMT/互联网,9,0.026635075784867505,0.4444444444444444
2023-10-21,其他,2,-0.02127659574468085,0.5
2023-10-21,地产/建筑,5,-0.03565996838926695,0.8
2023-10-21,工业/制造,8,-0.0147807748017892,0.375
2023-10-21,新能源/汽车,1,-0.0657894736842105,1.0
2023-10-21,消费/零售,20,-0.012994747970760548,0.55
2023-10-21,生物科技/医药,22,0.007569673248606334,0.45454545454545453
2023-10-21,金融,3,-0.023964131106988234,0.3333333333333333
2023-10-22,TMT/互联网,9,0.026635075784867505,0.4444444444444444
2023-10-22,其他,2,-0.02127659574468085,0.5
2023-10-22,地产/建筑,5,-0.03565996838926695,0.8
2023-10-22,工业/制造,8,-0.0147807748017892,0.375
2023-10-22,新能源/汽车,1,-0.0657894736842105,1.0
2023-10-22,消费/零售,20,-0.012994747970760548,0.55
2023-10-22,生物科技/医药,22,0.007569673248606334,0.45454545454545453
2023-10-22,金融,3,-0.023964131106988234,0.3333333333333333
2023-10-23,TMT/互联网,9,0.026635075784867505,0.4444444444444444
2023-10-23,其他,2,-0.02127659574468085,0.5
2023-10-23,地产/建筑,5,-0.03565996838926695,0.8
2023-10-23,工业/制造,8,-0.0147807748017892,0.375
2023-10-23,新能源/汽车,1,-0.0657894736842105,1.0
2023-10-23,消费/零售,20,-0.012994747970760548,0.55
2023-10-23,生物科技/医药,22,0.007569673248606334,0.45454545454545453
2023-10-23,金融,3,-0.023964131106988234,0.3333333333333333
2023-10-24,TMT/互联网,9,0.026635075784867505,0.4444444444444444
2023-10-24,其他,2,-0.02127659574468085,0.5
2023-10-24,地产/建筑,5,-0.03565996838926695,0.8
2023-10-24,工业/制造,8,-0.0147807748017892,0.375
2023-10-24,新能源/汽车,1,-0.0657894736842105,1.0
2023-10-24,消费/零售,20,-0.012994747970760548,0.55
2023-10-24,生物科技/医药,22,0.007569673248606334,0.45454545454545453
2023-10-24,金融,3,-0.023964131106988234,0.3333333333333333
2023-10-25,TMT/互联网,9,0.026635075784867505,0.4444444444444444
2023-10-25,其他,2,-0.02127659574468085,0.5
2023-10-25,地产/建筑,5,-0.03565996838926695,0.8
2023-10-25,工业/制造,8,-0.0147807748017892,0.375
2023-10-25,新能源/汽车,1,-0.0657894736842105,1.0
2023-10-25,消费/零售,20,-0.012994747970760548,0.55
2023-10-25,生物科技/医药,22,0.007569673248606334,0.45454545454545453
2023-10-25,金融,3,-0.023964131106988234,0.3333333333333333
2023-10-26,TMT/互联网,9,0.026635075784867505,0.4444444444444444
2023-10-26,其他,2,-0.02127659574468085,0.5
2023-10-26,地产/建筑,5,-0.03565996838926695,0.8
2023-10-26,工业/制造,8,-0.0147807748017892,0.375
2023-10-26,新能源/汽车,1,-0.0657894736842105,1.0
2023-10-26,消费/零售,20,-0.012994747970760548,0.55
2023-10-26,生物科技/医药,22,0.007569673248606334,0.45454545454545453
2023-10-26,金融,3,-0.023964131106988234,0.3333333333333333
2023-10-27,TMT/互联网,9,0.026635075784867505,0.4444444444444444
2023-10-27,其他,2,-0.02127659574468085,0.5
2023-10-27,地产/建筑,5,-0.03565996838926695,0.8
2023-10-27,工业/制造,9,-0.013138466490479289,0.3333333333333333
2023-10-27,新能源/汽车,1,-0.0657894736842105,1.0
2023-10-27,消费/零售,20,-0.012994747970760548,0.55
2023-10-27,生物科技/医药,22,0.007569673248606334,0.45454545454545453
2023-10-27,金融,3,-0.023964131106988234,0.3333333333333333
2023-10-28,TMT/互联网,9,0.026635075784867505,0.4444444444444444
2023-10-28,其他,2,-0.02127659574468085,0.5
2023-10-28,地产/建筑,5,-0.03565996838926695,0.8
2023-10-28,工业/制造,9,-0.013138466490479289,0.3333333333333333
2023-10-28,新能源/汽车,1,-0.0657894736842105,1.0
2023-10-28,消费/零售,20,-0.012994747970760548,0.55
2023-10-28,生物科技/医药,22,0.007569673248606334,0.45454545454545453
2023-10-28,金融,3,-0.023964131106988234,0.3333333333333333
2023-10-29,TMT/互联网,9,0.026635075784867505,0.4444444444444444
2023-10-29,其他,2,-0.02127659574468085,0.5
2023-10-29,地产/建筑,5,-0.03565996838926695,0.8
2023-10-29,工业/制造,9,-0.013138466490479289,0.3333333333333333
2023-10-29,新能源/汽车,1,-0.0657894736842105,1.0
2023-10-29,消费/零售,20,-0.012994747970760548,0.55
2023-10-29,生物科技/医药,22,0.007569673248606334,0.45454545454545453
2023-10-29,金融,3,-0.023964131106988234,0.3333333333333333
2023-10-30,TMT/互联网,9,0.026635075784867505,0.4444444444444444
2023-10-30,其他,2,-0.02127659574468085,0.5
2023-10-30,地产/建筑,5,-0.03565996838926695,0.8
2023-10-30,工业/制造,9,-0.013138466490479289,0.3333333333333333
2023-10-30,新能源/汽车,1,-0.0657894736842105,1.0
2023-10-30,消费/零售,20,-0.012994747970760548,0.55
2023-10-30,生物科技/医药,22,0.007569673248606334,0.45454545454545453
2023-10-30,金融,3,-0.023964131106988234,0.3333333333333333
2023-10-31,TMT/互联网,9,0.026635075784867505,0.4444444444444444
2023-10-31,其他,2,-0.02127659574468085,0.5
2023-10-31,地产/建筑,5,-0.03565996838926695,0.8
2023-10-31,工业/制造,9,-0.013138466490479289,0.3333333333333333
2023-10-31,新能源/汽车,1,-0.0657894736842105,1.0
2023-10-31,消费/零售,20,-0.012994747970760548,0.55
2023-10-31,生物科技/医药,22,0.007569673248606334,0.45454545454545453
2023-10-31,金融,3,-0.023964131106988234,0.3333333333333333
2023-11-01,TMT/互联网,9,0.026635075784867505,0.4444444444444444
2023-11-01,其他,2,-0.02127659574468085,0.5
2023-11-01,地产/建筑,5,-0.03565996838926695,0.8
2023-11-01,工业/制造,9,-0.013138466490479289,0.3333333333333333
2023-11-01,新能源/汽车,1,-0.0657894736842105,1.0
2023-11-01,消费/零售,20,-0.012994747970760548,0.55
2023-11-01,生物科技/医药,22,0.007569673248606334,0.45454545454545453
2023-11-01,金融,3,-0.023964131106988234,0.3333333333333333
2023-11-02,TMT/互联网,9,0.026635075784867505,0.4444444444444444
2023-11-02,其他,2,-0.02127659574468085,0.5
2023-11-02,地产/建筑,5,-0.03565996838926695,0.8
2023-11-02,工业/制造,9,-0.013138466490479289,0.3333333333333333
2023-11-02,新能源/汽车,1,-0.0657894736842105,1.0
2023-11-02,消费/零售,21,-0.012375950448343378,0.5238095238095238
2023-11-02,生物科技/医药,22,0.007569673248606334,0.45454545454545453
2023-11-02,金融,3,-0.023964131106988234,0.3333333333333333
2023-11-03,TMT/互联网,9,0.026635075784867505,0.4444444444444444
2023-11-03,其他,2,-0.02127659574468085,0.5
2023-11-03,地产/建筑,5,-0.03565996838926695,0.8
2023-11-03,工业/制造,9,-0.013138466490479289,0.3333333333333333
2023-11-03,新能源/汽车,1,-0.0657894736842105,1.0
2023-11-03,消费/零售,22,-0.004249770882509587,0.5
2023-11-03,生物科技/医药,22,0.007569673248606334,0.45454545454545453
2023-11-03,金融,3,-0.023964131106988234,0.3333333333333333
2023-11-04,TMT/互联网,9,0.026635075784867505,0.4444444444444444
2023-11-04,其他,2,-0.02127659574468085,0.5
2023-11-04,地产/建筑,5,-0.03565996838926695,0.8
2023-11-04,工业/制造,9,-0.013138466490479289,0.3333333333333333
2023-11-04,新能源/汽车,1,-0.0657894736842105,1.0
2023-11-04,消费/零售,22,-0.004249770882509587,0.5
2023-11-04,生物科技/医药,21,0.006648082597441073,0.47619047619047616
2023-11-04,金融,3,-0.023964131106988234,0.3333333333333333
2023-11-05,TMT/互联网,9,0.026635075784867505,0.4444444444444444
2023-11-05,其他,2,-0.02127659574468085,0.5
2023-11-05,地产/建筑,5,-0.03565996838926695,0.8
2023-11-05,工业/制造,9,-0.013138466490479289,0.3333333333333333
2023-11-05,新能源/汽车,1,-0.0657894736842105,1.0
2023-11-05,消费/零售,22,-0.004249770882509587,0.5
2023-11-05,生物科技/医药,21,0.006648082597441073,0.47619047619047616
2023-11-05,金融,3,-0.023964131106988234,0.3333333333333333
2023-11-06,TMT/互联网,9,0.026635075784867505,0.4444444444444444
2023-11-06,其他,2,-0.02127659574468085,0.5
2023-11-06,地产/建筑,5,-0.03565996838926695,0.8
2023-11-06,工业/制造,9,-0.013138466490479289,0.3333333333333333
2023-11-06,新能源/汽车,1,-0.0657894736842105,1.0
2023-11-06,消费/零售,22,-0.004249770882509587,0.5
2023-11-06,生物科技/医药,21,0.006648082597441073,0.47619047619047616
2023-11-06,金融,3,-0.023964131106988234,0.3333333333333333
2023-11-07,TMT/互联网,9,0.026635075784867505,0.4444444444444444
2023-11-07,其他,2,-0.02127659574468085,0.5
2023-11-07,地产/建筑,5,-0.03565996838926695,0.8
2023-11-07,工业/制造,9,-0.013138466490479289,0.3333333333333333
2023-11-07,新能源/汽车,1,-0.0657894736842105,1.0
2023-11-07,消费/零售,22,-0.004249770882509587,0.5
2023-11-07,生物科技/医药,21,0.006648082597441073,0.47619047619047616
2023-11-07,金融,3,-0.023964131106988234,0.3333333333333333
2023-11-08,TMT/互联网,9,0.026635075784867505,0.4444444444444444
2023-11-08,其他,2,-0.02127659574468085,0.5
2023-11-08,地产/建筑,5,-0.03565996838926695,0.8
2023-11-08,工业/制造,9,-0.013138466490479289,0.3333333333333333
2023-11-08,新能源/汽车,1,-0.0657894736842105,1.0
2023-11-08,消费/零售,22,-0.004249770882509587,0.5
2023-11-08,生物科技/医药,20,0.008071090754158766,0.45
2023-11-08,金融,3,-0.023964131106988234,0.3333333333333333
2023-11-09,TMT/互联网,9,0.026635075784867505,0.4444444444444444
2023-11-09,其他,2,-0.02127659574468085,0.5
2023-11-09,地产/建筑,5,-0.03565996838926695,0.8
2023-11-09,工业/制造,9,-0.013138466490479289,0.3333333333333333
2023-11-09,新能源/汽车,1,-0.0657894736842105,1.0
2023-11-09,消费/零售,22,-0.001294845672784414,0.5
2023-11-09,生物科技/医药,20,0.008071090754158766,0.45
2023-11-09,金融,3,-0.023964131106988234,0.3333333333333333
2023-11-10,TMT/互联网,9,0.026635075784867505,0.4444444444444444
2023-11-10,其他,2,-0.02127659574468085,0.5
2023-11-10,地产/建筑,5,-0.03565996838926695,0.8
2023-11-10,工业/制造,10,-0.016475782632129028,0.4
2023-11-10,新能源/汽车,1,-0.0657894736842105,1.0
2023-11-10,消费/零售,23,-0.002029061868829351,0.5217391304347826
2023-11-10,生物科技/医药,20,0.008071090754158766,0.45
2023-11-10,金融,3,-0.023964131106988234,0.3333333333333333
2023-11-11,TMT/互联网,9,0.026635075784867505,0.4444444444444444
2023-11-11,其他,2,-0.02127659574468085,0.5
2023-11-11,地产/建筑,5,-0.03565996838926695,0.8
2023-11-11,工业/制造,10,-0.016475782632129028,0.4
2023-11-11,新能源/汽车,1,-0.0657894736842105,1.0
2023-11-11,消费/零售,22,-0.0017406916927931054,0.5
2023-11-11,生物科技/医药,20,0.008071090754158766,0.45
2023-11-11,金融,3,-0.023964131106988234,0.3333333333333333
2023-11-12,TMT/互联网,9,0.026635075784867505,0.4444444444444444
2023-11-12,其他,2,-0.02127659574468085,0.5
2023-11-12,地产/建筑,5,-0.03565996838926695,0.8
2023-11-12,工业/制造,10,-0.016475782632129028,0.4
2023-11-12,新能源/汽车,1,-0.0657894736842105,1.0
2023-11-12,消费/零售,22,-0.0017406916927931054,0.5
2023-11-12,生物科技/医药,20,0.008071090754158766,0.45
2023-11-12,金融,3,-0.023964131106988234,0.3333333333333333
2023-11-13,TMT/互联网,9,0.026635075784867505,0.4444444444444444
2023-11-13,其他,2,-0.02127659574468085,0.5
2023-11-13,地产/建筑,5,-0.03565996838926695,0.8
2023-11-13,工业/制造,10,-0.016475782632129028,0.4
2023-11-13,新能源/汽车,1,-0.0657894736842105,1.0
2023-11-13,消费/零售,22,-0.0017406916927931054,0.5
2023-11-13,生物科技/医药,20,0.008071090754158766,0.45
2023-11-13,金融,3,-0.023964131106988234,0.3333333333333333
2023-11-14,TMT/互联网,9,0.026635075784867505,0.4444444444444444
2023-11-14,其他,2,-0.02127659574468085,0.5
2023-11-14,地产/建筑,5,-0.03565996838926695,0.8
2023-11-14,工业/制造,10,-0.016475782632129028,0.4
2023-11-14,新能源/汽车,1,-0.0657894736842105,1.0
2023-11-14,消费/零售,22,-0.0017406916927931054,0.5
2023-11-14,生物科技/医药,20,0.008071090754158766,0.45
2023-11-14,金融,3,-0.023964131106988234,0.3333333333333333
2023-11-15,TMT/互联网,9,0.026635075784867505,0.4444444444444444
2023-11-15,其他,2,-0.02127659574468085,0.5
2023-11-15,地产/建筑,5,-0.03565996838926695,0.8
2023-11-15,工业/制造,10,-0.016475782632129028,0.4
2023-11-15,新能源/汽车,1,-0.0657894736842105,1.0
2023-11-15,消费/零售,22,-0.0017406916927931054,0.5
2023-11-15,生物科技/医药,20,0.008071090754158766,0.45
2023-11-15,金融,3,-0.023964131106988234,0.3333333333333333
2023-11-16,TMT/互联网,9,0.026635075784867505,0.4444444444444444
2023-11-16,其他,2,-0.02127659574468085,0.5
2023-11-16,地产/建筑,5,-0.03565996838926695,0.8
2023-11-16,工业/制造,10,-0.016475782632129028,0.4
2023-11-16,新能源/汽车,0,,
2023-11-16,消费/零售,22,-0.0017406916927931054,0.5
2023-11-16,生物科技/医药,20,0.008071090754158766,0.45
2023-11-16,金融,3,-0.023964131106988234,0.3333333333333333
2023-11-17,TMT/互联网,9,0.026635075784867505,0.4444444444444444
2023-11-17,其他,2,-0.02127659574468085,0.5
2023-11-17,地产/建筑,5,-0.03565996838926695,0.8
2023-11-17,工业/制造,10,-0.016475782632129028,0.4
2023-11-17,新能源/汽车,0,,
2023-11-17,消费/零售,22,-0.0017406916927931054,0.5
2023-11-17,生物科技/医药,21,0.009542040668772109,0.42857142857142855
2023-11-17,金融,3,-0.023964131106988234,0.3333333333333333
2023-11-18,TMT/互联网,9,0.026635075784867505,0.4444444444444444
2023-11-18,其他,2,-0.02127659574468085,0.5
2023-11-18,地产/建筑,5,-0.03565996838926695,0.8
2023-11-18,工业/制造,10,-0.016475782632129028,0.4
2023-11-18,新能源/汽车,0,,
2023-11-18,消费/零售,22,-0.0017406916927931054,0.5
2023-11-18,生物科技/医药,21,0.009542040668772109,0.42857142857142855
2023-11-18,金融,3,-0.023964131106988234,0.3333333333333333
2023-11-19,TMT/互联网,9,0.026635075784867505,0.4444444444444444
2023-11-19,其他,2,-0.02127659574468085,0.5
2023-11-19,地产/建筑,5,-0.03565996838926695,0.8
2023-11-19,工业/制造,10,-0.016475782632129028,0.4
2023-11-19,新能源/汽车,0,,
2023-11-19,消费/零售,22,-0.0017406916927931054,0.5
2023-11-19,生物科技/医药,21,0.009542040668772109,0.42857142857142855
2023-11-19,金融,3,-0.023964131106988234,0.3333333333333333
2023-11-20,TMT/互联网,9,0.026635075784867505,0.4444444444444444
2023-11-20,其他,2,-0.02127659574468085,0.5
2023-11-20,地产/建筑,5,-0.03565996838926695,0.8
2023-11-20,工业/制造,10,-0.016475782632129028,0.4
2023-11-20,新能源/汽车,0,,
2023-11-20,消费/零售,22,-0.0017406916927931054,0.5
2023-11-20,生物科技/医药,21,0.009542040668772109,0.42857142857142855
2023-11-20,金融,3,-0.023964131106988234,0.3333333333333333
2023-11-21,TMT/互联网,9,0.026635075784867505,0.4444444444444444
2023-11-21,其他,2,-0.02127659574468085,0.5
2023-11-21,地产/建筑,5,-0.03565996838926695,0.8
2023-11-21,工业/制造,10,-0.016475782632129028,0.4
2023-11-21,新能源/汽车,0,,
2023-11-21,消费/零售,22,-0.0017406916927931054,0.5
2023-11-21,生物科技/医药,21,0.009542040668772109,0.42857142857142855
2023-11-21,金融,3,-0.023964131106988234,0.3333333333333333
2023-11-22,TMT/互联网,9,0.026635075784867505,0.4444444444444444
2023-11-22,其他,2,-0.02127659574468085,0.5
2023-11-22,地产/建筑,6,-0.02971664032438913,0.6666666666666666
2023-11-22,工业/制造,10,-0.016475782632129028,0.4
2023-11-22,新能源/汽车,0,,
2023-11-22,消费/零售,22,-0.0017406916927931054,0.5
2023-11-22,生物科技/医药,21,0.009542040668772109,0.42857142857142855
2023-11-22,金融,3,-0.023964131106988234,0.3333333333333333
2023-11-23,TMT/互联网,9,0.026635075784867505,0.4444444444444444
2023-11-23,其他,2,-0.02127659574468085,0.5
2023-11-23,地产/建筑,6,-0.02971664032438913,0.6666666666666666
2023-11-23,工业/制造,10,-0.016475782632129028,0.4
2023-11-23,新能源/汽车,0,,
2023-11-23,消费/零售,22,-0.0017406916927931054,0.5
2023-11-23,生物科技/医药,21,0.009542040668772109,0.42857142857142855
2023-11-23,金融,3,-0.023964131106988234,0.3333333333333333
2023-11-24,TMT/互联网,8,0.03154673873898861,0.375
2023-11-24,其他,2,-0.02127659574468085,0.5
2023-11-24,地产/建筑,6,-0.02971664032438913,0.6666666666666666
2023-11-24,工业/制造,10,-0.016475782632129028,0.4
2023-11-24,新能源/汽车,0,,
2023-11-24,消费/零售,22,-0.0017406916927931054,0.5
2023-11-24,生物科技/医药,21,0.009542040668772109,0.42857142857142855
2023-11-24,金融,3,-0.023964131106988234,0.3333333333333333
2023-11-25,TMT/互联网,8,0.03154673873898861,0.375
2023-11-25,其他,2,-0.02127659574468085,0.5
2023-11-25,地产/建筑,6,-0.02971664032438913,0.6666666666666666
2023-11-25,工业/制造,10,-0.016475782632129028,0.4
2023-11-25,新能源/汽车,0,,
2023-11-25,消费/零售,22,-0.0017406916927931054,0.5
2023-11-25,生物科技/医药,21,0.009542040668772109,0.42857142857142855
2023-11-25,金融,3,-0.023964131106988234,0.3333333333333333
2023-11-26,TMT/互联网,8,0.03154673873898861,0.375
2023-11-26,其他,2,-0.02127659574468085,0.5
2023-11-26,地产/建筑,6,-0.02971664032438913,0.6666666666666666
2023-11-26,工业/制造,10,-0.016475782632129028,0.4
2023-11-26,新能源/汽车,0,,
2023-11-26,消费/零售,22,-0.0017406916927931054,0.5
2023-11-26,生物科技/医药,21,0.009542040668772109,0.42857142857142855
2023-11-26,金融,3,-0.023964131106988234,0.3333333333333333
2023-11-27,TMT/互联网,8,0.03154673873898861,0.375
2023-11-27,其他,2,-0.02127659574468085,0.5
2023-11-27,地产/建筑,6,-0.02971664032438913,0.6666666666666666
2023-11-27,工业/制造,10,-0.016475782632129028,0.4
2023-11-27,新能源/汽车,0,,
2023-11-27,消费/零售,22,-0.0017406916927931054,0.5
2023-11-27,生物科技/医药,21,0.009542040668772109,0.42857142857142855
2023-11-27,金融,3,-0.023964131106988234,0.3333333333333333
2023-11-28,TMT/互联网,8,0.03154673873898861,0.375
2023-11-28,其他,2,-0.02127659574468085,0.5
2023-11-28,地产/建筑,6,-0.02971664032438913,0.6666666666666666
2023-11-28,工业/制造,10,-0.016475782632129028,0.4
2023-11-28,新能源/汽车,0,,
2023-11-28,消费/零售,22,-0.0017406916927931054,0.5
2023-11-28,生物科技/医药,21,0.009542040668772109,0.42857142857142855
2023-11-28,金融,3,-0.023964131106988234,0.3333333333333333
2023-11-29,TMT/互联网,8,0.03154673873898861,0.375
2023-11-29,其他,2,-0.02127659574468085,0.5
2023-11-29,地产/建筑,6,-0.02971664032438913,0.6666666666666666
2023-11-29,工业/制造,10,-0.016475782632129028,0.4
2023-11-29,新能源/汽车,0,,
2023-11-29,消费/零售,22,-0.0017406916927931054,0.5
2023-11-29,生物科技/医药,21,0.009542040668772109,0.42857142857142855
2023-11-29,金融,2,-0.0473098330241187,0.5
2023-11-30,TMT/互联网,8,0.03154673873898861,0.375
2023-11-30,其他,2,-0.02127659574468085,0.5
2023-11-30,地产/建筑,6,-0.02971664032438913,0.6666666666666666
2023-11-30,工业/制造,10,-0.016475782632129028,0.4
2023-11-30,新能源/汽车,0,,
2023-11-30,消费/零售,22,-0.0017406916927931054,0.5
2023-11-30,生物科技/医药,21,0.009542040668772109,0.42857142857142855
2023-11-30,金融,2,-0.0473098330241187,0.5
2023-12-01,TMT/互联网,8,0.03154673873898861,0.375
2023-12-01,其他,2,-0.02127659574468085,0.5
2023-12-01,地产/建筑,6,-0.02971664032438913,0.6666666666666666
2023-12-01,工业/制造,9,-0.01830642514681003,0.4444444444444444
2023-12-01,新能源/汽车,0,,
2023-12-01,消费/零售,22,-0.0017406916927931054,0.5
2023-12-01,生物科技/医药,21,0.009542040668772109,0.42857142857142855
2023-12-01,金融,2,-0.0473098330241187,0.5
2023-12-02,TMT/互联网,8,0.03154673873898861,0.375
2023-12-02,其他,2,-0.02127659574468085,0.5
2023-12-02,地产/建筑,6,-0.02971664032438913,0.6666666666666666
2023-12-02,工业/制造,9,-0.01830642514681003,0.4444444444444444
2023-12-02,新能源/汽车,0,,
2023-12-02,消费/零售,22,-0.0017406916927931054,0.5
2023-12-02,生物科技/医药,21,0.009542040668772109,0.42857142857142855
2023-12-02,金融,2,-0.0473098330241187,0.5
2023-12-03,TMT/互联网,8,0.03154673873898861,0.375
2023-12-03,其他,2,-0.02127659574468085,0.5
2023-12-03,地产/建筑,6,-0.02971664032438913,0.6666666666666666
2023-12-03,工业/制造,9,-0.01830642514681003,0.4444444444444444
2023-12-03,新能源/汽车,0,,
2023-12-03,消费/零售,22,-0.0017406916927931054,0.5
2023-12-03,生物科技/医药,21,0.009542040668772109,0.42857142857142855
2023-12-03,金融,2,-0.0473098330241187,0.5
2023-12-04,TMT/互联网,8,0.03154673873898861,0.375
2023-12-04,其他,2,-0.02127659574468085,0.5
2023-12-04,地产/建筑,6,-0.02971664032438913,0.6666666666666666
2023-12-04,工业/制造,9,-0.01830642514681003,0.4444444444444444
2023-12-04,新能源/汽车,0,,
2023-12-04,消费/零售,22,-0.0017406916927931054,0.5
2023-12-04,生物科技/医药,21,0.009542040668772109,0.42857142857142855
2023-12-04,金融,2,-0.0473098330241187,0.5
2023-12-05,TMT/互联网,8,0.03154673873898861,0.375
2023-12-05,其他,2,-0.02127659574468085,0.5
2023-12-05,地产/建筑,6,-0.02971664032438913,0.6666666666666666
2023-12-05,工业/制造,10,0.0035242173678709738,0.4
2023-12-05,新能源/汽车,0,,
2023-12-05,消费/零售,23,0.0026828166416761603,0.4782608695652174
2023-12-05,生物科技/医药,21,0.009542040668772109,0.42857142857142855
2023-12-05,金融,3,0.0057271920625958,0.3333333333333333
2023-12-06,TMT/互联网,8,0.03154673873898861,0.375
2023-12-06,其他,2,-0.02127659574468085,0.5
2023-12-06,地产/建筑,6,-0.02971664032438913,0.6666666666666666
2023-12-06,工业/制造,10,0.0035242173678709738,0.4
2023-12-06,新能源/汽车,0,,
2023-12-06,消费/零售,24,0.0031912401025354967,0.4583333333333333
2023-12-06,生物科技/医药,21,0.009542040668772109,0.42857142857142855
2023-12-06,金融,3,0.0057271920625958,0.3333333333333333
2023-12-07,TMT/互联网,8,0.03154673873898861,0.375
2023-12-07,其他,2,-0.02127659574468085,0.5
2023-12-07,地产/建筑,6,-0.02971664032438913,0.6666666666666666
2023-12-07,工业/制造,10,0.0035242173678709738,0.4
2023-12-07,新能源/汽车,0,,
2023-12-07,消费/零售,24,0.0031912401025354967,0.4583333333333333
2023-12-07,生物科技/医药,21,0.009542040668772109,0.42857142857142855
2023-12-07,金融,3,0.0057271920625958,0.3333333333333333
2023-12-08,TMT/互联网,8,0.03154673873898861,0.375
2023-12-08,其他,2,-0.02127659574468085,0.5
2023-12-08,地产/建筑,6,-0.02971664032438913,0.6666666666666666
2023-12-08,工业/制造,10,0.0035242173678709738,0.4
2023-12-08,新能源/汽车,0,,
2023-12-08,消费/零售,24,0.0031912401025354967,0.4583333333333333
2023-12-08,生物科技/医药,21,0.009542040668772109,0.42857142857142855
2023-12-08,金融,3,0.0057271920625958,0.3333333333333333
2023-12-09,TMT/互联网,8,0.03154673873898861,0.375
2023-12-09,其他,2,-0.02127659574468085,0.5
2023-12-09,地产/建筑,6,-0.02971664032438913,0.6666666666666666
2023-12-09,工业/制造,10,0.0035242173678709738,0.4
2023-12-09,新能源/汽车,0,,
2023-12-09,消费/零售,24,0.0031912401025354967,0.4583333333333333
2023-12-09,生物科技/医药,21,0.009542040668772109,0.42857142857142855
2023-12-09,金融,2,0.0085907880938937,0.5
2023-12-10,TMT/互联网,8,0.03154673873898861,0.375
2023-12-10,其他,2,-0.02127659574468085,0.5
2023-12-10,地产/建筑,6,-0.02971664032438913,0.6666666666666666
2023-12-10,工业/制造,10,0.0035242173678709738,0.4
2023-12-10,新能源/汽车,0,,
2023-12-10,消费/零售,24,0.0031912401025354967,0.4583333333333333
2023-12-10,生物科技/医药,21,0.009542040668772109,0.42857142857142855
2023-12-10,金融,2,0.0085907880938937,0.5
2023-12-11,TMT/互联网,8,0.03154673873898861,0.375
2023-12-11,其他,2,-0.02127659574468085,0.5
2023-12-11,地产/建筑,6,-0.02971664032438913,0.6666666666666666
2023-12-11,工业/制造,10,0.0035242173678709738,0.4
2023-12-11,新能源/汽车,0,,
2023-12-11,消费/零售,24,0.0031912401025354967,0.4583333333333333
2023-12-11,生物科技/医药,21,0.009542040668772109,0.42857142857142855
2023-12-11,金融,2,0.0085907880938937,0.5
2023-12-12,TMT/互联网,7,0.05021042985871542,0.2857142857142857
2023-12-12,其他,1,0.0,0.0
2023-12-12,地产/建筑,6,-0.02971664032438913,0.6666666666666666
2023-12-12,工业/制造,10,0.0035242173678709738,0.4
2023-12-12,新能源/汽车,0,,
2023-12-12,消费/零售,25,1.597145081503132e-05,0.48
2023-12-12,生物科技/医药,20,0.009823830202210717,0.45
2023-12-12,金融,2,0.0085907880938937,0.5
2023-12-13,TMT/互联网,7,0.05021042985871542,0.2857142857142857
2023-12-13,其他,1,0.0,0.0
2023-12-13,地产/建筑,6,-0.02971664032438913,0.6666666666666666
2023-12-13,工业/制造,10,0.0035242173678709738,0.4
2023-12-13,新能源/汽车,0,,
2023-12-13,消费/零售,25,1.597145081503132e-05,0.48
2023-12-13,生物科技/医药,20,0.009823830202210717,0.45
2023-12-13,金融,2,0.0085907880938937,0.5
2023-12-14,TMT/互联网,7,0.05021042985871542,0.2857142857142857
2023-12-14,其他,1,0.0,0.0
2023-12-14,地产/建筑,6,-0.02971664032438913,0.6666666666666666
2023-12-14,工业/制造,10,0.0035242173678709738,0.4
2023-12-14,新能源/汽车,0,,
2023-12-14,消费/零售,25,1.597145081503132e-05,0.48
2023-12-14,生物科技/医药,19,0.013110956999556988,0.42105263157894735
2023-12-14,金融,2,0.0085907880938937,0.5
2023-12-15,TMT/互联网,7,0.05021042985871542,0.2857142857142857
2023-12-15,其他,1,0.0,0.0
2023-12-15,地产/建筑,6,-0.02971664032438913,0.6666666666666666
2023-12-15,工业/制造,10,0.0035242173678709738,0.4
2023-12-15,新能源/汽车,0,,
2023-12-15,消费/零售,23,0.007520692285160598,0.43478260869565216
2023-12-15,生物科技/医药,18,0.009145856909494064,0.4444444444444444
2023-12-15,金融,2,0.0085907880938937,0.5
2023-12-16,TMT/互联网,7,0.05021042985871542,0.2857142857142857
2023-12-16,其他,1,0.0,0.0
2023-12-16,地产/建筑,6,-0.02971664032438913,0.6666666666666666
2023-12-16,工业/制造,10,0.0035242173678709738,0.4
2023-12-16,新能源/汽车,0,,
2023-12-16,消费/零售,23,0.007520692285160598,0.43478260869565216
2023-12-16,生物科技/医药,18,0.009145856909494064,0.4444444444444444
2023-12-16,金融,2,0.0085907880938937,0.5
2023-12-17,TMT/互联网,7,0.05021042985871542,0.2857142857142857
2023-12-17,其他,1,0.0,0.0
2023-12-17,地产/建筑,6,-0.02971664032438913,0.6666666666666666
2023-12-17,工业/制造,10,0.0035242173678709738,0.4
2023-12-17,新能源/汽车,0,,
2023-12-17,消费/零售,23,0.007520692285160598,0.43478260869565216
2023-12-17,生物科技/医药,18,0.009145856909494064,0.4444444444444444
2023-12-17,金融,2,0.0085907880938937,0.5
2023-12-18,TMT/互联网,7,0.05021042985871542,0.2857142857142857
2023-12-18,其他,1,0.0,0.0
2023-12-18,地产/建筑,6,-0.02971664032438913,0.6666666666666666
2023-12-18,工业/制造,11,0.004083599366686209,0.36363636363636365
2023-12-18,新能源/汽车,0,,
2023-12-18,消费/零售,23,0.007520692285160598,0.43478260869565216
2023-12-18,生物科技/医药,18,0.009145856909494064,0.4444444444444444
2023-12-18,金融,2,0.0085907880938937,0.5
2023-12-19,TMT/互联网,7,0.05021042985871542,0.2857142857142857
2023-12-19,其他,1,0.0,0.0
2023-12-19,地产/建筑,6,-0.02971664032438913,0.6666666666666666
2023-12-19,工业/制造,11,0.004083599366686209,0.36363636363636365
2023-12-19,新能源/汽车,0,,
2023-12-19,消费/零售,23,0.007520692285160598,0.43478260869565216
2023-12-19,生物科技/医药,18,0.009145856909494064,0.4444444444444444
2023-12-19,金融,2,0.0085907880938937,0.5
2023-12-20,TMT/互联网,8,0.02828268788610528,0.375
2023-12-20,其他,1,0.0,0.0
2023-12-20,地产/建筑,6,-0.02971664032438913,0.6666666666666666
2023-12-20,工业/制造,12,-0.011193807498776631,0.4166666666666667
2023-12-20,新能源/汽车,0,,
2023-12-20,消费/零售,23,0.007520692285160598,0.43478260869565216
2023-12-20,生物科技/医药,18,0.009145856909494064,0.4444444444444444
2023-12-20,金融,2,0.0085907880938937,0.5
2023-12-21,TMT/互联网,8,0.02828268788610528,0.375
2023-12-21,其他,1,0.0,0.0
2023-12-21,地产/建筑,6,-0.02971664032438913,0.6666666666666666
2023-12-21,工业/制造,12,-0.011193807498776631,0.4166666666666667
2023-12-21,新能源/汽车,0,,
2023-12-21,消费/零售,23,0.007520692285160598,0.43478260869565216
2023-12-21,生物科技/医药,18,0.009145856909494064,0.4444444444444444
2023-12-21,金融,2,0.0085907880938937,0.5
2023-12-22,TMT/互联网,8,0.02828268788610528,0.375
2023-12-22,其他,1,0.0,0.0
2023-12-22,地产/建筑,6,-0.02971664032438913,0.6666666666666666
2023-12-22,工业/制造,14,-0.019075407504876844,0.42857142857142855
2023-12-22,新能源/汽车,0,,
2023-12-22,消费/零售,24,-0.0005808318871572312,0.4583333333333333
2023-12-22,生物科技/医药,18,0.011289779355429939,0.4444444444444444
2023-12-22,金融,2,0.0085907880938937,0.5
2023-12-23,TMT/互联网,8,0.02828268788610528,0.375
2023-12-23,其他,1,0.0,0.0
2023-12-23,地产/建筑,6,-0.02971664032438913,0.6666666666666666
2023-12-23,工业/制造,14,-0.019075407504876844,0.42857142857142855
2023-12-23,新能源/汽车,0,,
2023-12-23,消费/零售,24,-0.0005808318871572312,0.4583333333333333
2023-12-23,生物科技/医药,16,0.006786936278119138,0.5
2023-12-23,金融,2,0.0085907880938937,0.5
2023-12-24,TMT/互联网,8,0.02828268788610528,0.375
2023-12-24,其他,1,0.0,0.0
2023-12-24,地产/建筑,6,-0.02971664032438913,0.6666666666666666
2023-12-24,工业/制造,14,-0.019075407504876844,0.42857142857142855
2023-12-24,新能源/汽车,0,,
2023-12-24,消费/零售,24,-0.0005808318871572312,0.4583333333333333
2023-12-24,生物科技/医药,16,0.006786936278119138,0.5
2023-12-24,金融,2,0.0085907880938937,0.5
2023-12-25,TMT/互联网,8,0.02828268788610528,0.375
2023-12-25,其他,1,0.0,0.0
2023-12-25,地产/建筑,6,-0.02971664032438913,0.6666666666666666
2023-12-25,工业/制造,14,-0.019075407504876844,0.42857142857142855
2023-12-25,新能源/汽车,0,,
2023-12-25,消费/零售,24,-0.0005808318871572312,0.4583333333333333
2023-12-25,生物科技/医药,16,0.006786936278119138,0.5
2023-12-25,金融,2,0.0085907880938937,0.5
2023-12-26,TMT/互联网,8,0.02828268788610528,0.375
2023-12-26,其他,1,0.0,0.0
2023-12-26,地产/建筑,6,-0.02971664032438913,0.6666666666666666
2023-12-26,工业/制造,14,-0.019075407504876844,0.42857142857142855
2023-12-26,新能源/汽车,0,,
2023-12-26,消费/零售,24,-0.0005808318871572312,0.4583333333333333
2023-12-26,生物科技/医药,16,0.006786936278119138,0.5
2023-12-26,金融,2,0.0085907880938937,0.5
2023-12-27,TMT/互联网,8,0.02828268788610528,0.375
2023-12-27,其他,1,0.0,0.0
2023-12-27,地产/建筑,6,-0.02971664032438913,0.6666666666666666
2023-12-27,工业/制造,14,-0.019075407504876844,0.42857142857142855
2023-12-27,新能源/汽车,0,,
2023-12-27,消费/零售,24,-0.0005808318871572312,0.4583333333333333
2023-12-27,生物科技/医药,16,0.006786936278119138,0.5
2023-12-27,金融,2,0.0085907880938937,0.5
2023-12-28,TMT/互联网,9,0.014716569759926797,0.4444444444444444
2023-12-28,其他,1,0.0,0.0
2023-12-28,地产/建筑,6,-0.02971664032438913,0.6666666666666666
2023-12-28,工业/制造,14,-0.019075407504876844,0.42857142857142855
2023-12-28,新能源/汽车,0,,
2023-12-28,消费/零售,24,-0.0005808318871572312,0.4583333333333333
2023-12-28,生物科技/医药,16,0.006786936278119138,0.5
2023-12-28,金融,2,0.0085907880938937,0.5
2023-12-29,TMT/互联网,10,0.014301642483600396,0.4
2023-12-29,其他,1,0.0,0.0
2023-12-29,地产/建筑,6,-0.02971664032438913,0.6666666666666666
2023-12-29,工业/制造,14,-0.019075407504876844,0.42857142857142855
2023-12-29,新能源/汽车,0,,
2023-12-29,消费/零售,23,-0.017503166860678866,0.4782608695652174
2023-12-29,生物科技/医药,15,-0.02331615685889515,0.5333333333333333
2023-12-29,金融,2,0.0085907880938937,0.5
2023-12-30,TMT/互联网,10,0.014301642483600396,0.4
2023-12-30,其他,1,0.0,0.0
2023-12-30,地产/建筑,6,-0.02971664032438913,0.6666666666666666
2023-12-30,工业/制造,14,-0.019075407504876844,0.42857142857142855
2023-12-30,新能源/汽车,0,,
2023-12-30,消费/零售,22,-0.02031068785807187,0.5
2023-12-30,生物科技/医药,13,-0.02302398629614472,0.46153846153846156
2023-12-30,金融,2,0.0085907880938937,0.5
2023-12-31,TMT/互联网,10,0.014301642483600396,0.4
2023-12-31,其他,1,0.0,0.0
2023-12-31,地产/建筑,6,-0.02971664032438913,0.6666666666666666
2023-12-31,工业/制造,14,-0.019075407504876844,0.42857142857142855
2023-12-31,新能源/汽车,0,,
2023-12-31,消费/零售,22,-0.02031068785807187,0.5
2023-12-31,生物科技/医药,13,-0.02302398629614472,0.46153846153846156
2023-12-31,金融,2,0.0085907880938937,0.5
2024-01-01,TMT/互联网,10,0.014301642483600396,0.4
2024-01-01,其他,1,0.0,0.0
2024-01-01,地产/建筑,6,-0.02971664032438913,0.6666666666666666
2024-01-01,工业/制造,14,-0.019075407504876844,0.42857142857142855
2024-01-01,新能源/汽车,0,,
2024-01-01,消费/零售,22,-0.02031068785807187,0.5
2024-01-01,生物科技/医药,13,-0.02302398629614472,0.46153846153846156
2024-01-01,金融,2,0.0085907880938937,0.5
2024-01-02,TMT/互联网,10,0.014301642483600396,0.4
2024-01-02,其他,1,0.0,0.0
2024-01-02,地产/建筑,6,-0.02971664032438913,0.6666666666666666
2024-01-02,工业/制造,14,-0.019075407504876844,0.42857142857142855
2024-01-02,新能源/汽车,0,,
2024-01-02,消费/零售,22,-0.02031068785807187,0.5
2024-01-02,生物科技/医药,13,-0.02302398629614472,0.46153846153846156
2024-01-02,金融,2,0.0085907880938937,0.5
2024-01-03,TMT/互联网,10,0.014301642483600396,0.4
2024-01-03,其他,1,0.0,0.0
2024-01-03,地产/建筑,6,-0.02971664032438913,0.6666666666666666
2024-01-03,工业/制造,14,-0.019075407504876844,0.42857142857142855
2024-01-03,新能源/汽车,0,,
2024-01-03,消费/零售,22,-0.02031068785807187,0.5
2024-01-03,生物科技/医药,13,-0.02302398629614472,0.46153846153846156
2024-01-03,金融,2,0.0085907880938937,0.5
2024-01-04,TMT/互联网,10,0.014301642483600396,0.4
2024-01-04,其他,1,0.0,0.0
2024-01-04,地产/建筑,6,-0.02971664032438913,0.6666666666666666
2024-01-04,工业/制造,14,-0.019075407504876844,0.42857142857142855
2024-01-04,新能源/汽车,0,,
2024-01-04,消费/零售,22,-0.02031068785807187,0.5
2024-01-04,生物科技/医药,13,-0.02302398629614472,0.46153846153846156
2024-01-04,金融,2,0.0085907880938937,0.5
2024-01-05,TMT/互联网,11,0.013001493166909456,0.36363636363636365
2024-01-05,其他,1,0.0,0.0
2024-01-05,地产/建筑,6,-0.02971664032438913,0.6666666666666666
2024-01-05,工业/制造,14,-0.019075407504876844,0.42857142857142855
2024-01-05,新能源/汽车,0,,
2024-01-05,消费/零售,22,-0.02031068785807187,0.5
2024-01-05,生物科技/医药,13,-0.02302398629614472,0.46153846153846156
2024-01-05,金融,2,0.0085907880938937,0.5
2024-01-06,TMT/互联网,11,0.013001493166909456,0.36363636363636365
2024-01-06,其他,1,0.0,0.0
2024-01-06,地产/建筑,6,-0.02971664032438913,0.6666666666666666
2024-01-06,工业/制造,14,-0.019075407504876844,0.42857142857142855
2024-01-06,新能源/汽车,0,,
2024-01-06,消费/零售,22,-0.02031068785807187,0.5
2024-01-06,生物科技/医药,13,-0.02302398629614472,0.46153846153846156
2024-01-06,金融,2,0.0085907880938937,0.5
2024-01-07,TMT/互联网,11,0.013001493166909456,0.36363636363636365
2024-01-07,其他,1,0.0,0.0
2024-01-07,地产/建筑,6,-0.02971664032438913,0.6666666666666666
2024-01-07,工业/制造,14,-0.019075407504876844,0.42857142857142855
2024-01-07,新能源/汽车,0,,
2024-01-07,消费/零售,22,-0.02031068785807187,0.5
2024-01-07,生物科技/医药,13,-0.02302398629614472,0.46153846153846156
2024-01-07,金融,2,0.0085907880938937,0.5
2024-01-08,TMT/互联网,11,0.013001493166909456,0.36363636363636365
2024-01-08,其他,1,0.0,0.0
2024-01-08,地产/建筑,6,-0.02971664032438913,0.6666666666666666
2024-01-08,工业/制造,14,-0.019075407504876844,0.42857142857142855
2024-01-08,新能源/汽车,0,,
2024-01-08,消费/零售,22,-0.02031068785807187,0.5
2024-01-08,生物科技/医药,13,-0.02302398629614472,0.46153846153846156
2024-01-08,金融,2,0.0085907880938937,0.5
2024-01-09,TMT/互联网,11,0.013001493166909456,0.36363636363636365
2024-01-09,其他,1,0.0,0.0
2024-01-09,地产/建筑,7,-0.04134442186534942,0.7142857142857143
2024-01-09,工业/制造,14,-0.019075407504876844,0.42857142857142855
2024-01-09,新能源/汽车,0,,
2024-01-09,消费/零售,22,-0.01687232294429711,0.5
2024-01-09,生物科技/医药,14,-0.012049969782280161,0.42857142857142855
2024-01-09,金融,2,0.0085907880938937,0.5
2024-01-10,TMT/互联网,11,0.013001493166909456,0.36363636363636365
2024-01-10,其他,1,0.0,0.0
2024-01-10,地产/建筑,7,-0.04134442186534942,0.7142857142857143
2024-01-10,工业/制造,14,-0.019075407504876844,0.42857142857142855
2024-01-10,新能源/汽车,0,,
2024-01-10,消费/零售,22,-0.01687232294429711,0.5
2024-01-10,生物科技/医药,14,-0.012049969782280161,0.42857142857142855
2024-01-10,金融,2,0.0085907880938937,0.5
2024-01-11,TMT/互联网,11,0.013001493166909456,0.36363636363636365
2024-01-11,其他,1,0.0,0.0
2024-01-11,地产/建筑,7,-0.04134442186534942,0.7142857142857143
2024-01-11,工业/制造,14,-0.019075407504876844,0.42857142857142855
2024-01-11,新能源/汽车,0,,
2024-01-11,消费/零售,22,-0.01687232294429711,0.5
2024-01-11,生物科技/医药,14,-0.012049969782280161,0.42857142857142855
2024-01-11,金融,2,0.0085907880938937,0.5
2024-01-12,TMT/互联网,12,0.05287848738040146,0.3333333333333333
2024-01-12,其他,1,0.0,0.0
2024-01-12,地产/建筑,7,-0.04134442186534942,0.7142857142857143
2024-01-12,工业/制造,13,-0.020542746543713523,0.46153846153846156
2024-01-12,新能源/汽车,0,,
2024-01-12,消费/零售,22,-0.01687232294429711,0.5
2024-01-12,生物科技/医药,14,-0.012049969782280161,0.42857142857142855
2024-01-12,金融,2,0.0085907880938937,0.5
2024-01-13,TMT/互联网,12,0.05287848738040146,0.3333333333333333
2024-01-13,其他,1,0.0,0.0
2024-01-13,地产/建筑,7,-0.04134442186534942,0.7142857142857143
2024-01-13,工业/制造,13,-0.020542746543713523,0.46153846153846156
2024-01-13,新能源/汽车,0,,
2024-01-13,消费/零售,21,-0.0060927553110139655,0.47619047619047616
2024-01-13,生物科技/医药,14,-0.012049969782280161,0.42857142857142855
2024-01-13,金融,2,0.0085907880938937,0.5
2024-01-14,TMT/互联网,12,0.05287848738040146,0.3333333333333333
2024-01-14,其他,1,0.0,0.0
2024-01-14,地产/建筑,7,-0.04134442186534942,0.7142857142857143
2024-01-14,工业/制造,13,-0.020542746543713523,0.46153846153846156
2024-01-14,新能源/汽车,0,,
2024-01-14,消费/零售,21,-0.0060927553110139655,0.47619047619047616
2024-01-14,生物科技/医药,14,-0.012049969782280161,0.42857142857142855
2024-01-14,金融,2,0.0085907880938937,0.5
2024-01-15,TMT/互联网,12,0.05287848738040146,0.3333333333333333
2024-01-15,其他,1,0.0,0.0
2024-01-15,地产/建筑,7,-0.04134442186534942,0.7142857142857143
2024-01-15,工业/制造,13,-0.020542746543713523,0.46153846153846156
2024-01-15,新能源/汽车,0,,
2024-01-15,消费/零售,21,-0.0060927553110139655,0.47619047619047616
2024-01-15,生物科技/医药,14,-0.012049969782280161,0.42857142857142855
2024-01-15,金融,2,0.0085907880938937,0.5
2024-01-16,TMT/互联网,11,0.04404925896043796,0.36363636363636365
2024-01-16,其他,1,0.0,0.0
2024-01-16,地产/建筑,7,-0.04134442186534942,0.7142857142857143
2024-01-16,工业/制造,13,-0.020542746543713523,0.46153846153846156
2024-01-16,新能源/汽车,0,,
2024-01-16,消费/零售,20,-0.002409663015214977,0.45
2024-01-16,生物科技/医药,13,-0.010833132653300447,0.38461538461538464
2024-01-16,金融,2,0.0085907880938937,0.5
2024-01-17,TMT/互联网,11,0.04404925896043796,0.36363636363636365
2024-01-17,其他,1,0.0,0.0
2024-01-17,地产/建筑,6,-0.03374240521971928,0.6666666666666666
2024-01-17,工业/制造,12,-0.027214959549340445,0.5
2024-01-17,新能源/汽车,0,,
2024-01-17,消费/零售,20,-0.002409663015214977,0.45
2024-01-17,生物科技/医药,13,-0.010833132653300447,0.38461538461538464
2024-01-17,金融,2,0.0085907880938937,0.5
2024-01-18,TMT/互联网,11,0.04404925896043796,0.36363636363636365
2024-01-18,其他,1,0.0,0.0
2024-01-18,地产/建筑,6,-0.03374240521971928,0.6666666666666666
2024-01-18,工业/制造,12,-0.027214959549340445,0.5
2024-01-18,新能源/汽车,0,,
2024-01-18,消费/零售,20,-0.002409663015214977,0.45
2024-01-18,生物科技/医药,13,-0.010833132653300447,0.38461538461538464
2024-01-18,金融,2,0.0085907880938937,0.5
2024-01-19,TMT/互联网,11,0.04404925896043796,0.36363636363636365
2024-01-19,其他,1,0.0,0.0
2024-01-19,地产/建筑,6,-0.03374240521971928,0.6666666666666666
2024-01-19,工业/制造,12,-0.027214959549340445,0.5
2024-01-19,新能源/汽车,0,,
2024-01-19,消费/零售,19,-0.006577840767895471,0.47368421052631576
2024-01-19,生物科技/医药,13,-0.010833132653300447,0.38461538461538464
2024-01-19,金融,2,0.0085907880938937,0.5
2024-01-20,TMT/互联网,11,0.04404925896043796,0.36363636363636365
2024-01-20,其他,1,0.0,0.0
2024-01-20,地产/建筑,5,-0.015697497833911105,0.6
2024-01-20,工业/制造,12,-0.027214959549340445,0.5
2024-01-20,新能源/汽车,0,,
2024-01-20,消费/零售,19,-0.006577840767895471,0.47368421052631576
2024-01-20,生物科技/医药,13,-0.010833132653300447,0.38461538461538464
2024-01-20,金融,2,0.0085907880938937,0.5
2024-01-21,TMT/互联网,11,0.04404925896043796,0.36363636363636365
2024-01-21,其他,1,0.0,0.0
2024-01-21,地产/建筑,5,-0.015697497833911105,0.6
2024-01-21,工业/制造,12,-0.027214959549340445,0.5
2024-01-21,新能源/汽车,0,,
2024-01-21,消费/零售,19,-0.006577840767895471,0.47368421052631576
2024-01-21,生物科技/医药,13,-0.010833132653300447,0.38461538461538464
2024-01-21,金融,2,0.0085907880938937,0.5
2024-01-22,TMT/互联网,11,0.04404925896043796,0.36363636363636365
2024-01-22,其他,1,0.0,0.0
2024-01-22,地产/建筑,5,-0.015697497833911105,0.6
2024-01-22,工业/制造,12,-0.027214959549340445,0.5
2024-01-22,新能源/汽车,0,,
2024-01-22,消费/零售,19,-0.006577840767895471,0.47368421052631576
2024-01-22,生物科技/医药,13,-0.010833132653300447,0.38461538461538464
2024-01-22,金融,2,0.0085907880938937,0.5
2024-01-23,TMT/互联网,11,0.04404925896043796,0.36363636363636365
2024-01-23,其他,1,0.0,0.0
2024-01-23,地产/建筑,5,-0.015697497833911105,0.6
2024-01-23,工业/制造,12,-0.027214959549340445,0.5
2024-01-23,新能源/汽车,0,,
2024-01-23,消费/零售,19,-0.006577840767895471,0.47368421052631576
2024-01-23,生物科技/医药,13,-0.010833132653300447,0.38461538461538464
2024-01-23,金融,2,0.0085907880938937,0.5
2024-01-24,TMT/互联网,11,0.04404925896043796,0.36363636363636365
2024-01-24,其他,1,0.0,0.0
2024-01-24,地产/建筑,5,-0.015697497833911105,0.6
2024-01-24,工业/制造,12,-0.027214959549340445,0.5
2024-01-24,新能源/汽车,0,,
2024-01-24,消费/零售,19,-0.006577840767895471,0.47368421052631576
2024-01-24,生物科技/医药,13,-0.010833132653300447,0.38461538461538464
2024-01-24,金融,2,0.0085907880938937,0.5
2024-01-25,TMT/互联网,11,0.04404925896043796,0.36363636363636365
2024-01-25,其他,1,0.0,0.0
2024-01-25,地产/建筑,5,-0.015697497833911105,0.6
2024-01-25,工业/制造,12,-0.027214959549340445,0.5
2024-01-25,新能源/汽车,0,,
2024-01-25,消费/零售,19,-0.006577840767895471,0.47368421052631576
2024-01-25,生物科技/医药,13,-0.010833132653300447,0.38461538461538464
2024-01-25,金融,2,0.0085907880938937,0.5
2024-01-26,TMT/互联网,11,0.04404925896043796,0.36363636363636365
2024-01-26,其他,1,0.0,0.0
2024-01-26,地产/建筑,5,-0.015697497833911105,0.6
2024-01-26,工业/制造,12,-0.027214959549340445,0.5
2024-01-26,新能源/汽车,0,,
2024-01-26,消费/零售,19,-0.006577840767895471,0.47368421052631576
2024-01-26,生物科技/医药,13,-0.010833132653300447,0.38461538461538464
2024-01-26,金融,2,0.0085907880938937,0.5
2024-01-27,TMT/互联网,11,0.04404925896043796,0.36363636363636365
2024-01-27,其他,1,0.0,0.0
2024-01-27,地产/建筑,5,-0.015697497833911105,0.6
2024-01-27,工业/制造,12,-0.027214959549340445,0.5
2024-01-27,新能源/汽车,0,,
2024-01-27,消费/零售,19,-0.006577840767895471,0.47368421052631576
2024-01-27,生物科技/医药,13,-0.010833132653300447,0.38461538461538464
2024-01-27,金融,2,0.0085907880938937,0.5
2024-01-28,TMT/互联网,11,0.04404925896043796,0.36363636363636365
2024-01-28,其他,1,0.0,0.0
2024-01-28,地产/建筑,5,-0.015697497833911105,0.6
2024-01-28,工业/制造,12,-0.027214959549340445,0.5
2024-01-28,新能源/汽车,0,,
2024-01-28,消费/零售,19,-0.006577840767895471,0.47368421052631576
2024-01-28,生物科技/医药,13,-0.010833132653300447,0.38461538461538464
2024-01-28,金融,2,0.0085907880938937,0.5
2024-01-29,TMT/互联网,11,0.04404925896043796,0.36363636363636365
2024-01-29,其他,1,0.0,0.0
2024-01-29,地产/建筑,5,-0.015697497833911105,0.6
2024-01-29,工业/制造,12,-0.027214959549340445,0.5
2024-01-29,新能源/汽车,0,,
2024-01-29,消费/零售,19,-0.006577840767895471,0.47368421052631576
2024-01-29,生物科技/医药,13,-0.010833132653300447,0.38461538461538464
2024-01-29,金融,2,0.0085907880938937,0.5
2024-01-30,TMT/互联网,11,0.04404925896043796,0.36363636363636365
2024-01-30,其他,1,0.0,0.0
2024-01-30,地产/建筑,5,-0.015697497833911105,0.6
2024-01-30,工业/制造,12,-0.027214959549340445,0.5
2024-01-30,新能源/汽车,0,,
2024-01-30,消费/零售,19,-0.006577840767895471,0.47368421052631576
2024-01-30,生物科技/医药,13,-0.010833132653300447,0.38461538461538464
2024-01-30,金融,2,0.0085907880938937,0.5
2024-01-31,TMT/互联网,11,0.04404925896043796,0.36363636363636365
2024-01-31,其他,1,0.0,0.0
2024-01-31,地产/建筑,5,-0.015697497833911105,0.6
2024-01-31,工业/制造,12,-0.027214959549340445,0.5
2024-01-31,新能源/汽车,0,,
2024-01-31,消费/零售,19,-0.006577840767895471,0.47368421052631576
2024-01-31,生物科技/医药,13,-0.010833132653300447,0.38461538461538464
2024-01-31,金融,2,0.0085907880938937,0.5
2024-02-01,TMT/互联网,11,0.04404925896043796,0.36363636363636365
2024-02-01,其他,1,0.0,0.0
2024-02-01,地产/建筑,5,-0.015697497833911105,0.6
2024-02-01,工业/制造,12,-0.027214959549340445,0.5
2024-02-01,新能源/汽车,0,,
2024-02-01,消费/零售,19,-0.006577840767895471,0.47368421052631576
2024-02-01,生物科技/医药,13,-0.010833132653300447,0.38461538461538464
2024-02-01,金融,2,0.0085907880938937,0.5
2024-02-02,TMT/互联网,11,0.04404925896043796,0.36363636363636365
2024-02-02,其他,1,0.0,0.0
2024-02-02,地产/建筑,5,-0.015697497833911105,0.6
2024-02-02,工业/制造,12,-0.027214959549340445,0.5
2024-02-02,新能源/汽车,0,,
2024-02-02,消费/零售,19,-0.006577840767895471,0.47368421052631576
2024-02-02,生物科技/医药,13,-0.010833132653300447,0.38461538461538464
2024-02-02,金融,2,0.0085907880938937,0.5
2024-02-03,TMT/互联网,11,0.04404925896043796,0.36363636363636365
2024-02-03,其他,1,0.0,0.0
2024-02-03,地产/建筑,5,-0.015697497833911105,0.6
2024-02-03,工业/制造,12,-0.027214959549340445,0.5
2024-02-03,新能源/汽车,0,,
2024-02-03,消费/零售,19,-0.006577840767895471,0.47368421052631576
2024-02-03,生物科技/医药,13,-0.010833132653300447,0.38461538461538464
2024-02-03,金融,2,0.0085907880938937,0.5
2024-02-04,TMT/互联网,11,0.04404925896043796,0.36363636363636365
2024-02-04,其他,1,0.0,0.0
2024-02-04,地产/建筑,5,-0.015697497833911105,0.6
2024-02-04,工业/制造,12,-0.027214959549340445,0.5
2024-02-04,新能源/汽车,0,,
2024-02-04,消费/零售,19,-0.006577840767895471,0.47368421052631576
2024-02-04,生物科技/医药,13,-0.010833132653300447,0.38461538461538464
2024-02-04,金融,2,0.0085907880938937,0.5
2024-02-05,TMT/互联网,11,0.04404925896043796,0.36363636363636365
2024-02-05,其他,1,0.0,0.0
2024-02-05,地产/建筑,5,-0.015697497833911105,0.6
2024-02-05,工业/制造,12,-0.027214959549340445,0.5
2024-02-05,新能源/汽车,0,,
2024-02-05,消费/零售,19,-0.006577840767895471,0.47368421052631576
2024-02-05,生物科技/医药,13,-0.010833132653300447,0.38461538461538464
2024-02-05,金融,2,0.0085907880938937,0.5
2024-02-06,TMT/互联网,11,0.04404925896043796,0.36363636363636365
2024-02-06,其他,1,0.0,0.0
2024-02-06,地产/建筑,5,-0.015697497833911105,0.6
2024-02-06,工业/制造,12,-0.027214959549340445,0.5
2024-02-06,新能源/汽车,0,,
2024-02-06,消费/零售,19,-0.006577840767895471,0.47368421052631576
2024-02-06,生物科技/医药,13,-0.010833132653300447,0.38461538461538464
2024-02-06,金融,2,0.0085907880938937,0.5
2024-02-07,TMT/互联网,11,0.04404925896043796,0.36363636363636365
2024-02-07,其他,1,0.0,0.0
2024-02-07,地产/建筑,5,-0.015697497833911105,0.6
2024-02-07,工业/制造,12,-0.027214959549340445,0.5
2024-02-07,新能源/汽车,0,,
2024-02-07,消费/零售,19,-0.006577840767895471,0.47368421052631576
2024-02-07,生物科技/医药,13,-0.010833132653300447,0.38461538461538464
2024-02-07,金融,2,0.0085907880938937,0.5
2024-02-08,TMT/互联网,11,0.04404925896043796,0.36363636363636365
2024-02-08,其他,1,0.0,0.0
2024-02-08,地产/建筑,5,-0.015697497833911105,0.6
2024-02-08,工业/制造,12,-0.027214959549340445,0.5
2024-02-08,新能源/汽车,0,,
2024-02-08,消费/零售,19,-0.006577840767895471,0.47368421052631576
2024-02-08,生物科技/医药,13,-0.010833132653300447,0.38461538461538464
2024-02-08,金融,2,0.0085907880938937,0.5
2024-02-09,TMT/互联网,11,0.04404925896043796,0.36363636363636365
2024-02-09,其他,1,0.0,0.0
2024-02-09,地产/建筑,5,-0.015697497833911105,0.6
2024-02-09,工业/制造,12,-0.027214959549340445,0.5
2024-02-09,新能源/汽车,0,,
2024-02-09,消费/零售,19,-0.006577840767895471,0.47368421052631576
2024-02-09,生物科技/医药,13,-0.010833132653300447,0.38461538461538464
2024-02-09,金融,2,0.0085907880938937,0.5
2024-02-10,TMT/互联网,11,0.04404925896043796,0.36363636363636365
2024-02-10,其他,1,0.0,0.0
2024-02-10,地产/建筑,5,-0.015697497833911105,0.6
2024-02-10,工业/制造,12,-0.027214959549340445,0.5
2024-02-10,新能源/汽车,0,,
2024-02-10,消费/零售,19,-0.006577840767895471,0.47368421052631576
2024-02-10,生物科技/医药,13,-0.010833132653300447,0.38461538461538464
2024-02-10,金融,2,0.0085907880938937,0.5
2024-02-11,TMT/互联网,11,0.04404925896043796,0.36363636363636365
2024-02-11,其他,1,0.0,0.0
2024-02-11,地产/建筑,5,-0.015697497833911105,0.6
2024-02-11,工业/制造,12,-0.027214959549340445,0.5
2024-02-11,新能源/汽车,0,,
2024-02-11,消费/零售,19,-0.006577840767895471,0.47368421052631576
2024-02-11,生物科技/医药,13,-0.010833132653300447,0.38461538461538464
2024-02-11,金融,2,0.0085907880938937,0.5
2024-02-12,TMT/互联网,11,0.04404925896043796,0.36363636363636365
2024-02-12,其他,1,0.0,0.0
2024-02-12,地产/建筑,5,-0.015697497833911105,0.6
2024-02-12,工业/制造,12,-0.027214959549340445,0.5
2024-02-12,新能源/汽车,0,,
2024-02-12,消费/零售,19,-0.006577840767895471,0.47368421052631576
2024-02-12,生物科技/医药,13,-0.010833132653300447,0.38461538461538464
2024-02-12,金融,2,0.0085907880938937,0.5
2024-02-13,TMT/互联网,11,0.04404925896043796,0.36363636363636365
2024-02-13,其他,1,0.0,0.0
2024-02-13,地产/建筑,5,-0.015697497833911105,0.6
2024-02-13,工业/制造,12,-0.027214959549340445,0.5
2024-02-13,新能源/汽车,0,,
2024-02-13,消费/零售,19,-0.006577840767895471,0.47368421052631576
2024-02-13,生物科技/医药,13,-0.010833132653300447,0.38461538461538464
2024-02-13,金融,2,0.0085907880938937,0.5
2024-02-14,TMT/互联网,11,0.04404925896043796,0.36363636363636365
2024-02-14,其他,1,0.0,0.0
2024-02-14,地产/建筑,5,-0.015697497833911105,0.6
2024-02-14,工业/制造,12,-0.027214959549340445,0.5
2024-02-14,新能源/汽车,0,,
2024-02-14,消费/零售,19,-0.006577840767895471,0.47368421052631576
2024-02-14,生物科技/医药,13,-0.010833132653300447,0.38461538461538464
2024-02-14,金融,2,0.0085907880938937,0.5
2024-02-15,TMT/互联网,11,0.04404925896043796,0.36363636363636365
2024-02-15,其他,1,0.0,0.0
2024-02-15,地产/建筑,5,-0.015697497833911105,0.6
2024-02-15,工业/制造,12,-0.027214959549340445,0.5
2024-02-15,新能源/汽车,0,,
2024-02-15,消费/零售,19,-0.006577840767895471,0.47368421052631576
2024-02-15,生物科技/医药,13,-0.010833132653300447,0.38461538461538464
2024-02-15,金融,2,0.0085907880938937,0.5
2024-02-16,TMT/互联网,11,0.04404925896043796,0.36363636363636365
2024-02-16,其他,1,0.0,0.0
2024-02-16,地产/建筑,5,-0.015697497833911105,0.6
2024-02-16,工业/制造,12,-0.027214959549340445,0.5
2024-02-16,新能源/汽车,0,,
2024-02-16,消费/零售,19,-0.006577840767895471,0.47368421052631576
2024-02-16,生物科技/医药,13,-0.010833132653300447,0.38461538461538464
2024-02-16,金融,2,0.0085907880938937,0.5
2024-02-17,TMT/互联网,11,0.04404925896043796,0.36363636363636365
2024-02-17,其他,1,0.0,0.0
2024-02-17,地产/建筑,5,-0.015697497833911105,0.6
2024-02-17,工业/制造,12,-0.027214959549340445,0.5
2024-02-17,新能源/汽车,0,,
2024-02-17,消费/零售,19,-0.006577840767895471,0.47368421052631576
2024-02-17,生物科技/医药,13,-0.010833132653300447,0.38461538461538464
2024-02-17,金融,2,0.0085907880938937,0.5
2024-02-18,TMT/互联网,11,0.04404925896043796,0.36363636363636365
2024-02-18,其他,1,0.0,0.0
2024-02-18,地产/建筑,5,-0.015697497833911105,0.6
2024-02-18,工业/制造,12,-0.027214959549340445,0.5
2024-02-18,新能源/汽车,0,,
2024-02-18,消费/零售,19,-0.006577840767895471,0.47368421052631576
2024-02-18,生物科技/医药,13,-0.010833132653300447,0.38461538461538464
2024-02-18,金融,2,0.0085907880938937,0.5
2024-02-19,TMT/互联网,11,0.04404925896043796,0.36363636363636365
2024-02-19,其他,1,0.0,0.0
2024-02-19,地产/建筑,5,-0.015697497833911105,0.6
2024-02-19,工业/制造,12,-0.027214959549340445,0.5
2024-02-19,新能源/汽车,0,,
2024-02-19,消费/零售,19,-0.006577840767895471,0.47368421052631576
2024-02-19,生物科技/医药,13,-0.010833132653300447,0.38461538461538464
2024-02-19,金融,2,0.0085907880938937,0.5
2024-02-20,TMT/互联网,11,0.04404925896043796,0.36363636363636365
2024-02-20,其他,1,0.0,0.0
2024-02-20,地产/建筑,5,-0.015697497833911105,0.6
2024-02-20,工业/制造,12,-0.027214959549340445,0.5
2024-02-20,新能源/汽车,0,,
2024-02-20,消费/零售,19,-0.006577840767895471,0.47368421052631576
2024-02-20,生物科技/医药,13,-0.010833132653300447,0.38461538461538464
2024-02-20,金融,2,0.0085907880938937,0.5
2024-02-21,TMT/互联网,11,0.04404925896043796,0.36363636363636365
2024-02-21,其他,1,0.0,0.0
2024-02-21,地产/建筑,5,-0.015697497833911105,0.6
2024-02-21,工业/制造,12,-0.027214959549340445,0.5
2024-02-21,新能源/汽车,0,,
2024-02-21,消费/零售,19,-0.006577840767895471,0.47368421052631576
2024-02-21,生物科技/医药,13,-0.010833132653300447,0.38461538461538464
2024-02-21,金融,2,0.0085907880938937,0.5
2024-02-22,TMT/互联网,11,0.04404925896043796,0.36363636363636365
2024-02-22,其他,1,0.0,0.0
2024-02-22,地产/建筑,5,-0.015697497833911105,0.6
2024-02-22,工业/制造,12,-0.027214959549340445,0.5
2024-02-22,新能源/汽车,0,,
2024-02-22,消费/零售,19,-0.006577840767895471,0.47368421052631576
2024-02-22,生物科技/医药,13,-0.010833132653300447,0.38461538461538464
2024-02-22,金融,2,0.0085907880938937,0.5
2024-02-23,TMT/互联网,11,0.04404925896043796,0.36363636363636365
2024-02-23,其他,1,0.0,0.0
2024-02-23,地产/建筑,5,-0.015697497833911105,0.6
2024-02-23,工业/制造,12,-0.027214959549340445,0.5
2024-02-23,新能源/汽车,0,,
2024-02-23,消费/零售,19,-0.006577840767895471,0.47368421052631576
2024-02-23,生物科技/医药,13,-0.010833132653300447,0.38461538461538464
2024-02-23,金融,2,0.0085907880938937,0.5
2024-02-24,TMT/互联网,11,0.04404925896043796,0.36363636363636365
2024-02-24,其他,1,0.0,0.0
2024-02-24,地产/建筑,5,-0.015697497833911105,0.6
2024-02-24,工业/制造,12,-0.027214959549340445,0.5
2024-02-24,新能源/汽车,0,,
2024-02-24,消费/零售,19,-0.006577840767895471,0.47368421052631576
2024-02-24,生物科技/医药,13,-0.010833132653300447,0.38461538461538464
2024-02-24,金融,2,0.0085907880938937,0.5
2024-02-25,TMT/互联网,11,0.04404925896043796,0.36363636363636365
2024-02-25,其他,1,0.0,0.0
2024-02-25,地产/建筑,5,-0.015697497833911105,0.6
2024-02-25,工业/制造,12,-0.027214959549340445,0.5
2024-02-25,新能源/汽车,0,,
2024-02-25,消费/零售,19,-0.006577840767895471,0.47368421052631576
2024-02-25,生物科技/医药,13,-0.010833132653300447,0.38461538461538464
2024-02-25,金融,2,0.0085907880938937,0.5
2024-02-26,TMT/互联网,11,0.04404925896043796,0.36363636363636365
2024-02-26,其他,1,0.0,0.0
2024-02-26,地产/建筑,5,-0.015697497833911105,0.6
2024-02-26,工业/制造,12,-0.027214959549340445,0.5
2024-02-26,新能源/汽车,0,,
2024-02-26,消费/零售,19,-0.006577840767895471,0.47368421052631576
2024-02-26,生物科技/医药,13,-0.010833132653300447,0.38461538461538464
2024-02-26,金融,2,0.0085907880938937,0.5
2024-02-27,TMT/互联网,11,0.04404925896043796,0.36363636363636365
2024-02-27,其他,1,0.0,0.0
2024-02-27,地产/建筑,5,-0.015697497833911105,0.6
2024-02-27,工业/制造,12,-0.027214959549340445,0.5
2024-02-27,新能源/汽车,0,,
2024-02-27,消费/零售,19,-0.006577840767895471,0.47368421052631576
2024-02-27,生物科技/医药,13,-0.010833132653300447,0.38461538461538464
2024-02-27,金融,2,0.0085907880938937,0.5
2024-02-28,TMT/互联网,11,0.04404925896043796,0.36363636363636365
2024-02-28,其他,1,0.0,0.0
2024-02-28,地产/建筑,5,-0.015697497833911105,0.6
2024-02-28,工业/制造,12,-0.027214959549340445,0.5
2024-02-28,新能源/汽车,0,,
2024-02-28,消费/零售,19,-0.006577840767895471,0.47368421052631576
2024-02-28,生物科技/医药,13,-0.010833132653300447,0.38461538461538464
2024-02-28,金融,2,0.0085907880938937,0.5
2024-02-29,TMT/互联网,11,0.04404925896043796,0.36363636363636365
2024-02-29,其他,1,0.0,0.0
2024-02-29,地产/建筑,5,-0.015697497833911105,0.6
2024-02-29,工业/制造,12,-0.027214959549340445,0.5
2024-02-29,新能源/汽车,0,,
2024-02-29,消费/零售,19,-0.006577840767895471,0.47368421052631576
2024-02-29,生物科技/医药,13,-0.010833132653300447,0.38461538461538464
2024-02-29,金融,2,0.0085907880938937,0.5
2024-03-01,TMT/互联网,11,0.04404925896043796,0.36363636363636365
2024-03-01,其他,1,0.0,0.0
2024-03-01,地产/建筑,5,-0.015697497833911105,0.6
2024-03-01,工业/制造,12,-0.027214959549340445,0.5
2024-03-01,新能源/汽车,0,,
2024-03-01,消费/零售,19,-0.006577840767895471,0.47368421052631576
2024-03-01,生物科技/医药,13,-0.010833132653300447,0.38461538461538464
2024-03-01,金融,2,0.0085907880938937,0.5
2024-03-02,TMT/互联网,11,0.04404925896043796,0.36363636363636365
2024-03-02,其他,1,0.0,0.0
2024-03-02,地产/建筑,5,-0.015697497833911105,0.6
2024-03-02,工业/制造,12,-0.027214959549340445,0.5
2024-03-02,新能源/汽车,0,,
2024-03-02,消费/零售,19,-0.006577840767895471,0.47368421052631576
2024-03-02,生物科技/医药,13,-0.010833132653300447,0.38461538461538464
2024-03-02,金融,2,0.0085907880938937,0.5
2024-03-03,TMT/互联网,11,0.04404925896043796,0.36363636363636365
2024-03-03,其他,1,0.0,0.0
2024-03-03,地产/建筑,5,-0.015697497833911105,0.6
2024-03-03,工业/制造,12,-0.027214959549340445,0.5
2024-03-03,新能源/汽车,0,,
2024-03-03,消费/零售,19,-0.006577840767895471,0.47368421052631576
2024-03-03,生物科技/医药,13,-0.010833132653300447,0.38461538461538464
2024-03-03,金融,2,0.0085907880938937,0.5
2024-03-04,TMT/互联网,11,0.04404925896043796,0.36363636363636365
2024-03-04,其他,1,0.0,0.0
2024-03-04,地产/建筑,5,-0.015697497833911105,0.6
2024-03-04,工业/制造,12,-0.027214959549340445,0.5
2024-03-04,新能源/汽车,0,,
2024-03-04,消费/零售,19,-0.006577840767895471,0.47368421052631576
2024-03-04,生物科技/医药,13,-0.010833132653300447,0.38461538461538464
2024-03-04,金融,2,0.0085907880938937,0.5
2024-03-05,TMT/互联网,11,0.04404925896043796,0.36363636363636365
2024-03-05,其他,1,0.0,0.0
2024-03-05,地产/建筑,5,-0.015697497833911105,0.6
2024-03-05,工业/制造,12,-0.027214959549340445,0.5
2024-03-05,新能源/汽车,0,,
2024-03-05,消费/零售,19,-0.006577840767895471,0.47368421052631576
2024-03-05,生物科技/医药,13,-0.010833132653300447,0.38461538461538464
2024-03-05,金融,2,0.0085907880938937,0.5
2024-03-06,TMT/互联网,11,0.04404925896043796,0.36363636363636365
2024-03-06,其他,1,0.0,0.0
2024-03-06,地产/建筑,5,-0.015697497833911105,0.6
2024-03-06,工业/制造,12,-0.027214959549340445,0.5
2024-03-06,新能源/汽车,0,,
2024-03-06,消费/零售,19,-0.006577840767895471,0.47368421052631576
2024-03-06,生物科技/医药,13,-0.010833132653300447,0.38461538461538464
2024-03-06,金融,2,0.0085907880938937,0.5
2024-03-07,TMT/互联网,11,0.04404925896043796,0.36363636363636365
2024-03-07,其他,1,0.0,0.0
2024-03-07,地产/建筑,5,-0.015697497833911105,0.6
2024-03-07,工业/制造,12,-0.027214959549340445,0.5
2024-03-07,新能源/汽车,0,,
2024-03-07,消费/零售,19,-0.006577840767895471,0.47368421052631576
2024-03-07,生物科技/医药,13,-0.010833132653300447,0.38461538461538464
2024-03-07,金融,2,0.0085907880938937,0.5
2024-03-08,TMT/互联网,11,0.04404925896043796,0.36363636363636365
2024-03-08,其他,1,0.0,0.0
2024-03-08,地产/建筑,6,-0.0284658635795413,0.6666666666666666
2024-03-08,工业/制造,11,-0.030659606470519553,0.5454545454545454
2024-03-08,新能源/汽车,0,,
2024-03-08,消费/零售,20,0.027084384603832633,0.45
2024-03-08,生物科技/医药,13,-0.010833132653300447,0.38461538461538464
2024-03-08,金融,2,0.0085907880938937,0.5
2024-03-09,TMT/互联网,10,0.04774913197751583,0.4
2024-03-09,其他,1,0.0,0.0
2024-03-09,地产/建筑,6,-0.0284658635795413,0.6666666666666666
2024-03-09,工业/制造,11,-0.030659606470519553,0.5454545454545454
2024-03-09,新能源/汽车,0,,
2024-03-09,消费/零售,20,0.027084384603832633,0.45
2024-03-09,生物科技/医药,13,-0.010833132653300447,0.38461538461538464
2024-03-09,金融,2,0.0085907880938937,0.5
2024-03-10,TMT/互联网,10,0.04774913197751583,0.4
2024-03-10,其他,1,0.0,0.0
2024-03-10,地产/建筑,6,-0.0284658635795413,0.6666666666666666
2024-03-10,工业/制造,11,-0.030659606470519553,0.5454545454545454
2024-03-10,新能源/汽车,0,,
2024-03-10,消费/零售,20,0.027084384603832633,0.45
2024-03-10,生物科技/医药,13,-0.010833132653300447,0.38461538461538464
2024-03-10,金融,2,0.0085907880938937,0.5
2024-03-11,TMT/互联网,10,0.04774913197751583,0.4
2024-03-11,其他,1,0.0,0.0
2024-03-11,地产/建筑,6,-0.0284658635795413,0.6666666666666666
2024-03-11,工业/制造,11,-0.030659606470519553,0.5454545454545454
2024-03-11,新能源/汽车,0,,
2024-03-11,消费/零售,20,0.027084384603832633,0.45
2024-03-11,生物科技/医药,13,-0.010833132653300447,0.38461538461538464
2024-03-11,金融,2,0.0085907880938937,0.5
2024-03-12,TMT/互联网,10,0.04774913197751583,0.4
2024-03-12,其他,1,0.0,0.0
2024-03-12,地产/建筑,6,-0.0284658635795413,0.6666666666666666
2024-03-12,工业/制造,11,-0.030659606470519553,0.5454545454545454
2024-03-12,新能源/汽车,0,,
2024-03-12,消费/零售,20,0.027084384603832633,0.45
2024-03-12,生物科技/医药,13,-0.010833132653300447,0.38461538461538464
2024-03-12,金融,2,0.0085907880938937,0.5
2024-03-13,TMT/互联网,10,0.04774913197751583,0.4
2024-03-13,其他,1,0.0,0.0
2024-03-13,地产/建筑,6,-0.0284658635795413,0.6666666666666666
2024-03-13,工业/制造,11,-0.030659606470519553,0.5454545454545454
2024-03-13,新能源/汽车,0,,
2024-03-13,消费/零售,20,0.027084384603832633,0.45
2024-03-13,生物科技/医药,13,-0.010833132653300447,0.38461538461538464
2024-03-13,金融,2,0.0085907880938937,0.5
2024-03-14,TMT/互联网,10,0.04774913197751583,0.4
2024-03-14,其他,1,0.0,0.0
2024-03-14,地产/建筑,6,-0.0284658635795413,0.6666666666666666
2024-03-14,工业/制造,11,-0.030659606470519553,0.5454545454545454
2024-03-14,新能源/汽车,0,,
2024-03-14,消费/零售,20,0.027084384603832633,0.45
2024-03-14,生物科技/医药,13,-0.010833132653300447,0.38461538461538464
2024-03-14,金融,2,0.0085907880938937,0.5
2024-03-15,TMT/互联网,10,0.04774913197751583,0.4
2024-03-15,其他,1,0.0,0.0
2024-03-15,地产/建筑,6,-0.0284658635795413,0.6666666666666666
2024-03-15,工业/制造,11,-0.030659606470519553,0.5454545454545454
2024-03-15,新能源/汽车,0,,
2024-03-15,消费/零售,20,0.027084384603832633,0.45
2024-03-15,生物科技/医药,13,-0.010833132653300447,0.38461538461538464
2024-03-15,金融,2,0.0085907880938937,0.5
2024-03-16,TMT/互联网,10,0.04774913197751583,0.4
2024-03-16,其他,1,0.0,0.0
2024-03-16,地产/建筑,6,-0.0284658635795413,0.6666666666666666
2024-03-16,工业/制造,11,-0.030659606470519553,0.5454545454545454
2024-03-16,新能源/汽车,0,,
2024-03-16,消费/零售,20,0.027084384603832633,0.45
2024-03-16,生物科技/医药,13,-0.010833132653300447,0.38461538461538464
2024-03-16,金融,2,0.0085907880938937,0.5
2024-03-17,TMT/互联网,10,0.04774913197751583,0.4
2024-03-17,其他,1,0.0,0.0
2024-03-17,地产/建筑,6,-0.0284658635795413,0.6666666666666666
2024-03-17,工业/制造,11,-0.030659606470519553,0.5454545454545454
2024-03-17,新能源/汽车,0,,
2024-03-17,消费/零售,20,0.027084384603832633,0.45
2024-03-17,生物科技/医药,13,-0.010833132653300447,0.38461538461538464
2024-03-17,金融,2,0.0085907880938937,0.5
2024-03-18,TMT/互联网,10,0.04774913197751583,0.4
2024-03-18,其他,1,0.0,0.0
2024-03-18,地产/建筑,6,-0.0284658635795413,0.6666666666666666
2024-03-18,工业/制造,11,-0.030659606470519553,0.5454545454545454
2024-03-18,新能源/汽车,0,,
2024-03-18,消费/零售,20,0.027084384603832633,0.45
2024-03-18,生物科技/医药,13,-0.010833132653300447,0.38461538461538464
2024-03-18,金融,2,0.0085907880938937,0.5
2024-03-19,TMT/互联网,10,0.04774913197751583,0.4
2024-03-19,其他,1,0.0,0.0
2024-03-19,地产/建筑,6,-0.0284658635795413,0.6666666666666666
2024-03-19,工业/制造,11,-0.030659606470519553,0.5454545454545454
2024-03-19,新能源/汽车,0,,
2024-03-19,消费/零售,20,0.027084384603832633,0.45
2024-03-19,生物科技/医药,13,-0.010833132653300447,0.38461538461538464
2024-03-19,金融,2,0.0085907880938937,0.5
2024-03-20,TMT/互联网,10,0.04774913197751583,0.4
2024-03-20,其他,1,0.0,0.0
2024-03-20,地产/建筑,6,-0.0284658635795413,0.6666666666666666
2024-03-20,工业/制造,11,-0.030659606470519553,0.5454545454545454
2024-03-20,新能源/汽车,0,,
2024-03-20,消费/零售,20,0.027084384603832633,0.45
2024-03-20,生物科技/医药,14,-0.01761929575366428,0.42857142857142855
2024-03-20,金融,2,0.0085907880938937,0.5
2024-03-21,TMT/互联网,10,0.04774913197751583,0.4
2024-03-21,其他,1,0.0,0.0
2024-03-21,地产/建筑,6,-0.0284658635795413,0.6666666666666666
2024-03-21,工业/制造,12,-0.03362214306981796,0.5833333333333334
2024-03-21,新能源/汽车,0,,
2024-03-21,消费/零售,20,0.027084384603832633,0.45
2024-03-21,生物科技/医药,14,-0.01761929575366428,0.42857142857142855
2024-03-21,金融,2,0.0085907880938937,0.5
2024-03-22,TMT/互联网,10,0.04774913197751583,0.4
2024-03-22,其他,1,0.0,0.0
2024-03-22,地产/建筑,6,-0.0284658635795413,0.6666666666666666
2024-03-22,工业/制造,12,-0.03362214306981796,0.5833333333333334
2024-03-22,新能源/汽车,0,,
2024-03-22,消费/零售,20,0.027084384603832633,0.45
2024-03-22,生物科技/医药,14,-0.01761929575366428,0.42857142857142855
2024-03-22,金融,2,0.0085907880938937,0.5
2024-03-23,TMT/互联网,10,0.04774913197751583,0.4
2024-03-23,其他,1,0.0,0.0
2024-03-23,地产/建筑,6,-0.0284658635795413,0.6666666666666666
2024-03-23,工业/制造,12,-0.03362214306981796,0.5833333333333334
2024-03-23,新能源/汽车,0,,
2024-03-23,消费/零售,20,0.027084384603832633,0.45
2024-03-23,生物科技/医药,14,-0.01761929575366428,0.42857142857142855
2024-03-23,金融,2,0.0085907880938937,0.5
2024-03-24,TMT/互联网,10,0.04774913197751583,0.4
2024-03-24,其他,1,0.0,0.0
2024-03-24,地产/建筑,6,-0.0284658635795413,0.6666666666666666
2024-03-24,工业/制造,12,-0.03362214306981796,0.5833333333333334
2024-03-24,新能源/汽车,0,,
2024-03-24,消费/零售,20,0.027084384603832633,0.45
2024-03-24,生物科技/医药,14,-0.01761929575366428,0.42857142857142855
2024-03-24,金融,2,0.0085907880938937,0.5
2024-03-25,TMT/互联网,10,0.04774913197751583,0.4
2024-03-25,其他,1,0.0,0.0
2024-03-25,地产/建筑,6,-0.0284658635795413,0.6666666666666666
2024-03-25,工业/制造,12,-0.03362214306981796,0.5833333333333334
2024-03-25,新能源/汽车,0,,
2024-03-25,消费/零售,20,0.027084384603832633,0.45
2024-03-25,生物科技/医药,14,-0.01761929575366428,0.42857142857142855
2024-03-25,金融,2,0.0085907880938937,0.5
2024-03-26,TMT/互联网,10,0.04774913197751583,0.4
2024-03-26,其他,1,0.0,0.0
2024-03-26,地产/建筑,6,-0.0284658635795413,0.6666666666666666
2024-03-26,工业/制造,12,-0.03362214306981796,0.5833333333333334
2024-03-26,新能源/汽车,0,,
2024-03-26,消费/零售,21,0.030123656332654458,0.42857142857142855
2024-03-26,生物科技/医药,14,-0.01761929575366428,0.42857142857142855
2024-03-26,金融,2,0.0085907880938937,0.5
2024-03-27,TMT/互联网,10,0.04774913197751583,0.4
2024-03-27,其他,1,0.0,0.0
2024-03-27,地产/建筑,6,-0.0284658635795413,0.6666666666666666
2024-03-27,工业/制造,12,-0.03362214306981796,0.5833333333333334
2024-03-27,新能源/汽车,0,,
2024-03-27,消费/零售,20,0.03168418697537413,0.4
2024-03-27,生物科技/医药,14,-0.01761929575366428,0.42857142857142855
2024-03-27,金融,2,0.0085907880938937,0.5
2024-03-28,TMT/互联网,10,0.04774913197751583,0.4
2024-03-28,其他,1,0.0,0.0
2024-03-28,地产/建筑,6,-0.0284658635795413,0.6666666666666666
2024-03-28,工业/制造,11,-0.01727737115377037,0.5454545454545454
2024-03-28,新能源/汽车,0,,
2024-03-28,消费/零售,21,0.015643781917078877,0.42857142857142855
2024-03-28,生物科技/医药,14,-0.01761929575366428,0.42857142857142855
2024-03-28,金融,3,-0.0065177058965879,0.6666666666666666
2024-03-29,TMT/互联网,10,0.04774913197751583,0.4
2024-03-29,其他,1,0.0,0.0
2024-03-29,地产/建筑,5,-0.017035748624216702,0.6
2024-03-29,工业/制造,11,-0.01727737115377037,0.5454545454545454
2024-03-29,新能源/汽车,0,,
2024-03-29,消费/零售,21,0.015643781917078877,0.42857142857142855
2024-03-29,生物科技/医药,14,-0.01761929575366428,0.42857142857142855
2024-03-29,金融,3,-0.0065177058965879,0.6666666666666666
2024-03-30,TMT/互联网,10,0.04774913197751583,0.4
2024-03-30,其他,1,0.0,0.0
2024-03-30,地产/建筑,5,-0.017035748624216702,0.6
2024-03-30,工业/制造,10,-0.023620492884532017,0.6
2024-03-30,新能源/汽车,0,,
2024-03-30,消费/零售,20,0.011162813118195983,0.45
2024-03-30,生物科技/医药,14,-0.01761929575366428,0.42857142857142855
2024-03-30,金融,3,-0.0065177058965879,0.6666666666666666
2024-03-31,TMT/互联网,10,0.04774913197751583,0.4
2024-03-31,其他,1,0.0,0.0
2024-03-31,地产/建筑,5,-0.017035748624216702,0.6
2024-03-31,工业/制造,10,-0.023620492884532017,0.6
2024-03-31,新能源/汽车,0,,
2024-03-31,消费/零售,20,0.011162813118195983,0.45
2024-03-31,生物科技/医药,14,-0.01761929575366428,0.42857142857142855
2024-03-31,金融,3,-0.0065177058965879,0.6666666666666666
2024-04-01,TMT/互联网,10,0.04774913197751583,0.4
2024-04-01,其他,1,0.0,0.0
2024-04-01,地产/建筑,5,-0.017035748624216702,0.6
2024-04-01,工业/制造,10,-0.023620492884532017,0.6
2024-04-01,新能源/汽车,0,,
2024-04-01,消费/零售,20,0.011162813118195983,0.45
2024-04-01,生物科技/医药,14,-0.01761929575366428,0.42857142857142855
2024-04-01,金融,3,-0.0065177058965879,0.6666666666666666
2024-04-02,TMT/互联网,10,0.04774913197751583,0.4
2024-04-02,其他,1,0.0,0.0
2024-04-02,地产/建筑,5,-0.017035748624216702,0.6
2024-04-02,工业/制造,10,-0.023620492884532017,0.6
2024-04-02,新能源/汽车,0,,
2024-04-02,消费/零售,20,0.011162813118195983,0.45
2024-04-02,生物科技/医药,14,-0.01761929575366428,0.42857142857142855
2024-04-02,金融,3,-0.0065177058965879,0.6666666666666666
2024-04-03,TMT/互联网,10,0.04774913197751583,0.4
2024-04-03,其他,1,0.0,0.0
2024-04-03,地产/建筑,5,-0.017035748624216702,0.6
2024-04-03,工业/制造,10,-0.023620492884532017,0.6
2024-04-03,新能源/汽车,0,,
2024-04-03,消费/零售,20,0.011162813118195983,0.45
2024-04-03,生物科技/医药,14,-0.01761929575366428,0.42857142857142855
2024-04-03,金融,3,-0.0065177058965879,0.6666666666666666
2024-04-04,TMT/互联网,10,0.04774913197751583,0.4
2024-04-04,其他,1,0.0,0.0
2024-04-04,地产/建筑,5,-0.017035748624216702,0.6
2024-04-04,工业/制造,10,-0.023620492884532017,0.6
2024-04-04,新能源/汽车,0,,
2024-04-04,消费/零售,20,0.011162813118195983,0.45
2024-04-04,生物科技/医药,14,-0.01761929575366428,0.42857142857142855
2024-04-04,金融,3,-0.0065177058965879,0.6666666666666666
2024-04-05,TMT/互联网,10,0.04774913197751583,0.4
2024-04-05,其他,1,0.0,0.0
2024-04-05,地产/建筑,5,-0.017035748624216702,0.6
2024-04-05,工业/制造,10,-0.023620492884532017,0.6
2024-04-05,新能源/汽车,0,,
2024-04-05,消费/零售,20,0.011162813118195983,0.45
2024-04-05,生物科技/医药,14,-0.01761929575366428,0.42857142857142855
2024-04-05,金融,3,-0.0065177058965879,0.6666666666666666
2024-04-06,TMT/互联网,10,0.04774913197751583,0.4
2024-04-06,其他,1,0.0,0.0
2024-04-06,地产/建筑,5,-0.017035748624216702,0.6
2024-04-06,工业/制造,10,-0.023620492884532017,0.6
2024-04-06,新能源/汽车,0,,
2024-04-06,消费/零售,20,0.011162813118195983,0.45
2024-04-06,生物科技/医药,14,-0.01761929575366428,0.42857142857142855
2024-04-06,金融,3,-0.0065177058965879,0.6666666666666666
2024-04-07,TMT/互联网,10,0.04774913197751583,0.4
2024-04-07,其他,1,0.0,0.0
2024-04-07,地产/建筑,5,-0.017035748624216702,0.6
2024-04-07,工业/制造,10,-0.023620492884532017,0.6
2024-04-07,新能源/汽车,0,,
2024-04-07,消费/零售,20,0.011162813118195983,0.45
2024-04-07,生物科技/医药,14,-0.01761929575366428,0.42857142857142855
2024-04-07,金融,3,-0.0065177058965879,0.6666666666666666
2024-04-08,TMT/互联网,10,0.04774913197751583,0.4
2024-04-08,其他,1,0.0,0.0
2024-04-08,地产/建筑,5,-0.017035748624216702,0.6
2024-04-08,工业/制造,10,-0.023620492884532017,0.6
2024-04-08,新能源/汽车,0,,
2024-04-08,消费/零售,20,0.011162813118195983,0.45
2024-04-08,生物科技/医药,14,-0.01761929575366428,0.42857142857142855
2024-04-08,金融,3,-0.0065177058965879,0.6666666666666666
2024-04-09,TMT/互联网,10,0.04774913197751583,0.4
2024-04-09,其他,1,0.0,0.0
2024-04-09,地产/建筑,5,-0.017035748624216702,0.6
2024-04-09,工业/制造,10,-0.023620492884532017,0.6
2024-04-09,新能源/汽车,0,,
2024-04-09,消费/零售,20,0.011162813118195983,0.45
2024-04-09,生物科技/医药,14,-0.01761929575366428,0.42857142857142855
2024-04-09,金融,3,-0.0065177058965879,0.6666666666666666
2024-04-10,TMT/互联网,10,0.04774913197751583,0.4
2024-04-10,其他,1,0.0,0.0
2024-04-10,地产/建筑,5,-0.017035748624216702,0.6
2024-04-10,工业/制造,10,-0.023620492884532017,0.6
2024-04-10,新能源/汽车,0,,
2024-04-10,消费/零售,20,0.011162813118195983,0.45
2024-04-10,生物科技/医药,14,-0.01761929575366428,0.42857142857142855
2024-04-10,金融,3,-0.0065177058965879,0.6666666666666666
2024-04-11,TMT/互联网,10,0.04774913197751583,0.4
2024-04-11,其他,1,0.0,0.0
2024-04-11,地产/建筑,5,-0.017035748624216702,0.6
2024-04-11,工业/制造,10,-0.023620492884532017,0.6
2024-04-11,新能源/汽车,0,,
2024-04-11,消费/零售,20,0.011162813118195983,0.45
2024-04-11,生物科技/医药,14,-0.01761929575366428,0.42857142857142855
2024-04-11,金融,3,-0.0065177058965879,0.6666666666666666
2024-04-12,TMT/互联网,9,0.06619272922426683,0.3333333333333333
2024-04-12,其他,1,0.0,0.0
2024-04-12,地产/建筑,5,-0.017035748624216702,0.6
2024-04-12,工业/制造,10,-0.023620492884532017,0.6
2024-04-12,新能源/汽车,0,,
2024-04-12,消费/零售,20,0.011162813118195983,0.45
2024-04-12,生物科技/医药,14,-0.01761929575366428,0.42857142857142855
2024-04-12,金融,3,-0.0065177058965879,0.6666666666666666
2024-04-13,TMT/互联网,9,0.06619272922426683,0.3333333333333333
2024-04-13,其他,1,0.0,0.0
2024-04-13,地产/建筑,5,-0.017035748624216702,0.6
2024-04-13,工业/制造,10,-0.023620492884532017,0.6
2024-04-13,新能源/汽车,0,,
2024-04-13,消费/零售,20,0.011162813118195983,0.45
2024-04-13,生物科技/医药,14,-0.01761929575366428,0.42857142857142855
2024-04-13,金融,3,-0.0065177058965879,0.6666666666666666
2024-04-14,TMT/互联网,9,0.06619272922426683,0.3333333333333333
2024-04-14,其他,1,0.0,0.0
2024-04-14,地产/建筑,5,-0.017035748624216702,0.6
2024-04-14,工业/制造,10,-0.023620492884532017,0.6
2024-04-14,新能源/汽车,0,,
2024-04-14,消费/零售,20,0.011162813118195983,0.45
2024-04-14,生物科技/医药,14,-0.01761929575366428,0.42857142857142855
2024-04-14,金融,3,-0.0065177058965879,0.6666666666666666
2024-04-15,TMT/互联网,9,0.06619272922426683,0.3333333333333333
2024-04-15,其他,1,0.0,0.0
2024-04-15,地产/建筑,5,-0.017035748624216702,0.6
2024-04-15,工业/制造,10,-0.023620492884532017,0.6
2024-04-15,新能源/汽车,0,,
2024-04-15,消费/零售,20,0.011162813118195983,0.45
2024-04-15,生物科技/医药,14,-0.01761929575366428,0.42857142857142855
2024-04-15,金融,3,-0.0065177058965879,0.6666666666666666
2024-04-16,TMT/互联网,9,0.06619272922426683,0.3333333333333333
2024-04-16,其他,1,0.0,0.0
2024-04-16,地产/建筑,5,-0.017035748624216702,0.6
2024-04-16,工业/制造,10,-0.023620492884532017,0.6
2024-04-16,新能源/汽车,0,,
2024-04-16,消费/零售,20,0.011162813118195983,0.45
2024-04-16,生物科技/医药,14,-0.01761929575366428,0.42857142857142855
2024-04-16,金融,3,-0.0065177058965879,0.6666666666666666
2024-04-17,TMT/互联网,9,0.06619272922426683,0.3333333333333333
2024-04-17,其他,1,0.0,0.0
2024-04-17,地产/建筑,5,-0.017035748624216702,0.6
2024-04-17,工业/制造,10,-0.023620492884532017,0.6
2024-04-17,新能源/汽车,0,,
2024-04-17,消费/零售,20,0.011162813118195983,0.45
2024-04-17,生物科技/医药,14,-0.01761929575366428,0.42857142857142855
2024-04-17,金融,3,-0.0065177058965879,0.6666666666666666
2024-04-18,TMT/互联网,9,0.06619272922426683,0.3333333333333333
2024-04-18,其他,1,0.0,0.0
2024-04-18,地产/建筑,5,-0.017035748624216702,0.6
2024-04-18,工业/制造,10,-0.023620492884532017,0.6
2024-04-18,新能源/汽车,0,,
2024-04-18,消费/零售,20,0.011162813118195983,0.45
2024-04-18,生物科技/医药,14,-0.01761929575366428,0.42857142857142855
2024-04-18,金融,3,-0.0065177058965879,0.6666666666666666
2024-04-19,TMT/互联网,9,0.06619272922426683,0.3333333333333333
2024-04-19,其他,1,0.0,0.0
2024-04-19,地产/建筑,5,-0.017035748624216702,0.6
2024-04-19,工业/制造,10,-0.023620492884532017,0.6
2024-04-19,新能源/汽车,0,,
2024-04-19,消费/零售,20,0.011162813118195983,0.45
2024-04-19,生物科技/医药,14,-0.01761929575366428,0.42857142857142855
2024-04-19,金融,3,-0.0065177058965879,0.6666666666666666
2024-04-20,TMT/互联网,9,0.06619272922426683,0.3333333333333333
2024-04-20,其他,1,0.0,0.0
2024-04-20,地产/建筑,5,-0.017035748624216702,0.6
2024-04-20,工业/制造,10,-0.023620492884532017,0.6
2024-04-20,新能源/汽车,0,,
2024-04-20,消费/零售,20,0.011162813118195983,0.45
2024-04-20,生物科技/医药,14,-0.01761929575366428,0.42857142857142855
2024-04-20,金融,3,-0.0065177058965879,0.6666666666666666
2024-04-21,TMT/互联网,9,0.06619272922426683,0.3333333333333333
2024-04-21,其他,1,0.0,0.0
2024-04-21,地产/建筑,5,-0.017035748624216702,0.6
2024-04-21,工业/制造,10,-0.023620492884532017,0.6
2024-04-21,新能源/汽车,0,,
2024-04-21,消费/零售,20,0.011162813118195983,0.45
2024-04-21,生物科技/医药,14,-0.01761929575366428,0.42857142857142855
2024-04-21,金融,3,-0.0065177058965879,0.6666666666666666
2024-04-22,TMT/互联网,9,0.06619272922426683,0.3333333333333333
2024-04-22,其他,1,0.0,0.0
2024-04-22,地产/建筑,5,-0.017035748624216702,0.6
2024-04-22,工业/制造,10,-0.023620492884532017,0.6
2024-04-22,新能源/汽车,0,,
2024-04-22,消费/零售,20,0.011162813118195983,0.45
2024-04-22,生物科技/医药,14,-0.01761929575366428,0.42857142857142855
2024-04-22,金融,3,-0.0065177058965879,0.6666666666666666
2024-04-23,TMT/互联网,9,0.06619272922426683,0.3333333333333333
2024-04-23,其他,1,0.0,0.0
2024-04-23,地产/建筑,6,-0.04611135080386852,0.6666666666666666
2024-04-23,工业/制造,10,-0.023620492884532017,0.6
2024-04-23,新能源/汽车,0,,
2024-04-23,消费/零售,21,0.0017367143752892128,0.47619047619047616
2024-04-23,生物科技/医药,14,-0.01761929575366428,0.42857142857142855
2024-04-23,金融,3,-0.0065177058965879,0.6666666666666666
2024-04-24,TMT/互联网,10,0.0830633891877462,0.3
2024-04-24,其他,1,0.0,0.0
2024-04-24,地产/建筑,6,-0.04611135080386852,0.6666666666666666
2024-04-24,工业/制造,10,-0.023620492884532017,0.6
2024-04-24,新能源/汽车,0,,
2024-04-24,消费/零售,21,0.0017367143752892128,0.47619047619047616
2024-04-24,生物科技/医药,14,-0.01761929575366428,0.42857142857142855
2024-04-24,金融,3,-0.0065177058965879,0.6666666666666666
2024-04-25,TMT/互联网,10,0.0830633891877462,0.3
2024-04-25,其他,1,0.0,0.0
2024-04-25,地产/建筑,6,-0.04611135080386852,0.6666666666666666
2024-04-25,工业/制造,10,-0.023620492884532017,0.6
2024-04-25,新能源/汽车,0,,
2024-04-25,消费/零售,21,0.0017367143752892128,0.47619047619047616
2024-04-25,生物科技/医药,14,-0.01761929575366428,0.42857142857142855
2024-04-25,金融,3,-0.0065177058965879,0.6666666666666666
2024-04-26,TMT/互联网,10,0.0830633891877462,0.3
2024-04-26,其他,1,0.0,0.0
2024-04-26,地产/建筑,6,-0.04611135080386852,0.6666666666666666
2024-04-26,工业/制造,10,-0.023620492884532017,0.6
2024-04-26,新能源/汽车,0,,
2024-04-26,消费/零售,20,0.002490216760720333,0.45
2024-04-26,生物科技/医药,13,-0.022016781780782306,0.46153846153846156
2024-04-26,金融,3,-0.0065177058965879,0.6666666666666666
2024-04-27,TMT/互联网,10,0.0830633891877462,0.3
2024-04-27,其他,1,0.0,0.0
2024-04-27,地产/建筑,6,-0.04611135080386852,0.6666666666666666
2024-04-27,工业/制造,10,-0.023620492884532017,0.6
2024-04-27,新能源/汽车,0,,
2024-04-27,消费/零售,20,0.002490216760720333,0.45
2024-04-27,生物科技/医药,13,-0.022016781780782306,0.46153846153846156
2024-04-27,金融,3,-0.0065177058965879,0.6666666666666666
2024-04-28,TMT/互联网,10,0.0830633891877462,0.3
2024-04-28,其他,1,0.0,0.0
2024-04-28,地产/建筑,6,-0.04611135080386852,0.6666666666666666
2024-04-28,工业/制造,10,-0.023620492884532017,0.6
2024-04-28,新能源/汽车,0,,
2024-04-28,消费/零售,20,0.002490216760720333,0.45
2024-04-28,生物科技/医药,13,-0.022016781780782306,0.46153846153846156
2024-04-28,金融,3,-0.0065177058965879,0.6666666666666666
2024-04-29,TMT/互联网,10,0.0830633891877462,0.3
2024-04-29,其他,1,0.0,0.0
2024-04-29,地产/建筑,6,-0.04611135080386852,0.6666666666666666
2024-04-29,工业/制造,10,-0.023620492884532017,0.6
2024-04-29,新能源/汽车,0,,
2024-04-29,消费/零售,20,0.002490216760720333,0.45
2024-04-29,生物科技/医药,13,-0.022016781780782306,0.46153846153846156
2024-04-29,金融,3,-0.0065177058965879,0.6666666666666666
2024-04-30,TMT/互联网,10,0.0830633891877462,0.3
2024-04-30,其他,1,0.0,0.0
2024-04-30,地产/建筑,6,-0.04611135080386852,0.6666666666666666
2024-04-30,工业/制造,10,-0.023620492884532017,0.6
2024-04-30,新能源/汽车,0,,
2024-04-30,消费/零售,20,0.002490216760720333,0.45
2024-04-30,生物科技/医药,13,-0.022016781780782306,0.46153846153846156
2024-04-30,金融,3,-0.0065177058965879,0.6666666666666666
2024-05-01,TMT/互联网,10,0.0830633891877462,0.3
2024-05-01,其他,1,0.0,0.0
2024-05-01,地产/建筑,6,-0.04611135080386852,0.6666666666666666
2024-05-01,工业/制造,10,-0.023620492884532017,0.6
2024-05-01,新能源/汽车,0,,
2024-05-01,消费/零售,20,0.002490216760720333,0.45
2024-05-01,生物科技/医药,13,-0.022016781780782306,0.46153846153846156
2024-05-01,金融,3,-0.0065177058965879,0.6666666666666666
2024-05-02,TMT/互联网,10,0.0830633891877462,0.3
2024-05-02,其他,1,0.0,0.0
2024-05-02,地产/建筑,6,-0.04611135080386852,0.6666666666666666
2024-05-02,工业/制造,10,-0.023620492884532017,0.6
2024-05-02,新能源/汽车,0,,
2024-05-02,消费/零售,20,0.002490216760720333,0.45
2024-05-02,生物科技/医药,13,-0.022016781780782306,0.46153846153846156
2024-05-02,金融,3,-0.0065177058965879,0.6666666666666666
2024-05-03,TMT/互联网,10,0.0830633891877462,0.3
2024-05-03,其他,1,0.0,0.0
2024-05-03,地产/建筑,6,-0.04611135080386852,0.6666666666666666
2024-05-03,工业/制造,10,-0.023620492884532017,0.6
2024-05-03,新能源/汽车,0,,
2024-05-03,消费/零售,20,0.002490216760720333,0.45
2024-05-03,生物科技/医药,13,-0.022016781780782306,0.46153846153846156
2024-05-03,金融,3,-0.0065177058965879,0.6666666666666666
2024-05-04,TMT/互联网,10,0.0830633891877462,0.3
2024-05-04,其他,1,0.0,0.0
2024-05-04,地产/建筑,6,-0.04611135080386852,0.6666666666666666
2024-05-04,工业/制造,10,-0.023620492884532017,0.6
2024-05-04,新能源/汽车,0,,
2024-05-04,消费/零售,20,0.002490216760720333,0.45
2024-05-04,生物科技/医药,13,-0.022016781780782306,0.46153846153846156
2024-05-04,金融,3,-0.0065177058965879,0.6666666666666666
2024-05-05,TMT/互联网,10,0.0830633891877462,0.3
2024-05-05,其他,1,0.0,0.0
2024-05-05,地产/建筑,6,-0.04611135080386852,0.6666666666666666
2024-05-05,工业/制造,10,-0.023620492884532017,0.6
2024-05-05,新能源/汽车,0,,
2024-05-05,消费/零售,20,0.002490216760720333,0.45
2024-05-05,生物科技/医药,13,-0.022016781780782306,0.46153846153846156
2024-05-05,金融,3,-0.0065177058965879,0.6666666666666666
2024-05-06,TMT/互联网,10,0.0830633891877462,0.3
2024-05-06,其他,1,0.0,0.0
2024-05-06,地产/建筑,6,-0.04611135080386852,0.6666666666666666
2024-05-06,工业/制造,10,-0.023620492884532017,0.6
2024-05-06,新能源/汽车,0,,
2024-05-06,消费/零售,20,0.002490216760720333,0.45
2024-05-06,生物科技/医药,13,-0.022016781780782306,0.46153846153846156
2024-05-06,金融,3,-0.0065177058965879,0.6666666666666666
2024-05-07,TMT/互联网,10,0.0830633891877462,0.3
2024-05-07,其他,1,0.0,0.0
2024-05-07,地产/建筑,6,-0.04611135080386852,0.6666666666666666
2024-05-07,工业/制造,10,-0.023620492884532017,0.6
2024-05-07,新能源/汽车,0,,
2024-05-07,消费/零售,20,0.002490216760720333,0.45
2024-05-07,生物科技/医药,12,0.0012807615364276437,0.4166666666666667
2024-05-07,金融,3,-0.0065177058965879,0.6666666666666666
2024-05-08,TMT/互联网,10,0.0830633891877462,0.3
2024-05-08,其他,1,0.0,0.0
2024-05-08,地产/建筑,5,-0.0806209772864813,0.8
2024-05-08,工业/制造,10,-0.023620492884532017,0.6
2024-05-08,新能源/汽车,0,,
2024-05-08,消费/零售,20,0.002490216760720333,0.45
2024-05-08,生物科技/医药,12,0.0012807615364276437,0.4166666666666667
2024-05-08,金融,3,-0.0065177058965879,0.6666666666666666
2024-05-09,TMT/互联网,10,0.0830633891877462,0.3
2024-05-09,其他,1,0.0,0.0
2024-05-09,地产/建筑,5,-0.0806209772864813,0.8
2024-05-09,工业/制造,10,-0.023620492884532017,0.6
2024-05-09,新能源/汽车,0,,
2024-05-09,消费/零售,20,0.002490216760720333,0.45
2024-05-09,生物科技/医药,12,0.0012807615364276437,0.4166666666666667
2024-05-09,金融,3,-0.0065177058965879,0.6666666666666666
2024-05-10,TMT/互联网,10,0.0830633891877462,0.3
2024-05-10,其他,1,0.0,0.0
2024-05-10,地产/建筑,5,-0.0806209772864813,0.8
2024-05-10,工业/制造,10,-0.023620492884532017,0.6
2024-05-10,新能源/汽车,0,,
2024-05-10,消费/零售,19,0.014817637076061886,0.42105263157894735
2024-05-10,生物科技/医药,12,0.0012807615364276437,0.4166666666666667
2024-05-10,金融,3,-0.0065177058965879,0.6666666666666666
2024-05-11,TMT/互联网,10,0.0830633891877462,0.3
2024-05-11,其他,1,0.0,0.0
2024-05-11,地产/建筑,5,-0.0806209772864813,0.8
2024-05-11,工业/制造,10,-0.023620492884532017,0.6
2024-05-11,新能源/汽车,0,,
2024-05-11,消费/零售,19,0.014817637076061886,0.42105263157894735
2024-05-11,生物科技/医药,12,0.0012807615364276437,0.4166666666666667
2024-05-11,金融,3,-0.0065177058965879,0.6666666666666666
2024-05-12,TMT/互联网,10,0.0830633891877462,0.3
2024-05-12,其他,1,0.0,0.0
2024-05-12,地产/建筑,5,-0.0806209772864813,0.8
2024-05-12,工业/制造,10,-0.023620492884532017,0.6
2024-05-12,新能源/汽车,0,,
2024-05-12,消费/零售,19,0.014817637076061886,0.42105263157894735
2024-05-12,生物科技/医药,12,0.0012807615364276437,0.4166666666666667
2024-05-12,金融,3,-0.0065177058965879,0.6666666666666666
2024-05-13,TMT/互联网,10,0.0830633891877462,0.3
2024-05-13,其他,1,0.0,0.0
2024-05-13,地产/建筑,5,-0.0806209772864813,0.8
2024-05-13,工业/制造,10,-0.023620492884532017,0.6
2024-05-13,新能源/汽车,0,,
2024-05-13,消费/零售,19,0.014817637076061886,0.42105263157894735
2024-05-13,生物科技/医药,12,0.0012807615364276437,0.4166666666666667
2024-05-13,金融,3,-0.0065177058965879,0.6666666666666666
2024-05-14,TMT/互联网,10,0.0830633891877462,0.3
2024-05-14,其他,1,0.0,0.0
2024-05-14,地产/建筑,5,-0.0806209772864813,0.8
2024-05-14,工业/制造,10,-0.023620492884532017,0.6
2024-05-14,新能源/汽车,0,,
2024-05-14,消费/零售,19,0.014817637076061886,0.42105263157894735
2024-05-14,生物科技/医药,12,0.0012807615364276437,0.4166666666666667
2024-05-14,金融,3,-0.0065177058965879,0.6666666666666666
2024-05-15,TMT/互联网,10,0.0830633891877462,0.3
2024-05-15,其他,1,0.0,0.0
2024-05-15,地产/建筑,5,-0.0806209772864813,0.8
2024-05-15,工业/制造,10,-0.023620492884532017,0.6
2024-05-15,新能源/汽车,0,,
2024-05-15,消费/零售,19,0.014817637076061886,0.42105263157894735
2024-05-15,生物科技/医药,12,0.0012807615364276437,0.4166666666666667
2024-05-15,金融,3,-0.0065177058965879,0.6666666666666666
2024-05-16,TMT/互联网,11,0.0889465154232036,0.2727272727272727
2024-05-16,其他,1,0.0,0.0
2024-05-16,地产/建筑,5,-0.0806209772864813,0.8
2024-05-16,工业/制造,10,-0.023620492884532017,0.6
2024-05-16,新能源/汽车,0,,
2024-05-16,消费/零售,19,0.014817637076061886,0.42105263157894735
2024-05-16,生物科技/医药,12,0.0012807615364276437,0.4166666666666667
2024-05-16,金融,3,-0.0065177058965879,0.6666666666666666
2024-05-17,TMT/互联网,11,0.0889465154232036,0.2727272727272727
2024-05-17,其他,1,0.0,0.0
2024-05-17,地产/建筑,6,-0.07922653694875369,0.8333333333333334
2024-05-17,工业/制造,10,-0.023620492884532017,0.6
2024-05-17,新能源/汽车,0,,
2024-05-17,消费/零售,19,0.014817637076061886,0.42105263157894735
2024-05-17,生物科技/医药,12,0.0012807615364276437,0.4166666666666667
2024-05-17,金融,3,-0.0065177058965879,0.6666666666666666
2024-05-18,TMT/互联网,11,0.0889465154232036,0.2727272727272727
2024-05-18,其他,1,0.0,0.0
2024-05-18,地产/建筑,6,-0.07922653694875369,0.8333333333333334
2024-05-18,工业/制造,10,-0.023620492884532017,0.6
2024-05-18,新能源/汽车,0,,
2024-05-18,消费/零售,19,0.014817637076061886,0.42105263157894735
2024-05-18,生物科技/医药,12,0.0012807615364276437,0.4166666666666667
2024-05-18,金融,3,-0.0065177058965879,0.6666666666666666
2024-05-19,TMT/互联网,11,0.0889465154232036,0.2727272727272727
2024-05-19,其他,1,0.0,0.0
2024-05-19,地产/建筑,6,-0.07922653694875369,0.8333333333333334
2024-05-19,工业/制造,10,-0.023620492884532017,0.6
2024-05-19,新能源/汽车,0,,
2024-05-19,消费/零售,19,0.014817637076061886,0.42105263157894735
2024-05-19,生物科技/医药,12,0.0012807615364276437,0.4166666666666667
2024-05-19,金融,3,-0.0065177058965879,0.6666666666666666
2024-05-20,TMT/互联网,11,0.0889465154232036,0.2727272727272727
2024-05-20,其他,1,0.0,0.0
2024-05-20,地产/建筑,6,-0.07922653694875369,0.8333333333333334
2024-05-20,工业/制造,10,-0.023620492884532017,0.6
2024-05-20,新能源/汽车,0,,
2024-05-20,消费/零售,19,0.014817637076061886,0.42105263157894735
2024-05-20,生物科技/医药,12,0.0012807615364276437,0.4166666666666667
2024-05-20,金融,3,-0.0065177058965879,0.6666666666666666
2024-05-21,TMT/互联网,11,0.0889465154232036,0.2727272727272727
2024-05-21,其他,1,0.0,0.0
2024-05-21,地产/建筑,6,-0.07922653694875369,0.8333333333333334
2024-05-21,工业/制造,10,-0.023620492884532017,0.6
2024-05-21,新能源/汽车,0,,
2024-05-21,消费/零售,19,0.014817637076061886,0.42105263157894735
2024-05-21,生物科技/医药,12,0.0012807615364276437,0.4166666666666667
2024-05-21,金融,3,-0.0065177058965879,0.6666666666666666
2024-05-22,TMT/互联网,11,0.0889465154232036,0.2727272727272727
2024-05-22,其他,1,0.0,0.0
2024-05-22,地产/建筑,6,-0.07922653694875369,0.8333333333333334
2024-05-22,工业/制造,10,-0.023620492884532017,0.6
2024-05-22,新能源/汽车,0,,
2024-05-22,消费/零售,19,0.014817637076061886,0.42105263157894735
2024-05-22,生物科技/医药,12,0.0012807615364276437,0.4166666666666667
2024-05-22,金融,3,-0.0065177058965879,0.6666666666666666
2024-05-23,TMT/互联网,11,0.0889465154232036,0.2727272727272727
2024-05-23,其他,1,0.0,0.0
2024-05-23,地产/建筑,6,-0.07922653694875369,0.8333333333333334
2024-05-23,工业/制造,10,-0.023620492884532017,0.6
2024-05-23,新能源/汽车,0,,
2024-05-23,消费/零售,19,0.014817637076061886,0.42105263157894735
2024-05-23,生物科技/医药,12,0.0012807615364276437,0.4166666666666667
2024-05-23,金融,3,-0.0065177058965879,0.6666666666666666
2024-05-24,TMT/互联网,10,0.09340142066531255,0.3
2024-05-24,其他,1,0.0,0.0
2024-05-24,地产/建筑,6,-0.07922653694875369,0.8333333333333334
2024-05-24,工业/制造,9,-0.02454083394804854,0.5555555555555556
2024-05-24,新能源/汽车,0,,
2024-05-24,消费/零售,19,0.014817637076061886,0.42105263157894735
2024-05-24,生物科技/医药,13,0.001501424310037894,0.38461538461538464
2024-05-24,金融,3,-0.0065177058965879,0.6666666666666666
2024-05-25,TMT/互联网,10,0.09340142066531255,0.3
2024-05-25,其他,1,0.0,0.0
2024-05-25,地产/建筑,6,-0.07922653694875369,0.8333333333333334
2024-05-25,工业/制造,9,-0.02454083394804854,0.5555555555555556
2024-05-25,新能源/汽车,0,,
2024-05-25,消费/零售,19,0.014817637076061886,0.42105263157894735
2024-05-25,生物科技/医药,13,0.001501424310037894,0.38461538461538464
2024-05-25,金融,3,-0.0065177058965879,0.6666666666666666
2024-05-26,TMT/互联网,10,0.09340142066531255,0.3
2024-05-26,其他,1,0.0,0.0
2024-05-26,地产/建筑,6,-0.07922653694875369,0.8333333333333334
2024-05-26,工业/制造,9,-0.02454083394804854,0.5555555555555556
2024-05-26,新能源/汽车,0,,
2024-05-26,消费/零售,19,0.014817637076061886,0.42105263157894735
2024-05-26,生物科技/医药,13,0.001501424310037894,0.38461538461538464
2024-05-26,金融,3,-0.0065177058965879,0.6666666666666666
2024-05-27,TMT/互联网,10,0.09340142066531255,0.3
2024-05-27,其他,1,0.0,0.0
2024-05-27,地产/建筑,6,-0.07922653694875369,0.8333333333333334
2024-05-27,工业/制造,9,-0.02454083394804854,0.5555555555555556
2024-05-27,新能源/汽车,0,,
2024-05-27,消费/零售,20,0.017107058252561824,0.4
2024-05-27,生物科技/医药,13,0.001501424310037894,0.38461538461538464
2024-05-27,金融,3,-0.0065177058965879,0.6666666666666666
2024-05-28,TMT/互联网,10,0.09340142066531255,0.3
2024-05-28,其他,1,0.0,0.0
2024-05-28,地产/建筑,6,-0.07922653694875369,0.8333333333333334
2024-05-28,工业/制造,10,0.013835579543843703,0.5
2024-05-28,新能源/汽车,0,,
2024-05-28,消费/零售,20,0.017107058252561824,0.4
2024-05-28,生物科技/医药,13,0.001501424310037894,0.38461538461538464
2024-05-28,金融,3,-0.0065177058965879,0.6666666666666666
2024-05-29,TMT/互联网,10,0.09340142066531255,0.3
2024-05-29,其他,1,0.0,0.0
2024-05-29,地产/建筑,6,-0.07922653694875369,0.8333333333333334
2024-05-29,工业/制造,10,0.013835579543843703,0.5
2024-05-29,新能源/汽车,0,,
2024-05-29,消费/零售,20,0.017107058252561824,0.4
2024-05-29,生物科技/医药,13,0.001501424310037894,0.38461538461538464
2024-05-29,金融,3,-0.0065177058965879,0.6666666666666666
2024-05-30,TMT/互联网,10,0.09340142066531255,0.3
2024-05-30,其他,1,0.0,0.0
2024-05-30,地产/建筑,6,-0.07922653694875369,0.8333333333333334
2024-05-30,工业/制造,10,0.013835579543843703,0.5
2024-05-30,新能源/汽车,0,,
2024-05-30,消费/零售,20,0.017107058252561824,0.4
2024-05-30,生物科技/医药,13,0.001501424310037894,0.38461538461538464
2024-05-30,金融,3,-0.0065177058965879,0.6666666666666666
2024-05-31,TMT/互联网,10,0.09340142066531255,0.3
2024-05-31,其他,1,0.0,0.0
2024-05-31,地产/建筑,6,-0.07922653694875369,0.8333333333333334
2024-05-31,工业/制造,10,0.013835579543843703,0.5
2024-05-31,新能源/汽车,0,,
2024-05-31,消费/零售,21,0.011169283721651655,0.42857142857142855
2024-05-31,生物科技/医药,13,0.001501424310037894,0.38461538461538464
2024-05-31,金融,3,-0.0065177058965879,0.6666666666666666
2024-06-01,TMT/互联网,10,0.09340142066531255,0.3
2024-06-01,其他,1,0.0,0.0
2024-06-01,地产/建筑,6,-0.07922653694875369,0.8333333333333334
2024-06-01,工业/制造,10,0.013835579543843703,0.5
2024-06-01,新能源/汽车,0,,
2024-06-01,消费/零售,21,0.011169283721651655,0.42857142857142855
2024-06-01,生物科技/医药,13,0.001501424310037894,0.38461538461538464
2024-06-01,金融,3,-0.0065177058965879,0.6666666666666666
2024-06-02,TMT/互联网,10,0.09340142066531255,0.3
2024-06-02,其他,1,0.0,0.0
2024-06-02,地产/建筑,6,-0.07922653694875369,0.8333333333333334
2024-06-02,工业/制造,10,0.013835579543843703,0.5
2024-06-02,新能源/汽车,0,,
2024-06-02,消费/零售,21,0.011169283721651655,0.42857142857142855
2024-06-02,生物科技/医药,13,0.001501424310037894,0.38461538461538464
2024-06-02,金融,3,-0.0065177058965879,0.6666666666666666
2024-06-03,TMT/互联网,11,0.06700404633485714,0.36363636363636365
2024-06-03,其他,1,0.0,0.0
2024-06-03,地产/建筑,6,-0.07922653694875369,0.8333333333333334
2024-06-03,工业/制造,10,0.013835579543843703,0.5
2024-06-03,新能源/汽车,0,,
2024-06-03,消费/零售,21,0.011169283721651655,0.42857142857142855
2024-06-03,生物科技/医药,13,0.001501424310037894,0.38461538461538464
2024-06-03,金融,3,-0.0065177058965879,0.6666666666666666
2024-06-04,TMT/互联网,11,0.06700404633485714,0.36363636363636365
2024-06-04,其他,1,0.0,0.0
2024-06-04,地产/建筑,6,-0.07922653694875369,0.8333333333333334
2024-06-04,工业/制造,10,0.013835579543843703,0.5
2024-06-04,新能源/汽车,0,,
2024-06-04,消费/零售,21,0.011169283721651655,0.42857142857142855
2024-06-04,生物科技/医药,13,0.001501424310037894,0.38461538461538464
2024-06-04,金融,3,-0.0065177058965879,0.6666666666666666
2024-06-05,TMT/互联网,11,0.06700404633485714,0.36363636363636365
2024-06-05,其他,1,0.0,0.0
2024-06-05,地产/建筑,6,-0.07922653694875369,0.8333333333333334
2024-06-05,工业/制造,10,0.013835579543843703,0.5
2024-06-05,新能源/汽车,0,,
2024-06-05,消费/零售,21,0.011169283721651655,0.42857142857142855
2024-06-05,生物科技/医药,13,0.001501424310037894,0.38461538461538464
2024-06-05,金融,3,-0.0065177058965879,0.6666666666666666
2024-06-06,TMT/互联网,11,0.06700404633485714,0.36363636363636365
2024-06-06,其他,1,0.0,0.0
2024-06-06,地产/建筑,6,-0.07922653694875369,0.8333333333333334
2024-06-06,工业/制造,10,0.013835579543843703,0.5
2024-06-06,新能源/汽车,0,,
2024-06-06,消费/零售,21,0.011169283721651655,0.42857142857142855
2024-06-06,生物科技/医药,13,0.001501424310037894,0.38461538461538464
2024-06-06,金融,3,-0.0065177058965879,0.6666666666666666
2024-06-07,TMT/互联网,11,0.06700404633485714,0.36363636363636365
2024-06-07,其他,1,0.0,0.0
2024-06-07,地产/建筑,6,-0.07922653694875369,0.8333333333333334
2024-06-07,工业/制造,10,0.013835579543843703,0.5
2024-06-07,新能源/汽车,0,,
2024-06-07,消费/零售,22,0.024672284194196894,0.4090909090909091
2024-06-07,生物科技/医药,14,0.0013941797164637587,0.35714285714285715
2024-06-07,金融,3,-0.0065177058965879,0.6666666666666666
2024-06-08,TMT/互联网,11,0.06700404633485714,0.36363636363636365
2024-06-08,其他,1,0.0,0.0
2024-06-08,地产/建筑,6,-0.07922653694875369,0.8333333333333334
2024-06-08,工业/制造,10,0.013835579543843703,0.5
2024-06-08,新能源/汽车,0,,
2024-06-08,消费/零售,22,0.024672284194196894,0.4090909090909091
2024-06-08,生物科技/医药,14,0.0013941797164637587,0.35714285714285715
2024-06-08,金融,3,-0.0065177058965879,0.6666666666666666
2024-06-09,TMT/互联网,11,0.06700404633485714,0.36363636363636365
2024-06-09,其他,1,0.0,0.0
2024-06-09,地产/建筑,6,-0.07922653694875369,0.8333333333333334
2024-06-09,工业/制造,10,0.013835579543843703,0.5
2024-06-09,新能源/汽车,0,,
2024-06-09,消费/零售,22,0.024672284194196894,0.4090909090909091
2024-06-09,生物科技/医药,14,0.0013941797164637587,0.35714285714285715
2024-06-09,金融,3,-0.0065177058965879,0.6666666666666666
2024-06-10,TMT/互联网,11,0.06700404633485714,0.36363636363636365
2024-06-10,其他,1,0.0,0.0
2024-06-10,地产/建筑,6,-0.07922653694875369,0.8333333333333334
2024-06-10,工业/制造,10,0.013835579543843703,0.5
2024-06-10,新能源/汽车,0,,
2024-06-10,消费/零售,22,0.024672284194196894,0.4090909090909091
2024-06-10,生物科技/医药,14,0.0013941797164637587,0.35714285714285715
2024-06-10,金融,3,-0.0065177058965879,0.6666666666666666
2024-06-11,TMT/互联网,11,0.06700404633485714,0.36363636363636365
2024-06-11,其他,1,0.0,0.0
2024-06-11,地产/建筑,6,-0.07922653694875369,0.8333333333333334
2024-06-11,工业/制造,10,0.013835579543843703,0.5
2024-06-11,新能源/汽车,0,,
2024-06-11,消费/零售,22,0.024672284194196894,0.4090909090909091
2024-06-11,生物科技/医药,13,0.0009721370835029686,0.38461538461538464
2024-06-11,金融,3,-0.0065177058965879,0.6666666666666666
2024-06-12,TMT/互联网,11,0.06700404633485714,0.36363636363636365
2024-06-12,其他,1,0.0,0.0
2024-06-12,地产/建筑,6,-0.07922653694875369,0.8333333333333334
2024-06-12,工业/制造,10,0.013835579543843703,0.5
2024-06-12,新能源/汽车,0,,
2024-06-12,消费/零售,22,0.024672284194196894,0.4090909090909091
2024-06-12,生物科技/医药,13,0.0009721370835029686,0.38461538461538464
2024-06-12,金融,3,-0.0065177058965879,0.6666666666666666
2024-06-13,TMT/互联网,11,0.06700404633485714,0.36363636363636365
2024-06-13,其他,1,0.0,0.0
2024-06-13,地产/建筑,6,-0.07922653694875369,0.8333333333333334
2024-06-13,工业/制造,10,0.013835579543843703,0.5
2024-06-13,新能源/汽车,0,,
2024-06-13,消费/零售,22,0.024672284194196894,0.4090909090909091
2024-06-13,生物科技/医药,14,0.0063360408884316575,0.35714285714285715
2024-06-13,金融,3,-0.0065177058965879,0.6666666666666666
2024-06-14,TMT/互联网,12,0.050550810589561075,0.4166666666666667
2024-06-14,其他,1,0.0,0.0
2024-06-14,地产/建筑,6,-0.07922653694875369,0.8333333333333334
2024-06-14,工业/制造,10,0.013835579543843703,0.5
2024-06-14,新能源/汽车,0,,
2024-06-14,消费/零售,22,0.024672284194196894,0.4090909090909091
2024-06-14,生物科技/医药,14,0.0063360408884316575,0.35714285714285715
2024-06-14,金融,3,-0.0065177058965879,0.6666666666666666
2024-06-15,TMT/互联网,12,0.050550810589561075,0.4166666666666667
2024-06-15,其他,1,0.0,0.0
2024-06-15,地产/建筑,6,-0.07922653694875369,0.8333333333333334
2024-06-15,工业/制造,10,0.013835579543843703,0.5
2024-06-15,新能源/汽车,0,,
2024-06-15,消费/零售,22,0.024672284194196894,0.4090909090909091
2024-06-15,生物科技/医药,14,0.0063360408884316575,0.35714285714285715
2024-06-15,金融,3,-0.0065177058965879,0.6666666666666666
2024-06-16,TMT/互联网,12,0.050550810589561075,0.4166666666666667
2024-06-16,其他,1,0.0,0.0
2024-06-16,地产/建筑,6,-0.07922653694875369,0.8333333333333334
2024-06-16,工业/制造,10,0.013835579543843703,0.5
2024-06-16,新能源/汽车,0,,
2024-06-16,消费/零售,22,0.024672284194196894,0.4090909090909091
2024-06-16,生物科技/医药,14,0.0063360408884316575,0.35714285714285715
2024-06-16,金融,3,-0.0065177058965879,0.6666666666666666
2024-06-17,TMT/互联网,12,0.050550810589561075,0.4166666666666667
2024-06-17,其他,1,0.0,0.0
2024-06-17,地产/建筑,6,-0.07922653694875369,0.8333333333333334
2024-06-17,工业/制造,10,0.013835579543843703,0.5
2024-06-17,新能源/汽车,0,,
2024-06-17,消费/零售,22,0.024672284194196894,0.4090909090909091
2024-06-17,生物科技/医药,14,0.0063360408884316575,0.35714285714285715
2024-06-17,金融,3,-0.0065177058965879,0.6666666666666666
2024-06-18,TMT/互联网,12,0.050550810589561075,0.4166666666666667
2024-06-18,其他,1,0.0,0.0
2024-06-18,地产/建筑,6,-0.07922653694875369,0.8333333333333334
2024-06-18,工业/制造,11,-0.013737989888371759,0.5454545454545454
2024-06-18,新能源/汽车,0,,
2024-06-18,消费/零售,22,0.024672284194196894,0.4090909090909091
2024-06-18,生物科技/医药,14,0.0063360408884316575,0.35714285714285715
2024-06-18,金融,3,-0.0065177058965879,0.6666666666666666
2024-06-19,TMT/互联网,12,0.050550810589561075,0.4166666666666667
2024-06-19,其他,1,0.0,0.0
2024-06-19,地产/建筑,6,-0.07922653694875369,0.8333333333333334
2024-06-19,工业/制造,11,-0.013737989888371759,0.5454545454545454
2024-06-19,新能源/汽车,0,,
2024-06-19,消费/零售,22,0.024672284194196894,0.4090909090909091
2024-06-19,生物科技/医药,14,0.0063360408884316575,0.35714285714285715
2024-06-19,金融,3,-0.0065177058965879,0.6666666666666666
2024-06-20,TMT/互联网,12,0.050550810589561075,0.4166666666666667
2024-06-20,其他,1,0.0,0.0
2024-06-20,地产/建筑,6,-0.07922653694875369,0.8333333333333334
2024-06-20,工业/制造,11,-0.013737989888371759,0.5454545454545454
2024-06-20,新能源/汽车,0,,
2024-06-20,消费/零售,22,0.024672284194196894,0.4090909090909091
2024-06-20,生物科技/医药,14,0.0063360408884316575,0.35714285714285715
2024-06-20,金融,3,-0.0065177058965879,0.6666666666666666
2024-06-21,TMT/互联网,12,0.050550810589561075,0.4166666666666667
2024-06-21,其他,1,0.0,0.0
2024-06-21,地产/建筑,6,-0.07922653694875369,0.8333333333333334
2024-06-21,工业/制造,11,-0.013737989888371759,0.5454545454545454
2024-06-21,新能源/汽车,0,,
2024-06-21,消费/零售,22,0.024672284194196894,0.4090909090909091
2024-06-21,生物科技/医药,14,0.0063360408884316575,0.35714285714285715
2024-06-21,金融,3,-0.0065177058965879,0.6666666666666666
2024-06-22,TMT/互联网,12,0.050550810589561075,0.4166666666666667
2024-06-22,其他,1,0.0,0.0
2024-06-22,地产/建筑,6,-0.07922653694875369,0.8333333333333334
2024-06-22,工业/制造,11,-0.013737989888371759,0.5454545454545454
2024-06-22,新能源/汽车,0,,
2024-06-22,消费/零售,22,0.024672284194196894,0.4090909090909091
2024-06-22,生物科技/医药,14,0.0063360408884316575,0.35714285714285715
2024-06-22,金融,3,-0.0065177058965879,0.6666666666666666
2024-06-23,TMT/互联网,12,0.050550810589561075,0.4166666666666667
2024-06-23,其他,1,0.0,0.0
2024-06-23,地产/建筑,6,-0.07922653694875369,0.8333333333333334
2024-06-23,工业/制造,11,-0.013737989888371759,0.5454545454545454
2024-06-23,新能源/汽车,0,,
2024-06-23,消费/零售,22,0.024672284194196894,0.4090909090909091
2024-06-23,生物科技/医药,14,0.0063360408884316575,0.35714285714285715
2024-06-23,金融,3,-0.0065177058965879,0.6666666666666666
2024-06-24,TMT/互联网,12,0.050550810589561075,0.4166666666666667
2024-06-24,其他,1,0.0,0.0
2024-06-24,地产/建筑,6,-0.07922653694875369,0.8333333333333334
2024-06-24,工业/制造,11,-0.013737989888371759,0.5454545454545454
2024-06-24,新能源/汽车,0,,
2024-06-24,消费/零售,22,0.024672284194196894,0.4090909090909091
2024-06-24,生物科技/医药,14,0.0063360408884316575,0.35714285714285715
2024-06-24,金融,3,-0.0065177058965879,0.6666666666666666
2024-06-25,TMT/互联网,12,0.050550810589561075,0.4166666666666667
2024-06-25,其他,1,0.0,0.0
2024-06-25,地产/建筑,6,-0.07922653694875369,0.8333333333333334
2024-06-25,工业/制造,11,-0.013737989888371759,0.5454545454545454
2024-06-25,新能源/汽车,0,,
2024-06-25,消费/零售,22,0.024672284194196894,0.4090909090909091
2024-06-25,生物科技/医药,14,0.0063360408884316575,0.35714285714285715
2024-06-25,金融,3,-0.0065177058965879,0.6666666666666666
2024-06-26,TMT/互联网,12,0.050550810589561075,0.4166666666666667
2024-06-26,其他,1,0.0,0.0
2024-06-26,地产/建筑,6,-0.07922653694875369,0.8333333333333334
2024-06-26,工业/制造,11,-0.013737989888371759,0.5454545454545454
2024-06-26,新能源/汽车,0,,
2024-06-26,消费/零售,22,0.024672284194196894,0.4090909090909091
2024-06-26,生物科技/医药,14,0.0063360408884316575,0.35714285714285715
2024-06-26,金融,3,-0.0065177058965879,0.6666666666666666
2024-06-27,TMT/互联网,12,0.050550810589561075,0.4166666666666667
2024-06-27,其他,1,0.0,0.0
2024-06-27,地产/建筑,6,-0.07922653694875369,0.8333333333333334
2024-06-27,工业/制造,11,-0.013737989888371759,0.5454545454545454
2024-06-27,新能源/汽车,0,,
2024-06-27,消费/零售,22,0.024672284194196894,0.4090909090909091
2024-06-27,生物科技/医药,13,0.013331020839969605,0.3076923076923077
2024-06-27,金融,3,-0.0065177058965879,0.6666666666666666
2024-06-28,TMT/互联网,13,0.0106854316946527,0.46153846153846156
2024-06-28,其他,1,0.0,0.0
2024-06-28,地产/建筑,6,-0.07922653694875369,0.8333333333333334
2024-06-28,工业/制造,11,-0.013737989888371759,0.5454545454545454
2024-06-28,新能源/汽车,0,,
2024-06-28,消费/零售,24,0.021548454522246307,0.4166666666666667
2024-06-28,生物科技/医药,12,-0.002707042535906459,0.3333333333333333
2024-06-28,金融,3,-0.0065177058965879,0.6666666666666666
2024-06-29,TMT/互联网,13,0.0106854316946527,0.46153846153846156
2024-06-29,其他,1,0.0,0.0
2024-06-29,地产/建筑,6,-0.07922653694875369,0.8333333333333334
2024-06-29,工业/制造,11,-0.013737989888371759,0.5454545454545454
2024-06-29,新能源/汽车,0,,
2024-06-29,消费/零售,24,0.021548454522246307,0.4166666666666667
2024-06-29,生物科技/医药,11,-0.013874034596431599,0.36363636363636365
2024-06-29,金融,3,-0.0065177058965879,0.6666666666666666
2024-06-30,TMT/互联网,13,0.0106854316946527,0.46153846153846156
2024-06-30,其他,1,0.0,0.0
2024-06-30,地产/建筑,6,-0.07922653694875369,0.8333333333333334
2024-06-30,工业/制造,11,-0.013737989888371759,0.5454545454545454
2024-06-30,新能源/汽车,0,,
2024-06-30,消费/零售,24,0.021548454522246307,0.4166666666666667
2024-06-30,生物科技/医药,11,-0.013874034596431599,0.36363636363636365
2024-06-30,金融,3,-0.0065177058965879,0.6666666666666666
2024-07-01,TMT/互联网,13,0.0106854316946527,0.46153846153846156
2024-07-01,其他,1,0.0,0.0
2024-07-01,地产/建筑,6,-0.07922653694875369,0.8333333333333334
2024-07-01,工业/制造,11,-0.013737989888371759,0.5454545454545454
2024-07-01,新能源/汽车,0,,
2024-07-01,消费/零售,24,0.021548454522246307,0.4166666666666667
2024-07-01,生物科技/医药,11,-0.013874034596431599,0.36363636363636365
2024-07-01,金融,3,-0.0065177058965879,0.6666666666666666
2024-07-02,TMT/互联网,14,0.0017466271932274288,0.5
2024-07-02,其他,1,0.0,0.0
2024-07-02,地产/建筑,6,-0.07922653694875369,0.8333333333333334
2024-07-02,工业/制造,11,-0.013737989888371759,0.5454545454545454
2024-07-02,新能源/汽车,0,,
2024-07-02,消费/零售,24,0.021548454522246307,0.4166666666666667
2024-07-02,生物科技/医药,11,-0.013874034596431599,0.36363636363636365
2024-07-02,金融,3,-0.0065177058965879,0.6666666666666666
2024-07-03,TMT/互联网,15,-0.00626455146175966,0.5333333333333333
2024-07-03,其他,1,0.0,0.0
2024-07-03,地产/建筑,7,-0.08676933792619598,0.8571428571428571
2024-07-03,工业/制造,11,-0.013737989888371759,0.5454545454545454
2024-07-03,新能源/汽车,0,,
2024-07-03,消费/零售,24,0.021548454522246307,0.4166666666666667
2024-07-03,生物科技/医药,11,-0.013874034596431599,0.36363636363636365
2024-07-03,金融,3,-0.0065177058965879,0.6666666666666666
2024-07-04,TMT/互联网,15,-0.00626455146175966,0.5333333333333333
2024-07-04,其他,1,0.0,0.0
2024-07-04,地产/建筑,7,-0.08676933792619598,0.8571428571428571
2024-07-04,工业/制造,11,-0.013737989888371759,0.5454545454545454
2024-07-04,新能源/汽车,0,,
2024-07-04,消费/零售,24,0.021548454522246307,0.4166666666666667
2024-07-04,生物科技/医药,11,-0.013874034596431599,0.36363636363636365
2024-07-04,金融,3,-0.0065177058965879,0.6666666666666666
2024-07-05,TMT/互联网,15,-0.00626455146175966,0.5333333333333333
2024-07-05,其他,1,0.0,0.0
2024-07-05,地产/建筑,7,-0.08676933792619598,0.8571428571428571
2024-07-05,工业/制造,11,-0.013737989888371759,0.5454545454545454
2024-07-05,新能源/汽车,0,,
2024-07-05,消费/零售,24,0.021548454522246307,0.4166666666666667
2024-07-05,生物科技/医药,11,-0.013874034596431599,0.36363636363636365
2024-07-05,金融,3,-0.0065177058965879,0.6666666666666666
2024-07-06,TMT/互联网,15,-0.00626455146175966,0.5333333333333333
2024-07-06,其他,1,0.0,0.0
2024-07-06,地产/建筑,7,-0.08676933792619598,0.8571428571428571
2024-07-06,工业/制造,11,-0.013737989888371759,0.5454545454545454
2024-07-06,新能源/汽车,0,,
2024-07-06,消费/零售,24,0.021548454522246307,0.4166666666666667
2024-07-06,生物科技/医药,11,-0.013874034596431599,0.36363636363636365
2024-07-06,金融,3,-0.0065177058965879,0.6666666666666666
2024-07-07,TMT/互联网,15,-0.00626455146175966,0.5333333333333333
2024-07-07,其他,1,0.0,0.0
2024-07-07,地产/建筑,7,-0.08676933792619598,0.8571428571428571
2024-07-07,工业/制造,11,-0.013737989888371759,0.5454545454545454
2024-07-07,新能源/汽车,0,,
2024-07-07,消费/零售,24,0.021548454522246307,0.4166666666666667
2024-07-07,生物科技/医药,11,-0.013874034596431599,0.36363636363636365
2024-07-07,金融,3,-0.0065177058965879,0.6666666666666666
2024-07-08,TMT/互联网,15,-0.00626455146175966,0.5333333333333333
2024-07-08,其他,1,0.0,0.0
2024-07-08,地产/建筑,7,-0.08676933792619598,0.8571428571428571
2024-07-08,工业/制造,11,-0.013737989888371759,0.5454545454545454
2024-07-08,新能源/汽车,0,,
2024-07-08,消费/零售,24,0.021548454522246307,0.4166666666666667
2024-07-08,生物科技/医药,11,-0.013874034596431599,0.36363636363636365
2024-07-08,金融,3,-0.0065177058965879,0.6666666666666666
2024-07-09,TMT/互联网,16,0.007603545504600328,0.5
2024-07-09,其他,0,,
2024-07-09,地产/建筑,7,-0.08676933792619598,0.8571428571428571
2024-07-09,工业/制造,11,-0.013737989888371759,0.5454545454545454
2024-07-09,新能源/汽车,0,,
2024-07-09,消费/零售,24,0.021548454522246307,0.4166666666666667
2024-07-09,生物科技/医药,12,-0.015388805217669124,0.4166666666666667
2024-07-09,金融,3,-0.0065177058965879,0.6666666666666666
2024-07-10,TMT/互联网,17,0.007156278121976776,0.47058823529411764
2024-07-10,其他,0,,
2024-07-10,地产/建筑,7,-0.08676933792619598,0.8571428571428571
2024-07-10,工业/制造,11,-0.013737989888371759,0.5454545454545454
2024-07-10,新能源/汽车,1,-0.0769230769230769,1.0
2024-07-10,消费/零售,25,0.02588651634135645,0.4
2024-07-10,生物科技/医药,11,-0.019638072538687348,0.45454545454545453
2024-07-10,金融,3,-0.0065177058965879,0.6666666666666666
2024-07-11,TMT/互联网,17,0.007156278121976776,0.47058823529411764
2024-07-11,其他,0,,
2024-07-11,地产/建筑,7,-0.08676933792619598,0.8571428571428571
2024-07-11,工业/制造,11,-0.013737989888371759,0.5454545454545454
2024-07-11,新能源/汽车,1,-0.0769230769230769,1.0
2024-07-11,消费/零售,24,0.028752799956789764,0.375
2024-07-11,生物科技/医药,11,-0.019638072538687348,0.45454545454545453
2024-07-11,金融,3,-0.0065177058965879,0.6666666666666666
2024-07-12,TMT/互联网,17,0.007156278121976776,0.47058823529411764
2024-07-12,其他,0,,
2024-07-12,地产/建筑,7,-0.08676933792619598,0.8571428571428571
2024-07-12,工业/制造,12,-0.012593157397674111,0.5
2024-07-12,新能源/汽车,1,-0.0769230769230769,1.0
2024-07-12,消费/零售,23,0.033708025663795736,0.34782608695652173
2024-07-12,生物科技/医药,11,-0.019638072538687348,0.45454545454545453
2024-07-12,金融,3,-0.0065177058965879,0.6666666666666666
2024-07-13,TMT/互联网,17,0.007156278121976776,0.47058823529411764
2024-07-13,其他,0,,
2024-07-13,地产/建筑,7,-0.08676933792619598,0.8571428571428571
2024-07-13,工业/制造,12,-0.012593157397674111,0.5
2024-07-13,新能源/汽车,1,-0.0769230769230769,1.0
2024-07-13,消费/零售,23,0.033708025663795736,0.34782608695652173
2024-07-13,生物科技/医药,11,-0.019638072538687348,0.45454545454545453
2024-07-13,金融,3,-0.0065177058965879,0.6666666666666666
2024-07-14,TMT/互联网,17,0.007156278121976776,0.47058823529411764
2024-07-14,其他,0,,
2024-07-14,地产/建筑,7,-0.08676933792619598,0.8571428571428571
2024-07-14,工业/制造,12,-0.012593157397674111,0.5
2024-07-14,新能源/汽车,1,-0.0769230769230769,1.0
2024-07-14,消费/零售,23,0.033708025663795736,0.34782608695652173
2024-07-14,生物科技/医药,11,-0.019638072538687348,0.45454545454545453
2024-07-14,金融,3,-0.0065177058965879,0.6666666666666666
2024-07-15,TMT/互联网,18,-0.0001350479537372628,0.5
2024-07-15,其他,0,,
2024-07-15,地产/建筑,7,-0.08676933792619598,0.8571428571428571
2024-07-15,工业/制造,12,-0.012593157397674111,0.5
2024-07-15,新能源/汽车,1,-0.0769230769230769,1.0
2024-07-15,消费/零售,23,0.033708025663795736,0.34782608695652173
2024-07-15,生物科技/医药,11,-0.019638072538687348,0.45454545454545453
2024-07-15,金融,3,-0.0065177058965879,0.6666666666666666
2024-07-16,TMT/互联网,18,-0.0001350479537372628,0.5
2024-07-16,其他,0,,
2024-07-16,地产/建筑,7,-0.08676933792619598,0.8571428571428571
2024-07-16,工业/制造,12,-0.012593157397674111,0.5
2024-07-16,新能源/汽车,1,-0.0769230769230769,1.0
2024-07-16,消费/零售,22,0.03265756402041456,0.36363636363636365
2024-07-16,生物科技/医药,11,-0.019638072538687348,0.45454545454545453
2024-07-16,金融,3,-0.0065177058965879,0.6666666666666666
2024-07-17,TMT/互联网,18,-0.0001350479537372628,0.5
2024-07-17,其他,0,,
2024-07-17,地产/建筑,6,-0.0998647740286494,0.8333333333333334
2024-07-17,工业/制造,12,-0.012593157397674111,0.5
2024-07-17,新能源/汽车,1,-0.0769230769230769,1.0
2024-07-17,消费/零售,22,0.03265756402041456,0.36363636363636365
2024-07-17,生物科技/医药,11,-0.019638072538687348,0.45454545454545453
2024-07-17,金融,3,-0.0065177058965879,0.6666666666666666
2024-07-18,TMT/互联网,18,-0.0001350479537372628,0.5
2024-07-18,其他,0,,
2024-07-18,地产/建筑,6,-0.0998647740286494,0.8333333333333334
2024-07-18,工业/制造,12,-0.012593157397674111,0.5
2024-07-18,新能源/汽车,1,-0.0769230769230769,1.0
2024-07-18,消费/零售,22,0.03265756402041456,0.36363636363636365
2024-07-18,生物科技/医药,11,-0.019638072538687348,0.45454545454545453
2024-07-18,金融,3,-0.0065177058965879,0.6666666666666666
2024-07-19,TMT/互联网,18,-0.0001350479537372628,0.5
2024-07-19,其他,0,,
2024-07-19,地产/建筑,6,-0.0998647740286494,0.8333333333333334
2024-07-19,工业/制造,12,-0.012593157397674111,0.5
2024-07-19,新能源/汽车,1,-0.0769230769230769,1.0
2024-07-19,消费/零售,22,0.03265756402041456,0.36363636363636365
2024-07-19,生物科技/医药,11,-0.019638072538687348,0.45454545454545453
2024-07-19,金融,3,-0.0065177058965879,0.6666666666666666
2024-07-20,TMT/互联网,18,-0.0001350479537372628,0.5
2024-07-20,其他,0,,
2024-07-20,地产/建筑,6,-0.0998647740286494,0.8333333333333334
2024-07-20,工业/制造,12,-0.012593157397674111,0.5
2024-07-20,新能源/汽车,1,-0.0769230769230769,1.0
2024-07-20,消费/零售,22,0.03265756402041456,0.36363636363636365
2024-07-20,生物科技/医药,11,-0.019638072538687348,0.45454545454545453
2024-07-20,金融,3,-0.0065177058965879,0.6666666666666666
2024-07-21,TMT/互联网,18,-0.0001350479537372628,0.5
2024-07-21,其他,0,,
2024-07-21,地产/建筑,6,-0.0998647740286494,0.8333333333333334
2024-07-21,工业/制造,12,-0.012593157397674111,0.5
2024-07-21,新能源/汽车,1,-0.0769230769230769,1.0
2024-07-21,消费/零售,22,0.03265756402041456,0.36363636363636365
2024-07-21,生物科技/医药,11,-0.019638072538687348,0.45454545454545453
2024-07-21,金融,3,-0.0065177058965879,0.6666666666666666
2024-07-22,TMT/互联网,18,-0.0001350479537372628,0.5
2024-07-22,其他,0,,
2024-07-22,地产/建筑,6,-0.0998647740286494,0.8333333333333334
2024-07-22,工业/制造,12,-0.012593157397674111,0.5
2024-07-22,新能源/汽车,1,-0.0769230769230769,1.0
2024-07-22,消费/零售,22,0.03265756402041456,0.36363636363636365
2024-07-22,生物科技/医药,11,-0.019638072538687348,0.45454545454545453
2024-07-22,金融,3,-0.0065177058965879,0.6666666666666666
2024-07-23,TMT/互联网,18,-0.0001350479537372628,0.5
2024-07-23,其他,0,,
2024-07-23,地产/建筑,6,-0.0998647740286494,0.8333333333333334
2024-07-23,工业/制造,12,-0.012593157397674111,0.5
2024-07-23,新能源/汽车,1,-0.0769230769230769,1.0
2024-07-23,消费/零售,22,0.03265756402041456,0.36363636363636365
2024-07-23,生物科技/医药,11,-0.019638072538687348,0.45454545454545453
2024-07-23,金融,3,-0.0065177058965879,0.6666666666666666
2024-07-24,TMT/互联网,18,-0.0001350479537372628,0.5
2024-07-24,其他,0,,
2024-07-24,地产/建筑,6,-0.0998647740286494,0.8333333333333334
2024-07-24,工业/制造,12,-0.012593157397674111,0.5
2024-07-24,新能源/汽车,1,-0.0769230769230769,1.0
2024-07-24,消费/零售,22,0.03265756402041456,0.36363636363636365
2024-07-24,生物科技/医药,11,-0.019638072538687348,0.45454545454545453
2024-07-24,金融,3,-0.0065177058965879,0.6666666666666666
2024-07-25,TMT/互联网,18,-0.0001350479537372628,0.5
2024-07-25,其他,0,,
2024-07-25,地产/建筑,6,-0.0998647740286494,0.8333333333333334
2024-07-25,工业/制造,12,-0.012593157397674111,0.5
2024-07-25,新能源/汽车,1,-0.0769230769230769,1.0
2024-07-25,消费/零售,22,0.03265756402041456,0.36363636363636365
2024-07-25,生物科技/医药,11,-0.019638072538687348,0.45454545454545453
2024-07-25,金融,3,-0.0065177058965879,0.6666666666666666
2024-07-26,TMT/互联网,18,-0.0001350479537372628,0.5
2024-07-26,其他,0,,
2024-07-26,地产/建筑,6,-0.0998647740286494,0.8333333333333334
2024-07-26,工业/制造,12,-0.012593157397674111,0.5
2024-07-26,新能源/汽车,1,-0.0769230769230769,1.0
2024-07-26,消费/零售,22,0.03265756402041456,0.36363636363636365
2024-07-26,生物科技/医药,11,-0.019638072538687348,0.45454545454545453
2024-07-26,金融,3,-0.0065177058965879,0.6666666666666666
2024-07-27,TMT/互联网,18,-0.0001350479537372628,0.5
2024-07-27,其他,0,,
2024-07-27,地产/建筑,6,-0.0998647740286494,0.8333333333333334
2024-07-27,工业/制造,12,-0.012593157397674111,0.5
2024-07-27,新能源/汽车,1,-0.0769230769230769,1.0
2024-07-27,消费/零售,22,0.03265756402041456,0.36363636363636365
2024-07-27,生物科技/医药,11,-0.019638072538687348,0.45454545454545453
2024-07-27,金融,3,-0.0065177058965879,0.6666666666666666
2024-07-28,TMT/互联网,18,-0.0001350479537372628,0.5
2024-07-28,其他,0,,
2024-07-28,地产/建筑,6,-0.0998647740286494,0.8333333333333334
2024-07-28,工业/制造,12,-0.012593157397674111,0.5
2024-07-28,新能源/汽车,1,-0.0769230769230769,1.0
2024-07-28,消费/零售,22,0.03265756402041456,0.36363636363636365
2024-07-28,生物科技/医药,11,-0.019638072538687348,0.45454545454545453
2024-07-28,金融,3,-0.0065177058965879,0.6666666666666666
2024-07-29,TMT/互联网,18,-0.0001350479537372628,0.5
2024-07-29,其他,0,,
2024-07-29,地产/建筑,6,-0.0998647740286494,0.8333333333333334
2024-07-29,工业/制造,12,-0.012593157397674111,0.5
2024-07-29,新能源/汽车,1,-0.0769230769230769,1.0
2024-07-29,消费/零售,22,0.03265756402041456,0.36363636363636365
2024-07-29,生物科技/医药,11,-0.019638072538687348,0.45454545454545453
2024-07-29,金融,3,-0.0065177058965879,0.6666666666666666
2024-07-30,TMT/互联网,18,-0.0001350479537372628,0.5
2024-07-30,其他,0,,
2024-07-30,地产/建筑,6,-0.0998647740286494,0.8333333333333334
2024-07-30,工业/制造,12,-0.012593157397674111,0.5
2024-07-30,新能源/汽车,1,-0.0769230769230769,1.0
2024-07-30,消费/零售,22,0.03265756402041456,0.36363636363636365
2024-07-30,生物科技/医药,11,-0.019638072538687348,0.45454545454545453
2024-07-30,金融,3,-0.0065177058965879,0.6666666666666666
2024-07-31,TMT/互联网,18,-0.0001350479537372628,0.5
2024-07-31,其他,0,,
2024-07-31,地产/建筑,6,-0.0998647740286494,0.8333333333333334
2024-07-31,工业/制造,12,-0.012593157397674111,0.5
2024-07-31,新能源/汽车,1,-0.0769230769230769,1.0
2024-07-31,消费/零售,22,0.03265756402041456,0.36363636363636365
2024-07-31,生物科技/医药,11,-0.019638072538687348,0.45454545454545453
2024-07-31,金融,3,-0.0065177058965879,0.6666666666666666
2024-08-01,TMT/互联网,18,-0.0001350479537372628,0.5
2024-08-01,其他,0,,
2024-08-01,地产/建筑,6,-0.0998647740286494,0.8333333333333334
2024-08-01,工业/制造,12,-0.012593157397674111,0.5
2024-08-01,新能源/汽车,1,-0.0769230769230769,1.0
2024-08-01,消费/零售,22,0.03265756402041456,0.36363636363636365
2024-08-01,生物科技/医药,11,-0.019638072538687348,0.45454545454545453
2024-08-01,金融,3,-0.0065177058965879,0.6666666666666666
2024-08-02,TMT/互联网,18,-0.0001350479537372628,0.5
2024-08-02,其他,0,,
2024-08-02,地产/建筑,6,-0.0998647740286494,0.8333333333333334
2024-08-02,工业/制造,12,-0.012593157397674111,0.5
2024-08-02,新能源/汽车,1,-0.0769230769230769,1.0
2024-08-02,消费/零售,22,0.03265756402041456,0.36363636363636365
2024-08-02,生物科技/医药,11,-0.019638072538687348,0.45454545454545453
2024-08-02,金融,3,-0.0065177058965879,0.6666666666666666
2024-08-03,TMT/互联网,18,-0.0001350479537372628,0.5
2024-08-03,其他,0,,
2024-08-03,地产/建筑,6,-0.0998647740286494,0.8333333333333334
2024-08-03,工业/制造,12,-0.012593157397674111,0.5
2024-08-03,新能源/汽车,1,-0.0769230769230769,1.0
2024-08-03,消费/零售,22,0.03265756402041456,0.36363636363636365
2024-08-03,生物科技/医药,11,-0.019638072538687348,0.45454545454545453
2024-08-03,金融,3,-0.0065177058965879,0.6666666666666666
2024-08-04,TMT/互联网,18,-0.0001350479537372628,0.5
2024-08-04,其他,0,,
2024-08-04,地产/建筑,6,-0.0998647740286494,0.8333333333333334
2024-08-04,工业/制造,12,-0.012593157397674111,0.5
2024-08-04,新能源/汽车,1,-0.0769230769230769,1.0
2024-08-04,消费/零售,22,0.03265756402041456,0.36363636363636365
2024-08-04,生物科技/医药,11,-0.019638072538687348,0.45454545454545453
2024-08-04,金融,3,-0.0065177058965879,0.6666666666666666
2024-08-05,TMT/互联网,18,-0.0001350479537372628,0.5
2024-08-05,其他,0,,
2024-08-05,地产/建筑,6,-0.0998647740286494,0.8333333333333334
2024-08-05,工业/制造,12,-0.012593157397674111,0.5
2024-08-05,新能源/汽车,1,-0.0769230769230769,1.0
2024-08-05,消费/零售,22,0.03265756402041456,0.36363636363636365
2024-08-05,生物科技/医药,11,-0.019638072538687348,0.45454545454545453
2024-08-05,金融,3,-0.0065177058965879,0.6666666666666666
2024-08-06,TMT/互联网,18,-0.0001350479537372628,0.5
2024-08-06,其他,0,,
2024-08-06,地产/建筑,6,-0.0998647740286494,0.8333333333333334
2024-08-06,工业/制造,12,-0.012593157397674111,0.5
2024-08-06,新能源/汽车,1,-0.0769230769230769,1.0
2024-08-06,消费/零售,22,0.03265756402041456,0.36363636363636365
2024-08-06,生物科技/医药,11,-0.019638072538687348,0.45454545454545453
2024-08-06,金融,4,0.012190208949652077,0.5
2024-08-07,TMT/互联网,18,-0.0001350479537372628,0.5
2024-08-07,其他,0,,
2024-08-07,地产/建筑,6,-0.0998647740286494,0.8333333333333334
2024-08-07,工业/制造,12,-0.012593157397674111,0.5
2024-08-07,新能源/汽车,1,-0.0769230769230769,1.0
2024-08-07,消费/零售,22,0.03265756402041456,0.36363636363636365
2024-08-07,生物科技/医药,11,-0.019638072538687348,0.45454545454545453
2024-08-07,金融,4,0.012190208949652077,0.5
2024-08-08,TMT/互联网,19,0.004491320751554613,0.47368421052631576
2024-08-08,其他,0,,
2024-08-08,地产/建筑,6,-0.0998647740286494,0.8333333333333334
2024-08-08,工业/制造,12,-0.012593157397674111,0.5
2024-08-08,新能源/汽车,1,-0.0769230769230769,1.0
2024-08-08,消费/零售,22,0.03265756402041456,0.36363636363636365
2024-08-08,生物科技/医药,11,-0.019638072538687348,0.45454545454545453
2024-08-08,金融,4,0.012190208949652077,0.5
2024-08-09,TMT/互联网,19,0.004491320751554613,0.47368421052631576
2024-08-09,其他,0,,
2024-08-09,地产/建筑,6,-0.0998647740286494,0.8333333333333334
2024-08-09,工业/制造,12,-0.012593157397674111,0.5
2024-08-09,新能源/汽车,1,-0.0769230769230769,1.0
2024-08-09,消费/零售,22,0.03265756402041456,0.36363636363636365
2024-08-09,生物科技/医药,11,-0.019638072538687348,0.45454545454545453
2024-08-09,金融,4,0.012190208949652077,0.5
2024-08-10,TMT/互联网,19,0.004491320751554613,0.47368421052631576
2024-08-10,其他,0,,
2024-08-10,地产/建筑,6,-0.0998647740286494,0.8333333333333334
2024-08-10,工业/制造,12,-0.012593157397674111,0.5
2024-08-10,新能源/汽车,1,-0.0769230769230769,1.0
2024-08-10,消费/零售,22,0.03265756402041456,0.36363636363636365
2024-08-10,生物科技/医药,11,-0.019638072538687348,0.45454545454545453
2024-08-10,金融,4,0.012190208949652077,0.5
2024-08-11,TMT/互联网,19,0.004491320751554613,0.47368421052631576
2024-08-11,其他,0,,
2024-08-11,地产/建筑,6,-0.0998647740286494,0.8333333333333334
2024-08-11,工业/制造,12,-0.012593157397674111,0.5
2024-08-11,新能源/汽车,1,-0.0769230769230769,1.0
2024-08-11,消费/零售,22,0.03265756402041456,0.36363636363636365
2024-08-11,生物科技/医药,11,-0.019638072538687348,0.45454545454545453
2024-08-11,金融,4,0.012190208949652077,0.5
2024-08-12,TMT/互联网,19,0.004491320751554613,0.47368421052631576
2024-08-12,其他,0,,
2024-08-12,地产/建筑,6,-0.0998647740286494,0.8333333333333334
2024-08-12,工业/制造,12,-0.012593157397674111,0.5
2024-08-12,新能源/汽车,1,-0.0769230769230769,1.0
2024-08-12,消费/零售,22,0.03265756402041456,0.36363636363636365
2024-08-12,生物科技/医药,11,-0.019638072538687348,0.45454545454545453
2024-08-12,金融,4,0.012190208949652077,0.5
2024-08-13,TMT/互联网,19,0.004491320751554613,0.47368421052631576
2024-08-13,其他,0,,
2024-08-13,地产/建筑,6,-0.0998647740286494,0.8333333333333334
2024-08-13,工业/制造,12,-0.012593157397674111,0.5
2024-08-13,新能源/汽车,1,-0.0769230769230769,1.0
2024-08-13,消费/零售,22,0.03265756402041456,0.36363636363636365
2024-08-13,生物科技/医药,11,-0.019638072538687348,0.45454545454545453
2024-08-13,金融,4,0.012190208949652077,0.5
2024-08-14,TMT/互联网,19,0.004491320751554613,0.47368421052631576
2024-08-14,其他,0,,
2024-08-14,地产/建筑,6,-0.0998647740286494,0.8333333333333334
2024-08-14,工业/制造,12,-0.012593157397674111,0.5
2024-08-14,新能源/汽车,1,-0.0769230769230769,1.0
2024-08-14,消费/零售,22,0.03265756402041456,0.36363636363636365
2024-08-14,生物科技/医药,11,-0.019638072538687348,0.45454545454545453
2024-08-14,金融,4,0.012190208949652077,0.5
2024-08-15,TMT/互联网,19,0.004491320751554613,0.47368421052631576
2024-08-15,其他,0,,
2024-08-15,地产/建筑,6,-0.0998647740286494,0.8333333333333334
2024-08-15,工业/制造,12,-0.012593157397674111,0.5
2024-08-15,新能源/汽车,1,-0.0769230769230769,1.0
2024-08-15,消费/零售,22,0.03265756402041456,0.36363636363636365
2024-08-15,生物科技/医药,11,-0.019638072538687348,0.45454545454545453
2024-08-15,金融,4,0.012190208949652077,0.5
2024-08-16,TMT/互联网,19,0.004491320751554613,0.47368421052631576
2024-08-16,其他,0,,
2024-08-16,地产/建筑,6,-0.0998647740286494,0.8333333333333334
2024-08-16,工业/制造,12,-0.012593157397674111,0.5
2024-08-16,新能源/汽车,1,-0.0769230769230769,1.0
2024-08-16,消费/零售,22,0.03265756402041456,0.36363636363636365
2024-08-16,生物科技/医药,11,-0.019638072538687348,0.45454545454545453
2024-08-16,金融,4,0.012190208949652077,0.5
2024-08-17,TMT/互联网,19,0.004491320751554613,0.47368421052631576
2024-08-17,其他,0,,
2024-08-17,地产/建筑,6,-0.0998647740286494,0.8333333333333334
2024-08-17,工业/制造,12,-0.012593157397674111,0.5
2024-08-17,新能源/汽车,1,-0.0769230769230769,1.0
2024-08-17,消费/零售,22,0.03265756402041456,0.36363636363636365
2024-08-17,生物科技/医药,11,-0.019638072538687348,0.45454545454545453
2024-08-17,金融,4,0.012190208949652077,0.5
2024-08-18,TMT/互联网,19,0.004491320751554613,0.47368421052631576
2024-08-18,其他,0,,
2024-08-18,地产/建筑,6,-0.0998647740286494,0.8333333333333334
2024-08-18,工业/制造,12,-0.012593157397674111,0.5
2024-08-18,新能源/汽车,1,-0.0769230769230769,1.0
2024-08-18,消费/零售,22,0.03265756402041456,0.36363636363636365
2024-08-18,生物科技/医药,11,-0.019638072538687348,0.45454545454545453
2024-08-18,金融,4,0.012190208949652077,0.5
2024-08-19,TMT/互联网,19,0.004491320751554613,0.47368421052631576
2024-08-19,其他,0,,
2024-08-19,地产/建筑,6,-0.0998647740286494,0.8333333333333334
2024-08-19,工业/制造,12,-0.012593157397674111,0.5
2024-08-19,新能源/汽车,1,-0.0769230769230769,1.0
2024-08-19,消费/零售,22,0.03265756402041456,0.36363636363636365
2024-08-19,生物科技/医药,11,-0.019638072538687348,0.45454545454545453
2024-08-19,金融,4,0.012190208949652077,0.5
2024-08-20,TMT/互联网,19,0.004491320751554613,0.47368421052631576
2024-08-20,其他,0,,
2024-08-20,地产/建筑,6,-0.0998647740286494,0.8333333333333334
2024-08-20,工业/制造,12,-0.012593157397674111,0.5
2024-08-20,新能源/汽车,1,-0.0769230769230769,1.0
2024-08-20,消费/零售,22,0.03265756402041456,0.36363636363636365
2024-08-20,生物科技/医药,12,-0.022490516770039836,0.5
2024-08-20,金融,4,0.012190208949652077,0.5
2024-08-21,TMT/互联网,19,0.004491320751554613,0.47368421052631576
2024-08-21,其他,0,,
2024-08-21,地产/建筑,6,-0.0998647740286494,0.8333333333333334
2024-08-21,工业/制造,12,-0.012593157397674111,0.5
2024-08-21,新能源/汽车,1,-0.0769230769230769,1.0
2024-08-21,消费/零售,22,0.03265756402041456,0.36363636363636365
2024-08-21,生物科技/医药,12,-0.022490516770039836,0.5
2024-08-21,金融,4,0.012190208949652077,0.5
2024-08-22,TMT/互联网,19,0.004491320751554613,0.47368421052631576
2024-08-22,其他,0,,
2024-08-22,地产/建筑,6,-0.0998647740286494,0.8333333333333334
2024-08-22,工业/制造,12,-0.012593157397674111,0.5
2024-08-22,新能源/汽车,1,-0.0769230769230769,1.0
2024-08-22,消费/零售,22,0.03265756402041456,0.36363636363636365
2024-08-22,生物科技/医药,12,-0.022490516770039836,0.5
2024-08-22,金融,4,0.012190208949652077,0.5
2024-08-23,TMT/互联网,19,0.004491320751554613,0.47368421052631576
2024-08-23,其他,0,,
2024-08-23,地产/建筑,6,-0.0998647740286494,0.8333333333333334
2024-08-23,工业/制造,12,-0.012593157397674111,0.5
2024-08-23,新能源/汽车,1,-0.0769230769230769,1.0
2024-08-23,消费/零售,22,0.03265756402041456,0.36363636363636365
2024-08-23,生物科技/医药,12,-0.022490516770039836,0.5
2024-08-23,金融,4,0.012190208949652077,0.5
2024-08-24,TMT/互联网,19,0.004491320751554613,0.47368421052631576
2024-08-24,其他,0,,
2024-08-24,地产/建筑,6,-0.0998647740286494,0.8333333333333334
2024-08-24,工业/制造,12,-0.012593157397674111,0.5
2024-08-24,新能源/汽车,1,-0.0769230769230769,1.0
2024-08-24,消费/零售,22,0.03265756402041456,0.36363636363636365
2024-08-24,生物科技/医药,12,-0.022490516770039836,0.5
2024-08-24,金融,4,0.012190208949652077,0.5
2024-08-25,TMT/互联网,19,0.004491320751554613,0.47368421052631576
2024-08-25,其他,0,,
2024-08-25,地产/建筑,6,-0.0998647740286494,0.8333333333333334
2024-08-25,工业/制造,12,-0.012593157397674111,0.5
2024-08-25,新能源/汽车,1,-0.0769230769230769,1.0
2024-08-25,消费/零售,22,0.03265756402041456,0.36363636363636365
2024-08-25,生物科技/医药,12,-0.022490516770039836,0.5
2024-08-25,金融,4,0.012190208949652077,0.5
2024-08-26,TMT/互联网,19,0.004491320751554613,0.47368421052631576
2024-08-26,其他,0,,
2024-08-26,地产/建筑,6,-0.0998647740286494,0.8333333333333334
2024-08-26,工业/制造,12,-0.012593157397674111,0.5
2024-08-26,新能源/汽车,1,-0.0769230769230769,1.0
2024-08-26,消费/零售,22,0.03265756402041456,0.36363636363636365
2024-08-26,生物科技/医药,12,-0.022490516770039836,0.5
2024-08-26,金融,4,0.012190208949652077,0.5
2024-08-27,TMT/互联网,19,0.004491320751554613,0.47368421052631576
2024-08-27,其他,0,,
2024-08-27,地产/建筑,6,-0.0998647740286494,0.8333333333333334
2024-08-27,工业/制造,12,-0.012593157397674111,0.5
2024-08-27,新能源/汽车,1,-0.0769230769230769,1.0
2024-08-27,消费/零售,22,0.03265756402041456,0.36363636363636365
2024-08-27,生物科技/医药,12,-0.022490516770039836,0.5
2024-08-27,金融,4,0.012190208949652077,0.5
2024-08-28,TMT/互联网,19,0.004491320751554613,0.47368421052631576
2024-08-28,其他,0,,
2024-08-28,地产/建筑,6,-0.0998647740286494,0.8333333333333334
2024-08-28,工业/制造,12,-0.012593157397674111,0.5
2024-08-28,新能源/汽车,1,-0.0769230769230769,1.0
2024-08-28,消费/零售,22,0.03265756402041456,0.36363636363636365
2024-08-28,生物科技/医药,12,-0.022490516770039836,0.5
2024-08-28,金融,4,0.012190208949652077,0.5
2024-08-29,TMT/互联网,19,0.004491320751554613,0.47368421052631576
2024-08-29,其他,0,,
2024-08-29,地产/建筑,6,-0.0998647740286494,0.8333333333333334
2024-08-29,工业/制造,12,-0.012593157397674111,0.5
2024-08-29,新能源/汽车,1,-0.0769230769230769,1.0
2024-08-29,消费/零售,22,0.03265756402041456,0.36363636363636365
2024-08-29,生物科技/医药,12,-0.022490516770039836,0.5
2024-08-29,金融,4,0.012190208949652077,0.5
2024-08-30,TMT/互联网,19,0.004491320751554613,0.47368421052631576
2024-08-30,其他,0,,
2024-08-30,地产/建筑,6,-0.0998647740286494,0.8333333333333334
2024-08-30,工业/制造,12,-0.012593157397674111,0.5
2024-08-30,新能源/汽车,1,-0.0769230769230769,1.0
2024-08-30,消费/零售,22,0.03265756402041456,0.36363636363636365
2024-08-30,生物科技/医药,12,-0.022490516770039836,0.5
2024-08-30,金融,4,0.012190208949652077,0.5
2024-08-31,TMT/互联网,19,0.004491320751554613,0.47368421052631576
2024-08-31,其他,0,,
2024-08-31,地产/建筑,6,-0.0998647740286494,0.8333333333333334
2024-08-31,工业/制造,12,-0.012593157397674111,0.5
2024-08-31,新能源/汽车,1,-0.0769230769230769,1.0
2024-08-31,消费/零售,22,0.03265756402041456,0.36363636363636365
2024-08-31,生物科技/医药,12,-0.022490516770039836,0.5
2024-08-31,金融,4,0.012190208949652077,0.5
2024-09-01,TMT/互联网,19,0.004491320751554613,0.47368421052631576
2024-09-01,其他,0,,
2024-09-01,地产/建筑,6,-0.0998647740286494,0.8333333333333334
2024-09-01,工业/制造,12,-0.012593157397674111,0.5
2024-09-01,新能源/汽车,1,-0.0769230769230769,1.0
2024-09-01,消费/零售,22,0.03265756402041456,0.36363636363636365
2024-09-01,生物科技/医药,12,-0.022490516770039836,0.5
2024-09-01,金融,4,0.012190208949652077,0.5
2024-09-02,TMT/互联网,19,0.004491320751554613,0.47368421052631576
2024-09-02,其他,0,,
2024-09-02,地产/建筑,6,-0.0998647740286494,0.8333333333333334
2024-09-02,工业/制造,12,-0.012593157397674111,0.5
2024-09-02,新能源/汽车,1,-0.0769230769230769,1.0
2024-09-02,消费/零售,22,0.03265756402041456,0.36363636363636365
2024-09-02,生物科技/医药,12,-0.022490516770039836,0.5
2024-09-02,金融,4,0.012190208949652077,0.5
2024-09-03,TMT/互联网,19,0.004491320751554613,0.47368421052631576
2024-09-03,其他,0,,
2024-09-03,地产/建筑,6,-0.0998647740286494,0.8333333333333334
2024-09-03,工业/制造,12,-0.012593157397674111,0.5
2024-09-03,新能源/汽车,1,-0.0769230769230769,1.0
2024-09-03,消费/零售,22,0.03265756402041456,0.36363636363636365
2024-09-03,生物科技/医药,12,-0.022490516770039836,0.5
2024-09-03,金融,4,0.012190208949652077,0.5
2024-09-04,TMT/互联网,19,0.004491320751554613,0.47368421052631576
2024-09-04,其他,0,,
2024-09-04,地产/建筑,6,-0.0998647740286494,0.8333333333333334
2024-09-04,工业/制造,12,-0.012593157397674111,0.5
2024-09-04,新能源/汽车,1,-0.0769230769230769,1.0
2024-09-04,消费/零售,22,0.03265756402041456,0.36363636363636365
2024-09-04,生物科技/医药,11,-0.01733099256560092,0.45454545454545453
2024-09-04,金融,4,0.012190208949652077,0.5
2024-09-05,TMT/互联网,19,0.004491320751554613,0.47368421052631576
2024-09-05,其他,0,,
2024-09-05,地产/建筑,6,-0.0998647740286494,0.8333333333333334
2024-09-05,工业/制造,12,-0.012593157397674111,0.5
2024-09-05,新能源/汽车,1,-0.0769230769230769,1.0
2024-09-05,消费/零售,22,0.03265756402041456,0.36363636363636365
2024-09-05,生物科技/医药,11,-0.01733099256560092,0.45454545454545453
2024-09-05,金融,4,0.012190208949652077,0.5
2024-09-06,TMT/互联网,19,0.004491320751554613,0.47368421052631576
2024-09-06,其他,0,,
2024-09-06,地产/建筑,7,-0.11629495388996394,0.8571428571428571
2024-09-06,工业/制造,12,-0.012593157397674111,0.5
2024-09-06,新能源/汽车,1,-0.0769230769230769,1.0
2024-09-06,消费/零售,22,0.03265756402041456,0.36363636363636365
2024-09-06,生物科技/医药,11,-0.01733099256560092,0.45454545454545453
2024-09-06,金融,4,0.012190208949652077,0.5
2024-09-07,TMT/互联网,19,0.004491320751554613,0.47368421052631576
2024-09-07,其他,0,,
2024-09-07,地产/建筑,7,-0.11629495388996394,0.8571428571428571
2024-09-07,工业/制造,12,-0.012593157397674111,0.5
2024-09-07,新能源/汽车,1,-0.0769230769230769,1.0
2024-09-07,消费/零售,22,0.03265756402041456,0.36363636363636365
2024-09-07,生物科技/医药,11,-0.01733099256560092,0.45454545454545453
2024-09-07,金融,4,0.012190208949652077,0.5
2024-09-08,TMT/互联网,19,0.004491320751554613,0.47368421052631576
2024-09-08,其他,0,,
2024-09-08,地产/建筑,7,-0.11629495388996394,0.8571428571428571
2024-09-08,工业/制造,12,-0.012593157397674111,0.5
2024-09-08,新能源/汽车,1,-0.0769230769230769,1.0
2024-09-08,消费/零售,22,0.03265756402041456,0.36363636363636365
2024-09-08,生物科技/医药,11,-0.01733099256560092,0.45454545454545453
2024-09-08,金融,4,0.012190208949652077,0.5
2024-09-09,TMT/互联网,19,0.004491320751554613,0.47368421052631576
2024-09-09,其他,0,,
2024-09-09,地产/建筑,7,-0.11629495388996394,0.8571428571428571
2024-09-09,工业/制造,12,-0.012593157397674111,0.5
2024-09-09,新能源/汽车,1,-0.0769230769230769,1.0
2024-09-09,消费/零售,22,0.03265756402041456,0.36363636363636365
2024-09-09,生物科技/医药,11,-0.01733099256560092,0.45454545454545453
2024-09-09,金融,4,0.012190208949652077,0.5
2024-09-10,TMT/互联网,19,0.004491320751554613,0.47368421052631576
2024-09-10,其他,0,,
2024-09-10,地产/建筑,7,-0.11629495388996394,0.8571428571428571
2024-09-10,工业/制造,12,-0.012593157397674111,0.5
2024-09-10,新能源/汽车,1,-0.0769230769230769,1.0
2024-09-10,消费/零售,22,0.03265756402041456,0.36363636363636365
2024-09-10,生物科技/医药,11,-0.01733099256560092,0.45454545454545453
2024-09-10,金融,4,0.012190208949652077,0.5
2024-09-11,TMT/互联网,19,0.004491320751554613,0.47368421052631576
2024-09-11,其他,0,,
2024-09-11,地产/建筑,7,-0.11629495388996394,0.8571428571428571
2024-09-11,工业/制造,12,-0.012593157397674111,0.5
2024-09-11,新能源/汽车,1,-0.0769230769230769,1.0
2024-09-11,消费/零售,22,0.03265756402041456,0.36363636363636365
2024-09-11,生物科技/医药,11,-0.01733099256560092,0.45454545454545453
2024-09-11,金融,4,0.012190208949652077,0.5
2024-09-12,TMT/互联网,19,0.004491320751554613,0.47368421052631576
2024-09-12,其他,0,,
2024-09-12,地产/建筑,7,-0.11629495388996394,0.8571428571428571
2024-09-12,工业/制造,12,-0.012593157397674111,0.5
2024-09-12,新能源/汽车,1,-0.0769230769230769,1.0
2024-09-12,消费/零售,22,0.03265756402041456,0.36363636363636365
2024-09-12,生物科技/医药,11,-0.01733099256560092,0.45454545454545453
2024-09-12,金融,4,0.012190208949652077,0.5
2024-09-13,TMT/互联网,19,0.004491320751554613,0.47368421052631576
2024-09-13,其他,0,,
2024-09-13,地产/建筑,7,-0.11629495388996394,0.8571428571428571
2024-09-13,工业/制造,12,-0.012593157397674111,0.5
2024-09-13,新能源/汽车,1,-0.0769230769230769,1.0
2024-09-13,消费/零售,22,0.03265756402041456,0.36363636363636365
2024-09-13,生物科技/医药,11,-0.01733099256560092,0.45454545454545453
2024-09-13,金融,4,0.012190208949652077,0.5
2024-09-14,TMT/互联网,19,0.004491320751554613,0.47368421052631576
2024-09-14,其他,0,,
2024-09-14,地产/建筑,7,-0.11629495388996394,0.8571428571428571
2024-09-14,工业/制造,12,-0.012593157397674111,0.5
2024-09-14,新能源/汽车,1,-0.0769230769230769,1.0
2024-09-14,消费/零售,22,0.03265756402041456,0.36363636363636365
2024-09-14,生物科技/医药,11,-0.01733099256560092,0.45454545454545453
2024-09-14,金融,4,0.012190208949652077,0.5
2024-09-15,TMT/互联网,19,0.004491320751554613,0.47368421052631576
2024-09-15,其他,0,,
2024-09-15,地产/建筑,7,-0.11629495388996394,0.8571428571428571
2024-09-15,工业/制造,12,-0.012593157397674111,0.5
2024-09-15,新能源/汽车,1,-0.0769230769230769,1.0
2024-09-15,消费/零售,22,0.03265756402041456,0.36363636363636365
2024-09-15,生物科技/医药,11,-0.01733099256560092,0.45454545454545453
2024-09-15,金融,4,0.012190208949652077,0.5
2024-09-16,TMT/互联网,19,0.004491320751554613,0.47368421052631576
2024-09-16,其他,0,,
2024-09-16,地产/建筑,7,-0.11629495388996394,0.8571428571428571
2024-09-16,工业/制造,12,-0.012593157397674111,0.5
2024-09-16,新能源/汽车,1,-0.0769230769230769,1.0
2024-09-16,消费/零售,22,0.03265756402041456,0.36363636363636365
2024-09-16,生物科技/医药,11,-0.01733099256560092,0.45454545454545453
2024-09-16,金融,4,0.012190208949652077,0.5
2024-09-17,TMT/互联网,19,0.004491320751554613,0.47368421052631576
2024-09-17,其他,0,,
2024-09-17,地产/建筑,7,-0.11629495388996394,0.8571428571428571
2024-09-17,工业/制造,12,-0.012593157397674111,0.5
2024-09-17,新能源/汽车,1,-0.0769230769230769,1.0
2024-09-17,消费/零售,23,0.03116422692434482,0.391304347826087
2024-09-17,生物科技/医药,11,-0.01733099256560092,0.45454545454545453
2024-09-17,金融,4,0.012190208949652077,0.5
2024-09-18,TMT/互联网,19,0.004491320751554613,0.47368421052631576
2024-09-18,其他,0,,
2024-09-18,地产/建筑,7,-0.11629495388996394,0.8571428571428571
2024-09-18,工业/制造,12,-0.012593157397674111,0.5
2024-09-18,新能源/汽车,1,-0.0769230769230769,1.0
2024-09-18,消费/零售,23,0.03116422692434482,0.391304347826087
2024-09-18,生物科技/医药,11,-0.01733099256560092,0.45454545454545453
2024-09-18,金融,4,0.012190208949652077,0.5
2024-09-19,TMT/互联网,19,0.004491320751554613,0.47368421052631576
2024-09-19,其他,0,,
2024-09-19,地产/建筑,7,-0.11629495388996394,0.8571428571428571
2024-09-19,工业/制造,12,-0.012593157397674111,0.5
2024-09-19,新能源/汽车,1,-0.0769230769230769,1.0
2024-09-19,消费/零售,23,0.03116422692434482,0.391304347826087
2024-09-19,生物科技/医药,11,-0.01733099256560092,0.45454545454545453
2024-09-19,金融,4,0.012190208949652077,0.5
2024-09-20,TMT/互联网,19,0.004491320751554613,0.47368421052631576
2024-09-20,其他,0,,
2024-09-20,地产/建筑,7,-0.11629495388996394,0.8571428571428571
2024-09-20,工业/制造,12,-0.012593157397674111,0.5
2024-09-20,新能源/汽车,1,-0.0769230769230769,1.0
2024-09-20,消费/零售,23,0.03116422692434482,0.391304347826087
2024-09-20,生物科技/医药,11,-0.01733099256560092,0.45454545454545453
2024-09-20,金融,4,0.012190208949652077,0.5
2024-09-21,TMT/互联网,19,0.004491320751554613,0.47368421052631576
2024-09-21,其他,0,,
2024-09-21,地产/建筑,7,-0.11629495388996394,0.8571428571428571
2024-09-21,工业/制造,12,-0.012593157397674111,0.5
2024-09-21,新能源/汽车,1,-0.0769230769230769,1.0
2024-09-21,消费/零售,23,0.03116422692434482,0.391304347826087
2024-09-21,生物科技/医药,11,-0.01733099256560092,0.45454545454545453
2024-09-21,金融,4,0.012190208949652077,0.5
2024-09-22,TMT/互联网,19,0.004491320751554613,0.47368421052631576
2024-09-22,其他,0,,
2024-09-22,地产/建筑,7,-0.11629495388996394,0.8571428571428571
2024-09-22,工业/制造,12,-0.012593157397674111,0.5
2024-09-22,新能源/汽车,1,-0.0769230769230769,1.0
2024-09-22,消费/零售,23,0.03116422692434482,0.391304347826087
2024-09-22,生物科技/医药,11,-0.01733099256560092,0.45454545454545453
2024-09-22,金融,4,0.012190208949652077,0.5
2024-09-23,TMT/互联网,19,0.004491320751554613,0.47368421052631576
2024-09-23,其他,0,,
2024-09-23,地产/建筑,7,-0.11629495388996394,0.8571428571428571
2024-09-23,工业/制造,12,-0.012593157397674111,0.5
2024-09-23,新能源/汽车,1,-0.0769230769230769,1.0
2024-09-23,消费/零售,23,0.03116422692434482,0.391304347826087
2024-09-23,生物科技/医药,11,-0.01733099256560092,0.45454545454545453
2024-09-23,金融,4,0.012190208949652077,0.5
2024-09-24,TMT/互联网,19,0.004491320751554613,0.47368421052631576
2024-09-24,其他,0,,
2024-09-24,地产/建筑,7,-0.11629495388996394,0.8571428571428571
2024-09-24,工业/制造,11,-0.013206357777792279,0.45454545454545453
2024-09-24,新能源/汽车,1,-0.0769230769230769,1.0
2024-09-24,消费/零售,23,0.03116422692434482,0.391304347826087
2024-09-24,生物科技/医药,10,-0.01662506743191712,0.4
2024-09-24,金融,4,0.012190208949652077,0.5
2024-09-25,TMT/互联网,19,0.004491320751554613,0.47368421052631576
2024-09-25,其他,0,,
2024-09-25,地产/建筑,7,-0.11629495388996394,0.8571428571428571
2024-09-25,工业/制造,11,-0.013206357777792279,0.45454545454545453
2024-09-25,新能源/汽车,1,-0.0769230769230769,1.0
2024-09-25,消费/零售,22,0.030145717758568294,0.4090909090909091
2024-09-25,生物科技/医药,10,-0.01662506743191712,0.4
2024-09-25,金融,4,0.012190208949652077,0.5
2024-09-26,TMT/互联网,19,0.004491320751554613,0.47368421052631576
2024-09-26,其他,0,,
2024-09-26,地产/建筑,7,-0.11629495388996394,0.8571428571428571
2024-09-26,工业/制造,11,-0.013206357777792279,0.45454545454545453
2024-09-26,新能源/汽车,1,-0.0769230769230769,1.0
2024-09-26,消费/零售,22,0.030145717758568294,0.4090909090909091
2024-09-26,生物科技/医药,10,-0.01662506743191712,0.4
2024-09-26,金融,4,0.012190208949652077,0.5
2024-09-27,TMT/互联网,17,0.008368828579387047,0.47058823529411764
2024-09-27,其他,0,,
2024-09-27,地产/建筑,7,-0.11629495388996394,0.8571428571428571
2024-09-27,工业/制造,11,-0.013206357777792279,0.45454545454545453
2024-09-27,新能源/汽车,1,-0.0769230769230769,1.0
2024-09-27,消费/零售,22,0.030145717758568294,0.4090909090909091
2024-09-27,生物科技/医药,9,0.010735772711901776,0.3333333333333333
2024-09-27,金融,4,0.012190208949652077,0.5
2024-09-28,TMT/互联网,17,0.008368828579387047,0.47058823529411764
2024-09-28,其他,0,,
2024-09-28,地产/建筑,7,-0.11629495388996394,0.8571428571428571
2024-09-28,工业/制造,11,-0.013206357777792279,0.45454545454545453
2024-09-28,新能源/汽车,1,-0.0769230769230769,1.0
2024-09-28,消费/零售,22,0.030145717758568294,0.4090909090909091
2024-09-28,生物科技/医药,9,0.010735772711901776,0.3333333333333333
2024-09-28,金融,4,0.012190208949652077,0.5
2024-09-29,TMT/互联网,17,0.008368828579387047,0.47058823529411764
2024-09-29,其他,0,,
2024-09-29,地产/建筑,7,-0.11629495388996394,0.8571428571428571
2024-09-29,工业/制造,11,-0.013206357777792279,0.45454545454545453
2024-09-29,新能源/汽车,1,-0.0769230769230769,1.0
2024-09-29,消费/零售,22,0.030145717758568294,0.4090909090909091
2024-09-29,生物科技/医药,9,0.010735772711901776,0.3333333333333333
2024-09-29,金融,4,0.012190208949652077,0.5
2024-09-30,TMT/互联网,17,0.008368828579387047,0.47058823529411764
2024-09-30,其他,0,,
2024-09-30,地产/建筑,7,-0.11629495388996394,0.8571428571428571
2024-09-30,工业/制造,11,-0.013206357777792279,0.45454545454545453
2024-09-30,新能源/汽车,1,-0.0769230769230769,1.0
2024-09-30,消费/零售,22,0.030145717758568294,0.4090909090909091
2024-09-30,生物科技/医药,9,0.010735772711901776,0.3333333333333333
2024-09-30,金融,4,0.012190208949652077,0.5
2024-10-01,TMT/互联网,17,0.008368828579387047,0.47058823529411764
2024-10-01,其他,0,,
2024-10-01,地产/建筑,7,-0.11629495388996394,0.8571428571428571
2024-10-01,工业/制造,11,-0.013206357777792279,0.45454545454545453
2024-10-01,新能源/汽车,1,-0.0769230769230769,1.0
2024-10-01,消费/零售,22,0.030145717758568294,0.4090909090909091
2024-10-01,生物科技/医药,9,0.010735772711901776,0.3333333333333333
2024-10-01,金融,4,0.012190208949652077,0.5
2024-10-02,TMT/互联网,17,0.008368828579387047,0.47058823529411764
2024-10-02,其他,0,,
2024-10-02,地产/建筑,7,-0.11629495388996394,0.8571428571428571
2024-10-02,工业/制造,11,-0.013206357777792279,0.45454545454545453
2024-10-02,新能源/汽车,1,-0.0769230769230769,1.0
2024-10-02,消费/零售,23,0.02723320371414542,0.43478260869565216
2024-10-02,生物科技/医药,9,0.010735772711901776,0.3333333333333333
2024-10-02,金融,4,0.012190208949652077,0.5
2024-10-03,TMT/互联网,17,0.008368828579387047,0.47058823529411764
2024-10-03,其他,0,,
2024-10-03,地产/建筑,7,-0.11629495388996394,0.8571428571428571
2024-10-03,工业/制造,11,-0.013206357777792279,0.45454545454545453
2024-10-03,新能源/汽车,1,-0.0769230769230769,1.0
2024-10-03,消费/零售,23,0.02723320371414542,0.43478260869565216
2024-10-03,生物科技/医药,9,0.010735772711901776,0.3333333333333333
2024-10-03,金融,4,0.012190208949652077,0.5
2024-10-04,TMT/互联网,17,0.008368828579387047,0.47058823529411764
2024-10-04,其他,0,,
2024-10-04,地产/建筑,7,-0.11629495388996394,0.8571428571428571
2024-10-04,工业/制造,11,-0.013206357777792279,0.45454545454545453
2024-10-04,新能源/汽车,1,-0.0769230769230769,1.0
2024-10-04,消费/零售,23,0.02723320371414542,0.43478260869565216
2024-10-04,生物科技/医药,9,0.010735772711901776,0.3333333333333333
2024-10-04,金融,4,0.012190208949652077,0.5
2024-10-05,TMT/互联网,17,0.008368828579387047,0.47058823529411764
2024-10-05,其他,0,,
2024-10-05,地产/建筑,7,-0.11629495388996394,0.8571428571428571
2024-10-05,工业/制造,11,-0.013206357777792279,0.45454545454545453
2024-10-05,新能源/汽车,1,-0.0769230769230769,1.0
2024-10-05,消费/零售,23,0.02723320371414542,0.43478260869565216
2024-10-05,生物科技/医药,9,0.010735772711901776,0.3333333333333333
2024-10-05,金融,3,0.04779350061561524,0.3333333333333333
2024-10-06,TMT/互联网,17,0.008368828579387047,0.47058823529411764
2024-10-06,其他,0,,
2024-10-06,地产/建筑,7,-0.11629495388996394,0.8571428571428571
2024-10-06,工业/制造,11,-0.013206357777792279,0.45454545454545453
2024-10-06,新能源/汽车,1,-0.0769230769230769,1.0
2024-10-06,消费/零售,23,0.02723320371414542,0.43478260869565216
2024-10-06,生物科技/医药,9,0.010735772711901776,0.3333333333333333
2024-10-06,金融,3,0.04779350061561524,0.3333333333333333
2024-10-07,TMT/互联网,17,0.008368828579387047,0.47058823529411764
2024-10-07,其他,0,,
2024-10-07,地产/建筑,7,-0.11629495388996394,0.8571428571428571
2024-10-07,工业/制造,11,-0.013206357777792279,0.45454545454545453
2024-10-07,新能源/汽车,1,-0.0769230769230769,1.0
2024-10-07,消费/零售,23,0.02723320371414542,0.43478260869565216
2024-10-07,生物科技/医药,9,0.010735772711901776,0.3333333333333333
2024-10-07,金融,3,0.04779350061561524,0.3333333333333333
2024-10-08,TMT/互联网,18,-0.002179143115118241,0.5
2024-10-08,其他,0,,
2024-10-08,地产/建筑,7,-0.11629495388996394,0.8571428571428571
2024-10-08,工业/制造,11,-0.013206357777792279,0.45454545454545453
2024-10-08,新能源/汽车,1,-0.0769230769230769,1.0
2024-10-08,消费/零售,23,0.02723320371414542,0.43478260869565216
2024-10-08,生物科技/医药,9,0.010735772711901776,0.3333333333333333
2024-10-08,金融,3,0.04779350061561524,0.3333333333333333
2024-10-09,TMT/互联网,18,-0.002179143115118241,0.5
2024-10-09,其他,0,,
2024-10-09,地产/建筑,8,-0.07175808465371845,0.75
2024-10-09,工业/制造,11,-0.013206357777792279,0.45454545454545453
2024-10-09,新能源/汽车,1,-0.0769230769230769,1.0
2024-10-09,消费/零售,23,0.02723320371414542,0.43478260869565216
2024-10-09,生物科技/医药,9,0.010735772711901776,0.3333333333333333
2024-10-09,金融,3,0.04779350061561524,0.3333333333333333
2024-10-10,TMT/互联网,17,-0.021436931064979323,0.5294117647058824
2024-10-10,其他,0,,
2024-10-10,地产/建筑,8,-0.07175808465371845,0.75
2024-10-10,工业/制造,11,-0.013206357777792279,0.45454545454545453
2024-10-10,新能源/汽车,1,-0.0769230769230769,1.0
2024-10-10,消费/零售,23,0.02723320371414542,0.43478260869565216
2024-10-10,生物科技/医药,9,0.010735772711901776,0.3333333333333333
2024-10-10,金融,3,0.04779350061561524,0.3333333333333333
2024-10-11,TMT/互联网,17,-0.021436931064979323,0.5294117647058824
2024-10-11,其他,0,,
2024-10-11,地产/建筑,8,-0.07175808465371845,0.75
2024-10-11,工业/制造,11,-0.013206357777792279,0.45454545454545453
2024-10-11,新能源/汽车,1,-0.0769230769230769,1.0
2024-10-11,消费/零售,21,0.02275237848512216,0.47619047619047616
2024-10-11,生物科技/医药,9,0.010735772711901776,0.3333333333333333
2024-10-11,金融,3,0.04779350061561524,0.3333333333333333
2024-10-12,TMT/互联网,17,-0.021436931064979323,0.5294117647058824
2024-10-12,其他,0,,
2024-10-12,地产/建筑,8,-0.07175808465371845,0.75
2024-10-12,工业/制造,11,-0.013206357777792279,0.45454545454545453
2024-10-12,新能源/汽车,1,-0.0769230769230769,1.0
2024-10-12,消费/零售,21,0.02275237848512216,0.47619047619047616
2024-10-12,生物科技/医药,9,0.010735772711901776,0.3333333333333333
2024-10-12,金融,3,0.04779350061561524,0.3333333333333333
2024-10-13,TMT/互联网,17,-0.021436931064979323,0.5294117647058824
2024-10-13,其他,0,,
2024-10-13,地产/建筑,8,-0.07175808465371845,0.75
2024-10-13,工业/制造,11,-0.013206357777792279,0.45454545454545453
2024-10-13,新能源/汽车,1,-0.0769230769230769,1.0
2024-10-13,消费/零售,21,0.02275237848512216,0.47619047619047616
2024-10-13,生物科技/医药,9,0.010735772711901776,0.3333333333333333
2024-10-13,金融,3,0.04779350061561524,0.3333333333333333
2024-10-14,TMT/互联网,17,-0.021436931064979323,0.5294117647058824
2024-10-14,其他,0,,
2024-10-14,地产/建筑,8,-0.07175808465371845,0.75
2024-10-14,工业/制造,11,-0.013206357777792279,0.45454545454545453
2024-10-14,新能源/汽车,1,-0.0769230769230769,1.0
2024-10-14,消费/零售,21,0.02275237848512216,0.47619047619047616
2024-10-14,生物科技/医药,9,0.010735772711901776,0.3333333333333333
2024-10-14,金融,3,0.04779350061561524,0.3333333333333333
2024-10-15,TMT/互联网,17,-0.021436931064979323,0.5294117647058824
2024-10-15,其他,0,,
2024-10-15,地产/建筑,8,-0.07175808465371845,0.75
2024-10-15,工业/制造,11,-0.013206357777792279,0.45454545454545453
2024-10-15,新能源/汽车,1,-0.0769230769230769,1.0
2024-10-15,消费/零售,21,0.02275237848512216,0.47619047619047616
2024-10-15,生物科技/医药,9,0.010735772711901776,0.3333333333333333
2024-10-15,金融,3,0.04779350061561524,0.3333333333333333
2024-10-16,TMT/互联网,18,-0.03448210156136936,0.5555555555555556
2024-10-16,其他,0,,
2024-10-16,地产/建筑,8,-0.07175808465371845,0.75
2024-10-16,工业/制造,11,-0.013206357777792279,0.45454545454545453
2024-10-16,新能源/汽车,1,-0.0769230769230769,1.0
2024-10-16,消费/零售,21,0.02275237848512216,0.47619047619047616
2024-10-16,生物科技/医药,9,0.010735772711901776,0.3333333333333333
2024-10-16,金融,3,0.04779350061561524,0.3333333333333333
2024-10-17,TMT/互联网,18,-0.03448210156136936,0.5555555555555556
2024-10-17,其他,0,,
2024-10-17,地产/建筑,8,-0.07175808465371845,0.75
2024-10-17,工业/制造,11,-0.013206357777792279,0.45454545454545453
2024-10-17,新能源/汽车,1,-0.0769230769230769,1.0
2024-10-17,消费/零售,21,0.02275237848512216,0.47619047619047616
2024-10-17,生物科技/医药,9,0.010735772711901776,0.3333333333333333
2024-10-17,金融,3,0.04779350061561524,0.3333333333333333
2024-10-18,TMT/互联网,18,-0.03448210156136936,0.5555555555555556
2024-10-18,其他,0,,
2024-10-18,地产/建筑,8,-0.07175808465371845,0.75
2024-10-18,工业/制造,11,-0.013206357777792279,0.45454545454545453
2024-10-18,新能源/汽车,1,-0.0769230769230769,1.0
2024-10-18,消费/零售,21,0.02275237848512216,0.47619047619047616
2024-10-18,生物科技/医药,9,0.010735772711901776,0.3333333333333333
2024-10-18,金融,3,0.04779350061561524,0.3333333333333333
2024-10-19,TMT/互联网,18,-0.03448210156136936,0.5555555555555556
2024-10-19,其他,0,,
2024-10-19,地产/建筑,8,-0.07175808465371845,0.75
2024-10-19,工业/制造,11,-0.013206357777792279,0.45454545454545453
2024-10-19,新能源/汽车,1,-0.0769230769230769,1.0
2024-10-19,消费/零售,21,0.02275237848512216,0.47619047619047616
2024-10-19,生物科技/医药,9,0.010735772711901776,0.3333333333333333
2024-10-19,金融,3,0.04779350061561524,0.3333333333333333
2024-10-20,TMT/互联网,18,-0.03448210156136936,0.5555555555555556
2024-10-20,其他,0,,
2024-10-20,地产/建筑,8,-0.07175808465371845,0.75
2024-10-20,工业/制造,11,-0.013206357777792279,0.45454545454545453
2024-10-20,新能源/汽车,1,-0.0769230769230769,1.0
2024-10-20,消费/零售,21,0.02275237848512216,0.47619047619047616
2024-10-20,生物科技/医药,9,0.010735772711901776,0.3333333333333333
2024-10-20,金融,3,0.04779350061561524,0.3333333333333333
2024-10-21,TMT/互联网,18,-0.03448210156136936,0.5555555555555556
2024-10-21,其他,0,,
2024-10-21,地产/建筑,8,-0.07175808465371845,0.75
2024-10-21,工业/制造,11,-0.013206357777792279,0.45454545454545453
2024-10-21,新能源/汽车,1,-0.0769230769230769,1.0
2024-10-21,消费/零售,21,0.02275237848512216,0.47619047619047616
2024-10-21,生物科技/医药,9,0.010735772711901776,0.3333333333333333
2024-10-21,金融,3,0.04779350061561524,0.3333333333333333
2024-10-22,TMT/互联网,18,-0.03448210156136936,0.5555555555555556
2024-10-22,其他,0,,
2024-10-22,地产/建筑,8,-0.07175808465371845,0.75
2024-10-22,工业/制造,11,-0.013206357777792279,0.45454545454545453
2024-10-22,新能源/汽车,1,-0.0769230769230769,1.0
2024-10-22,消费/零售,21,0.02275237848512216,0.47619047619047616
2024-10-22,生物科技/医药,9,0.010735772711901776,0.3333333333333333
2024-10-22,金融,3,0.04779350061561524,0.3333333333333333
2024-10-23,TMT/互联网,18,-0.03448210156136936,0.5555555555555556
2024-10-23,其他,0,,
2024-10-23,地产/建筑,8,-0.07175808465371845,0.75
2024-10-23,工业/制造,11,-0.013206357777792279,0.45454545454545453
2024-10-23,新能源/汽车,1,-0.0769230769230769,1.0
2024-10-23,消费/零售,22,0.022325712877408938,0.45454545454545453
2024-10-23,生物科技/医药,9,0.010735772711901776,0.3333333333333333
2024-10-23,金融,3,0.04779350061561524,0.3333333333333333
2024-10-24,TMT/互联网,19,-0.04315245147919203,0.5789473684210527
2024-10-24,其他,0,,
2024-10-24,地产/建筑,8,-0.07175808465371845,0.75
2024-10-24,工业/制造,11,-0.013206357777792279,0.45454545454545453
2024-10-24,新能源/汽车,1,-0.0769230769230769,1.0
2024-10-24,消费/零售,22,0.022325712877408938,0.45454545454545453
2024-10-24,生物科技/医药,9,0.010735772711901776,0.3333333333333333
2024-10-24,金融,3,0.04779350061561524,0.3333333333333333
2024-10-25,TMT/互联网,19,-0.04315245147919203,0.5789473684210527
2024-10-25,其他,0,,
2024-10-25,地产/建筑,8,-0.07175808465371845,0.75
2024-10-25,工业/制造,11,-0.013206357777792279,0.45454545454545453
2024-10-25,新能源/汽车,1,-0.0769230769230769,1.0
2024-10-25,消费/零售,22,0.022325712877408938,0.45454545454545453
2024-10-25,生物科技/医药,9,0.010735772711901776,0.3333333333333333
2024-10-25,金融,3,0.04779350061561524,0.3333333333333333
2024-10-26,TMT/互联网,19,-0.04315245147919203,0.5789473684210527
2024-10-26,其他,0,,
2024-10-26,地产/建筑,8,-0.07175808465371845,0.75
2024-10-26,工业/制造,10,-0.014526993555571511,0.5
2024-10-26,新能源/汽车,1,-0.0769230769230769,1.0
2024-10-26,消费/零售,22,0.022325712877408938,0.45454545454545453
2024-10-26,生物科技/医药,9,0.010735772711901776,0.3333333333333333
2024-10-26,金融,3,0.04779350061561524,0.3333333333333333
2024-10-27,TMT/互联网,19,-0.04315245147919203,0.5789473684210527
2024-10-27,其他,0,,
2024-10-27,地产/建筑,8,-0.07175808465371845,0.75
2024-10-27,工业/制造,10,-0.014526993555571511,0.5
2024-10-27,新能源/汽车,1,-0.0769230769230769,1.0
2024-10-27,消费/零售,22,0.022325712877408938,0.45454545454545453
2024-10-27,生物科技/医药,9,0.010735772711901776,0.3333333333333333
2024-10-27,金融,3,0.04779350061561524,0.3333333333333333
2024-10-28,TMT/互联网,19,-0.04315245147919203,0.5789473684210527
2024-10-28,其他,0,,
2024-10-28,地产/建筑,8,-0.07175808465371845,0.75
2024-10-28,工业/制造,10,-0.014526993555571511,0.5
2024-10-28,新能源/汽车,1,-0.0769230769230769,1.0
2024-10-28,消费/零售,22,0.022325712877408938,0.45454545454545453
2024-10-28,生物科技/医药,9,0.010735772711901776,0.3333333333333333
2024-10-28,金融,3,0.04779350061561524,0.3333333333333333
2024-10-29,TMT/互联网,19,-0.04315245147919203,0.5789473684210527
2024-10-29,其他,0,,
2024-10-29,地产/建筑,8,-0.07175808465371845,0.75
2024-10-29,工业/制造,10,-0.014526993555571511,0.5
2024-10-29,新能源/汽车,1,-0.0769230769230769,1.0
2024-10-29,消费/零售,22,0.022325712877408938,0.45454545454545453
2024-10-29,生物科技/医药,9,0.010735772711901776,0.3333333333333333
2024-10-29,金融,3,0.04779350061561524,0.3333333333333333
2024-10-30,TMT/互联网,19,-0.04315245147919203,0.5789473684210527
2024-10-30,其他,0,,
2024-10-30,地产/建筑,8,-0.07175808465371845,0.75
2024-10-30,工业/制造,11,-0.019111869588815892,0.5454545454545454
2024-10-30,新能源/汽车,1,-0.0769230769230769,1.0
2024-10-30,消费/零售,22,0.022325712877408938,0.45454545454545453
2024-10-30,生物科技/医药,9,0.010735772711901776,0.3333333333333333
2024-10-30,金融,3,0.04779350061561524,0.3333333333333333
2024-10-31,TMT/互联网,19,-0.04315245147919203,0.5789473684210527
2024-10-31,其他,0,,
2024-10-31,地产/建筑,8,-0.07175808465371845,0.75
2024-10-31,工业/制造,11,-0.019111869588815892,0.5454545454545454
2024-10-31,新能源/汽车,1,-0.0769230769230769,1.0
2024-10-31,消费/零售,22,0.022325712877408938,0.45454545454545453
2024-10-31,生物科技/医药,10,0.006406381487223239,0.4
2024-10-31,金融,3,0.04779350061561524,0.3333333333333333
2024-11-01,TMT/互联网,19,-0.04315245147919203,0.5789473684210527
2024-11-01,其他,0,,
2024-11-01,地产/建筑,8,-0.07175808465371845,0.75
2024-11-01,工业/制造,12,-0.019114110121486335,0.5833333333333334
2024-11-01,新能源/汽车,1,-0.0769230769230769,1.0
2024-11-01,消费/零售,21,0.02338884206204745,0.47619047619047616
2024-11-01,生物科技/医药,10,0.006406381487223239,0.4
2024-11-01,金融,3,0.04779350061561524,0.3333333333333333
2024-11-02,TMT/互联网,19,-0.04315245147919203,0.5789473684210527
2024-11-02,其他,0,,
2024-11-02,地产/建筑,8,-0.07175808465371845,0.75
2024-11-02,工业/制造,12,-0.019114110121486335,0.5833333333333334
2024-11-02,新能源/汽车,1,-0.0769230769230769,1.0
2024-11-02,消费/零售,20,0.01623828416514982,0.5
2024-11-02,生物科技/医药,10,0.006406381487223239,0.4
2024-11-02,金融,3,0.04779350061561524,0.3333333333333333
2024-11-03,TMT/互联网,19,-0.04315245147919203,0.5789473684210527
2024-11-03,其他,0,,
2024-11-03,地产/建筑,8,-0.07175808465371845,0.75
2024-11-03,工业/制造,12,-0.019114110121486335,0.5833333333333334
2024-11-03,新能源/汽车,1,-0.0769230769230769,1.0
2024-11-03,消费/零售,20,0.01623828416514982,0.5
2024-11-03,生物科技/医药,10,0.006406381487223239,0.4
2024-11-03,金融,3,0.04779350061561524,0.3333333333333333
2024-11-04,TMT/互联网,19,-0.04315245147919203,0.5789473684210527
2024-11-04,其他,0,,
2024-11-04,地产/建筑,8,-0.07175808465371845,0.75
2024-11-04,工业/制造,12,-0.019114110121486335,0.5833333333333334
2024-11-04,新能源/汽车,1,-0.0769230769230769,1.0
2024-11-04,消费/零售,20,0.01623828416514982,0.5
2024-11-04,生物科技/医药,10,0.006406381487223239,0.4
2024-11-04,金融,3,0.04779350061561524,0.3333333333333333
2024-11-05,TMT/互联网,19,-0.04315245147919203,0.5789473684210527
2024-11-05,其他,0,,
2024-11-05,地产/建筑,8,-0.07175808465371845,0.75
2024-11-05,工业/制造,12,-0.019114110121486335,0.5833333333333334
2024-11-05,新能源/汽车,1,-0.0769230769230769,1.0
2024-11-05,消费/零售,20,0.01623828416514982,0.5
2024-11-05,生物科技/医药,10,0.006406381487223239,0.4
2024-11-05,金融,3,0.04779350061561524,0.3333333333333333
2024-11-06,TMT/互联网,19,-0.04315245147919203,0.5789473684210527
2024-11-06,其他,0,,
2024-11-06,地产/建筑,8,-0.07175808465371845,0.75
2024-11-06,工业/制造,12,-0.019114110121486335,0.5833333333333334
2024-11-06,新能源/汽车,1,-0.0769230769230769,1.0
2024-11-06,消费/零售,20,0.01623828416514982,0.5
2024-11-06,生物科技/医药,10,0.006406381487223239,0.4
2024-11-06,金融,3,0.04779350061561524,0.3333333333333333
2024-11-07,TMT/互联网,19,-0.04315245147919203,0.5789473684210527
2024-11-07,其他,0,,
2024-11-07,地产/建筑,8,-0.07175808465371845,0.75
2024-11-07,工业/制造,12,-0.019114110121486335,0.5833333333333334
2024-11-07,新能源/汽车,1,-0.0769230769230769,1.0
2024-11-07,消费/零售,20,0.01623828416514982,0.5
2024-11-07,生物科技/医药,10,0.006406381487223239,0.4
2024-11-07,金融,3,0.04779350061561524,0.3333333333333333
2024-11-08,TMT/互联网,19,-0.04315245147919203,0.5789473684210527
2024-11-08,其他,0,,
2024-11-08,地产/建筑,8,-0.07175808465371845,0.75
2024-11-08,工业/制造,13,0.0030521767376756113,0.5384615384615384
2024-11-08,新能源/汽车,1,-0.0769230769230769,1.0
2024-11-08,消费/零售,20,0.028407466937537006,0.5
2024-11-08,生物科技/医药,10,0.006406381487223239,0.4
2024-11-08,金融,3,0.04779350061561524,0.3333333333333333
2024-11-09,TMT/互联网,19,-0.04315245147919203,0.5789473684210527
2024-11-09,其他,0,,
2024-11-09,地产/建筑,8,-0.07175808465371845,0.75
2024-11-09,工业/制造,12,0.007182493791396634,0.5
2024-11-09,新能源/汽车,1,-0.0769230769230769,1.0
2024-11-09,消费/零售,19,0.03085953457539779,0.47368421052631576
2024-11-09,生物科技/医药,10,0.006406381487223239,0.4
2024-11-09,金融,3,0.04779350061561524,0.3333333333333333
2024-11-10,TMT/互联网,19,-0.04315245147919203,0.5789473684210527
2024-11-10,其他,0,,
2024-11-10,地产/建筑,8,-0.07175808465371845,0.75
2024-11-10,工业/制造,12,0.007182493791396634,0.5
2024-11-10,新能源/汽车,1,-0.0769230769230769,1.0
2024-11-10,消费/零售,19,0.03085953457539779,0.47368421052631576
2024-11-10,生物科技/医药,10,0.006406381487223239,0.4
2024-11-10,金融,3,0.04779350061561524,0.3333333333333333
2024-11-11,TMT/互联网,19,-0.04315245147919203,0.5789473684210527
2024-11-11,其他,0,,
2024-11-11,地产/建筑,8,-0.07175808465371845,0.75
2024-11-11,工业/制造,12,0.007182493791396634,0.5
2024-11-11,新能源/汽车,1,-0.0769230769230769,1.0
2024-11-11,消费/零售,19,0.03085953457539779,0.47368421052631576
2024-11-11,生物科技/医药,10,0.006406381487223239,0.4
2024-11-11,金融,3,0.04779350061561524,0.3333333333333333
2024-11-12,TMT/互联网,19,-0.04315245147919203,0.5789473684210527
2024-11-12,其他,0,,
2024-11-12,地产/建筑,8,-0.07175808465371845,0.75
2024-11-12,工业/制造,12,0.007182493791396634,0.5
2024-11-12,新能源/汽车,1,-0.0769230769230769,1.0
2024-11-12,消费/零售,19,0.03085953457539779,0.47368421052631576
2024-11-12,生物科技/医药,10,0.006406381487223239,0.4
2024-11-12,金融,3,0.04779350061561524,0.3333333333333333
2024-11-13,TMT/互联网,19,-0.04315245147919203,0.5789473684210527
2024-11-13,其他,0,,
2024-11-13,地产/建筑,8,-0.07175808465371845,0.75
2024-11-13,工业/制造,12,0.007182493791396634,0.5
2024-11-13,新能源/汽车,1,-0.0769230769230769,1.0
2024-11-13,消费/零售,19,0.03085953457539779,0.47368421052631576
2024-11-13,生物科技/医药,10,0.006406381487223239,0.4
2024-11-13,金融,3,0.04779350061561524,0.3333333333333333
2024-11-14,TMT/互联网,19,-0.04315245147919203,0.5789473684210527
2024-11-14,其他,0,,
2024-11-14,地产/建筑,8,-0.07175808465371845,0.75
2024-11-14,工业/制造,12,0.007182493791396634,0.5
2024-11-14,新能源/汽车,1,-0.0769230769230769,1.0
2024-11-14,消费/零售,19,0.03085953457539779,0.47368421052631576
2024-11-14,生物科技/医药,10,0.006406381487223239,0.4
2024-11-14,金融,3,0.04779350061561524,0.3333333333333333
2024-11-15,TMT/互联网,19,-0.04315245147919203,0.5789473684210527
2024-11-15,其他,0,,
2024-11-15,地产/建筑,8,-0.07175808465371845,0.75
2024-11-15,工业/制造,13,0.0026109270664392216,0.5384615384615384
2024-11-15,新能源/汽车,1,-0.0769230769230769,1.0
2024-11-15,消费/零售,19,0.03085953457539779,0.47368421052631576
2024-11-15,生物科技/医药,10,0.006406381487223239,0.4
2024-11-15,金融,3,0.04779350061561524,0.3333333333333333
2024-11-16,TMT/互联网,19,-0.04315245147919203,0.5789473684210527
2024-11-16,其他,0,,
2024-11-16,地产/建筑,8,-0.07175808465371845,0.75
2024-11-16,工业/制造,13,0.0026109270664392216,0.5384615384615384
2024-11-16,新能源/汽车,1,-0.0769230769230769,1.0
2024-11-16,消费/零售,19,0.03085953457539779,0.47368421052631576
2024-11-16,生物科技/医药,9,0.0027891973234659426,0.4444444444444444
2024-11-16,金融,3,0.04779350061561524,0.3333333333333333
2024-11-17,TMT/互联网,19,-0.04315245147919203,0.5789473684210527
2024-11-17,其他,0,,
2024-11-17,地产/建筑,8,-0.07175808465371845,0.75
2024-11-17,工业/制造,13,0.0026109270664392216,0.5384615384615384
2024-11-17,新能源/汽车,1,-0.0769230769230769,1.0
2024-11-17,消费/零售,19,0.03085953457539779,0.47368421052631576
2024-11-17,生物科技/医药,9,0.0027891973234659426,0.4444444444444444
2024-11-17,金融,3,0.04779350061561524,0.3333333333333333
2024-11-18,TMT/互联网,19,-0.04315245147919203,0.5789473684210527
2024-11-18,其他,0,,
2024-11-18,地产/建筑,8,-0.07175808465371845,0.75
2024-11-18,工业/制造,13,0.0026109270664392216,0.5384615384615384
2024-11-18,新能源/汽车,1,-0.0769230769230769,1.0
2024-11-18,消费/零售,19,0.03085953457539779,0.47368421052631576
2024-11-18,生物科技/医药,9,0.0027891973234659426,0.4444444444444444
2024-11-18,金融,3,0.04779350061561524,0.3333333333333333
2024-11-19,TMT/互联网,19,-0.04315245147919203,0.5789473684210527
2024-11-19,其他,0,,
2024-11-19,地产/建筑,8,-0.07175808465371845,0.75
2024-11-19,工业/制造,13,0.0026109270664392216,0.5384615384615384
2024-11-19,新能源/汽车,1,-0.0769230769230769,1.0
2024-11-19,消费/零售,19,0.03085953457539779,0.47368421052631576
2024-11-19,生物科技/医药,9,0.0027891973234659426,0.4444444444444444
2024-11-19,金融,3,0.04779350061561524,0.3333333333333333
2024-11-20,TMT/互联网,19,-0.04315245147919203,0.5789473684210527
2024-11-20,其他,0,,
2024-11-20,地产/建筑,8,-0.07175808465371845,0.75
2024-11-20,工业/制造,13,0.0026109270664392216,0.5384615384615384
2024-11-20,新能源/汽车,1,-0.0769230769230769,1.0
2024-11-20,消费/零售,19,0.03085953457539779,0.47368421052631576
2024-11-20,生物科技/医药,9,0.0027891973234659426,0.4444444444444444
2024-11-20,金融,3,0.04779350061561524,0.3333333333333333
2024-11-21,TMT/互联网,19,-0.04315245147919203,0.5789473684210527
2024-11-21,其他,0,,
2024-11-21,地产/建筑,7,-0.08200923960424966,0.8571428571428571
2024-11-21,工业/制造,13,0.0026109270664392216,0.5384615384615384
2024-11-21,新能源/汽车,1,-0.0769230769230769,1.0
2024-11-21,消费/零售,19,0.03085953457539779,0.47368421052631576
2024-11-21,生物科技/医药,9,0.0027891973234659426,0.4444444444444444
2024-11-21,金融,3,0.04779350061561524,0.3333333333333333
2024-11-22,TMT/互联网,19,-0.04315245147919203,0.5789473684210527
2024-11-22,其他,0,,
2024-11-22,地产/建筑,7,-0.08200923960424966,0.8571428571428571
2024-11-22,工业/制造,13,0.0026109270664392216,0.5384615384615384
2024-11-22,新能源/汽车,1,-0.0769230769230769,1.0
2024-11-22,消费/零售,19,0.03085953457539779,0.47368421052631576
2024-11-22,生物科技/医药,9,0.0027891973234659426,0.4444444444444444
2024-11-22,金融,3,0.04779350061561524,0.3333333333333333
2024-11-23,TMT/互联网,19,-0.04315245147919203,0.5789473684210527
2024-11-23,其他,0,,
2024-11-23,地产/建筑,7,-0.08200923960424966,0.8571428571428571
2024-11-23,工业/制造,13,0.0026109270664392216,0.5384615384615384
2024-11-23,新能源/汽车,1,-0.0769230769230769,1.0
2024-11-23,消费/零售,19,0.03085953457539779,0.47368421052631576
2024-11-23,生物科技/医药,9,0.0027891973234659426,0.4444444444444444
2024-11-23,金融,3,0.04779350061561524,0.3333333333333333
2024-11-24,TMT/互联网,19,-0.04315245147919203,0.5789473684210527
2024-11-24,其他,0,,
2024-11-24,地产/建筑,7,-0.08200923960424966,0.8571428571428571
2024-11-24,工业/制造,13,0.0026109270664392216,0.5384615384615384
2024-11-24,新能源/汽车,1,-0.0769230769230769,1.0
2024-11-24,消费/零售,19,0.03085953457539779,0.47368421052631576
2024-11-24,生物科技/医药,9,0.0027891973234659426,0.4444444444444444
2024-11-24,金融,3,0.04779350061561524,0.3333333333333333
2024-11-25,TMT/互联网,19,-0.04315245147919203,0.5789473684210527
2024-11-25,其他,0,,
2024-11-25,地产/建筑,7,-0.08200923960424966,0.8571428571428571
2024-11-25,工业/制造,13,0.0026109270664392216,0.5384615384615384
2024-11-25,新能源/汽车,1,-0.0769230769230769,1.0
2024-11-25,消费/零售,19,0.03085953457539779,0.47368421052631576
2024-11-25,生物科技/医药,9,0.0027891973234659426,0.4444444444444444
2024-11-25,金融,3,0.04779350061561524,0.3333333333333333
2024-11-26,TMT/互联网,19,-0.04315245147919203,0.5789473684210527
2024-11-26,其他,0,,
2024-11-26,地产/建筑,7,-0.08200923960424966,0.8571428571428571
2024-11-26,工业/制造,13,0.0026109270664392216,0.5384615384615384
2024-11-26,新能源/汽车,1,-0.0769230769230769,1.0
2024-11-26,消费/零售,19,0.03085953457539779,0.47368421052631576
2024-11-26,生物科技/医药,9,0.0027891973234659426,0.4444444444444444
2024-11-26,金融,3,0.04779350061561524,0.3333333333333333
2024-11-27,TMT/互联网,19,-0.04315245147919203,0.5789473684210527
2024-11-27,其他,0,,
2024-11-27,地产/建筑,7,-0.08200923960424966,0.8571428571428571
2024-11-27,工业/制造,14,0.0024244322759792774,0.5
2024-11-27,新能源/汽车,1,-0.0769230769230769,1.0
2024-11-27,消费/零售,19,0.03085953457539779,0.47368421052631576
2024-11-27,生物科技/医药,9,0.0027891973234659426,0.4444444444444444
2024-11-27,金融,3,0.04779350061561524,0.3333333333333333
2024-11-28,TMT/互联网,19,-0.04315245147919203,0.5789473684210527
2024-11-28,其他,0,,
2024-11-28,地产/建筑,7,-0.08200923960424966,0.8571428571428571
2024-11-28,工业/制造,14,0.0024244322759792774,0.5
2024-11-28,新能源/汽车,1,-0.0769230769230769,1.0
2024-11-28,消费/零售,19,0.03085953457539779,0.47368421052631576
2024-11-28,生物科技/医药,10,0.004510277591119349,0.4
2024-11-28,金融,3,0.04779350061561524,0.3333333333333333
2024-11-29,TMT/互联网,19,-0.04315245147919203,0.5789473684210527
2024-11-29,其他,0,,
2024-11-29,地产/建筑,7,-0.08200923960424966,0.8571428571428571
2024-11-29,工业/制造,14,0.0024244322759792774,0.5
2024-11-29,新能源/汽车,1,-0.0769230769230769,1.0
2024-11-29,消费/零售,20,0.030916557846627897,0.45
2024-11-29,生物科技/医药,10,0.004510277591119349,0.4
2024-11-29,金融,3,0.04779350061561524,0.3333333333333333
2024-11-30,TMT/互联网,19,-0.04315245147919203,0.5789473684210527
2024-11-30,其他,0,,
2024-11-30,地产/建筑,7,-0.08200923960424966,0.8571428571428571
2024-11-30,工业/制造,14,0.0024244322759792774,0.5
2024-11-30,新能源/汽车,1,-0.0769230769230769,1.0
2024-11-30,消费/零售,20,0.030916557846627897,0.45
2024-11-30,生物科技/医药,10,0.004510277591119349,0.4
2024-11-30,金融,3,0.04779350061561524,0.3333333333333333
2024-12-01,TMT/互联网,19,-0.04315245147919203,0.5789473684210527
2024-12-01,其他,0,,
2024-12-01,地产/建筑,7,-0.08200923960424966,0.8571428571428571
2024-12-01,工业/制造,14,0.0024244322759792774,0.5
2024-12-01,新能源/汽车,1,-0.0769230769230769,1.0
2024-12-01,消费/零售,20,0.030916557846627897,0.45
2024-12-01,生物科技/医药,10,0.004510277591119349,0.4
2024-12-01,金融,3,0.04779350061561524,0.3333333333333333
2024-12-02,TMT/互联网,19,-0.04315245147919203,0.5789473684210527
2024-12-02,其他,0,,
2024-12-02,地产/建筑,7,-0.08200923960424966,0.8571428571428571
2024-12-02,工业/制造,14,0.0024244322759792774,0.5
2024-12-02,新能源/汽车,1,-0.0769230769230769,1.0
2024-12-02,消费/零售,20,0.030916557846627897,0.45
2024-12-02,生物科技/医药,10,0.004510277591119349,0.4
2024-12-02,金融,3,0.04779350061561524,0.3333333333333333
2024-12-03,TMT/互联网,19,-0.04315245147919203,0.5789473684210527
2024-12-03,其他,0,,
2024-12-03,地产/建筑,7,-0.08200923960424966,0.8571428571428571
2024-12-03,工业/制造,14,0.0024244322759792774,0.5
2024-12-03,新能源/汽车,1,-0.0769230769230769,1.0
2024-12-03,消费/零售,20,0.030916557846627897,0.45
2024-12-03,生物科技/医药,10,0.004510277591119349,0.4
2024-12-03,金融,3,0.04779350061561524,0.3333333333333333
2024-12-04,TMT/互联网,19,-0.04315245147919203,0.5789473684210527
2024-12-04,其他,0,,
2024-12-04,地产/建筑,7,-0.08200923960424966,0.8571428571428571
2024-12-04,工业/制造,13,-0.01277368831817616,0.5384615384615384
2024-12-04,新能源/汽车,1,-0.0769230769230769,1.0
2024-12-04,消费/零售,19,0.02728058720697674,0.47368421052631576
2024-12-04,生物科技/医药,10,0.004510277591119349,0.4
2024-12-04,金融,2,0.015789629805410453,0.5
2024-12-05,TMT/互联网,19,-0.04315245147919203,0.5789473684210527
2024-12-05,其他,0,,
2024-12-05,地产/建筑,7,-0.08200923960424966,0.8571428571428571
2024-12-05,工业/制造,13,-0.01277368831817616,0.5384615384615384
2024-12-05,新能源/汽车,1,-0.0769230769230769,1.0
2024-12-05,消费/零售,18,0.027969232068347647,0.5
2024-12-05,生物科技/医药,10,0.004510277591119349,0.4
2024-12-05,金融,2,0.015789629805410453,0.5
2024-12-06,TMT/互联网,20,-0.059197593882190945,0.6
2024-12-06,其他,0,,
2024-12-06,地产/建筑,7,-0.08200923960424966,0.8571428571428571
2024-12-06,工业/制造,14,-0.012724757016930637,0.5714285714285714
2024-12-06,新能源/汽车,1,-0.0769230769230769,1.0
2024-12-06,消费/零售,18,0.027969232068347647,0.5
2024-12-06,生物科技/医药,10,0.004510277591119349,0.4
2024-12-06,金融,2,0.015789629805410453,0.5
2024-12-07,TMT/互联网,20,-0.059197593882190945,0.6
2024-12-07,其他,0,,
2024-12-07,地产/建筑,7,-0.08200923960424966,0.8571428571428571
2024-12-07,工业/制造,14,-0.012724757016930637,0.5714285714285714
2024-12-07,新能源/汽车,1,-0.0769230769230769,1.0
2024-12-07,消费/零售,18,0.027969232068347647,0.5
2024-12-07,生物科技/医药,10,0.004510277591119349,0.4
2024-12-07,金融,2,0.015789629805410453,0.5
2024-12-08,TMT/互联网,20,-0.059197593882190945,0.6
2024-12-08,其他,0,,
2024-12-08,地产/建筑,7,-0.08200923960424966,0.8571428571428571
2024-12-08,工业/制造,14,-0.012724757016930637,0.5714285714285714
2024-12-08,新能源/汽车,1,-0.0769230769230769,1.0
2024-12-08,消费/零售,18,0.027969232068347647,0.5
2024-12-08,生物科技/医药,10,0.004510277591119349,0.4
2024-12-08,金融,2,0.015789629805410453,0.5
2024-12-09,TMT/互联网,20,-0.059197593882190945,0.6
2024-12-09,其他,0,,
2024-12-09,地产/建筑,7,-0.08200923960424966,0.8571428571428571
2024-12-09,工业/制造,14,-0.012724757016930637,0.5714285714285714
2024-12-09,新能源/汽车,1,-0.0769230769230769,1.0
2024-12-09,消费/零售,18,0.027969232068347647,0.5
2024-12-09,生物科技/医药,10,0.004510277591119349,0.4
2024-12-09,金融,2,0.015789629805410453,0.5
2024-12-10,TMT/互联网,20,-0.059197593882190945,0.6
2024-12-10,其他,0,,
2024-12-10,地产/建筑,7,-0.08200923960424966,0.8571428571428571
2024-12-10,工业/制造,14,-0.012724757016930637,0.5714285714285714
2024-12-10,新能源/汽车,1,-0.0769230769230769,1.0
2024-12-10,消费/零售,18,0.027969232068347647,0.5
2024-12-10,生物科技/医药,11,0.013544113845594525,0.36363636363636365
2024-12-10,金融,2,0.015789629805410453,0.5
2024-12-11,TMT/互联网,20,-0.059197593882190945,0.6
2024-12-11,其他,0,,
2024-12-11,地产/建筑,7,-0.08200923960424966,0.8571428571428571
2024-12-11,工业/制造,14,-0.012724757016930637,0.5714285714285714
2024-12-11,新能源/汽车,1,-0.0769230769230769,1.0
2024-12-11,消费/零售,17,0.03409627373063141,0.47058823529411764
2024-12-11,生物科技/医药,11,0.013544113845594525,0.36363636363636365
2024-12-11,金融,2,0.015789629805410453,0.5
2024-12-12,TMT/互联网,20,-0.059197593882190945,0.6
2024-12-12,其他,0,,
2024-12-12,地产/建筑,7,-0.08200923960424966,0.8571428571428571
2024-12-12,工业/制造,14,-0.012724757016930637,0.5714285714285714
2024-12-12,新能源/汽车,1,-0.0769230769230769,1.0
2024-12-12,消费/零售,17,0.03409627373063141,0.47058823529411764
2024-12-12,生物科技/医药,11,0.013544113845594525,0.36363636363636365
2024-12-12,金融,2,0.015789629805410453,0.5
2024-12-13,TMT/互联网,20,-0.059197593882190945,0.6
2024-12-13,其他,0,,
2024-12-13,地产/建筑,7,-0.08200923960424966,0.8571428571428571
2024-12-13,工业/制造,14,-0.012724757016930637,0.5714285714285714
2024-12-13,新能源/汽车,1,-0.0769230769230769,1.0
2024-12-13,消费/零售,17,0.03409627373063141,0.47058823529411764
2024-12-13,生物科技/医药,11,0.013544113845594525,0.36363636363636365
2024-12-13,金融,2,0.015789629805410453,0.5
2024-12-14,TMT/互联网,20,-0.059197593882190945,0.6
2024-12-14,其他,0,,
2024-12-14,地产/建筑,7,-0.08200923960424966,0.8571428571428571
2024-12-14,工业/制造,14,-0.012724757016930637,0.5714285714285714
2024-12-14,新能源/汽车,1,-0.0769230769230769,1.0
2024-12-14,消费/零售,17,0.03409627373063141,0.47058823529411764
2024-12-14,生物科技/医药,11,0.013544113845594525,0.36363636363636365
2024-12-14,金融,2,0.015789629805410453,0.5
2024-12-15,TMT/互联网,20,-0.059197593882190945,0.6
2024-12-15,其他,0,,
2024-12-15,地产/建筑,7,-0.08200923960424966,0.8571428571428571
2024-12-15,工业/制造,14,-0.012724757016930637,0.5714285714285714
2024-12-15,新能源/汽车,1,-0.0769230769230769,1.0
2024-12-15,消费/零售,17,0.03409627373063141,0.47058823529411764
2024-12-15,生物科技/医药,11,0.013544113845594525,0.36363636363636365
2024-12-15,金融,2,0.015789629805410453,0.5
2024-12-16,TMT/互联网,20,-0.059197593882190945,0.6
2024-12-16,其他,0,,
2024-12-16,地产/建筑,7,-0.08200923960424966,0.8571428571428571
2024-12-16,工业/制造,14,-0.012724757016930637,0.5714285714285714
2024-12-16,新能源/汽车,1,-0.0769230769230769,1.0
2024-12-16,消费/零售,17,0.03409627373063141,0.47058823529411764
2024-12-16,生物科技/医药,11,0.013544113845594525,0.36363636363636365
2024-12-16,金融,2,0.015789629805410453,0.5
2024-12-17,TMT/互联网,20,-0.059197593882190945,0.6
2024-12-17,其他,0,,
2024-12-17,地产/建筑,7,-0.08200923960424966,0.8571428571428571
2024-12-17,工业/制造,13,-0.01444800135322058,0.6153846153846154
2024-12-17,新能源/汽车,1,-0.0769230769230769,1.0
2024-12-17,消费/零售,17,0.03409627373063141,0.47058823529411764
2024-12-17,生物科技/医药,11,0.013544113845594525,0.36363636363636365
2024-12-17,金融,2,0.015789629805410453,0.5
2024-12-18,TMT/互联网,20,-0.059197593882190945,0.6
2024-12-18,其他,0,,
2024-12-18,地产/建筑,7,-0.08200923960424966,0.8571428571428571
2024-12-18,工业/制造,13,-0.01444800135322058,0.6153846153846154
2024-12-18,新能源/汽车,1,-0.0769230769230769,1.0
2024-12-18,消费/零售,17,0.03409627373063141,0.47058823529411764
2024-12-18,生物科技/医药,11,0.013544113845594525,0.36363636363636365
2024-12-18,金融,2,0.015789629805410453,0.5
2024-12-19,TMT/互联网,19,-0.05572317745903438,0.5789473684210527
2024-12-19,其他,0,,
2024-12-19,地产/建筑,7,-0.08200923960424966,0.8571428571428571
2024-12-19,工业/制造,12,-0.0007148945477499664,0.5833333333333334
2024-12-19,新能源/汽车,1,-0.0769230769230769,1.0
2024-12-19,消费/零售,17,0.03409627373063141,0.47058823529411764
2024-12-19,生物科技/医药,12,0.002642871949079974,0.4166666666666667
2024-12-19,金融,2,0.015789629805410453,0.5
2024-12-20,TMT/互联网,19,-0.05572317745903438,0.5789473684210527
2024-12-20,其他,0,,
2024-12-20,地产/建筑,7,-0.08200923960424966,0.8571428571428571
2024-12-20,工业/制造,12,-0.0007148945477499664,0.5833333333333334
2024-12-20,新能源/汽车,1,-0.0769230769230769,1.0
2024-12-20,消费/零售,18,0.03627611037522595,0.4444444444444444
2024-12-20,生物科技/医药,12,0.002642871949079974,0.4166666666666667
2024-12-20,金融,2,0.015789629805410453,0.5
2024-12-21,TMT/互联网,19,-0.05572317745903438,0.5789473684210527
2024-12-21,其他,0,,
2024-12-21,地产/建筑,7,-0.08200923960424966,0.8571428571428571
2024-12-21,工业/制造,10,0.012415128050995664,0.6
2024-12-21,新能源/汽车,1,-0.0769230769230769,1.0
2024-12-21,消费/零售,17,0.049405051447325564,0.4117647058823529
2024-12-21,生物科技/医药,11,-0.000625103694353273,0.45454545454545453
2024-12-21,金融,2,0.015789629805410453,0.5
2024-12-22,TMT/互联网,19,-0.05572317745903438,0.5789473684210527
2024-12-22,其他,0,,
2024-12-22,地产/建筑,7,-0.08200923960424966,0.8571428571428571
2024-12-22,工业/制造,10,0.012415128050995664,0.6
2024-12-22,新能源/汽车,1,-0.0769230769230769,1.0
2024-12-22,消费/零售,17,0.049405051447325564,0.4117647058823529
2024-12-22,生物科技/医药,11,-0.000625103694353273,0.45454545454545453
2024-12-22,金融,2,0.015789629805410453,0.5
2024-12-23,TMT/互联网,20,-0.054865952596234925,0.6
2024-12-23,其他,0,,
2024-12-23,地产/建筑,7,-0.08200923960424966,0.8571428571428571
2024-12-23,工业/制造,10,0.012415128050995664,0.6
2024-12-23,新能源/汽车,1,-0.0769230769230769,1.0
2024-12-23,消费/零售,17,0.049405051447325564,0.4117647058823529
2024-12-23,生物科技/医药,11,-0.000625103694353273,0.45454545454545453
2024-12-23,金融,2,0.015789629805410453,0.5
2024-12-24,TMT/互联网,20,-0.054865952596234925,0.6
2024-12-24,其他,0,,
2024-12-24,地产/建筑,7,-0.08200923960424966,0.8571428571428571
2024-12-24,工业/制造,10,0.012415128050995664,0.6
2024-12-24,新能源/汽车,1,-0.0769230769230769,1.0
2024-12-24,消费/零售,17,0.049405051447325564,0.4117647058823529
2024-12-24,生物科技/医药,11,-0.000625103694353273,0.45454545454545453
2024-12-24,金融,2,0.015789629805410453,0.5
2024-12-25,TMT/互联网,20,-0.054865952596234925,0.6
2024-12-25,其他,0,,
2024-12-25,地产/建筑,7,-0.08200923960424966,0.8571428571428571
2024-12-25,工业/制造,10,0.012415128050995664,0.6
2024-12-25,新能源/汽车,1,-0.0769230769230769,1.0
2024-12-25,消费/零售,17,0.049405051447325564,0.4117647058823529
2024-12-25,生物科技/医药,11,-0.000625103694353273,0.45454545454545453
2024-12-25,金融,2,0.015789629805410453,0.5
2024-12-26,TMT/互联网,20,-0.054865952596234925,0.6
2024-12-26,其他,0,,
2024-12-26,地产/建筑,7,-0.08200923960424966,0.8571428571428571
2024-12-26,工业/制造,10,0.012415128050995664,0.6
2024-12-26,新能源/汽车,1,-0.0769230769230769,1.0
2024-12-26,消费/零售,17,0.049405051447325564,0.4117647058823529
2024-12-26,生物科技/医药,11,-0.000625103694353273,0.45454545454545453
2024-12-26,金融,2,0.015789629805410453,0.5
2024-12-27,TMT/互联网,20,-0.04802479619935128,0.55
2024-12-27,其他,0,,
2024-12-27,地产/建筑,7,-0.08200923960424966,0.8571428571428571
2024-12-27,工业/制造,10,0.012415128050995664,0.6
2024-12-27,新能源/汽车,1,-0.0769230769230769,1.0
2024-12-27,消费/零售,17,0.049405051447325564,0.4117647058823529
2024-12-27,生物科技/医药,11,-0.000625103694353273,0.45454545454545453
2024-12-27,金融,2,0.015789629805410453,0.5
2024-12-28,TMT/互联网,19,-0.05110859057808888,0.5789473684210527
2024-12-28,其他,0,,
2024-12-28,地产/建筑,7,-0.08200923960424966,0.8571428571428571
2024-12-28,工业/制造,10,0.012415128050995664,0.6
2024-12-28,新能源/汽车,1,-0.0769230769230769,1.0
2024-12-28,消费/零售,17,0.049405051447325564,0.4117647058823529
2024-12-28,生物科技/医药,11,-0.000625103694353273,0.45454545454545453
2024-12-28,金融,2,0.015789629805410453,0.5
2024-12-29,TMT/互联网,19,-0.05110859057808888,0.5789473684210527
2024-12-29,其他,0,,
2024-12-29,地产/建筑,7,-0.08200923960424966,0.8571428571428571
2024-12-29,工业/制造,10,0.012415128050995664,0.6
2024-12-29,新能源/汽车,1,-0.0769230769230769,1.0
2024-12-29,消费/零售,17,0.049405051447325564,0.4117647058823529
2024-12-29,生物科技/医药,11,-0.000625103694353273,0.45454545454545453
2024-12-29,金融,2,0.015789629805410453,0.5
2024-12-30,TMT/互联网,20,-0.04855316104918443,0.55
2024-12-30,其他,0,,
2024-12-30,地产/建筑,7,-0.08200923960424966,0.8571428571428571
2024-12-30,工业/制造,10,0.012415128050995664,0.6
2024-12-30,新能源/汽车,1,-0.0769230769230769,1.0
2024-12-30,消费/零售,17,0.049405051447325564,0.4117647058823529
2024-12-30,生物科技/医药,13,0.0026030749813873233,0.46153846153846156
2024-12-30,金融,2,0.015789629805410453,0.5
2024-12-31,TMT/互联网,20,-0.04855316104918443,0.55
2024-12-31,其他,0,,
2024-12-31,地产/建筑,7,-0.08200923960424966,0.8571428571428571
2024-12-31,工业/制造,10,0.012415128050995664,0.6
2024-12-31,新能源/汽车,1,-0.0769230769230769,1.0
2024-12-31,消费/零售,17,0.049405051447325564,0.4117647058823529
2024-12-31,生物科技/医药,13,0.0026030749813873233,0.46153846153846156
2024-12-31,金融,2,0.015789629805410453,0.5
2025-01-01,TMT/互联网,20,-0.04855316104918443,0.55
2025-01-01,其他,0,,
2025-01-01,地产/建筑,7,-0.08200923960424966,0.8571428571428571
2025-01-01,工业/制造,10,0.012415128050995664,0.6
2025-01-01,新能源/汽车,1,-0.0769230769230769,1.0
2025-01-01,消费/零售,17,0.049405051447325564,0.4117647058823529
2025-01-01,生物科技/医药,13,0.0026030749813873233,0.46153846153846156
2025-01-01,金融,2,0.015789629805410453,0.5
2025-01-02,TMT/互联网,20,-0.04855316104918443,0.55
2025-01-02,其他,0,,
2025-01-02,地产/建筑,7,-0.08200923960424966,0.8571428571428571
2025-01-02,工业/制造,10,0.012415128050995664,0.6
2025-01-02,新能源/汽车,1,-0.0769230769230769,1.0
2025-01-02,消费/零售,17,0.049405051447325564,0.4117647058823529
2025-01-02,生物科技/医药,13,0.0026030749813873233,0.46153846153846156
2025-01-02,金融,2,0.015789629805410453,0.5
2025-01-03,TMT/互联网,20,-0.04855316104918443,0.55
2025-01-03,其他,0,,
2025-01-03,地产/建筑,7,-0.08200923960424966,0.8571428571428571
2025-01-03,工业/制造,10,0.012415128050995664,0.6
2025-01-03,新能源/汽车,1,-0.0769230769230769,1.0
2025-01-03,消费/零售,17,0.049405051447325564,0.4117647058823529
2025-01-03,生物科技/医药,13,0.0026030749813873233,0.46153846153846156
2025-01-03,金融,2,0.015789629805410453,0.5
2025-01-04,TMT/互联网,19,-0.05110859057808887,0.5789473684210527
2025-01-04,其他,0,,
2025-01-04,地产/建筑,7,-0.08200923960424966,0.8571428571428571
2025-01-04,工业/制造,10,0.012415128050995664,0.6
2025-01-04,新能源/汽车,1,-0.0769230769230769,1.0
2025-01-04,消费/零售,17,0.049405051447325564,0.4117647058823529
2025-01-04,生物科技/医药,13,0.0026030749813873233,0.46153846153846156
2025-01-04,金融,2,0.015789629805410453,0.5
2025-01-05,TMT/互联网,19,-0.05110859057808887,0.5789473684210527
2025-01-05,其他,0,,
2025-01-05,地产/建筑,7,-0.08200923960424966,0.8571428571428571
2025-01-05,工业/制造,10,0.012415128050995664,0.6
2025-01-05,新能源/汽车,1,-0.0769230769230769,1.0
2025-01-05,消费/零售,17,0.049405051447325564,0.4117647058823529
2025-01-05,生物科技/医药,13,0.0026030749813873233,0.46153846153846156
2025-01-05,金融,2,0.015789629805410453,0.5
2025-01-06,TMT/互联网,19,-0.05110859057808887,0.5789473684210527
2025-01-06,其他,0,,
2025-01-06,地产/建筑,7,-0.08200923960424966,0.8571428571428571
2025-01-06,工业/制造,10,0.012415128050995664,0.6
2025-01-06,新能源/汽车,1,-0.0769230769230769,1.0
2025-01-06,消费/零售,17,0.049405051447325564,0.4117647058823529
2025-01-06,生物科技/医药,13,0.0026030749813873233,0.46153846153846156
2025-01-06,金融,2,0.015789629805410453,0.5
2025-01-07,TMT/互联网,19,-0.05110859057808887,0.5789473684210527
2025-01-07,其他,0,,
2025-01-07,地产/建筑,7,-0.08200923960424966,0.8571428571428571
2025-01-07,工业/制造,10,0.012415128050995664,0.6
2025-01-07,新能源/汽车,1,-0.0769230769230769,1.0
2025-01-07,消费/零售,17,0.049405051447325564,0.4117647058823529
2025-01-07,生物科技/医药,13,0.0026030749813873233,0.46153846153846156
2025-01-07,金融,2,0.015789629805410453,0.5
2025-01-08,TMT/互联网,19,-0.05110859057808887,0.5789473684210527
2025-01-08,其他,0,,
2025-01-08,地产/建筑,6,-0.0771589276864394,0.8333333333333334
2025-01-08,工业/制造,10,0.012415128050995664,0.6
2025-01-08,新能源/汽车,1,-0.0769230769230769,1.0
2025-01-08,消费/零售,16,0.04419368683491454,0.4375
2025-01-08,生物科技/医药,13,-0.004816213804361092,0.46153846153846156
2025-01-08,金融,2,0.015789629805410453,0.5
2025-01-09,TMT/互联网,19,-0.05110859057808887,0.5789473684210527
2025-01-09,其他,0,,
2025-01-09,地产/建筑,6,-0.0771589276864394,0.8333333333333334
2025-01-09,工业/制造,12,-0.0006703966181701738,0.6666666666666666
2025-01-09,新能源/汽车,1,-0.0769230769230769,1.0
2025-01-09,消费/零售,16,0.04419368683491454,0.4375
2025-01-09,生物科技/医药,13,-0.004816213804361092,0.46153846153846156
2025-01-09,金融,2,0.015789629805410453,0.5
2025-01-10,TMT/互联网,19,-0.05110859057808887,0.5789473684210527
2025-01-10,其他,0,,
2025-01-10,地产/建筑,6,-0.0771589276864394,0.8333333333333334
2025-01-10,工业/制造,12,-0.0006703966181701738,0.6666666666666666
2025-01-10,新能源/汽车,1,-0.0769230769230769,1.0
2025-01-10,消费/零售,17,0.02839096674200631,0.47058823529411764
2025-01-10,生物科技/医药,14,-0.01351378985269335,0.5
2025-01-10,金融,2,0.015789629805410453,0.5
2025-01-11,TMT/互联网,18,-0.08125492470625012,0.6111111111111112
2025-01-11,其他,0,,
2025-01-11,地产/建筑,6,-0.0771589276864394,0.8333333333333334
2025-01-11,工业/制造,12,-0.0006703966181701738,0.6666666666666666
2025-01-11,新能源/汽车,1,-0.0769230769230769,1.0
2025-01-11,消费/零售,17,0.02839096674200631,0.47058823529411764
2025-01-11,生物科技/医药,14,-0.01351378985269335,0.5
2025-01-11,金融,2,0.015789629805410453,0.5
2025-01-12,TMT/互联网,18,-0.08125492470625012,0.6111111111111112
2025-01-12,其他,0,,
2025-01-12,地产/建筑,6,-0.0771589276864394,0.8333333333333334
2025-01-12,工业/制造,12,-0.0006703966181701738,0.6666666666666666
2025-01-12,新能源/汽车,1,-0.0769230769230769,1.0
2025-01-12,消费/零售,17,0.02839096674200631,0.47058823529411764
2025-01-12,生物科技/医药,14,-0.01351378985269335,0.5
2025-01-12,金融,2,0.015789629805410453,0.5
2025-01-13,TMT/互联网,18,-0.08125492470625012,0.6111111111111112
2025-01-13,其他,0,,
2025-01-13,地产/建筑,6,-0.0771589276864394,0.8333333333333334
2025-01-13,工业/制造,12,-0.0006703966181701738,0.6666666666666666
2025-01-13,新能源/汽车,1,-0.0769230769230769,1.0
2025-01-13,消费/零售,18,0.026813690811894848,0.4444444444444444
2025-01-13,生物科技/医药,14,-0.01351378985269335,0.5
2025-01-13,金融,3,0.0131004224442762,0.3333333333333333
2025-01-14,TMT/互联网,18,-0.08125492470625012,0.6111111111111112
2025-01-14,其他,0,,
2025-01-14,地产/建筑,6,-0.0771589276864394,0.8333333333333334
2025-01-14,工业/制造,12,-0.0006703966181701738,0.6666666666666666
2025-01-14,新能源/汽车,1,-0.0769230769230769,1.0
2025-01-14,消费/零售,18,0.026813690811894848,0.4444444444444444
2025-01-14,生物科技/医药,14,-0.01351378985269335,0.5
2025-01-14,金融,3,0.0131004224442762,0.3333333333333333
2025-01-15,TMT/互联网,19,-0.07745322111070946,0.631578947368421
2025-01-15,其他,0,,
2025-01-15,地产/建筑,6,-0.0771589276864394,0.8333333333333334
2025-01-15,工业/制造,12,-0.0006703966181701738,0.6666666666666666
2025-01-15,新能源/汽车,1,-0.0769230769230769,1.0
2025-01-15,消费/零售,18,0.026813690811894848,0.4444444444444444
2025-01-15,生物科技/医药,14,-0.01351378985269335,0.5
2025-01-15,金融,3,0.0131004224442762,0.3333333333333333
2025-01-16,TMT/互联网,19,-0.07745322111070946,0.631578947368421
2025-01-16,其他,0,,
2025-01-16,地产/建筑,6,-0.0771589276864394,0.8333333333333334
2025-01-16,工业/制造,12,-0.0006703966181701738,0.6666666666666666
2025-01-16,新能源/汽车,1,-0.0769230769230769,1.0
2025-01-16,消费/零售,18,0.026813690811894848,0.4444444444444444
2025-01-16,生物科技/医药,14,-0.01351378985269335,0.5
2025-01-16,金融,3,0.0131004224442762,0.3333333333333333
2025-01-17,TMT/互联网,19,-0.07745322111070946,0.631578947368421
2025-01-17,其他,0,,
2025-01-17,地产/建筑,6,-0.0771589276864394,0.8333333333333334
2025-01-17,工业/制造,12,-0.0006703966181701738,0.6666666666666666
2025-01-17,新能源/汽车,1,-0.0769230769230769,1.0
2025-01-17,消费/零售,18,0.026813690811894848,0.4444444444444444
2025-01-17,生物科技/医药,14,-0.01351378985269335,0.5
2025-01-17,金融,3,0.0131004224442762,0.3333333333333333
2025-01-18,TMT/互联网,19,-0.07745322111070946,0.631578947368421
2025-01-18,其他,0,,
2025-01-18,地产/建筑,6,-0.0771589276864394,0.8333333333333334
2025-01-18,工业/制造,12,-0.0006703966181701738,0.6666666666666666
2025-01-18,新能源/汽车,1,-0.0769230769230769,1.0
2025-01-18,消费/零售,18,0.026813690811894848,0.4444444444444444
2025-01-18,生物科技/医药,14,-0.01351378985269335,0.5
2025-01-18,金融,3,0.0131004224442762,0.3333333333333333
2025-01-19,TMT/互联网,19,-0.07745322111070946,0.631578947368421
2025-01-19,其他,0,,
2025-01-19,地产/建筑,6,-0.0771589276864394,0.8333333333333334
2025-01-19,工业/制造,12,-0.0006703966181701738,0.6666666666666666
2025-01-19,新能源/汽车,1,-0.0769230769230769,1.0
2025-01-19,消费/零售,18,0.026813690811894848,0.4444444444444444
2025-01-19,生物科技/医药,14,-0.01351378985269335,0.5
2025-01-19,金融,3,0.0131004224442762,0.3333333333333333
2025-01-20,TMT/互联网,19,-0.07745322111070946,0.631578947368421
2025-01-20,其他,0,,
2025-01-20,地产/建筑,6,-0.0771589276864394,0.8333333333333334
2025-01-20,工业/制造,12,-0.0006703966181701738,0.6666666666666666
2025-01-20,新能源/汽车,1,-0.0769230769230769,1.0
2025-01-20,消费/零售,18,0.026813690811894848,0.4444444444444444
2025-01-20,生物科技/医药,14,-0.01351378985269335,0.5
2025-01-20,金融,3,0.0131004224442762,0.3333333333333333
2025-01-21,TMT/互联网,19,-0.07745322111070946,0.631578947368421
2025-01-21,其他,0,,
2025-01-21,地产/建筑,6,-0.0771589276864394,0.8333333333333334
2025-01-21,工业/制造,12,-0.0006703966181701738,0.6666666666666666
2025-01-21,新能源/汽车,1,-0.0769230769230769,1.0
2025-01-21,消费/零售,18,0.026813690811894848,0.4444444444444444
2025-01-21,生物科技/医药,14,-0.01351378985269335,0.5
2025-01-21,金融,3,0.0131004224442762,0.3333333333333333
2025-01-22,TMT/互联网,19,-0.07745322111070946,0.631578947368421
2025-01-22,其他,0,,
2025-01-22,地产/建筑,6,-0.0771589276864394,0.8333333333333334
2025-01-22,工业/制造,12,-0.0006703966181701738,0.6666666666666666
2025-01-22,新能源/汽车,1,-0.0769230769230769,1.0
2025-01-22,消费/零售,18,0.026813690811894848,0.4444444444444444
2025-01-22,生物科技/医药,14,-0.01351378985269335,0.5
2025-01-22,金融,3,0.0131004224442762,0.3333333333333333
2025-01-23,TMT/互联网,19,-0.07745322111070946,0.631578947368421
2025-01-23,其他,0,,
2025-01-23,地产/建筑,6,-0.0771589276864394,0.8333333333333334
2025-01-23,工业/制造,12,-0.0006703966181701738,0.6666666666666666
2025-01-23,新能源/汽车,1,-0.0769230769230769,1.0
2025-01-23,消费/零售,18,0.026813690811894848,0.4444444444444444
2025-01-23,生物科技/医药,14,-0.01351378985269335,0.5
2025-01-23,金融,3,0.0131004224442762,0.3333333333333333
2025-01-24,TMT/互联网,19,-0.07745322111070946,0.631578947368421
2025-01-24,其他,0,,
2025-01-24,地产/建筑,6,-0.0771589276864394,0.8333333333333334
2025-01-24,工业/制造,12,-0.0006703966181701738,0.6666666666666666
2025-01-24,新能源/汽车,1,-0.0769230769230769,1.0
2025-01-24,消费/零售,18,0.026813690811894848,0.4444444444444444
2025-01-24,生物科技/医药,14,-0.01351378985269335,0.5
2025-01-24,金融,3,0.0131004224442762,0.3333333333333333
2025-01-25,TMT/互联网,19,-0.07745322111070946,0.631578947368421
2025-01-25,其他,0,,
2025-01-25,地产/建筑,6,-0.0771589276864394,0.8333333333333334
2025-01-25,工业/制造,12,-0.0006703966181701738,0.6666666666666666
2025-01-25,新能源/汽车,1,-0.0769230769230769,1.0
2025-01-25,消费/零售,18,0.026813690811894848,0.4444444444444444
2025-01-25,生物科技/医药,14,-0.01351378985269335,0.5
2025-01-25,金融,3,0.0131004224442762,0.3333333333333333
2025-01-26,TMT/互联网,19,-0.07745322111070946,0.631578947368421
2025-01-26,其他,0,,
2025-01-26,地产/建筑,6,-0.0771589276864394,0.8333333333333334
2025-01-26,工业/制造,12,-0.0006703966181701738,0.6666666666666666
2025-01-26,新能源/汽车,1,-0.0769230769230769,1.0
2025-01-26,消费/零售,18,0.026813690811894848,0.4444444444444444
2025-01-26,生物科技/医药,14,-0.01351378985269335,0.5
2025-01-26,金融,3,0.0131004224442762,0.3333333333333333
2025-01-27,TMT/互联网,19,-0.07745322111070946,0.631578947368421
2025-01-27,其他,0,,
2025-01-27,地产/建筑,6,-0.0771589276864394,0.8333333333333334
2025-01-27,工业/制造,12,-0.0006703966181701738,0.6666666666666666
2025-01-27,新能源/汽车,1,-0.0769230769230769,1.0
2025-01-27,消费/零售,18,0.026813690811894848,0.4444444444444444
2025-01-27,生物科技/医药,14,-0.01351378985269335,0.5
2025-01-27,金融,3,0.0131004224442762,0.3333333333333333
2025-01-28,TMT/互联网,19,-0.07745322111070946,0.631578947368421
2025-01-28,其他,0,,
2025-01-28,地产/建筑,6,-0.0771589276864394,0.8333333333333334
2025-01-28,工业/制造,12,-0.0006703966181701738,0.6666666666666666
2025-01-28,新能源/汽车,1,-0.0769230769230769,1.0
2025-01-28,消费/零售,18,0.026813690811894848,0.4444444444444444
2025-01-28,生物科技/医药,14,-0.01351378985269335,0.5
2025-01-28,金融,3,0.0131004224442762,0.3333333333333333
2025-01-29,TMT/互联网,19,-0.07745322111070946,0.631578947368421
2025-01-29,其他,0,,
2025-01-29,地产/建筑,6,-0.0771589276864394,0.8333333333333334
2025-01-29,工业/制造,12,-0.0006703966181701738,0.6666666666666666
2025-01-29,新能源/汽车,1,-0.0769230769230769,1.0
2025-01-29,消费/零售,18,0.026813690811894848,0.4444444444444444
2025-01-29,生物科技/医药,14,-0.01351378985269335,0.5
2025-01-29,金融,3,0.0131004224442762,0.3333333333333333
2025-01-30,TMT/互联网,19,-0.07745322111070946,0.631578947368421
2025-01-30,其他,0,,
2025-01-30,地产/建筑,6,-0.0771589276864394,0.8333333333333334
2025-01-30,工业/制造,12,-0.0006703966181701738,0.6666666666666666
2025-01-30,新能源/汽车,1,-0.0769230769230769,1.0
2025-01-30,消费/零售,18,0.026813690811894848,0.4444444444444444
2025-01-30,生物科技/医药,14,-0.01351378985269335,0.5
2025-01-30,金融,3,0.0131004224442762,0.3333333333333333
2025-01-31,TMT/互联网,19,-0.07745322111070946,0.631578947368421
2025-01-31,其他,0,,
2025-01-31,地产/建筑,6,-0.0771589276864394,0.8333333333333334
2025-01-31,工业/制造,12,-0.0006703966181701738,0.6666666666666666
2025-01-31,新能源/汽车,1,-0.0769230769230769,1.0
2025-01-31,消费/零售,18,0.026813690811894848,0.4444444444444444
2025-01-31,生物科技/医药,14,-0.01351378985269335,0.5
2025-01-31,金融,3,0.0131004224442762,0.3333333333333333
2025-02-01,TMT/互联网,19,-0.07745322111070946,0.631578947368421
2025-02-01,其他,0,,
2025-02-01,地产/建筑,6,-0.0771589276864394,0.8333333333333334
2025-02-01,工业/制造,12,-0.0006703966181701738,0.6666666666666666
2025-02-01,新能源/汽车,1,-0.0769230769230769,1.0
2025-02-01,消费/零售,18,0.026813690811894848,0.4444444444444444
2025-02-01,生物科技/医药,14,-0.01351378985269335,0.5
2025-02-01,金融,3,0.0131004224442762,0.3333333333333333
2025-02-02,TMT/互联网,19,-0.07745322111070946,0.631578947368421
2025-02-02,其他,0,,
2025-02-02,地产/建筑,6,-0.0771589276864394,0.8333333333333334
2025-02-02,工业/制造,12,-0.0006703966181701738,0.6666666666666666
2025-02-02,新能源/汽车,1,-0.0769230769230769,1.0
2025-02-02,消费/零售,18,0.026813690811894848,0.4444444444444444
2025-02-02,生物科技/医药,14,-0.01351378985269335,0.5
2025-02-02,金融,3,0.0131004224442762,0.3333333333333333
2025-02-03,TMT/互联网,19,-0.07745322111070946,0.631578947368421
2025-02-03,其他,0,,
2025-02-03,地产/建筑,6,-0.0771589276864394,0.8333333333333334
2025-02-03,工业/制造,12,-0.0006703966181701738,0.6666666666666666
2025-02-03,新能源/汽车,1,-0.0769230769230769,1.0
2025-02-03,消费/零售,18,0.026813690811894848,0.4444444444444444
2025-02-03,生物科技/医药,14,-0.01351378985269335,0.5
2025-02-03,金融,3,0.0131004224442762,0.3333333333333333
2025-02-04,TMT/互联网,19,-0.07745322111070946,0.631578947368421
2025-02-04,其他,0,,
2025-02-04,地产/建筑,6,-0.0771589276864394,0.8333333333333334
2025-02-04,工业/制造,12,-0.0006703966181701738,0.6666666666666666
2025-02-04,新能源/汽车,1,-0.0769230769230769,1.0
2025-02-04,消费/零售,18,0.026813690811894848,0.4444444444444444
2025-02-04,生物科技/医药,14,-0.01351378985269335,0.5
2025-02-04,金融,3,0.0131004224442762,0.3333333333333333
2025-02-05,TMT/互联网,19,-0.07745322111070946,0.631578947368421
2025-02-05,其他,0,,
2025-02-05,地产/建筑,6,-0.0771589276864394,0.8333333333333334
2025-02-05,工业/制造,12,-0.0006703966181701738,0.6666666666666666
2025-02-05,新能源/汽车,1,-0.0769230769230769,1.0
2025-02-05,消费/零售,18,0.026813690811894848,0.4444444444444444
2025-02-05,生物科技/医药,14,-0.01351378985269335,0.5
2025-02-05,金融,3,0.0131004224442762,0.3333333333333333
2025-02-06,TMT/互联网,19,-0.07745322111070946,0.631578947368421
2025-02-06,其他,0,,
2025-02-06,地产/建筑,6,-0.0771589276864394,0.8333333333333334
2025-02-06,工业/制造,12,-0.0006703966181701738,0.6666666666666666
2025-02-06,新能源/汽车,1,-0.0769230769230769,1.0
2025-02-06,消费/零售,18,0.026813690811894848,0.4444444444444444
2025-02-06,生物科技/医药,14,-0.01351378985269335,0.5
2025-02-06,金融,3,0.0131004224442762,0.3333333333333333
2025-02-07,TMT/互联网,19,-0.07745322111070946,0.631578947368421
2025-02-07,其他,0,,
2025-02-07,地产/建筑,6,-0.0771589276864394,0.8333333333333334
2025-02-07,工业/制造,12,-0.0006703966181701738,0.6666666666666666
2025-02-07,新能源/汽车,1,-0.0769230769230769,1.0
2025-02-07,消费/零售,18,0.026813690811894848,0.4444444444444444
2025-02-07,生物科技/医药,14,-0.01351378985269335,0.5
2025-02-07,金融,3,0.0131004224442762,0.3333333333333333
2025-02-08,TMT/互联网,19,-0.07745322111070946,0.631578947368421
2025-02-08,其他,0,,
2025-02-08,地产/建筑,6,-0.0771589276864394,0.8333333333333334
2025-02-08,工业/制造,12,-0.0006703966181701738,0.6666666666666666
2025-02-08,新能源/汽车,1,-0.0769230769230769,1.0
2025-02-08,消费/零售,18,0.026813690811894848,0.4444444444444444
2025-02-08,生物科技/医药,14,-0.01351378985269335,0.5
2025-02-08,金融,3,0.0131004224442762,0.3333333333333333
2025-02-09,TMT/互联网,19,-0.07745322111070946,0.631578947368421
2025-02-09,其他,0,,
2025-02-09,地产/建筑,6,-0.0771589276864394,0.8333333333333334
2025-02-09,工业/制造,12,-0.0006703966181701738,0.6666666666666666
2025-02-09,新能源/汽车,1,-0.0769230769230769,1.0
2025-02-09,消费/零售,18,0.026813690811894848,0.4444444444444444
2025-02-09,生物科技/医药,14,-0.01351378985269335,0.5
2025-02-09,金融,3,0.0131004224442762,0.3333333333333333
2025-02-10,TMT/互联网,19,-0.07745322111070946,0.631578947368421
2025-02-10,其他,0,,
2025-02-10,地产/建筑,6,-0.0771589276864394,0.8333333333333334
2025-02-10,工业/制造,12,-0.0006703966181701738,0.6666666666666666
2025-02-10,新能源/汽车,1,-0.0769230769230769,1.0
2025-02-10,消费/零售,18,0.026813690811894848,0.4444444444444444
2025-02-10,生物科技/医药,14,-0.01351378985269335,0.5
2025-02-10,金融,3,0.0131004224442762,0.3333333333333333
2025-02-11,TMT/互联网,19,-0.07745322111070946,0.631578947368421
2025-02-11,其他,0,,
2025-02-11,地产/建筑,6,-0.0771589276864394,0.8333333333333334
2025-02-11,工业/制造,12,-0.0006703966181701738,0.6666666666666666
2025-02-11,新能源/汽车,1,-0.0769230769230769,1.0
2025-02-11,消费/零售,18,0.026813690811894848,0.4444444444444444
2025-02-11,生物科技/医药,14,-0.01351378985269335,0.5
2025-02-11,金融,3,0.0131004224442762,0.3333333333333333
2025-02-12,TMT/互联网,19,-0.07745322111070946,0.631578947368421
2025-02-12,其他,0,,
2025-02-12,地产/建筑,6,-0.0771589276864394,0.8333333333333334
2025-02-12,工业/制造,12,-0.0006703966181701738,0.6666666666666666
2025-02-12,新能源/汽车,1,-0.0769230769230769,1.0
2025-02-12,消费/零售,19,0.021718233400742495,0.47368421052631576
2025-02-12,生物科技/医药,14,-0.01351378985269335,0.5
2025-02-12,金融,3,0.0131004224442762,0.3333333333333333
2025-02-13,TMT/互联网,19,-0.07745322111070946,0.631578947368421
2025-02-13,其他,0,,
2025-02-13,地产/建筑,6,-0.0771589276864394,0.8333333333333334
2025-02-13,工业/制造,12,-0.0006703966181701738,0.6666666666666666
2025-02-13,新能源/汽车,1,-0.0769230769230769,1.0
2025-02-13,消费/零售,19,0.021718233400742495,0.47368421052631576
2025-02-13,生物科技/医药,14,-0.01351378985269335,0.5
2025-02-13,金融,3,0.0131004224442762,0.3333333333333333
2025-02-14,TMT/互联网,19,-0.07745322111070946,0.631578947368421
2025-02-14,其他,0,,
2025-02-14,地产/建筑,6,-0.0771589276864394,0.8333333333333334
2025-02-14,工业/制造,12,-0.0006703966181701738,0.6666666666666666
2025-02-14,新能源/汽车,1,-0.0769230769230769,1.0
2025-02-14,消费/零售,19,0.021718233400742495,0.47368421052631576
2025-02-14,生物科技/医药,14,-0.01351378985269335,0.5
2025-02-14,金融,3,0.0131004224442762,0.3333333333333333
2025-02-15,TMT/互联网,19,-0.07745322111070946,0.631578947368421
2025-02-15,其他,0,,
2025-02-15,地产/建筑,6,-0.0771589276864394,0.8333333333333334
2025-02-15,工业/制造,12,-0.0006703966181701738,0.6666666666666666
2025-02-15,新能源/汽车,1,-0.0769230769230769,1.0
2025-02-15,消费/零售,19,0.021718233400742495,0.47368421052631576
2025-02-15,生物科技/医药,14,-0.01351378985269335,0.5
2025-02-15,金融,3,0.0131004224442762,0.3333333333333333
2025-02-16,TMT/互联网,19,-0.07745322111070946,0.631578947368421
2025-02-16,其他,0,,
2025-02-16,地产/建筑,6,-0.0771589276864394,0.8333333333333334
2025-02-16,工业/制造,12,-0.0006703966181701738,0.6666666666666666
2025-02-16,新能源/汽车,1,-0.0769230769230769,1.0
2025-02-16,消费/零售,19,0.021718233400742495,0.47368421052631576
2025-02-16,生物科技/医药,14,-0.01351378985269335,0.5
2025-02-16,金融,3,0.0131004224442762,0.3333333333333333
2025-02-17,TMT/互联网,19,-0.07745322111070946,0.631578947368421
2025-02-17,其他,0,,
2025-02-17,地产/建筑,6,-0.0771589276864394,0.8333333333333334
2025-02-17,工业/制造,12,-0.0006703966181701738,0.6666666666666666
2025-02-17,新能源/汽车,1,-0.0769230769230769,1.0
2025-02-17,消费/零售,19,0.021718233400742495,0.47368421052631576
2025-02-17,生物科技/医药,14,-0.01351378985269335,0.5
2025-02-17,金融,3,0.0131004224442762,0.3333333333333333
2025-02-18,TMT/互联网,19,-0.07745322111070946,0.631578947368421
2025-02-18,其他,0,,
2025-02-18,地产/建筑,6,-0.0771589276864394,0.8333333333333334
2025-02-18,工业/制造,12,-0.0006703966181701738,0.6666666666666666
2025-02-18,新能源/汽车,1,-0.0769230769230769,1.0
2025-02-18,消费/零售,19,0.021718233400742495,0.47368421052631576
2025-02-18,生物科技/医药,14,-0.01351378985269335,0.5
2025-02-18,金融,3,0.0131004224442762,0.3333333333333333
2025-02-19,TMT/互联网,19,-0.07745322111070946,0.631578947368421
2025-02-19,其他,0,,
2025-02-19,地产/建筑,6,-0.0771589276864394,0.8333333333333334
2025-02-19,工业/制造,12,-0.0006703966181701738,0.6666666666666666
2025-02-19,新能源/汽车,1,-0.0769230769230769,1.0
2025-02-19,消费/零售,19,0.021718233400742495,0.47368421052631576
2025-02-19,生物科技/医药,14,-0.01351378985269335,0.5
2025-02-19,金融,3,0.0131004224442762,0.3333333333333333
2025-02-20,TMT/互联网,19,-0.07745322111070946,0.631578947368421
2025-02-20,其他,0,,
2025-02-20,地产/建筑,6,-0.0771589276864394,0.8333333333333334
2025-02-20,工业/制造,12,-0.0006703966181701738,0.6666666666666666
2025-02-20,新能源/汽车,1,-0.0769230769230769,1.0
2025-02-20,消费/零售,19,0.021718233400742495,0.47368421052631576
2025-02-20,生物科技/医药,14,-0.01351378985269335,0.5
2025-02-20,金融,3,0.0131004224442762,0.3333333333333333
2025-02-21,TMT/互联网,19,-0.07745322111070946,0.631578947368421
2025-02-21,其他,0,,
2025-02-21,地产/建筑,6,-0.0771589276864394,0.8333333333333334
2025-02-21,工业/制造,12,-0.0006703966181701738,0.6666666666666666
2025-02-21,新能源/汽车,1,-0.0769230769230769,1.0
2025-02-21,消费/零售,19,0.021718233400742495,0.47368421052631576
2025-02-21,生物科技/医药,14,-0.01351378985269335,0.5
2025-02-21,金融,3,0.0131004224442762,0.3333333333333333
2025-02-22,TMT/互联网,19,-0.07745322111070946,0.631578947368421
2025-02-22,其他,0,,
2025-02-22,地产/建筑,6,-0.0771589276864394,0.8333333333333334
2025-02-22,工业/制造,12,-0.0006703966181701738,0.6666666666666666
2025-02-22,新能源/汽车,1,-0.0769230769230769,1.0
2025-02-22,消费/零售,19,0.021718233400742495,0.47368421052631576
2025-02-22,生物科技/医药,14,-0.01351378985269335,0.5
2025-02-22,金融,3,0.0131004224442762,0.3333333333333333
2025-02-23,TMT/互联网,19,-0.07745322111070946,0.631578947368421
2025-02-23,其他,0,,
2025-02-23,地产/建筑,6,-0.0771589276864394,0.8333333333333334
2025-02-23,工业/制造,12,-0.0006703966181701738,0.6666666666666666
2025-02-23,新能源/汽车,1,-0.0769230769230769,1.0
2025-02-23,消费/零售,19,0.021718233400742495,0.47368421052631576
2025-02-23,生物科技/医药,14,-0.01351378985269335,0.5
2025-02-23,金融,3,0.0131004224442762,0.3333333333333333
2025-02-24,TMT/互联网,19,-0.07745322111070946,0.631578947368421
2025-02-24,其他,0,,
2025-02-24,地产/建筑,6,-0.0771589276864394,0.8333333333333334
2025-02-24,工业/制造,12,-0.0006703966181701738,0.6666666666666666
2025-02-24,新能源/汽车,1,-0.0769230769230769,1.0
2025-02-24,消费/零售,19,0.021718233400742495,0.47368421052631576
2025-02-24,生物科技/医药,14,-0.01351378985269335,0.5
2025-02-24,金融,3,0.0131004224442762,0.3333333333333333
2025-02-25,TMT/互联网,19,-0.07745322111070946,0.631578947368421
2025-02-25,其他,0,,
2025-02-25,地产/建筑,6,-0.0771589276864394,0.8333333333333334
2025-02-25,工业/制造,12,-0.0006703966181701738,0.6666666666666666
2025-02-25,新能源/汽车,1,-0.0769230769230769,1.0
2025-02-25,消费/零售,19,0.021718233400742495,0.47368421052631576
2025-02-25,生物科技/医药,14,-0.01351378985269335,0.5
2025-02-25,金融,3,0.0131004224442762,0.3333333333333333
2025-02-26,TMT/互联网,19,-0.07745322111070946,0.631578947368421
2025-02-26,其他,0,,
2025-02-26,地产/建筑,6,-0.0771589276864394,0.8333333333333334
2025-02-26,工业/制造,12,-0.0006703966181701738,0.6666666666666666
2025-02-26,新能源/汽车,1,-0.0769230769230769,1.0
2025-02-26,消费/零售,19,0.021718233400742495,0.47368421052631576
2025-02-26,生物科技/医药,14,-0.01351378985269335,0.5
2025-02-26,金融,3,0.0131004224442762,0.3333333333333333
2025-02-27,TMT/互联网,19,-0.07745322111070946,0.631578947368421
2025-02-27,其他,0,,
2025-02-27,地产/建筑,6,-0.0771589276864394,0.8333333333333334
2025-02-27,工业/制造,12,-0.0006703966181701738,0.6666666666666666
2025-02-27,新能源/汽车,1,-0.0769230769230769,1.0
2025-02-27,消费/零售,19,0.021718233400742495,0.47368421052631576
2025-02-27,生物科技/医药,14,-0.01351378985269335,0.5
2025-02-27,金融,3,0.0131004224442762,0.3333333333333333
2025-02-28,TMT/互联网,19,-0.07745322111070946,0.631578947368421
2025-02-28,其他,0,,
2025-02-28,地产/建筑,6,-0.0771589276864394,0.8333333333333334
2025-02-28,工业/制造,12,-0.0006703966181701738,0.6666666666666666
2025-02-28,新能源/汽车,1,-0.0769230769230769,1.0
2025-02-28,消费/零售,19,0.021718233400742495,0.47368421052631576
2025-02-28,生物科技/医药,14,-0.01351378985269335,0.5
2025-02-28,金融,3,0.0131004224442762,0.3333333333333333
2025-03-01,TMT/互联网,19,-0.07745322111070946,0.631578947368421
2025-03-01,其他,0,,
2025-03-01,地产/建筑,6,-0.0771589276864394,0.8333333333333334
2025-03-01,工业/制造,12,-0.0006703966181701738,0.6666666666666666
2025-03-01,新能源/汽车,1,-0.0769230769230769,1.0
2025-03-01,消费/零售,19,0.021718233400742495,0.47368421052631576
2025-03-01,生物科技/医药,14,-0.01351378985269335,0.5
2025-03-01,金融,3,0.0131004224442762,0.3333333333333333
2025-03-02,TMT/互联网,19,-0.07745322111070946,0.631578947368421
2025-03-02,其他,0,,
2025-03-02,地产/建筑,6,-0.0771589276864394,0.8333333333333334
2025-03-02,工业/制造,12,-0.0006703966181701738,0.6666666666666666
2025-03-02,新能源/汽车,1,-0.0769230769230769,1.0
2025-03-02,消费/零售,19,0.021718233400742495,0.47368421052631576
2025-03-02,生物科技/医药,14,-0.01351378985269335,0.5
2025-03-02,金融,3,0.0131004224442762,0.3333333333333333
2025-03-03,TMT/互联网,19,-0.07745322111070946,0.631578947368421
2025-03-03,其他,0,,
2025-03-03,地产/建筑,6,-0.0771589276864394,0.8333333333333334
2025-03-03,工业/制造,12,-0.0006703966181701738,0.6666666666666666
2025-03-03,新能源/汽车,1,-0.0769230769230769,1.0
2025-03-03,消费/零售,20,0.02597583318108705,0.45
2025-03-03,生物科技/医药,14,-0.01351378985269335,0.5
2025-03-03,金融,3,0.0131004224442762,0.3333333333333333
2025-03-04,TMT/互联网,19,-0.07745322111070946,0.631578947368421
2025-03-04,其他,0,,
2025-03-04,地产/建筑,6,-0.0771589276864394,0.8333333333333334
2025-03-04,工业/制造,12,-0.0006703966181701738,0.6666666666666666
2025-03-04,新能源/汽车,1,-0.0769230769230769,1.0
2025-03-04,消费/零售,20,0.02597583318108705,0.45
2025-03-04,生物科技/医药,14,-0.01351378985269335,0.5
2025-03-04,金融,3,0.0131004224442762,0.3333333333333333
2025-03-05,TMT/互联网,19,-0.07745322111070946,0.631578947368421
2025-03-05,其他,0,,
2025-03-05,地产/建筑,6,-0.0771589276864394,0.8333333333333334
2025-03-05,工业/制造,12,-0.0006703966181701738,0.6666666666666666
2025-03-05,新能源/汽车,1,-0.0769230769230769,1.0
2025-03-05,消费/零售,20,0.02597583318108705,0.45
2025-03-05,生物科技/医药,14,-0.01351378985269335,0.5
2025-03-05,金融,3,0.0131004224442762,0.3333333333333333
2025-03-06,TMT/互联网,19,-0.07745322111070946,0.631578947368421
2025-03-06,其他,0,,
2025-03-06,地产/建筑,6,-0.0771589276864394,0.8333333333333334
2025-03-06,工业/制造,12,-0.0006703966181701738,0.6666666666666666
2025-03-06,新能源/汽车,1,-0.0769230769230769,1.0
2025-03-06,消费/零售,20,0.02597583318108705,0.45
2025-03-06,生物科技/医药,14,-0.01351378985269335,0.5
2025-03-06,金融,3,0.0131004224442762,0.3333333333333333
2025-03-07,TMT/互联网,19,-0.07745322111070946,0.631578947368421
2025-03-07,其他,0,,
2025-03-07,地产/建筑,6,-0.0771589276864394,0.8333333333333334
2025-03-07,工业/制造,12,-0.0006703966181701738,0.6666666666666666
2025-03-07,新能源/汽车,1,-0.0769230769230769,1.0
2025-03-07,消费/零售,20,0.02597583318108705,0.45
2025-03-07,生物科技/医药,14,-0.01351378985269335,0.5
2025-03-07,金融,3,0.0131004224442762,0.3333333333333333
2025-03-08,TMT/互联网,19,-0.07745322111070946,0.631578947368421
2025-03-08,其他,0,,
2025-03-08,地产/建筑,5,-0.07412917476218883,0.8
2025-03-08,工业/制造,12,-0.0006703966181701738,0.6666666666666666
2025-03-08,新能源/汽车,1,-0.0769230769230769,1.0
2025-03-08,消费/零售,19,-0.007744737002364508,0.47368421052631576
2025-03-08,生物科技/医药,14,-0.01351378985269335,0.5
2025-03-08,金融,3,0.0131004224442762,0.3333333333333333
2025-03-09,TMT/互联网,19,-0.07745322111070946,0.631578947368421
2025-03-09,其他,0,,
2025-03-09,地产/建筑,5,-0.07412917476218883,0.8
2025-03-09,工业/制造,12,-0.0006703966181701738,0.6666666666666666
2025-03-09,新能源/汽车,1,-0.0769230769230769,1.0
2025-03-09,消费/零售,19,-0.007744737002364508,0.47368421052631576
2025-03-09,生物科技/医药,14,-0.01351378985269335,0.5
2025-03-09,金融,3,0.0131004224442762,0.3333333333333333
2025-03-10,TMT/互联网,19,-0.07745322111070946,0.631578947368421
2025-03-10,其他,0,,
2025-03-10,地产/建筑,5,-0.07412917476218883,0.8
2025-03-10,工业/制造,13,-0.0006188276475416989,0.6153846153846154
2025-03-10,新能源/汽车,1,-0.0769230769230769,1.0
2025-03-10,消费/零售,19,-0.007744737002364508,0.47368421052631576
2025-03-10,生物科技/医药,14,-0.01351378985269335,0.5
2025-03-10,金融,3,0.0131004224442762,0.3333333333333333
2025-03-11,TMT/互联网,19,-0.07745322111070946,0.631578947368421
2025-03-11,其他,0,,
2025-03-11,地产/建筑,5,-0.07412917476218883,0.8
2025-03-11,工业/制造,13,-0.0006188276475416989,0.6153846153846154
2025-03-11,新能源/汽车,1,-0.0769230769230769,1.0
2025-03-11,消费/零售,19,-0.007744737002364508,0.47368421052631576
2025-03-11,生物科技/医药,14,-0.01351378985269335,0.5
2025-03-11,金融,3,0.0131004224442762,0.3333333333333333
2025-03-12,TMT/互联网,19,-0.07745322111070946,0.631578947368421
2025-03-12,其他,0,,
2025-03-12,地产/建筑,5,-0.07412917476218883,0.8
2025-03-12,工业/制造,13,-0.0006188276475416989,0.6153846153846154
2025-03-12,新能源/汽车,1,-0.0769230769230769,1.0
2025-03-12,消费/零售,19,-0.007744737002364508,0.47368421052631576
2025-03-12,生物科技/医药,14,-0.01351378985269335,0.5
2025-03-12,金融,3,0.0131004224442762,0.3333333333333333
2025-03-13,TMT/互联网,19,-0.07745322111070946,0.631578947368421
2025-03-13,其他,0,,
2025-03-13,地产/建筑,5,-0.07412917476218883,0.8
2025-03-13,工业/制造,13,-0.0006188276475416989,0.6153846153846154
2025-03-13,新能源/汽车,1,-0.0769230769230769,1.0
2025-03-13,消费/零售,19,-0.007744737002364508,0.47368421052631576
2025-03-13,生物科技/医药,14,-0.01351378985269335,0.5
2025-03-13,金融,3,0.0131004224442762,0.3333333333333333
2025-03-14,TMT/互联网,19,-0.07745322111070946,0.631578947368421
2025-03-14,其他,0,,
2025-03-14,地产/建筑,5,-0.07412917476218883,0.8
2025-03-14,工业/制造,13,-0.0006188276475416989,0.6153846153846154
2025-03-14,新能源/汽车,1,-0.0769230769230769,1.0
2025-03-14,消费/零售,19,-0.007744737002364508,0.47368421052631576
2025-03-14,生物科技/医药,14,-0.01351378985269335,0.5
2025-03-14,金融,3,0.0131004224442762,0.3333333333333333
2025-03-15,TMT/互联网,19,-0.07745322111070946,0.631578947368421
2025-03-15,其他,0,,
2025-03-15,地产/建筑,5,-0.07412917476218883,0.8
2025-03-15,工业/制造,13,-0.0006188276475416989,0.6153846153846154
2025-03-15,新能源/汽车,1,-0.0769230769230769,1.0
2025-03-15,消费/零售,19,-0.007744737002364508,0.47368421052631576
2025-03-15,生物科技/医药,14,-0.01351378985269335,0.5
2025-03-15,金融,3,0.0131004224442762,0.3333333333333333
2025-03-16,TMT/互联网,19,-0.07745322111070946,0.631578947368421
2025-03-16,其他,0,,
2025-03-16,地产/建筑,5,-0.07412917476218883,0.8
2025-03-16,工业/制造,13,-0.0006188276475416989,0.6153846153846154
2025-03-16,新能源/汽车,1,-0.0769230769230769,1.0
2025-03-16,消费/零售,19,-0.007744737002364508,0.47368421052631576
2025-03-16,生物科技/医药,14,-0.01351378985269335,0.5
2025-03-16,金融,3,0.0131004224442762,0.3333333333333333
2025-03-17,TMT/互联网,19,-0.07745322111070946,0.631578947368421
2025-03-17,其他,0,,
2025-03-17,地产/建筑,5,-0.07412917476218883,0.8
2025-03-17,工业/制造,13,-0.0006188276475416989,0.6153846153846154
2025-03-17,新能源/汽车,1,-0.0769230769230769,1.0
2025-03-17,消费/零售,19,-0.007744737002364508,0.47368421052631576
2025-03-17,生物科技/医药,14,-0.01351378985269335,0.5
2025-03-17,金融,3,0.0131004224442762,0.3333333333333333
2025-03-18,TMT/互联网,19,-0.07745322111070946,0.631578947368421
2025-03-18,其他,0,,
2025-03-18,地产/建筑,5,-0.07412917476218883,0.8
2025-03-18,工业/制造,13,-0.0006188276475416989,0.6153846153846154
2025-03-18,新能源/汽车,1,-0.0769230769230769,1.0
2025-03-18,消费/零售,19,-0.007744737002364508,0.47368421052631576
2025-03-18,生物科技/医药,14,-0.01351378985269335,0.5
2025-03-18,金融,3,0.0131004224442762,0.3333333333333333
2025-03-19,TMT/互联网,19,-0.07745322111070946,0.631578947368421
2025-03-19,其他,0,,
2025-03-19,地产/建筑,5,-0.07412917476218883,0.8
2025-03-19,工业/制造,13,-0.0006188276475416989,0.6153846153846154
2025-03-19,新能源/汽车,1,-0.0769230769230769,1.0
2025-03-19,消费/零售,19,-0.007744737002364508,0.47368421052631576
2025-03-19,生物科技/医药,14,-0.01351378985269335,0.5
2025-03-19,金融,3,0.0131004224442762,0.3333333333333333
2025-03-20,TMT/互联网,19,-0.07745322111070946,0.631578947368421
2025-03-20,其他,0,,
2025-03-20,地产/建筑,5,-0.07412917476218883,0.8
2025-03-20,工业/制造,13,-0.0006188276475416989,0.6153846153846154
2025-03-20,新能源/汽车,1,-0.0769230769230769,1.0
2025-03-20,消费/零售,19,-0.007744737002364508,0.47368421052631576
2025-03-20,生物科技/医药,13,-0.006411818606100985,0.46153846153846156
2025-03-20,金融,3,0.0131004224442762,0.3333333333333333
2025-03-21,TMT/互联网,19,-0.07745322111070946,0.631578947368421
2025-03-21,其他,0,,
2025-03-21,地产/建筑,5,-0.07412917476218883,0.8
2025-03-21,工业/制造,12,0.004847107187004859,0.5833333333333334
2025-03-21,新能源/汽车,1,-0.0769230769230769,1.0
2025-03-21,消费/零售,19,-0.007744737002364508,0.47368421052631576
2025-03-21,生物科技/医药,14,-0.005953831562808058,0.42857142857142855
2025-03-21,金融,3,0.0131004224442762,0.3333333333333333
2025-03-22,TMT/互联网,19,-0.07745322111070946,0.631578947368421
2025-03-22,其他,0,,
2025-03-22,地产/建筑,5,-0.07412917476218883,0.8
2025-03-22,工业/制造,12,0.004847107187004859,0.5833333333333334
2025-03-22,新能源/汽车,1,-0.0769230769230769,1.0
2025-03-22,消费/零售,19,-0.007744737002364508,0.47368421052631576
2025-03-22,生物科技/医药,14,-0.005953831562808058,0.42857142857142855
2025-03-22,金融,3,0.0131004224442762,0.3333333333333333
2025-03-23,TMT/互联网,19,-0.07745322111070946,0.631578947368421
2025-03-23,其他,0,,
2025-03-23,地产/建筑,5,-0.07412917476218883,0.8
2025-03-23,工业/制造,12,0.004847107187004859,0.5833333333333334
2025-03-23,新能源/汽车,1,-0.0769230769230769,1.0
2025-03-23,消费/零售,19,-0.007744737002364508,0.47368421052631576
2025-03-23,生物科技/医药,14,-0.005953831562808058,0.42857142857142855
2025-03-23,金融,3,0.0131004224442762,0.3333333333333333
2025-03-24,TMT/互联网,19,-0.07745322111070946,0.631578947368421
2025-03-24,其他,0,,
2025-03-24,地产/建筑,5,-0.07412917476218883,0.8
2025-03-24,工业/制造,12,0.004847107187004859,0.5833333333333334
2025-03-24,新能源/汽车,1,-0.0769230769230769,1.0
2025-03-24,消费/零售,19,-0.007744737002364508,0.47368421052631576
2025-03-24,生物科技/医药,14,-0.005953831562808058,0.42857142857142855
2025-03-24,金融,3,0.0131004224442762,0.3333333333333333
2025-03-25,TMT/互联网,19,-0.07745322111070946,0.631578947368421
2025-03-25,其他,0,,
2025-03-25,地产/建筑,5,-0.07412917476218883,0.8
2025-03-25,工业/制造,13,0.0005702620419084781,0.6153846153846154
2025-03-25,新能源/汽车,1,-0.0769230769230769,1.0
2025-03-25,消费/零售,19,-0.007744737002364508,0.47368421052631576
2025-03-25,生物科技/医药,14,-0.005953831562808058,0.42857142857142855
2025-03-25,金融,3,0.0131004224442762,0.3333333333333333
2025-03-26,TMT/互联网,19,-0.07745322111070946,0.631578947368421
2025-03-26,其他,0,,
2025-03-26,地产/建筑,5,-0.07412917476218883,0.8
2025-03-26,工业/制造,13,0.0005702620419084781,0.6153846153846154
2025-03-26,新能源/汽车,1,-0.0769230769230769,1.0
2025-03-26,消费/零售,18,-0.013225505219667581,0.5
2025-03-26,生物科技/医药,14,-0.005953831562808058,0.42857142857142855
2025-03-26,金融,3,0.0131004224442762,0.3333333333333333
2025-03-27,TMT/互联网,19,-0.07745322111070946,0.631578947368421
2025-03-27,其他,0,,
2025-03-27,地产/建筑,5,-0.07412917476218883,0.8
2025-03-27,工业/制造,13,0.0005702620419084781,0.6153846153846154
2025-03-27,新能源/汽车,1,-0.0769230769230769,1.0
2025-03-27,消费/零售,19,0.006804623411657568,0.47368421052631576
2025-03-27,生物科技/医药,14,-0.005953831562808058,0.42857142857142855
2025-03-27,金融,3,0.0131004224442762,0.3333333333333333
2025-03-28,TMT/互联网,19,-0.07745322111070946,0.631578947368421
2025-03-28,其他,0,,
2025-03-28,地产/建筑,5,-0.07412917476218883,0.8
2025-03-28,工业/制造,13,0.0005702620419084781,0.6153846153846154
2025-03-28,新能源/汽车,1,-0.0769230769230769,1.0
2025-03-28,消费/零售,18,0.024136231337239997,0.4444444444444444
2025-03-28,生物科技/医药,14,-0.005953831562808058,0.42857142857142855
2025-03-28,金融,2,0.03801798060518985,0.0
2025-03-29,TMT/互联网,19,-0.07745322111070946,0.631578947368421
2025-03-29,其他,0,,
2025-03-29,地产/建筑,5,-0.07412917476218883,0.8
2025-03-29,工业/制造,13,0.0005702620419084781,0.6153846153846154
2025-03-29,新能源/汽车,1,-0.0769230769230769,1.0
2025-03-29,消费/零售,18,0.024136231337239997,0.4444444444444444
2025-03-29,生物科技/医药,14,-0.005953831562808058,0.42857142857142855
2025-03-29,金融,2,0.03801798060518985,0.0
2025-03-30,TMT/互联网,19,-0.07745322111070946,0.631578947368421
2025-03-30,其他,0,,
2025-03-30,地产/建筑,5,-0.07412917476218883,0.8
2025-03-30,工业/制造,13,0.0005702620419084781,0.6153846153846154
2025-03-30,新能源/汽车,1,-0.0769230769230769,1.0
2025-03-30,消费/零售,18,0.024136231337239997,0.4444444444444444
2025-03-30,生物科技/医药,14,-0.005953831562808058,0.42857142857142855
2025-03-30,金融,2,0.03801798060518985,0.0
2025-03-31,TMT/互联网,19,-0.07745322111070946,0.631578947368421
2025-03-31,其他,0,,
2025-03-31,地产/建筑,5,-0.07412917476218883,0.8
2025-03-31,工业/制造,13,0.0005702620419084781,0.6153846153846154
2025-03-31,新能源/汽车,1,-0.0769230769230769,1.0
2025-03-31,消费/零售,19,0.008484018427201659,0.47368421052631576
2025-03-31,生物科技/医药,14,-0.005953831562808058,0.42857142857142855
2025-03-31,金融,2,0.03801798060518985,0.0
2025-04-01,TMT/互联网,19,-0.07745322111070946,0.631578947368421
2025-04-01,其他,0,,
2025-04-01,地产/建筑,5,-0.07412917476218883,0.8
2025-04-01,工业/制造,13,0.0005702620419084781,0.6153846153846154
2025-04-01,新能源/汽车,1,-0.0769230769230769,1.0
2025-04-01,消费/零售,19,0.008484018427201659,0.47368421052631576
2025-04-01,生物科技/医药,14,-0.005953831562808058,0.42857142857142855
2025-04-01,金融,2,0.03801798060518985,0.0
2025-04-02,TMT/互联网,19,-0.07745322111070946,0.631578947368421
2025-04-02,其他,0,,
2025-04-02,地产/建筑,5,-0.07412917476218883,0.8
2025-04-02,工业/制造,13,0.0005702620419084781,0.6153846153846154
2025-04-02,新能源/汽车,1,-0.0769230769230769,1.0
2025-04-02,消费/零售,19,0.008484018427201659,0.47368421052631576
2025-04-02,生物科技/医药,14,-0.005953831562808058,0.42857142857142855
2025-04-02,金融,2,0.03801798060518985,0.0
2025-04-03,TMT/互联网,19,-0.07745322111070946,0.631578947368421
2025-04-03,其他,0,,
2025-04-03,地产/建筑,5,-0.07412917476218883,0.8
2025-04-03,工业/制造,13,0.0005702620419084781,0.6153846153846154
2025-04-03,新能源/汽车,1,-0.0769230769230769,1.0
2025-04-03,消费/零售,19,0.008484018427201659,0.47368421052631576
2025-04-03,生物科技/医药,14,-0.005953831562808058,0.42857142857142855
2025-04-03,金融,2,0.03801798060518985,0.0
2025-04-04,TMT/互联网,19,-0.07745322111070946,0.631578947368421
2025-04-04,其他,0,,
2025-04-04,地产/建筑,5,-0.07412917476218883,0.8
2025-04-04,工业/制造,13,0.0005702620419084781,0.6153846153846154
2025-04-04,新能源/汽车,1,-0.0769230769230769,1.0
2025-04-04,消费/零售,19,0.008484018427201659,0.47368421052631576
2025-04-04,生物科技/医药,14,-0.005953831562808058,0.42857142857142855
2025-04-04,金融,2,0.03801798060518985,0.0
2025-04-05,TMT/互联网,19,-0.07745322111070946,0.631578947368421
2025-04-05,其他,0,,
2025-04-05,地产/建筑,5,-0.07412917476218883,0.8
2025-04-05,工业/制造,13,0.0005702620419084781,0.6153846153846154
2025-04-05,新能源/汽车,1,-0.0769230769230769,1.0
2025-04-05,消费/零售,19,0.008484018427201659,0.47368421052631576
2025-04-05,生物科技/医药,14,-0.005953831562808058,0.42857142857142855
2025-04-05,金融,2,0.03801798060518985,0.0
2025-04-06,TMT/互联网,19,-0.07745322111070946,0.631578947368421
2025-04-06,其他,0,,
2025-04-06,地产/建筑,5,-0.07412917476218883,0.8
2025-04-06,工业/制造,13,0.0005702620419084781,0.6153846153846154
2025-04-06,新能源/汽车,1,-0.0769230769230769,1.0
2025-04-06,消费/零售,19,0.008484018427201659,0.47368421052631576
2025-04-06,生物科技/医药,14,-0.005953831562808058,0.42857142857142855
2025-04-06,金融,2,0.03801798060518985,0.0
2025-04-07,TMT/互联网,19,-0.07745322111070946,0.631578947368421
2025-04-07,其他,0,,
2025-04-07,地产/建筑,5,-0.07412917476218883,0.8
2025-04-07,工业/制造,13,0.0005702620419084781,0.6153846153846154
2025-04-07,新能源/汽车,1,-0.0769230769230769,1.0
2025-04-07,消费/零售,19,0.008484018427201659,0.47368421052631576
2025-04-07,生物科技/医药,14,-0.005953831562808058,0.42857142857142855
2025-04-07,金融,2,0.03801798060518985,0.0
2025-04-08,TMT/互联网,19,-0.07745322111070946,0.631578947368421
2025-04-08,其他,0,,
2025-04-08,地产/建筑,5,-0.07412917476218883,0.8
2025-04-08,工业/制造,13,0.0005702620419084781,0.6153846153846154
2025-04-08,新能源/汽车,1,-0.0769230769230769,1.0
2025-04-08,消费/零售,19,0.008484018427201659,0.47368421052631576
2025-04-08,生物科技/医药,14,-0.005953831562808058,0.42857142857142855
2025-04-08,金融,2,0.03801798060518985,0.0
2025-04-09,TMT/互联网,19,-0.07745322111070946,0.631578947368421
2025-04-09,其他,0,,
2025-04-09,地产/建筑,5,-0.07412917476218883,0.8
2025-04-09,工业/制造,13,0.0005702620419084781,0.6153846153846154
2025-04-09,新能源/汽车,1,-0.0769230769230769,1.0
2025-04-09,消费/零售,19,0.008484018427201659,0.47368421052631576
2025-04-09,生物科技/医药,14,-0.005953831562808058,0.42857142857142855
2025-04-09,金融,2,0.03801798060518985,0.0
2025-04-10,TMT/互联网,19,-0.07745322111070946,0.631578947368421
2025-04-10,其他,0,,
2025-04-10,地产/建筑,5,-0.07412917476218883,0.8
2025-04-10,工业/制造,13,0.0005702620419084781,0.6153846153846154
2025-04-10,新能源/汽车,1,-0.0769230769230769,1.0
2025-04-10,消费/零售,19,0.008484018427201659,0.47368421052631576
2025-04-10,生物科技/医药,14,-0.005953831562808058,0.42857142857142855
2025-04-10,金融,2,0.03801798060518985,0.0
2025-04-11,TMT/互联网,19,-0.07745322111070946,0.631578947368421
2025-04-11,其他,0,,
2025-04-11,地产/建筑,5,-0.07412917476218883,0.8
2025-04-11,工业/制造,13,0.0005702620419084781,0.6153846153846154
2025-04-11,新能源/汽车,1,-0.0769230769230769,1.0
2025-04-11,消费/零售,19,0.008484018427201659,0.47368421052631576
2025-04-11,生物科技/医药,14,-0.005953831562808058,0.42857142857142855
2025-04-11,金融,2,0.03801798060518985,0.0
2025-04-12,TMT/互联网,19,-0.07745322111070946,0.631578947368421
2025-04-12,其他,0,,
2025-04-12,地产/建筑,5,-0.07412917476218883,0.8
2025-04-12,工业/制造,13,0.0005702620419084781,0.6153846153846154
2025-04-12,新能源/汽车,1,-0.0769230769230769,1.0
2025-04-12,消费/零售,19,0.008484018427201659,0.47368421052631576
2025-04-12,生物科技/医药,14,-0.005953831562808058,0.42857142857142855
2025-04-12,金融,2,0.03801798060518985,0.0
2025-04-13,TMT/互联网,19,-0.07745322111070946,0.631578947368421
2025-04-13,其他,0,,
2025-04-13,地产/建筑,5,-0.07412917476218883,0.8
2025-04-13,工业/制造,13,0.0005702620419084781,0.6153846153846154
2025-04-13,新能源/汽车,1,-0.0769230769230769,1.0
2025-04-13,消费/零售,19,0.008484018427201659,0.47368421052631576
2025-04-13,生物科技/医药,14,-0.005953831562808058,0.42857142857142855
2025-04-13,金融,2,0.03801798060518985,0.0
2025-04-14,TMT/互联网,19,-0.07745322111070946,0.631578947368421
2025-04-14,其他,0,,
2025-04-14,地产/建筑,5,-0.07412917476218883,0.8
2025-04-14,工业/制造,14,-6.148750954834172e-05,0.6428571428571429
2025-04-14,新能源/汽车,1,-0.0769230769230769,1.0
2025-04-14,消费/零售,19,0.008484018427201659,0.47368421052631576
2025-04-14,生物科技/医药,14,-0.005953831562808058,0.42857142857142855
2025-04-14,金融,2,0.03801798060518985,0.0
2025-04-15,TMT/互联网,19,-0.07745322111070946,0.631578947368421
2025-04-15,其他,0,,
2025-04-15,地产/建筑,5,-0.07412917476218883,0.8
2025-04-15,工业/制造,14,-6.148750954834172e-05,0.6428571428571429
2025-04-15,新能源/汽车,1,-0.0769230769230769,1.0
2025-04-15,消费/零售,19,0.008484018427201659,0.47368421052631576
2025-04-15,生物科技/医药,15,0.003282869546904006,0.4
2025-04-15,金融,2,0.03801798060518985,0.0
2025-04-16,TMT/互联网,19,-0.07745322111070946,0.631578947368421
2025-04-16,其他,0,,
2025-04-16,地产/建筑,5,-0.07412917476218883,0.8
2025-04-16,工业/制造,14,-6.148750954834172e-05,0.6428571428571429
2025-04-16,新能源/汽车,1,-0.0769230769230769,1.0
2025-04-16,消费/零售,19,0.008484018427201659,0.47368421052631576
2025-04-16,生物科技/医药,15,0.003282869546904006,0.4
2025-04-16,金融,2,0.03801798060518985,0.0
2025-04-17,TMT/互联网,19,-0.07745322111070946,0.631578947368421
2025-04-17,其他,0,,
2025-04-17,地产/建筑,5,-0.07412917476218883,0.8
2025-04-17,工业/制造,14,-6.148750954834172e-05,0.6428571428571429
2025-04-17,新能源/汽车,1,-0.0769230769230769,1.0
2025-04-17,消费/零售,19,0.008484018427201659,0.47368421052631576
2025-04-17,生物科技/医药,15,0.003282869546904006,0.4
2025-04-17,金融,2,0.03801798060518985,0.0
2025-04-18,TMT/互联网,19,-0.07745322111070946,0.631578947368421
2025-04-18,其他,0,,
2025-04-18,地产/建筑,5,-0.07412917476218883,0.8
2025-04-18,工业/制造,14,-6.148750954834172e-05,0.6428571428571429
2025-04-18,新能源/汽车,1,-0.0769230769230769,1.0
2025-04-18,消费/零售,19,0.008484018427201659,0.47368421052631576
2025-04-18,生物科技/医药,15,0.003282869546904006,0.4
2025-04-18,金融,2,0.03801798060518985,0.0
2025-04-19,TMT/互联网,19,-0.07745322111070946,0.631578947368421
2025-04-19,其他,0,,
2025-04-19,地产/建筑,5,-0.07412917476218883,0.8
2025-04-19,工业/制造,14,-6.148750954834172e-05,0.6428571428571429
2025-04-19,新能源/汽车,1,-0.0769230769230769,1.0
2025-04-19,消费/零售,19,0.008484018427201659,0.47368421052631576
2025-04-19,生物科技/医药,15,0.003282869546904006,0.4
2025-04-19,金融,2,0.03801798060518985,0.0
2025-04-20,TMT/互联网,19,-0.07745322111070946,0.631578947368421
2025-04-20,其他,0,,
2025-04-20,地产/建筑,5,-0.07412917476218883,0.8
2025-04-20,工业/制造,14,-6.148750954834172e-05,0.6428571428571429
2025-04-20,新能源/汽车,1,-0.0769230769230769,1.0
2025-04-20,消费/零售,19,0.008484018427201659,0.47368421052631576
2025-04-20,生物科技/医药,15,0.003282869546904006,0.4
2025-04-20,金融,2,0.03801798060518985,0.0
2025-04-21,TMT/互联网,19,-0.07745322111070946,0.631578947368421
2025-04-21,其他,0,,
2025-04-21,地产/建筑,5,-0.07412917476218883,0.8
2025-04-21,工业/制造,14,-6.148750954834172e-05,0.6428571428571429
2025-04-21,新能源/汽车,1,-0.0769230769230769,1.0
2025-04-21,消费/零售,19,0.008484018427201659,0.47368421052631576
2025-04-21,生物科技/医药,15,0.003282869546904006,0.4
2025-04-21,金融,2,0.03801798060518985,0.0
2025-04-22,TMT/互联网,19,-0.07745322111070946,0.631578947368421
2025-04-22,其他,0,,
2025-04-22,地产/建筑,5,-0.07412917476218883,0.8
2025-04-22,工业/制造,14,-6.148750954834172e-05,0.6428571428571429
2025-04-22,新能源/汽车,1,-0.0769230769230769,1.0
2025-04-22,消费/零售,19,0.008484018427201659,0.47368421052631576
2025-04-22,生物科技/医药,15,0.003282869546904006,0.4
2025-04-22,金融,2,0.03801798060518985,0.0
2025-04-23,TMT/互联网,19,-0.07745322111070946,0.631578947368421
2025-04-23,其他,0,,
2025-04-23,地产/建筑,4,-0.044789128027204125,0.75
2025-04-23,工业/制造,14,-6.148750954834172e-05,0.6428571428571429
2025-04-23,新能源/汽车,1,-0.0769230769230769,1.0
2025-04-23,消费/零售,18,0.0193323116999821,0.4444444444444444
2025-04-23,生物科技/医药,15,0.003282869546904006,0.4
2025-04-23,金融,2,0.03801798060518985,0.0
2025-04-24,TMT/互联网,18,-0.09480614055347444,0.6666666666666666
2025-04-24,其他,0,,
2025-04-24,地产/建筑,4,-0.044789128027204125,0.75
2025-04-24,工业/制造,14,-6.148750954834172e-05,0.6428571428571429
2025-04-24,新能源/汽车,1,-0.0769230769230769,1.0
2025-04-24,消费/零售,18,0.0193323116999821,0.4444444444444444
2025-04-24,生物科技/医药,15,0.003282869546904006,0.4
2025-04-24,金融,2,0.03801798060518985,0.0
2025-04-25,TMT/互联网,18,-0.09480614055347444,0.6666666666666666
2025-04-25,其他,0,,
2025-04-25,地产/建筑,4,-0.044789128027204125,0.75
2025-04-25,工业/制造,14,-6.148750954834172e-05,0.6428571428571429
2025-04-25,新能源/汽车,1,-0.0769230769230769,1.0
2025-04-25,消费/零售,18,0.0193323116999821,0.4444444444444444
2025-04-25,生物科技/医药,15,0.003282869546904006,0.4
2025-04-25,金融,2,0.03801798060518985,0.0
2025-04-26,TMT/互联网,18,-0.09480614055347444,0.6666666666666666
2025-04-26,其他,0,,
2025-04-26,地产/建筑,4,-0.044789128027204125,0.75
2025-04-26,工业/制造,14,-6.148750954834172e-05,0.6428571428571429
2025-04-26,新能源/汽车,1,-0.0769230769230769,1.0
2025-04-26,消费/零售,18,0.0193323116999821,0.4444444444444444
2025-04-26,生物科技/医药,15,0.003282869546904006,0.4
2025-04-26,金融,2,0.03801798060518985,0.0
2025-04-27,TMT/互联网,18,-0.09480614055347444,0.6666666666666666
2025-04-27,其他,0,,
2025-04-27,地产/建筑,4,-0.044789128027204125,0.75
2025-04-27,工业/制造,14,-6.148750954834172e-05,0.6428571428571429
2025-04-27,新能源/汽车,1,-0.0769230769230769,1.0
2025-04-27,消费/零售,18,0.0193323116999821,0.4444444444444444
2025-04-27,生物科技/医药,15,0.003282869546904006,0.4
2025-04-27,金融,2,0.03801798060518985,0.0
2025-04-28,TMT/互联网,18,-0.09480614055347444,0.6666666666666666
2025-04-28,其他,0,,
2025-04-28,地产/建筑,4,-0.044789128027204125,0.75
2025-04-28,工业/制造,14,-6.148750954834172e-05,0.6428571428571429
2025-04-28,新能源/汽车,1,-0.0769230769230769,1.0
2025-04-28,消费/零售,18,0.0193323116999821,0.4444444444444444
2025-04-28,生物科技/医药,15,0.003282869546904006,0.4
2025-04-28,金融,2,0.03801798060518985,0.0
2025-04-29,TMT/互联网,18,-0.09480614055347444,0.6666666666666666
2025-04-29,其他,0,,
2025-04-29,地产/建筑,4,-0.044789128027204125,0.75
2025-04-29,工业/制造,14,-6.148750954834172e-05,0.6428571428571429
2025-04-29,新能源/汽车,1,-0.0769230769230769,1.0
2025-04-29,消费/零售,18,0.0193323116999821,0.4444444444444444
2025-04-29,生物科技/医药,15,0.003282869546904006,0.4
2025-04-29,金融,2,0.03801798060518985,0.0
2025-04-30,TMT/互联网,18,-0.09480614055347444,0.6666666666666666
2025-04-30,其他,0,,
2025-04-30,地产/建筑,4,-0.044789128027204125,0.75
2025-04-30,工业/制造,14,-6.148750954834172e-05,0.6428571428571429
2025-04-30,新能源/汽车,1,-0.0769230769230769,1.0
2025-04-30,消费/零售,18,0.0193323116999821,0.4444444444444444
2025-04-30,生物科技/医药,15,0.003282869546904006,0.4
2025-04-30,金融,2,0.03801798060518985,0.0
2025-05-01,TMT/互联网,18,-0.09480614055347444,0.6666666666666666
2025-05-01,其他,0,,
2025-05-01,地产/建筑,4,-0.044789128027204125,0.75
2025-05-01,工业/制造,14,-6.148750954834172e-05,0.6428571428571429
2025-05-01,新能源/汽车,1,-0.0769230769230769,1.0
2025-05-01,消费/零售,18,0.0193323116999821,0.4444444444444444
2025-05-01,生物科技/医药,15,0.003282869546904006,0.4
2025-05-01,金融,2,0.03801798060518985,0.0
2025-05-02,TMT/互联网,18,-0.09480614055347444,0.6666666666666666
2025-05-02,其他,0,,
2025-05-02,地产/建筑,4,-0.044789128027204125,0.75
2025-05-02,工业/制造,14,-6.148750954834172e-05,0.6428571428571429
2025-05-02,新能源/汽车,1,-0.0769230769230769,1.0
2025-05-02,消费/零售,18,0.0193323116999821,0.4444444444444444
2025-05-02,生物科技/医药,15,0.003282869546904006,0.4
2025-05-02,金融,2,0.03801798060518985,0.0
2025-05-03,TMT/互联网,18,-0.09480614055347444,0.6666666666666666
2025-05-03,其他,0,,
2025-05-03,地产/建筑,4,-0.044789128027204125,0.75
2025-05-03,工业/制造,14,-6.148750954834172e-05,0.6428571428571429
2025-05-03,新能源/汽车,1,-0.0769230769230769,1.0
2025-05-03,消费/零售,18,0.0193323116999821,0.4444444444444444
2025-05-03,生物科技/医药,15,0.003282869546904006,0.4
2025-05-03,金融,2,0.03801798060518985,0.0
2025-05-04,TMT/互联网,18,-0.09480614055347444,0.6666666666666666
2025-05-04,其他,0,,
2025-05-04,地产/建筑,4,-0.044789128027204125,0.75
2025-05-04,工业/制造,14,-6.148750954834172e-05,0.6428571428571429
2025-05-04,新能源/汽车,1,-0.0769230769230769,1.0
2025-05-04,消费/零售,18,0.0193323116999821,0.4444444444444444
2025-05-04,生物科技/医药,15,0.003282869546904006,0.4
2025-05-04,金融,2,0.03801798060518985,0.0
2025-05-05,TMT/互联网,18,-0.09480614055347444,0.6666666666666666
2025-05-05,其他,0,,
2025-05-05,地产/建筑,4,-0.044789128027204125,0.75
2025-05-05,工业/制造,14,-6.148750954834172e-05,0.6428571428571429
2025-05-05,新能源/汽车,1,-0.0769230769230769,1.0
2025-05-05,消费/零售,18,0.0193323116999821,0.4444444444444444
2025-05-05,生物科技/医药,15,0.003282869546904006,0.4
2025-05-05,金融,2,0.03801798060518985,0.0
2025-05-06,TMT/互联网,18,-0.09480614055347444,0.6666666666666666
2025-05-06,其他,0,,
2025-05-06,地产/建筑,4,-0.044789128027204125,0.75
2025-05-06,工业/制造,14,-6.148750954834172e-05,0.6428571428571429
2025-05-06,新能源/汽车,1,-0.0769230769230769,1.0
2025-05-06,消费/零售,18,0.0193323116999821,0.4444444444444444
2025-05-06,生物科技/医药,15,0.003282869546904006,0.4
2025-05-06,金融,2,0.03801798060518985,0.0
2025-05-07,TMT/互联网,18,-0.09480614055347444,0.6666666666666666
2025-05-07,其他,0,,
2025-05-07,地产/建筑,4,-0.044789128027204125,0.75
2025-05-07,工业/制造,15,-0.009482675698566959,0.6666666666666666
2025-05-07,新能源/汽车,1,-0.0769230769230769,1.0
2025-05-07,消费/零售,18,0.0193323116999821,0.4444444444444444
2025-05-07,生物科技/医药,15,0.003282869546904006,0.4
2025-05-07,金融,2,0.03801798060518985,0.0
2025-05-08,TMT/互联网,18,-0.09480614055347444,0.6666666666666666
2025-05-08,其他,0,,
2025-05-08,地产/建筑,4,-0.044789128027204125,0.75
2025-05-08,工业/制造,16,0.00349737891998087,0.625
2025-05-08,新能源/汽车,1,-0.0769230769230769,1.0
2025-05-08,消费/零售,19,0.00942323272223411,0.47368421052631576
2025-05-08,生物科技/医药,15,0.003282869546904006,0.4
2025-05-08,金融,2,0.03801798060518985,0.0
2025-05-09,TMT/互联网,18,-0.09480614055347444,0.6666666666666666
2025-05-09,其他,0,,
2025-05-09,地产/建筑,4,-0.044789128027204125,0.75
2025-05-09,工业/制造,16,0.00349737891998087,0.625
2025-05-09,新能源/汽车,1,-0.0769230769230769,1.0
2025-05-09,消费/零售,19,0.00942323272223411,0.47368421052631576
2025-05-09,生物科技/医药,15,0.003282869546904006,0.4
2025-05-09,金融,2,0.03801798060518985,0.0
2025-05-10,TMT/互联网,18,-0.09480614055347444,0.6666666666666666
2025-05-10,其他,0,,
2025-05-10,地产/建筑,4,-0.044789128027204125,0.75
2025-05-10,工业/制造,16,0.00349737891998087,0.625
2025-05-10,新能源/汽车,1,-0.0769230769230769,1.0
2025-05-10,消费/零售,19,0.00942323272223411,0.47368421052631576
2025-05-10,生物科技/医药,15,0.003282869546904006,0.4
2025-05-10,金融,2,0.03801798060518985,0.0
2025-05-11,TMT/互联网,18,-0.09480614055347444,0.6666666666666666
2025-05-11,其他,0,,
2025-05-11,地产/建筑,4,-0.044789128027204125,0.75
2025-05-11,工业/制造,16,0.00349737891998087,0.625
2025-05-11,新能源/汽车,1,-0.0769230769230769,1.0
2025-05-11,消费/零售,19,0.00942323272223411,0.47368421052631576
2025-05-11,生物科技/医药,15,0.003282869546904006,0.4
2025-05-11,金融,2,0.03801798060518985,0.0
2025-05-12,TMT/互联网,18,-0.09480614055347444,0.6666666666666666
2025-05-12,其他,0,,
2025-05-12,地产/建筑,4,-0.044789128027204125,0.75
2025-05-12,工业/制造,16,0.00349737891998087,0.625
2025-05-12,新能源/汽车,1,-0.0769230769230769,1.0
2025-05-12,消费/零售,19,0.00942323272223411,0.47368421052631576
2025-05-12,生物科技/医药,15,0.003282869546904006,0.4
2025-05-12,金融,2,0.03801798060518985,0.0
2025-05-13,TMT/互联网,18,-0.09480614055347444,0.6666666666666666
2025-05-13,其他,0,,
2025-05-13,地产/建筑,4,-0.044789128027204125,0.75
2025-05-13,工业/制造,16,0.00349737891998087,0.625
2025-05-13,新能源/汽车,1,-0.0769230769230769,1.0
2025-05-13,消费/零售,19,0.00942323272223411,0.47368421052631576
2025-05-13,生物科技/医药,15,0.003282869546904006,0.4
2025-05-13,金融,2,0.03801798060518985,0.0
2025-05-14,TMT/互联网,18,-0.09480614055347444,0.6666666666666666
2025-05-14,其他,0,,
2025-05-14,地产/建筑,4,-0.044789128027204125,0.75
2025-05-14,工业/制造,16,0.00349737891998087,0.625
2025-05-14,新能源/汽车,1,-0.0769230769230769,1.0
2025-05-14,消费/零售,19,0.00942323272223411,0.47368421052631576
2025-05-14,生物科技/医药,15,0.003282869546904006,0.4
2025-05-14,金融,2,0.03801798060518985,0.0
2025-05-15,TMT/互联网,18,-0.09480614055347444,0.6666666666666666
2025-05-15,其他,0,,
2025-05-15,地产/建筑,4,-0.044789128027204125,0.75
2025-05-15,工业/制造,16,0.00349737891998087,0.625
2025-05-15,新能源/汽车,1,-0.0769230769230769,1.0
2025-05-15,消费/零售,19,0.00942323272223411,0.47368421052631576
2025-05-15,生物科技/医药,15,0.003282869546904006,0.4
2025-05-15,金融,2,0.03801798060518985,0.0
2025-05-16,TMT/互联网,17,-0.10907578280825399,0.7058823529411765
2025-05-16,其他,0,,
2025-05-16,地产/建筑,4,-0.044789128027204125,0.75
2025-05-16,工业/制造,16,0.00349737891998087,0.625
2025-05-16,新能源/汽车,1,-0.0769230769230769,1.0
2025-05-16,消费/零售,20,0.002693378457471499,0.5
2025-05-16,生物科技/医药,15,0.003282869546904006,0.4
2025-05-16,金融,2,0.03801798060518985,0.0
2025-05-17,TMT/互联网,17,-0.10907578280825399,0.7058823529411765
2025-05-17,其他,0,,
2025-05-17,地产/建筑,3,-0.03563405894956697,0.6666666666666666
2025-05-17,工业/制造,16,0.00349737891998087,0.625
2025-05-17,新能源/汽车,1,-0.0769230769230769,1.0
2025-05-17,消费/零售,20,0.002693378457471499,0.5
2025-05-17,生物科技/医药,15,0.003282869546904006,0.4
2025-05-17,金融,2,0.03801798060518985,0.0
2025-05-18,TMT/互联网,17,-0.10907578280825399,0.7058823529411765
2025-05-18,其他,0,,
2025-05-18,地产/建筑,3,-0.03563405894956697,0.6666666666666666
2025-05-18,工业/制造,16,0.00349737891998087,0.625
2025-05-18,新能源/汽车,1,-0.0769230769230769,1.0
2025-05-18,消费/零售,20,0.002693378457471499,0.5
2025-05-18,生物科技/医药,15,0.003282869546904006,0.4
2025-05-18,金融,2,0.03801798060518985,0.0
2025-05-19,TMT/互联网,17,-0.10907578280825399,0.7058823529411765
2025-05-19,其他,0,,
2025-05-19,地产/建筑,3,-0.03563405894956697,0.6666666666666666
2025-05-19,工业/制造,16,0.00349737891998087,0.625
2025-05-19,新能源/汽车,1,-0.0769230769230769,1.0
2025-05-19,消费/零售,20,0.002693378457471499,0.5
2025-05-19,生物科技/医药,15,0.003282869546904006,0.4
2025-05-19,金融,2,0.03801798060518985,0.0
2025-05-20,TMT/互联网,17,-0.10907578280825399,0.7058823529411765
2025-05-20,其他,0,,
2025-05-20,地产/建筑,3,-0.03563405894956697,0.6666666666666666
2025-05-20,工业/制造,17,0.005318677775244315,0.5882352941176471
2025-05-20,新能源/汽车,1,-0.0769230769230769,1.0
2025-05-20,消费/零售,20,0.002693378457471499,0.5
2025-05-20,生物科技/医药,15,0.003282869546904006,0.4
2025-05-20,金融,2,0.03801798060518985,0.0
2025-05-21,TMT/互联网,17,-0.10907578280825399,0.7058823529411765
2025-05-21,其他,0,,
2025-05-21,地产/建筑,3,-0.03563405894956697,0.6666666666666666
2025-05-21,工业/制造,17,0.005318677775244315,0.5882352941176471
2025-05-21,新能源/汽车,1,-0.0769230769230769,1.0
2025-05-21,消费/零售,20,0.002693378457471499,0.5
2025-05-21,生物科技/医药,15,0.003282869546904006,0.4
2025-05-21,金融,2,0.03801798060518985,0.0
2025-05-22,TMT/互联网,17,-0.10907578280825399,0.7058823529411765
2025-05-22,其他,0,,
2025-05-22,地产/建筑,3,-0.03563405894956697,0.6666666666666666
2025-05-22,工业/制造,17,0.005318677775244315,0.5882352941176471
2025-05-22,新能源/汽车,1,-0.0769230769230769,1.0
2025-05-22,消费/零售,20,0.002693378457471499,0.5
2025-05-22,生物科技/医药,15,0.003282869546904006,0.4
2025-05-22,金融,2,0.03801798060518985,0.0
2025-05-23,TMT/互联网,17,-0.10907578280825399,0.7058823529411765
2025-05-23,其他,0,,
2025-05-23,地产/建筑,3,-0.03563405894956697,0.6666666666666666
2025-05-23,工业/制造,17,0.005318677775244315,0.5882352941176471
2025-05-23,新能源/汽车,1,-0.0769230769230769,1.0
2025-05-23,消费/零售,20,0.002693378457471499,0.5
2025-05-23,生物科技/医药,17,0.0030158624396101454,0.4117647058823529
2025-05-23,金融,2,0.03801798060518985,0.0
2025-05-24,TMT/互联网,17,-0.10907578280825399,0.7058823529411765
2025-05-24,其他,0,,
2025-05-24,地产/建筑,3,-0.03563405894956697,0.6666666666666666
2025-05-24,工业/制造,17,0.005318677775244315,0.5882352941176471
2025-05-24,新能源/汽车,1,-0.0769230769230769,1.0
2025-05-24,消费/零售,20,0.002693378457471499,0.5
2025-05-24,生物科技/医药,16,0.0029450177425007235,0.4375
2025-05-24,金融,2,0.03801798060518985,0.0
2025-05-25,TMT/互联网,17,-0.10907578280825399,0.7058823529411765
2025-05-25,其他,0,,
2025-05-25,地产/建筑,3,-0.03563405894956697,0.6666666666666666
2025-05-25,工业/制造,17,0.005318677775244315,0.5882352941176471
2025-05-25,新能源/汽车,1,-0.0769230769230769,1.0
2025-05-25,消费/零售,20,0.002693378457471499,0.5
2025-05-25,生物科技/医药,16,0.0029450177425007235,0.4375
2025-05-25,金融,2,0.03801798060518985,0.0
2025-05-26,TMT/互联网,17,-0.10907578280825399,0.7058823529411765
2025-05-26,其他,0,,
2025-05-26,地产/建筑,3,-0.03563405894956697,0.6666666666666666
2025-05-26,工业/制造,17,0.005318677775244315,0.5882352941176471
2025-05-26,新能源/汽车,1,-0.0769230769230769,1.0
2025-05-26,消费/零售,21,0.0027097511866724273,0.47619047619047616
2025-05-26,生物科技/医药,16,0.0029450177425007235,0.4375
2025-05-26,金融,2,0.03801798060518985,0.0
2025-05-27,TMT/互联网,17,-0.10907578280825399,0.7058823529411765
2025-05-27,其他,0,,
2025-05-27,地产/建筑,3,-0.03563405894956697,0.6666666666666666
2025-05-27,工业/制造,17,0.005318677775244315,0.5882352941176471
2025-05-27,新能源/汽车,1,-0.0769230769230769,1.0
2025-05-27,消费/零售,21,-0.0015615330846118478,0.5238095238095238
2025-05-27,生物科技/医药,17,-0.003744055699365829,0.47058823529411764
2025-05-27,金融,2,0.03801798060518985,0.0
2025-05-28,TMT/互联网,17,-0.10907578280825399,0.7058823529411765
2025-05-28,其他,0,,
2025-05-28,地产/建筑,3,-0.03563405894956697,0.6666666666666666
2025-05-28,工业/制造,16,-0.016800361174482536,0.625
2025-05-28,新能源/汽车,1,-0.0769230769230769,1.0
2025-05-28,消费/零售,21,-0.0015615330846118478,0.5238095238095238
2025-05-28,生物科技/医药,17,-0.003744055699365829,0.47058823529411764
2025-05-28,金融,2,0.03801798060518985,0.0
2025-05-29,TMT/互联网,17,-0.10907578280825399,0.7058823529411765
2025-05-29,其他,0,,
2025-05-29,地产/建筑,3,-0.03563405894956697,0.6666666666666666
2025-05-29,工业/制造,16,-0.016800361174482536,0.625
2025-05-29,新能源/汽车,1,-0.0769230769230769,1.0
2025-05-29,消费/零售,21,-0.0015615330846118478,0.5238095238095238
2025-05-29,生物科技/医药,17,-0.003744055699365829,0.47058823529411764
2025-05-29,金融,2,0.03801798060518985,0.0
2025-05-30,TMT/互联网,17,-0.10907578280825399,0.7058823529411765
2025-05-30,其他,0,,
2025-05-30,地产/建筑,3,-0.03563405894956697,0.6666666666666666
2025-05-30,工业/制造,16,-0.016800361174482536,0.625
2025-05-30,新能源/汽车,1,-0.0769230769230769,1.0
2025-05-30,消费/零售,21,-0.0015615330846118478,0.5238095238095238
2025-05-30,生物科技/医药,17,-0.003744055699365829,0.47058823529411764
2025-05-30,金融,3,-0.014210235152095635,0.3333333333333333
2025-05-31,TMT/互联网,17,-0.10907578280825399,0.7058823529411765
2025-05-31,其他,0,,
2025-05-31,地产/建筑,3,-0.03563405894956697,0.6666666666666666
2025-05-31,工业/制造,16,-0.016800361174482536,0.625
2025-05-31,新能源/汽车,1,-0.0769230769230769,1.0
2025-05-31,消费/零售,20,0.0037397006059851413,0.5
2025-05-31,生物科技/医药,17,-0.003744055699365829,0.47058823529411764
2025-05-31,金融,3,-0.014210235152095635,0.3333333333333333
2025-06-01,TMT/互联网,17,-0.10907578280825399,0.7058823529411765
2025-06-01,其他,0,,
2025-06-01,地产/建筑,3,-0.03563405894956697,0.6666666666666666
2025-06-01,工业/制造,16,-0.016800361174482536,0.625
2025-06-01,新能源/汽车,1,-0.0769230769230769,1.0
2025-06-01,消费/零售,20,0.0037397006059851413,0.5
2025-06-01,生物科技/医药,17,-0.003744055699365829,0.47058823529411764
2025-06-01,金融,3,-0.014210235152095635,0.3333333333333333
2025-06-02,TMT/互联网,17,-0.10907578280825399,0.7058823529411765
2025-06-02,其他,0,,
2025-06-02,地产/建筑,3,-0.03563405894956697,0.6666666666666666
2025-06-02,工业/制造,16,-0.016800361174482536,0.625
2025-06-02,新能源/汽车,1,-0.0769230769230769,1.0
2025-06-02,消费/零售,20,0.0037397006059851413,0.5
2025-06-02,生物科技/医药,17,-0.003744055699365829,0.47058823529411764
2025-06-02,金融,3,-0.014210235152095635,0.3333333333333333
2025-06-03,TMT/互联网,16,-0.1035824131731638,0.6875
2025-06-03,其他,0,,
2025-06-03,地产/建筑,3,-0.03563405894956697,0.6666666666666666
2025-06-03,工业/制造,16,-0.016800361174482536,0.625
2025-06-03,新能源/汽车,1,-0.0769230769230769,1.0
2025-06-03,消费/零售,20,0.0037397006059851413,0.5
2025-06-03,生物科技/医药,17,-0.003744055699365829,0.47058823529411764
2025-06-03,金融,3,-0.014210235152095635,0.3333333333333333
2025-06-04,TMT/互联网,16,-0.1035824131731638,0.6875
2025-06-04,其他,0,,
2025-06-04,地产/建筑,3,-0.03563405894956697,0.6666666666666666
2025-06-04,工业/制造,16,-0.016800361174482536,0.625
2025-06-04,新能源/汽车,1,-0.0769230769230769,1.0
2025-06-04,消费/零售,20,0.0037397006059851413,0.5
2025-06-04,生物科技/医药,17,-0.003744055699365829,0.47058823529411764
2025-06-04,金融,3,-0.014210235152095635,0.3333333333333333
2025-06-05,TMT/互联网,16,-0.1035824131731638,0.6875
2025-06-05,其他,0,,
2025-06-05,地产/建筑,3,-0.03563405894956697,0.6666666666666666
2025-06-05,工业/制造,16,-0.016800361174482536,0.625
2025-06-05,新能源/汽车,1,-0.0769230769230769,1.0
2025-06-05,消费/零售,20,0.0037397006059851413,0.5
2025-06-05,生物科技/医药,17,-0.003744055699365829,0.47058823529411764
2025-06-05,金融,3,-0.014210235152095635,0.3333333333333333
2025-06-06,TMT/互联网,16,-0.1035824131731638,0.6875
2025-06-06,其他,0,,
2025-06-06,地产/建筑,3,-0.03563405894956697,0.6666666666666666
2025-06-06,工业/制造,16,-0.016800361174482536,0.625
2025-06-06,新能源/汽车,1,-0.0769230769230769,1.0
2025-06-06,消费/零售,20,0.0037397006059851413,0.5
2025-06-06,生物科技/医药,17,-0.003744055699365829,0.47058823529411764
2025-06-06,金融,3,-0.014210235152095635,0.3333333333333333
2025-06-07,TMT/互联网,16,-0.1035824131731638,0.6875
2025-06-07,其他,0,,
2025-06-07,地产/建筑,3,-0.03563405894956697,0.6666666666666666
2025-06-07,工业/制造,16,-0.016800361174482536,0.625
2025-06-07,新能源/汽车,1,-0.0769230769230769,1.0
2025-06-07,消费/零售,19,-0.012286383263049682,0.5263157894736842
2025-06-07,生物科技/医药,16,-0.003978059180576192,0.5
2025-06-07,金融,3,-0.014210235152095635,0.3333333333333333
2025-06-08,TMT/互联网,16,-0.1035824131731638,0.6875
2025-06-08,其他,0,,
2025-06-08,地产/建筑,3,-0.03563405894956697,0.6666666666666666
2025-06-08,工业/制造,16,-0.016800361174482536,0.625
2025-06-08,新能源/汽车,1,-0.0769230769230769,1.0
2025-06-08,消费/零售,19,-0.012286383263049682,0.5263157894736842
2025-06-08,生物科技/医药,16,-0.003978059180576192,0.5
2025-06-08,金融,3,-0.014210235152095635,0.3333333333333333
2025-06-09,TMT/互联网,16,-0.1035824131731638,0.6875
2025-06-09,其他,0,,
2025-06-09,地产/建筑,3,-0.03563405894956697,0.6666666666666666
2025-06-09,工业/制造,16,-0.016800361174482536,0.625
2025-06-09,新能源/汽车,1,-0.0769230769230769,1.0
2025-06-09,消费/零售,19,-0.012286383263049682,0.5263157894736842
2025-06-09,生物科技/医药,16,-0.003978059180576192,0.5
2025-06-09,金融,3,-0.014210235152095635,0.3333333333333333
2025-06-10,TMT/互联网,17,-0.10599393670727253,0.7058823529411765
2025-06-10,其他,0,,
2025-06-10,地产/建筑,3,-0.03563405894956697,0.6666666666666666
2025-06-10,工业/制造,16,-0.016800361174482536,0.625
2025-06-10,新能源/汽车,1,-0.0769230769230769,1.0
2025-06-10,消费/零售,21,-0.02762032161629845,0.5714285714285714
2025-06-10,生物科技/医药,16,-0.003978059180576192,0.5
2025-06-10,金融,3,-0.014210235152095635,0.3333333333333333
2025-06-11,TMT/互联网,17,-0.10599393670727253,0.7058823529411765
2025-06-11,其他,0,,
2025-06-11,地产/建筑,3,-0.03563405894956697,0.6666666666666666
2025-06-11,工业/制造,16,-0.016800361174482536,0.625
2025-06-11,新能源/汽车,1,-0.0769230769230769,1.0
2025-06-11,消费/零售,21,-0.02762032161629845,0.5714285714285714
2025-06-11,生物科技/医药,16,-0.003978059180576192,0.5
2025-06-11,金融,3,-0.014210235152095635,0.3333333333333333
2025-06-12,TMT/互联网,17,-0.10599393670727253,0.7058823529411765
2025-06-12,其他,0,,
2025-06-12,地产/建筑,3,-0.03563405894956697,0.6666666666666666
2025-06-12,工业/制造,16,-0.016800361174482536,0.625
2025-06-12,新能源/汽车,1,-0.0769230769230769,1.0
2025-06-12,消费/零售,21,-0.02762032161629845,0.5714285714285714
2025-06-12,生物科技/医药,16,-0.003978059180576192,0.5
2025-06-12,金融,3,-0.014210235152095635,0.3333333333333333
2025-06-13,TMT/互联网,17,-0.10599393670727253,0.7058823529411765
2025-06-13,其他,0,,
2025-06-13,地产/建筑,3,-0.03563405894956697,0.6666666666666666
2025-06-13,工业/制造,16,-0.016800361174482536,0.625
2025-06-13,新能源/汽车,1,-0.0769230769230769,1.0
2025-06-13,消费/零售,21,-0.02762032161629845,0.5714285714285714
2025-06-13,生物科技/医药,15,-0.009314382482781582,0.5333333333333333
2025-06-13,金融,3,-0.014210235152095635,0.3333333333333333
2025-06-14,TMT/互联网,16,-0.10446638383843358,0.6875
2025-06-14,其他,0,,
2025-06-14,地产/建筑,3,-0.03563405894956697,0.6666666666666666
2025-06-14,工业/制造,16,-0.016800361174482536,0.625
2025-06-14,新能源/汽车,1,-0.0769230769230769,1.0
2025-06-14,消费/零售,21,-0.02762032161629845,0.5714285714285714
2025-06-14,生物科技/医药,15,-0.009314382482781582,0.5333333333333333
2025-06-14,金融,3,-0.014210235152095635,0.3333333333333333
2025-06-15,TMT/互联网,16,-0.10446638383843358,0.6875
2025-06-15,其他,0,,
2025-06-15,地产/建筑,3,-0.03563405894956697,0.6666666666666666
2025-06-15,工业/制造,16,-0.016800361174482536,0.625
2025-06-15,新能源/汽车,1,-0.0769230769230769,1.0
2025-06-15,消费/零售,21,-0.02762032161629845,0.5714285714285714
2025-06-15,生物科技/医药,15,-0.009314382482781582,0.5333333333333333
2025-06-15,金融,3,-0.014210235152095635,0.3333333333333333
2025-06-16,TMT/互联网,16,-0.10446638383843358,0.6875
2025-06-16,其他,0,,
2025-06-16,地产/建筑,3,-0.03563405894956697,0.6666666666666666
2025-06-16,工业/制造,16,-0.016800361174482536,0.625
2025-06-16,新能源/汽车,1,-0.0769230769230769,1.0
2025-06-16,消费/零售,21,-0.02762032161629845,0.5714285714285714
2025-06-16,生物科技/医药,15,-0.009314382482781582,0.5333333333333333
2025-06-16,金融,3,-0.014210235152095635,0.3333333333333333
2025-06-17,TMT/互联网,16,-0.10446638383843358,0.6875
2025-06-17,其他,0,,
2025-06-17,地产/建筑,3,-0.03563405894956697,0.6666666666666666
2025-06-17,工业/制造,16,-0.016800361174482536,0.625
2025-06-17,新能源/汽车,1,-0.0769230769230769,1.0
2025-06-17,消费/零售,21,-0.02762032161629845,0.5714285714285714
2025-06-17,生物科技/医药,15,-0.009314382482781582,0.5333333333333333
2025-06-17,金融,3,-0.014210235152095635,0.3333333333333333
2025-06-18,TMT/互联网,16,-0.10446638383843358,0.6875
2025-06-18,其他,0,,
2025-06-18,地产/建筑,3,-0.03563405894956697,0.6666666666666666
2025-06-18,工业/制造,15,0.0013778603612537167,0.6
2025-06-18,新能源/汽车,1,-0.0769230769230769,1.0
2025-06-18,消费/零售,21,-0.02762032161629845,0.5714285714285714
2025-06-18,生物科技/医药,15,-0.009314382482781582,0.5333333333333333
2025-06-18,金融,3,-0.014210235152095635,0.3333333333333333
2025-06-19,TMT/互联网,16,-0.10446638383843358,0.6875
2025-06-19,其他,0,,
2025-06-19,地产/建筑,3,-0.03563405894956697,0.6666666666666666
2025-06-19,工业/制造,15,0.0013778603612537167,0.6
2025-06-19,新能源/汽车,1,-0.0769230769230769,1.0
2025-06-19,消费/零售,22,-0.027576973664042458,0.5909090909090909
2025-06-19,生物科技/医药,15,-0.009314382482781582,0.5333333333333333
2025-06-19,金融,3,-0.014210235152095635,0.3333333333333333
2025-06-20,TMT/互联网,16,-0.10446638383843358,0.6875
2025-06-20,其他,0,,
2025-06-20,地产/建筑,3,-0.03563405894956697,0.6666666666666666
2025-06-20,工业/制造,15,0.0013778603612537167,0.6
2025-06-20,新能源/汽车,1,-0.0769230769230769,1.0
2025-06-20,消费/零售,22,-0.027576973664042458,0.5909090909090909
2025-06-20,生物科技/医药,15,-0.009314382482781582,0.5333333333333333
2025-06-20,金融,3,-0.014210235152095635,0.3333333333333333
2025-06-21,TMT/互联网,16,-0.10446638383843358,0.6875
2025-06-21,其他,0,,
2025-06-21,地产/建筑,3,-0.03563405894956697,0.6666666666666666
2025-06-21,工业/制造,15,0.0013778603612537167,0.6
2025-06-21,新能源/汽车,1,-0.0769230769230769,1.0
2025-06-21,消费/零售,22,-0.027576973664042458,0.5909090909090909
2025-06-21,生物科技/医药,15,-0.009314382482781582,0.5333333333333333
2025-06-21,金融,3,-0.014210235152095635,0.3333333333333333
2025-06-22,TMT/互联网,16,-0.10446638383843358,0.6875
2025-06-22,其他,0,,
2025-06-22,地产/建筑,3,-0.03563405894956697,0.6666666666666666
2025-06-22,工业/制造,15,0.0013778603612537167,0.6
2025-06-22,新能源/汽车,1,-0.0769230769230769,1.0
2025-06-22,消费/零售,22,-0.027576973664042458,0.5909090909090909
2025-06-22,生物科技/医药,15,-0.009314382482781582,0.5333333333333333
2025-06-22,金融,3,-0.014210235152095635,0.3333333333333333
2025-06-23,TMT/互联网,16,-0.10446638383843358,0.6875
2025-06-23,其他,0,,
2025-06-23,地产/建筑,3,-0.03563405894956697,0.6666666666666666
2025-06-23,工业/制造,16,0.005915849100608536,0.5625
2025-06-23,新能源/汽车,1,-0.0769230769230769,1.0
2025-06-23,消费/零售,22,-0.027576973664042458,0.5909090909090909
2025-06-23,生物科技/医药,17,0.005211279531514264,0.47058823529411764
2025-06-23,金融,3,-0.014210235152095635,0.3333333333333333
2025-06-24,TMT/互联网,16,-0.10446638383843358,0.6875
2025-06-24,其他,0,,
2025-06-24,地产/建筑,3,-0.03563405894956697,0.6666666666666666
2025-06-24,工业/制造,16,0.005915849100608536,0.5625
2025-06-24,新能源/汽车,1,-0.0769230769230769,1.0
2025-06-24,消费/零售,22,-0.027576973664042458,0.5909090909090909
2025-06-24,生物科技/医药,17,0.005211279531514264,0.47058823529411764
2025-06-24,金融,3,-0.014210235152095635,0.3333333333333333
2025-06-25,TMT/互联网,16,-0.10446638383843358,0.6875
2025-06-25,其他,0,,
2025-06-25,地产/建筑,3,-0.03563405894956697,0.6666666666666666
2025-06-25,工业/制造,16,0.005915849100608536,0.5625
2025-06-25,新能源/汽车,1,-0.0769230769230769,1.0
2025-06-25,消费/零售,24,-0.024610886124419546,0.5833333333333334
2025-06-25,生物科技/医药,17,0.005211279531514264,0.47058823529411764
2025-06-25,金融,3,-0.014210235152095635,0.3333333333333333
2025-06-26,TMT/互联网,16,-0.10446638383843358,0.6875
2025-06-26,其他,0,,
2025-06-26,地产/建筑,3,-0.03563405894956697,0.6666666666666666
2025-06-26,工业/制造,16,0.005915849100608536,0.5625
2025-06-26,新能源/汽车,1,-0.0769230769230769,1.0
2025-06-26,消费/零售,26,-0.016370986270188317,0.5384615384615384
2025-06-26,生物科技/医药,18,0.0010457950097376325,0.5
2025-06-26,金融,3,-0.014210235152095635,0.3333333333333333
2025-06-27,TMT/互联网,16,-0.10446638383843358,0.6875
2025-06-27,其他,0,,
2025-06-27,地产/建筑,3,-0.03563405894956697,0.6666666666666666
2025-06-27,工业/制造,16,0.005915849100608536,0.5625
2025-06-27,新能源/汽车,1,-0.0769230769230769,1.0
2025-06-27,消费/零售,26,-0.016370986270188317,0.5384615384615384
2025-06-27,生物科技/医药,18,0.0010457950097376325,0.5
2025-06-27,金融,3,-0.014210235152095635,0.3333333333333333
2025-06-28,TMT/互联网,15,-0.08025086842471264,0.6666666666666666
2025-06-28,其他,0,,
2025-06-28,地产/建筑,3,-0.03563405894956697,0.6666666666666666
2025-06-28,工业/制造,16,0.005915849100608536,0.5625
2025-06-28,新能源/汽车,1,-0.0769230769230769,1.0
2025-06-28,消费/零售,24,-0.016667429136936498,0.5416666666666666
2025-06-28,生物科技/医药,18,0.0010457950097376325,0.5
2025-06-28,金融,3,-0.014210235152095635,0.3333333333333333
2025-06-29,TMT/互联网,15,-0.08025086842471264,0.6666666666666666
2025-06-29,其他,0,,
2025-06-29,地产/建筑,3,-0.03563405894956697,0.6666666666666666
2025-06-29,工业/制造,16,0.005915849100608536,0.5625
2025-06-29,新能源/汽车,1,-0.0769230769230769,1.0
2025-06-29,消费/零售,24,-0.016667429136936498,0.5416666666666666
2025-06-29,生物科技/医药,18,0.0010457950097376325,0.5
2025-06-29,金融,3,-0.014210235152095635,0.3333333333333333
2025-06-30,TMT/互联网,16,-0.047369335489631514,0.625
2025-06-30,其他,0,,
2025-06-30,地产/建筑,3,-0.03563405894956697,0.6666666666666666
2025-06-30,工业/制造,16,0.005915849100608536,0.5625
2025-06-30,新能源/汽车,1,-0.0769230769230769,1.0
2025-06-30,消费/零售,25,-0.02000984358877111,0.56
2025-06-30,生物科技/医药,19,0.0018592610705417839,0.47368421052631576
2025-06-30,金融,3,-0.014210235152095635,0.3333333333333333
2025-07-01,TMT/互联网,16,-0.047369335489631514,0.625
2025-07-01,其他,0,,
2025-07-01,地产/建筑,3,-0.03563405894956697,0.6666666666666666
2025-07-01,工业/制造,16,0.005915849100608536,0.5625
2025-07-01,新能源/汽车,1,-0.0769230769230769,1.0
2025-07-01,消费/零售,25,-0.02000984358877111,0.56
2025-07-01,生物科技/医药,19,0.0018592610705417839,0.47368421052631576
2025-07-01,金融,3,-0.014210235152095635,0.3333333333333333
2025-07-02,TMT/互联网,15,-0.04289676910058688,0.6
2025-07-02,其他,0,,
2025-07-02,地产/建筑,3,-0.03563405894956697,0.6666666666666666
2025-07-02,工业/制造,16,0.005915849100608536,0.5625
2025-07-02,新能源/汽车,1,-0.0769230769230769,1.0
2025-07-02,消费/零售,25,-0.02000984358877111,0.56
2025-07-02,生物科技/医药,19,0.0018592610705417839,0.47368421052631576
2025-07-02,金融,3,-0.014210235152095635,0.3333333333333333
2025-07-03,TMT/互联网,14,-0.037502177419801726,0.5714285714285714
2025-07-03,其他,0,,
2025-07-03,地产/建筑,2,0.0125619834710744,0.5
2025-07-03,工业/制造,16,0.005915849100608536,0.5625
2025-07-03,新能源/汽车,1,-0.0769230769230769,1.0
2025-07-03,消费/零售,25,-0.02000984358877111,0.56
2025-07-03,生物科技/医药,20,-0.015602123035616876,0.5
2025-07-03,金融,3,-0.014210235152095635,0.3333333333333333
2025-07-04,TMT/互联网,14,-0.037502177419801726,0.5714285714285714
2025-07-04,其他,0,,
2025-07-04,地产/建筑,2,0.0125619834710744,0.5
2025-07-04,工业/制造,16,0.005915849100608536,0.5625
2025-07-04,新能源/汽车,1,-0.0769230769230769,1.0
2025-07-04,消费/零售,26,-0.021163311143049146,0.5769230769230769
2025-07-04,生物科技/医药,20,-0.015602123035616876,0.5
2025-07-04,金融,3,-0.014210235152095635,0.3333333333333333
2025-07-05,TMT/互联网,14,-0.037502177419801726,0.5714285714285714
2025-07-05,其他,0,,
2025-07-05,地产/建筑,2,0.0125619834710744,0.5
2025-07-05,工业/制造,16,0.005915849100608536,0.5625
2025-07-05,新能源/汽车,1,-0.0769230769230769,1.0
2025-07-05,消费/零售,26,-0.021163311143049146,0.5769230769230769
2025-07-05,生物科技/医药,20,-0.015602123035616876,0.5
2025-07-05,金融,3,-0.014210235152095635,0.3333333333333333
2025-07-06,TMT/互联网,14,-0.037502177419801726,0.5714285714285714
2025-07-06,其他,0,,
2025-07-06,地产/建筑,2,0.0125619834710744,0.5
2025-07-06,工业/制造,16,0.005915849100608536,0.5625
2025-07-06,新能源/汽车,1,-0.0769230769230769,1.0
2025-07-06,消费/零售,26,-0.021163311143049146,0.5769230769230769
2025-07-06,生物科技/医药,20,-0.015602123035616876,0.5
2025-07-06,金融,3,-0.014210235152095635,0.3333333333333333
2025-07-07,TMT/互联网,14,-0.037502177419801726,0.5714285714285714
2025-07-07,其他,0,,
2025-07-07,地产/建筑,2,0.0125619834710744,0.5
2025-07-07,工业/制造,16,0.005915849100608536,0.5625
2025-07-07,新能源/汽车,1,-0.0769230769230769,1.0
2025-07-07,消费/零售,26,-0.021163311143049146,0.5769230769230769
2025-07-07,生物科技/医药,20,-0.015602123035616876,0.5
2025-07-07,金融,4,-0.008026097416703324,0.25
2025-07-08,TMT/互联网,14,-0.037502177419801726,0.5714285714285714
2025-07-08,其他,0,,
2025-07-08,地产/建筑,2,0.0125619834710744,0.5
2025-07-08,工业/制造,16,0.005915849100608536,0.5625
2025-07-08,新能源/汽车,1,-0.0769230769230769,1.0
2025-07-08,消费/零售,26,-0.021163311143049146,0.5769230769230769
2025-07-08,生物科技/医药,20,-0.015602123035616876,0.5
2025-07-08,金融,4,-0.008026097416703324,0.25
2025-07-09,TMT/互联网,16,-0.04307807239576209,0.5625
2025-07-09,其他,0,,
2025-07-09,地产/建筑,2,0.0125619834710744,0.5
2025-07-09,工业/制造,17,0.0085588848962856,0.5294117647058824
2025-07-09,新能源/汽车,1,-0.0769230769230769,1.0
2025-07-09,消费/零售,26,-0.021163311143049146,0.5769230769230769
2025-07-09,生物科技/医药,20,-0.02087455893305279,0.5
2025-07-09,金融,4,-0.008026097416703324,0.25
2025-07-10,TMT/互联网,15,-0.0459499438888129,0.6
2025-07-10,其他,0,,
2025-07-10,地产/建筑,2,0.0125619834710744,0.5
2025-07-10,工业/制造,17,0.0085588848962856,0.5294117647058824
2025-07-10,新能源/汽车,0,,
2025-07-10,消费/零售,25,-0.02720984358877111,0.6
2025-07-10,生物科技/医药,20,-0.02087455893305279,0.5
2025-07-10,金融,4,-0.008026097416703324,0.25
2025-07-11,TMT/互联网,15,-0.0459499438888129,0.6
2025-07-11,其他,0,,
2025-07-11,地产/建筑,2,0.0125619834710744,0.5
2025-07-11,工业/制造,17,0.0085588848962856,0.5294117647058824
2025-07-11,新能源/汽车,0,,
2025-07-11,消费/零售,25,-0.02720984358877111,0.6
2025-07-11,生物科技/医药,20,-0.02087455893305279,0.5
2025-07-11,金融,4,-0.008026097416703324,0.25
2025-07-12,TMT/互联网,15,-0.0459499438888129,0.6
2025-07-12,其他,0,,
2025-07-12,地产/建筑,2,0.0125619834710744,0.5
2025-07-12,工业/制造,16,0.00909381520230345,0.5625
2025-07-12,新能源/汽车,0,,
2025-07-12,消费/零售,25,-0.02720984358877111,0.6
2025-07-12,生物科技/医药,20,-0.02087455893305279,0.5
2025-07-12,金融,4,-0.008026097416703324,0.25
2025-07-13,TMT/互联网,15,-0.0459499438888129,0.6
2025-07-13,其他,0,,
2025-07-13,地产/建筑,2,0.0125619834710744,0.5
2025-07-13,工业/制造,16,0.00909381520230345,0.5625
2025-07-13,新能源/汽车,0,,
2025-07-13,消费/零售,25,-0.02720984358877111,0.6
2025-07-13,生物科技/医药,20,-0.02087455893305279,0.5
2025-07-13,金融,4,-0.008026097416703324,0.25
2025-07-14,TMT/互联网,15,-0.0459499438888129,0.6
2025-07-14,其他,0,,
2025-07-14,地产/建筑,2,0.0125619834710744,0.5
2025-07-14,工业/制造,16,0.00909381520230345,0.5625
2025-07-14,新能源/汽车,0,,
2025-07-14,消费/零售,25,-0.02720984358877111,0.6
2025-07-14,生物科技/医药,20,-0.02087455893305279,0.5
2025-07-14,金融,4,-0.008026097416703324,0.25
2025-07-15,TMT/互联网,14,-0.040368683363665524,0.5714285714285714
2025-07-15,其他,0,,
2025-07-15,地产/建筑,2,0.0125619834710744,0.5
2025-07-15,工业/制造,16,0.00909381520230345,0.5625
2025-07-15,新能源/汽车,0,,
2025-07-15,消费/零售,25,-0.02720984358877111,0.6
2025-07-15,生物科技/医药,20,-0.02087455893305279,0.5
2025-07-15,金融,4,-0.008026097416703324,0.25
2025-07-16,TMT/互联网,14,-0.040368683363665524,0.5714285714285714
2025-07-16,其他,0,,
2025-07-16,地产/建筑,2,0.0125619834710744,0.5
2025-07-16,工业/制造,16,0.00909381520230345,0.5625
2025-07-16,新能源/汽车,0,,
2025-07-16,消费/零售,25,-0.02720984358877111,0.6
2025-07-16,生物科技/医药,20,-0.02087455893305279,0.5
2025-07-16,金融,4,-0.008026097416703324,0.25
2025-07-17,TMT/互联网,14,-0.040368683363665524,0.5714285714285714
2025-07-17,其他,0,,
2025-07-17,地产/建筑,2,0.0125619834710744,0.5
2025-07-17,工业/制造,16,0.00909381520230345,0.5625
2025-07-17,新能源/汽车,0,,
2025-07-17,消费/零售,25,-0.02720984358877111,0.6
2025-07-17,生物科技/医药,20,-0.02087455893305279,0.5
2025-07-17,金融,4,-0.008026097416703324,0.25
2025-07-18,TMT/互联网,14,-0.040368683363665524,0.5714285714285714
2025-07-18,其他,0,,
2025-07-18,地产/建筑,2,0.0125619834710744,0.5
2025-07-18,工业/制造,16,0.00909381520230345,0.5625
2025-07-18,新能源/汽车,0,,
2025-07-18,消费/零售,25,-0.02720984358877111,0.6
2025-07-18,生物科技/医药,20,-0.02087455893305279,0.5
2025-07-18,金融,4,-0.008026097416703324,0.25
2025-07-19,TMT/互联网,14,-0.040368683363665524,0.5714285714285714
2025-07-19,其他,0,,
2025-07-19,地产/建筑,2,0.0125619834710744,0.5
2025-07-19,工业/制造,16,0.00909381520230345,0.5625
2025-07-19,新能源/汽车,0,,
2025-07-19,消费/零售,25,-0.02720984358877111,0.6
2025-07-19,生物科技/医药,20,-0.02087455893305279,0.5
2025-07-19,金融,4,-0.008026097416703324,0.25
2025-07-20,TMT/互联网,14,-0.040368683363665524,0.5714285714285714
2025-07-20,其他,0,,
2025-07-20,地产/建筑,2,0.0125619834710744,0.5
2025-07-20,工业/制造,16,0.00909381520230345,0.5625
2025-07-20,新能源/汽车,0,,
2025-07-20,消费/零售,25,-0.02720984358877111,0.6
2025-07-20,生物科技/医药,20,-0.02087455893305279,0.5
2025-07-20,金融,4,-0.008026097416703324,0.25
2025-07-21,TMT/互联网,14,-0.040368683363665524,0.5714285714285714
2025-07-21,其他,0,,
2025-07-21,地产/建筑,2,0.0125619834710744,0.5
2025-07-21,工业/制造,16,0.00909381520230345,0.5625
2025-07-21,新能源/汽车,0,,
2025-07-21,消费/零售,25,-0.02720984358877111,0.6
2025-07-21,生物科技/医药,20,-0.02087455893305279,0.5
2025-07-21,金融,4,-0.008026097416703324,0.25
2025-07-22,TMT/互联网,14,-0.040368683363665524,0.5714285714285714
2025-07-22,其他,0,,
2025-07-22,地产/建筑,2,0.0125619834710744,0.5
2025-07-22,工业/制造,16,0.00909381520230345,0.5625
2025-07-22,新能源/汽车,0,,
2025-07-22,消费/零售,25,-0.02720984358877111,0.6
2025-07-22,生物科技/医药,20,-0.02087455893305279,0.5
2025-07-22,金融,4,-0.008026097416703324,0.25
2025-07-23,TMT/互联网,14,-0.040368683363665524,0.5714285714285714
2025-07-23,其他,0,,
2025-07-23,地产/建筑,2,0.0125619834710744,0.5
2025-07-23,工业/制造,16,0.00909381520230345,0.5625
2025-07-23,新能源/汽车,0,,
2025-07-23,消费/零售,25,-0.02720984358877111,0.6
2025-07-23,生物科技/医药,20,-0.02087455893305279,0.5
2025-07-23,金融,4,-0.008026097416703324,0.25
2025-07-24,TMT/互联网,14,-0.040368683363665524,0.5714285714285714
2025-07-24,其他,0,,
2025-07-24,地产/建筑,2,0.0125619834710744,0.5
2025-07-24,工业/制造,16,0.00909381520230345,0.5625
2025-07-24,新能源/汽车,0,,
2025-07-24,消费/零售,25,-0.02720984358877111,0.6
2025-07-24,生物科技/医药,20,-0.02087455893305279,0.5
2025-07-24,金融,4,-0.008026097416703324,0.25
2025-07-25,TMT/互联网,14,-0.040368683363665524,0.5714285714285714
2025-07-25,其他,0,,
2025-07-25,地产/建筑,2,0.0125619834710744,0.5
2025-07-25,工业/制造,16,0.00909381520230345,0.5625
2025-07-25,新能源/汽车,0,,
2025-07-25,消费/零售,25,-0.02720984358877111,0.6
2025-07-25,生物科技/医药,21,-0.02336645707383613,0.5238095238095238
2025-07-25,金融,4,-0.008026097416703324,0.25
2025-07-26,TMT/互联网,14,-0.040368683363665524,0.5714285714285714
2025-07-26,其他,0,,
2025-07-26,地产/建筑,2,0.0125619834710744,0.5
2025-07-26,工业/制造,16,0.00909381520230345,0.5625
2025-07-26,新能源/汽车,0,,
2025-07-26,消费/零售,25,-0.02720984358877111,0.6
2025-07-26,生物科技/医药,21,-0.02336645707383613,0.5238095238095238
2025-07-26,金融,4,-0.008026097416703324,0.25
2025-07-27,TMT/互联网,14,-0.040368683363665524,0.5714285714285714
2025-07-27,其他,0,,
2025-07-27,地产/建筑,2,0.0125619834710744,0.5
2025-07-27,工业/制造,16,0.00909381520230345,0.5625
2025-07-27,新能源/汽车,0,,
2025-07-27,消费/零售,25,-0.02720984358877111,0.6
2025-07-27,生物科技/医药,21,-0.02336645707383613,0.5238095238095238
2025-07-27,金融,4,-0.008026097416703324,0.25
2025-07-28,TMT/互联网,14,-0.040368683363665524,0.5714285714285714
2025-07-28,其他,0,,
2025-07-28,地产/建筑,2,0.0125619834710744,0.5
2025-07-28,工业/制造,16,0.00909381520230345,0.5625
2025-07-28,新能源/汽车,0,,
2025-07-28,消费/零售,25,-0.02720984358877111,0.6
2025-07-28,生物科技/医药,21,-0.02336645707383613,0.5238095238095238
2025-07-28,金融,4,-0.008026097416703324,0.25
2025-07-29,TMT/互联网,14,-0.040368683363665524,0.5714285714285714
2025-07-29,其他,0,,
2025-07-29,地产/建筑,2,0.0125619834710744,0.5
2025-07-29,工业/制造,16,0.00909381520230345,0.5625
2025-07-29,新能源/汽车,0,,
2025-07-29,消费/零售,25,-0.02720984358877111,0.6
2025-07-29,生物科技/医药,21,-0.02336645707383613,0.5238095238095238
2025-07-29,金融,4,-0.008026097416703324,0.25
2025-07-30,TMT/互联网,14,-0.040368683363665524,0.5714285714285714
2025-07-30,其他,0,,
2025-07-30,地产/建筑,2,0.0125619834710744,0.5
2025-07-30,工业/制造,16,0.00909381520230345,0.5625
2025-07-30,新能源/汽车,0,,
2025-07-30,消费/零售,25,-0.02720984358877111,0.6
2025-07-30,生物科技/医药,21,-0.02336645707383613,0.5238095238095238
2025-07-30,金融,4,-0.008026097416703324,0.25
2025-07-31,TMT/互联网,14,-0.040368683363665524,0.5714285714285714
2025-07-31,其他,0,,
2025-07-31,地产/建筑,2,0.0125619834710744,0.5
2025-07-31,工业/制造,16,0.00909381520230345,0.5625
2025-07-31,新能源/汽车,0,,
2025-07-31,消费/零售,25,-0.02720984358877111,0.6
2025-07-31,生物科技/医药,21,-0.02336645707383613,0.5238095238095238
2025-07-31,金融,4,-0.008026097416703324,0.25
2025-08-01,TMT/互联网,14,-0.040368683363665524,0.5714285714285714
2025-08-01,其他,0,,
2025-08-01,地产/建筑,2,0.0125619834710744,0.5
2025-08-01,工业/制造,16,0.00909381520230345,0.5625
2025-08-01,新能源/汽车,0,,
2025-08-01,消费/零售,25,-0.02720984358877111,0.6
2025-08-01,生物科技/医药,21,-0.02336645707383613,0.5238095238095238
2025-08-01,金融,4,-0.008026097416703324,0.25
2025-08-02,TMT/互联网,14,-0.040368683363665524,0.5714285714285714
2025-08-02,其他,0,,
2025-08-02,地产/建筑,2,0.0125619834710744,0.5
2025-08-02,工业/制造,16,0.00909381520230345,0.5625
2025-08-02,新能源/汽车,0,,
2025-08-02,消费/零售,25,-0.02720984358877111,0.6
2025-08-02,生物科技/医药,21,-0.02336645707383613,0.5238095238095238
2025-08-02,金融,4,-0.008026097416703324,0.25
2025-08-03,TMT/互联网,14,-0.040368683363665524,0.5714285714285714
2025-08-03,其他,0,,
2025-08-03,地产/建筑,2,0.0125619834710744,0.5
2025-08-03,工业/制造,16,0.00909381520230345,0.5625
2025-08-03,新能源/汽车,0,,
2025-08-03,消费/零售,25,-0.02720984358877111,0.6
2025-08-03,生物科技/医药,21,-0.02336645707383613,0.5238095238095238
2025-08-03,金融,4,-0.008026097416703324,0.25
2025-08-04,TMT/互联网,14,-0.040368683363665524,0.5714285714285714
2025-08-04,其他,0,,
2025-08-04,地产/建筑,2,0.0125619834710744,0.5
2025-08-04,工业/制造,16,0.00909381520230345,0.5625
2025-08-04,新能源/汽车,0,,
2025-08-04,消费/零售,25,-0.02720984358877111,0.6
2025-08-04,生物科技/医药,21,-0.02336645707383613,0.5238095238095238
2025-08-04,金融,4,-0.008026097416703324,0.25
2025-08-05,TMT/互联网,14,-0.040368683363665524,0.5714285714285714
2025-08-05,其他,0,,
2025-08-05,地产/建筑,2,0.0125619834710744,0.5
2025-08-05,工业/制造,16,0.00909381520230345,0.5625
2025-08-05,新能源/汽车,0,,
2025-08-05,消费/零售,25,-0.02720984358877111,0.6
2025-08-05,生物科技/医药,21,-0.02336645707383613,0.5238095238095238
2025-08-05,金融,4,-0.008026097416703324,0.25
2025-08-06,TMT/互联网,14,-0.040368683363665524,0.5714285714285714
2025-08-06,其他,0,,
2025-08-06,地产/建筑,2,0.0125619834710744,0.5
2025-08-06,工业/制造,16,0.00909381520230345,0.5625
2025-08-06,新能源/汽车,0,,
2025-08-06,消费/零售,25,-0.02720984358877111,0.6
2025-08-06,生物科技/医药,21,-0.02336645707383613,0.5238095238095238
2025-08-06,金融,3,-0.033472781051728434,0.3333333333333333
2025-08-07,TMT/互联网,14,-0.040368683363665524,0.5714285714285714
2025-08-07,其他,0,,
2025-08-07,地产/建筑,2,0.0125619834710744,0.5
2025-08-07,工业/制造,16,0.00909381520230345,0.5625
2025-08-07,新能源/汽车,0,,
2025-08-07,消费/零售,25,-0.02720984358877111,0.6
2025-08-07,生物科技/医药,21,-0.02336645707383613,0.5238095238095238
2025-08-07,金融,3,-0.033472781051728434,0.3333333333333333
2025-08-08,TMT/互联网,13,-0.05022519419524044,0.6153846153846154
2025-08-08,其他,0,,
2025-08-08,地产/建筑,2,0.0125619834710744,0.5
2025-08-08,工业/制造,16,0.00909381520230345,0.5625
2025-08-08,新能源/汽车,0,,
2025-08-08,消费/零售,25,-0.02720984358877111,0.6
2025-08-08,生物科技/医药,21,-0.02336645707383613,0.5238095238095238
2025-08-08,金融,3,-0.033472781051728434,0.3333333333333333
2025-08-09,TMT/互联网,13,-0.05022519419524044,0.6153846153846154
2025-08-09,其他,0,,
2025-08-09,地产/建筑,2,0.0125619834710744,0.5
2025-08-09,工业/制造,16,0.00909381520230345,0.5625
2025-08-09,新能源/汽车,0,,
2025-08-09,消费/零售,25,-0.02720984358877111,0.6
2025-08-09,生物科技/医药,21,-0.02336645707383613,0.5238095238095238
2025-08-09,金融,3,-0.033472781051728434,0.3333333333333333
2025-08-10,TMT/互联网,13,-0.05022519419524044,0.6153846153846154
2025-08-10,其他,0,,
2025-08-10,地产/建筑,2,0.0125619834710744,0.5
2025-08-10,工业/制造,16,0.00909381520230345,0.5625
2025-08-10,新能源/汽车,0,,
2025-08-10,消费/零售,25,-0.02720984358877111,0.6
2025-08-10,生物科技/医药,21,-0.02336645707383613,0.5238095238095238
2025-08-10,金融,3,-0.033472781051728434,0.3333333333333333
2025-08-11,TMT/互联网,13,-0.05022519419524044,0.6153846153846154
2025-08-11,其他,0,,
2025-08-11,地产/建筑,2,0.0125619834710744,0.5
2025-08-11,工业/制造,16,0.00909381520230345,0.5625
2025-08-11,新能源/汽车,0,,
2025-08-11,消费/零售,25,-0.02720984358877111,0.6
2025-08-11,生物科技/医药,22,-0.021918670457532277,0.5
2025-08-11,金融,3,-0.033472781051728434,0.3333333333333333
2025-08-12,TMT/互联网,13,-0.05022519419524044,0.6153846153846154
2025-08-12,其他,0,,
2025-08-12,地产/建筑,2,0.0125619834710744,0.5
2025-08-12,工业/制造,16,0.00909381520230345,0.5625
2025-08-12,新能源/汽车,0,,
2025-08-12,消费/零售,25,-0.02720984358877111,0.6
2025-08-12,生物科技/医药,22,-0.021918670457532277,0.5
2025-08-12,金融,3,-0.033472781051728434,0.3333333333333333
2025-08-13,TMT/互联网,13,-0.05022519419524044,0.6153846153846154
2025-08-13,其他,0,,
2025-08-13,地产/建筑,2,0.0125619834710744,0.5
2025-08-13,工业/制造,16,0.00909381520230345,0.5625
2025-08-13,新能源/汽车,0,,
2025-08-13,消费/零售,25,-0.02720984358877111,0.6
2025-08-13,生物科技/医药,22,-0.021918670457532277,0.5
2025-08-13,金融,3,-0.033472781051728434,0.3333333333333333
2025-08-14,TMT/互联网,13,-0.05022519419524044,0.6153846153846154
2025-08-14,其他,0,,
2025-08-14,地产/建筑,2,0.0125619834710744,0.5
2025-08-14,工业/制造,16,0.00909381520230345,0.5625
2025-08-14,新能源/汽车,0,,
2025-08-14,消费/零售,25,-0.02720984358877111,0.6
2025-08-14,生物科技/医药,22,-0.021918670457532277,0.5
2025-08-14,金融,3,-0.033472781051728434,0.3333333333333333
2025-08-15,TMT/互联网,13,-0.05022519419524044,0.6153846153846154
2025-08-15,其他,0,,
2025-08-15,地产/建筑,2,0.0125619834710744,0.5
2025-08-15,工业/制造,16,0.00909381520230345,0.5625
2025-08-15,新能源/汽车,0,,
2025-08-15,消费/零售,25,-0.02720984358877111,0.6
2025-08-15,生物科技/医药,23,-0.02987268961638353,0.5217391304347826
2025-08-15,金融,3,-0.033472781051728434,0.3333333333333333
2025-08-16,TMT/互联网,13,-0.05022519419524044,0.6153846153846154
2025-08-16,其他,0,,
2025-08-16,地产/建筑,2,0.0125619834710744,0.5
2025-08-16,工业/制造,16,0.00909381520230345,0.5625
2025-08-16,新能源/汽车,0,,
2025-08-16,消费/零售,25,-0.02720984358877111,0.6
2025-08-16,生物科技/医药,23,-0.02987268961638353,0.5217391304347826
2025-08-16,金融,3,-0.033472781051728434,0.3333333333333333
2025-08-17,TMT/互联网,13,-0.05022519419524044,0.6153846153846154
2025-08-17,其他,0,,
2025-08-17,地产/建筑,2,0.0125619834710744,0.5
2025-08-17,工业/制造,16,0.00909381520230345,0.5625
2025-08-17,新能源/汽车,0,,
2025-08-17,消费/零售,25,-0.02720984358877111,0.6
2025-08-17,生物科技/医药,23,-0.02987268961638353,0.5217391304347826
2025-08-17,金融,3,-0.033472781051728434,0.3333333333333333
2025-08-18,TMT/互联网,13,-0.05022519419524044,0.6153846153846154
2025-08-18,其他,0,,
2025-08-18,地产/建筑,2,0.0125619834710744,0.5
2025-08-18,工业/制造,16,0.00909381520230345,0.5625
2025-08-18,新能源/汽车,0,,
2025-08-18,消费/零售,25,-0.02720984358877111,0.6
2025-08-18,生物科技/医药,23,-0.02987268961638353,0.5217391304347826
2025-08-18,金融,3,-0.033472781051728434,0.3333333333333333
2025-08-19,TMT/互联网,13,-0.05022519419524044,0.6153846153846154
2025-08-19,其他,0,,
2025-08-19,地产/建筑,2,0.0125619834710744,0.5
2025-08-19,工业/制造,16,0.00909381520230345,0.5625
2025-08-19,新能源/汽车,0,,
2025-08-19,消费/零售,25,-0.02720984358877111,0.6
2025-08-19,生物科技/医药,23,-0.02987268961638353,0.5217391304347826
2025-08-19,金融,3,-0.033472781051728434,0.3333333333333333
2025-08-20,TMT/互联网,14,-0.04673166528655785,0.6428571428571429
2025-08-20,其他,0,,
2025-08-20,地产/建筑,2,0.0125619834710744,0.5
2025-08-20,工业/制造,16,0.00909381520230345,0.5625
2025-08-20,新能源/汽车,0,,
2025-08-20,消费/零售,25,-0.02720984358877111,0.6
2025-08-20,生物科技/医药,22,-0.02878202081190473,0.5
2025-08-20,金融,3,-0.033472781051728434,0.3333333333333333
2025-08-21,TMT/互联网,14,-0.04673166528655785,0.6428571428571429
2025-08-21,其他,0,,
2025-08-21,地产/建筑,2,0.0125619834710744,0.5
2025-08-21,工业/制造,16,0.00909381520230345,0.5625
2025-08-21,新能源/汽车,0,,
2025-08-21,消费/零售,25,-0.02720984358877111,0.6
2025-08-21,生物科技/医药,22,-0.02878202081190473,0.5
2025-08-21,金融,3,-0.033472781051728434,0.3333333333333333
2025-08-22,TMT/互联网,14,-0.04673166528655785,0.6428571428571429
2025-08-22,其他,0,,
2025-08-22,地产/建筑,2,0.0125619834710744,0.5
2025-08-22,工业/制造,16,0.00909381520230345,0.5625
2025-08-22,新能源/汽车,0,,
2025-08-22,消费/零售,25,-0.02720984358877111,0.6
2025-08-22,生物科技/医药,22,-0.02878202081190473,0.5
2025-08-22,金融,3,-0.033472781051728434,0.3333333333333333
2025-08-23,TMT/互联网,14,-0.04673166528655785,0.6428571428571429
2025-08-23,其他,0,,
2025-08-23,地产/建筑,2,0.0125619834710744,0.5
2025-08-23,工业/制造,16,0.00909381520230345,0.5625
2025-08-23,新能源/汽车,0,,
2025-08-23,消费/零售,25,-0.02720984358877111,0.6
2025-08-23,生物科技/医药,22,-0.02878202081190473,0.5
2025-08-23,金融,3,-0.033472781051728434,0.3333333333333333
2025-08-24,TMT/互联网,14,-0.04673166528655785,0.6428571428571429
2025-08-24,其他,0,,
2025-08-24,地产/建筑,2,0.0125619834710744,0.5
2025-08-24,工业/制造,16,0.00909381520230345,0.5625
2025-08-24,新能源/汽车,0,,
2025-08-24,消费/零售,25,-0.02720984358877111,0.6
2025-08-24,生物科技/医药,22,-0.02878202081190473,0.5
2025-08-24,金融,3,-0.033472781051728434,0.3333333333333333
2025-08-25,TMT/互联网,14,-0.04673166528655785,0.6428571428571429
2025-08-25,其他,0,,
2025-08-25,地产/建筑,2,0.0125619834710744,0.5
2025-08-25,工业/制造,16,0.00909381520230345,0.5625
2025-08-25,新能源/汽车,0,,
2025-08-25,消费/零售,25,-0.02720984358877111,0.6
2025-08-25,生物科技/医药,22,-0.02878202081190473,0.5
2025-08-25,金融,3,-0.033472781051728434,0.3333333333333333
2025-08-26,TMT/互联网,14,-0.04673166528655785,0.6428571428571429
2025-08-26,其他,0,,
2025-08-26,地产/建筑,2,0.0125619834710744,0.5
2025-08-26,工业/制造,17,-0.00046072294685165264,0.5882352941176471
2025-08-26,新能源/汽车,0,,
2025-08-26,消费/零售,25,-0.02720984358877111,0.6
2025-08-26,生物科技/医药,22,-0.02878202081190473,0.5
2025-08-26,金融,3,-0.033472781051728434,0.3333333333333333
2025-08-27,TMT/互联网,14,-0.04673166528655785,0.6428571428571429
2025-08-27,其他,0,,
2025-08-27,地产/建筑,2,0.0125619834710744,0.5
2025-08-27,工业/制造,17,-0.00046072294685165264,0.5882352941176471
2025-08-27,新能源/汽车,0,,
2025-08-27,消费/零售,25,-0.02720984358877111,0.6
2025-08-27,生物科技/医药,22,-0.02878202081190473,0.5
2025-08-27,金融,3,-0.033472781051728434,0.3333333333333333
2025-08-28,TMT/互联网,14,-0.04673166528655785,0.6428571428571429
2025-08-28,其他,0,,
2025-08-28,地产/建筑,2,0.0125619834710744,0.5
2025-08-28,工业/制造,18,0.017937192460527045,0.5555555555555556
2025-08-28,新能源/汽车,0,,
2025-08-28,消费/零售,25,-0.02720984358877111,0.6
2025-08-28,生物科技/医药,22,-0.02878202081190473,0.5
2025-08-28,金融,3,-0.033472781051728434,0.3333333333333333
2025-08-29,TMT/互联网,14,-0.04673166528655785,0.6428571428571429
2025-08-29,其他,0,,
2025-08-29,地产/建筑,2,0.0125619834710744,0.5
2025-08-29,工业/制造,18,0.017937192460527045,0.5555555555555556
2025-08-29,新能源/汽车,0,,
2025-08-29,消费/零售,25,-0.02720984358877111,0.6
2025-08-29,生物科技/医药,22,-0.02878202081190473,0.5
2025-08-29,金融,3,-0.033472781051728434,0.3333333333333333
2025-08-30,TMT/互联网,14,-0.04673166528655785,0.6428571428571429
2025-08-30,其他,0,,
2025-08-30,地产/建筑,2,0.0125619834710744,0.5
2025-08-30,工业/制造,18,0.017937192460527045,0.5555555555555556
2025-08-30,新能源/汽车,0,,
2025-08-30,消费/零售,25,-0.02720984358877111,0.6
2025-08-30,生物科技/医药,22,-0.02878202081190473,0.5
2025-08-30,金融,3,-0.033472781051728434,0.3333333333333333
2025-08-31,TMT/互联网,14,-0.04673166528655785,0.6428571428571429
2025-08-31,其他,0,,
2025-08-31,地产/建筑,2,0.0125619834710744,0.5
2025-08-31,工业/制造,18,0.017937192460527045,0.5555555555555556
2025-08-31,新能源/汽车,0,,
2025-08-31,消费/零售,25,-0.02720984358877111,0.6
2025-08-31,生物科技/医药,22,-0.02878202081190473,0.5
2025-08-31,金融,3,-0.033472781051728434,0.3333333333333333
2025-09-01,TMT/互联网,14,-0.04673166528655785,0.6428571428571429
2025-09-01,其他,0,,
2025-09-01,地产/建筑,2,0.0125619834710744,0.5
2025-09-01,工业/制造,18,0.017937192460527045,0.5555555555555556
2025-09-01,新能源/汽车,0,,
2025-09-01,消费/零售,25,-0.02720984358877111,0.6
2025-09-01,生物科技/医药,22,-0.02878202081190473,0.5
2025-09-01,金融,3,-0.033472781051728434,0.3333333333333333
2025-09-02,TMT/互联网,14,-0.04673166528655785,0.6428571428571429
2025-09-02,其他,0,,
2025-09-02,地产/建筑,2,0.0125619834710744,0.5
2025-09-02,工业/制造,18,0.017937192460527045,0.5555555555555556
2025-09-02,新能源/汽车,0,,
2025-09-02,消费/零售,26,-0.025255523278739537,0.5769230769230769
2025-09-02,生物科技/医药,22,-0.02878202081190473,0.5
2025-09-02,金融,3,-0.033472781051728434,0.3333333333333333
2025-09-03,TMT/互联网,14,-0.04673166528655785,0.6428571428571429
2025-09-03,其他,0,,
2025-09-03,地产/建筑,2,0.0125619834710744,0.5
2025-09-03,工业/制造,18,0.017937192460527045,0.5555555555555556
2025-09-03,新能源/汽车,0,,
2025-09-03,消费/零售,26,-0.025255523278739537,0.5769230769230769
2025-09-03,生物科技/医药,22,-0.02878202081190473,0.5
2025-09-03,金融,3,-0.033472781051728434,0.3333333333333333
2025-09-04,TMT/互联网,14,-0.04673166528655785,0.6428571428571429
2025-09-04,其他,0,,
2025-09-04,地产/建筑,2,0.0125619834710744,0.5
2025-09-04,工业/制造,18,0.017937192460527045,0.5555555555555556
2025-09-04,新能源/汽车,0,,
2025-09-04,消费/零售,26,-0.025255523278739537,0.5769230769230769
2025-09-04,生物科技/医药,22,-0.02878202081190473,0.5
2025-09-04,金融,3,-0.033472781051728434,0.3333333333333333
2025-09-05,TMT/互联网,14,-0.04673166528655785,0.6428571428571429
2025-09-05,其他,0,,
2025-09-05,地产/建筑,2,0.0125619834710744,0.5
2025-09-05,工业/制造,18,0.017937192460527045,0.5555555555555556
2025-09-05,新能源/汽车,0,,
2025-09-05,消费/零售,26,-0.025255523278739537,0.5769230769230769
2025-09-05,生物科技/医药,22,-0.02878202081190473,0.5
2025-09-05,金融,3,-0.033472781051728434,0.3333333333333333
2025-09-06,TMT/互联网,14,-0.04673166528655785,0.6428571428571429
2025-09-06,其他,0,,
2025-09-06,地产/建筑,1,0.24,0.0
2025-09-06,工业/制造,18,0.017937192460527045,0.5555555555555556
2025-09-06,新能源/汽车,0,,
2025-09-06,消费/零售,26,-0.025255523278739537,0.5769230769230769
2025-09-06,生物科技/医药,22,-0.02878202081190473,0.5
2025-09-06,金融,3,-0.033472781051728434,0.3333333333333333
2025-09-07,TMT/互联网,14,-0.04673166528655785,0.6428571428571429
2025-09-07,其他,0,,
2025-09-07,地产/建筑,1,0.24,0.0
2025-09-07,工业/制造,18,0.017937192460527045,0.5555555555555556
2025-09-07,新能源/汽车,0,,
2025-09-07,消费/零售,26,-0.025255523278739537,0.5769230769230769
2025-09-07,生物科技/医药,22,-0.02878202081190473,0.5
2025-09-07,金融,3,-0.033472781051728434,0.3333333333333333
2025-09-08,TMT/互联网,14,-0.04673166528655785,0.6428571428571429
2025-09-08,其他,0,,
2025-09-08,地产/建筑,1,0.24,0.0
2025-09-08,工业/制造,18,0.017937192460527045,0.5555555555555556
2025-09-08,新能源/汽车,0,,
2025-09-08,消费/零售,26,-0.025255523278739537,0.5769230769230769
2025-09-08,生物科技/医药,22,-0.02878202081190473,0.5
2025-09-08,金融,3,-0.033472781051728434,0.3333333333333333
2025-09-09,TMT/互联网,14,-0.04673166528655785,0.6428571428571429
2025-09-09,其他,0,,
2025-09-09,地产/建筑,1,0.24,0.0
2025-09-09,工业/制造,18,0.017937192460527045,0.5555555555555556
2025-09-09,新能源/汽车,0,,
2025-09-09,消费/零售,27,-0.03013632008460241,0.5925925925925926
2025-09-09,生物科技/医药,22,-0.02878202081190473,0.5
2025-09-09,金融,3,-0.033472781051728434,0.3333333333333333
2025-09-10,TMT/互联网,14,-0.04673166528655785,0.6428571428571429
2025-09-10,其他,0,,
2025-09-10,地产/建筑,1,0.24,0.0
2025-09-10,工业/制造,18,0.017937192460527045,0.5555555555555556
2025-09-10,新能源/汽车,0,,
2025-09-10,消费/零售,27,-0.03013632008460241,0.5925925925925926
2025-09-10,生物科技/医药,22,-0.02878202081190473,0.5
2025-09-10,金融,3,-0.033472781051728434,0.3333333333333333
2025-09-11,TMT/互联网,14,-0.04673166528655785,0.6428571428571429
2025-09-11,其他,0,,
2025-09-11,地产/建筑,1,0.24,0.0
2025-09-11,工业/制造,18,0.017937192460527045,0.5555555555555556
2025-09-11,新能源/汽车,0,,
2025-09-11,消费/零售,27,-0.03013632008460241,0.5925925925925926
2025-09-11,生物科技/医药,22,-0.02878202081190473,0.5
2025-09-11,金融,3,-0.033472781051728434,0.3333333333333333
2025-09-12,TMT/互联网,14,-0.04673166528655785,0.6428571428571429
2025-09-12,其他,0,,
2025-09-12,地产/建筑,1,0.24,0.0
2025-09-12,工业/制造,18,0.017937192460527045,0.5555555555555556
2025-09-12,新能源/汽车,0,,
2025-09-12,消费/零售,27,-0.03013632008460241,0.5925925925925926
2025-09-12,生物科技/医药,22,-0.02878202081190473,0.5
2025-09-12,金融,3,-0.033472781051728434,0.3333333333333333
2025-09-13,TMT/互联网,14,-0.04673166528655785,0.6428571428571429
2025-09-13,其他,0,,
2025-09-13,地产/建筑,1,0.24,0.0
2025-09-13,工业/制造,18,0.017937192460527045,0.5555555555555556
2025-09-13,新能源/汽车,0,,
2025-09-13,消费/零售,27,-0.03013632008460241,0.5925925925925926
2025-09-13,生物科技/医药,22,-0.02878202081190473,0.5
2025-09-13,金融,3,-0.033472781051728434,0.3333333333333333
2025-09-14,TMT/互联网,14,-0.04673166528655785,0.6428571428571429
2025-09-14,其他,0,,
2025-09-14,地产/建筑,1,0.24,0.0
2025-09-14,工业/制造,18,0.017937192460527045,0.5555555555555556
2025-09-14,新能源/汽车,0,,
2025-09-14,消费/零售,27,-0.03013632008460241,0.5925925925925926
2025-09-14,生物科技/医药,22,-0.02878202081190473,0.5
2025-09-14,金融,3,-0.033472781051728434,0.3333333333333333
2025-09-15,TMT/互联网,14,-0.04673166528655785,0.6428571428571429
2025-09-15,其他,0,,
2025-09-15,地产/建筑,1,0.24,0.0
2025-09-15,工业/制造,18,0.017937192460527045,0.5555555555555556
2025-09-15,新能源/汽车,0,,
2025-09-15,消费/零售,27,-0.03013632008460241,0.5925925925925926
2025-09-15,生物科技/医药,22,-0.02878202081190473,0.5
2025-09-15,金融,3,-0.033472781051728434,0.3333333333333333
2025-09-16,TMT/互联网,15,-0.04222006037565643,0.6
2025-09-16,其他,0,,
2025-09-16,地产/建筑,1,0.24,0.0
2025-09-16,工业/制造,18,0.017937192460527045,0.5555555555555556
2025-09-16,新能源/汽车,0,,
2025-09-16,消费/零售,27,-0.03013632008460241,0.5925925925925926
2025-09-16,生物科技/医药,22,-0.02878202081190473,0.5
2025-09-16,金融,3,-0.033472781051728434,0.3333333333333333
2025-09-17,TMT/互联网,15,-0.04222006037565643,0.6
2025-09-17,其他,0,,
2025-09-17,地产/建筑,1,0.24,0.0
2025-09-17,工业/制造,18,0.017937192460527045,0.5555555555555556
2025-09-17,新能源/汽车,0,,
2025-09-17,消费/零售,26,-0.03123044050365676,0.5769230769230769
2025-09-17,生物科技/医药,23,-0.030083054857876098,0.5217391304347826
2025-09-17,金融,3,-0.033472781051728434,0.3333333333333333
2025-09-18,TMT/互联网,15,-0.04222006037565643,0.6
2025-09-18,其他,0,,
2025-09-18,地产/建筑,1,0.24,0.0
2025-09-18,工业/制造,18,0.017937192460527045,0.5555555555555556
2025-09-18,新能源/汽车,0,,
2025-09-18,消费/零售,26,-0.03123044050365676,0.5769230769230769
2025-09-18,生物科技/医药,23,-0.030083054857876098,0.5217391304347826
2025-09-18,金融,3,-0.033472781051728434,0.3333333333333333
2025-09-19,TMT/互联网,15,-0.04222006037565643,0.6
2025-09-19,其他,0,,
2025-09-19,地产/建筑,1,0.24,0.0
2025-09-19,工业/制造,18,0.017937192460527045,0.5555555555555556
2025-09-19,新能源/汽车,0,,
2025-09-19,消费/零售,26,-0.03123044050365676,0.5769230769230769
2025-09-19,生物科技/医药,24,-0.030628836663040348,0.5416666666666666
2025-09-19,金融,3,-0.033472781051728434,0.3333333333333333
2025-09-20,TMT/互联网,15,-0.04222006037565643,0.6
2025-09-20,其他,0,,
2025-09-20,地产/建筑,1,0.24,0.0
2025-09-20,工业/制造,18,0.017937192460527045,0.5555555555555556
2025-09-20,新能源/汽车,0,,
2025-09-20,消费/零售,26,-0.03123044050365676,0.5769230769230769
2025-09-20,生物科技/医药,24,-0.030628836663040348,0.5416666666666666
2025-09-20,金融,3,-0.033472781051728434,0.3333333333333333
2025-09-21,TMT/互联网,15,-0.04222006037565643,0.6
2025-09-21,其他,0,,
2025-09-21,地产/建筑,1,0.24,0.0
2025-09-21,工业/制造,18,0.017937192460527045,0.5555555555555556
2025-09-21,新能源/汽车,0,,
2025-09-21,消费/零售,26,-0.03123044050365676,0.5769230769230769
2025-09-21,生物科技/医药,24,-0.030628836663040348,0.5416666666666666
2025-09-21,金融,3,-0.033472781051728434,0.3333333333333333
2025-09-22,TMT/互联网,15,-0.04222006037565643,0.6
2025-09-22,其他,0,,
2025-09-22,地产/建筑,1,0.24,0.0
2025-09-22,工业/制造,18,0.017937192460527045,0.5555555555555556
2025-09-22,新能源/汽车,0,,
2025-09-22,消费/零售,26,-0.03123044050365676,0.5769230769230769
2025-09-22,生物科技/医药,24,-0.030628836663040348,0.5416666666666666
2025-09-22,金融,3,-0.033472781051728434,0.3333333333333333
2025-09-23,TMT/互联网,15,-0.04222006037565643,0.6
2025-09-23,其他,0,,
2025-09-23,地产/建筑,1,0.24,0.0
2025-09-23,工业/制造,18,0.017937192460527045,0.5555555555555556
2025-09-23,新能源/汽车,0,,
2025-09-23,消费/零售,27,-0.029299078460508193,0.5555555555555556
2025-09-23,生物科技/医药,24,-0.030628836663040348,0.5416666666666666
2025-09-23,金融,3,-0.033472781051728434,0.3333333333333333
2025-09-24,TMT/互联网,15,-0.04222006037565643,0.6
2025-09-24,其他,0,,
2025-09-24,地产/建筑,1,0.24,0.0
2025-09-24,工业/制造,18,0.017937192460527045,0.5555555555555556
2025-09-24,新能源/汽车,0,,
2025-09-24,消费/零售,27,-0.029299078460508193,0.5555555555555556
2025-09-24,生物科技/医药,24,-0.030628836663040348,0.5416666666666666
2025-09-24,金融,3,-0.033472781051728434,0.3333333333333333
2025-09-25,TMT/互联网,15,-0.04222006037565643,0.6
2025-09-25,其他,0,,
2025-09-25,地产/建筑,1,0.24,0.0
2025-09-25,工业/制造,18,0.017937192460527045,0.5555555555555556
2025-09-25,新能源/汽车,0,,
2025-09-25,消费/零售,28,-0.03063363518215671,0.5714285714285714
2025-09-25,生物科技/医药,24,-0.030628836663040348,0.5416666666666666
2025-09-25,金融,3,-0.033472781051728434,0.3333333333333333
2025-09-26,TMT/互联网,15,-0.04222006037565643,0.6
2025-09-26,其他,0,,
2025-09-26,地产/建筑,1,0.24,0.0
2025-09-26,工业/制造,18,0.017937192460527045,0.5555555555555556
2025-09-26,新能源/汽车,0,,
2025-09-26,消费/零售,28,-0.03063363518215671,0.5714285714285714
2025-09-26,生物科技/医药,24,-0.030628836663040348,0.5416666666666666
2025-09-26,金融,3,-0.033472781051728434,0.3333333333333333
2025-09-27,TMT/互联网,15,-0.04222006037565643,0.6
2025-09-27,其他,0,,
2025-09-27,地产/建筑,1,0.24,0.0
2025-09-27,工业/制造,18,0.017937192460527045,0.5555555555555556
2025-09-27,新能源/汽车,0,,
2025-09-27,消费/零售,28,-0.03063363518215671,0.5714285714285714
2025-09-27,生物科技/医药,24,-0.030628836663040348,0.5416666666666666
2025-09-27,金融,3,-0.033472781051728434,0.3333333333333333
2025-09-28,TMT/互联网,15,-0.04222006037565643,0.6
2025-09-28,其他,0,,
2025-09-28,地产/建筑,1,0.24,0.0
2025-09-28,工业/制造,18,0.017937192460527045,0.5555555555555556
2025-09-28,新能源/汽车,0,,
2025-09-28,消费/零售,28,-0.03063363518215671,0.5714285714285714
2025-09-28,生物科技/医药,24,-0.030628836663040348,0.5416666666666666
2025-09-28,金融,3,-0.033472781051728434,0.3333333333333333
2025-09-29,TMT/互联网,15,-0.04222006037565643,0.6
2025-09-29,其他,0,,
2025-09-29,地产/建筑,1,0.24,0.0
2025-09-29,工业/制造,18,0.017937192460527045,0.5555555555555556
2025-09-29,新能源/汽车,0,,
2025-09-29,消费/零售,28,-0.03063363518215671,0.5714285714285714
2025-09-29,生物科技/医药,24,-0.030628836663040348,0.5416666666666666
2025-09-29,金融,3,-0.033472781051728434,0.3333333333333333
2025-09-30,TMT/互联网,15,-0.04222006037565643,0.6
2025-09-30,其他,0,,
2025-09-30,地产/建筑,1,0.24,0.0
2025-09-30,工业/制造,19,0.021288621792909024,0.5263157894736842
2025-09-30,新能源/汽车,0,,
2025-09-30,消费/零售,29,-0.020546104248125037,0.5517241379310345
2025-09-30,生物科技/医药,24,-0.030628836663040348,0.5416666666666666
2025-09-30,金融,3,-0.033472781051728434,0.3333333333333333
2025-10-01,TMT/互联网,15,-0.04222006037565643,0.6
2025-10-01,其他,0,,
2025-10-01,地产/建筑,1,0.24,0.0
2025-10-01,工业/制造,19,0.021288621792909024,0.5263157894736842
2025-10-01,新能源/汽车,0,,
2025-10-01,消费/零售,29,-0.020546104248125037,0.5517241379310345
2025-10-01,生物科技/医药,24,-0.030628836663040348,0.5416666666666666
2025-10-01,金融,3,-0.033472781051728434,0.3333333333333333
2025-10-02,TMT/互联网,15,-0.04222006037565643,0.6
2025-10-02,其他,0,,
2025-10-02,地产/建筑,1,0.24,0.0
2025-10-02,工业/制造,19,0.021288621792909024,0.5263157894736842
2025-10-02,新能源/汽车,0,,
2025-10-02,消费/零售,28,-0.01996410421187387,0.5357142857142857
2025-10-02,生物科技/医药,24,-0.030628836663040348,0.5416666666666666
2025-10-02,金融,3,-0.033472781051728434,0.3333333333333333
2025-10-03,TMT/互联网,15,-0.04222006037565643,0.6
2025-10-03,其他,0,,
2025-10-03,地产/建筑,1,0.24,0.0
2025-10-03,工业/制造,19,0.021288621792909024,0.5263157894736842
2025-10-03,新能源/汽车,0,,
2025-10-03,消费/零售,28,-0.01996410421187387,0.5357142857142857
2025-10-03,生物科技/医药,24,-0.030628836663040348,0.5416666666666666
2025-10-03,金融,3,-0.033472781051728434,0.3333333333333333
2025-10-04,TMT/互联网,15,-0.04222006037565643,0.6
2025-10-04,其他,0,,
2025-10-04,地产/建筑,1,0.24,0.0
2025-10-04,工业/制造,19,0.021288621792909024,0.5263157894736842
2025-10-04,新能源/汽车,0,,
2025-10-04,消费/零售,28,-0.01996410421187387,0.5357142857142857
2025-10-04,生物科技/医药,24,-0.030628836663040348,0.5416666666666666
2025-10-04,金融,3,-0.033472781051728434,0.3333333333333333
2025-10-05,TMT/互联网,15,-0.04222006037565643,0.6
2025-10-05,其他,0,,
2025-10-05,地产/建筑,1,0.24,0.0
2025-10-05,工业/制造,19,0.021288621792909024,0.5263157894736842
2025-10-05,新能源/汽车,0,,
2025-10-05,消费/零售,28,-0.01996410421187387,0.5357142857142857
2025-10-05,生物科技/医药,24,-0.030628836663040348,0.5416666666666666
2025-10-05,金融,3,-0.033472781051728434,0.3333333333333333
2025-10-06,TMT/互联网,15,-0.04222006037565643,0.6
2025-10-06,其他,0,,
2025-10-06,地产/建筑,1,0.24,0.0
2025-10-06,工业/制造,19,0.021288621792909024,0.5263157894736842
2025-10-06,新能源/汽车,0,,
2025-10-06,消费/零售,28,-0.01996410421187387,0.5357142857142857
2025-10-06,生物科技/医药,24,-0.030628836663040348,0.5416666666666666
2025-10-06,金融,3,-0.033472781051728434,0.3333333333333333
2025-10-07,TMT/互联网,15,-0.04222006037565643,0.6
2025-10-07,其他,0,,
2025-10-07,地产/建筑,1,0.24,0.0
2025-10-07,工业/制造,19,0.021288621792909024,0.5263157894736842
2025-10-07,新能源/汽车,0,,
2025-10-07,消费/零售,28,-0.01996410421187387,0.5357142857142857
2025-10-07,生物科技/医药,24,-0.030628836663040348,0.5416666666666666
2025-10-07,金融,3,-0.033472781051728434,0.3333333333333333
2025-10-08,TMT/互联网,14,-0.032271874550938454,0.5714285714285714
2025-10-08,其他,0,,
2025-10-08,地产/建筑,1,0.24,0.0
2025-10-08,工业/制造,19,0.021288621792909024,0.5263157894736842
2025-10-08,新能源/汽车,0,,
2025-10-08,消费/零售,28,-0.01996410421187387,0.5357142857142857
2025-10-08,生物科技/医药,24,-0.030628836663040348,0.5416666666666666
2025-10-08,金融,3,-0.033472781051728434,0.3333333333333333
2025-10-09,TMT/互联网,14,-0.032271874550938454,0.5714285714285714
2025-10-09,其他,0,,
2025-10-09,地产/建筑,0,,
2025-10-09,工业/制造,19,0.021288621792909024,0.5263157894736842
2025-10-09,新能源/汽车,0,,
2025-10-09,消费/零售,28,-0.01996410421187387,0.5357142857142857
2025-10-09,生物科技/医药,24,-0.030628836663040348,0.5416666666666666
2025-10-09,金融,3,-0.033472781051728434,0.3333333333333333
2025-10-10,TMT/互联网,14,-0.032271874550938454,0.5714285714285714
2025-10-10,其他,0,,
2025-10-10,地产/建筑,0,,
2025-10-10,工业/制造,19,0.021288621792909024,0.5263157894736842
2025-10-10,新能源/汽车,0,,
2025-10-10,消费/零售,28,-0.01996410421187387,0.5357142857142857
2025-10-10,生物科技/医药,24,-0.030628836663040348,0.5416666666666666
2025-10-10,金融,3,-0.033472781051728434,0.3333333333333333
2025-10-11,TMT/互联网,14,-0.032271874550938454,0.5714285714285714
2025-10-11,其他,0,,
2025-10-11,地产/建筑,0,,
2025-10-11,工业/制造,19,0.021288621792909024,0.5263157894736842
2025-10-11,新能源/汽车,0,,
2025-10-11,消费/零售,28,-0.01996410421187387,0.5357142857142857
2025-10-11,生物科技/医药,24,-0.030628836663040348,0.5416666666666666
2025-10-11,金融,3,-0.033472781051728434,0.3333333333333333
2025-10-12,TMT/互联网,14,-0.032271874550938454,0.5714285714285714
2025-10-12,其他,0,,
2025-10-12,地产/建筑,0,,
2025-10-12,工业/制造,19,0.021288621792909024,0.5263157894736842
2025-10-12,新能源/汽车,0,,
2025-10-12,消费/零售,28,-0.01996410421187387,0.5357142857142857
2025-10-12,生物科技/医药,24,-0.030628836663040348,0.5416666666666666
2025-10-12,金融,3,-0.033472781051728434,0.3333333333333333
2025-10-13,TMT/互联网,14,-0.032271874550938454,0.5714285714285714
2025-10-13,其他,0,,
2025-10-13,地产/建筑,0,,
2025-10-13,工业/制造,19,0.021288621792909024,0.5263157894736842
2025-10-13,新能源/汽车,0,,
2025-10-13,消费/零售,28,-0.01996410421187387,0.5357142857142857
2025-10-13,生物科技/医药,24,-0.030628836663040348,0.5416666666666666
2025-10-13,金融,3,-0.033472781051728434,0.3333333333333333
2025-10-14,TMT/互联网,14,-0.032271874550938454,0.5714285714285714
2025-10-14,其他,0,,
2025-10-14,地产/建筑,0,,
2025-10-14,工业/制造,19,0.021288621792909024,0.5263157894736842
2025-10-14,新能源/汽车,0,,
2025-10-14,消费/零售,28,-0.01996410421187387,0.5357142857142857
2025-10-14,生物科技/医药,24,-0.030628836663040348,0.5416666666666666
2025-10-14,金融,3,-0.033472781051728434,0.3333333333333333
2025-10-15,TMT/互联网,14,-0.032271874550938454,0.5714285714285714
2025-10-15,其他,0,,
2025-10-15,地产/建筑,0,,
2025-10-15,工业/制造,19,0.021288621792909024,0.5263157894736842
2025-10-15,新能源/汽车,0,,
2025-10-15,消费/零售,28,-0.01996410421187387,0.5357142857142857
2025-10-15,生物科技/医药,25,-0.03369424667241825,0.56
2025-10-15,金融,3,-0.033472781051728434,0.3333333333333333
2025-10-16,TMT/互联网,14,-0.025122764907080906,0.5714285714285714
2025-10-16,其他,0,,
2025-10-16,地产/建筑,0,,
2025-10-16,工业/制造,19,0.021288621792909024,0.5263157894736842
2025-10-16,新能源/汽车,0,,
2025-10-16,消费/零售,28,-0.01996410421187387,0.5357142857142857
2025-10-16,生物科技/医药,25,-0.03369424667241825,0.56
2025-10-16,金融,3,-0.033472781051728434,0.3333333333333333
2025-10-17,TMT/互联网,14,-0.025122764907080906,0.5714285714285714
2025-10-17,其他,0,,
2025-10-17,地产/建筑,0,,
2025-10-17,工业/制造,19,0.021288621792909024,0.5263157894736842
2025-10-17,新能源/汽车,0,,
2025-10-17,消费/零售,28,-0.01996410421187387,0.5357142857142857
2025-10-17,生物科技/医药,25,-0.03369424667241825,0.56
2025-10-17,金融,3,-0.033472781051728434,0.3333333333333333
2025-10-18,TMT/互联网,14,-0.025122764907080906,0.5714285714285714
2025-10-18,其他,0,,
2025-10-18,地产/建筑,0,,
2025-10-18,工业/制造,19,0.021288621792909024,0.5263157894736842
2025-10-18,新能源/汽车,0,,
2025-10-18,消费/零售,28,-0.01996410421187387,0.5357142857142857
2025-10-18,生物科技/医药,25,-0.03369424667241825,0.56
2025-10-18,金融,3,-0.033472781051728434,0.3333333333333333
2025-10-19,TMT/互联网,14,-0.025122764907080906,0.5714285714285714
2025-10-19,其他,0,,
2025-10-19,地产/建筑,0,,
2025-10-19,工业/制造,19,0.021288621792909024,0.5263157894736842
2025-10-19,新能源/汽车,0,,
2025-10-19,消费/零售,28,-0.01996410421187387,0.5357142857142857
2025-10-19,生物科技/医药,25,-0.03369424667241825,0.56
2025-10-19,金融,3,-0.033472781051728434,0.3333333333333333
2025-10-20,TMT/互联网,14,-0.025122764907080906,0.5714285714285714
2025-10-20,其他,0,,
2025-10-20,地产/建筑,0,,
2025-10-20,工业/制造,19,0.021288621792909024,0.5263157894736842
2025-10-20,新能源/汽车,0,,
2025-10-20,消费/零售,28,-0.01996410421187387,0.5357142857142857
2025-10-20,生物科技/医药,26,-0.031568751513825995,0.5384615384615384
2025-10-20,金融,3,-0.033472781051728434,0.3333333333333333
2025-10-21,TMT/互联网,15,-0.02362335250976674,0.6
2025-10-21,其他,0,,
2025-10-21,地产/建筑,0,,
2025-10-21,工业/制造,19,0.021288621792909024,0.5263157894736842
2025-10-21,新能源/汽车,0,,
2025-10-21,消费/零售,28,-0.01996410421187387,0.5357142857142857
2025-10-21,生物科技/医药,26,-0.031568751513825995,0.5384615384615384
2025-10-21,金融,3,-0.033472781051728434,0.3333333333333333
2025-10-22,TMT/互联网,15,-0.02362335250976674,0.6
2025-10-22,其他,0,,
2025-10-22,地产/建筑,0,,
2025-10-22,工业/制造,20,0.01436372558698451,0.55
2025-10-22,新能源/汽车,0,,
2025-10-22,消费/零售,28,-0.01996410421187387,0.5357142857142857
2025-10-22,生物科技/医药,26,-0.031568751513825995,0.5384615384615384
2025-10-22,金融,3,-0.033472781051728434,0.3333333333333333
2025-10-23,TMT/互联网,15,-0.02362335250976674,0.6
2025-10-23,其他,0,,
2025-10-23,地产/建筑,0,,
2025-10-23,工业/制造,20,0.01436372558698451,0.55
2025-10-23,新能源/汽车,0,,
2025-10-23,消费/零售,27,-0.02119854270547776,0.5555555555555556
2025-10-23,生物科技/医药,26,-0.031568751513825995,0.5384615384615384
2025-10-23,金融,3,-0.033472781051728434,0.3333333333333333
2025-10-24,TMT/互联网,14,-0.011080824117607217,0.5714285714285714
2025-10-24,其他,0,,
2025-10-24,地产/建筑,0,,
2025-10-24,工业/制造,20,0.01436372558698451,0.55
2025-10-24,新能源/汽车,0,,
2025-10-24,消费/零售,27,-0.02119854270547776,0.5555555555555556
2025-10-24,生物科技/医药,26,-0.031568751513825995,0.5384615384615384
2025-10-24,金融,3,-0.033472781051728434,0.3333333333333333
2025-10-25,TMT/互联网,14,-0.011080824117607217,0.5714285714285714
2025-10-25,其他,0,,
2025-10-25,地产/建筑,0,,
2025-10-25,工业/制造,20,0.01436372558698451,0.55
2025-10-25,新能源/汽车,0,,
2025-10-25,消费/零售,27,-0.02119854270547776,0.5555555555555556
2025-10-25,生物科技/医药,26,-0.031568751513825995,0.5384615384615384
2025-10-25,金融,3,-0.033472781051728434,0.3333333333333333
2025-10-26,TMT/互联网,14,-0.011080824117607217,0.5714285714285714
2025-10-26,其他,0,,
2025-10-26,地产/建筑,0,,
2025-10-26,工业/制造,20,0.01436372558698451,0.55
2025-10-26,新能源/汽车,0,,
2025-10-26,消费/零售,27,-0.02119854270547776,0.5555555555555556
2025-10-26,生物科技/医药,26,-0.031568751513825995,0.5384615384615384
2025-10-26,金融,3,-0.033472781051728434,0.3333333333333333
2025-10-27,TMT/互联网,14,-0.011080824117607217,0.5714285714285714
2025-10-27,其他,0,,
2025-10-27,地产/建筑,0,,
2025-10-27,工业/制造,20,0.01436372558698451,0.55
2025-10-27,新能源/汽车,0,,
2025-10-27,消费/零售,27,-0.02119854270547776,0.5555555555555556
2025-10-27,生物科技/医药,26,-0.031568751513825995,0.5384615384615384
2025-10-27,金融,3,-0.033472781051728434,0.3333333333333333
2025-10-28,TMT/互联网,16,0.0005012756961899033,0.5625
2025-10-28,其他,0,,
2025-10-28,地产/建筑,0,,
2025-10-28,工业/制造,21,0.015021120277342719,0.5238095238095238
2025-10-28,新能源/汽车,0,,
2025-10-28,消费/零售,28,-0.0145336580654257,0.5357142857142857
2025-10-28,生物科技/医药,26,-0.031568751513825995,0.5384615384615384
2025-10-28,金融,3,-0.033472781051728434,0.3333333333333333
2025-10-29,TMT/互联网,16,0.0005012756961899033,0.5625
2025-10-29,其他,0,,
2025-10-29,地产/建筑,0,,
2025-10-29,工业/制造,21,0.015021120277342719,0.5238095238095238
2025-10-29,新能源/汽车,0,,
2025-10-29,消费/零售,28,-0.0145336580654257,0.5357142857142857
2025-10-29,生物科技/医药,26,-0.031568751513825995,0.5384615384615384
2025-10-29,金融,3,-0.033472781051728434,0.3333333333333333
2025-10-30,TMT/互联网,16,0.0005012756961899033,0.5625
2025-10-30,其他,0,,
2025-10-30,地产/建筑,0,,
2025-10-30,工业/制造,20,0.01902020778727284,0.5
2025-10-30,新能源/汽车,0,,
2025-10-30,消费/零售,28,-0.0145336580654257,0.5357142857142857
2025-10-30,生物科技/医药,26,-0.031568751513825995,0.5384615384615384
2025-10-30,金融,3,-0.033472781051728434,0.3333333333333333
2025-10-31,TMT/互联网,16,0.0005012756961899033,0.5625
2025-10-31,其他,0,,
2025-10-31,地产/建筑,0,,
2025-10-31,工业/制造,20,0.01902020778727284,0.5
2025-10-31,新能源/汽车,0,,
2025-10-31,消费/零售,28,-0.0145336580654257,0.5357142857142857
2025-10-31,生物科技/医药,25,-0.031529175992983695,0.52
2025-10-31,金融,3,-0.033472781051728434,0.3333333333333333
2025-11-01,TMT/互联网,16,0.0005012756961899033,0.5625
2025-11-01,其他,0,,
2025-11-01,地产/建筑,0,,
2025-11-01,工业/制造,19,0.02102857430138516,0.47368421052631576
2025-11-01,新能源/汽车,0,,
2025-11-01,消费/零售,28,-0.0145336580654257,0.5357142857142857
2025-11-01,生物科技/医药,25,-0.031529175992983695,0.52
2025-11-01,金融,3,-0.033472781051728434,0.3333333333333333
2025-11-02,TMT/互联网,16,0.0005012756961899033,0.5625
2025-11-02,其他,0,,
2025-11-02,地产/建筑,0,,
2025-11-02,工业/制造,19,0.02102857430138516,0.47368421052631576
2025-11-02,新能源/汽车,0,,
2025-11-02,消费/零售,28,-0.0145336580654257,0.5357142857142857
2025-11-02,生物科技/医药,25,-0.031529175992983695,0.52
2025-11-02,金融,3,-0.033472781051728434,0.3333333333333333
2025-11-03,TMT/互联网,17,0.0026986796468341937,0.5294117647058824
2025-11-03,其他,0,,
2025-11-03,地产/建筑,0,,
2025-11-03,工业/制造,19,0.02102857430138516,0.47368421052631576
2025-11-03,新能源/汽车,0,,
2025-11-03,消费/零售,28,-0.0145336580654257,0.5357142857142857
2025-11-03,生物科技/医药,25,-0.031529175992983695,0.52
2025-11-03,金融,3,-0.033472781051728434,0.3333333333333333
2025-11-04,TMT/互联网,17,0.0026986796468341937,0.5294117647058824
2025-11-04,其他,0,,
2025-11-04,地产/建筑,0,,
2025-11-04,工业/制造,19,0.02102857430138516,0.47368421052631576
2025-11-04,新能源/汽车,0,,
2025-11-04,消费/零售,28,-0.0145336580654257,0.5357142857142857
2025-11-04,生物科技/医药,25,-0.031529175992983695,0.52
2025-11-04,金融,3,-0.033472781051728434,0.3333333333333333
2025-11-05,TMT/互联网,17,0.0026986796468341937,0.5294117647058824
2025-11-05,其他,0,,
2025-11-05,地产/建筑,0,,
2025-11-05,工业/制造,19,0.02102857430138516,0.47368421052631576
2025-11-05,新能源/汽车,0,,
2025-11-05,消费/零售,29,-0.013336956927244976,0.5172413793103449
2025-11-05,生物科技/医药,25,-0.031529175992983695,0.52
2025-11-05,金融,3,-0.033472781051728434,0.3333333333333333
2025-11-06,TMT/互联网,19,0.00208391910564532,0.5263157894736842
2025-11-06,其他,0,,
2025-11-06,地产/建筑,0,,
2025-11-06,工业/制造,19,0.02102857430138516,0.47368421052631576
2025-11-06,新能源/汽车,0,,
2025-11-06,消费/零售,30,-0.014845880068429832,0.5333333333333333
2025-11-06,生物科技/医药,26,-0.03557967327260578,0.5384615384615384
2025-11-06,金融,3,-0.033472781051728434,0.3333333333333333
2025-11-07,TMT/互联网,19,0.00208391910564532,0.5263157894736842
2025-11-07,其他,1,,0.0
2025-11-07,地产/建筑,0,,
2025-11-07,工业/制造,19,0.02102857430138516,0.47368421052631576
2025-11-07,新能源/汽车,0,,
2025-11-07,消费/零售,30,-0.014845880068429832,0.5333333333333333
2025-11-07,生物科技/医药,26,-0.03557967327260578,0.5384615384615384
2025-11-07,金融,3,-0.033472781051728434,0.3333333333333333
2025-11-08,TMT/互联网,19,0.00208391910564532,0.5263157894736842
2025-11-08,其他,1,,0.0
2025-11-08,地产/建筑,0,,
2025-11-08,工业/制造,18,0.0072497384821499505,0.5
2025-11-08,新能源/汽车,0,,
2025-11-08,消费/零售,29,-0.015208746051113442,0.5172413793103449
2025-11-08,生物科技/医药,26,-0.03557967327260578,0.5384615384615384
2025-11-08,金融,3,-0.033472781051728434,0.3333333333333333
2025-11-09,TMT/互联网,19,0.00208391910564532,0.5263157894736842
2025-11-09,其他,1,,0.0
2025-11-09,地产/建筑,0,,
2025-11-09,工业/制造,18,0.0072497384821499505,0.5
2025-11-09,新能源/汽车,0,,
2025-11-09,消费/零售,29,-0.015208746051113442,0.5172413793103449
2025-11-09,生物科技/医药,26,-0.03557967327260578,0.5384615384615384
2025-11-09,金融,3,-0.033472781051728434,0.3333333333333333
2025-11-10,TMT/互联网,19,0.00208391910564532,0.5263157894736842
2025-11-10,其他,1,,0.0
2025-11-10,地产/建筑,0,,
2025-11-10,工业/制造,18,0.0072497384821499505,0.5
2025-11-10,新能源/汽车,0,,
2025-11-10,消费/零售,30,-0.016588580302239843,0.5333333333333333
2025-11-10,生物科技/医药,26,-0.03557967327260578,0.5384615384615384
2025-11-10,金融,3,-0.033472781051728434,0.3333333333333333
2025-11-11,TMT/互联网,19,0.00208391910564532,0.5263157894736842
2025-11-11,其他,1,,0.0
2025-11-11,地产/建筑,0,,
2025-11-11,工业/制造,18,0.0072497384821499505,0.5
2025-11-11,新能源/汽车,0,,
2025-11-11,消费/零售,30,-0.016588580302239843,0.5333333333333333
2025-11-11,生物科技/医药,26,-0.03557967327260578,0.5384615384615384
2025-11-11,金融,3,-0.033472781051728434,0.3333333333333333
2025-11-12,TMT/互联网,19,0.00208391910564532,0.5263157894736842
2025-11-12,其他,1,,0.0
2025-11-12,地产/建筑,0,,
2025-11-12,工业/制造,18,0.0072497384821499505,0.5
2025-11-12,新能源/汽车,0,,
2025-11-12,消费/零售,30,-0.016588580302239843,0.5333333333333333
2025-11-12,生物科技/医药,26,-0.03557967327260578,0.5384615384615384
2025-11-12,金融,3,-0.033472781051728434,0.3333333333333333
2025-11-13,TMT/互联网,19,0.00208391910564532,0.5263157894736842
2025-11-13,其他,1,,0.0
2025-11-13,地产/建筑,0,,
2025-11-13,工业/制造,18,0.0072497384821499505,0.5
2025-11-13,新能源/汽车,0,,
2025-11-13,消费/零售,30,-0.016588580302239843,0.5333333333333333
2025-11-13,生物科技/医药,26,-0.03557967327260578,0.5384615384615384
2025-11-13,金融,3,-0.033472781051728434,0.3333333333333333
2025-11-14,TMT/互联网,19,0.00208391910564532,0.5263157894736842
2025-11-14,其他,1,,0.0
2025-11-14,地产/建筑,0,,
2025-11-14,工业/制造,18,0.0072497384821499505,0.5
2025-11-14,新能源/汽车,0,,
2025-11-14,消费/零售,30,-0.016588580302239843,0.5333333333333333
2025-11-14,生物科技/医药,26,-0.03557967327260578,0.5384615384615384
2025-11-14,金融,3,-0.033472781051728434,0.3333333333333333
2025-11-15,TMT/互联网,19,0.00208391910564532,0.5263157894736842
2025-11-15,其他,1,,0.0
2025-11-15,地产/建筑,0,,
2025-11-15,工业/制造,17,0.010749598018338163,0.47058823529411764
2025-11-15,新能源/汽车,0,,
2025-11-15,消费/零售,30,-0.016588580302239843,0.5333333333333333
2025-11-15,生物科技/医药,26,-0.03557967327260578,0.5384615384615384
2025-11-15,金融,3,-0.033472781051728434,0.3333333333333333
2025-11-16,TMT/互联网,19,0.00208391910564532,0.5263157894736842
2025-11-16,其他,1,,0.0
2025-11-16,地产/建筑,0,,
2025-11-16,工业/制造,17,0.010749598018338163,0.47058823529411764
2025-11-16,新能源/汽车,0,,
2025-11-16,消费/零售,30,-0.016588580302239843,0.5333333333333333
2025-11-16,生物科技/医药,26,-0.03557967327260578,0.5384615384615384
2025-11-16,金融,3,-0.033472781051728434,0.3333333333333333
2025-11-17,TMT/互联网,19,0.00208391910564532,0.5263157894736842
2025-11-17,其他,1,,0.0
2025-11-17,地产/建筑,0,,
2025-11-17,工业/制造,18,0.010087038651306312,0.5
2025-11-17,新能源/汽车,0,,
2025-11-17,消费/零售,30,-0.016588580302239843,0.5333333333333333
2025-11-17,生物科技/医药,26,-0.03557967327260578,0.5384615384615384
2025-11-17,金融,3,-0.033472781051728434,0.3333333333333333
2025-11-18,TMT/互联网,19,0.00208391910564532,0.5263157894736842
2025-11-18,其他,1,,0.0
2025-11-18,地产/建筑,0,,
2025-11-18,工业/制造,18,0.010087038651306312,0.5
2025-11-18,新能源/汽车,0,,
2025-11-18,消费/零售,30,-0.016588580302239843,0.5333333333333333
2025-11-18,生物科技/医药,26,-0.03557967327260578,0.5384615384615384
2025-11-18,金融,3,-0.033472781051728434,0.3333333333333333
2025-11-19,TMT/互联网,19,0.00208391910564532,0.5263157894736842
2025-11-19,其他,1,,0.0
2025-11-19,地产/建筑,0,,
2025-11-19,工业/制造,18,0.010087038651306312,0.5
2025-11-19,新能源/汽车,0,,
2025-11-19,消费/零售,30,-0.016588580302239843,0.5333333333333333
2025-11-19,生物科技/医药,26,-0.03557967327260578,0.5384615384615384
2025-11-19,金融,3,-0.033472781051728434,0.3333333333333333
2025-11-20,TMT/互联网,19,0.00208391910564532,0.5263157894736842
2025-11-20,其他,1,,0.0
2025-11-20,地产/建筑,0,,
2025-11-20,工业/制造,18,0.010087038651306312,0.5
2025-11-20,新能源/汽车,0,,
2025-11-20,消费/零售,30,-0.016588580302239843,0.5333333333333333
2025-11-20,生物科技/医药,26,-0.03557967327260578,0.5384615384615384
2025-11-20,金融,3,-0.033472781051728434,0.3333333333333333
2025-11-21,TMT/互联网,19,0.00208391910564532,0.5263157894736842
2025-11-21,其他,1,,0.0
2025-11-21,地产/建筑,0,,
2025-11-21,工业/制造,18,0.010087038651306312,0.5
2025-11-21,新能源/汽车,0,,
2025-11-21,消费/零售,30,-0.016588580302239843,0.5333333333333333
2025-11-21,生物科技/医药,26,-0.03557967327260578,0.5384615384615384
2025-11-21,金融,3,-0.033472781051728434,0.3333333333333333
2025-11-22,TMT/互联网,19,0.00208391910564532,0.5263157894736842
2025-11-22,其他,1,,0.0
2025-11-22,地产/建筑,0,,
2025-11-22,工业/制造,18,0.010087038651306312,0.5
2025-11-22,新能源/汽车,0,,
2025-11-22,消费/零售,30,-0.016588580302239843,0.5333333333333333
2025-11-22,生物科技/医药,26,-0.03557967327260578,0.5384615384615384
2025-11-22,金融,3,-0.033472781051728434,0.3333333333333333
2025-11-23,TMT/互联网,19,0.00208391910564532,0.5263157894736842
2025-11-23,其他,1,,0.0
2025-11-23,地产/建筑,0,,
2025-11-23,工业/制造,18,0.010087038651306312,0.5
2025-11-23,新能源/汽车,0,,
2025-11-23,消费/零售,30,-0.016588580302239843,0.5333333333333333
2025-11-23,生物科技/医药,26,-0.03557967327260578,0.5384615384615384
2025-11-23,金融,3,-0.033472781051728434,0.3333333333333333
2025-11-24,TMT/互联网,19,0.00208391910564532,0.5263157894736842
2025-11-24,其他,1,,0.0
2025-11-24,地产/建筑,0,,
2025-11-24,工业/制造,19,0.007443953514533964,0.5263157894736842
2025-11-24,新能源/汽车,0,,
2025-11-24,消费/零售,30,-0.016588580302239843,0.5333333333333333
2025-11-24,生物科技/医药,26,-0.03557967327260578,0.5384615384615384
2025-11-24,金融,3,-0.033472781051728434,0.3333333333333333
2025-11-25,TMT/互联网,19,0.00208391910564532,0.5263157894736842
2025-11-25,其他,1,,0.0
2025-11-25,地产/建筑,0,,
2025-11-25,工业/制造,19,0.007443953514533964,0.5263157894736842
2025-11-25,新能源/汽车,0,,
2025-11-25,消费/零售,30,-0.016588580302239843,0.5333333333333333
2025-11-25,生物科技/医药,26,-0.03557967327260578,0.5384615384615384
2025-11-25,金融,3,-0.033472781051728434,0.3333333333333333
2025-11-26,TMT/互联网,19,0.00208391910564532,0.5263157894736842
2025-11-26,其他,1,,0.0
2025-11-26,地产/建筑,0,,
2025-11-26,工业/制造,19,0.007443953514533964,0.5263157894736842
2025-11-26,新能源/汽车,0,,
2025-11-26,消费/零售,30,-0.016588580302239843,0.5333333333333333
2025-11-26,生物科技/医药,26,-0.03557967327260578,0.5384615384615384
2025-11-26,金融,3,-0.033472781051728434,0.3333333333333333
2025-11-27,TMT/互联网,19,0.00208391910564532,0.5263157894736842
2025-11-27,其他,1,,0.0
2025-11-27,地产/建筑,0,,
2025-11-27,工业/制造,18,0.007857506487563625,0.5555555555555556
2025-11-27,新能源/汽车,0,,
2025-11-27,消费/零售,31,-0.025358675726733337,0.5483870967741935
2025-11-27,生物科技/医药,26,-0.03557967327260578,0.5384615384615384
2025-11-27,金融,3,-0.033472781051728434,0.3333333333333333
2025-11-28,TMT/互联网,19,0.00208391910564532,0.5263157894736842
2025-11-28,其他,1,,0.0
2025-11-28,地产/建筑,0,,
2025-11-28,工业/制造,19,-0.002302635179423155,0.5789473684210527
2025-11-28,新能源/汽车,0,,
2025-11-28,消费/零售,31,-0.025358675726733337,0.5483870967741935
2025-11-28,生物科技/医药,25,-0.03780286020351001,0.56
2025-11-28,金融,3,-0.033472781051728434,0.3333333333333333
2025-11-29,TMT/互联网,19,0.00208391910564532,0.5263157894736842
2025-11-29,其他,1,,0.0
2025-11-29,地产/建筑,0,,
2025-11-29,工业/制造,19,-0.002302635179423155,0.5789473684210527
2025-11-29,新能源/汽车,0,,
2025-11-29,消费/零售,30,-0.027270631584291116,0.5666666666666667
2025-11-29,生物科技/医药,25,-0.03780286020351001,0.56
2025-11-29,金融,3,-0.033472781051728434,0.3333333333333333
2025-11-30,TMT/互联网,19,0.00208391910564532,0.5263157894736842
2025-11-30,其他,1,,0.0
2025-11-30,地产/建筑,0,,
2025-11-30,工业/制造,19,-0.002302635179423155,0.5789473684210527
2025-11-30,新能源/汽车,0,,
2025-11-30,消费/零售,30,-0.027270631584291116,0.5666666666666667
2025-11-30,生物科技/医药,25,-0.03780286020351001,0.56
2025-11-30,金融,3,-0.033472781051728434,0.3333333333333333
2025-12-01,TMT/互联网,19,0.00208391910564532,0.5263157894736842
2025-12-01,其他,1,,0.0
2025-12-01,地产/建筑,0,,
2025-12-01,工业/制造,19,-0.002302635179423155,0.5789473684210527
2025-12-01,新能源/汽车,0,,
2025-12-01,消费/零售,30,-0.027270631584291116,0.5666666666666667
2025-12-01,生物科技/医药,25,-0.03780286020351001,0.56
2025-12-01,金融,3,-0.033472781051728434,0.3333333333333333
2025-12-02,TMT/互联网,19,0.00208391910564532,0.5263157894736842
2025-12-02,其他,1,,0.0
2025-12-02,地产/建筑,0,,
2025-12-02,工业/制造,19,-0.002302635179423155,0.5789473684210527
2025-12-02,新能源/汽车,0,,
2025-12-02,消费/零售,30,-0.027270631584291116,0.5666666666666667
2025-12-02,生物科技/医药,25,-0.03780286020351001,0.56
2025-12-02,金融,3,-0.033472781051728434,0.3333333333333333
2025-12-03,TMT/互联网,19,0.00208391910564532,0.5263157894736842
2025-12-03,其他,1,,0.0
2025-12-03,地产/建筑,0,,
2025-12-03,工业/制造,20,-0.012079976538731567,0.6
2025-12-03,新能源/汽车,0,,
2025-12-03,消费/零售,31,-0.03151837305847368,0.5806451612903226
2025-12-03,生物科技/医药,25,-0.03780286020351001,0.56
2025-12-03,金融,3,-0.033472781051728434,0.3333333333333333
2025-12-04,TMT/互联网,19,0.00208391910564532,0.5263157894736842
2025-12-04,其他,1,,0.0
2025-12-04,地产/建筑,0,,
2025-12-04,工业/制造,20,-0.012079976538731567,0.6
2025-12-04,新能源/汽车,0,,
2025-12-04,消费/零售,31,-0.03151837305847368,0.5806451612903226
2025-12-04,生物科技/医药,25,-0.03780286020351001,0.56
2025-12-04,金融,3,-0.033472781051728434,0.3333333333333333
2025-12-05,TMT/互联网,20,0.0052691968345735755,0.5
2025-12-05,其他,1,,0.0
2025-12-05,地产/建筑,0,,
2025-12-05,工业/制造,20,-0.012079976538731567,0.6
2025-12-05,新能源/汽车,0,,
2025-12-05,消费/零售,32,-0.030033423900396376,0.5625
2025-12-05,生物科技/医药,25,-0.03780286020351001,0.56
2025-12-05,金融,3,-0.033472781051728434,0.3333333333333333
2025-12-06,TMT/互联网,19,0.02470732822266537,0.47368421052631576
2025-12-06,其他,1,,0.0
2025-12-06,地产/建筑,0,,
2025-12-06,工业/制造,19,-0.012079520035468028,0.5789473684210527
2025-12-06,新能源/汽车,0,,
2025-12-06,消费/零售,32,-0.030033423900396376,0.5625
2025-12-06,生物科技/医药,25,-0.03780286020351001,0.56
2025-12-06,金融,3,-0.033472781051728434,0.3333333333333333
2025-12-07,TMT/互联网,19,0.02470732822266537,0.47368421052631576
2025-12-07,其他,1,,0.0
2025-12-07,地产/建筑,0,,
2025-12-07,工业/制造,19,-0.012079520035468028,0.5789473684210527
2025-12-07,新能源/汽车,0,,
2025-12-07,消费/零售,32,-0.030033423900396376,0.5625
2025-12-07,生物科技/医药,25,-0.03780286020351001,0.56
2025-12-07,金融,3,-0.033472781051728434,0.3333333333333333
2025-12-08,TMT/互联网,21,0.04468083383061039,0.47619047619047616
2025-12-08,其他,1,,0.0
2025-12-08,地产/建筑,0,,
2025-12-08,工业/制造,19,-0.012079520035468028,0.5789473684210527
2025-12-08,新能源/汽车,0,,
2025-12-08,消费/零售,32,-0.030033423900396376,0.5625
2025-12-08,生物科技/医药,25,-0.03780286020351001,0.56
2025-12-08,金融,3,-0.033472781051728434,0.3333333333333333
2025-12-09,TMT/互联网,21,0.04468083383061039,0.47619047619047616
2025-12-09,其他,1,,0.0
2025-12-09,地产/建筑,0,,
2025-12-09,工业/制造,19,-0.012079520035468028,0.5789473684210527
2025-12-09,新能源/汽车,0,,
2025-12-09,消费/零售,32,-0.030033423900396376,0.5625
2025-12-09,生物科技/医药,25,-0.03780286020351001,0.56
2025-12-09,金融,3,-0.033472781051728434,0.3333333333333333
2025-12-10,TMT/互联网,21,0.04468083383061039,0.47619047619047616
2025-12-10,其他,1,,0.0
2025-12-10,地产/建筑,0,,
2025-12-10,工业/制造,19,-0.012079520035468028,0.5789473684210527
2025-12-10,新能源/汽车,0,,
2025-12-10,消费/零售,32,-0.030033423900396376,0.5625
2025-12-10,生物科技/医药,25,-0.040305266697140386,0.56
2025-12-10,金融,3,-0.033472781051728434,0.3333333333333333
2025-12-11,TMT/互联网,21,0.04468083383061039,0.47619047619047616
2025-12-11,其他,1,,0.0
2025-12-11,地产/建筑,0,,
2025-12-11,工业/制造,20,-0.007244774802925402,0.55
2025-12-11,新能源/汽车,0,,
2025-12-11,消费/零售,32,-0.030033423900396376,0.5625
2025-12-11,生物科技/医药,25,-0.040305266697140386,0.56
2025-12-11,金融,3,-0.033472781051728434,0.3333333333333333
2025-12-12,TMT/互联网,21,0.04468083383061039,0.47619047619047616
2025-12-12,其他,1,,0.0
2025-12-12,地产/建筑,0,,
2025-12-12,工业/制造,20,-0.007244774802925402,0.55
2025-12-12,新能源/汽车,0,,
2025-12-12,消费/零售,32,-0.030033423900396376,0.5625
2025-12-12,生物科技/医药,25,-0.040305266697140386,0.56
2025-12-12,金融,3,-0.033472781051728434,0.3333333333333333
2025-12-13,TMT/互联网,21,0.04468083383061039,0.47619047619047616
2025-12-13,其他,1,,0.0
2025-12-13,地产/建筑,0,,
2025-12-13,工业/制造,20,-0.007244774802925402,0.55
2025-12-13,新能源/汽车,0,,
2025-12-13,消费/零售,32,-0.030033423900396376,0.5625
2025-12-13,生物科技/医药,25,-0.040305266697140386,0.56
2025-12-13,金融,3,-0.033472781051728434,0.3333333333333333
2025-12-14,TMT/互联网,21,0.04468083383061039,0.47619047619047616
2025-12-14,其他,1,,0.0
2025-12-14,地产/建筑,0,,
2025-12-14,工业/制造,20,-0.007244774802925402,0.55
2025-12-14,新能源/汽车,0,,
2025-12-14,消费/零售,32,-0.030033423900396376,0.5625
2025-12-14,生物科技/医药,25,-0.040305266697140386,0.56
2025-12-14,金融,3,-0.033472781051728434,0.3333333333333333
2025-12-15,TMT/互联网,21,0.04468083383061039,0.47619047619047616
2025-12-15,其他,1,,0.0
2025-12-15,地产/建筑,0,,
2025-12-15,工业/制造,20,-0.007244774802925402,0.55
2025-12-15,新能源/汽车,0,,
2025-12-15,消费/零售,32,-0.030033423900396376,0.5625
2025-12-15,生物科技/医药,25,-0.040305266697140386,0.56
2025-12-15,金融,3,-0.033472781051728434,0.3333333333333333
2025-12-16,TMT/互联网,21,0.04468083383061039,0.47619047619047616
2025-12-16,其他,1,,0.0
2025-12-16,地产/建筑,0,,
2025-12-16,工业/制造,21,0.00036838489946953924,0.5238095238095238
2025-12-16,新能源/汽车,0,,
2025-12-16,消费/零售,32,-0.030033423900396376,0.5625
2025-12-16,生物科技/医药,25,-0.040305266697140386,0.56
2025-12-16,金融,3,-0.033472781051728434,0.3333333333333333
2025-12-17,TMT/互联网,21,0.04468083383061039,0.47619047619047616
2025-12-17,其他,1,,0.0
2025-12-17,地产/建筑,0,,
2025-12-17,工业/制造,21,0.00036838489946953924,0.5238095238095238
2025-12-17,新能源/汽车,0,,
2025-12-17,消费/零售,32,-0.030033423900396376,0.5625
2025-12-17,生物科技/医药,25,-0.040305266697140386,0.56
2025-12-17,金融,4,-0.02622398877387095,0.5
2025-12-18,TMT/互联网,21,0.04468083383061039,0.47619047619047616
2025-12-18,其他,1,,0.0
2025-12-18,地产/建筑,0,,
2025-12-18,工业/制造,21,0.00036838489946953924,0.5238095238095238
2025-12-18,新能源/汽车,0,,
2025-12-18,消费/零售,32,-0.030033423900396376,0.5625
2025-12-18,生物科技/医药,25,-0.040305266697140386,0.56
2025-12-18,金融,4,-0.02622398877387095,0.5
2025-12-19,TMT/互联网,21,0.04468083383061039,0.47619047619047616
2025-12-19,其他,1,,0.0
2025-12-19,地产/建筑,0,,
2025-12-19,工业/制造,23,-0.014471728264887383,0.5652173913043478
2025-12-19,新能源/汽车,0,,
2025-12-19,消费/零售,32,-0.030033423900396376,0.5625
2025-12-19,生物科技/医药,24,-0.03709836993816373,0.5416666666666666
2025-12-19,金融,4,-0.02622398877387095,0.5
2025-12-20,TMT/互联网,21,0.04468083383061039,0.47619047619047616
2025-12-20,其他,1,,0.0
2025-12-20,地产/建筑,0,,
2025-12-20,工业/制造,23,-0.014471728264887383,0.5652173913043478
2025-12-20,新能源/汽车,0,,
2025-12-20,消费/零售,31,-0.03336783542406508,0.5806451612903226
2025-12-20,生物科技/医药,24,-0.03709836993816373,0.5416666666666666
2025-12-20,金融,4,-0.02622398877387095,0.5
2025-12-21,TMT/互联网,21,0.04468083383061039,0.47619047619047616
2025-12-21,其他,1,,0.0
2025-12-21,地产/建筑,0,,
2025-12-21,工业/制造,23,-0.014471728264887383,0.5652173913043478
2025-12-21,新能源/汽车,0,,
2025-12-21,消费/零售,31,-0.03336783542406508,0.5806451612903226
2025-12-21,生物科技/医药,24,-0.03709836993816373,0.5416666666666666
2025-12-21,金融,4,-0.02622398877387095,0.5
2025-12-22,TMT/互联网,21,0.04468083383061039,0.47619047619047616
2025-12-22,其他,1,,0.0
2025-12-22,地产/建筑,0,,
2025-12-22,工业/制造,23,-0.014471728264887383,0.5652173913043478
2025-12-22,新能源/汽车,0,,
2025-12-22,消费/零售,32,-0.04123996786767653,0.59375
2025-12-22,生物科技/医药,26,-0.05251501785825948,0.5769230769230769
2025-12-22,金融,5,-0.02163636517024682,0.6
2025-12-23,TMT/互联网,21,0.054141726342140505,0.42857142857142855
2025-12-23,其他,1,,0.0
2025-12-23,地产/建筑,0,,
2025-12-23,工业/制造,23,-0.014471728264887383,0.5652173913043478
2025-12-23,新能源/汽车,0,,
2025-12-23,消费/零售,33,-0.03471754459895905,0.5757575757575758
2025-12-23,生物科技/医药,27,-0.06556425018415503,0.5925925925925926
2025-12-23,金融,5,-0.02163636517024682,0.6
2025-12-24,TMT/互联网,21,0.054141726342140505,0.42857142857142855
2025-12-24,其他,1,,0.0
2025-12-24,地产/建筑,0,,
2025-12-24,工业/制造,23,-0.014471728264887383,0.5652173913043478
2025-12-24,新能源/汽车,0,,
2025-12-24,消费/零售,33,-0.03471754459895905,0.5757575757575758
2025-12-24,生物科技/医药,27,-0.06556425018415503,0.5925925925925926
2025-12-24,金融,5,-0.02163636517024682,0.6
2025-12-25,TMT/互联网,21,0.054141726342140505,0.42857142857142855
2025-12-25,其他,1,,0.0
2025-12-25,地产/建筑,0,,
2025-12-25,工业/制造,23,-0.014471728264887383,0.5652173913043478
2025-12-25,新能源/汽车,0,,
2025-12-25,消费/零售,33,-0.03471754459895905,0.5757575757575758
2025-12-25,生物科技/医药,27,-0.06556425018415503,0.5925925925925926
2025-12-25,金融,5,-0.02163636517024682,0.6
2025-12-26,TMT/互联网,21,0.054141726342140505,0.42857142857142855
2025-12-26,其他,1,,0.0
2025-12-26,地产/建筑,0,,
2025-12-26,工业/制造,23,-0.014471728264887383,0.5652173913043478
2025-12-26,新能源/汽车,0,,
2025-12-26,消费/零售,33,-0.03471754459895905,0.5757575757575758
2025-12-26,生物科技/医药,27,-0.06556425018415503,0.5925925925925926
2025-12-26,金融,5,-0.02163636517024682,0.6
2025-12-27,TMT/互联网,20,0.05469827502483895,0.45
2025-12-27,其他,1,,0.0
2025-12-27,地产/建筑,0,,
2025-12-27,工业/制造,23,-0.014471728264887383,0.5652173913043478
2025-12-27,新能源/汽车,0,,
2025-12-27,消费/零售,33,-0.03471754459895905,0.5757575757575758
2025-12-27,生物科技/医药,27,-0.06556425018415503,0.5925925925925926
2025-12-27,金融,5,-0.02163636517024682,0.6
2025-12-28,TMT/互联网,20,0.05469827502483895,0.45
2025-12-28,其他,1,,0.0
2025-12-28,地产/建筑,0,,
2025-12-28,工业/制造,23,-0.014471728264887383,0.5652173913043478
2025-12-28,新能源/汽车,0,,
2025-12-28,消费/零售,33,-0.03471754459895905,0.5757575757575758
2025-12-28,生物科技/医药,27,-0.06556425018415503,0.5925925925925926
2025-12-28,金融,5,-0.02163636517024682,0.6
2025-12-29,TMT/互联网,20,0.05469827502483895,0.45
2025-12-29,其他,1,,0.0
2025-12-29,地产/建筑,0,,
2025-12-29,工业/制造,23,-0.014471728264887383,0.5652173913043478
2025-12-29,新能源/汽车,0,,
2025-12-29,消费/零售,33,-0.03471754459895905,0.5757575757575758
2025-12-29,生物科技/医药,27,-0.06556425018415503,0.5925925925925926
2025-12-29,金融,5,-0.02163636517024682,0.6
2025-12-30,TMT/互联网,21,0.058855301693595236,0.42857142857142855
2025-12-30,其他,1,,0.0
2025-12-30,地产/建筑,1,-0.069427527405603,1.0
2025-12-30,工业/制造,23,-0.014471728264887383,0.5652173913043478
2025-12-30,新能源/汽车,0,,
2025-12-30,消费/零售,34,-0.033676513676193565,0.5588235294117647
2025-12-30,生物科技/医药,27,-0.07238442377024736,0.5925925925925926
2025-12-30,金融,5,-0.02163636517024682,0.6
2025-12-31,TMT/互联网,21,0.058855301693595236,0.42857142857142855
2025-12-31,其他,1,,0.0
2025-12-31,地产/建筑,1,-0.069427527405603,1.0
2025-12-31,工业/制造,23,-0.014471728264887383,0.5652173913043478
2025-12-31,新能源/汽车,0,,
2025-12-31,消费/零售,34,-0.033676513676193565,0.5588235294117647
2025-12-31,生物科技/医药,27,-0.07238442377024736,0.5925925925925926
2025-12-31,金融,5,-0.02163636517024682,0.6
2026-01-01,TMT/互联网,21,0.058855301693595236,0.42857142857142855
2026-01-01,其他,1,,0.0
2026-01-01,地产/建筑,1,-0.069427527405603,1.0
2026-01-01,工业/制造,23,-0.014471728264887383,0.5652173913043478
2026-01-01,新能源/汽车,0,,
2026-01-01,消费/零售,34,-0.033676513676193565,0.5588235294117647
2026-01-01,生物科技/医药,27,-0.07238442377024736,0.5925925925925926
2026-01-01,金融,5,-0.02163636517024682,0.6
2026-01-02,TMT/互联网,22,0.054601247364003506,0.45454545454545453
2026-01-02,其他,1,,0.0
2026-01-02,地产/建筑,1,-0.069427527405603,1.0
2026-01-02,工业/制造,23,-0.014471728264887383,0.5652173913043478
2026-01-02,新能源/汽车,0,,
2026-01-02,消费/零售,34,-0.033676513676193565,0.5588235294117647
2026-01-02,生物科技/医药,27,-0.07238442377024736,0.5925925925925926
2026-01-02,金融,5,-0.02163636517024682,0.6
2026-01-03,TMT/互联网,22,0.054601247364003506,0.45454545454545453
2026-01-03,其他,1,,0.0
2026-01-03,地产/建筑,1,-0.069427527405603,1.0
2026-01-03,工业/制造,23,-0.014471728264887383,0.5652173913043478
2026-01-03,新能源/汽车,0,,
2026-01-03,消费/零售,34,-0.033676513676193565,0.5588235294117647
2026-01-03,生物科技/医药,27,-0.07238442377024736,0.5925925925925926
2026-01-03,金融,5,-0.02163636517024682,0.6
2026-01-04,TMT/互联网,22,0.054601247364003506,0.45454545454545453
2026-01-04,其他,1,,0.0
2026-01-04,地产/建筑,1,-0.069427527405603,1.0
2026-01-04,工业/制造,23,-0.014471728264887383,0.5652173913043478
2026-01-04,新能源/汽车,0,,
2026-01-04,消费/零售,34,-0.033676513676193565,0.5588235294117647
2026-01-04,生物科技/医药,27,-0.07238442377024736,0.5925925925925926
2026-01-04,金融,5,-0.02163636517024682,0.6
2026-01-05,TMT/互联网,22,0.054601247364003506,0.45454545454545453
2026-01-05,其他,1,,0.0
2026-01-05,地产/建筑,1,-0.069427527405603,1.0
2026-01-05,工业/制造,23,-0.014471728264887383,0.5652173913043478
2026-01-05,新能源/汽车,0,,
2026-01-05,消费/零售,34,-0.033676513676193565,0.5588235294117647
2026-01-05,生物科技/医药,27,-0.07238442377024736,0.5925925925925926
2026-01-05,金融,5,-0.02163636517024682,0.6
2026-01-06,TMT/互联网,22,0.054601247364003506,0.45454545454545453
2026-01-06,其他,1,,0.0
2026-01-06,地产/建筑,1,-0.069427527405603,1.0
2026-01-06,工业/制造,23,-0.014471728264887383,0.5652173913043478
2026-01-06,新能源/汽车,0,,
2026-01-06,消费/零售,34,-0.033676513676193565,0.5588235294117647
2026-01-06,生物科技/医药,27,-0.07238442377024736,0.5925925925925926
2026-01-06,金融,5,-0.02163636517024682,0.6
2026-01-07,TMT/互联网,22,0.054601247364003506,0.45454545454545453
2026-01-07,其他,1,,0.0
2026-01-07,地产/建筑,1,-0.069427527405603,1.0
2026-01-07,工业/制造,23,-0.014471728264887383,0.5652173913043478
2026-01-07,新能源/汽车,0,,
2026-01-07,消费/零售,34,-0.033676513676193565,0.5588235294117647
2026-01-07,生物科技/医药,27,-0.07238442377024736,0.5925925925925926
2026-01-07,金融,5,-0.02163636517024682,0.6
2026-01-08,TMT/互联网,24,0.04672733952636179,0.4583333333333333
2026-01-08,其他,1,,0.0
2026-01-08,地产/建筑,1,-0.069427527405603,1.0
2026-01-08,工业/制造,23,-0.014471728264887383,0.5652173913043478
2026-01-08,新能源/汽车,0,,
2026-01-08,消费/零售,34,-0.033676513676193565,0.5588235294117647
2026-01-08,生物科技/医药,27,-0.07515625550302234,0.6296296296296297
2026-01-08,金融,5,-0.02163636517024682,0.6
2026-01-09,TMT/互联网,25,0.06348186531659024,0.44
2026-01-09,其他,1,,0.0
2026-01-09,地产/建筑,1,-0.069427527405603,1.0
2026-01-09,工业/制造,22,-0.009359857639052184,0.5454545454545454
2026-01-09,新能源/汽车,0,,
2026-01-09,消费/零售,34,-0.033676513676193565,0.5588235294117647
2026-01-09,生物科技/医药,28,-0.06909115113981916,0.6071428571428571
2026-01-09,金融,5,-0.02163636517024682,0.6
2026-01-10,TMT/互联网,25,0.06348186531659024,0.44
2026-01-10,其他,1,,0.0
2026-01-10,地产/建筑,1,-0.069427527405603,1.0
2026-01-10,工业/制造,22,-0.009359857639052184,0.5454545454545454
2026-01-10,新能源/汽车,0,,
2026-01-10,消费/零售,33,-0.027895421522607756,0.5454545454545454
2026-01-10,生物科技/医药,27,-0.06696185012718235,0.5925925925925926
2026-01-10,金融,5,-0.02163636517024682,0.6
2026-01-11,TMT/互联网,25,0.06348186531659024,0.44
2026-01-11,其他,1,,0.0
2026-01-11,地产/建筑,1,-0.069427527405603,1.0
2026-01-11,工业/制造,22,-0.009359857639052184,0.5454545454545454
2026-01-11,新能源/汽车,0,,
2026-01-11,消费/零售,33,-0.027895421522607756,0.5454545454545454
2026-01-11,生物科技/医药,27,-0.06696185012718235,0.5925925925925926
2026-01-11,金融,5,-0.02163636517024682,0.6
2026-01-12,TMT/互联网,26,0.0659547850266359,0.4230769230769231
2026-01-12,其他,1,,0.0
2026-01-12,地产/建筑,1,-0.069427527405603,1.0
2026-01-12,工业/制造,22,-0.009359857639052184,0.5454545454545454
2026-01-12,新能源/汽车,0,,
2026-01-12,消费/零售,33,-0.027895421522607756,0.5454545454545454
2026-01-12,生物科技/医药,27,-0.06696185012718235,0.5925925925925926
2026-01-12,金融,5,-0.02163636517024682,0.6
2026-01-13,TMT/互联网,27,0.06158924137316713,0.4444444444444444
2026-01-13,其他,1,,0.0
2026-01-13,地产/建筑,3,-0.4059673871286183,1.0
2026-01-13,工业/制造,22,-0.009359857639052184,0.5454545454545454
2026-01-13,新能源/汽车,0,,
2026-01-13,消费/零售,32,-0.02876715344518925,0.5625
2026-01-13,生物科技/医药,27,-0.06696185012718235,0.5925925925925926
2026-01-13,金融,4,-0.02897595839331045,0.75
2026-01-14,TMT/互联网,27,0.06158924137316713,0.4444444444444444
2026-01-14,其他,1,,0.0
2026-01-14,地产/建筑,3,-0.4059673871286183,1.0
2026-01-14,工业/制造,22,-0.009359857639052184,0.5454545454545454
2026-01-14,新能源/汽车,0,,
2026-01-14,消费/零售,32,-0.02876715344518925,0.5625
2026-01-14,生物科技/医药,27,-0.06696185012718235,0.5925925925925926
2026-01-14,金融,4,-0.02897595839331045,0.75
2026-01-15,TMT/互联网,26,0.06430507974871115,0.4230769230769231
2026-01-15,其他,1,,0.0
2026-01-15,地产/建筑,3,-0.4059673871286183,1.0
2026-01-15,工业/制造,22,-0.009359857639052184,0.5454545454545454
2026-01-15,新能源/汽车,0,,
2026-01-15,消费/零售,32,-0.02876715344518925,0.5625
2026-01-15,生物科技/医药,27,-0.06696185012718235,0.5925925925925926
2026-01-15,金融,4,-0.02897595839331045,0.75
2026-01-16,TMT/互联网,26,0.06430507974871115,0.4230769230769231
2026-01-16,其他,1,,0.0
2026-01-16,地产/建筑,3,-0.4059673871286183,1.0
2026-01-16,工业/制造,22,-0.009359857639052184,0.5454545454545454
2026-01-16,新能源/汽车,0,,
2026-01-16,消费/零售,32,-0.02876715344518925,0.5625
2026-01-16,生物科技/医药,27,-0.06696185012718235,0.5925925925925926
2026-01-16,金融,4,-0.02897595839331045,0.75
2026-01-17,TMT/互联网,26,0.06430507974871115,0.4230769230769231
2026-01-17,其他,1,,0.0
2026-01-17,地产/建筑,3,-0.4059673871286183,1.0
2026-01-17,工业/制造,22,-0.009359857639052184,0.5454545454545454
2026-01-17,新能源/汽车,0,,
2026-01-17,消费/零售,32,-0.02876715344518925,0.5625
2026-01-17,生物科技/医药,27,-0.06696185012718235,0.5925925925925926
2026-01-17,金融,4,-0.02897595839331045,0.75
2026-01-18,TMT/互联网,26,0.06430507974871115,0.4230769230769231
2026-01-18,其他,1,,0.0
2026-01-18,地产/建筑,3,-0.4059673871286183,1.0
2026-01-18,工业/制造,22,-0.009359857639052184,0.5454545454545454
2026-01-18,新能源/汽车,0,,
2026-01-18,消费/零售,32,-0.02876715344518925,0.5625
2026-01-18,生物科技/医药,27,-0.06696185012718235,0.5925925925925926
2026-01-18,金融,4,-0.02897595839331045,0.75
2026-01-19,TMT/互联网,26,0.06430507974871115,0.4230769230769231
2026-01-19,其他,1,,0.0
2026-01-19,地产/建筑,3,-0.4059673871286183,1.0
2026-01-19,工业/制造,22,-0.009359857639052184,0.5454545454545454
2026-01-19,新能源/汽车,0,,
2026-01-19,消费/零售,32,-0.02876715344518925,0.5625
2026-01-19,生物科技/医药,27,-0.06696185012718235,0.5925925925925926
2026-01-19,金融,4,-0.02897595839331045,0.75
2026-01-20,TMT/互联网,26,0.06430507974871115,0.4230769230769231
2026-01-20,其他,1,,0.0
2026-01-20,地产/建筑,3,-0.4059673871286183,1.0
2026-01-20,工业/制造,22,-0.009359857639052184,0.5454545454545454
2026-01-20,新能源/汽车,0,,
2026-01-20,消费/零售,32,-0.02876715344518925,0.5625
2026-01-20,生物科技/医药,27,-0.06696185012718235,0.5925925925925926
2026-01-20,金融,4,-0.02897595839331045,0.75
2026-01-21,TMT/互联网,26,0.06430507974871115,0.4230769230769231
2026-01-21,其他,1,,0.0
2026-01-21,地产/建筑,3,-0.4059673871286183,1.0
2026-01-21,工业/制造,22,-0.009359857639052184,0.5454545454545454
2026-01-21,新能源/汽车,0,,
2026-01-21,消费/零售,32,-0.02876715344518925,0.5625
2026-01-21,生物科技/医药,27,-0.06696185012718235,0.5925925925925926
2026-01-21,金融,4,-0.02897595839331045,0.75
2026-01-22,TMT/互联网,26,0.06430507974871115,0.4230769230769231
2026-01-22,其他,1,,0.0
2026-01-22,地产/建筑,3,-0.4059673871286183,1.0
2026-01-22,工业/制造,22,-0.009359857639052184,0.5454545454545454
2026-01-22,新能源/汽车,0,,
2026-01-22,消费/零售,32,-0.02876715344518925,0.5625
2026-01-22,生物科技/医药,27,-0.06696185012718235,0.5925925925925926
2026-01-22,金融,4,-0.02897595839331045,0.75
2026-01-23,TMT/互联网,26,0.06430507974871115,0.4230769230769231
2026-01-23,其他,1,,0.0
2026-01-23,地产/建筑,3,-0.4059673871286183,1.0
2026-01-23,工业/制造,22,-0.009359857639052184,0.5454545454545454
2026-01-23,新能源/汽车,0,,
2026-01-23,消费/零售,32,-0.02876715344518925,0.5625
2026-01-23,生物科技/医药,27,-0.06696185012718235,0.5925925925925926
2026-01-23,金融,4,-0.02897595839331045,0.75
2026-01-24,TMT/互联网,26,0.06430507974871115,0.4230769230769231
2026-01-24,其他,1,,0.0
2026-01-24,地产/建筑,3,-0.4059673871286183,1.0
2026-01-24,工业/制造,22,-0.009359857639052184,0.5454545454545454
2026-01-24,新能源/汽车,0,,
2026-01-24,消费/零售,32,-0.02876715344518925,0.5625
2026-01-24,生物科技/医药,27,-0.06696185012718235,0.5925925925925926
2026-01-24,金融,4,-0.02897595839331045,0.75
2026-01-25,TMT/互联网,26,0.06430507974871115,0.4230769230769231
2026-01-25,其他,1,,0.0
2026-01-25,地产/建筑,3,-0.4059673871286183,1.0
2026-01-25,工业/制造,22,-0.009359857639052184,0.5454545454545454
2026-01-25,新能源/汽车,0,,
2026-01-25,消费/零售,32,-0.02876715344518925,0.5625
2026-01-25,生物科技/医药,27,-0.06696185012718235,0.5925925925925926
2026-01-25,金融,4,-0.02897595839331045,0.75
2026-01-26,TMT/互联网,26,0.06430507974871115,0.4230769230769231
2026-01-26,其他,1,,0.0
2026-01-26,地产/建筑,3,-0.4059673871286183,1.0
2026-01-26,工业/制造,22,-0.009359857639052184,0.5454545454545454
2026-01-26,新能源/汽车,0,,
2026-01-26,消费/零售,32,-0.02876715344518925,0.5625
2026-01-26,生物科技/医药,27,-0.06696185012718235,0.5925925925925926
2026-01-26,金融,4,-0.02897595839331045,0.75
2026-01-27,TMT/互联网,26,0.06430507974871115,0.4230769230769231
2026-01-27,其他,1,,0.0
2026-01-27,地产/建筑,3,-0.4059673871286183,1.0
2026-01-27,工业/制造,22,-0.009359857639052184,0.5454545454545454
2026-01-27,新能源/汽车,0,,
2026-01-27,消费/零售,32,-0.02876715344518925,0.5625
2026-01-27,生物科技/医药,27,-0.06696185012718235,0.5925925925925926
2026-01-27,金融,4,-0.02897595839331045,0.75
2026-01-28,TMT/互联网,26,0.06430507974871115,0.4230769230769231
2026-01-28,其他,1,,0.0
2026-01-28,地产/建筑,3,-0.4059673871286183,1.0
2026-01-28,工业/制造,22,-0.009359857639052184,0.5454545454545454
2026-01-28,新能源/汽车,0,,
2026-01-28,消费/零售,32,-0.02876715344518925,0.5625
2026-01-28,生物科技/医药,27,-0.06696185012718235,0.5925925925925926
2026-01-28,金融,4,-0.02897595839331045,0.75
2026-01-29,TMT/互联网,26,0.06430507974871115,0.4230769230769231
2026-01-29,其他,1,,0.0
2026-01-29,地产/建筑,3,-0.4059673871286183,1.0
2026-01-29,工业/制造,22,-0.009359857639052184,0.5454545454545454
2026-01-29,新能源/汽车,0,,
2026-01-29,消费/零售,32,-0.02876715344518925,0.5625
2026-01-29,生物科技/医药,27,-0.06696185012718235,0.5925925925925926
2026-01-29,金融,4,-0.02897595839331045,0.75
2026-01-30,TMT/互联网,26,0.06430507974871115,0.4230769230769231
2026-01-30,其他,1,,0.0
2026-01-30,地产/建筑,3,-0.4059673871286183,1.0
2026-01-30,工业/制造,22,-0.009359857639052184,0.5454545454545454
2026-01-30,新能源/汽车,0,,
2026-01-30,消费/零售,32,-0.02876715344518925,0.5625
2026-01-30,生物科技/医药,27,-0.06696185012718235,0.5925925925925926
2026-01-30,金融,4,-0.02897595839331045,0.75
2026-01-31,TMT/互联网,26,0.06430507974871115,0.4230769230769231
2026-01-31,其他,1,,0.0
2026-01-31,地产/建筑,3,-0.4059673871286183,1.0
2026-01-31,工业/制造,22,-0.009359857639052184,0.5454545454545454
2026-01-31,新能源/汽车,0,,
2026-01-31,消费/零售,32,-0.02876715344518925,0.5625
2026-01-31,生物科技/医药,27,-0.06696185012718235,0.5925925925925926
2026-01-31,金融,4,-0.02897595839331045,0.75
2026-02-01,TMT/互联网,26,0.06430507974871115,0.4230769230769231
2026-02-01,其他,1,,0.0
2026-02-01,地产/建筑,3,-0.4059673871286183,1.0
2026-02-01,工业/制造,22,-0.009359857639052184,0.5454545454545454
2026-02-01,新能源/汽车,0,,
2026-02-01,消费/零售,32,-0.02876715344518925,0.5625
2026-02-01,生物科技/医药,27,-0.06696185012718235,0.5925925925925926
2026-02-01,金融,4,-0.02897595839331045,0.75
2026-02-02,TMT/互联网,26,0.06430507974871115,0.4230769230769231
2026-02-02,其他,1,,0.0
2026-02-02,地产/建筑,3,-0.4059673871286183,1.0
2026-02-02,工业/制造,22,-0.009359857639052184,0.5454545454545454
2026-02-02,新能源/汽车,0,,
2026-02-02,消费/零售,32,-0.02876715344518925,0.5625
2026-02-02,生物科技/医药,27,-0.06696185012718235,0.5925925925925926
2026-02-02,金融,4,-0.02897595839331045,0.75
2026-02-03,TMT/互联网,26,0.06430507974871115,0.4230769230769231
2026-02-03,其他,1,,0.0
2026-02-03,地产/建筑,3,-0.4059673871286183,1.0
2026-02-03,工业/制造,22,-0.009359857639052184,0.5454545454545454
2026-02-03,新能源/汽车,0,,
2026-02-03,消费/零售,32,-0.02876715344518925,0.5625
2026-02-03,生物科技/医药,27,-0.06696185012718235,0.5925925925925926
2026-02-03,金融,4,-0.02897595839331045,0.75
2026-02-04,TMT/互联网,26,0.06430507974871115,0.4230769230769231
2026-02-04,其他,1,,0.0
2026-02-04,地产/建筑,3,-0.4059673871286183,1.0
2026-02-04,工业/制造,22,-0.009359857639052184,0.5454545454545454
2026-02-04,新能源/汽车,0,,
2026-02-04,消费/零售,32,-0.02876715344518925,0.5625
2026-02-04,生物科技/医药,27,-0.06696185012718235,0.5925925925925926
2026-02-04,金融,4,-0.02897595839331045,0.75
2026-02-05,TMT/互联网,26,0.06430507974871115,0.4230769230769231
2026-02-05,其他,1,,0.0
2026-02-05,地产/建筑,3,-0.4059673871286183,1.0
2026-02-05,工业/制造,22,-0.009359857639052184,0.5454545454545454
2026-02-05,新能源/汽车,0,,
2026-02-05,消费/零售,32,-0.02876715344518925,0.5625
2026-02-05,生物科技/医药,27,-0.06696185012718235,0.5925925925925926
2026-02-05,金融,4,-0.02897595839331045,0.75
2026-02-06,TMT/互联网,26,0.06430507974871115,0.4230769230769231
2026-02-06,其他,1,,0.0
2026-02-06,地产/建筑,3,-0.4059673871286183,1.0
2026-02-06,工业/制造,22,-0.009359857639052184,0.5454545454545454
2026-02-06,新能源/汽车,0,,
2026-02-06,消费/零售,32,-0.02876715344518925,0.5625
2026-02-06,生物科技/医药,27,-0.06696185012718235,0.5925925925925926
2026-02-06,金融,4,-0.02897595839331045,0.75
2026-02-07,TMT/互联网,26,0.06430507974871115,0.4230769230769231
2026-02-07,其他,1,,0.0
2026-02-07,地产/建筑,3,-0.4059673871286183,1.0
2026-02-07,工业/制造,22,-0.009359857639052184,0.5454545454545454
2026-02-07,新能源/汽车,0,,
2026-02-07,消费/零售,32,-0.02876715344518925,0.5625
2026-02-07,生物科技/医药,27,-0.06696185012718235,0.5925925925925926
2026-02-07,金融,4,-0.02897595839331045,0.75
2026-02-08,TMT/互联网,26,0.06430507974871115,0.4230769230769231
2026-02-08,其他,1,,0.0
2026-02-08,地产/建筑,3,-0.4059673871286183,1.0
2026-02-08,工业/制造,22,-0.009359857639052184,0.5454545454545454
2026-02-08,新能源/汽车,0,,
2026-02-08,消费/零售,32,-0.02876715344518925,0.5625
2026-02-08,生物科技/医药,27,-0.06696185012718235,0.5925925925925926
2026-02-08,金融,4,-0.02897595839331045,0.75
2026-02-09,TMT/互联网,26,0.06430507974871115,0.4230769230769231
2026-02-09,其他,1,,0.0
2026-02-09,地产/建筑,3,-0.4059673871286183,1.0
2026-02-09,工业/制造,22,-0.009359857639052184,0.5454545454545454
2026-02-09,新能源/汽车,0,,
2026-02-09,消费/零售,32,-0.02876715344518925,0.5625
2026-02-09,生物科技/医药,27,-0.06696185012718235,0.5925925925925926
2026-02-09,金融,4,-0.02897595839331045,0.75
2026-02-10,TMT/互联网,26,0.06430507974871115,0.4230769230769231
2026-02-10,其他,1,,0.0
2026-02-10,地产/建筑,3,-0.4059673871286183,1.0
2026-02-10,工业/制造,22,-0.009359857639052184,0.5454545454545454
2026-02-10,新能源/汽车,0,,
2026-02-10,消费/零售,32,-0.02876715344518925,0.5625
2026-02-10,生物科技/医药,27,-0.06696185012718235,0.5925925925925926
2026-02-10,金融,4,-0.02897595839331045,0.75
2026-02-11,TMT/互联网,26,0.06430507974871115,0.4230769230769231
2026-02-11,其他,1,,0.0
2026-02-11,地产/建筑,3,-0.4059673871286183,1.0
2026-02-11,工业/制造,22,-0.009359857639052184,0.5454545454545454
2026-02-11,新能源/汽车,0,,
2026-02-11,消费/零售,32,-0.02876715344518925,0.5625
2026-02-11,生物科技/医药,27,-0.06696185012718235,0.5925925925925926
2026-02-11,金融,4,-0.02897595839331045,0.75
2026-02-12,TMT/互联网,26,0.06430507974871115,0.4230769230769231
2026-02-12,其他,1,,0.0
2026-02-12,地产/建筑,3,-0.4059673871286183,1.0
2026-02-12,工业/制造,22,-0.009359857639052184,0.5454545454545454
2026-02-12,新能源/汽车,0,,
2026-02-12,消费/零售,31,-0.027437061620840517,0.5483870967741935
2026-02-12,生物科技/医药,27,-0.06696185012718235,0.5925925925925926
2026-02-12,金融,4,-0.02897595839331045,0.75
2026-02-13,TMT/互联网,26,0.06430507974871115,0.4230769230769231
2026-02-13,其他,1,,0.0
2026-02-13,地产/建筑,3,-0.4059673871286183,1.0
2026-02-13,工业/制造,22,-0.009359857639052184,0.5454545454545454
2026-02-13,新能源/汽车,0,,
2026-02-13,消费/零售,31,-0.027437061620840517,0.5483870967741935
2026-02-13,生物科技/医药,27,-0.06696185012718235,0.5925925925925926
2026-02-13,金融,4,-0.02897595839331045,0.75
2026-02-14,TMT/互联网,26,0.06430507974871115,0.4230769230769231
2026-02-14,其他,1,,0.0
2026-02-14,地产/建筑,3,-0.4059673871286183,1.0
2026-02-14,工业/制造,22,-0.009359857639052184,0.5454545454545454
2026-02-14,新能源/汽车,0,,
2026-02-14,消费/零售,31,-0.027437061620840517,0.5483870967741935
2026-02-14,生物科技/医药,27,-0.06696185012718235,0.5925925925925926
2026-02-14,金融,4,-0.02897595839331045,0.75
2026-02-15,TMT/互联网,26,0.06430507974871115,0.4230769230769231
2026-02-15,其他,1,,0.0
2026-02-15,地产/建筑,3,-0.4059673871286183,1.0
2026-02-15,工业/制造,22,-0.009359857639052184,0.5454545454545454
2026-02-15,新能源/汽车,0,,
2026-02-15,消费/零售,31,-0.027437061620840517,0.5483870967741935
2026-02-15,生物科技/医药,27,-0.06696185012718235,0.5925925925925926
2026-02-15,金融,4,-0.02897595839331045,0.75
2026-02-16,TMT/互联网,26,0.06430507974871115,0.4230769230769231
2026-02-16,其他,1,,0.0
2026-02-16,地产/建筑,3,-0.4059673871286183,1.0
2026-02-16,工业/制造,22,-0.009359857639052184,0.5454545454545454
2026-02-16,新能源/汽车,0,,
2026-02-16,消费/零售,31,-0.027437061620840517,0.5483870967741935
2026-02-16,生物科技/医药,27,-0.06696185012718235,0.5925925925925926
2026-02-16,金融,4,-0.02897595839331045,0.75
2026-02-17,TMT/互联网,26,0.06430507974871115,0.4230769230769231
2026-02-17,其他,1,,0.0
2026-02-17,地产/建筑,3,-0.4059673871286183,1.0
2026-02-17,工业/制造,22,-0.009359857639052184,0.5454545454545454
2026-02-17,新能源/汽车,0,,
2026-02-17,消费/零售,31,-0.027437061620840517,0.5483870967741935
2026-02-17,生物科技/医药,27,-0.06696185012718235,0.5925925925925926
2026-02-17,金融,4,-0.02897595839331045,0.75
2026-02-18,TMT/互联网,26,0.06430507974871115,0.4230769230769231
2026-02-18,其他,1,,0.0
2026-02-18,地产/建筑,3,-0.4059673871286183,1.0
2026-02-18,工业/制造,22,-0.009359857639052184,0.5454545454545454
2026-02-18,新能源/汽车,0,,
2026-02-18,消费/零售,31,-0.027437061620840517,0.5483870967741935
2026-02-18,生物科技/医药,27,-0.06696185012718235,0.5925925925925926
2026-02-18,金融,4,-0.02897595839331045,0.75
2026-02-19,TMT/互联网,26,0.06430507974871115,0.4230769230769231
2026-02-19,其他,1,,0.0
2026-02-19,地产/建筑,3,-0.4059673871286183,1.0
2026-02-19,工业/制造,22,-0.009359857639052184,0.5454545454545454
2026-02-19,新能源/汽车,0,,
2026-02-19,消费/零售,31,-0.027437061620840517,0.5483870967741935
2026-02-19,生物科技/医药,27,-0.06696185012718235,0.5925925925925926
2026-02-19,金融,4,-0.02897595839331045,0.75
2026-02-20,TMT/互联网,26,0.06430507974871115,0.4230769230769231
2026-02-20,其他,1,,0.0
2026-02-20,地产/建筑,3,-0.4059673871286183,1.0
2026-02-20,工业/制造,22,-0.009359857639052184,0.5454545454545454
2026-02-20,新能源/汽车,0,,
2026-02-20,消费/零售,31,-0.027437061620840517,0.5483870967741935
2026-02-20,生物科技/医药,27,-0.06696185012718235,0.5925925925925926
2026-02-20,金融,4,-0.02897595839331045,0.75
2026-02-21,TMT/互联网,26,0.06430507974871115,0.4230769230769231
2026-02-21,其他,1,,0.0
2026-02-21,地产/建筑,3,-0.4059673871286183,1.0
2026-02-21,工业/制造,22,-0.009359857639052184,0.5454545454545454
2026-02-21,新能源/汽车,0,,
2026-02-21,消费/零售,31,-0.027437061620840517,0.5483870967741935
2026-02-21,生物科技/医药,27,-0.06696185012718235,0.5925925925925926
2026-02-21,金融,4,-0.02897595839331045,0.75
2026-02-22,TMT/互联网,26,0.06430507974871115,0.4230769230769231
2026-02-22,其他,1,,0.0
2026-02-22,地产/建筑,3,-0.4059673871286183,1.0
2026-02-22,工业/制造,22,-0.009359857639052184,0.5454545454545454
2026-02-22,新能源/汽车,0,,
2026-02-22,消费/零售,31,-0.027437061620840517,0.5483870967741935
2026-02-22,生物科技/医药,27,-0.06696185012718235,0.5925925925925926
2026-02-22,金融,4,-0.02897595839331045,0.75
2026-02-23,TMT/互联网,26,0.06430507974871115,0.4230769230769231
2026-02-23,其他,1,,0.0
2026-02-23,地产/建筑,3,-0.4059673871286183,1.0
2026-02-23,工业/制造,22,-0.009359857639052184,0.5454545454545454
2026-02-23,新能源/汽车,0,,
2026-02-23,消费/零售,31,-0.027437061620840517,0.5483870967741935
2026-02-23,生物科技/医药,27,-0.06696185012718235,0.5925925925925926
2026-02-23,金融,4,-0.02897595839331045,0.75
2026-02-24,TMT/互联网,26,0.06430507974871115,0.4230769230769231
2026-02-24,其他,1,,0.0
2026-02-24,地产/建筑,3,-0.4059673871286183,1.0
2026-02-24,工业/制造,22,-0.009359857639052184,0.5454545454545454
2026-02-24,新能源/汽车,0,,
2026-02-24,消费/零售,31,-0.027437061620840517,0.5483870967741935
2026-02-24,生物科技/医药,27,-0.06696185012718235,0.5925925925925926
2026-02-24,金融,4,-0.02897595839331045,0.75
2026-02-25,TMT/互联网,26,0.06430507974871115,0.4230769230769231
2026-02-25,其他,1,,0.0
2026-02-25,地产/建筑,3,-0.4059673871286183,1.0
2026-02-25,工业/制造,22,-0.009359857639052184,0.5454545454545454
2026-02-25,新能源/汽车,0,,
2026-02-25,消费/零售,31,-0.027437061620840517,0.5483870967741935
2026-02-25,生物科技/医药,27,-0.06696185012718235,0.5925925925925926
2026-02-25,金融,4,-0.02897595839331045,0.75
2026-02-26,TMT/互联网,26,0.06430507974871115,0.4230769230769231
2026-02-26,其他,1,,0.0
2026-02-26,地产/建筑,3,-0.4059673871286183,1.0
2026-02-26,工业/制造,22,-0.009359857639052184,0.5454545454545454
2026-02-26,新能源/汽车,0,,
2026-02-26,消费/零售,31,-0.027437061620840517,0.5483870967741935
2026-02-26,生物科技/医药,27,-0.06696185012718235,0.5925925925925926
2026-02-26,金融,4,-0.02897595839331045,0.75
2026-02-27,TMT/互联网,26,0.06430507974871115,0.4230769230769231
2026-02-27,其他,1,,0.0
2026-02-27,地产/建筑,3,-0.4059673871286183,1.0
2026-02-27,工业/制造,22,-0.009359857639052184,0.5454545454545454
2026-02-27,新能源/汽车,0,,
2026-02-27,消费/零售,31,-0.027437061620840517,0.5483870967741935
2026-02-27,生物科技/医药,27,-0.06696185012718235,0.5925925925925926
2026-02-27,金融,4,-0.02897595839331045,0.75
2026-02-28,TMT/互联网,26,0.06430507974871115,0.4230769230769231
2026-02-28,其他,1,,0.0
2026-02-28,地产/建筑,3,-0.4059673871286183,1.0
2026-02-28,工业/制造,22,-0.009359857639052184,0.5454545454545454
2026-02-28,新能源/汽车,0,,
2026-02-28,消费/零售,31,-0.027437061620840517,0.5483870967741935
2026-02-28,生物科技/医药,27,-0.06696185012718235,0.5925925925925926
2026-02-28,金融,4,-0.02897595839331045,0.75
2026-03-01,TMT/互联网,26,0.06430507974871115,0.4230769230769231
2026-03-01,其他,1,,0.0
2026-03-01,地产/建筑,3,-0.4059673871286183,1.0
2026-03-01,工业/制造,22,-0.009359857639052184,0.5454545454545454
2026-03-01,新能源/汽车,0,,
2026-03-01,消费/零售,31,-0.027437061620840517,0.5483870967741935
2026-03-01,生物科技/医药,27,-0.06696185012718235,0.5925925925925926
2026-03-01,金融,4,-0.02897595839331045,0.75
2026-03-02,TMT/互联网,26,0.06430507974871115,0.4230769230769231
2026-03-02,其他,1,,0.0
2026-03-02,地产/建筑,3,-0.4059673871286183,1.0
2026-03-02,工业/制造,22,-0.009359857639052184,0.5454545454545454
2026-03-02,新能源/汽车,0,,
2026-03-02,消费/零售,31,-0.027437061620840517,0.5483870967741935
2026-03-02,生物科技/医药,27,-0.06696185012718235,0.5925925925925926
2026-03-02,金融,4,-0.02897595839331045,0.75
2026-03-03,TMT/互联网,26,0.06430507974871115,0.4230769230769231
2026-03-03,其他,1,,0.0
2026-03-03,地产/建筑,3,-0.4059673871286183,1.0
2026-03-03,工业/制造,22,-0.009359857639052184,0.5454545454545454
2026-03-03,新能源/汽车,0,,
2026-03-03,消费/零售,30,-0.03191397130845632,0.5666666666666667
2026-03-03,生物科技/医药,27,-0.06696185012718235,0.5925925925925926
2026-03-03,金融,4,-0.02897595839331045,0.75
2026-03-04,TMT/互联网,26,0.06430507974871115,0.4230769230769231
2026-03-04,其他,1,,0.0
2026-03-04,地产/建筑,3,-0.4059673871286183,1.0
2026-03-04,工业/制造,22,-0.009359857639052184,0.5454545454545454
2026-03-04,新能源/汽车,0,,
2026-03-04,消费/零售,30,-0.03191397130845632,0.5666666666666667
2026-03-04,生物科技/医药,27,-0.06696185012718235,0.5925925925925926
2026-03-04,金融,4,-0.02897595839331045,0.75
2026-03-05,TMT/互联网,26,0.06430507974871115,0.4230769230769231
2026-03-05,其他,1,,0.0
2026-03-05,地产/建筑,3,-0.4059673871286183,1.0
2026-03-05,工业/制造,22,-0.009359857639052184,0.5454545454545454
2026-03-05,新能源/汽车,0,,
2026-03-05,消费/零售,30,-0.03191397130845632,0.5666666666666667
2026-03-05,生物科技/医药,27,-0.06696185012718235,0.5925925925925926
2026-03-05,金融,4,-0.02897595839331045,0.75
2026-03-06,TMT/互联网,26,0.06430507974871115,0.4230769230769231
2026-03-06,其他,1,,0.0
2026-03-06,地产/建筑,3,-0.4059673871286183,1.0
2026-03-06,工业/制造,22,-0.009359857639052184,0.5454545454545454
2026-03-06,新能源/汽车,0,,
2026-03-06,消费/零售,30,-0.03191397130845632,0.5666666666666667
2026-03-06,生物科技/医药,27,-0.06696185012718235,0.5925925925925926
2026-03-06,金融,4,-0.02897595839331045,0.75
2026-03-07,TMT/互联网,26,0.06430507974871115,0.4230769230769231
2026-03-07,其他,1,,0.0
2026-03-07,地产/建筑,3,-0.4059673871286183,1.0
2026-03-07,工业/制造,22,-0.009359857639052184,0.5454545454545454
2026-03-07,新能源/汽车,0,,
2026-03-07,消费/零售,30,-0.03191397130845632,0.5666666666666667
2026-03-07,生物科技/医药,27,-0.06696185012718235,0.5925925925925926
2026-03-07,金融,4,-0.02897595839331045,0.75
2026-03-08,TMT/互联网,26,0.06430507974871115,0.4230769230769231
2026-03-08,其他,1,,0.0
2026-03-08,地产/建筑,3,-0.4059673871286183,1.0
2026-03-08,工业/制造,22,-0.009359857639052184,0.5454545454545454
2026-03-08,新能源/汽车,0,,
2026-03-08,消费/零售,30,-0.03191397130845632,0.5666666666666667
2026-03-08,生物科技/医药,27,-0.06696185012718235,0.5925925925925926
2026-03-08,金融,4,-0.02897595839331045,0.75
2026-03-09,TMT/互联网,26,0.06430507974871115,0.4230769230769231
2026-03-09,其他,1,,0.0
2026-03-09,地产/建筑,3,-0.4059673871286183,1.0
2026-03-09,工业/制造,22,-0.009359857639052184,0.5454545454545454
2026-03-09,新能源/汽车,0,,
2026-03-09,消费/零售,30,-0.03191397130845632,0.5666666666666667
2026-03-09,生物科技/医药,27,-0.06696185012718235,0.5925925925925926
2026-03-09,金融,4,-0.02897595839331045,0.75
2026-03-10,TMT/互联网,26,0.06430507974871115,0.4230769230769231
2026-03-10,其他,1,,0.0
2026-03-10,地产/建筑,3,-0.4059673871286183,1.0
2026-03-10,工业/制造,21,-0.009805565145673717,0.5714285714285714
2026-03-10,新能源/汽车,0,,
2026-03-10,消费/零售,30,-0.03191397130845632,0.5666666666666667
2026-03-10,生物科技/医药,27,-0.06696185012718235,0.5925925925925926
2026-03-10,金融,4,-0.02897595839331045,0.75
2026-03-11,TMT/互联网,26,0.06430507974871115,0.4230769230769231
2026-03-11,其他,1,,0.0
2026-03-11,地产/建筑,3,-0.4059673871286183,1.0
2026-03-11,工业/制造,21,-0.009805565145673717,0.5714285714285714
2026-03-11,新能源/汽车,0,,
2026-03-11,消费/零售,30,-0.03191397130845632,0.5666666666666667
2026-03-11,生物科技/医药,27,-0.06696185012718235,0.5925925925925926
2026-03-11,金融,4,-0.02897595839331045,0.75
2026-03-12,TMT/互联网,26,0.06430507974871115,0.4230769230769231
2026-03-12,其他,1,,0.0
2026-03-12,地产/建筑,3,-0.4059673871286183,1.0
2026-03-12,工业/制造,21,-0.009805565145673717,0.5714285714285714
2026-03-12,新能源/汽车,0,,
2026-03-12,消费/零售,30,-0.03191397130845632,0.5666666666666667
2026-03-12,生物科技/医药,27,-0.06696185012718235,0.5925925925925926
2026-03-12,金融,4,-0.02897595839331045,0.75
2026-03-13,TMT/互联网,26,0.06430507974871115,0.4230769230769231
2026-03-13,其他,1,,0.0
2026-03-13,地产/建筑,3,-0.4059673871286183,1.0
2026-03-13,工业/制造,21,-0.009805565145673717,0.5714285714285714
2026-03-13,新能源/汽车,0,,
2026-03-13,消费/零售,30,-0.03191397130845632,0.5666666666666667
2026-03-13,生物科技/医药,27,-0.06696185012718235,0.5925925925925926
2026-03-13,金融,4,-0.02897595839331045,0.75
2026-03-14,TMT/互联网,26,0.06430507974871115,0.4230769230769231
2026-03-14,其他,1,,0.0
2026-03-14,地产/建筑,3,-0.4059673871286183,1.0
2026-03-14,工业/制造,21,-0.009805565145673717,0.5714285714285714
2026-03-14,新能源/汽车,0,,
2026-03-14,消费/零售,30,-0.03191397130845632,0.5666666666666667
2026-03-14,生物科技/医药,27,-0.06696185012718235,0.5925925925925926
2026-03-14,金融,4,-0.02897595839331045,0.75
2026-03-15,TMT/互联网,26,0.06430507974871115,0.4230769230769231
2026-03-15,其他,1,,0.0
2026-03-15,地产/建筑,3,-0.4059673871286183,1.0
2026-03-15,工业/制造,21,-0.009805565145673717,0.5714285714285714
2026-03-15,新能源/汽车,0,,
2026-03-15,消费/零售,30,-0.03191397130845632,0.5666666666666667
2026-03-15,生物科技/医药,27,-0.06696185012718235,0.5925925925925926
2026-03-15,金融,4,-0.02897595839331045,0.75
2026-03-16,TMT/互联网,26,0.06430507974871115,0.4230769230769231
2026-03-16,其他,1,,0.0
2026-03-16,地产/建筑,3,-0.4059673871286183,1.0
2026-03-16,工业/制造,21,-0.009805565145673717,0.5714285714285714
2026-03-16,新能源/汽车,0,,
2026-03-16,消费/零售,30,-0.03191397130845632,0.5666666666666667
2026-03-16,生物科技/医药,27,-0.06696185012718235,0.5925925925925926
2026-03-16,金融,4,-0.02897595839331045,0.75
2026-03-17,TMT/互联网,26,0.06430507974871115,0.4230769230769231
2026-03-17,其他,1,,0.0
2026-03-17,地产/建筑,3,-0.4059673871286183,1.0
2026-03-17,工业/制造,21,-0.009805565145673717,0.5714285714285714
2026-03-17,新能源/汽车,0,,
2026-03-17,消费/零售,30,-0.03191397130845632,0.5666666666666667
2026-03-17,生物科技/医药,27,-0.06696185012718235,0.5925925925925926
2026-03-17,金融,4,-0.02897595839331045,0.75
2026-03-18,TMT/互联网,26,0.06430507974871115,0.4230769230769231
2026-03-18,其他,1,,0.0
2026-03-18,地产/建筑,3,-0.4059673871286183,1.0
2026-03-18,工业/制造,21,-0.009805565145673717,0.5714285714285714
2026-03-18,新能源/汽车,0,,
2026-03-18,消费/零售,30,-0.03191397130845632,0.5666666666666667
2026-03-18,生物科技/医药,27,-0.06696185012718235,0.5925925925925926
2026-03-18,金融,4,-0.02897595839331045,0.75
2026-03-19,TMT/互联网,26,0.06430507974871115,0.4230769230769231
2026-03-19,其他,1,,0.0
2026-03-19,地产/建筑,3,-0.4059673871286183,1.0
2026-03-19,工业/制造,21,-0.009805565145673717,0.5714285714285714
2026-03-19,新能源/汽车,0,,
2026-03-19,消费/零售,30,-0.03191397130845632,0.5666666666666667
2026-03-19,生物科技/医药,27,-0.06696185012718235,0.5925925925925926
2026-03-19,金融,4,-0.02897595839331045,0.75
2026-03-20,TMT/互联网,26,0.06430507974871115,0.4230769230769231
2026-03-20,其他,1,,0.0
2026-03-20,地产/建筑,3,-0.4059673871286183,1.0
2026-03-20,工业/制造,21,-0.009805565145673717,0.5714285714285714
2026-03-20,新能源/汽车,0,,
2026-03-20,消费/零售,30,-0.03191397130845632,0.5666666666666667
2026-03-20,生物科技/医药,27,-0.06696185012718235,0.5925925925925926
2026-03-20,金融,4,-0.02897595839331045,0.75
2026-03-21,TMT/互联网,26,0.06430507974871115,0.4230769230769231
2026-03-21,其他,1,,0.0
2026-03-21,地产/建筑,3,-0.4059673871286183,1.0
2026-03-21,工业/制造,21,-0.009805565145673717,0.5714285714285714
2026-03-21,新能源/汽车,0,,
2026-03-21,消费/零售,30,-0.03191397130845632,0.5666666666666667
2026-03-21,生物科技/医药,26,-0.06953730590130476,0.6153846153846154
2026-03-21,金融,4,-0.02897595839331045,0.75
2026-03-22,TMT/互联网,26,0.06430507974871115,0.4230769230769231
2026-03-22,其他,1,,0.0
2026-03-22,地产/建筑,3,-0.4059673871286183,1.0
2026-03-22,工业/制造,21,-0.009805565145673717,0.5714285714285714
2026-03-22,新能源/汽车,0,,
2026-03-22,消费/零售,30,-0.03191397130845632,0.5666666666666667
2026-03-22,生物科技/医药,26,-0.06953730590130476,0.6153846153846154
2026-03-22,金融,4,-0.02897595839331045,0.75
2026-03-23,TMT/互联网,26,0.06430507974871115,0.4230769230769231
2026-03-23,其他,1,,0.0
2026-03-23,地产/建筑,3,-0.4059673871286183,1.0
2026-03-23,工业/制造,21,-0.009805565145673717,0.5714285714285714
2026-03-23,新能源/汽车,0,,
2026-03-23,消费/零售,30,-0.03191397130845632,0.5666666666666667
2026-03-23,生物科技/医药,26,-0.06953730590130476,0.6153846153846154
2026-03-23,金融,4,-0.02897595839331045,0.75
2026-03-24,TMT/互联网,26,0.06430507974871115,0.4230769230769231
2026-03-24,其他,1,,0.0
2026-03-24,地产/建筑,3,-0.4059673871286183,1.0
2026-03-24,工业/制造,21,-0.009805565145673717,0.5714285714285714
2026-03-24,新能源/汽车,0,,
2026-03-24,消费/零售,30,-0.03191397130845632,0.5666666666666667
2026-03-24,生物科技/医药,26,-0.06953730590130476,0.6153846153846154
2026-03-24,金融,4,-0.02897595839331045,0.75
2026-03-25,TMT/互联网,26,0.06430507974871115,0.4230769230769231
2026-03-25,其他,1,,0.0
2026-03-25,地产/建筑,3,-0.4059673871286183,1.0
2026-03-25,工业/制造,20,-0.007758249417995,0.55
2026-03-25,新能源/汽车,0,,
2026-03-25,消费/零售,30,-0.03191397130845632,0.5666666666666667
2026-03-25,生物科技/医药,26,-0.06953730590130476,0.6153846153846154
2026-03-25,金融,4,-0.02897595839331045,0.75
2026-03-26,TMT/互联网,26,0.06430507974871115,0.4230769230769231
2026-03-26,其他,1,,0.0
2026-03-26,地产/建筑,3,-0.4059673871286183,1.0
2026-03-26,工业/制造,20,-0.007758249417995,0.55
2026-03-26,新能源/汽车,0,,
2026-03-26,消费/零售,30,-0.03191397130845632,0.5666666666666667
2026-03-26,生物科技/医药,26,-0.06953730590130476,0.6153846153846154
2026-03-26,金融,4,-0.02897595839331045,0.75
2026-03-27,TMT/互联网,26,0.06430507974871115,0.4230769230769231
2026-03-27,其他,1,,0.0
2026-03-27,地产/建筑,3,-0.4059673871286183,1.0
2026-03-27,工业/制造,20,-0.007758249417995,0.55
2026-03-27,新能源/汽车,0,,
2026-03-27,消费/零售,29,-0.045681588897558606,0.5862068965517241
2026-03-27,生物科技/医药,26,-0.06953730590130476,0.6153846153846154
2026-03-27,金融,4,-0.02897595839331045,0.75
2026-03-28,TMT/互联网,26,0.06430507974871115,0.4230769230769231
2026-03-28,其他,1,,0.0
2026-03-28,地产/建筑,3,-0.4059673871286183,1.0
2026-03-28,工业/制造,20,-0.007758249417995,0.55
2026-03-28,新能源/汽车,0,,
2026-03-28,消费/零售,29,-0.045681588897558606,0.5862068965517241
2026-03-28,生物科技/医药,26,-0.06953730590130476,0.6153846153846154
2026-03-28,金融,4,-0.02897595839331045,0.75
2026-03-29,TMT/互联网,26,0.06430507974871115,0.4230769230769231
2026-03-29,其他,1,,0.0
2026-03-29,地产/建筑,3,-0.4059673871286183,1.0
2026-03-29,工业/制造,20,-0.007758249417995,0.55
2026-03-29,新能源/汽车,0,,
2026-03-29,消费/零售,29,-0.045681588897558606,0.5862068965517241
2026-03-29,生物科技/医药,26,-0.06953730590130476,0.6153846153846154
2026-03-29,金融,4,-0.02897595839331045,0.75
2026-03-30,TMT/互联网,26,0.06430507974871115,0.4230769230769231
2026-03-30,其他,1,,0.0
2026-03-30,地产/建筑,3,-0.4059673871286183,1.0
2026-03-30,工业/制造,20,-0.007758249417995,0.55
2026-03-30,新能源/汽车,0,,
2026-03-30,消费/零售,29,-0.045681588897558606,0.5862068965517241
2026-03-30,生物科技/医药,26,-0.06953730590130476,0.6153846153846154
2026-03-30,金融,4,-0.02897595839331045,0.75
2026-03-31,TMT/互联网,26,0.06430507974871115,0.4230769230769231
2026-03-31,其他,1,,0.0
2026-03-31,地产/建筑,3,-0.4059673871286183,1.0
2026-03-31,工业/制造,20,-0.007758249417995,0.55
2026-03-31,新能源/汽车,0,,
2026-03-31,消费/零售,28,-0.03755393800270398,0.5714285714285714
2026-03-31,生物科技/医药,26,-0.06953730590130476,0.6153846153846154
2026-03-31,金融,4,-0.02897595839331045,0.75
2026-04-01,TMT/互联网,26,0.06430507974871115,0.4230769230769231
2026-04-01,其他,1,,0.0
2026-04-01,地产/建筑,3,-0.4059673871286183,1.0
2026-04-01,工业/制造,20,-0.007758249417995,0.55
2026-04-01,新能源/汽车,0,,
2026-04-01,消费/零售,28,-0.03755393800270398,0.5714285714285714
2026-04-01,生物科技/医药,26,-0.06953730590130476,0.6153846153846154
2026-04-01,金融,4,-0.02897595839331045,0.75
2026-04-02,TMT/互联网,26,0.06430507974871115,0.4230769230769231
2026-04-02,其他,1,,0.0
2026-04-02,地产/建筑,3,-0.4059673871286183,1.0
2026-04-02,工业/制造,20,-0.007758249417995,0.55
2026-04-02,新能源/汽车,0,,
2026-04-02,消费/零售,28,-0.03755393800270398,0.5714285714285714
2026-04-02,生物科技/医药,26,-0.06953730590130476,0.6153846153846154
2026-04-02,金融,4,-0.02897595839331045,0.75
2026-04-03,TMT/互联网,26,0.06430507974871115,0.4230769230769231
2026-04-03,其他,1,,0.0
2026-04-03,地产/建筑,3,-0.4059673871286183,1.0
2026-04-03,工业/制造,20,-0.007758249417995,0.55
2026-04-03,新能源/汽车,0,,
2026-04-03,消费/零售,28,-0.03755393800270398,0.5714285714285714
2026-04-03,生物科技/医药,26,-0.06953730590130476,0.6153846153846154
2026-04-03,金融,4,-0.02897595839331045,0.75
2026-04-04,TMT/互联网,26,0.06430507974871115,0.4230769230769231
2026-04-04,其他,1,,0.0
2026-04-04,地产/建筑,3,-0.4059673871286183,1.0
2026-04-04,工业/制造,20,-0.007758249417995,0.55
2026-04-04,新能源/汽车,0,,
2026-04-04,消费/零售,28,-0.03755393800270398,0.5714285714285714
2026-04-04,生物科技/医药,26,-0.06953730590130476,0.6153846153846154
2026-04-04,金融,4,-0.02897595839331045,0.75
2026-04-05,TMT/互联网,26,0.06430507974871115,0.4230769230769231
2026-04-05,其他,1,,0.0
2026-04-05,地产/建筑,3,-0.4059673871286183,1.0
2026-04-05,工业/制造,20,-0.007758249417995,0.55
2026-04-05,新能源/汽车,0,,
2026-04-05,消费/零售,28,-0.03755393800270398,0.5714285714285714
2026-04-05,生物科技/医药,26,-0.06953730590130476,0.6153846153846154
2026-04-05,金融,4,-0.02897595839331045,0.75
2026-04-06,TMT/互联网,26,0.06430507974871115,0.4230769230769231
2026-04-06,其他,1,,0.0
2026-04-06,地产/建筑,3,-0.4059673871286183,1.0
2026-04-06,工业/制造,20,-0.007758249417995,0.55
2026-04-06,新能源/汽车,0,,
2026-04-06,消费/零售,28,-0.03755393800270398,0.5714285714285714
2026-04-06,生物科技/医药,26,-0.06953730590130476,0.6153846153846154
2026-04-06,金融,4,-0.02897595839331045,0.75
2026-04-07,TMT/互联网,26,0.06430507974871115,0.4230769230769231
2026-04-07,其他,1,,0.0
2026-04-07,地产/建筑,3,-0.4059673871286183,1.0
2026-04-07,工业/制造,20,-0.007758249417995,0.55
2026-04-07,新能源/汽车,0,,
2026-04-07,消费/零售,28,-0.03755393800270398,0.5714285714285714
2026-04-07,生物科技/医药,26,-0.06953730590130476,0.6153846153846154
2026-04-07,金融,4,-0.02897595839331045,0.75
2026-04-08,TMT/互联网,26,0.06430507974871115,0.4230769230769231
2026-04-08,其他,1,,0.0
2026-04-08,地产/建筑,3,-0.4059673871286183,1.0
2026-04-08,工业/制造,20,-0.007758249417995,0.55
2026-04-08,新能源/汽车,0,,
2026-04-08,消费/零售,28,-0.03755393800270398,0.5714285714285714
2026-04-08,生物科技/医药,26,-0.06953730590130476,0.6153846153846154
2026-04-08,金融,4,-0.02897595839331045,0.75
2026-04-09,TMT/互联网,26,0.06430507974871115,0.4230769230769231
2026-04-09,其他,1,,0.0
2026-04-09,地产/建筑,3,-0.4059673871286183,1.0
2026-04-09,工业/制造,20,-0.007758249417995,0.55
2026-04-09,新能源/汽车,0,,
2026-04-09,消费/零售,28,-0.03755393800270398,0.5714285714285714
2026-04-09,生物科技/医药,26,-0.06953730590130476,0.6153846153846154
2026-04-09,金融,4,-0.02897595839331045,0.75
2026-04-10,TMT/互联网,26,0.06430507974871115,0.4230769230769231
2026-04-10,其他,1,,0.0
2026-04-10,地产/建筑,3,-0.4059673871286183,1.0
2026-04-10,工业/制造,20,-0.007758249417995,0.55
2026-04-10,新能源/汽车,0,,
2026-04-10,消费/零售,28,-0.03755393800270398,0.5714285714285714
2026-04-10,生物科技/医药,26,-0.06953730590130476,0.6153846153846154
2026-04-10,金融,4,-0.02897595839331045,0.75
2026-04-11,TMT/互联网,26,0.06430507974871115,0.4230769230769231
2026-04-11,其他,1,,0.0
2026-04-11,地产/建筑,3,-0.4059673871286183,1.0
2026-04-11,工业/制造,20,-0.007758249417995,0.55
2026-04-11,新能源/汽车,0,,
2026-04-11,消费/零售,28,-0.03755393800270398,0.5714285714285714
2026-04-11,生物科技/医药,26,-0.06953730590130476,0.6153846153846154
2026-04-11,金融,4,-0.02897595839331045,0.75
2026-04-12,TMT/互联网,26,0.06430507974871115,0.4230769230769231
2026-04-12,其他,1,,0.0
2026-04-12,地产/建筑,3,-0.4059673871286183,1.0
2026-04-12,工业/制造,20,-0.007758249417995,0.55
2026-04-12,新能源/汽车,0,,
2026-04-12,消费/零售,28,-0.03755393800270398,0.5714285714285714
2026-04-12,生物科技/医药,26,-0.06953730590130476,0.6153846153846154
2026-04-12,金融,4,-0.02897595839331045,0.75
2026-04-13,TMT/互联网,26,0.06430507974871115,0.4230769230769231
2026-04-13,其他,1,,0.0
2026-04-13,地产/建筑,3,-0.4059673871286183,1.0
2026-04-13,工业/制造,20,-0.007758249417995,0.55
2026-04-13,新能源/汽车,0,,
2026-04-13,消费/零售,28,-0.03755393800270398,0.5714285714285714
2026-04-13,生物科技/医药,26,-0.06953730590130476,0.6153846153846154
2026-04-13,金融,4,-0.02897595839331045,0.75
2026-04-14,TMT/互联网,26,0.06430507974871115,0.4230769230769231
2026-04-14,其他,1,,0.0
2026-04-14,地产/建筑,3,-0.4059673871286183,1.0
2026-04-14,工业/制造,19,-0.007731092456916474,0.5263157894736842
2026-04-14,新能源/汽车,0,,
2026-04-14,消费/零售,28,-0.03755393800270398,0.5714285714285714
2026-04-14,生物科技/医药,26,-0.06953730590130476,0.6153846153846154
2026-04-14,金融,4,-0.02897595839331045,0.75
2026-04-15,TMT/互联网,26,0.06430507974871115,0.4230769230769231
2026-04-15,其他,1,,0.0
2026-04-15,地产/建筑,3,-0.4059673871286183,1.0
2026-04-15,工业/制造,19,-0.007731092456916474,0.5263157894736842
2026-04-15,新能源/汽车,0,,
2026-04-15,消费/零售,28,-0.03755393800270398,0.5714285714285714
2026-04-15,生物科技/医药,25,-0.07762266554067186,0.64
2026-04-15,金融,4,-0.02897595839331045,0.75
2026-04-16,TMT/互联网,26,0.06430507974871115,0.4230769230769231
2026-04-16,其他,1,,0.0
2026-04-16,地产/建筑,3,-0.4059673871286183,1.0
2026-04-16,工业/制造,19,-0.007731092456916474,0.5263157894736842
2026-04-16,新能源/汽车,0,,
2026-04-16,消费/零售,28,-0.03755393800270398,0.5714285714285714
2026-04-16,生物科技/医药,25,-0.07762266554067186,0.64
2026-04-16,金融,4,-0.02897595839331045,0.75
2026-04-17,TMT/互联网,26,0.06430507974871115,0.4230769230769231
2026-04-17,其他,1,,0.0
2026-04-17,地产/建筑,3,-0.4059673871286183,1.0
2026-04-17,工业/制造,19,-0.007731092456916474,0.5263157894736842
2026-04-17,新能源/汽车,0,,
2026-04-17,消费/零售,28,-0.03755393800270398,0.5714285714285714
2026-04-17,生物科技/医药,25,-0.07762266554067186,0.64
2026-04-17,金融,4,-0.02897595839331045,0.75
2026-04-18,TMT/互联网,26,0.06430507974871115,0.4230769230769231
2026-04-18,其他,1,,0.0
2026-04-18,地产/建筑,3,-0.4059673871286183,1.0
2026-04-18,工业/制造,19,-0.007731092456916474,0.5263157894736842
2026-04-18,新能源/汽车,0,,
2026-04-18,消费/零售,28,-0.03755393800270398,0.5714285714285714
2026-04-18,生物科技/医药,25,-0.07762266554067186,0.64
2026-04-18,金融,4,-0.02897595839331045,0.75
2026-04-19,TMT/互联网,26,0.06430507974871115,0.4230769230769231
2026-04-19,其他,1,,0.0
2026-04-19,地产/建筑,3,-0.4059673871286183,1.0
2026-04-19,工业/制造,19,-0.007731092456916474,0.5263157894736842
2026-04-19,新能源/汽车,0,,
2026-04-19,消费/零售,28,-0.03755393800270398,0.5714285714285714
2026-04-19,生物科技/医药,25,-0.07762266554067186,0.64
2026-04-19,金融,4,-0.02897595839331045,0.75
2026-04-20,TMT/互联网,26,0.06430507974871115,0.4230769230769231
2026-04-20,其他,1,,0.0
2026-04-20,地产/建筑,3,-0.4059673871286183,1.0
2026-04-20,工业/制造,19,-0.007731092456916474,0.5263157894736842
2026-04-20,新能源/汽车,0,,
2026-04-20,消费/零售,28,-0.03755393800270398,0.5714285714285714
2026-04-20,生物科技/医药,25,-0.07762266554067186,0.64
2026-04-20,金融,4,-0.02897595839331045,0.75
2026-04-21,TMT/互联网,26,0.06430507974871115,0.4230769230769231
2026-04-21,其他,1,,0.0
2026-04-21,地产/建筑,3,-0.4059673871286183,1.0
2026-04-21,工业/制造,19,-0.007731092456916474,0.5263157894736842
2026-04-21,新能源/汽车,0,,
2026-04-21,消费/零售,28,-0.03755393800270398,0.5714285714285714
2026-04-21,生物科技/医药,25,-0.07762266554067186,0.64
2026-04-21,金融,4,-0.02897595839331045,0.75
2026-04-22,TMT/互联网,26,0.06430507974871115,0.4230769230769231
2026-04-22,其他,1,,0.0
2026-04-22,地产/建筑,3,-0.4059673871286183,1.0
2026-04-22,工业/制造,19,-0.007731092456916474,0.5263157894736842
2026-04-22,新能源/汽车,0,,
2026-04-22,消费/零售,28,-0.03755393800270398,0.5714285714285714
2026-04-22,生物科技/医药,25,-0.07762266554067186,0.64
2026-04-22,金融,4,-0.02897595839331045,0.75
2026-04-23,TMT/互联网,26,0.06430507974871115,0.4230769230769231
2026-04-23,其他,1,,0.0
2026-04-23,地产/建筑,3,-0.4059673871286183,1.0
2026-04-23,工业/制造,19,-0.007731092456916474,0.5263157894736842
2026-04-23,新能源/汽车,0,,
2026-04-23,消费/零售,28,-0.03755393800270398,0.5714285714285714
2026-04-23,生物科技/医药,25,-0.07762266554067186,0.64
2026-04-23,金融,4,-0.02897595839331045,0.75
2026-04-24,TMT/互联网,26,0.06430507974871115,0.4230769230769231
2026-04-24,其他,1,,0.0
2026-04-24,地产/建筑,3,-0.4059673871286183,1.0
2026-04-24,工业/制造,19,-0.007731092456916474,0.5263157894736842
2026-04-24,新能源/汽车,0,,
2026-04-24,消费/零售,28,-0.03755393800270398,0.5714285714285714
2026-04-24,生物科技/医药,25,-0.07762266554067186,0.64
2026-04-24,金融,4,-0.02897595839331045,0.75
2026-04-25,TMT/互联网,26,0.06430507974871115,0.4230769230769231
2026-04-25,其他,1,,0.0
2026-04-25,地产/建筑,3,-0.4059673871286183,1.0
2026-04-25,工业/制造,19,-0.007731092456916474,0.5263157894736842
2026-04-25,新能源/汽车,0,,
2026-04-25,消费/零售,28,-0.03755393800270398,0.5714285714285714
2026-04-25,生物科技/医药,25,-0.07762266554067186,0.64
2026-04-25,金融,4,-0.02897595839331045,0.75
2026-04-26,TMT/互联网,26,0.06430507974871115,0.4230769230769231
2026-04-26,其他,1,,0.0
2026-04-26,地产/建筑,3,-0.4059673871286183,1.0
2026-04-26,工业/制造,19,-0.007731092456916474,0.5263157894736842
2026-04-26,新能源/汽车,0,,
2026-04-26,消费/零售,28,-0.03755393800270398,0.5714285714285714
2026-04-26,生物科技/医药,25,-0.07762266554067186,0.64
2026-04-26,金融,4,-0.02897595839331045,0.75
2026-04-27,TMT/互联网,26,0.06430507974871115,0.4230769230769231
2026-04-27,其他,1,,0.0
2026-04-27,地产/建筑,3,-0.4059673871286183,1.0
2026-04-27,工业/制造,19,-0.007731092456916474,0.5263157894736842
2026-04-27,新能源/汽车,0,,
2026-04-27,消费/零售,28,-0.03755393800270398,0.5714285714285714
2026-04-27,生物科技/医药,25,-0.07762266554067186,0.64
2026-04-27,金融,4,-0.02897595839331045,0.75
2026-04-28,TMT/互联网,26,0.06430507974871115,0.4230769230769231
2026-04-28,其他,1,,0.0
2026-04-28,地产/建筑,3,-0.4059673871286183,1.0
2026-04-28,工业/制造,19,-0.007731092456916474,0.5263157894736842
2026-04-28,新能源/汽车,0,,
2026-04-28,消费/零售,28,-0.03755393800270398,0.5714285714285714
2026-04-28,生物科技/医药,25,-0.07762266554067186,0.64
2026-04-28,金融,4,-0.02897595839331045,0.75
2026-04-29,TMT/互联网,26,0.06430507974871115,0.4230769230769231
2026-04-29,其他,1,,0.0
2026-04-29,地产/建筑,3,-0.4059673871286183,1.0
2026-04-29,工业/制造,19,-0.007731092456916474,0.5263157894736842
2026-04-29,新能源/汽车,0,,
2026-04-29,消费/零售,28,-0.03755393800270398,0.5714285714285714
2026-04-29,生物科技/医药,25,-0.07762266554067186,0.64
2026-04-29,金融,4,-0.02897595839331045,0.75
2026-04-30,TMT/互联网,26,0.06430507974871115,0.4230769230769231
2026-04-30,其他,1,,0.0
2026-04-30,地产/建筑,3,-0.4059673871286183,1.0
2026-04-30,工业/制造,19,-0.007731092456916474,0.5263157894736842
2026-04-30,新能源/汽车,0,,
2026-04-30,消费/零售,28,-0.03755393800270398,0.5714285714285714
2026-04-30,生物科技/医药,25,-0.07762266554067186,0.64
2026-04-30,金融,4,-0.02897595839331045,0.75
2026-05-01,TMT/互联网,26,0.06430507974871115,0.4230769230769231
2026-05-01,其他,1,,0.0
2026-05-01,地产/建筑,3,-0.4059673871286183,1.0
2026-05-01,工业/制造,19,-0.007731092456916474,0.5263157894736842
2026-05-01,新能源/汽车,0,,
2026-05-01,消费/零售,28,-0.03755393800270398,0.5714285714285714
2026-05-01,生物科技/医药,25,-0.07762266554067186,0.64
2026-05-01,金融,4,-0.02897595839331045,0.75
2026-05-02,TMT/互联网,26,0.06430507974871115,0.4230769230769231
2026-05-02,其他,1,,0.0
2026-05-02,地产/建筑,3,-0.4059673871286183,1.0
2026-05-02,工业/制造,19,-0.007731092456916474,0.5263157894736842
2026-05-02,新能源/汽车,0,,
2026-05-02,消费/零售,28,-0.03755393800270398,0.5714285714285714
2026-05-02,生物科技/医药,25,-0.07762266554067186,0.64
2026-05-02,金融,4,-0.02897595839331045,0.75
2026-05-03,TMT/互联网,26,0.06430507974871115,0.4230769230769231
2026-05-03,其他,1,,0.0
2026-05-03,地产/建筑,3,-0.4059673871286183,1.0
2026-05-03,工业/制造,19,-0.007731092456916474,0.5263157894736842
2026-05-03,新能源/汽车,0,,
2026-05-03,消费/零售,28,-0.03755393800270398,0.5714285714285714
2026-05-03,生物科技/医药,25,-0.07762266554067186,0.64
2026-05-03,金融,4,-0.02897595839331045,0.75
2026-05-04,TMT/互联网,26,0.06430507974871115,0.4230769230769231
2026-05-04,其他,1,,0.0
2026-05-04,地产/建筑,3,-0.4059673871286183,1.0
2026-05-04,工业/制造,19,-0.007731092456916474,0.5263157894736842
2026-05-04,新能源/汽车,0,,
2026-05-04,消费/零售,28,-0.03755393800270398,0.5714285714285714
2026-05-04,生物科技/医药,25,-0.07762266554067186,0.64
2026-05-04,金融,4,-0.02897595839331045,0.75
2026-05-05,TMT/互联网,26,0.06430507974871115,0.4230769230769231
2026-05-05,其他,1,,0.0
2026-05-05,地产/建筑,3,-0.4059673871286183,1.0
2026-05-05,工业/制造,19,-0.007731092456916474,0.5263157894736842
2026-05-05,新能源/汽车,0,,
2026-05-05,消费/零售,28,-0.03755393800270398,0.5714285714285714
2026-05-05,生物科技/医药,25,-0.07762266554067186,0.64
2026-05-05,金融,4,-0.02897595839331045,0.75
2026-05-06,TMT/互联网,26,0.06430507974871115,0.4230769230769231
2026-05-06,其他,1,,0.0
2026-05-06,地产/建筑,3,-0.4059673871286183,1.0
2026-05-06,工业/制造,19,-0.007731092456916474,0.5263157894736842
2026-05-06,新能源/汽车,0,,
2026-05-06,消费/零售,28,-0.03755393800270398,0.5714285714285714
2026-05-06,生物科技/医药,25,-0.07762266554067186,0.64
2026-05-06,金融,4,-0.02897595839331045,0.75
2026-05-07,TMT/互联网,26,0.06430507974871115,0.4230769230769231
2026-05-07,其他,1,,0.0
2026-05-07,地产/建筑,3,-0.4059673871286183,1.0
2026-05-07,工业/制造,18,-0.00030619146314363497,0.5
2026-05-07,新能源/汽车,0,,
2026-05-07,消费/零售,28,-0.03755393800270398,0.5714285714285714
2026-05-07,生物科技/医药,25,-0.07762266554067186,0.64
2026-05-07,金融,4,-0.02897595839331045,0.75
2026-05-08,TMT/互联网,26,0.06430507974871115,0.4230769230769231
2026-05-08,其他,1,,0.0
2026-05-08,地产/建筑,3,-0.4059673871286183,1.0
2026-05-08,工业/制造,17,-0.011982920266751984,0.5294117647058824
2026-05-08,新能源/汽车,0,,
2026-05-08,消费/零售,27,-0.032687780562906735,0.5555555555555556
2026-05-08,生物科技/医药,25,-0.07762266554067186,0.64
2026-05-08,金融,4,-0.02897595839331045,0.75
2026-05-09,TMT/互联网,26,0.06430507974871115,0.4230769230769231
2026-05-09,其他,1,,0.0
2026-05-09,地产/建筑,3,-0.4059673871286183,1.0
2026-05-09,工业/制造,17,-0.011982920266751984,0.5294117647058824
2026-05-09,新能源/汽车,0,,
2026-05-09,消费/零售,27,-0.032687780562906735,0.5555555555555556
2026-05-09,生物科技/医药,25,-0.07762266554067186,0.64
2026-05-09,金融,4,-0.02897595839331045,0.75
2026-05-10,TMT/互联网,26,0.06430507974871115,0.4230769230769231
2026-05-10,其他,1,,0.0
2026-05-10,地产/建筑,3,-0.4059673871286183,1.0
2026-05-10,工业/制造,17,-0.011982920266751984,0.5294117647058824
2026-05-10,新能源/汽车,0,,
2026-05-10,消费/零售,27,-0.032687780562906735,0.5555555555555556
2026-05-10,生物科技/医药,25,-0.07762266554067186,0.64
2026-05-10,金融,4,-0.02897595839331045,0.75
2026-05-11,TMT/互联网,26,0.06430507974871115,0.4230769230769231
2026-05-11,其他,1,,0.0
2026-05-11,地产/建筑,3,-0.4059673871286183,1.0
2026-05-11,工业/制造,17,-0.011982920266751984,0.5294117647058824
2026-05-11,新能源/汽车,0,,
2026-05-11,消费/零售,27,-0.032687780562906735,0.5555555555555556
2026-05-11,生物科技/医药,25,-0.07762266554067186,0.64
2026-05-11,金融,4,-0.02897595839331045,0.75
2026-05-12,TMT/互联网,26,0.06430507974871115,0.4230769230769231
2026-05-12,其他,1,,0.0
2026-05-12,地产/建筑,3,-0.4059673871286183,1.0
2026-05-12,工业/制造,17,-0.011982920266751984,0.5294117647058824
2026-05-12,新能源/汽车,0,,
2026-05-12,消费/零售,27,-0.032687780562906735,0.5555555555555556
2026-05-12,生物科技/医药,25,-0.07762266554067186,0.64
2026-05-12,金融,4,-0.02897595839331045,0.75
2026-05-13,TMT/互联网,26,0.06430507974871115,0.4230769230769231
2026-05-13,其他,1,,0.0
2026-05-13,地产/建筑,3,-0.4059673871286183,1.0
2026-05-13,工业/制造,17,-0.011982920266751984,0.5294117647058824
2026-05-13,新能源/汽车,0,,
2026-05-13,消费/零售,27,-0.032687780562906735,0.5555555555555556
2026-05-13,生物科技/医药,25,-0.07762266554067186,0.64
2026-05-13,金融,4,-0.02897595839331045,0.75
2026-05-14,TMT/互联网,26,0.06430507974871115,0.4230769230769231
2026-05-14,其他,1,,0.0
2026-05-14,地产/建筑,3,-0.4059673871286183,1.0
2026-05-14,工业/制造,17,-0.011982920266751984,0.5294117647058824
2026-05-14,新能源/汽车,0,,
2026-05-14,消费/零售,27,-0.032687780562906735,0.5555555555555556
2026-05-14,生物科技/医药,25,-0.07762266554067186,0.64
2026-05-14,金融,4,-0.02897595839331045,0.75
2026-05-15,TMT/互联网,26,0.06430507974871115,0.4230769230769231
2026-05-15,其他,1,,0.0
2026-05-15,地产/建筑,3,-0.4059673871286183,1.0
2026-05-15,工业/制造,17,-0.011982920266751984,0.5294117647058824
2026-05-15,新能源/汽车,0,,
2026-05-15,消费/零售,27,-0.032687780562906735,0.5555555555555556
2026-05-15,生物科技/医药,25,-0.07762266554067186,0.64
2026-05-15,金融,4,-0.02897595839331045,0.75
2026-05-16,TMT/互联网,26,0.06430507974871115,0.4230769230769231
2026-05-16,其他,1,,0.0
2026-05-16,地产/建筑,3,-0.4059673871286183,1.0
2026-05-16,工业/制造,17,-0.011982920266751984,0.5294117647058824
2026-05-16,新能源/汽车,0,,
2026-05-16,消费/零售,26,-0.02913062394713322,0.5384615384615384
2026-05-16,生物科技/医药,25,-0.07762266554067186,0.64
2026-05-16,金融,4,-0.02897595839331045,0.75
2026-05-17,TMT/互联网,26,0.06430507974871115,0.4230769230769231
2026-05-17,其他,1,,0.0
2026-05-17,地产/建筑,3,-0.4059673871286183,1.0
2026-05-17,工业/制造,17,-0.011982920266751984,0.5294117647058824
2026-05-17,新能源/汽车,0,,
2026-05-17,消费/零售,26,-0.02913062394713322,0.5384615384615384
2026-05-17,生物科技/医药,25,-0.07762266554067186,0.64
2026-05-17,金融,4,-0.02897595839331045,0.75
2026-05-18,TMT/互联网,26,0.06430507974871115,0.4230769230769231
2026-05-18,其他,1,,0.0
2026-05-18,地产/建筑,3,-0.4059673871286183,1.0
2026-05-18,工业/制造,17,-0.011982920266751984,0.5294117647058824
2026-05-18,新能源/汽车,0,,
2026-05-18,消费/零售,26,-0.02913062394713322,0.5384615384615384
2026-05-18,生物科技/医药,25,-0.07762266554067186,0.64
2026-05-18,金融,4,-0.02897595839331045,0.75
2026-05-19,TMT/互联网,26,0.06430507974871115,0.4230769230769231
2026-05-19,其他,1,,0.0
2026-05-19,地产/建筑,3,-0.4059673871286183,1.0
2026-05-19,工业/制造,17,-0.011982920266751984,0.5294117647058824
2026-05-19,新能源/汽车,0,,
2026-05-19,消费/零售,26,-0.02913062394713322,0.5384615384615384
2026-05-19,生物科技/医药,25,-0.07762266554067186,0.64
2026-05-19,金融,4,-0.02897595839331045,0.75
2026-05-20,TMT/互联网,26,0.06430507974871115,0.4230769230769231
2026-05-20,其他,1,,0.0
2026-05-20,地产/建筑,3,-0.4059673871286183,1.0
2026-05-20,工业/制造,16,-0.014885568999640192,0.5625
2026-05-20,新能源/汽车,0,,
2026-05-20,消费/零售,26,-0.02913062394713322,0.5384615384615384
2026-05-20,生物科技/医药,25,-0.07762266554067186,0.64
2026-05-20,金融,4,-0.02897595839331045,0.75
2026-05-21,TMT/互联网,26,0.06430507974871115,0.4230769230769231
2026-05-21,其他,1,,0.0
2026-05-21,地产/建筑,3,-0.4059673871286183,1.0
2026-05-21,工业/制造,16,-0.014885568999640192,0.5625
2026-05-21,新能源/汽车,0,,
2026-05-21,消费/零售,26,-0.02913062394713322,0.5384615384615384
2026-05-21,生物科技/医药,25,-0.07762266554067186,0.64
2026-05-21,金融,4,-0.02897595839331045,0.75
2026-05-22,TMT/互联网,26,0.06430507974871115,0.4230769230769231
2026-05-22,其他,1,,0.0
2026-05-22,地产/建筑,3,-0.4059673871286183,1.0
2026-05-22,工业/制造,16,-0.014885568999640192,0.5625
2026-05-22,新能源/汽车,0,,
2026-05-22,消费/零售,26,-0.02913062394713322,0.5384615384615384
2026-05-22,生物科技/医药,25,-0.07762266554067186,0.64
2026-05-22,金融,4,-0.02897595839331045,0.75
2026-05-23,TMT/互联网,26,0.06430507974871115,0.4230769230769231
2026-05-23,其他,1,,0.0
2026-05-23,地产/建筑,3,-0.4059673871286183,1.0
2026-05-23,工业/制造,16,-0.014885568999640192,0.5625
2026-05-23,新能源/汽车,0,,
2026-05-23,消费/零售,26,-0.02913062394713322,0.5384615384615384
2026-05-23,生物科技/医药,23,-0.08446057638202646,0.6521739130434783
2026-05-23,金融,4,-0.02897595839331045,0.75
2026-05-24,TMT/互联网,26,0.06430507974871115,0.4230769230769231
2026-05-24,其他,1,,0.0
2026-05-24,地产/建筑,3,-0.4059673871286183,1.0
2026-05-24,工业/制造,16,-0.014885568999640192,0.5625
2026-05-24,新能源/汽车,0,,
2026-05-24,消费/零售,26,-0.02913062394713322,0.5384615384615384
2026-05-24,生物科技/医药,23,-0.08446057638202646,0.6521739130434783
2026-05-24,金融,4,-0.02897595839331045,0.75
2026-05-25,TMT/互联网,26,0.06430507974871115,0.4230769230769231
2026-05-25,其他,1,,0.0
2026-05-25,地产/建筑,3,-0.4059673871286183,1.0
2026-05-25,工业/制造,16,-0.014885568999640192,0.5625
2026-05-25,新能源/汽车,0,,
2026-05-25,消费/零售,26,-0.02913062394713322,0.5384615384615384
2026-05-25,生物科技/医药,23,-0.08446057638202646,0.6521739130434783
2026-05-25,金融,4,-0.02897595839331045,0.75
2026-05-26,TMT/互联网,26,0.06430507974871115,0.4230769230769231
2026-05-26,其他,1,,0.0
2026-05-26,地产/建筑,3,-0.4059673871286183,1.0
2026-05-26,工业/制造,16,-0.014885568999640192,0.5625
2026-05-26,新能源/汽车,0,,
2026-05-26,消费/零售,25,-0.030417337135846188,0.56
2026-05-26,生物科技/医药,23,-0.08446057638202646,0.6521739130434783
2026-05-26,金融,4,-0.02897595839331045,0.75
2026-05-27,TMT/互联网,26,0.06430507974871115,0.4230769230769231
2026-05-27,其他,1,,0.0
2026-05-27,地产/建筑,3,-0.4059673871286183,1.0
2026-05-27,工业/制造,16,-0.014885568999640192,0.5625
2026-05-27,新能源/汽车,0,,
2026-05-27,消费/零售,24,-0.030472604971051896,0.5416666666666666
2026-05-27,生物科技/医药,22,-0.08326472845533538,0.6363636363636364
2026-05-27,金融,4,-0.02897595839331045,0.75
2026-05-28,TMT/互联网,26,0.06430507974871115,0.4230769230769231
2026-05-28,其他,1,,0.0
2026-05-28,地产/建筑,3,-0.4059673871286183,1.0
2026-05-28,工业/制造,16,-0.014885568999640192,0.5625
2026-05-28,新能源/汽车,0,,
2026-05-28,消费/零售,24,-0.030472604971051896,0.5416666666666666
2026-05-28,生物科技/医药,22,-0.08326472845533538,0.6363636363636364
2026-05-28,金融,4,-0.02897595839331045,0.75
2026-05-29,TMT/互联网,26,0.06430507974871115,0.4230769230769231
2026-05-29,其他,1,,0.0
2026-05-29,地产/建筑,3,-0.4059673871286183,1.0
2026-05-29,工业/制造,16,-0.014885568999640192,0.5625
2026-05-29,新能源/汽车,0,,
2026-05-29,消费/零售,24,-0.030472604971051896,0.5416666666666666
2026-05-29,生物科技/医药,22,-0.08326472845533538,0.6363636363636364
2026-05-29,金融,4,-0.02897595839331045,0.75
2026-05-30,TMT/互联网,26,0.06430507974871115,0.4230769230769231
2026-05-30,其他,1,,0.0
2026-05-30,地产/建筑,3,-0.4059673871286183,1.0
2026-05-30,工业/制造,16,-0.014885568999640192,0.5625
2026-05-30,新能源/汽车,0,,
2026-05-30,消费/零售,24,-0.030472604971051896,0.5416666666666666
2026-05-30,生物科技/医药,22,-0.08326472845533538,0.6363636363636364
2026-05-30,金融,3,0.0009209443644749333,0.6666666666666666
2026-05-31,TMT/互联网,26,0.06430507974871115,0.4230769230769231
2026-05-31,其他,1,,0.0
2026-05-31,地产/建筑,3,-0.4059673871286183,1.0
2026-05-31,工业/制造,16,-0.014885568999640192,0.5625
2026-05-31,新能源/汽车,0,,
2026-05-31,消费/零售,24,-0.030472604971051896,0.5416666666666666
2026-05-31,生物科技/医药,22,-0.08326472845533538,0.6363636363636364
2026-05-31,金融,3,0.0009209443644749333,0.6666666666666666
2026-06-01,TMT/互联网,26,0.06430507974871115,0.4230769230769231
2026-06-01,其他,1,,0.0
2026-06-01,地产/建筑,3,-0.4059673871286183,1.0
2026-06-01,工业/制造,16,-0.014885568999640192,0.5625
2026-06-01,新能源/汽车,0,,
2026-06-01,消费/零售,24,-0.030472604971051896,0.5416666666666666
2026-06-01,生物科技/医药,22,-0.08326472845533538,0.6363636363636364
2026-06-01,金融,3,0.0009209443644749333,0.6666666666666666
2026-06-02,TMT/互联网,26,0.06430507974871115,0.4230769230769231
2026-06-02,其他,1,,0.0
2026-06-02,地产/建筑,3,-0.4059673871286183,1.0
2026-06-02,工业/制造,16,-0.014885568999640192,0.5625
2026-06-02,新能源/汽车,0,,
2026-06-02,消费/零售,24,-0.030472604971051896,0.5416666666666666
2026-06-02,生物科技/医药,22,-0.08326472845533538,0.6363636363636364
2026-06-02,金融,3,0.0009209443644749333,0.6666666666666666
2026-06-03,TMT/互联网,26,0.06430507974871115,0.4230769230769231
2026-06-03,其他,1,,0.0
2026-06-03,地产/建筑,3,-0.4059673871286183,1.0
2026-06-03,工业/制造,17,-0.014885568999640195,0.5294117647058824
2026-06-03,新能源/汽车,0,,
2026-06-03,消费/零售,24,-0.030472604971051896,0.5416666666666666
2026-06-03,生物科技/医药,22,-0.08326472845533538,0.6363636363636364
2026-06-03,金融,3,0.0009209443644749333,0.6666666666666666
2026-06-04,TMT/互联网,26,0.06430507974871115,0.4230769230769231
2026-06-04,其他,1,,0.0
2026-06-04,地产/建筑,3,-0.4059673871286183,1.0
2026-06-04,工业/制造,17,-0.014885568999640195,0.5294117647058824
2026-06-04,新能源/汽车,0,,
2026-06-04,消费/零售,24,-0.030472604971051896,0.5416666666666666
2026-06-04,生物科技/医药,22,-0.08326472845533538,0.6363636363636364
2026-06-04,金融,3,0.0009209443644749333,0.6666666666666666
2026-06-05,TMT/互联网,26,0.06430507974871115,0.4230769230769231
2026-06-05,其他,1,,0.0
2026-06-05,地产/建筑,3,-0.4059673871286183,1.0
2026-06-05,工业/制造,17,-0.014885568999640195,0.5294117647058824
2026-06-05,新能源/汽车,0,,
2026-06-05,消费/零售,24,-0.030472604971051896,0.5416666666666666
2026-06-05,生物科技/医药,22,-0.08326472845533538,0.6363636363636364
2026-06-05,金融,3,0.0009209443644749333,0.6666666666666666
2026-06-06,TMT/互联网,26,0.06430507974871115,0.4230769230769231
2026-06-06,其他,1,,0.0
2026-06-06,地产/建筑,3,-0.4059673871286183,1.0
2026-06-06,工业/制造,17,-0.014885568999640195,0.5294117647058824
2026-06-06,新能源/汽车,0,,
2026-06-06,消费/零售,24,-0.030472604971051896,0.5416666666666666
2026-06-06,生物科技/医药,22,-0.08326472845533538,0.6363636363636364
2026-06-06,金融,3,0.0009209443644749333,0.6666666666666666
2026-06-07,TMT/互联网,26,0.06430507974871115,0.4230769230769231
2026-06-07,其他,1,,0.0
2026-06-07,地产/建筑,3,-0.4059673871286183,1.0
2026-06-07,工业/制造,17,-0.014885568999640195,0.5294117647058824
2026-06-07,新能源/汽车,0,,
2026-06-07,消费/零售,24,-0.030472604971051896,0.5416666666666666
2026-06-07,生物科技/医药,22,-0.08326472845533538,0.6363636363636364
2026-06-07,金融,3,0.0009209443644749333,0.6666666666666666
2026-06-08,TMT/互联网,26,0.06430507974871115,0.4230769230769231
2026-06-08,其他,1,,0.0
2026-06-08,地产/建筑,3,-0.4059673871286183,1.0
2026-06-08,工业/制造,17,-0.014885568999640195,0.5294117647058824
2026-06-08,新能源/汽车,0,,
2026-06-08,消费/零售,24,-0.030472604971051896,0.5416666666666666
2026-06-08,生物科技/医药,22,-0.08326472845533538,0.6363636363636364
2026-06-08,金融,3,0.0009209443644749333,0.6666666666666666
2026-06-09,TMT/互联网,26,0.06430507974871115,0.4230769230769231
2026-06-09,其他,1,,0.0
2026-06-09,地产/建筑,3,-0.4059673871286183,1.0
2026-06-09,工业/制造,17,-0.014885568999640195,0.5294117647058824
2026-06-09,新能源/汽车,0,,
2026-06-09,消费/零售,24,-0.030472604971051896,0.5416666666666666
2026-06-09,生物科技/医药,22,-0.08326472845533538,0.6363636363636364
2026-06-09,金融,3,0.0009209443644749333,0.6666666666666666
2026-06-10,TMT/互联网,25,0.07266041546878008,0.4
2026-06-10,其他,1,,0.0
2026-06-10,地产/建筑,3,-0.4059673871286183,1.0
2026-06-10,工业/制造,17,-0.014885568999640195,0.5294117647058824
2026-06-10,新能源/汽车,0,,
2026-06-10,消费/零售,22,-0.017488956698223732,0.5
2026-06-10,生物科技/医药,22,-0.08326472845533538,0.6363636363636364
2026-06-10,金融,3,0.0009209443644749333,0.6666666666666666
2026-06-11,TMT/互联网,25,0.07266041546878008,0.4
2026-06-11,其他,1,,0.0
2026-06-11,地产/建筑,3,-0.4059673871286183,1.0
2026-06-11,工业/制造,17,-0.014885568999640195,0.5294117647058824
2026-06-11,新能源/汽车,0,,
2026-06-11,消费/零售,22,-0.017488956698223732,0.5
2026-06-11,生物科技/医药,22,-0.08326472845533538,0.6363636363636364
2026-06-11,金融,3,0.0009209443644749333,0.6666666666666666
2026-06-12,TMT/互联网,25,0.07266041546878008,0.4
2026-06-12,其他,1,,0.0
2026-06-12,地产/建筑,3,-0.4059673871286183,1.0
2026-06-12,工业/制造,17,-0.014885568999640195,0.5294117647058824
2026-06-12,新能源/汽车,0,,
2026-06-12,消费/零售,22,-0.017488956698223732,0.5
2026-06-12,生物科技/医药,22,-0.08326472845533538,0.6363636363636364
2026-06-12,金融,3,0.0009209443644749333,0.6666666666666666
2026-06-13,TMT/互联网,25,0.07266041546878008,0.4
2026-06-13,其他,1,,0.0
2026-06-13,地产/建筑,3,-0.4059673871286183,1.0
2026-06-13,工业/制造,17,-0.014885568999640195,0.5294117647058824
2026-06-13,新能源/汽车,0,,
2026-06-13,消费/零售,22,-0.017488956698223732,0.5
2026-06-13,生物科技/医药,22,-0.08326472845533538,0.6363636363636364
2026-06-13,金融,3,0.0009209443644749333,0.6666666666666666
2026-06-14,TMT/互联网,25,0.07266041546878008,0.4
2026-06-14,其他,1,,0.0
2026-06-14,地产/建筑,3,-0.4059673871286183,1.0
2026-06-14,工业/制造,17,-0.014885568999640195,0.5294117647058824
2026-06-14,新能源/汽车,0,,
2026-06-14,消费/零售,22,-0.017488956698223732,0.5
2026-06-14,生物科技/医药,22,-0.08326472845533538,0.6363636363636364
2026-06-14,金融,3,0.0009209443644749333,0.6666666666666666
2026-06-15,TMT/互联网,25,0.07266041546878008,0.4
2026-06-15,其他,1,,0.0
2026-06-15,地产/建筑,3,-0.4059673871286183,1.0
2026-06-15,工业/制造,17,-0.014885568999640195,0.5294117647058824
2026-06-15,新能源/汽车,0,,
2026-06-15,消费/零售,22,-0.017488956698223732,0.5
2026-06-15,生物科技/医药,22,-0.08326472845533538,0.6363636363636364
2026-06-15,金融,3,0.0009209443644749333,0.6666666666666666
2026-06-16,TMT/互联网,25,0.07266041546878008,0.4
2026-06-16,其他,1,,0.0
2026-06-16,地产/建筑,3,-0.4059673871286183,1.0
2026-06-16,工业/制造,17,-0.014885568999640195,0.5294117647058824
2026-06-16,新能源/汽车,0,,
2026-06-16,消费/零售,22,-0.017488956698223732,0.5
2026-06-16,生物科技/医药,22,-0.08326472845533538,0.6363636363636364
2026-06-16,金融,3,0.0009209443644749333,0.6666666666666666
2026-06-17,TMT/互联网,25,0.07266041546878008,0.4
2026-06-17,其他,1,,0.0
2026-06-17,地产/建筑,3,-0.4059673871286183,1.0
2026-06-17,工业/制造,17,-0.014885568999640195,0.5294117647058824
2026-06-17,新能源/汽车,0,,
2026-06-17,消费/零售,22,-0.017488956698223732,0.5
2026-06-17,生物科技/医药,22,-0.08326472845533538,0.6363636363636364
2026-06-17,金融,3,0.0009209443644749333,0.6666666666666666
2026-06-18,TMT/互联网,25,0.07266041546878008,0.4
2026-06-18,其他,1,,0.0
2026-06-18,地产/建筑,3,-0.4059673871286183,1.0
2026-06-18,工业/制造,17,-0.014885568999640195,0.5294117647058824
2026-06-18,新能源/汽车,0,,
2026-06-18,消费/零售,22,-0.017488956698223732,0.5
2026-06-18,生物科技/医药,22,-0.08326472845533538,0.6363636363636364
2026-06-18,金融,3,0.0009209443644749333,0.6666666666666666
2026-06-19,TMT/互联网,25,0.07266041546878008,0.4
2026-06-19,其他,1,,0.0
2026-06-19,地产/建筑,3,-0.4059673871286183,1.0
2026-06-19,工业/制造,17,-0.014885568999640195,0.5294117647058824
2026-06-19,新能源/汽车,0,,
2026-06-19,消费/零售,21,-0.01705192289020264,0.47619047619047616
2026-06-19,生物科技/医药,22,-0.08326472845533538,0.6363636363636364
2026-06-19,金融,3,0.0009209443644749333,0.6666666666666666
2026-06-20,TMT/互联网,25,0.07266041546878008,0.4
2026-06-20,其他,1,,0.0
2026-06-20,地产/建筑,3,-0.4059673871286183,1.0
2026-06-20,工业/制造,17,-0.014885568999640195,0.5294117647058824
2026-06-20,新能源/汽车,0,,
2026-06-20,消费/零售,21,-0.01705192289020264,0.47619047619047616
2026-06-20,生物科技/医药,22,-0.08326472845533538,0.6363636363636364
2026-06-20,金融,3,0.0009209443644749333,0.6666666666666666
2026-06-21,TMT/互联网,25,0.07266041546878008,0.4
2026-06-21,其他,1,,0.0
2026-06-21,地产/建筑,3,-0.4059673871286183,1.0
2026-06-21,工业/制造,17,-0.014885568999640195,0.5294117647058824
2026-06-21,新能源/汽车,0,,
2026-06-21,消费/零售,21,-0.01705192289020264,0.47619047619047616
2026-06-21,生物科技/医药,22,-0.08326472845533538,0.6363636363636364
2026-06-21,金融,3,0.0009209443644749333,0.6666666666666666
2026-06-22,TMT/互联网,25,0.07266041546878008,0.4
2026-06-22,其他,1,,0.0
2026-06-22,地产/建筑,3,-0.4059673871286183,1.0
2026-06-22,工业/制造,17,-0.014885568999640195,0.5294117647058824
2026-06-22,新能源/汽车,0,,
2026-06-22,消费/零售,21,-0.01705192289020264,0.47619047619047616
2026-06-22,生物科技/医药,22,-0.08326472845533538,0.6363636363636364
2026-06-22,金融,3,0.0009209443644749333,0.6666666666666666
2026-06-23,TMT/互联网,25,0.07266041546878008,0.4
2026-06-23,其他,1,,0.0
2026-06-23,地产/建筑,3,-0.4059673871286183,1.0
2026-06-23,工业/制造,16,-0.020810318945678263,0.5625
2026-06-23,新能源/汽车,0,,
2026-06-23,消费/零售,21,-0.01705192289020264,0.47619047619047616
2026-06-23,生物科技/医药,20,-0.10300657576474223,0.7
2026-06-23,金融,3,0.0009209443644749333,0.6666666666666666
2026-06-24,TMT/互联网,25,0.07266041546878008,0.4
2026-06-24,其他,1,,0.0
2026-06-24,地产/建筑,3,-0.4059673871286183,1.0
2026-06-24,工业/制造,16,-0.020810318945678263,0.5625
2026-06-24,新能源/汽车,0,,
2026-06-24,消费/零售,21,-0.01705192289020264,0.47619047619047616
2026-06-24,生物科技/医药,20,-0.10300657576474223,0.7
2026-06-24,金融,3,0.0009209443644749333,0.6666666666666666
2026-06-25,TMT/互联网,25,0.07266041546878008,0.4
2026-06-25,其他,1,,0.0
2026-06-25,地产/建筑,3,-0.4059673871286183,1.0
2026-06-25,工业/制造,16,-0.020810318945678263,0.5625
2026-06-25,新能源/汽车,0,,
2026-06-25,消费/零售,19,-0.01969065970090108,0.47368421052631576
2026-06-25,生物科技/医药,20,-0.10300657576474223,0.7
2026-06-25,金融,3,0.0009209443644749333,0.6666666666666666
2026-06-26,TMT/互联网,25,0.07266041546878008,0.4
2026-06-26,其他,1,,0.0
2026-06-26,地产/建筑,3,-0.4059673871286183,1.0
2026-06-26,工业/制造,16,-0.020810318945678263,0.5625
2026-06-26,新能源/汽车,0,,
2026-06-26,消费/零售,17,-0.03171400931048784,0.5294117647058824
2026-06-26,生物科技/医药,19,-0.10475600386496735,0.6842105263157895
2026-06-26,金融,3,0.0009209443644749333,0.6666666666666666
2026-06-27,TMT/互联网,25,0.07266041546878008,0.4
2026-06-27,其他,1,,0.0
2026-06-27,地产/建筑,3,-0.4059673871286183,1.0
2026-06-27,工业/制造,16,-0.020810318945678263,0.5625
2026-06-27,新能源/汽车,0,,
2026-06-27,消费/零售,17,-0.03171400931048784,0.5294117647058824
2026-06-27,生物科技/医药,19,-0.10475600386496735,0.6842105263157895
2026-06-27,金融,3,0.0009209443644749333,0.6666666666666666
2026-06-28,TMT/互联网,25,0.07266041546878008,0.4
2026-06-28,其他,1,,0.0
2026-06-28,地产/建筑,3,-0.4059673871286183,1.0
2026-06-28,工业/制造,16,-0.020810318945678263,0.5625
2026-06-28,新能源/汽车,0,,
2026-06-28,消费/零售,17,-0.03171400931048784,0.5294117647058824
2026-06-28,生物科技/医药,19,-0.10475600386496735,0.6842105263157895
2026-06-28,金融,3,0.0009209443644749333,0.6666666666666666
2026-06-29,TMT/互联网,25,0.07266041546878008,0.4
2026-06-29,其他,1,,0.0
2026-06-29,地产/建筑,3,-0.4059673871286183,1.0
2026-06-29,工业/制造,16,-0.020810318945678263,0.5625
2026-06-29,新能源/汽车,0,,
2026-06-29,消费/零售,17,-0.03171400931048784,0.5294117647058824
2026-06-29,生物科技/医药,19,-0.10475600386496735,0.6842105263157895
2026-06-29,金融,3,0.0009209443644749333,0.6666666666666666
2026-06-30,TMT/互联网,24,0.05711069700762154,0.4166666666666667
2026-06-30,其他,1,,0.0
2026-06-30,地产/建筑,3,-0.4059673871286183,1.0
2026-06-30,工业/制造,16,-0.020810318945678263,0.5625
2026-06-30,新能源/汽车,0,,
2026-06-30,消费/零售,16,-0.027431897990343214,0.5
2026-06-30,生物科技/医药,18,-0.11149254019996643,0.7222222222222222
2026-06-30,金融,3,0.0009209443644749333,0.6666666666666666
