date,hs_sector,net_inflow
2019-10-08,能源业,0
2019-10-08,原材料业,0
2019-10-08,工业,0
2019-10-08,非必需性消费,0
2019-10-08,必需性消费,0
2019-10-08,医疗保健业,0
2019-10-08,电讯业,0
2019-10-08,公用事业,0
2019-10-08,金融业,0
2019-10-08,地产建筑业,0
2019-10-08,资讯科技业,0
2019-10-08,综合企业,0
2019-10-08,其他,0
2019-10-09,能源业,0
2019-10-09,原材料业,0
2019-10-09,工业,0
2019-10-09,非必需性消费,0
2019-10-09,必需性消费,0
2019-10-09,医疗保健业,0
2019-10-09,电讯业,0
2019-10-09,公用事业,0
2019-10-09,金融业,0
2019-10-09,地产建筑业,0
2019-10-09,资讯科技业,0
2019-10-09,综合企业,0
2019-10-09,其他,0
2019-10-10,能源业,0
2019-10-10,原材料业,0
2019-10-10,工业,0
2019-10-10,非必需性消费,0
2019-10-10,必需性消费,0
2019-10-10,医疗保健业,0
2019-10-10,电讯业,0
2019-10-10,公用事业,0
2019-10-10,金融业,0
2019-10-10,地产建筑业,0
2019-10-10,资讯科技业,0
2019-10-10,综合企业,0
2019-10-10,其他,0
2019-10-11,能源业,0
2019-10-11,原材料业,0
2019-10-11,工业,0
2019-10-11,非必需性消费,0
2019-10-11,必需性消费,0
2019-10-11,医疗保健业,0
2019-10-11,电讯业,0
2019-10-11,公用事业,0
2019-10-11,金融业,0
2019-10-11,地产建筑业,0
2019-10-11,资讯科技业,0
2019-10-11,综合企业,0
2019-10-11,其他,0
2019-10-14,能源业,0
2019-10-14,原材料业,0
2019-10-14,工业,0
2019-10-14,非必需性消费,0
2019-10-14,必需性消费,0
2019-10-14,医疗保健业,0
2019-10-14,电讯业,0
2019-10-14,公用事业,0
2019-10-14,金融业,0
2019-10-14,地产建筑业,0
2019-10-14,资讯科技业,0
2019-10-14,综合企业,0
2019-10-14,其他,0
2019-10-15,能源业,0
2019-10-15,原材料业,0
2019-10-15,工业,0
2019-10-15,非必需性消费,0
2019-10-15,必需性消费,0
2019-10-15,医疗保健业,0
2019-10-15,电讯业,0
2019-10-15,公用事业,0
2019-10-15,金融业,0
2019-10-15,地产建筑业,0
2019-10-15,资讯科技业,0
2019-10-15,综合企业,0
2019-10-15,其他,0
2019-10-16,能源业,0
2019-10-16,原材料业,0
2019-10-16,工业,0
2019-10-16,非必需性消费,0
2019-10-16,必需性消费,0
2019-10-16,医疗保健业,0
2019-10-16,电讯业,0
2019-10-16,公用事业,0
2019-10-16,金融业,0
2019-10-16,地产建筑业,0
2019-10-16,资讯科技业,0
2019-10-16,综合企业,0
2019-10-16,其他,0
2019-10-17,能源业,0
2019-10-17,原材料业,0
2019-10-17,工业,0
2019-10-17,非必需性消费,0
2019-10-17,必需性消费,0
2019-10-17,医疗保健业,0
2019-10-17,电讯业,0
2019-10-17,公用事业,0
2019-10-17,金融业,0
2019-10-17,地产建筑业,0
2019-10-17,资讯科技业,0
2019-10-17,综合企业,0
2019-10-17,其他,0
2019-10-18,能源业,0
2019-10-18,原材料业,0
2019-10-18,工业,0
2019-10-18,非必需性消费,0
2019-10-18,必需性消费,0
2019-10-18,医疗保健业,0
2019-10-18,电讯业,0
2019-10-18,公用事业,0
2019-10-18,金融业,0
2019-10-18,地产建筑业,0
2019-10-18,资讯科技业,0
2019-10-18,综合企业,0
2019-10-18,其他,0
2019-10-21,能源业,0
2019-10-21,原材料业,0
2019-10-21,工业,0
2019-10-21,非必需性消费,0
2019-10-21,必需性消费,0
2019-10-21,医疗保健业,0
2019-10-21,电讯业,0
2019-10-21,公用事业,0
2019-10-21,金融业,0
2019-10-21,地产建筑业,0
2019-10-21,资讯科技业,0
2019-10-21,综合企业,0
2019-10-21,其他,0
2019-10-22,能源业,0
2019-10-22,原材料业,0
2019-10-22,工业,0
2019-10-22,非必需性消费,0
2019-10-22,必需性消费,0
2019-10-22,医疗保健业,0
2019-10-22,电讯业,0
2019-10-22,公用事业,0
2019-10-22,金融业,0
2019-10-22,地产建筑业,0
2019-10-22,资讯科技业,0
2019-10-22,综合企业,0
2019-10-22,其他,0
2019-10-23,能源业,0
2019-10-23,原材料业,0
2019-10-23,工业,0
2019-10-23,非必需性消费,0
2019-10-23,必需性消费,0
2019-10-23,医疗保健业,0
2019-10-23,电讯业,0
2019-10-23,公用事业,0
2019-10-23,金融业,0
2019-10-23,地产建筑业,0
2019-10-23,资讯科技业,0
2019-10-23,综合企业,0
2019-10-23,其他,0
2019-10-24,能源业,0
2019-10-24,原材料业,0
2019-10-24,工业,0
2019-10-24,非必需性消费,0
2019-10-24,必需性消费,0
2019-10-24,医疗保健业,0
2019-10-24,电讯业,0
2019-10-24,公用事业,0
2019-10-24,金融业,0
2019-10-24,地产建筑业,0
2019-10-24,资讯科技业,0
2019-10-24,综合企业,0
2019-10-24,其他,0
2019-10-25,能源业,0
2019-10-25,原材料业,0
2019-10-25,工业,0
2019-10-25,非必需性消费,0
2019-10-25,必需性消费,0
2019-10-25,医疗保健业,0
2019-10-25,电讯业,0
2019-10-25,公用事业,0
2019-10-25,金融业,0
2019-10-25,地产建筑业,0
2019-10-25,资讯科技业,0
2019-10-25,综合企业,0
2019-10-25,其他,0
2019-10-28,能源业,0
2019-10-28,原材料业,0
2019-10-28,工业,0
2019-10-28,非必需性消费,0
2019-10-28,必需性消费,0
2019-10-28,医疗保健业,0
2019-10-28,电讯业,0
2019-10-28,公用事业,0
2019-10-28,金融业,0
2019-10-28,地产建筑业,0
2019-10-28,资讯科技业,0
2019-10-28,综合企业,0
2019-10-28,其他,0
2019-10-29,能源业,0
2019-10-29,原材料业,0
2019-10-29,工业,0
2019-10-29,非必需性消费,0
2019-10-29,必需性消费,0
2019-10-29,医疗保健业,0
2019-10-29,电讯业,0
2019-10-29,公用事业,0
2019-10-29,金融业,0
2019-10-29,地产建筑业,0
2019-10-29,资讯科技业,0
2019-10-29,综合企业,0
2019-10-29,其他,0
2019-10-30,能源业,0
2019-10-30,原材料业,0
2019-10-30,工业,0
2019-10-30,非必需性消费,0
2019-10-30,必需性消费,0
2019-10-30,医疗保健业,0
2019-10-30,电讯业,0
2019-10-30,公用事业,0
2019-10-30,金融业,0
2019-10-30,地产建筑业,0
2019-10-30,资讯科技业,0
2019-10-30,综合企业,0
2019-10-30,其他,0
2019-10-31,能源业,0
2019-10-31,原材料业,0
2019-10-31,工业,0
2019-10-31,非必需性消费,0
2019-10-31,必需性消费,0
2019-10-31,医疗保健业,0
2019-10-31,电讯业,0
2019-10-31,公用事业,0
2019-10-31,金融业,0
2019-10-31,地产建筑业,0
2019-10-31,资讯科技业,0
2019-10-31,综合企业,0
2019-10-31,其他,0
2019-11-01,能源业,0
2019-11-01,原材料业,0
2019-11-01,工业,0
2019-11-01,非必需性消费,0
2019-11-01,必需性消费,0
2019-11-01,医疗保健业,0
2019-11-01,电讯业,0
2019-11-01,公用事业,0
2019-11-01,金融业,0
2019-11-01,地产建筑业,0
2019-11-01,资讯科技业,0
2019-11-01,综合企业,0
2019-11-01,其他,0
2019-11-04,能源业,0
2019-11-04,原材料业,0
2019-11-04,工业,0
2019-11-04,非必需性消费,0
2019-11-04,必需性消费,0
2019-11-04,医疗保健业,0
2019-11-04,电讯业,0
2019-11-04,公用事业,0
2019-11-04,金融业,0
2019-11-04,地产建筑业,0
2019-11-04,资讯科技业,0
2019-11-04,综合企业,0
2019-11-04,其他,0
2019-11-05,能源业,0
2019-11-05,原材料业,0
2019-11-05,工业,0
2019-11-05,非必需性消费,0
2019-11-05,必需性消费,0
2019-11-05,医疗保健业,0
2019-11-05,电讯业,0
2019-11-05,公用事业,0
2019-11-05,金融业,0
2019-11-05,地产建筑业,0
2019-11-05,资讯科技业,0
2019-11-05,综合企业,0
2019-11-05,其他,0
2019-11-06,能源业,0
2019-11-06,原材料业,0
2019-11-06,工业,0
2019-11-06,非必需性消费,0
2019-11-06,必需性消费,0
2019-11-06,医疗保健业,0
2019-11-06,电讯业,0
2019-11-06,公用事业,0
2019-11-06,金融业,0
2019-11-06,地产建筑业,0
2019-11-06,资讯科技业,0
2019-11-06,综合企业,0
2019-11-06,其他,0
2019-11-07,能源业,0
2019-11-07,原材料业,0
2019-11-07,工业,0
2019-11-07,非必需性消费,0
2019-11-07,必需性消费,0
2019-11-07,医疗保健业,0
2019-11-07,电讯业,0
2019-11-07,公用事业,0
2019-11-07,金融业,0
2019-11-07,地产建筑业,0
2019-11-07,资讯科技业,0
2019-11-07,综合企业,0
2019-11-07,其他,0
2019-11-08,能源业,0
2019-11-08,原材料业,0
2019-11-08,工业,0
2019-11-08,非必需性消费,0
2019-11-08,必需性消费,0
2019-11-08,医疗保健业,0
2019-11-08,电讯业,0
2019-11-08,公用事业,0
2019-11-08,金融业,0
2019-11-08,地产建筑业,0
2019-11-08,资讯科技业,0
2019-11-08,综合企业,0
2019-11-08,其他,0
2019-11-11,能源业,0
2019-11-11,原材料业,0
2019-11-11,工业,0
2019-11-11,非必需性消费,0
2019-11-11,必需性消费,0
2019-11-11,医疗保健业,0
2019-11-11,电讯业,0
2019-11-11,公用事业,0
2019-11-11,金融业,0
2019-11-11,地产建筑业,0
2019-11-11,资讯科技业,0
2019-11-11,综合企业,0
2019-11-11,其他,0
2019-11-12,能源业,0
2019-11-12,原材料业,0
2019-11-12,工业,0
2019-11-12,非必需性消费,0
2019-11-12,必需性消费,0
2019-11-12,医疗保健业,0
2019-11-12,电讯业,0
2019-11-12,公用事业,0
2019-11-12,金融业,0
2019-11-12,地产建筑业,0
2019-11-12,资讯科技业,0
2019-11-12,综合企业,0
2019-11-12,其他,0
2019-11-13,能源业,0
2019-11-13,原材料业,0
2019-11-13,工业,0
2019-11-13,非必需性消费,0
2019-11-13,必需性消费,0
2019-11-13,医疗保健业,0
2019-11-13,电讯业,0
2019-11-13,公用事业,0
2019-11-13,金融业,0
2019-11-13,地产建筑业,0
2019-11-13,资讯科技业,0
2019-11-13,综合企业,0
2019-11-13,其他,0
2019-11-14,能源业,0
2019-11-14,原材料业,0
2019-11-14,工业,0
2019-11-14,非必需性消费,0
2019-11-14,必需性消费,0
2019-11-14,医疗保健业,0
2019-11-14,电讯业,0
2019-11-14,公用事业,0
2019-11-14,金融业,0
2019-11-14,地产建筑业,0
2019-11-14,资讯科技业,0
2019-11-14,综合企业,0
2019-11-14,其他,0
2019-11-15,能源业,0
2019-11-15,原材料业,0
2019-11-15,工业,0
2019-11-15,非必需性消费,0
2019-11-15,必需性消费,0
2019-11-15,医疗保健业,0
2019-11-15,电讯业,0
2019-11-15,公用事业,0
2019-11-15,金融业,0
2019-11-15,地产建筑业,0
2019-11-15,资讯科技业,0
2019-11-15,综合企业,0
2019-11-15,其他,0
2019-11-18,能源业,0
2019-11-18,原材料业,0
2019-11-18,工业,0
2019-11-18,非必需性消费,0
2019-11-18,必需性消费,0
2019-11-18,医疗保健业,0
2019-11-18,电讯业,0
2019-11-18,公用事业,0
2019-11-18,金融业,0
2019-11-18,地产建筑业,0
2019-11-18,资讯科技业,0
2019-11-18,综合企业,0
2019-11-18,其他,0
2019-11-19,能源业,0
2019-11-19,原材料业,0
2019-11-19,工业,0
2019-11-19,非必需性消费,0
2019-11-19,必需性消费,0
2019-11-19,医疗保健业,0
2019-11-19,电讯业,0
2019-11-19,公用事业,0
2019-11-19,金融业,0
2019-11-19,地产建筑业,0
2019-11-19,资讯科技业,0
2019-11-19,综合企业,0
2019-11-19,其他,0
2019-11-20,能源业,0
2019-11-20,原材料业,0
2019-11-20,工业,0
2019-11-20,非必需性消费,0
2019-11-20,必需性消费,0
2019-11-20,医疗保健业,0
2019-11-20,电讯业,0
2019-11-20,公用事业,0
2019-11-20,金融业,0
2019-11-20,地产建筑业,0
2019-11-20,资讯科技业,0
2019-11-20,综合企业,0
2019-11-20,其他,0
2019-11-21,能源业,0
2019-11-21,原材料业,0
2019-11-21,工业,0
2019-11-21,非必需性消费,0
2019-11-21,必需性消费,0
2019-11-21,医疗保健业,0
2019-11-21,电讯业,0
2019-11-21,公用事业,0
2019-11-21,金融业,0
2019-11-21,地产建筑业,0
2019-11-21,资讯科技业,0
2019-11-21,综合企业,0
2019-11-21,其他,0
2019-11-22,能源业,0
2019-11-22,原材料业,0
2019-11-22,工业,0
2019-11-22,非必需性消费,0
2019-11-22,必需性消费,0
2019-11-22,医疗保健业,0
2019-11-22,电讯业,0
2019-11-22,公用事业,0
2019-11-22,金融业,0
2019-11-22,地产建筑业,0
2019-11-22,资讯科技业,0
2019-11-22,综合企业,0
2019-11-22,其他,0
2019-11-25,能源业,0
2019-11-25,原材料业,0
2019-11-25,工业,0
2019-11-25,非必需性消费,0
2019-11-25,必需性消费,0
2019-11-25,医疗保健业,0
2019-11-25,电讯业,0
2019-11-25,公用事业,0
2019-11-25,金融业,0
2019-11-25,地产建筑业,0
2019-11-25,资讯科技业,0
2019-11-25,综合企业,0
2019-11-25,其他,0
2019-11-26,能源业,0
2019-11-26,原材料业,0
2019-11-26,工业,0
2019-11-26,非必需性消费,0
2019-11-26,必需性消费,0
2019-11-26,医疗保健业,0
2019-11-26,电讯业,0
2019-11-26,公用事业,0
2019-11-26,金融业,0
2019-11-26,地产建筑业,0
2019-11-26,资讯科技业,0
2019-11-26,综合企业,0
2019-11-26,其他,0
2019-11-27,能源业,0
2019-11-27,原材料业,0
2019-11-27,工业,0
2019-11-27,非必需性消费,0
2019-11-27,必需性消费,0
2019-11-27,医疗保健业,0
2019-11-27,电讯业,0
2019-11-27,公用事业,0
2019-11-27,金融业,0
2019-11-27,地产建筑业,0
2019-11-27,资讯科技业,0
2019-11-27,综合企业,0
2019-11-27,其他,0
2019-11-28,能源业,0
2019-11-28,原材料业,0
2019-11-28,工业,0
2019-11-28,非必需性消费,0
2019-11-28,必需性消费,0
2019-11-28,医疗保健业,0
2019-11-28,电讯业,0
2019-11-28,公用事业,0
2019-11-28,金融业,0
2019-11-28,地产建筑业,0
2019-11-28,资讯科技业,0
2019-11-28,综合企业,0
2019-11-28,其他,0
2019-11-29,能源业,0
2019-11-29,原材料业,0
2019-11-29,工业,0
2019-11-29,非必需性消费,0
2019-11-29,必需性消费,0
2019-11-29,医疗保健业,0
2019-11-29,电讯业,0
2019-11-29,公用事业,0
2019-11-29,金融业,0
2019-11-29,地产建筑业,0
2019-11-29,资讯科技业,0
2019-11-29,综合企业,0
2019-11-29,其他,0
2019-12-02,能源业,0
2019-12-02,原材料业,0
2019-12-02,工业,0
2019-12-02,非必需性消费,0
2019-12-02,必需性消费,0
2019-12-02,医疗保健业,0
2019-12-02,电讯业,0
2019-12-02,公用事业,0
2019-12-02,金融业,0
2019-12-02,地产建筑业,0
2019-12-02,资讯科技业,0
2019-12-02,综合企业,0
2019-12-02,其他,0
2019-12-03,能源业,0
2019-12-03,原材料业,0
2019-12-03,工业,0
2019-12-03,非必需性消费,0
2019-12-03,必需性消费,0
2019-12-03,医疗保健业,0
2019-12-03,电讯业,0
2019-12-03,公用事业,0
2019-12-03,金融业,0
2019-12-03,地产建筑业,0
2019-12-03,资讯科技业,0
2019-12-03,综合企业,0
2019-12-03,其他,0
2019-12-04,能源业,0
2019-12-04,原材料业,0
2019-12-04,工业,0
2019-12-04,非必需性消费,0
2019-12-04,必需性消费,0
2019-12-04,医疗保健业,0
2019-12-04,电讯业,0
2019-12-04,公用事业,0
2019-12-04,金融业,0
2019-12-04,地产建筑业,0
2019-12-04,资讯科技业,0
2019-12-04,综合企业,0
2019-12-04,其他,0
2019-12-05,能源业,0
2019-12-05,原材料业,0
2019-12-05,工业,0
2019-12-05,非必需性消费,0
2019-12-05,必需性消费,0
2019-12-05,医疗保健业,0
2019-12-05,电讯业,0
2019-12-05,公用事业,0
2019-12-05,金融业,0
2019-12-05,地产建筑业,0
2019-12-05,资讯科技业,0
2019-12-05,综合企业,0
2019-12-05,其他,0
2019-12-06,能源业,0
2019-12-06,原材料业,0
2019-12-06,工业,0
2019-12-06,非必需性消费,0
2019-12-06,必需性消费,0
2019-12-06,医疗保健业,0
2019-12-06,电讯业,0
2019-12-06,公用事业,0
2019-12-06,金融业,0
2019-12-06,地产建筑业,0
2019-12-06,资讯科技业,0
2019-12-06,综合企业,0
2019-12-06,其他,0
2019-12-09,能源业,0
2019-12-09,原材料业,0
2019-12-09,工业,0
2019-12-09,非必需性消费,0
2019-12-09,必需性消费,0
2019-12-09,医疗保健业,0
2019-12-09,电讯业,0
2019-12-09,公用事业,0
2019-12-09,金融业,0
2019-12-09,地产建筑业,0
2019-12-09,资讯科技业,0
2019-12-09,综合企业,0
2019-12-09,其他,0
2019-12-10,能源业,0
2019-12-10,原材料业,0
2019-12-10,工业,0
2019-12-10,非必需性消费,0
2019-12-10,必需性消费,0
2019-12-10,医疗保健业,0
2019-12-10,电讯业,0
2019-12-10,公用事业,0
2019-12-10,金融业,0
2019-12-10,地产建筑业,0
2019-12-10,资讯科技业,0
2019-12-10,综合企业,0
2019-12-10,其他,0
2019-12-11,能源业,0
2019-12-11,原材料业,0
2019-12-11,工业,0
2019-12-11,非必需性消费,0
2019-12-11,必需性消费,0
2019-12-11,医疗保健业,0
2019-12-11,电讯业,0
2019-12-11,公用事业,0
2019-12-11,金融业,0
2019-12-11,地产建筑业,0
2019-12-11,资讯科技业,0
2019-12-11,综合企业,0
2019-12-11,其他,0
2019-12-12,能源业,0
2019-12-12,原材料业,0
2019-12-12,工业,0
2019-12-12,非必需性消费,0
2019-12-12,必需性消费,0
2019-12-12,医疗保健业,0
2019-12-12,电讯业,0
2019-12-12,公用事业,0
2019-12-12,金融业,0
2019-12-12,地产建筑业,0
2019-12-12,资讯科技业,0
2019-12-12,综合企业,0
2019-12-12,其他,0
2019-12-13,能源业,0
2019-12-13,原材料业,0
2019-12-13,工业,0
2019-12-13,非必需性消费,0
2019-12-13,必需性消费,0
2019-12-13,医疗保健业,0
2019-12-13,电讯业,0
2019-12-13,公用事业,0
2019-12-13,金融业,0
2019-12-13,地产建筑业,0
2019-12-13,资讯科技业,0
2019-12-13,综合企业,0
2019-12-13,其他,0
2019-12-16,能源业,0
2019-12-16,原材料业,0
2019-12-16,工业,0
2019-12-16,非必需性消费,0
2019-12-16,必需性消费,0
2019-12-16,医疗保健业,0
2019-12-16,电讯业,0
2019-12-16,公用事业,0
2019-12-16,金融业,0
2019-12-16,地产建筑业,0
2019-12-16,资讯科技业,0
2019-12-16,综合企业,0
2019-12-16,其他,0
2019-12-17,能源业,0
2019-12-17,原材料业,0
2019-12-17,工业,0
2019-12-17,非必需性消费,0
2019-12-17,必需性消费,0
2019-12-17,医疗保健业,0
2019-12-17,电讯业,0
2019-12-17,公用事业,0
2019-12-17,金融业,0
2019-12-17,地产建筑业,0
2019-12-17,资讯科技业,0
2019-12-17,综合企业,0
2019-12-17,其他,0
2019-12-18,能源业,0
2019-12-18,原材料业,0
2019-12-18,工业,0
2019-12-18,非必需性消费,0
2019-12-18,必需性消费,0
2019-12-18,医疗保健业,0
2019-12-18,电讯业,0
2019-12-18,公用事业,0
2019-12-18,金融业,0
2019-12-18,地产建筑业,0
2019-12-18,资讯科技业,0
2019-12-18,综合企业,0
2019-12-18,其他,0
2019-12-19,能源业,0
2019-12-19,原材料业,0
2019-12-19,工业,0
2019-12-19,非必需性消费,0
2019-12-19,必需性消费,0
2019-12-19,医疗保健业,0
2019-12-19,电讯业,0
2019-12-19,公用事业,0
2019-12-19,金融业,0
2019-12-19,地产建筑业,0
2019-12-19,资讯科技业,0
2019-12-19,综合企业,0
2019-12-19,其他,0
2019-12-20,能源业,0
2019-12-20,原材料业,0
2019-12-20,工业,0
2019-12-20,非必需性消费,0
2019-12-20,必需性消费,0
2019-12-20,医疗保健业,0
2019-12-20,电讯业,0
2019-12-20,公用事业,0
2019-12-20,金融业,0
2019-12-20,地产建筑业,0
2019-12-20,资讯科技业,0
2019-12-20,综合企业,0
2019-12-20,其他,0
2019-12-23,能源业,0
2019-12-23,原材料业,0
2019-12-23,工业,0
2019-12-23,非必需性消费,0
2019-12-23,必需性消费,0
2019-12-23,医疗保健业,0
2019-12-23,电讯业,0
2019-12-23,公用事业,0
2019-12-23,金融业,0
2019-12-23,地产建筑业,0
2019-12-23,资讯科技业,0
2019-12-23,综合企业,0
2019-12-23,其他,0
2019-12-24,能源业,0
2019-12-24,原材料业,0
2019-12-24,工业,0
2019-12-24,非必需性消费,0
2019-12-24,必需性消费,0
2019-12-24,医疗保健业,0
2019-12-24,电讯业,0
2019-12-24,公用事业,0
2019-12-24,金融业,0
2019-12-24,地产建筑业,0
2019-12-24,资讯科技业,0
2019-12-24,综合企业,0
2019-12-24,其他,0
2019-12-25,能源业,0
2019-12-25,原材料业,0
2019-12-25,工业,0
2019-12-25,非必需性消费,0
2019-12-25,必需性消费,0
2019-12-25,医疗保健业,0
2019-12-25,电讯业,0
2019-12-25,公用事业,0
2019-12-25,金融业,0
2019-12-25,地产建筑业,0
2019-12-25,资讯科技业,0
2019-12-25,综合企业,0
2019-12-25,其他,0
2019-12-26,能源业,0
2019-12-26,原材料业,0
2019-12-26,工业,0
2019-12-26,非必需性消费,0
2019-12-26,必需性消费,0
2019-12-26,医疗保健业,0
2019-12-26,电讯业,0
2019-12-26,公用事业,0
2019-12-26,金融业,0
2019-12-26,地产建筑业,0
2019-12-26,资讯科技业,0
2019-12-26,综合企业,0
2019-12-26,其他,0
2019-12-27,能源业,0
2019-12-27,原材料业,0
2019-12-27,工业,0
2019-12-27,非必需性消费,0
2019-12-27,必需性消费,0
2019-12-27,医疗保健业,0
2019-12-27,电讯业,0
2019-12-27,公用事业,0
2019-12-27,金融业,0
2019-12-27,地产建筑业,0
2019-12-27,资讯科技业,0
2019-12-27,综合企业,0
2019-12-27,其他,0
2019-12-30,能源业,0
2019-12-30,原材料业,0
2019-12-30,工业,0
2019-12-30,非必需性消费,0
2019-12-30,必需性消费,0
2019-12-30,医疗保健业,0
2019-12-30,电讯业,0
2019-12-30,公用事业,0
2019-12-30,金融业,0
2019-12-30,地产建筑业,0
2019-12-30,资讯科技业,0
2019-12-30,综合企业,0
2019-12-30,其他,0
2019-12-31,能源业,0
2019-12-31,原材料业,0
2019-12-31,工业,0
2019-12-31,非必需性消费,0
2019-12-31,必需性消费,0
2019-12-31,医疗保健业,0
2019-12-31,电讯业,0
2019-12-31,公用事业,0
2019-12-31,金融业,0
2019-12-31,地产建筑业,0
2019-12-31,资讯科技业,0
2019-12-31,综合企业,0
2019-12-31,其他,0
2020-01-02,能源业,0
2020-01-02,原材料业,0
2020-01-02,工业,0
2020-01-02,非必需性消费,0
2020-01-02,必需性消费,0
2020-01-02,医疗保健业,0
2020-01-02,电讯业,0
2020-01-02,公用事业,0
2020-01-02,金融业,0
2020-01-02,地产建筑业,0
2020-01-02,资讯科技业,0
2020-01-02,综合企业,0
2020-01-02,其他,0
2020-01-03,能源业,0
2020-01-03,原材料业,0
2020-01-03,工业,0
2020-01-03,非必需性消费,0
2020-01-03,必需性消费,0
2020-01-03,医疗保健业,0
2020-01-03,电讯业,0
2020-01-03,公用事业,0
2020-01-03,金融业,0
2020-01-03,地产建筑业,0
2020-01-03,资讯科技业,0
2020-01-03,综合企业,0
2020-01-03,其他,0
2020-01-06,能源业,0
2020-01-06,原材料业,0
2020-01-06,工业,0
2020-01-06,非必需性消费,0
2020-01-06,必需性消费,0
2020-01-06,医疗保健业,0
2020-01-06,电讯业,0
2020-01-06,公用事业,0
2020-01-06,金融业,0
2020-01-06,地产建筑业,0
2020-01-06,资讯科技业,0
2020-01-06,综合企业,0
2020-01-06,其他,0
2020-01-07,能源业,0
2020-01-07,原材料业,0
2020-01-07,工业,0
2020-01-07,非必需性消费,0
2020-01-07,必需性消费,0
2020-01-07,医疗保健业,0
2020-01-07,电讯业,0
2020-01-07,公用事业,0
2020-01-07,金融业,0
2020-01-07,地产建筑业,0
2020-01-07,资讯科技业,0
2020-01-07,综合企业,0
2020-01-07,其他,0
2020-01-08,能源业,0
2020-01-08,原材料业,0
2020-01-08,工业,0
2020-01-08,非必需性消费,0
2020-01-08,必需性消费,0
2020-01-08,医疗保健业,0
2020-01-08,电讯业,0
2020-01-08,公用事业,0
2020-01-08,金融业,0
2020-01-08,地产建筑业,0
2020-01-08,资讯科技业,0
2020-01-08,综合企业,0
2020-01-08,其他,0
2020-01-09,能源业,0
2020-01-09,原材料业,0
2020-01-09,工业,0
2020-01-09,非必需性消费,0
2020-01-09,必需性消费,0
2020-01-09,医疗保健业,0
2020-01-09,电讯业,0
2020-01-09,公用事业,0
2020-01-09,金融业,0
2020-01-09,地产建筑业,0
2020-01-09,资讯科技业,0
2020-01-09,综合企业,0
2020-01-09,其他,0
2020-01-10,能源业,0
2020-01-10,原材料业,0
2020-01-10,工业,0
2020-01-10,非必需性消费,0
2020-01-10,必需性消费,0
2020-01-10,医疗保健业,0
2020-01-10,电讯业,0
2020-01-10,公用事业,0
2020-01-10,金融业,0
2020-01-10,地产建筑业,0
2020-01-10,资讯科技业,0
2020-01-10,综合企业,0
2020-01-10,其他,0
2020-01-13,能源业,0
2020-01-13,原材料业,0
2020-01-13,工业,0
2020-01-13,非必需性消费,0
2020-01-13,必需性消费,0
2020-01-13,医疗保健业,0
2020-01-13,电讯业,0
2020-01-13,公用事业,0
2020-01-13,金融业,0
2020-01-13,地产建筑业,0
2020-01-13,资讯科技业,0
2020-01-13,综合企业,0
2020-01-13,其他,0
2020-01-14,能源业,0
2020-01-14,原材料业,0
2020-01-14,工业,0
2020-01-14,非必需性消费,0
2020-01-14,必需性消费,0
2020-01-14,医疗保健业,0
2020-01-14,电讯业,0
2020-01-14,公用事业,0
2020-01-14,金融业,0
2020-01-14,地产建筑业,0
2020-01-14,资讯科技业,0
2020-01-14,综合企业,0
2020-01-14,其他,0
2020-01-15,能源业,0
2020-01-15,原材料业,0
2020-01-15,工业,0
2020-01-15,非必需性消费,0
2020-01-15,必需性消费,0
2020-01-15,医疗保健业,0
2020-01-15,电讯业,0
2020-01-15,公用事业,0
2020-01-15,金融业,0
2020-01-15,地产建筑业,0
2020-01-15,资讯科技业,0
2020-01-15,综合企业,0
2020-01-15,其他,0
2020-01-16,能源业,0
2020-01-16,原材料业,0
2020-01-16,工业,0
2020-01-16,非必需性消费,0
2020-01-16,必需性消费,0
2020-01-16,医疗保健业,0
2020-01-16,电讯业,0
2020-01-16,公用事业,0
2020-01-16,金融业,0
2020-01-16,地产建筑业,0
2020-01-16,资讯科技业,0
2020-01-16,综合企业,0
2020-01-16,其他,0
2020-01-17,能源业,0
2020-01-17,原材料业,0
2020-01-17,工业,0
2020-01-17,非必需性消费,0
2020-01-17,必需性消费,0
2020-01-17,医疗保健业,0
2020-01-17,电讯业,0
2020-01-17,公用事业,0
2020-01-17,金融业,0
2020-01-17,地产建筑业,0
2020-01-17,资讯科技业,0
2020-01-17,综合企业,0
2020-01-17,其他,0
2020-01-20,能源业,0
2020-01-20,原材料业,0
2020-01-20,工业,0
2020-01-20,非必需性消费,0
2020-01-20,必需性消费,0
2020-01-20,医疗保健业,0
2020-01-20,电讯业,0
2020-01-20,公用事业,0
2020-01-20,金融业,0
2020-01-20,地产建筑业,0
2020-01-20,资讯科技业,0
2020-01-20,综合企业,0
2020-01-20,其他,0
2020-01-21,能源业,0
2020-01-21,原材料业,0
2020-01-21,工业,0
2020-01-21,非必需性消费,0
2020-01-21,必需性消费,0
2020-01-21,医疗保健业,0
2020-01-21,电讯业,0
2020-01-21,公用事业,0
2020-01-21,金融业,0
2020-01-21,地产建筑业,0
2020-01-21,资讯科技业,0
2020-01-21,综合企业,0
2020-01-21,其他,0
2020-01-22,能源业,0
2020-01-22,原材料业,0
2020-01-22,工业,0
2020-01-22,非必需性消费,0
2020-01-22,必需性消费,0
2020-01-22,医疗保健业,0
2020-01-22,电讯业,0
2020-01-22,公用事业,0
2020-01-22,金融业,0
2020-01-22,地产建筑业,0
2020-01-22,资讯科技业,0
2020-01-22,综合企业,0
2020-01-22,其他,0
2020-01-23,能源业,0
2020-01-23,原材料业,0
2020-01-23,工业,0
2020-01-23,非必需性消费,0
2020-01-23,必需性消费,0
2020-01-23,医疗保健业,0
2020-01-23,电讯业,0
2020-01-23,公用事业,0
2020-01-23,金融业,0
2020-01-23,地产建筑业,0
2020-01-23,资讯科技业,0
2020-01-23,综合企业,0
2020-01-23,其他,0
2020-02-03,能源业,0
2020-02-03,原材料业,0
2020-02-03,工业,0
2020-02-03,非必需性消费,0
2020-02-03,必需性消费,0
2020-02-03,医疗保健业,0
2020-02-03,电讯业,0
2020-02-03,公用事业,0
2020-02-03,金融业,0
2020-02-03,地产建筑业,0
2020-02-03,资讯科技业,0
2020-02-03,综合企业,0
2020-02-03,其他,0
2020-02-04,能源业,0
2020-02-04,原材料业,0
2020-02-04,工业,0
2020-02-04,非必需性消费,0
2020-02-04,必需性消费,0
2020-02-04,医疗保健业,0
2020-02-04,电讯业,0
2020-02-04,公用事业,0
2020-02-04,金融业,0
2020-02-04,地产建筑业,0
2020-02-04,资讯科技业,0
2020-02-04,综合企业,0
2020-02-04,其他,0
2020-02-05,能源业,0
2020-02-05,原材料业,0
2020-02-05,工业,0
2020-02-05,非必需性消费,0
2020-02-05,必需性消费,0
2020-02-05,医疗保健业,0
2020-02-05,电讯业,0
2020-02-05,公用事业,0
2020-02-05,金融业,0
2020-02-05,地产建筑业,0
2020-02-05,资讯科技业,0
2020-02-05,综合企业,0
2020-02-05,其他,0
2020-02-06,能源业,0
2020-02-06,原材料业,0
2020-02-06,工业,0
2020-02-06,非必需性消费,0
2020-02-06,必需性消费,0
2020-02-06,医疗保健业,0
2020-02-06,电讯业,0
2020-02-06,公用事业,0
2020-02-06,金融业,0
2020-02-06,地产建筑业,0
2020-02-06,资讯科技业,0
2020-02-06,综合企业,0
2020-02-06,其他,0
2020-02-07,能源业,0
2020-02-07,原材料业,0
2020-02-07,工业,0
2020-02-07,非必需性消费,0
2020-02-07,必需性消费,0
2020-02-07,医疗保健业,0
2020-02-07,电讯业,0
2020-02-07,公用事业,0
2020-02-07,金融业,0
2020-02-07,地产建筑业,0
2020-02-07,资讯科技业,0
2020-02-07,综合企业,0
2020-02-07,其他,0
2020-02-10,能源业,0
2020-02-10,原材料业,0
2020-02-10,工业,0
2020-02-10,非必需性消费,0
2020-02-10,必需性消费,0
2020-02-10,医疗保健业,0
2020-02-10,电讯业,0
2020-02-10,公用事业,0
2020-02-10,金融业,0
2020-02-10,地产建筑业,0
2020-02-10,资讯科技业,0
2020-02-10,综合企业,0
2020-02-10,其他,0
2020-02-11,能源业,0
2020-02-11,原材料业,0
2020-02-11,工业,0
2020-02-11,非必需性消费,0
2020-02-11,必需性消费,0
2020-02-11,医疗保健业,0
2020-02-11,电讯业,0
2020-02-11,公用事业,0
2020-02-11,金融业,0
2020-02-11,地产建筑业,0
2020-02-11,资讯科技业,0
2020-02-11,综合企业,0
2020-02-11,其他,0
2020-02-12,能源业,0
2020-02-12,原材料业,0
2020-02-12,工业,0
2020-02-12,非必需性消费,0
2020-02-12,必需性消费,0
2020-02-12,医疗保健业,0
2020-02-12,电讯业,0
2020-02-12,公用事业,0
2020-02-12,金融业,0
2020-02-12,地产建筑业,0
2020-02-12,资讯科技业,0
2020-02-12,综合企业,0
2020-02-12,其他,0
2020-02-13,能源业,0
2020-02-13,原材料业,0
2020-02-13,工业,0
2020-02-13,非必需性消费,0
2020-02-13,必需性消费,0
2020-02-13,医疗保健业,0
2020-02-13,电讯业,0
2020-02-13,公用事业,0
2020-02-13,金融业,0
2020-02-13,地产建筑业,0
2020-02-13,资讯科技业,0
2020-02-13,综合企业,0
2020-02-13,其他,0
2020-02-14,能源业,0
2020-02-14,原材料业,0
2020-02-14,工业,0
2020-02-14,非必需性消费,0
2020-02-14,必需性消费,0
2020-02-14,医疗保健业,0
2020-02-14,电讯业,0
2020-02-14,公用事业,0
2020-02-14,金融业,0
2020-02-14,地产建筑业,0
2020-02-14,资讯科技业,0
2020-02-14,综合企业,0
2020-02-14,其他,0
2020-02-17,能源业,0
2020-02-17,原材料业,0
2020-02-17,工业,0
2020-02-17,非必需性消费,0
2020-02-17,必需性消费,0
2020-02-17,医疗保健业,0
2020-02-17,电讯业,0
2020-02-17,公用事业,0
2020-02-17,金融业,0
2020-02-17,地产建筑业,0
2020-02-17,资讯科技业,0
2020-02-17,综合企业,0
2020-02-17,其他,0
2020-02-18,能源业,0
2020-02-18,原材料业,0
2020-02-18,工业,0
2020-02-18,非必需性消费,0
2020-02-18,必需性消费,0
2020-02-18,医疗保健业,0
2020-02-18,电讯业,0
2020-02-18,公用事业,0
2020-02-18,金融业,0
2020-02-18,地产建筑业,0
2020-02-18,资讯科技业,0
2020-02-18,综合企业,0
2020-02-18,其他,0
2020-02-19,能源业,0
2020-02-19,原材料业,0
2020-02-19,工业,0
2020-02-19,非必需性消费,0
2020-02-19,必需性消费,0
2020-02-19,医疗保健业,0
2020-02-19,电讯业,0
2020-02-19,公用事业,0
2020-02-19,金融业,0
2020-02-19,地产建筑业,0
2020-02-19,资讯科技业,0
2020-02-19,综合企业,0
2020-02-19,其他,0
2020-02-20,能源业,0
2020-02-20,原材料业,0
2020-02-20,工业,0
2020-02-20,非必需性消费,0
2020-02-20,必需性消费,0
2020-02-20,医疗保健业,0
2020-02-20,电讯业,0
2020-02-20,公用事业,0
2020-02-20,金融业,0
2020-02-20,地产建筑业,0
2020-02-20,资讯科技业,0
2020-02-20,综合企业,0
2020-02-20,其他,0
2020-02-21,能源业,0
2020-02-21,原材料业,0
2020-02-21,工业,0
2020-02-21,非必需性消费,0
2020-02-21,必需性消费,0
2020-02-21,医疗保健业,0
2020-02-21,电讯业,0
2020-02-21,公用事业,0
2020-02-21,金融业,0
2020-02-21,地产建筑业,0
2020-02-21,资讯科技业,0
2020-02-21,综合企业,0
2020-02-21,其他,0
2020-02-24,能源业,0
2020-02-24,原材料业,0
2020-02-24,工业,0
2020-02-24,非必需性消费,0
2020-02-24,必需性消费,0
2020-02-24,医疗保健业,0
2020-02-24,电讯业,0
2020-02-24,公用事业,0
2020-02-24,金融业,0
2020-02-24,地产建筑业,0
2020-02-24,资讯科技业,0
2020-02-24,综合企业,0
2020-02-24,其他,0
2020-02-25,能源业,0
2020-02-25,原材料业,0
2020-02-25,工业,0
2020-02-25,非必需性消费,0
2020-02-25,必需性消费,0
2020-02-25,医疗保健业,0
2020-02-25,电讯业,0
2020-02-25,公用事业,0
2020-02-25,金融业,0
2020-02-25,地产建筑业,0
2020-02-25,资讯科技业,0
2020-02-25,综合企业,0
2020-02-25,其他,0
2020-02-26,能源业,0
2020-02-26,原材料业,0
2020-02-26,工业,0
2020-02-26,非必需性消费,0
2020-02-26,必需性消费,0
2020-02-26,医疗保健业,0
2020-02-26,电讯业,0
2020-02-26,公用事业,0
2020-02-26,金融业,0
2020-02-26,地产建筑业,0
2020-02-26,资讯科技业,0
2020-02-26,综合企业,0
2020-02-26,其他,0
2020-02-27,能源业,0
2020-02-27,原材料业,0
2020-02-27,工业,0
2020-02-27,非必需性消费,0
2020-02-27,必需性消费,0
2020-02-27,医疗保健业,0
2020-02-27,电讯业,0
2020-02-27,公用事业,0
2020-02-27,金融业,0
2020-02-27,地产建筑业,0
2020-02-27,资讯科技业,0
2020-02-27,综合企业,0
2020-02-27,其他,0
2020-02-28,能源业,0
2020-02-28,原材料业,0
2020-02-28,工业,0
2020-02-28,非必需性消费,0
2020-02-28,必需性消费,0
2020-02-28,医疗保健业,0
2020-02-28,电讯业,0
2020-02-28,公用事业,0
2020-02-28,金融业,0
2020-02-28,地产建筑业,0
2020-02-28,资讯科技业,0
2020-02-28,综合企业,0
2020-02-28,其他,0
2020-03-02,能源业,0
2020-03-02,原材料业,0
2020-03-02,工业,0
2020-03-02,非必需性消费,0
2020-03-02,必需性消费,0
2020-03-02,医疗保健业,0
2020-03-02,电讯业,0
2020-03-02,公用事业,0
2020-03-02,金融业,0
2020-03-02,地产建筑业,0
2020-03-02,资讯科技业,0
2020-03-02,综合企业,0
2020-03-02,其他,0
2020-03-03,能源业,0
2020-03-03,原材料业,0
2020-03-03,工业,0
2020-03-03,非必需性消费,0
2020-03-03,必需性消费,0
2020-03-03,医疗保健业,0
2020-03-03,电讯业,0
2020-03-03,公用事业,0
2020-03-03,金融业,0
2020-03-03,地产建筑业,0
2020-03-03,资讯科技业,0
2020-03-03,综合企业,0
2020-03-03,其他,0
2020-03-04,能源业,0
2020-03-04,原材料业,0
2020-03-04,工业,0
2020-03-04,非必需性消费,0
2020-03-04,必需性消费,0
2020-03-04,医疗保健业,0
2020-03-04,电讯业,0
2020-03-04,公用事业,0
2020-03-04,金融业,0
2020-03-04,地产建筑业,0
2020-03-04,资讯科技业,0
2020-03-04,综合企业,0
2020-03-04,其他,0
2020-03-05,能源业,0
2020-03-05,原材料业,0
2020-03-05,工业,0
2020-03-05,非必需性消费,0
2020-03-05,必需性消费,0
2020-03-05,医疗保健业,0
2020-03-05,电讯业,0
2020-03-05,公用事业,0
2020-03-05,金融业,0
2020-03-05,地产建筑业,0
2020-03-05,资讯科技业,0
2020-03-05,综合企业,0
2020-03-05,其他,0
2020-03-06,能源业,0
2020-03-06,原材料业,0
2020-03-06,工业,0
2020-03-06,非必需性消费,0
2020-03-06,必需性消费,0
2020-03-06,医疗保健业,0
2020-03-06,电讯业,0
2020-03-06,公用事业,0
2020-03-06,金融业,0
2020-03-06,地产建筑业,0
2020-03-06,资讯科技业,0
2020-03-06,综合企业,0
2020-03-06,其他,0
2020-03-09,能源业,0
2020-03-09,原材料业,0
2020-03-09,工业,0
2020-03-09,非必需性消费,0
2020-03-09,必需性消费,0
2020-03-09,医疗保健业,0
2020-03-09,电讯业,0
2020-03-09,公用事业,0
2020-03-09,金融业,0
2020-03-09,地产建筑业,0
2020-03-09,资讯科技业,0
2020-03-09,综合企业,0
2020-03-09,其他,0
2020-03-10,能源业,0
2020-03-10,原材料业,0
2020-03-10,工业,0
2020-03-10,非必需性消费,0
2020-03-10,必需性消费,0
2020-03-10,医疗保健业,0
2020-03-10,电讯业,0
2020-03-10,公用事业,0
2020-03-10,金融业,0
2020-03-10,地产建筑业,0
2020-03-10,资讯科技业,0
2020-03-10,综合企业,0
2020-03-10,其他,0
2020-03-11,能源业,0
2020-03-11,原材料业,0
2020-03-11,工业,0
2020-03-11,非必需性消费,0
2020-03-11,必需性消费,0
2020-03-11,医疗保健业,0
2020-03-11,电讯业,0
2020-03-11,公用事业,0
2020-03-11,金融业,0
2020-03-11,地产建筑业,0
2020-03-11,资讯科技业,0
2020-03-11,综合企业,0
2020-03-11,其他,0
2020-03-12,能源业,0
2020-03-12,原材料业,0
2020-03-12,工业,0
2020-03-12,非必需性消费,0
2020-03-12,必需性消费,0
2020-03-12,医疗保健业,0
2020-03-12,电讯业,0
2020-03-12,公用事业,0
2020-03-12,金融业,0
2020-03-12,地产建筑业,0
2020-03-12,资讯科技业,0
2020-03-12,综合企业,0
2020-03-12,其他,0
2020-03-13,能源业,0
2020-03-13,原材料业,0
2020-03-13,工业,0
2020-03-13,非必需性消费,0
2020-03-13,必需性消费,0
2020-03-13,医疗保健业,0
2020-03-13,电讯业,0
2020-03-13,公用事业,0
2020-03-13,金融业,0
2020-03-13,地产建筑业,0
2020-03-13,资讯科技业,0
2020-03-13,综合企业,0
2020-03-13,其他,0
2020-03-16,能源业,0
2020-03-16,原材料业,0
2020-03-16,工业,0
2020-03-16,非必需性消费,0
2020-03-16,必需性消费,0
2020-03-16,医疗保健业,0
2020-03-16,电讯业,0
2020-03-16,公用事业,0
2020-03-16,金融业,0
2020-03-16,地产建筑业,0
2020-03-16,资讯科技业,0
2020-03-16,综合企业,0
2020-03-16,其他,0
2020-03-17,能源业,0
2020-03-17,原材料业,0
2020-03-17,工业,0
2020-03-17,非必需性消费,0
2020-03-17,必需性消费,0
2020-03-17,医疗保健业,0
2020-03-17,电讯业,0
2020-03-17,公用事业,0
2020-03-17,金融业,0
2020-03-17,地产建筑业,0
2020-03-17,资讯科技业,0
2020-03-17,综合企业,0
2020-03-17,其他,0
2020-03-18,能源业,0
2020-03-18,原材料业,0
2020-03-18,工业,0
2020-03-18,非必需性消费,0
2020-03-18,必需性消费,0
2020-03-18,医疗保健业,0
2020-03-18,电讯业,0
2020-03-18,公用事业,0
2020-03-18,金融业,0
2020-03-18,地产建筑业,0
2020-03-18,资讯科技业,0
2020-03-18,综合企业,0
2020-03-18,其他,0
2020-03-19,能源业,0
2020-03-19,原材料业,0
2020-03-19,工业,0
2020-03-19,非必需性消费,0
2020-03-19,必需性消费,0
2020-03-19,医疗保健业,0
2020-03-19,电讯业,0
2020-03-19,公用事业,0
2020-03-19,金融业,0
2020-03-19,地产建筑业,0
2020-03-19,资讯科技业,0
2020-03-19,综合企业,0
2020-03-19,其他,0
2020-03-20,能源业,0
2020-03-20,原材料业,0
2020-03-20,工业,0
2020-03-20,非必需性消费,0
2020-03-20,必需性消费,0
2020-03-20,医疗保健业,0
2020-03-20,电讯业,0
2020-03-20,公用事业,0
2020-03-20,金融业,0
2020-03-20,地产建筑业,0
2020-03-20,资讯科技业,0
2020-03-20,综合企业,0
2020-03-20,其他,0
2020-03-23,能源业,0
2020-03-23,原材料业,0
2020-03-23,工业,0
2020-03-23,非必需性消费,0
2020-03-23,必需性消费,0
2020-03-23,医疗保健业,0
2020-03-23,电讯业,0
2020-03-23,公用事业,0
2020-03-23,金融业,0
2020-03-23,地产建筑业,0
2020-03-23,资讯科技业,0
2020-03-23,综合企业,0
2020-03-23,其他,0
2020-03-24,能源业,0
2020-03-24,原材料业,0
2020-03-24,工业,0
2020-03-24,非必需性消费,0
2020-03-24,必需性消费,0
2020-03-24,医疗保健业,0
2020-03-24,电讯业,0
2020-03-24,公用事业,0
2020-03-24,金融业,0
2020-03-24,地产建筑业,0
2020-03-24,资讯科技业,0
2020-03-24,综合企业,0
2020-03-24,其他,0
2020-03-25,能源业,0
2020-03-25,原材料业,0
2020-03-25,工业,0
2020-03-25,非必需性消费,0
2020-03-25,必需性消费,0
2020-03-25,医疗保健业,0
2020-03-25,电讯业,0
2020-03-25,公用事业,0
2020-03-25,金融业,0
2020-03-25,地产建筑业,0
2020-03-25,资讯科技业,0
2020-03-25,综合企业,0
2020-03-25,其他,0
2020-03-26,能源业,0
2020-03-26,原材料业,0
2020-03-26,工业,0
2020-03-26,非必需性消费,0
2020-03-26,必需性消费,0
2020-03-26,医疗保健业,0
2020-03-26,电讯业,0
2020-03-26,公用事业,0
2020-03-26,金融业,0
2020-03-26,地产建筑业,0
2020-03-26,资讯科技业,0
2020-03-26,综合企业,0
2020-03-26,其他,0
2020-03-27,能源业,0
2020-03-27,原材料业,0
2020-03-27,工业,0
2020-03-27,非必需性消费,0
2020-03-27,必需性消费,0
2020-03-27,医疗保健业,0
2020-03-27,电讯业,0
2020-03-27,公用事业,0
2020-03-27,金融业,0
2020-03-27,地产建筑业,0
2020-03-27,资讯科技业,0
2020-03-27,综合企业,0
2020-03-27,其他,0
2020-03-30,能源业,0
2020-03-30,原材料业,0
2020-03-30,工业,0
2020-03-30,非必需性消费,0
2020-03-30,必需性消费,0
2020-03-30,医疗保健业,0
2020-03-30,电讯业,0
2020-03-30,公用事业,0
2020-03-30,金融业,0
2020-03-30,地产建筑业,0
2020-03-30,资讯科技业,0
2020-03-30,综合企业,0
2020-03-30,其他,0
2020-03-31,能源业,0
2020-03-31,原材料业,0
2020-03-31,工业,0
2020-03-31,非必需性消费,0
2020-03-31,必需性消费,0
2020-03-31,医疗保健业,0
2020-03-31,电讯业,0
2020-03-31,公用事业,0
2020-03-31,金融业,0
2020-03-31,地产建筑业,0
2020-03-31,资讯科技业,0
2020-03-31,综合企业,0
2020-03-31,其他,0
2020-04-01,能源业,0
2020-04-01,原材料业,0
2020-04-01,工业,0
2020-04-01,非必需性消费,0
2020-04-01,必需性消费,0
2020-04-01,医疗保健业,0
2020-04-01,电讯业,0
2020-04-01,公用事业,0
2020-04-01,金融业,0
2020-04-01,地产建筑业,0
2020-04-01,资讯科技业,0
2020-04-01,综合企业,0
2020-04-01,其他,0
2020-04-02,能源业,0
2020-04-02,原材料业,0
2020-04-02,工业,0
2020-04-02,非必需性消费,0
2020-04-02,必需性消费,0
2020-04-02,医疗保健业,0
2020-04-02,电讯业,0
2020-04-02,公用事业,0
2020-04-02,金融业,0
2020-04-02,地产建筑业,0
2020-04-02,资讯科技业,0
2020-04-02,综合企业,0
2020-04-02,其他,0
2020-04-03,能源业,0
2020-04-03,原材料业,0
2020-04-03,工业,0
2020-04-03,非必需性消费,0
2020-04-03,必需性消费,0
2020-04-03,医疗保健业,0
2020-04-03,电讯业,0
2020-04-03,公用事业,0
2020-04-03,金融业,0
2020-04-03,地产建筑业,0
2020-04-03,资讯科技业,0
2020-04-03,综合企业,0
2020-04-03,其他,0
2020-04-07,能源业,0
2020-04-07,原材料业,0
2020-04-07,工业,0
2020-04-07,非必需性消费,0
2020-04-07,必需性消费,0
2020-04-07,医疗保健业,0
2020-04-07,电讯业,0
2020-04-07,公用事业,0
2020-04-07,金融业,0
2020-04-07,地产建筑业,0
2020-04-07,资讯科技业,0
2020-04-07,综合企业,0
2020-04-07,其他,0
2020-04-08,能源业,0
2020-04-08,原材料业,0
2020-04-08,工业,0
2020-04-08,非必需性消费,0
2020-04-08,必需性消费,0
2020-04-08,医疗保健业,0
2020-04-08,电讯业,0
2020-04-08,公用事业,0
2020-04-08,金融业,0
2020-04-08,地产建筑业,0
2020-04-08,资讯科技业,0
2020-04-08,综合企业,0
2020-04-08,其他,0
2020-04-09,能源业,0
2020-04-09,原材料业,0
2020-04-09,工业,0
2020-04-09,非必需性消费,0
2020-04-09,必需性消费,0
2020-04-09,医疗保健业,0
2020-04-09,电讯业,0
2020-04-09,公用事业,0
2020-04-09,金融业,0
2020-04-09,地产建筑业,0
2020-04-09,资讯科技业,0
2020-04-09,综合企业,0
2020-04-09,其他,0
2020-04-10,能源业,0
2020-04-10,原材料业,0
2020-04-10,工业,0
2020-04-10,非必需性消费,0
2020-04-10,必需性消费,0
2020-04-10,医疗保健业,0
2020-04-10,电讯业,0
2020-04-10,公用事业,0
2020-04-10,金融业,0
2020-04-10,地产建筑业,0
2020-04-10,资讯科技业,0
2020-04-10,综合企业,0
2020-04-10,其他,0
2020-04-13,能源业,0
2020-04-13,原材料业,0
2020-04-13,工业,0
2020-04-13,非必需性消费,0
2020-04-13,必需性消费,0
2020-04-13,医疗保健业,0
2020-04-13,电讯业,0
2020-04-13,公用事业,0
2020-04-13,金融业,0
2020-04-13,地产建筑业,0
2020-04-13,资讯科技业,0
2020-04-13,综合企业,0
2020-04-13,其他,0
2020-04-14,能源业,0
2020-04-14,原材料业,0
2020-04-14,工业,0
2020-04-14,非必需性消费,0
2020-04-14,必需性消费,0
2020-04-14,医疗保健业,0
2020-04-14,电讯业,0
2020-04-14,公用事业,0
2020-04-14,金融业,0
2020-04-14,地产建筑业,0
2020-04-14,资讯科技业,0
2020-04-14,综合企业,0
2020-04-14,其他,0
2020-04-15,能源业,0
2020-04-15,原材料业,0
2020-04-15,工业,0
2020-04-15,非必需性消费,0
2020-04-15,必需性消费,0
2020-04-15,医疗保健业,0
2020-04-15,电讯业,0
2020-04-15,公用事业,0
2020-04-15,金融业,0
2020-04-15,地产建筑业,0
2020-04-15,资讯科技业,0
2020-04-15,综合企业,0
2020-04-15,其他,0
2020-04-16,能源业,0
2020-04-16,原材料业,0
2020-04-16,工业,0
2020-04-16,非必需性消费,0
2020-04-16,必需性消费,0
2020-04-16,医疗保健业,0
2020-04-16,电讯业,0
2020-04-16,公用事业,0
2020-04-16,金融业,0
2020-04-16,地产建筑业,0
2020-04-16,资讯科技业,0
2020-04-16,综合企业,0
2020-04-16,其他,0
2020-04-17,能源业,0
2020-04-17,原材料业,0
2020-04-17,工业,0
2020-04-17,非必需性消费,0
2020-04-17,必需性消费,0
2020-04-17,医疗保健业,0
2020-04-17,电讯业,0
2020-04-17,公用事业,0
2020-04-17,金融业,0
2020-04-17,地产建筑业,0
2020-04-17,资讯科技业,0
2020-04-17,综合企业,0
2020-04-17,其他,0
2020-04-20,能源业,0
2020-04-20,原材料业,0
2020-04-20,工业,0
2020-04-20,非必需性消费,0
2020-04-20,必需性消费,0
2020-04-20,医疗保健业,0
2020-04-20,电讯业,0
2020-04-20,公用事业,0
2020-04-20,金融业,0
2020-04-20,地产建筑业,0
2020-04-20,资讯科技业,0
2020-04-20,综合企业,0
2020-04-20,其他,0
2020-04-21,能源业,0
2020-04-21,原材料业,0
2020-04-21,工业,0
2020-04-21,非必需性消费,0
2020-04-21,必需性消费,0
2020-04-21,医疗保健业,0
2020-04-21,电讯业,0
2020-04-21,公用事业,0
2020-04-21,金融业,0
2020-04-21,地产建筑业,0
2020-04-21,资讯科技业,0
2020-04-21,综合企业,0
2020-04-21,其他,0
2020-04-22,能源业,0
2020-04-22,原材料业,0
2020-04-22,工业,0
2020-04-22,非必需性消费,0
2020-04-22,必需性消费,0
2020-04-22,医疗保健业,0
2020-04-22,电讯业,0
2020-04-22,公用事业,0
2020-04-22,金融业,0
2020-04-22,地产建筑业,0
2020-04-22,资讯科技业,0
2020-04-22,综合企业,0
2020-04-22,其他,0
2020-04-23,能源业,0
2020-04-23,原材料业,0
2020-04-23,工业,0
2020-04-23,非必需性消费,0
2020-04-23,必需性消费,0
2020-04-23,医疗保健业,0
2020-04-23,电讯业,0
2020-04-23,公用事业,0
2020-04-23,金融业,0
2020-04-23,地产建筑业,0
2020-04-23,资讯科技业,0
2020-04-23,综合企业,0
2020-04-23,其他,0
2020-04-24,能源业,0
2020-04-24,原材料业,0
2020-04-24,工业,0
2020-04-24,非必需性消费,0
2020-04-24,必需性消费,0
2020-04-24,医疗保健业,0
2020-04-24,电讯业,0
2020-04-24,公用事业,0
2020-04-24,金融业,0
2020-04-24,地产建筑业,0
2020-04-24,资讯科技业,0
2020-04-24,综合企业,0
2020-04-24,其他,0
2020-04-27,能源业,0
2020-04-27,原材料业,0
2020-04-27,工业,0
2020-04-27,非必需性消费,0
2020-04-27,必需性消费,0
2020-04-27,医疗保健业,0
2020-04-27,电讯业,0
2020-04-27,公用事业,0
2020-04-27,金融业,0
2020-04-27,地产建筑业,0
2020-04-27,资讯科技业,0
2020-04-27,综合企业,0
2020-04-27,其他,0
2020-04-28,能源业,0
2020-04-28,原材料业,0
2020-04-28,工业,0
2020-04-28,非必需性消费,0
2020-04-28,必需性消费,0
2020-04-28,医疗保健业,0
2020-04-28,电讯业,0
2020-04-28,公用事业,0
2020-04-28,金融业,0
2020-04-28,地产建筑业,0
2020-04-28,资讯科技业,0
2020-04-28,综合企业,0
2020-04-28,其他,0
2020-04-29,能源业,0
2020-04-29,原材料业,0
2020-04-29,工业,0
2020-04-29,非必需性消费,0
2020-04-29,必需性消费,0
2020-04-29,医疗保健业,0
2020-04-29,电讯业,0
2020-04-29,公用事业,0
2020-04-29,金融业,0
2020-04-29,地产建筑业,0
2020-04-29,资讯科技业,0
2020-04-29,综合企业,0
2020-04-29,其他,0
2020-04-30,能源业,0
2020-04-30,原材料业,0
2020-04-30,工业,0
2020-04-30,非必需性消费,0
2020-04-30,必需性消费,0
2020-04-30,医疗保健业,0
2020-04-30,电讯业,0
2020-04-30,公用事业,0
2020-04-30,金融业,0
2020-04-30,地产建筑业,0
2020-04-30,资讯科技业,0
2020-04-30,综合企业,0
2020-04-30,其他,0
2020-05-06,能源业,0
2020-05-06,原材料业,0
2020-05-06,工业,0
2020-05-06,非必需性消费,0
2020-05-06,必需性消费,0
2020-05-06,医疗保健业,0
2020-05-06,电讯业,0
2020-05-06,公用事业,0
2020-05-06,金融业,0
2020-05-06,地产建筑业,0
2020-05-06,资讯科技业,0
2020-05-06,综合企业,0
2020-05-06,其他,0
2020-05-07,能源业,0
2020-05-07,原材料业,0
2020-05-07,工业,0
2020-05-07,非必需性消费,0
2020-05-07,必需性消费,0
2020-05-07,医疗保健业,0
2020-05-07,电讯业,0
2020-05-07,公用事业,0
2020-05-07,金融业,0
2020-05-07,地产建筑业,0
2020-05-07,资讯科技业,0
2020-05-07,综合企业,0
2020-05-07,其他,0
2020-05-08,能源业,0
2020-05-08,原材料业,0
2020-05-08,工业,0
2020-05-08,非必需性消费,0
2020-05-08,必需性消费,0
2020-05-08,医疗保健业,0
2020-05-08,电讯业,0
2020-05-08,公用事业,0
2020-05-08,金融业,0
2020-05-08,地产建筑业,0
2020-05-08,资讯科技业,0
2020-05-08,综合企业,0
2020-05-08,其他,0
2020-05-11,能源业,0
2020-05-11,原材料业,0
2020-05-11,工业,0
2020-05-11,非必需性消费,0
2020-05-11,必需性消费,0
2020-05-11,医疗保健业,0
2020-05-11,电讯业,0
2020-05-11,公用事业,0
2020-05-11,金融业,0
2020-05-11,地产建筑业,0
2020-05-11,资讯科技业,0
2020-05-11,综合企业,0
2020-05-11,其他,0
2020-05-12,能源业,0
2020-05-12,原材料业,0
2020-05-12,工业,0
2020-05-12,非必需性消费,0
2020-05-12,必需性消费,0
2020-05-12,医疗保健业,0
2020-05-12,电讯业,0
2020-05-12,公用事业,0
2020-05-12,金融业,0
2020-05-12,地产建筑业,0
2020-05-12,资讯科技业,0
2020-05-12,综合企业,0
2020-05-12,其他,0
2020-05-13,能源业,0
2020-05-13,原材料业,0
2020-05-13,工业,0
2020-05-13,非必需性消费,0
2020-05-13,必需性消费,0
2020-05-13,医疗保健业,0
2020-05-13,电讯业,0
2020-05-13,公用事业,0
2020-05-13,金融业,0
2020-05-13,地产建筑业,0
2020-05-13,资讯科技业,0
2020-05-13,综合企业,0
2020-05-13,其他,0
2020-05-14,能源业,0
2020-05-14,原材料业,0
2020-05-14,工业,0
2020-05-14,非必需性消费,0
2020-05-14,必需性消费,0
2020-05-14,医疗保健业,0
2020-05-14,电讯业,0
2020-05-14,公用事业,0
2020-05-14,金融业,0
2020-05-14,地产建筑业,0
2020-05-14,资讯科技业,0
2020-05-14,综合企业,0
2020-05-14,其他,0
2020-05-15,能源业,0
2020-05-15,原材料业,0
2020-05-15,工业,0
2020-05-15,非必需性消费,0
2020-05-15,必需性消费,0
2020-05-15,医疗保健业,0
2020-05-15,电讯业,0
2020-05-15,公用事业,0
2020-05-15,金融业,0
2020-05-15,地产建筑业,0
2020-05-15,资讯科技业,0
2020-05-15,综合企业,0
2020-05-15,其他,0
2020-05-18,能源业,0
2020-05-18,原材料业,0
2020-05-18,工业,0
2020-05-18,非必需性消费,0
2020-05-18,必需性消费,0
2020-05-18,医疗保健业,0
2020-05-18,电讯业,0
2020-05-18,公用事业,0
2020-05-18,金融业,0
2020-05-18,地产建筑业,0
2020-05-18,资讯科技业,0
2020-05-18,综合企业,0
2020-05-18,其他,0
2020-05-19,能源业,0
2020-05-19,原材料业,0
2020-05-19,工业,0
2020-05-19,非必需性消费,0
2020-05-19,必需性消费,0
2020-05-19,医疗保健业,0
2020-05-19,电讯业,0
2020-05-19,公用事业,0
2020-05-19,金融业,0
2020-05-19,地产建筑业,0
2020-05-19,资讯科技业,0
2020-05-19,综合企业,0
2020-05-19,其他,0
2020-05-20,能源业,0
2020-05-20,原材料业,0
2020-05-20,工业,0
2020-05-20,非必需性消费,0
2020-05-20,必需性消费,0
2020-05-20,医疗保健业,0
2020-05-20,电讯业,0
2020-05-20,公用事业,0
2020-05-20,金融业,0
2020-05-20,地产建筑业,0
2020-05-20,资讯科技业,0
2020-05-20,综合企业,0
2020-05-20,其他,0
2020-05-21,能源业,0
2020-05-21,原材料业,0
2020-05-21,工业,0
2020-05-21,非必需性消费,0
2020-05-21,必需性消费,0
2020-05-21,医疗保健业,0
2020-05-21,电讯业,0
2020-05-21,公用事业,0
2020-05-21,金融业,0
2020-05-21,地产建筑业,0
2020-05-21,资讯科技业,0
2020-05-21,综合企业,0
2020-05-21,其他,0
2020-05-22,能源业,0
2020-05-22,原材料业,0
2020-05-22,工业,0
2020-05-22,非必需性消费,0
2020-05-22,必需性消费,0
2020-05-22,医疗保健业,0
2020-05-22,电讯业,0
2020-05-22,公用事业,0
2020-05-22,金融业,0
2020-05-22,地产建筑业,0
2020-05-22,资讯科技业,0
2020-05-22,综合企业,0
2020-05-22,其他,0
2020-05-25,能源业,0
2020-05-25,原材料业,0
2020-05-25,工业,0
2020-05-25,非必需性消费,0
2020-05-25,必需性消费,0
2020-05-25,医疗保健业,0
2020-05-25,电讯业,0
2020-05-25,公用事业,0
2020-05-25,金融业,0
2020-05-25,地产建筑业,0
2020-05-25,资讯科技业,0
2020-05-25,综合企业,0
2020-05-25,其他,0
2020-05-26,能源业,0
2020-05-26,原材料业,0
2020-05-26,工业,0
2020-05-26,非必需性消费,0
2020-05-26,必需性消费,0
2020-05-26,医疗保健业,0
2020-05-26,电讯业,0
2020-05-26,公用事业,0
2020-05-26,金融业,0
2020-05-26,地产建筑业,0
2020-05-26,资讯科技业,0
2020-05-26,综合企业,0
2020-05-26,其他,0
2020-05-27,能源业,0
2020-05-27,原材料业,0
2020-05-27,工业,0
2020-05-27,非必需性消费,0
2020-05-27,必需性消费,0
2020-05-27,医疗保健业,0
2020-05-27,电讯业,0
2020-05-27,公用事业,0
2020-05-27,金融业,0
2020-05-27,地产建筑业,0
2020-05-27,资讯科技业,0
2020-05-27,综合企业,0
2020-05-27,其他,0
2020-05-28,能源业,0
2020-05-28,原材料业,0
2020-05-28,工业,0
2020-05-28,非必需性消费,0
2020-05-28,必需性消费,0
2020-05-28,医疗保健业,0
2020-05-28,电讯业,0
2020-05-28,公用事业,0
2020-05-28,金融业,0
2020-05-28,地产建筑业,0
2020-05-28,资讯科技业,0
2020-05-28,综合企业,0
2020-05-28,其他,0
2020-05-29,能源业,0
2020-05-29,原材料业,0
2020-05-29,工业,0
2020-05-29,非必需性消费,0
2020-05-29,必需性消费,0
2020-05-29,医疗保健业,0
2020-05-29,电讯业,0
2020-05-29,公用事业,0
2020-05-29,金融业,0
2020-05-29,地产建筑业,0
2020-05-29,资讯科技业,0
2020-05-29,综合企业,0
2020-05-29,其他,0
2020-06-01,能源业,0
2020-06-01,原材料业,0
2020-06-01,工业,0
2020-06-01,非必需性消费,0
2020-06-01,必需性消费,0
2020-06-01,医疗保健业,0
2020-06-01,电讯业,0
2020-06-01,公用事业,0
2020-06-01,金融业,0
2020-06-01,地产建筑业,0
2020-06-01,资讯科技业,0
2020-06-01,综合企业,0
2020-06-01,其他,0
2020-06-02,能源业,0
2020-06-02,原材料业,0
2020-06-02,工业,0
2020-06-02,非必需性消费,0
2020-06-02,必需性消费,0
2020-06-02,医疗保健业,0
2020-06-02,电讯业,0
2020-06-02,公用事业,0
2020-06-02,金融业,0
2020-06-02,地产建筑业,0
2020-06-02,资讯科技业,0
2020-06-02,综合企业,0
2020-06-02,其他,0
2020-06-03,能源业,0
2020-06-03,原材料业,0
2020-06-03,工业,0
2020-06-03,非必需性消费,0
2020-06-03,必需性消费,0
2020-06-03,医疗保健业,0
2020-06-03,电讯业,0
2020-06-03,公用事业,0
2020-06-03,金融业,0
2020-06-03,地产建筑业,0
2020-06-03,资讯科技业,0
2020-06-03,综合企业,0
2020-06-03,其他,0
2020-06-04,能源业,0
2020-06-04,原材料业,0
2020-06-04,工业,0
2020-06-04,非必需性消费,0
2020-06-04,必需性消费,0
2020-06-04,医疗保健业,0
2020-06-04,电讯业,0
2020-06-04,公用事业,0
2020-06-04,金融业,0
2020-06-04,地产建筑业,0
2020-06-04,资讯科技业,0
2020-06-04,综合企业,0
2020-06-04,其他,0
2020-06-05,能源业,0
2020-06-05,原材料业,0
2020-06-05,工业,0
2020-06-05,非必需性消费,0
2020-06-05,必需性消费,0
2020-06-05,医疗保健业,0
2020-06-05,电讯业,0
2020-06-05,公用事业,0
2020-06-05,金融业,0
2020-06-05,地产建筑业,0
2020-06-05,资讯科技业,0
2020-06-05,综合企业,0
2020-06-05,其他,0
2020-06-08,能源业,0
2020-06-08,原材料业,0
2020-06-08,工业,0
2020-06-08,非必需性消费,0
2020-06-08,必需性消费,0
2020-06-08,医疗保健业,0
2020-06-08,电讯业,0
2020-06-08,公用事业,0
2020-06-08,金融业,0
2020-06-08,地产建筑业,0
2020-06-08,资讯科技业,0
2020-06-08,综合企业,0
2020-06-08,其他,0
2020-06-09,能源业,0
2020-06-09,原材料业,0
2020-06-09,工业,0
2020-06-09,非必需性消费,0
2020-06-09,必需性消费,0
2020-06-09,医疗保健业,0
2020-06-09,电讯业,0
2020-06-09,公用事业,0
2020-06-09,金融业,0
2020-06-09,地产建筑业,0
2020-06-09,资讯科技业,0
2020-06-09,综合企业,0
2020-06-09,其他,0
2020-06-10,能源业,0
2020-06-10,原材料业,0
2020-06-10,工业,0
2020-06-10,非必需性消费,0
2020-06-10,必需性消费,0
2020-06-10,医疗保健业,0
2020-06-10,电讯业,0
2020-06-10,公用事业,0
2020-06-10,金融业,0
2020-06-10,地产建筑业,0
2020-06-10,资讯科技业,0
2020-06-10,综合企业,0
2020-06-10,其他,0
2020-06-11,能源业,0
2020-06-11,原材料业,0
2020-06-11,工业,0
2020-06-11,非必需性消费,0
2020-06-11,必需性消费,0
2020-06-11,医疗保健业,0
2020-06-11,电讯业,0
2020-06-11,公用事业,0
2020-06-11,金融业,0
2020-06-11,地产建筑业,0
2020-06-11,资讯科技业,0
2020-06-11,综合企业,0
2020-06-11,其他,0
2020-06-12,能源业,0
2020-06-12,原材料业,0
2020-06-12,工业,0
2020-06-12,非必需性消费,0
2020-06-12,必需性消费,0
2020-06-12,医疗保健业,0
2020-06-12,电讯业,0
2020-06-12,公用事业,0
2020-06-12,金融业,0
2020-06-12,地产建筑业,0
2020-06-12,资讯科技业,0
2020-06-12,综合企业,0
2020-06-12,其他,0
2020-06-15,能源业,0
2020-06-15,原材料业,0
2020-06-15,工业,0
2020-06-15,非必需性消费,0
2020-06-15,必需性消费,0
2020-06-15,医疗保健业,0
2020-06-15,电讯业,0
2020-06-15,公用事业,0
2020-06-15,金融业,0
2020-06-15,地产建筑业,0
2020-06-15,资讯科技业,0
2020-06-15,综合企业,0
2020-06-15,其他,0
2020-06-16,能源业,0
2020-06-16,原材料业,0
2020-06-16,工业,0
2020-06-16,非必需性消费,0
2020-06-16,必需性消费,0
2020-06-16,医疗保健业,0
2020-06-16,电讯业,0
2020-06-16,公用事业,0
2020-06-16,金融业,0
2020-06-16,地产建筑业,0
2020-06-16,资讯科技业,0
2020-06-16,综合企业,0
2020-06-16,其他,0
2020-06-17,能源业,0
2020-06-17,原材料业,0
2020-06-17,工业,0
2020-06-17,非必需性消费,0
2020-06-17,必需性消费,0
2020-06-17,医疗保健业,0
2020-06-17,电讯业,0
2020-06-17,公用事业,0
2020-06-17,金融业,0
2020-06-17,地产建筑业,0
2020-06-17,资讯科技业,0
2020-06-17,综合企业,0
2020-06-17,其他,0
2020-06-18,能源业,0
2020-06-18,原材料业,0
2020-06-18,工业,0
2020-06-18,非必需性消费,0
2020-06-18,必需性消费,0
2020-06-18,医疗保健业,0
2020-06-18,电讯业,0
2020-06-18,公用事业,0
2020-06-18,金融业,0
2020-06-18,地产建筑业,0
2020-06-18,资讯科技业,0
2020-06-18,综合企业,0
2020-06-18,其他,0
2020-06-19,能源业,0
2020-06-19,原材料业,0
2020-06-19,工业,0
2020-06-19,非必需性消费,0
2020-06-19,必需性消费,0
2020-06-19,医疗保健业,0
2020-06-19,电讯业,0
2020-06-19,公用事业,0
2020-06-19,金融业,0
2020-06-19,地产建筑业,0
2020-06-19,资讯科技业,0
2020-06-19,综合企业,0
2020-06-19,其他,0
2020-06-22,能源业,0
2020-06-22,原材料业,0
2020-06-22,工业,0
2020-06-22,非必需性消费,0
2020-06-22,必需性消费,0
2020-06-22,医疗保健业,0
2020-06-22,电讯业,0
2020-06-22,公用事业,0
2020-06-22,金融业,0
2020-06-22,地产建筑业,0
2020-06-22,资讯科技业,0
2020-06-22,综合企业,0
2020-06-22,其他,0
2020-06-23,能源业,0
2020-06-23,原材料业,0
2020-06-23,工业,0
2020-06-23,非必需性消费,0
2020-06-23,必需性消费,0
2020-06-23,医疗保健业,0
2020-06-23,电讯业,0
2020-06-23,公用事业,0
2020-06-23,金融业,0
2020-06-23,地产建筑业,0
2020-06-23,资讯科技业,0
2020-06-23,综合企业,0
2020-06-23,其他,0
2020-06-24,能源业,0
2020-06-24,原材料业,0
2020-06-24,工业,0
2020-06-24,非必需性消费,0
2020-06-24,必需性消费,0
2020-06-24,医疗保健业,0
2020-06-24,电讯业,0
2020-06-24,公用事业,0
2020-06-24,金融业,0
2020-06-24,地产建筑业,0
2020-06-24,资讯科技业,0
2020-06-24,综合企业,0
2020-06-24,其他,0
2020-06-29,能源业,0
2020-06-29,原材料业,0
2020-06-29,工业,0
2020-06-29,非必需性消费,0
2020-06-29,必需性消费,0
2020-06-29,医疗保健业,0
2020-06-29,电讯业,0
2020-06-29,公用事业,0
2020-06-29,金融业,0
2020-06-29,地产建筑业,0
2020-06-29,资讯科技业,0
2020-06-29,综合企业,0
2020-06-29,其他,0
2020-06-30,能源业,0
2020-06-30,原材料业,0
2020-06-30,工业,0
2020-06-30,非必需性消费,0
2020-06-30,必需性消费,0
2020-06-30,医疗保健业,0
2020-06-30,电讯业,0
2020-06-30,公用事业,0
2020-06-30,金融业,0
2020-06-30,地产建筑业,0
2020-06-30,资讯科技业,0
2020-06-30,综合企业,0
2020-06-30,其他,0
2020-07-01,能源业,0
2020-07-01,原材料业,0
2020-07-01,工业,0
2020-07-01,非必需性消费,0
2020-07-01,必需性消费,0
2020-07-01,医疗保健业,0
2020-07-01,电讯业,0
2020-07-01,公用事业,0
2020-07-01,金融业,0
2020-07-01,地产建筑业,0
2020-07-01,资讯科技业,0
2020-07-01,综合企业,0
2020-07-01,其他,0
2020-07-02,能源业,0
2020-07-02,原材料业,0
2020-07-02,工业,0
2020-07-02,非必需性消费,0
2020-07-02,必需性消费,0
2020-07-02,医疗保健业,0
2020-07-02,电讯业,0
2020-07-02,公用事业,0
2020-07-02,金融业,0
2020-07-02,地产建筑业,0
2020-07-02,资讯科技业,0
2020-07-02,综合企业,0
2020-07-02,其他,0
2020-07-03,能源业,0
2020-07-03,原材料业,0
2020-07-03,工业,0
2020-07-03,非必需性消费,0
2020-07-03,必需性消费,0
2020-07-03,医疗保健业,0
2020-07-03,电讯业,0
2020-07-03,公用事业,0
2020-07-03,金融业,0
2020-07-03,地产建筑业,0
2020-07-03,资讯科技业,0
2020-07-03,综合企业,0
2020-07-03,其他,0
2020-07-06,能源业,0
2020-07-06,原材料业,0
2020-07-06,工业,0
2020-07-06,非必需性消费,0
2020-07-06,必需性消费,0
2020-07-06,医疗保健业,0
2020-07-06,电讯业,0
2020-07-06,公用事业,0
2020-07-06,金融业,0
2020-07-06,地产建筑业,0
2020-07-06,资讯科技业,0
2020-07-06,综合企业,0
2020-07-06,其他,0
2020-07-07,能源业,0
2020-07-07,原材料业,0
2020-07-07,工业,0
2020-07-07,非必需性消费,0
2020-07-07,必需性消费,0
2020-07-07,医疗保健业,0
2020-07-07,电讯业,0
2020-07-07,公用事业,0
2020-07-07,金融业,0
2020-07-07,地产建筑业,0
2020-07-07,资讯科技业,0
2020-07-07,综合企业,0
2020-07-07,其他,0
2020-07-08,能源业,0
2020-07-08,原材料业,0
2020-07-08,工业,0
2020-07-08,非必需性消费,0
2020-07-08,必需性消费,0
2020-07-08,医疗保健业,0
2020-07-08,电讯业,0
2020-07-08,公用事业,0
2020-07-08,金融业,0
2020-07-08,地产建筑业,0
2020-07-08,资讯科技业,0
2020-07-08,综合企业,0
2020-07-08,其他,0
2020-07-09,能源业,0
2020-07-09,原材料业,0
2020-07-09,工业,0
2020-07-09,非必需性消费,0
2020-07-09,必需性消费,0
2020-07-09,医疗保健业,0
2020-07-09,电讯业,0
2020-07-09,公用事业,0
2020-07-09,金融业,0
2020-07-09,地产建筑业,0
2020-07-09,资讯科技业,0
2020-07-09,综合企业,0
2020-07-09,其他,0
2020-07-10,能源业,0
2020-07-10,原材料业,0
2020-07-10,工业,0
2020-07-10,非必需性消费,0
2020-07-10,必需性消费,0
2020-07-10,医疗保健业,0
2020-07-10,电讯业,0
2020-07-10,公用事业,0
2020-07-10,金融业,0
2020-07-10,地产建筑业,0
2020-07-10,资讯科技业,0
2020-07-10,综合企业,0
2020-07-10,其他,0
2020-07-13,能源业,0
2020-07-13,原材料业,0
2020-07-13,工业,0
2020-07-13,非必需性消费,0
2020-07-13,必需性消费,0
2020-07-13,医疗保健业,0
2020-07-13,电讯业,0
2020-07-13,公用事业,0
2020-07-13,金融业,0
2020-07-13,地产建筑业,0
2020-07-13,资讯科技业,0
2020-07-13,综合企业,0
2020-07-13,其他,0
2020-07-14,能源业,0
2020-07-14,原材料业,0
2020-07-14,工业,0
2020-07-14,非必需性消费,0
2020-07-14,必需性消费,0
2020-07-14,医疗保健业,0
2020-07-14,电讯业,0
2020-07-14,公用事业,0
2020-07-14,金融业,0
2020-07-14,地产建筑业,0
2020-07-14,资讯科技业,0
2020-07-14,综合企业,0
2020-07-14,其他,0
2020-07-15,能源业,0
2020-07-15,原材料业,0
2020-07-15,工业,0
2020-07-15,非必需性消费,0
2020-07-15,必需性消费,0
2020-07-15,医疗保健业,0
2020-07-15,电讯业,0
2020-07-15,公用事业,0
2020-07-15,金融业,0
2020-07-15,地产建筑业,0
2020-07-15,资讯科技业,0
2020-07-15,综合企业,0
2020-07-15,其他,0
2020-07-16,能源业,0
2020-07-16,原材料业,0
2020-07-16,工业,0
2020-07-16,非必需性消费,0
2020-07-16,必需性消费,0
2020-07-16,医疗保健业,0
2020-07-16,电讯业,0
2020-07-16,公用事业,0
2020-07-16,金融业,0
2020-07-16,地产建筑业,0
2020-07-16,资讯科技业,0
2020-07-16,综合企业,0
2020-07-16,其他,0
2020-07-17,能源业,0
2020-07-17,原材料业,0
2020-07-17,工业,0
2020-07-17,非必需性消费,0
2020-07-17,必需性消费,0
2020-07-17,医疗保健业,0
2020-07-17,电讯业,0
2020-07-17,公用事业,0
2020-07-17,金融业,0
2020-07-17,地产建筑业,0
2020-07-17,资讯科技业,0
2020-07-17,综合企业,0
2020-07-17,其他,0
2020-07-20,能源业,0
2020-07-20,原材料业,0
2020-07-20,工业,0
2020-07-20,非必需性消费,0
2020-07-20,必需性消费,0
2020-07-20,医疗保健业,0
2020-07-20,电讯业,0
2020-07-20,公用事业,0
2020-07-20,金融业,0
2020-07-20,地产建筑业,0
2020-07-20,资讯科技业,0
2020-07-20,综合企业,0
2020-07-20,其他,0
2020-07-21,能源业,0
2020-07-21,原材料业,0
2020-07-21,工业,0
2020-07-21,非必需性消费,0
2020-07-21,必需性消费,0
2020-07-21,医疗保健业,0
2020-07-21,电讯业,0
2020-07-21,公用事业,0
2020-07-21,金融业,0
2020-07-21,地产建筑业,0
2020-07-21,资讯科技业,0
2020-07-21,综合企业,0
2020-07-21,其他,0
2020-07-22,能源业,0
2020-07-22,原材料业,0
2020-07-22,工业,0
2020-07-22,非必需性消费,0
2020-07-22,必需性消费,0
2020-07-22,医疗保健业,0
2020-07-22,电讯业,0
2020-07-22,公用事业,0
2020-07-22,金融业,0
2020-07-22,地产建筑业,0
2020-07-22,资讯科技业,0
2020-07-22,综合企业,0
2020-07-22,其他,0
2020-07-23,能源业,0
2020-07-23,原材料业,0
2020-07-23,工业,0
2020-07-23,非必需性消费,0
2020-07-23,必需性消费,0
2020-07-23,医疗保健业,0
2020-07-23,电讯业,0
2020-07-23,公用事业,0
2020-07-23,金融业,0
2020-07-23,地产建筑业,0
2020-07-23,资讯科技业,0
2020-07-23,综合企业,0
2020-07-23,其他,0
2020-07-24,能源业,0
2020-07-24,原材料业,0
2020-07-24,工业,0
2020-07-24,非必需性消费,0
2020-07-24,必需性消费,0
2020-07-24,医疗保健业,0
2020-07-24,电讯业,0
2020-07-24,公用事业,0
2020-07-24,金融业,0
2020-07-24,地产建筑业,0
2020-07-24,资讯科技业,0
2020-07-24,综合企业,0
2020-07-24,其他,0
2020-07-27,能源业,0
2020-07-27,原材料业,0
2020-07-27,工业,0
2020-07-27,非必需性消费,0
2020-07-27,必需性消费,0
2020-07-27,医疗保健业,0
2020-07-27,电讯业,0
2020-07-27,公用事业,0
2020-07-27,金融业,0
2020-07-27,地产建筑业,0
2020-07-27,资讯科技业,0
2020-07-27,综合企业,0
2020-07-27,其他,0
2020-07-28,能源业,0
2020-07-28,原材料业,0
2020-07-28,工业,0
2020-07-28,非必需性消费,0
2020-07-28,必需性消费,0
2020-07-28,医疗保健业,0
2020-07-28,电讯业,0
2020-07-28,公用事业,0
2020-07-28,金融业,0
2020-07-28,地产建筑业,0
2020-07-28,资讯科技业,0
2020-07-28,综合企业,0
2020-07-28,其他,0
2020-07-29,能源业,0
2020-07-29,原材料业,0
2020-07-29,工业,0
2020-07-29,非必需性消费,0
2020-07-29,必需性消费,0
2020-07-29,医疗保健业,0
2020-07-29,电讯业,0
2020-07-29,公用事业,0
2020-07-29,金融业,0
2020-07-29,地产建筑业,0
2020-07-29,资讯科技业,0
2020-07-29,综合企业,0
2020-07-29,其他,0
2020-07-30,能源业,0
2020-07-30,原材料业,0
2020-07-30,工业,0
2020-07-30,非必需性消费,0
2020-07-30,必需性消费,0
2020-07-30,医疗保健业,0
2020-07-30,电讯业,0
2020-07-30,公用事业,0
2020-07-30,金融业,0
2020-07-30,地产建筑业,0
2020-07-30,资讯科技业,0
2020-07-30,综合企业,0
2020-07-30,其他,0
2020-07-31,能源业,0
2020-07-31,原材料业,0
2020-07-31,工业,0
2020-07-31,非必需性消费,0
2020-07-31,必需性消费,0
2020-07-31,医疗保健业,0
2020-07-31,电讯业,0
2020-07-31,公用事业,0
2020-07-31,金融业,0
2020-07-31,地产建筑业,0
2020-07-31,资讯科技业,0
2020-07-31,综合企业,0
2020-07-31,其他,0
2020-08-03,能源业,0
2020-08-03,原材料业,0
2020-08-03,工业,0
2020-08-03,非必需性消费,0
2020-08-03,必需性消费,0
2020-08-03,医疗保健业,0
2020-08-03,电讯业,0
2020-08-03,公用事业,0
2020-08-03,金融业,0
2020-08-03,地产建筑业,0
2020-08-03,资讯科技业,0
2020-08-03,综合企业,0
2020-08-03,其他,0
2020-08-04,能源业,0
2020-08-04,原材料业,0
2020-08-04,工业,0
2020-08-04,非必需性消费,0
2020-08-04,必需性消费,0
2020-08-04,医疗保健业,0
2020-08-04,电讯业,0
2020-08-04,公用事业,0
2020-08-04,金融业,0
2020-08-04,地产建筑业,0
2020-08-04,资讯科技业,0
2020-08-04,综合企业,0
2020-08-04,其他,0
2020-08-05,能源业,0
2020-08-05,原材料业,0
2020-08-05,工业,0
2020-08-05,非必需性消费,0
2020-08-05,必需性消费,0
2020-08-05,医疗保健业,0
2020-08-05,电讯业,0
2020-08-05,公用事业,0
2020-08-05,金融业,0
2020-08-05,地产建筑业,0
2020-08-05,资讯科技业,0
2020-08-05,综合企业,0
2020-08-05,其他,0
2020-08-06,能源业,0
2020-08-06,原材料业,0
2020-08-06,工业,0
2020-08-06,非必需性消费,0
2020-08-06,必需性消费,0
2020-08-06,医疗保健业,0
2020-08-06,电讯业,0
2020-08-06,公用事业,0
2020-08-06,金融业,0
2020-08-06,地产建筑业,0
2020-08-06,资讯科技业,0
2020-08-06,综合企业,0
2020-08-06,其他,0
2020-08-07,能源业,0
2020-08-07,原材料业,0
2020-08-07,工业,0
2020-08-07,非必需性消费,0
2020-08-07,必需性消费,0
2020-08-07,医疗保健业,0
2020-08-07,电讯业,0
2020-08-07,公用事业,0
2020-08-07,金融业,0
2020-08-07,地产建筑业,0
2020-08-07,资讯科技业,0
2020-08-07,综合企业,0
2020-08-07,其他,0
2020-08-10,能源业,0
2020-08-10,原材料业,0
2020-08-10,工业,0
2020-08-10,非必需性消费,0
2020-08-10,必需性消费,0
2020-08-10,医疗保健业,0
2020-08-10,电讯业,0
2020-08-10,公用事业,0
2020-08-10,金融业,0
2020-08-10,地产建筑业,0
2020-08-10,资讯科技业,0
2020-08-10,综合企业,0
2020-08-10,其他,0
2020-08-11,能源业,0
2020-08-11,原材料业,0
2020-08-11,工业,0
2020-08-11,非必需性消费,0
2020-08-11,必需性消费,0
2020-08-11,医疗保健业,0
2020-08-11,电讯业,0
2020-08-11,公用事业,0
2020-08-11,金融业,0
2020-08-11,地产建筑业,0
2020-08-11,资讯科技业,0
2020-08-11,综合企业,0
2020-08-11,其他,0
2020-08-12,能源业,0
2020-08-12,原材料业,0
2020-08-12,工业,0
2020-08-12,非必需性消费,0
2020-08-12,必需性消费,0
2020-08-12,医疗保健业,0
2020-08-12,电讯业,0
2020-08-12,公用事业,0
2020-08-12,金融业,0
2020-08-12,地产建筑业,0
2020-08-12,资讯科技业,0
2020-08-12,综合企业,0
2020-08-12,其他,0
2020-08-13,能源业,0
2020-08-13,原材料业,0
2020-08-13,工业,0
2020-08-13,非必需性消费,0
2020-08-13,必需性消费,0
2020-08-13,医疗保健业,0
2020-08-13,电讯业,0
2020-08-13,公用事业,0
2020-08-13,金融业,0
2020-08-13,地产建筑业,0
2020-08-13,资讯科技业,0
2020-08-13,综合企业,0
2020-08-13,其他,0
2020-08-14,能源业,0
2020-08-14,原材料业,0
2020-08-14,工业,0
2020-08-14,非必需性消费,0
2020-08-14,必需性消费,0
2020-08-14,医疗保健业,0
2020-08-14,电讯业,0
2020-08-14,公用事业,0
2020-08-14,金融业,0
2020-08-14,地产建筑业,0
2020-08-14,资讯科技业,0
2020-08-14,综合企业,0
2020-08-14,其他,0
2020-08-17,能源业,0
2020-08-17,原材料业,0
2020-08-17,工业,0
2020-08-17,非必需性消费,0
2020-08-17,必需性消费,0
2020-08-17,医疗保健业,0
2020-08-17,电讯业,0
2020-08-17,公用事业,0
2020-08-17,金融业,0
2020-08-17,地产建筑业,0
2020-08-17,资讯科技业,0
2020-08-17,综合企业,0
2020-08-17,其他,0
2020-08-18,能源业,0
2020-08-18,原材料业,0
2020-08-18,工业,0
2020-08-18,非必需性消费,0
2020-08-18,必需性消费,0
2020-08-18,医疗保健业,0
2020-08-18,电讯业,0
2020-08-18,公用事业,0
2020-08-18,金融业,0
2020-08-18,地产建筑业,0
2020-08-18,资讯科技业,0
2020-08-18,综合企业,0
2020-08-18,其他,0
2020-08-19,能源业,0
2020-08-19,原材料业,0
2020-08-19,工业,0
2020-08-19,非必需性消费,0
2020-08-19,必需性消费,0
2020-08-19,医疗保健业,0
2020-08-19,电讯业,0
2020-08-19,公用事业,0
2020-08-19,金融业,0
2020-08-19,地产建筑业,0
2020-08-19,资讯科技业,0
2020-08-19,综合企业,0
2020-08-19,其他,0
2020-08-20,能源业,0
2020-08-20,原材料业,0
2020-08-20,工业,0
2020-08-20,非必需性消费,0
2020-08-20,必需性消费,0
2020-08-20,医疗保健业,0
2020-08-20,电讯业,0
2020-08-20,公用事业,0
2020-08-20,金融业,0
2020-08-20,地产建筑业,0
2020-08-20,资讯科技业,0
2020-08-20,综合企业,0
2020-08-20,其他,0
2020-08-21,能源业,0
2020-08-21,原材料业,0
2020-08-21,工业,0
2020-08-21,非必需性消费,0
2020-08-21,必需性消费,0
2020-08-21,医疗保健业,0
2020-08-21,电讯业,0
2020-08-21,公用事业,0
2020-08-21,金融业,0
2020-08-21,地产建筑业,0
2020-08-21,资讯科技业,0
2020-08-21,综合企业,0
2020-08-21,其他,0
2020-08-24,能源业,0
2020-08-24,原材料业,0
2020-08-24,工业,0
2020-08-24,非必需性消费,0
2020-08-24,必需性消费,0
2020-08-24,医疗保健业,0
2020-08-24,电讯业,0
2020-08-24,公用事业,0
2020-08-24,金融业,0
2020-08-24,地产建筑业,0
2020-08-24,资讯科技业,0
2020-08-24,综合企业,0
2020-08-24,其他,0
2020-08-25,能源业,0
2020-08-25,原材料业,0
2020-08-25,工业,0
2020-08-25,非必需性消费,0
2020-08-25,必需性消费,0
2020-08-25,医疗保健业,0
2020-08-25,电讯业,0
2020-08-25,公用事业,0
2020-08-25,金融业,0
2020-08-25,地产建筑业,0
2020-08-25,资讯科技业,0
2020-08-25,综合企业,0
2020-08-25,其他,0
2020-08-26,能源业,0
2020-08-26,原材料业,0
2020-08-26,工业,0
2020-08-26,非必需性消费,0
2020-08-26,必需性消费,0
2020-08-26,医疗保健业,0
2020-08-26,电讯业,0
2020-08-26,公用事业,0
2020-08-26,金融业,0
2020-08-26,地产建筑业,0
2020-08-26,资讯科技业,0
2020-08-26,综合企业,0
2020-08-26,其他,0
2020-08-27,能源业,0
2020-08-27,原材料业,0
2020-08-27,工业,0
2020-08-27,非必需性消费,0
2020-08-27,必需性消费,0
2020-08-27,医疗保健业,0
2020-08-27,电讯业,0
2020-08-27,公用事业,0
2020-08-27,金融业,0
2020-08-27,地产建筑业,0
2020-08-27,资讯科技业,0
2020-08-27,综合企业,0
2020-08-27,其他,0
2020-08-28,能源业,0
2020-08-28,原材料业,0
2020-08-28,工业,0
2020-08-28,非必需性消费,0
2020-08-28,必需性消费,0
2020-08-28,医疗保健业,0
2020-08-28,电讯业,0
2020-08-28,公用事业,0
2020-08-28,金融业,0
2020-08-28,地产建筑业,0
2020-08-28,资讯科技业,0
2020-08-28,综合企业,0
2020-08-28,其他,0
2020-08-31,能源业,0
2020-08-31,原材料业,0
2020-08-31,工业,0
2020-08-31,非必需性消费,0
2020-08-31,必需性消费,0
2020-08-31,医疗保健业,0
2020-08-31,电讯业,0
2020-08-31,公用事业,0
2020-08-31,金融业,0
2020-08-31,地产建筑业,0
2020-08-31,资讯科技业,0
2020-08-31,综合企业,0
2020-08-31,其他,0
2020-09-01,能源业,0
2020-09-01,原材料业,0
2020-09-01,工业,0
2020-09-01,非必需性消费,0
2020-09-01,必需性消费,0
2020-09-01,医疗保健业,0
2020-09-01,电讯业,0
2020-09-01,公用事业,0
2020-09-01,金融业,0
2020-09-01,地产建筑业,0
2020-09-01,资讯科技业,0
2020-09-01,综合企业,0
2020-09-01,其他,0
2020-09-02,能源业,0
2020-09-02,原材料业,0
2020-09-02,工业,0
2020-09-02,非必需性消费,0
2020-09-02,必需性消费,0
2020-09-02,医疗保健业,0
2020-09-02,电讯业,0
2020-09-02,公用事业,0
2020-09-02,金融业,0
2020-09-02,地产建筑业,0
2020-09-02,资讯科技业,0
2020-09-02,综合企业,0
2020-09-02,其他,0
2020-09-03,能源业,0
2020-09-03,原材料业,0
2020-09-03,工业,0
2020-09-03,非必需性消费,0
2020-09-03,必需性消费,0
2020-09-03,医疗保健业,0
2020-09-03,电讯业,0
2020-09-03,公用事业,0
2020-09-03,金融业,0
2020-09-03,地产建筑业,0
2020-09-03,资讯科技业,0
2020-09-03,综合企业,0
2020-09-03,其他,0
2020-09-04,能源业,0
2020-09-04,原材料业,0
2020-09-04,工业,0
2020-09-04,非必需性消费,0
2020-09-04,必需性消费,0
2020-09-04,医疗保健业,0
2020-09-04,电讯业,0
2020-09-04,公用事业,0
2020-09-04,金融业,0
2020-09-04,地产建筑业,0
2020-09-04,资讯科技业,0
2020-09-04,综合企业,0
2020-09-04,其他,0
2020-09-07,能源业,0
2020-09-07,原材料业,0
2020-09-07,工业,0
2020-09-07,非必需性消费,0
2020-09-07,必需性消费,0
2020-09-07,医疗保健业,0
2020-09-07,电讯业,0
2020-09-07,公用事业,0
2020-09-07,金融业,0
2020-09-07,地产建筑业,0
2020-09-07,资讯科技业,0
2020-09-07,综合企业,0
2020-09-07,其他,0
2020-09-08,能源业,0
2020-09-08,原材料业,0
2020-09-08,工业,0
2020-09-08,非必需性消费,0
2020-09-08,必需性消费,0
2020-09-08,医疗保健业,0
2020-09-08,电讯业,0
2020-09-08,公用事业,0
2020-09-08,金融业,0
2020-09-08,地产建筑业,0
2020-09-08,资讯科技业,0
2020-09-08,综合企业,0
2020-09-08,其他,0
2020-09-09,能源业,0
2020-09-09,原材料业,0
2020-09-09,工业,0
2020-09-09,非必需性消费,0
2020-09-09,必需性消费,0
2020-09-09,医疗保健业,0
2020-09-09,电讯业,0
2020-09-09,公用事业,0
2020-09-09,金融业,0
2020-09-09,地产建筑业,0
2020-09-09,资讯科技业,0
2020-09-09,综合企业,0
2020-09-09,其他,0
2020-09-10,能源业,0
2020-09-10,原材料业,0
2020-09-10,工业,0
2020-09-10,非必需性消费,0
2020-09-10,必需性消费,0
2020-09-10,医疗保健业,0
2020-09-10,电讯业,0
2020-09-10,公用事业,0
2020-09-10,金融业,0
2020-09-10,地产建筑业,0
2020-09-10,资讯科技业,0
2020-09-10,综合企业,0
2020-09-10,其他,0
2020-09-11,能源业,0
2020-09-11,原材料业,0
2020-09-11,工业,0
2020-09-11,非必需性消费,0
2020-09-11,必需性消费,0
2020-09-11,医疗保健业,0
2020-09-11,电讯业,0
2020-09-11,公用事业,0
2020-09-11,金融业,0
2020-09-11,地产建筑业,0
2020-09-11,资讯科技业,0
2020-09-11,综合企业,0
2020-09-11,其他,0
2020-09-14,能源业,0
2020-09-14,原材料业,0
2020-09-14,工业,0
2020-09-14,非必需性消费,0
2020-09-14,必需性消费,0
2020-09-14,医疗保健业,0
2020-09-14,电讯业,0
2020-09-14,公用事业,0
2020-09-14,金融业,0
2020-09-14,地产建筑业,0
2020-09-14,资讯科技业,0
2020-09-14,综合企业,0
2020-09-14,其他,0
2020-09-15,能源业,0
2020-09-15,原材料业,0
2020-09-15,工业,0
2020-09-15,非必需性消费,0
2020-09-15,必需性消费,0
2020-09-15,医疗保健业,0
2020-09-15,电讯业,0
2020-09-15,公用事业,0
2020-09-15,金融业,0
2020-09-15,地产建筑业,0
2020-09-15,资讯科技业,0
2020-09-15,综合企业,0
2020-09-15,其他,0
2020-09-16,能源业,0
2020-09-16,原材料业,0
2020-09-16,工业,0
2020-09-16,非必需性消费,0
2020-09-16,必需性消费,0
2020-09-16,医疗保健业,0
2020-09-16,电讯业,0
2020-09-16,公用事业,0
2020-09-16,金融业,0
2020-09-16,地产建筑业,0
2020-09-16,资讯科技业,0
2020-09-16,综合企业,0
2020-09-16,其他,0
2020-09-17,能源业,0
2020-09-17,原材料业,0
2020-09-17,工业,0
2020-09-17,非必需性消费,0
2020-09-17,必需性消费,0
2020-09-17,医疗保健业,0
2020-09-17,电讯业,0
2020-09-17,公用事业,0
2020-09-17,金融业,0
2020-09-17,地产建筑业,0
2020-09-17,资讯科技业,0
2020-09-17,综合企业,0
2020-09-17,其他,0
2020-09-18,能源业,0
2020-09-18,原材料业,0
2020-09-18,工业,0
2020-09-18,非必需性消费,0
2020-09-18,必需性消费,0
2020-09-18,医疗保健业,0
2020-09-18,电讯业,0
2020-09-18,公用事业,0
2020-09-18,金融业,0
2020-09-18,地产建筑业,0
2020-09-18,资讯科技业,0
2020-09-18,综合企业,0
2020-09-18,其他,0
2020-09-21,能源业,0
2020-09-21,原材料业,0
2020-09-21,工业,0
2020-09-21,非必需性消费,0
2020-09-21,必需性消费,0
2020-09-21,医疗保健业,0
2020-09-21,电讯业,0
2020-09-21,公用事业,0
2020-09-21,金融业,0
2020-09-21,地产建筑业,0
2020-09-21,资讯科技业,0
2020-09-21,综合企业,0
2020-09-21,其他,0
2020-09-22,能源业,0
2020-09-22,原材料业,0
2020-09-22,工业,0
2020-09-22,非必需性消费,0
2020-09-22,必需性消费,0
2020-09-22,医疗保健业,0
2020-09-22,电讯业,0
2020-09-22,公用事业,0
2020-09-22,金融业,0
2020-09-22,地产建筑业,0
2020-09-22,资讯科技业,0
2020-09-22,综合企业,0
2020-09-22,其他,0
2020-09-23,能源业,0
2020-09-23,原材料业,0
2020-09-23,工业,0
2020-09-23,非必需性消费,0
2020-09-23,必需性消费,0
2020-09-23,医疗保健业,0
2020-09-23,电讯业,0
2020-09-23,公用事业,0
2020-09-23,金融业,0
2020-09-23,地产建筑业,0
2020-09-23,资讯科技业,0
2020-09-23,综合企业,0
2020-09-23,其他,0
2020-09-24,能源业,0
2020-09-24,原材料业,0
2020-09-24,工业,0
2020-09-24,非必需性消费,0
2020-09-24,必需性消费,0
2020-09-24,医疗保健业,0
2020-09-24,电讯业,0
2020-09-24,公用事业,0
2020-09-24,金融业,0
2020-09-24,地产建筑业,0
2020-09-24,资讯科技业,0
2020-09-24,综合企业,0
2020-09-24,其他,0
2020-09-25,能源业,0
2020-09-25,原材料业,0
2020-09-25,工业,0
2020-09-25,非必需性消费,0
2020-09-25,必需性消费,0
2020-09-25,医疗保健业,0
2020-09-25,电讯业,0
2020-09-25,公用事业,0
2020-09-25,金融业,0
2020-09-25,地产建筑业,0
2020-09-25,资讯科技业,0
2020-09-25,综合企业,0
2020-09-25,其他,0
2020-09-28,能源业,0
2020-09-28,原材料业,0
2020-09-28,工业,0
2020-09-28,非必需性消费,0
2020-09-28,必需性消费,0
2020-09-28,医疗保健业,0
2020-09-28,电讯业,0
2020-09-28,公用事业,0
2020-09-28,金融业,0
2020-09-28,地产建筑业,0
2020-09-28,资讯科技业,0
2020-09-28,综合企业,0
2020-09-28,其他,0
2020-09-29,能源业,0
2020-09-29,原材料业,0
2020-09-29,工业,0
2020-09-29,非必需性消费,0
2020-09-29,必需性消费,0
2020-09-29,医疗保健业,0
2020-09-29,电讯业,0
2020-09-29,公用事业,0
2020-09-29,金融业,0
2020-09-29,地产建筑业,0
2020-09-29,资讯科技业,0
2020-09-29,综合企业,0
2020-09-29,其他,0
2020-09-30,能源业,0
2020-09-30,原材料业,0
2020-09-30,工业,0
2020-09-30,非必需性消费,0
2020-09-30,必需性消费,0
2020-09-30,医疗保健业,0
2020-09-30,电讯业,0
2020-09-30,公用事业,0
2020-09-30,金融业,0
2020-09-30,地产建筑业,0
2020-09-30,资讯科技业,0
2020-09-30,综合企业,0
2020-09-30,其他,0
2020-10-09,能源业,0
2020-10-09,原材料业,0
2020-10-09,工业,0
2020-10-09,非必需性消费,0
2020-10-09,必需性消费,0
2020-10-09,医疗保健业,0
2020-10-09,电讯业,0
2020-10-09,公用事业,0
2020-10-09,金融业,0
2020-10-09,地产建筑业,0
2020-10-09,资讯科技业,0
2020-10-09,综合企业,0
2020-10-09,其他,0
2020-10-12,能源业,0
2020-10-12,原材料业,0
2020-10-12,工业,0
2020-10-12,非必需性消费,0
2020-10-12,必需性消费,0
2020-10-12,医疗保健业,0
2020-10-12,电讯业,0
2020-10-12,公用事业,0
2020-10-12,金融业,0
2020-10-12,地产建筑业,0
2020-10-12,资讯科技业,0
2020-10-12,综合企业,0
2020-10-12,其他,0
2020-10-13,能源业,0
2020-10-13,原材料业,0
2020-10-13,工业,0
2020-10-13,非必需性消费,0
2020-10-13,必需性消费,0
2020-10-13,医疗保健业,0
2020-10-13,电讯业,0
2020-10-13,公用事业,0
2020-10-13,金融业,0
2020-10-13,地产建筑业,0
2020-10-13,资讯科技业,0
2020-10-13,综合企业,0
2020-10-13,其他,0
2020-10-14,能源业,0
2020-10-14,原材料业,0
2020-10-14,工业,0
2020-10-14,非必需性消费,0
2020-10-14,必需性消费,0
2020-10-14,医疗保健业,0
2020-10-14,电讯业,0
2020-10-14,公用事业,0
2020-10-14,金融业,0
2020-10-14,地产建筑业,0
2020-10-14,资讯科技业,0
2020-10-14,综合企业,0
2020-10-14,其他,0
2020-10-15,能源业,0
2020-10-15,原材料业,0
2020-10-15,工业,0
2020-10-15,非必需性消费,0
2020-10-15,必需性消费,0
2020-10-15,医疗保健业,0
2020-10-15,电讯业,0
2020-10-15,公用事业,0
2020-10-15,金融业,0
2020-10-15,地产建筑业,0
2020-10-15,资讯科技业,0
2020-10-15,综合企业,0
2020-10-15,其他,0
2020-10-16,能源业,0
2020-10-16,原材料业,0
2020-10-16,工业,0
2020-10-16,非必需性消费,0
2020-10-16,必需性消费,0
2020-10-16,医疗保健业,0
2020-10-16,电讯业,0
2020-10-16,公用事业,0
2020-10-16,金融业,0
2020-10-16,地产建筑业,0
2020-10-16,资讯科技业,0
2020-10-16,综合企业,0
2020-10-16,其他,0
2020-10-19,能源业,0
2020-10-19,原材料业,0
2020-10-19,工业,0
2020-10-19,非必需性消费,0
2020-10-19,必需性消费,0
2020-10-19,医疗保健业,0
2020-10-19,电讯业,0
2020-10-19,公用事业,0
2020-10-19,金融业,0
2020-10-19,地产建筑业,0
2020-10-19,资讯科技业,0
2020-10-19,综合企业,0
2020-10-19,其他,0
2020-10-20,能源业,0
2020-10-20,原材料业,0
2020-10-20,工业,0
2020-10-20,非必需性消费,0
2020-10-20,必需性消费,0
2020-10-20,医疗保健业,0
2020-10-20,电讯业,0
2020-10-20,公用事业,0
2020-10-20,金融业,0
2020-10-20,地产建筑业,0
2020-10-20,资讯科技业,0
2020-10-20,综合企业,0
2020-10-20,其他,0
2020-10-21,能源业,0
2020-10-21,原材料业,0
2020-10-21,工业,0
2020-10-21,非必需性消费,0
2020-10-21,必需性消费,0
2020-10-21,医疗保健业,0
2020-10-21,电讯业,0
2020-10-21,公用事业,0
2020-10-21,金融业,0
2020-10-21,地产建筑业,0
2020-10-21,资讯科技业,0
2020-10-21,综合企业,0
2020-10-21,其他,0
2020-10-22,能源业,0
2020-10-22,原材料业,0
2020-10-22,工业,0
2020-10-22,非必需性消费,0
2020-10-22,必需性消费,0
2020-10-22,医疗保健业,0
2020-10-22,电讯业,0
2020-10-22,公用事业,0
2020-10-22,金融业,0
2020-10-22,地产建筑业,0
2020-10-22,资讯科技业,0
2020-10-22,综合企业,0
2020-10-22,其他,0
2020-10-23,能源业,0
2020-10-23,原材料业,0
2020-10-23,工业,0
2020-10-23,非必需性消费,0
2020-10-23,必需性消费,0
2020-10-23,医疗保健业,0
2020-10-23,电讯业,0
2020-10-23,公用事业,0
2020-10-23,金融业,0
2020-10-23,地产建筑业,0
2020-10-23,资讯科技业,0
2020-10-23,综合企业,0
2020-10-23,其他,0
2020-10-26,能源业,0
2020-10-26,原材料业,0
2020-10-26,工业,0
2020-10-26,非必需性消费,0
2020-10-26,必需性消费,0
2020-10-26,医疗保健业,0
2020-10-26,电讯业,0
2020-10-26,公用事业,0
2020-10-26,金融业,0
2020-10-26,地产建筑业,0
2020-10-26,资讯科技业,0
2020-10-26,综合企业,0
2020-10-26,其他,0
2020-10-27,能源业,0
2020-10-27,原材料业,0
2020-10-27,工业,0
2020-10-27,非必需性消费,0
2020-10-27,必需性消费,0
2020-10-27,医疗保健业,0
2020-10-27,电讯业,0
2020-10-27,公用事业,0
2020-10-27,金融业,0
2020-10-27,地产建筑业,0
2020-10-27,资讯科技业,0
2020-10-27,综合企业,0
2020-10-27,其他,0
2020-10-28,能源业,0
2020-10-28,原材料业,0
2020-10-28,工业,0
2020-10-28,非必需性消费,0
2020-10-28,必需性消费,0
2020-10-28,医疗保健业,0
2020-10-28,电讯业,0
2020-10-28,公用事业,0
2020-10-28,金融业,0
2020-10-28,地产建筑业,0
2020-10-28,资讯科技业,0
2020-10-28,综合企业,0
2020-10-28,其他,0
2020-10-29,能源业,0
2020-10-29,原材料业,0
2020-10-29,工业,0
2020-10-29,非必需性消费,0
2020-10-29,必需性消费,0
2020-10-29,医疗保健业,0
2020-10-29,电讯业,0
2020-10-29,公用事业,0
2020-10-29,金融业,0
2020-10-29,地产建筑业,0
2020-10-29,资讯科技业,0
2020-10-29,综合企业,0
2020-10-29,其他,0
2020-10-30,能源业,0
2020-10-30,原材料业,0
2020-10-30,工业,0
2020-10-30,非必需性消费,0
2020-10-30,必需性消费,0
2020-10-30,医疗保健业,0
2020-10-30,电讯业,0
2020-10-30,公用事业,0
2020-10-30,金融业,0
2020-10-30,地产建筑业,0
2020-10-30,资讯科技业,0
2020-10-30,综合企业,0
2020-10-30,其他,0
2020-11-02,能源业,0
2020-11-02,原材料业,0
2020-11-02,工业,0
2020-11-02,非必需性消费,0
2020-11-02,必需性消费,0
2020-11-02,医疗保健业,0
2020-11-02,电讯业,0
2020-11-02,公用事业,0
2020-11-02,金融业,0
2020-11-02,地产建筑业,0
2020-11-02,资讯科技业,0
2020-11-02,综合企业,0
2020-11-02,其他,0
2020-11-03,能源业,0
2020-11-03,原材料业,0
2020-11-03,工业,0
2020-11-03,非必需性消费,0
2020-11-03,必需性消费,0
2020-11-03,医疗保健业,0
2020-11-03,电讯业,0
2020-11-03,公用事业,0
2020-11-03,金融业,0
2020-11-03,地产建筑业,0
2020-11-03,资讯科技业,0
2020-11-03,综合企业,0
2020-11-03,其他,0
2020-11-04,能源业,0
2020-11-04,原材料业,0
2020-11-04,工业,0
2020-11-04,非必需性消费,0
2020-11-04,必需性消费,0
2020-11-04,医疗保健业,0
2020-11-04,电讯业,0
2020-11-04,公用事业,0
2020-11-04,金融业,0
2020-11-04,地产建筑业,0
2020-11-04,资讯科技业,0
2020-11-04,综合企业,0
2020-11-04,其他,0
2020-11-05,能源业,0
2020-11-05,原材料业,0
2020-11-05,工业,0
2020-11-05,非必需性消费,0
2020-11-05,必需性消费,0
2020-11-05,医疗保健业,0
2020-11-05,电讯业,0
2020-11-05,公用事业,0
2020-11-05,金融业,0
2020-11-05,地产建筑业,0
2020-11-05,资讯科技业,0
2020-11-05,综合企业,0
2020-11-05,其他,0
2020-11-06,能源业,0
2020-11-06,原材料业,0
2020-11-06,工业,0
2020-11-06,非必需性消费,0
2020-11-06,必需性消费,0
2020-11-06,医疗保健业,0
2020-11-06,电讯业,0
2020-11-06,公用事业,0
2020-11-06,金融业,0
2020-11-06,地产建筑业,0
2020-11-06,资讯科技业,0
2020-11-06,综合企业,0
2020-11-06,其他,0
2020-11-09,能源业,0
2020-11-09,原材料业,0
2020-11-09,工业,0
2020-11-09,非必需性消费,0
2020-11-09,必需性消费,0
2020-11-09,医疗保健业,0
2020-11-09,电讯业,0
2020-11-09,公用事业,0
2020-11-09,金融业,0
2020-11-09,地产建筑业,0
2020-11-09,资讯科技业,0
2020-11-09,综合企业,0
2020-11-09,其他,0
2020-11-10,能源业,0
2020-11-10,原材料业,0
2020-11-10,工业,0
2020-11-10,非必需性消费,0
2020-11-10,必需性消费,0
2020-11-10,医疗保健业,0
2020-11-10,电讯业,0
2020-11-10,公用事业,0
2020-11-10,金融业,0
2020-11-10,地产建筑业,0
2020-11-10,资讯科技业,0
2020-11-10,综合企业,0
2020-11-10,其他,0
2020-11-11,能源业,0
2020-11-11,原材料业,0
2020-11-11,工业,0
2020-11-11,非必需性消费,0
2020-11-11,必需性消费,0
2020-11-11,医疗保健业,0
2020-11-11,电讯业,0
2020-11-11,公用事业,0
2020-11-11,金融业,0
2020-11-11,地产建筑业,0
2020-11-11,资讯科技业,0
2020-11-11,综合企业,0
2020-11-11,其他,0
2020-11-12,能源业,0
2020-11-12,原材料业,0
2020-11-12,工业,0
2020-11-12,非必需性消费,0
2020-11-12,必需性消费,0
2020-11-12,医疗保健业,0
2020-11-12,电讯业,0
2020-11-12,公用事业,0
2020-11-12,金融业,0
2020-11-12,地产建筑业,0
2020-11-12,资讯科技业,0
2020-11-12,综合企业,0
2020-11-12,其他,0
2020-11-13,能源业,0
2020-11-13,原材料业,0
2020-11-13,工业,0
2020-11-13,非必需性消费,0
2020-11-13,必需性消费,0
2020-11-13,医疗保健业,0
2020-11-13,电讯业,0
2020-11-13,公用事业,0
2020-11-13,金融业,0
2020-11-13,地产建筑业,0
2020-11-13,资讯科技业,0
2020-11-13,综合企业,0
2020-11-13,其他,0
2020-11-16,能源业,0
2020-11-16,原材料业,0
2020-11-16,工业,0
2020-11-16,非必需性消费,0
2020-11-16,必需性消费,0
2020-11-16,医疗保健业,0
2020-11-16,电讯业,0
2020-11-16,公用事业,0
2020-11-16,金融业,0
2020-11-16,地产建筑业,0
2020-11-16,资讯科技业,0
2020-11-16,综合企业,0
2020-11-16,其他,0
2020-11-17,能源业,0
2020-11-17,原材料业,0
2020-11-17,工业,0
2020-11-17,非必需性消费,0
2020-11-17,必需性消费,0
2020-11-17,医疗保健业,0
2020-11-17,电讯业,0
2020-11-17,公用事业,0
2020-11-17,金融业,0
2020-11-17,地产建筑业,0
2020-11-17,资讯科技业,0
2020-11-17,综合企业,0
2020-11-17,其他,0
2020-11-18,能源业,0
2020-11-18,原材料业,0
2020-11-18,工业,0
2020-11-18,非必需性消费,0
2020-11-18,必需性消费,0
2020-11-18,医疗保健业,0
2020-11-18,电讯业,0
2020-11-18,公用事业,0
2020-11-18,金融业,0
2020-11-18,地产建筑业,0
2020-11-18,资讯科技业,0
2020-11-18,综合企业,0
2020-11-18,其他,0
2020-11-19,能源业,0
2020-11-19,原材料业,0
2020-11-19,工业,0
2020-11-19,非必需性消费,0
2020-11-19,必需性消费,0
2020-11-19,医疗保健业,0
2020-11-19,电讯业,0
2020-11-19,公用事业,0
2020-11-19,金融业,0
2020-11-19,地产建筑业,0
2020-11-19,资讯科技业,0
2020-11-19,综合企业,0
2020-11-19,其他,0
2020-11-20,能源业,0
2020-11-20,原材料业,0
2020-11-20,工业,0
2020-11-20,非必需性消费,0
2020-11-20,必需性消费,0
2020-11-20,医疗保健业,0
2020-11-20,电讯业,0
2020-11-20,公用事业,0
2020-11-20,金融业,0
2020-11-20,地产建筑业,0
2020-11-20,资讯科技业,0
2020-11-20,综合企业,0
2020-11-20,其他,0
2020-11-23,能源业,0
2020-11-23,原材料业,0
2020-11-23,工业,0
2020-11-23,非必需性消费,0
2020-11-23,必需性消费,0
2020-11-23,医疗保健业,0
2020-11-23,电讯业,0
2020-11-23,公用事业,0
2020-11-23,金融业,0
2020-11-23,地产建筑业,0
2020-11-23,资讯科技业,0
2020-11-23,综合企业,0
2020-11-23,其他,0
2020-11-24,能源业,0
2020-11-24,原材料业,0
2020-11-24,工业,0
2020-11-24,非必需性消费,0
2020-11-24,必需性消费,0
2020-11-24,医疗保健业,0
2020-11-24,电讯业,0
2020-11-24,公用事业,0
2020-11-24,金融业,0
2020-11-24,地产建筑业,0
2020-11-24,资讯科技业,0
2020-11-24,综合企业,0
2020-11-24,其他,0
2020-11-25,能源业,0
2020-11-25,原材料业,0
2020-11-25,工业,0
2020-11-25,非必需性消费,0
2020-11-25,必需性消费,0
2020-11-25,医疗保健业,0
2020-11-25,电讯业,0
2020-11-25,公用事业,0
2020-11-25,金融业,0
2020-11-25,地产建筑业,0
2020-11-25,资讯科技业,0
2020-11-25,综合企业,0
2020-11-25,其他,0
2020-11-26,能源业,0
2020-11-26,原材料业,0
2020-11-26,工业,0
2020-11-26,非必需性消费,0
2020-11-26,必需性消费,0
2020-11-26,医疗保健业,0
2020-11-26,电讯业,0
2020-11-26,公用事业,0
2020-11-26,金融业,0
2020-11-26,地产建筑业,0
2020-11-26,资讯科技业,0
2020-11-26,综合企业,0
2020-11-26,其他,0
2020-11-27,能源业,0
2020-11-27,原材料业,0
2020-11-27,工业,0
2020-11-27,非必需性消费,0
2020-11-27,必需性消费,0
2020-11-27,医疗保健业,0
2020-11-27,电讯业,0
2020-11-27,公用事业,0
2020-11-27,金融业,0
2020-11-27,地产建筑业,0
2020-11-27,资讯科技业,0
2020-11-27,综合企业,0
2020-11-27,其他,0
2020-11-30,能源业,0
2020-11-30,原材料业,0
2020-11-30,工业,0
2020-11-30,非必需性消费,0
2020-11-30,必需性消费,0
2020-11-30,医疗保健业,0
2020-11-30,电讯业,0
2020-11-30,公用事业,0
2020-11-30,金融业,0
2020-11-30,地产建筑业,0
2020-11-30,资讯科技业,0
2020-11-30,综合企业,0
2020-11-30,其他,0
2020-12-01,能源业,0
2020-12-01,原材料业,0
2020-12-01,工业,0
2020-12-01,非必需性消费,0
2020-12-01,必需性消费,0
2020-12-01,医疗保健业,0
2020-12-01,电讯业,0
2020-12-01,公用事业,0
2020-12-01,金融业,0
2020-12-01,地产建筑业,0
2020-12-01,资讯科技业,0
2020-12-01,综合企业,0
2020-12-01,其他,0
2020-12-02,能源业,0
2020-12-02,原材料业,0
2020-12-02,工业,0
2020-12-02,非必需性消费,0
2020-12-02,必需性消费,0
2020-12-02,医疗保健业,0
2020-12-02,电讯业,0
2020-12-02,公用事业,0
2020-12-02,金融业,0
2020-12-02,地产建筑业,0
2020-12-02,资讯科技业,0
2020-12-02,综合企业,0
2020-12-02,其他,0
2020-12-03,能源业,0
2020-12-03,原材料业,0
2020-12-03,工业,0
2020-12-03,非必需性消费,0
2020-12-03,必需性消费,0
2020-12-03,医疗保健业,0
2020-12-03,电讯业,0
2020-12-03,公用事业,0
2020-12-03,金融业,0
2020-12-03,地产建筑业,0
2020-12-03,资讯科技业,0
2020-12-03,综合企业,0
2020-12-03,其他,0
2020-12-04,能源业,0
2020-12-04,原材料业,0
2020-12-04,工业,0
2020-12-04,非必需性消费,0
2020-12-04,必需性消费,0
2020-12-04,医疗保健业,0
2020-12-04,电讯业,0
2020-12-04,公用事业,0
2020-12-04,金融业,0
2020-12-04,地产建筑业,0
2020-12-04,资讯科技业,0
2020-12-04,综合企业,0
2020-12-04,其他,0
2020-12-07,能源业,0
2020-12-07,原材料业,0
2020-12-07,工业,0
2020-12-07,非必需性消费,0
2020-12-07,必需性消费,0
2020-12-07,医疗保健业,0
2020-12-07,电讯业,0
2020-12-07,公用事业,0
2020-12-07,金融业,0
2020-12-07,地产建筑业,0
2020-12-07,资讯科技业,0
2020-12-07,综合企业,0
2020-12-07,其他,0
2020-12-08,能源业,0
2020-12-08,原材料业,0
2020-12-08,工业,0
2020-12-08,非必需性消费,0
2020-12-08,必需性消费,0
2020-12-08,医疗保健业,0
2020-12-08,电讯业,0
2020-12-08,公用事业,0
2020-12-08,金融业,0
2020-12-08,地产建筑业,0
2020-12-08,资讯科技业,0
2020-12-08,综合企业,0
2020-12-08,其他,0
2020-12-09,能源业,0
2020-12-09,原材料业,0
2020-12-09,工业,0
2020-12-09,非必需性消费,0
2020-12-09,必需性消费,0
2020-12-09,医疗保健业,0
2020-12-09,电讯业,0
2020-12-09,公用事业,0
2020-12-09,金融业,0
2020-12-09,地产建筑业,0
2020-12-09,资讯科技业,0
2020-12-09,综合企业,0
2020-12-09,其他,0
2020-12-10,能源业,0
2020-12-10,原材料业,0
2020-12-10,工业,0
2020-12-10,非必需性消费,0
2020-12-10,必需性消费,0
2020-12-10,医疗保健业,0
2020-12-10,电讯业,0
2020-12-10,公用事业,0
2020-12-10,金融业,0
2020-12-10,地产建筑业,0
2020-12-10,资讯科技业,0
2020-12-10,综合企业,0
2020-12-10,其他,0
2020-12-11,能源业,0
2020-12-11,原材料业,0
2020-12-11,工业,0
2020-12-11,非必需性消费,0
2020-12-11,必需性消费,0
2020-12-11,医疗保健业,0
2020-12-11,电讯业,0
2020-12-11,公用事业,0
2020-12-11,金融业,0
2020-12-11,地产建筑业,0
2020-12-11,资讯科技业,0
2020-12-11,综合企业,0
2020-12-11,其他,0
2020-12-14,能源业,0
2020-12-14,原材料业,0
2020-12-14,工业,0
2020-12-14,非必需性消费,0
2020-12-14,必需性消费,0
2020-12-14,医疗保健业,0
2020-12-14,电讯业,0
2020-12-14,公用事业,0
2020-12-14,金融业,0
2020-12-14,地产建筑业,0
2020-12-14,资讯科技业,0
2020-12-14,综合企业,0
2020-12-14,其他,0
2020-12-15,能源业,0
2020-12-15,原材料业,0
2020-12-15,工业,0
2020-12-15,非必需性消费,0
2020-12-15,必需性消费,0
2020-12-15,医疗保健业,0
2020-12-15,电讯业,0
2020-12-15,公用事业,0
2020-12-15,金融业,0
2020-12-15,地产建筑业,0
2020-12-15,资讯科技业,0
2020-12-15,综合企业,0
2020-12-15,其他,0
2020-12-16,能源业,0
2020-12-16,原材料业,0
2020-12-16,工业,0
2020-12-16,非必需性消费,0
2020-12-16,必需性消费,0
2020-12-16,医疗保健业,0
2020-12-16,电讯业,0
2020-12-16,公用事业,0
2020-12-16,金融业,0
2020-12-16,地产建筑业,0
2020-12-16,资讯科技业,0
2020-12-16,综合企业,0
2020-12-16,其他,0
2020-12-17,能源业,0
2020-12-17,原材料业,0
2020-12-17,工业,0
2020-12-17,非必需性消费,0
2020-12-17,必需性消费,0
2020-12-17,医疗保健业,0
2020-12-17,电讯业,0
2020-12-17,公用事业,0
2020-12-17,金融业,0
2020-12-17,地产建筑业,0
2020-12-17,资讯科技业,0
2020-12-17,综合企业,0
2020-12-17,其他,0
2020-12-18,能源业,0
2020-12-18,原材料业,0
2020-12-18,工业,0
2020-12-18,非必需性消费,0
2020-12-18,必需性消费,0
2020-12-18,医疗保健业,0
2020-12-18,电讯业,0
2020-12-18,公用事业,0
2020-12-18,金融业,0
2020-12-18,地产建筑业,0
2020-12-18,资讯科技业,0
2020-12-18,综合企业,0
2020-12-18,其他,0
2020-12-21,能源业,0
2020-12-21,原材料业,0
2020-12-21,工业,0
2020-12-21,非必需性消费,0
2020-12-21,必需性消费,0
2020-12-21,医疗保健业,0
2020-12-21,电讯业,0
2020-12-21,公用事业,0
2020-12-21,金融业,0
2020-12-21,地产建筑业,0
2020-12-21,资讯科技业,0
2020-12-21,综合企业,0
2020-12-21,其他,0
2020-12-22,能源业,0
2020-12-22,原材料业,0
2020-12-22,工业,0
2020-12-22,非必需性消费,0
2020-12-22,必需性消费,0
2020-12-22,医疗保健业,0
2020-12-22,电讯业,0
2020-12-22,公用事业,0
2020-12-22,金融业,0
2020-12-22,地产建筑业,0
2020-12-22,资讯科技业,0
2020-12-22,综合企业,0
2020-12-22,其他,0
2020-12-23,能源业,0
2020-12-23,原材料业,0
2020-12-23,工业,0
2020-12-23,非必需性消费,0
2020-12-23,必需性消费,0
2020-12-23,医疗保健业,0
2020-12-23,电讯业,0
2020-12-23,公用事业,0
2020-12-23,金融业,0
2020-12-23,地产建筑业,0
2020-12-23,资讯科技业,0
2020-12-23,综合企业,0
2020-12-23,其他,0
2020-12-24,能源业,0
2020-12-24,原材料业,0
2020-12-24,工业,0
2020-12-24,非必需性消费,0
2020-12-24,必需性消费,0
2020-12-24,医疗保健业,0
2020-12-24,电讯业,0
2020-12-24,公用事业,0
2020-12-24,金融业,0
2020-12-24,地产建筑业,0
2020-12-24,资讯科技业,0
2020-12-24,综合企业,0
2020-12-24,其他,0
2020-12-25,能源业,0
2020-12-25,原材料业,0
2020-12-25,工业,0
2020-12-25,非必需性消费,0
2020-12-25,必需性消费,0
2020-12-25,医疗保健业,0
2020-12-25,电讯业,0
2020-12-25,公用事业,0
2020-12-25,金融业,0
2020-12-25,地产建筑业,0
2020-12-25,资讯科技业,0
2020-12-25,综合企业,0
2020-12-25,其他,0
2020-12-28,能源业,0
2020-12-28,原材料业,0
2020-12-28,工业,0
2020-12-28,非必需性消费,0
2020-12-28,必需性消费,0
2020-12-28,医疗保健业,0
2020-12-28,电讯业,0
2020-12-28,公用事业,0
2020-12-28,金融业,0
2020-12-28,地产建筑业,0
2020-12-28,资讯科技业,0
2020-12-28,综合企业,0
2020-12-28,其他,0
2020-12-29,能源业,0
2020-12-29,原材料业,0
2020-12-29,工业,0
2020-12-29,非必需性消费,0
2020-12-29,必需性消费,0
2020-12-29,医疗保健业,0
2020-12-29,电讯业,0
2020-12-29,公用事业,0
2020-12-29,金融业,0
2020-12-29,地产建筑业,0
2020-12-29,资讯科技业,0
2020-12-29,综合企业,0
2020-12-29,其他,0
2020-12-30,能源业,0
2020-12-30,原材料业,0
2020-12-30,工业,0
2020-12-30,非必需性消费,0
2020-12-30,必需性消费,0
2020-12-30,医疗保健业,0
2020-12-30,电讯业,0
2020-12-30,公用事业,0
2020-12-30,金融业,0
2020-12-30,地产建筑业,0
2020-12-30,资讯科技业,0
2020-12-30,综合企业,0
2020-12-30,其他,0
2020-12-31,能源业,0
2020-12-31,原材料业,0
2020-12-31,工业,0
2020-12-31,非必需性消费,0
2020-12-31,必需性消费,0
2020-12-31,医疗保健业,0
2020-12-31,电讯业,0
2020-12-31,公用事业,0
2020-12-31,金融业,0
2020-12-31,地产建筑业,0
2020-12-31,资讯科技业,0
2020-12-31,综合企业,0
2020-12-31,其他,0
2021-01-04,能源业,0
2021-01-04,原材料业,0
2021-01-04,工业,0
2021-01-04,非必需性消费,0
2021-01-04,必需性消费,0
2021-01-04,医疗保健业,0
2021-01-04,电讯业,0
2021-01-04,公用事业,0
2021-01-04,金融业,0
2021-01-04,地产建筑业,0
2021-01-04,资讯科技业,0
2021-01-04,综合企业,0
2021-01-04,其他,0
2021-01-05,能源业,0
2021-01-05,原材料业,0
2021-01-05,工业,0
2021-01-05,非必需性消费,0
2021-01-05,必需性消费,0
2021-01-05,医疗保健业,0
2021-01-05,电讯业,0
2021-01-05,公用事业,0
2021-01-05,金融业,0
2021-01-05,地产建筑业,0
2021-01-05,资讯科技业,0
2021-01-05,综合企业,0
2021-01-05,其他,0
2021-01-06,能源业,0
2021-01-06,原材料业,0
2021-01-06,工业,0
2021-01-06,非必需性消费,0
2021-01-06,必需性消费,0
2021-01-06,医疗保健业,0
2021-01-06,电讯业,0
2021-01-06,公用事业,0
2021-01-06,金融业,0
2021-01-06,地产建筑业,0
2021-01-06,资讯科技业,0
2021-01-06,综合企业,0
2021-01-06,其他,0
2021-01-07,能源业,0
2021-01-07,原材料业,0
2021-01-07,工业,0
2021-01-07,非必需性消费,0
2021-01-07,必需性消费,0
2021-01-07,医疗保健业,0
2021-01-07,电讯业,0
2021-01-07,公用事业,0
2021-01-07,金融业,0
2021-01-07,地产建筑业,0
2021-01-07,资讯科技业,0
2021-01-07,综合企业,0
2021-01-07,其他,0
2021-01-08,能源业,0
2021-01-08,原材料业,0
2021-01-08,工业,0
2021-01-08,非必需性消费,0
2021-01-08,必需性消费,0
2021-01-08,医疗保健业,0
2021-01-08,电讯业,0
2021-01-08,公用事业,0
2021-01-08,金融业,0
2021-01-08,地产建筑业,0
2021-01-08,资讯科技业,0
2021-01-08,综合企业,0
2021-01-08,其他,0
2021-01-11,能源业,0
2021-01-11,原材料业,0
2021-01-11,工业,0
2021-01-11,非必需性消费,0
2021-01-11,必需性消费,0
2021-01-11,医疗保健业,0
2021-01-11,电讯业,0
2021-01-11,公用事业,0
2021-01-11,金融业,0
2021-01-11,地产建筑业,0
2021-01-11,资讯科技业,0
2021-01-11,综合企业,0
2021-01-11,其他,0
2021-01-12,能源业,0
2021-01-12,原材料业,0
2021-01-12,工业,0
2021-01-12,非必需性消费,0
2021-01-12,必需性消费,0
2021-01-12,医疗保健业,0
2021-01-12,电讯业,0
2021-01-12,公用事业,0
2021-01-12,金融业,0
2021-01-12,地产建筑业,0
2021-01-12,资讯科技业,0
2021-01-12,综合企业,0
2021-01-12,其他,0
2021-01-13,能源业,0
2021-01-13,原材料业,0
2021-01-13,工业,0
2021-01-13,非必需性消费,0
2021-01-13,必需性消费,0
2021-01-13,医疗保健业,0
2021-01-13,电讯业,0
2021-01-13,公用事业,0
2021-01-13,金融业,0
2021-01-13,地产建筑业,0
2021-01-13,资讯科技业,0
2021-01-13,综合企业,0
2021-01-13,其他,0
2021-01-14,能源业,0
2021-01-14,原材料业,0
2021-01-14,工业,0
2021-01-14,非必需性消费,0
2021-01-14,必需性消费,0
2021-01-14,医疗保健业,0
2021-01-14,电讯业,0
2021-01-14,公用事业,0
2021-01-14,金融业,0
2021-01-14,地产建筑业,0
2021-01-14,资讯科技业,0
2021-01-14,综合企业,0
2021-01-14,其他,0
2021-01-15,能源业,0
2021-01-15,原材料业,0
2021-01-15,工业,0
2021-01-15,非必需性消费,0
2021-01-15,必需性消费,0
2021-01-15,医疗保健业,0
2021-01-15,电讯业,0
2021-01-15,公用事业,0
2021-01-15,金融业,0
2021-01-15,地产建筑业,0
2021-01-15,资讯科技业,0
2021-01-15,综合企业,0
2021-01-15,其他,0
2021-01-18,能源业,0
2021-01-18,原材料业,0
2021-01-18,工业,0
2021-01-18,非必需性消费,0
2021-01-18,必需性消费,0
2021-01-18,医疗保健业,0
2021-01-18,电讯业,0
2021-01-18,公用事业,0
2021-01-18,金融业,0
2021-01-18,地产建筑业,0
2021-01-18,资讯科技业,0
2021-01-18,综合企业,0
2021-01-18,其他,0
2021-01-19,能源业,0
2021-01-19,原材料业,0
2021-01-19,工业,0
2021-01-19,非必需性消费,0
2021-01-19,必需性消费,0
2021-01-19,医疗保健业,0
2021-01-19,电讯业,0
2021-01-19,公用事业,0
2021-01-19,金融业,0
2021-01-19,地产建筑业,0
2021-01-19,资讯科技业,0
2021-01-19,综合企业,0
2021-01-19,其他,0
2021-01-20,能源业,0
2021-01-20,原材料业,0
2021-01-20,工业,0
2021-01-20,非必需性消费,0
2021-01-20,必需性消费,0
2021-01-20,医疗保健业,0
2021-01-20,电讯业,0
2021-01-20,公用事业,0
2021-01-20,金融业,0
2021-01-20,地产建筑业,0
2021-01-20,资讯科技业,0
2021-01-20,综合企业,0
2021-01-20,其他,0
2021-01-21,能源业,0
2021-01-21,原材料业,0
2021-01-21,工业,0
2021-01-21,非必需性消费,0
2021-01-21,必需性消费,0
2021-01-21,医疗保健业,0
2021-01-21,电讯业,0
2021-01-21,公用事业,0
2021-01-21,金融业,0
2021-01-21,地产建筑业,0
2021-01-21,资讯科技业,0
2021-01-21,综合企业,0
2021-01-21,其他,0
2021-01-22,能源业,0
2021-01-22,原材料业,0
2021-01-22,工业,0
2021-01-22,非必需性消费,0
2021-01-22,必需性消费,0
2021-01-22,医疗保健业,0
2021-01-22,电讯业,0
2021-01-22,公用事业,0
2021-01-22,金融业,0
2021-01-22,地产建筑业,0
2021-01-22,资讯科技业,0
2021-01-22,综合企业,0
2021-01-22,其他,0
2021-01-25,能源业,0
2021-01-25,原材料业,0
2021-01-25,工业,0
2021-01-25,非必需性消费,0
2021-01-25,必需性消费,0
2021-01-25,医疗保健业,0
2021-01-25,电讯业,0
2021-01-25,公用事业,0
2021-01-25,金融业,0
2021-01-25,地产建筑业,0
2021-01-25,资讯科技业,0
2021-01-25,综合企业,0
2021-01-25,其他,0
2021-01-26,能源业,0
2021-01-26,原材料业,0
2021-01-26,工业,0
2021-01-26,非必需性消费,0
2021-01-26,必需性消费,0
2021-01-26,医疗保健业,0
2021-01-26,电讯业,0
2021-01-26,公用事业,0
2021-01-26,金融业,0
2021-01-26,地产建筑业,0
2021-01-26,资讯科技业,0
2021-01-26,综合企业,0
2021-01-26,其他,0
2021-01-27,能源业,0
2021-01-27,原材料业,0
2021-01-27,工业,0
2021-01-27,非必需性消费,0
2021-01-27,必需性消费,0
2021-01-27,医疗保健业,0
2021-01-27,电讯业,0
2021-01-27,公用事业,0
2021-01-27,金融业,0
2021-01-27,地产建筑业,0
2021-01-27,资讯科技业,0
2021-01-27,综合企业,0
2021-01-27,其他,0
2021-01-28,能源业,0
2021-01-28,原材料业,0
2021-01-28,工业,0
2021-01-28,非必需性消费,0
2021-01-28,必需性消费,0
2021-01-28,医疗保健业,0
2021-01-28,电讯业,0
2021-01-28,公用事业,0
2021-01-28,金融业,0
2021-01-28,地产建筑业,0
2021-01-28,资讯科技业,0
2021-01-28,综合企业,0
2021-01-28,其他,0
2021-01-29,能源业,0
2021-01-29,原材料业,0
2021-01-29,工业,0
2021-01-29,非必需性消费,0
2021-01-29,必需性消费,0
2021-01-29,医疗保健业,0
2021-01-29,电讯业,0
2021-01-29,公用事业,0
2021-01-29,金融业,0
2021-01-29,地产建筑业,0
2021-01-29,资讯科技业,0
2021-01-29,综合企业,0
2021-01-29,其他,0
2021-02-01,能源业,0
2021-02-01,原材料业,0
2021-02-01,工业,0
2021-02-01,非必需性消费,0
2021-02-01,必需性消费,0
2021-02-01,医疗保健业,0
2021-02-01,电讯业,0
2021-02-01,公用事业,0
2021-02-01,金融业,0
2021-02-01,地产建筑业,0
2021-02-01,资讯科技业,0
2021-02-01,综合企业,0
2021-02-01,其他,0
2021-02-02,能源业,0
2021-02-02,原材料业,0
2021-02-02,工业,0
2021-02-02,非必需性消费,0
2021-02-02,必需性消费,0
2021-02-02,医疗保健业,0
2021-02-02,电讯业,0
2021-02-02,公用事业,0
2021-02-02,金融业,0
2021-02-02,地产建筑业,0
2021-02-02,资讯科技业,0
2021-02-02,综合企业,0
2021-02-02,其他,0
2021-02-03,能源业,0
2021-02-03,原材料业,0
2021-02-03,工业,0
2021-02-03,非必需性消费,0
2021-02-03,必需性消费,0
2021-02-03,医疗保健业,0
2021-02-03,电讯业,0
2021-02-03,公用事业,0
2021-02-03,金融业,0
2021-02-03,地产建筑业,0
2021-02-03,资讯科技业,0
2021-02-03,综合企业,0
2021-02-03,其他,0
2021-02-04,能源业,0
2021-02-04,原材料业,0
2021-02-04,工业,0
2021-02-04,非必需性消费,0
2021-02-04,必需性消费,0
2021-02-04,医疗保健业,0
2021-02-04,电讯业,0
2021-02-04,公用事业,0
2021-02-04,金融业,0
2021-02-04,地产建筑业,0
2021-02-04,资讯科技业,0
2021-02-04,综合企业,0
2021-02-04,其他,0
2021-02-05,能源业,0
2021-02-05,原材料业,0
2021-02-05,工业,0
2021-02-05,非必需性消费,0
2021-02-05,必需性消费,0
2021-02-05,医疗保健业,0
2021-02-05,电讯业,0
2021-02-05,公用事业,0
2021-02-05,金融业,0
2021-02-05,地产建筑业,0
2021-02-05,资讯科技业,0
2021-02-05,综合企业,0
2021-02-05,其他,0
2021-02-08,能源业,0
2021-02-08,原材料业,0
2021-02-08,工业,0
2021-02-08,非必需性消费,0
2021-02-08,必需性消费,0
2021-02-08,医疗保健业,0
2021-02-08,电讯业,0
2021-02-08,公用事业,0
2021-02-08,金融业,0
2021-02-08,地产建筑业,0
2021-02-08,资讯科技业,0
2021-02-08,综合企业,0
2021-02-08,其他,0
2021-02-09,能源业,0
2021-02-09,原材料业,0
2021-02-09,工业,0
2021-02-09,非必需性消费,0
2021-02-09,必需性消费,0
2021-02-09,医疗保健业,0
2021-02-09,电讯业,0
2021-02-09,公用事业,0
2021-02-09,金融业,0
2021-02-09,地产建筑业,0
2021-02-09,资讯科技业,0
2021-02-09,综合企业,0
2021-02-09,其他,0
2021-02-10,能源业,0
2021-02-10,原材料业,0
2021-02-10,工业,0
2021-02-10,非必需性消费,0
2021-02-10,必需性消费,0
2021-02-10,医疗保健业,0
2021-02-10,电讯业,0
2021-02-10,公用事业,0
2021-02-10,金融业,0
2021-02-10,地产建筑业,0
2021-02-10,资讯科技业,0
2021-02-10,综合企业,0
2021-02-10,其他,0
2021-02-18,能源业,0
2021-02-18,原材料业,0
2021-02-18,工业,0
2021-02-18,非必需性消费,0
2021-02-18,必需性消费,0
2021-02-18,医疗保健业,0
2021-02-18,电讯业,0
2021-02-18,公用事业,0
2021-02-18,金融业,0
2021-02-18,地产建筑业,0
2021-02-18,资讯科技业,0
2021-02-18,综合企业,0
2021-02-18,其他,0
2021-02-19,能源业,0
2021-02-19,原材料业,0
2021-02-19,工业,0
2021-02-19,非必需性消费,0
2021-02-19,必需性消费,0
2021-02-19,医疗保健业,0
2021-02-19,电讯业,0
2021-02-19,公用事业,0
2021-02-19,金融业,0
2021-02-19,地产建筑业,0
2021-02-19,资讯科技业,0
2021-02-19,综合企业,0
2021-02-19,其他,0
2021-02-22,能源业,0
2021-02-22,原材料业,0
2021-02-22,工业,0
2021-02-22,非必需性消费,0
2021-02-22,必需性消费,0
2021-02-22,医疗保健业,0
2021-02-22,电讯业,0
2021-02-22,公用事业,0
2021-02-22,金融业,0
2021-02-22,地产建筑业,0
2021-02-22,资讯科技业,0
2021-02-22,综合企业,0
2021-02-22,其他,0
2021-02-23,能源业,0
2021-02-23,原材料业,0
2021-02-23,工业,0
2021-02-23,非必需性消费,0
2021-02-23,必需性消费,0
2021-02-23,医疗保健业,0
2021-02-23,电讯业,0
2021-02-23,公用事业,0
2021-02-23,金融业,0
2021-02-23,地产建筑业,0
2021-02-23,资讯科技业,0
2021-02-23,综合企业,0
2021-02-23,其他,0
2021-02-24,能源业,0
2021-02-24,原材料业,0
2021-02-24,工业,0
2021-02-24,非必需性消费,0
2021-02-24,必需性消费,0
2021-02-24,医疗保健业,0
2021-02-24,电讯业,0
2021-02-24,公用事业,0
2021-02-24,金融业,0
2021-02-24,地产建筑业,0
2021-02-24,资讯科技业,0
2021-02-24,综合企业,0
2021-02-24,其他,0
2021-02-25,能源业,0
2021-02-25,原材料业,0
2021-02-25,工业,0
2021-02-25,非必需性消费,0
2021-02-25,必需性消费,0
2021-02-25,医疗保健业,0
2021-02-25,电讯业,0
2021-02-25,公用事业,0
2021-02-25,金融业,0
2021-02-25,地产建筑业,0
2021-02-25,资讯科技业,0
2021-02-25,综合企业,0
2021-02-25,其他,0
2021-02-26,能源业,0
2021-02-26,原材料业,0
2021-02-26,工业,0
2021-02-26,非必需性消费,0
2021-02-26,必需性消费,0
2021-02-26,医疗保健业,0
2021-02-26,电讯业,0
2021-02-26,公用事业,0
2021-02-26,金融业,0
2021-02-26,地产建筑业,0
2021-02-26,资讯科技业,0
2021-02-26,综合企业,0
2021-02-26,其他,0
2021-03-01,能源业,0
2021-03-01,原材料业,0
2021-03-01,工业,0
2021-03-01,非必需性消费,0
2021-03-01,必需性消费,0
2021-03-01,医疗保健业,0
2021-03-01,电讯业,0
2021-03-01,公用事业,0
2021-03-01,金融业,0
2021-03-01,地产建筑业,0
2021-03-01,资讯科技业,0
2021-03-01,综合企业,0
2021-03-01,其他,0
2021-03-02,能源业,0
2021-03-02,原材料业,0
2021-03-02,工业,0
2021-03-02,非必需性消费,0
2021-03-02,必需性消费,0
2021-03-02,医疗保健业,0
2021-03-02,电讯业,0
2021-03-02,公用事业,0
2021-03-02,金融业,0
2021-03-02,地产建筑业,0
2021-03-02,资讯科技业,0
2021-03-02,综合企业,0
2021-03-02,其他,0
2021-03-03,能源业,0
2021-03-03,原材料业,0
2021-03-03,工业,0
2021-03-03,非必需性消费,0
2021-03-03,必需性消费,0
2021-03-03,医疗保健业,0
2021-03-03,电讯业,0
2021-03-03,公用事业,0
2021-03-03,金融业,0
2021-03-03,地产建筑业,0
2021-03-03,资讯科技业,0
2021-03-03,综合企业,0
2021-03-03,其他,0
2021-03-04,能源业,0
2021-03-04,原材料业,0
2021-03-04,工业,0
2021-03-04,非必需性消费,0
2021-03-04,必需性消费,0
2021-03-04,医疗保健业,0
2021-03-04,电讯业,0
2021-03-04,公用事业,0
2021-03-04,金融业,0
2021-03-04,地产建筑业,0
2021-03-04,资讯科技业,0
2021-03-04,综合企业,0
2021-03-04,其他,0
2021-03-05,能源业,0
2021-03-05,原材料业,0
2021-03-05,工业,0
2021-03-05,非必需性消费,0
2021-03-05,必需性消费,0
2021-03-05,医疗保健业,0
2021-03-05,电讯业,0
2021-03-05,公用事业,0
2021-03-05,金融业,0
2021-03-05,地产建筑业,0
2021-03-05,资讯科技业,0
2021-03-05,综合企业,0
2021-03-05,其他,0
2021-03-08,能源业,0
2021-03-08,原材料业,0
2021-03-08,工业,0
2021-03-08,非必需性消费,0
2021-03-08,必需性消费,0
2021-03-08,医疗保健业,0
2021-03-08,电讯业,0
2021-03-08,公用事业,0
2021-03-08,金融业,0
2021-03-08,地产建筑业,0
2021-03-08,资讯科技业,0
2021-03-08,综合企业,0
2021-03-08,其他,0
2021-03-09,能源业,0
2021-03-09,原材料业,0
2021-03-09,工业,0
2021-03-09,非必需性消费,0
2021-03-09,必需性消费,0
2021-03-09,医疗保健业,0
2021-03-09,电讯业,0
2021-03-09,公用事业,0
2021-03-09,金融业,0
2021-03-09,地产建筑业,0
2021-03-09,资讯科技业,0
2021-03-09,综合企业,0
2021-03-09,其他,0
2021-03-10,能源业,0
2021-03-10,原材料业,0
2021-03-10,工业,0
2021-03-10,非必需性消费,0
2021-03-10,必需性消费,0
2021-03-10,医疗保健业,0
2021-03-10,电讯业,0
2021-03-10,公用事业,0
2021-03-10,金融业,0
2021-03-10,地产建筑业,0
2021-03-10,资讯科技业,0
2021-03-10,综合企业,0
2021-03-10,其他,0
2021-03-11,能源业,0
2021-03-11,原材料业,0
2021-03-11,工业,0
2021-03-11,非必需性消费,0
2021-03-11,必需性消费,0
2021-03-11,医疗保健业,0
2021-03-11,电讯业,0
2021-03-11,公用事业,0
2021-03-11,金融业,0
2021-03-11,地产建筑业,0
2021-03-11,资讯科技业,0
2021-03-11,综合企业,0
2021-03-11,其他,0
2021-03-12,能源业,0
2021-03-12,原材料业,0
2021-03-12,工业,0
2021-03-12,非必需性消费,0
2021-03-12,必需性消费,0
2021-03-12,医疗保健业,0
2021-03-12,电讯业,0
2021-03-12,公用事业,0
2021-03-12,金融业,0
2021-03-12,地产建筑业,0
2021-03-12,资讯科技业,0
2021-03-12,综合企业,0
2021-03-12,其他,0
2021-03-15,能源业,0
2021-03-15,原材料业,0
2021-03-15,工业,0
2021-03-15,非必需性消费,0
2021-03-15,必需性消费,0
2021-03-15,医疗保健业,0
2021-03-15,电讯业,0
2021-03-15,公用事业,0
2021-03-15,金融业,0
2021-03-15,地产建筑业,0
2021-03-15,资讯科技业,0
2021-03-15,综合企业,0
2021-03-15,其他,0
2021-03-16,能源业,0
2021-03-16,原材料业,0
2021-03-16,工业,0
2021-03-16,非必需性消费,0
2021-03-16,必需性消费,0
2021-03-16,医疗保健业,0
2021-03-16,电讯业,0
2021-03-16,公用事业,0
2021-03-16,金融业,0
2021-03-16,地产建筑业,0
2021-03-16,资讯科技业,0
2021-03-16,综合企业,0
2021-03-16,其他,0
2021-03-17,能源业,0
2021-03-17,原材料业,0
2021-03-17,工业,0
2021-03-17,非必需性消费,0
2021-03-17,必需性消费,0
2021-03-17,医疗保健业,0
2021-03-17,电讯业,0
2021-03-17,公用事业,0
2021-03-17,金融业,0
2021-03-17,地产建筑业,0
2021-03-17,资讯科技业,0
2021-03-17,综合企业,0
2021-03-17,其他,0
2021-03-18,能源业,0
2021-03-18,原材料业,0
2021-03-18,工业,0
2021-03-18,非必需性消费,0
2021-03-18,必需性消费,0
2021-03-18,医疗保健业,0
2021-03-18,电讯业,0
2021-03-18,公用事业,0
2021-03-18,金融业,0
2021-03-18,地产建筑业,0
2021-03-18,资讯科技业,0
2021-03-18,综合企业,0
2021-03-18,其他,0
2021-03-19,能源业,0
2021-03-19,原材料业,0
2021-03-19,工业,0
2021-03-19,非必需性消费,0
2021-03-19,必需性消费,0
2021-03-19,医疗保健业,0
2021-03-19,电讯业,0
2021-03-19,公用事业,0
2021-03-19,金融业,0
2021-03-19,地产建筑业,0
2021-03-19,资讯科技业,0
2021-03-19,综合企业,0
2021-03-19,其他,0
2021-03-22,能源业,0
2021-03-22,原材料业,0
2021-03-22,工业,0
2021-03-22,非必需性消费,0
2021-03-22,必需性消费,0
2021-03-22,医疗保健业,0
2021-03-22,电讯业,0
2021-03-22,公用事业,0
2021-03-22,金融业,0
2021-03-22,地产建筑业,0
2021-03-22,资讯科技业,0
2021-03-22,综合企业,0
2021-03-22,其他,0
2021-03-23,能源业,0
2021-03-23,原材料业,0
2021-03-23,工业,0
2021-03-23,非必需性消费,0
2021-03-23,必需性消费,0
2021-03-23,医疗保健业,0
2021-03-23,电讯业,0
2021-03-23,公用事业,0
2021-03-23,金融业,0
2021-03-23,地产建筑业,0
2021-03-23,资讯科技业,0
2021-03-23,综合企业,0
2021-03-23,其他,0
2021-03-24,能源业,0
2021-03-24,原材料业,0
2021-03-24,工业,0
2021-03-24,非必需性消费,0
2021-03-24,必需性消费,0
2021-03-24,医疗保健业,0
2021-03-24,电讯业,0
2021-03-24,公用事业,0
2021-03-24,金融业,0
2021-03-24,地产建筑业,0
2021-03-24,资讯科技业,0
2021-03-24,综合企业,0
2021-03-24,其他,0
2021-03-25,能源业,0
2021-03-25,原材料业,0
2021-03-25,工业,0
2021-03-25,非必需性消费,0
2021-03-25,必需性消费,0
2021-03-25,医疗保健业,0
2021-03-25,电讯业,0
2021-03-25,公用事业,0
2021-03-25,金融业,0
2021-03-25,地产建筑业,0
2021-03-25,资讯科技业,0
2021-03-25,综合企业,0
2021-03-25,其他,0
2021-03-26,能源业,0
2021-03-26,原材料业,0
2021-03-26,工业,0
2021-03-26,非必需性消费,0
2021-03-26,必需性消费,0
2021-03-26,医疗保健业,0
2021-03-26,电讯业,0
2021-03-26,公用事业,0
2021-03-26,金融业,0
2021-03-26,地产建筑业,0
2021-03-26,资讯科技业,0
2021-03-26,综合企业,0
2021-03-26,其他,0
2021-03-29,能源业,0
2021-03-29,原材料业,0
2021-03-29,工业,0
2021-03-29,非必需性消费,0
2021-03-29,必需性消费,0
2021-03-29,医疗保健业,0
2021-03-29,电讯业,0
2021-03-29,公用事业,0
2021-03-29,金融业,0
2021-03-29,地产建筑业,0
2021-03-29,资讯科技业,0
2021-03-29,综合企业,0
2021-03-29,其他,0
2021-03-30,能源业,0
2021-03-30,原材料业,0
2021-03-30,工业,0
2021-03-30,非必需性消费,0
2021-03-30,必需性消费,0
2021-03-30,医疗保健业,0
2021-03-30,电讯业,0
2021-03-30,公用事业,0
2021-03-30,金融业,0
2021-03-30,地产建筑业,0
2021-03-30,资讯科技业,0
2021-03-30,综合企业,0
2021-03-30,其他,0
2021-03-31,能源业,0
2021-03-31,原材料业,0
2021-03-31,工业,0
2021-03-31,非必需性消费,0
2021-03-31,必需性消费,0
2021-03-31,医疗保健业,0
2021-03-31,电讯业,0
2021-03-31,公用事业,0
2021-03-31,金融业,0
2021-03-31,地产建筑业,0
2021-03-31,资讯科技业,0
2021-03-31,综合企业,0
2021-03-31,其他,0
2021-04-01,能源业,0
2021-04-01,原材料业,0
2021-04-01,工业,0
2021-04-01,非必需性消费,0
2021-04-01,必需性消费,0
2021-04-01,医疗保健业,0
2021-04-01,电讯业,0
2021-04-01,公用事业,0
2021-04-01,金融业,0
2021-04-01,地产建筑业,0
2021-04-01,资讯科技业,0
2021-04-01,综合企业,0
2021-04-01,其他,0
2021-04-02,能源业,0
2021-04-02,原材料业,0
2021-04-02,工业,0
2021-04-02,非必需性消费,0
2021-04-02,必需性消费,0
2021-04-02,医疗保健业,0
2021-04-02,电讯业,0
2021-04-02,公用事业,0
2021-04-02,金融业,0
2021-04-02,地产建筑业,0
2021-04-02,资讯科技业,0
2021-04-02,综合企业,0
2021-04-02,其他,0
2021-04-06,能源业,0
2021-04-06,原材料业,0
2021-04-06,工业,0
2021-04-06,非必需性消费,0
2021-04-06,必需性消费,0
2021-04-06,医疗保健业,0
2021-04-06,电讯业,0
2021-04-06,公用事业,0
2021-04-06,金融业,0
2021-04-06,地产建筑业,0
2021-04-06,资讯科技业,0
2021-04-06,综合企业,0
2021-04-06,其他,0
2021-04-07,能源业,0
2021-04-07,原材料业,0
2021-04-07,工业,0
2021-04-07,非必需性消费,0
2021-04-07,必需性消费,0
2021-04-07,医疗保健业,0
2021-04-07,电讯业,0
2021-04-07,公用事业,0
2021-04-07,金融业,0
2021-04-07,地产建筑业,0
2021-04-07,资讯科技业,0
2021-04-07,综合企业,0
2021-04-07,其他,0
2021-04-08,能源业,0
2021-04-08,原材料业,0
2021-04-08,工业,0
2021-04-08,非必需性消费,0
2021-04-08,必需性消费,0
2021-04-08,医疗保健业,0
2021-04-08,电讯业,0
2021-04-08,公用事业,0
2021-04-08,金融业,0
2021-04-08,地产建筑业,0
2021-04-08,资讯科技业,0
2021-04-08,综合企业,0
2021-04-08,其他,0
2021-04-09,能源业,0
2021-04-09,原材料业,0
2021-04-09,工业,0
2021-04-09,非必需性消费,0
2021-04-09,必需性消费,0
2021-04-09,医疗保健业,0
2021-04-09,电讯业,0
2021-04-09,公用事业,0
2021-04-09,金融业,0
2021-04-09,地产建筑业,0
2021-04-09,资讯科技业,0
2021-04-09,综合企业,0
2021-04-09,其他,0
2021-04-12,能源业,0
2021-04-12,原材料业,0
2021-04-12,工业,0
2021-04-12,非必需性消费,0
2021-04-12,必需性消费,0
2021-04-12,医疗保健业,0
2021-04-12,电讯业,0
2021-04-12,公用事业,0
2021-04-12,金融业,0
2021-04-12,地产建筑业,0
2021-04-12,资讯科技业,0
2021-04-12,综合企业,0
2021-04-12,其他,0
2021-04-13,能源业,0
2021-04-13,原材料业,0
2021-04-13,工业,0
2021-04-13,非必需性消费,0
2021-04-13,必需性消费,0
2021-04-13,医疗保健业,0
2021-04-13,电讯业,0
2021-04-13,公用事业,0
2021-04-13,金融业,0
2021-04-13,地产建筑业,0
2021-04-13,资讯科技业,0
2021-04-13,综合企业,0
2021-04-13,其他,0
2021-04-14,能源业,0
2021-04-14,原材料业,0
2021-04-14,工业,0
2021-04-14,非必需性消费,0
2021-04-14,必需性消费,0
2021-04-14,医疗保健业,0
2021-04-14,电讯业,0
2021-04-14,公用事业,0
2021-04-14,金融业,0
2021-04-14,地产建筑业,0
2021-04-14,资讯科技业,0
2021-04-14,综合企业,0
2021-04-14,其他,0
2021-04-15,能源业,0
2021-04-15,原材料业,0
2021-04-15,工业,0
2021-04-15,非必需性消费,0
2021-04-15,必需性消费,0
2021-04-15,医疗保健业,0
2021-04-15,电讯业,0
2021-04-15,公用事业,0
2021-04-15,金融业,0
2021-04-15,地产建筑业,0
2021-04-15,资讯科技业,0
2021-04-15,综合企业,0
2021-04-15,其他,0
2021-04-16,能源业,0
2021-04-16,原材料业,0
2021-04-16,工业,0
2021-04-16,非必需性消费,0
2021-04-16,必需性消费,0
2021-04-16,医疗保健业,0
2021-04-16,电讯业,0
2021-04-16,公用事业,0
2021-04-16,金融业,0
2021-04-16,地产建筑业,0
2021-04-16,资讯科技业,0
2021-04-16,综合企业,0
2021-04-16,其他,0
2021-04-19,能源业,0
2021-04-19,原材料业,0
2021-04-19,工业,0
2021-04-19,非必需性消费,0
2021-04-19,必需性消费,0
2021-04-19,医疗保健业,0
2021-04-19,电讯业,0
2021-04-19,公用事业,0
2021-04-19,金融业,0
2021-04-19,地产建筑业,0
2021-04-19,资讯科技业,0
2021-04-19,综合企业,0
2021-04-19,其他,0
2021-04-20,能源业,0
2021-04-20,原材料业,0
2021-04-20,工业,0
2021-04-20,非必需性消费,0
2021-04-20,必需性消费,0
2021-04-20,医疗保健业,0
2021-04-20,电讯业,0
2021-04-20,公用事业,0
2021-04-20,金融业,0
2021-04-20,地产建筑业,0
2021-04-20,资讯科技业,0
2021-04-20,综合企业,0
2021-04-20,其他,0
2021-04-21,能源业,0
2021-04-21,原材料业,0
2021-04-21,工业,0
2021-04-21,非必需性消费,0
2021-04-21,必需性消费,0
2021-04-21,医疗保健业,0
2021-04-21,电讯业,0
2021-04-21,公用事业,0
2021-04-21,金融业,0
2021-04-21,地产建筑业,0
2021-04-21,资讯科技业,0
2021-04-21,综合企业,0
2021-04-21,其他,0
2021-04-22,能源业,0
2021-04-22,原材料业,0
2021-04-22,工业,0
2021-04-22,非必需性消费,0
2021-04-22,必需性消费,0
2021-04-22,医疗保健业,0
2021-04-22,电讯业,0
2021-04-22,公用事业,0
2021-04-22,金融业,0
2021-04-22,地产建筑业,0
2021-04-22,资讯科技业,0
2021-04-22,综合企业,0
2021-04-22,其他,0
2021-04-23,能源业,0
2021-04-23,原材料业,0
2021-04-23,工业,0
2021-04-23,非必需性消费,0
2021-04-23,必需性消费,0
2021-04-23,医疗保健业,0
2021-04-23,电讯业,0
2021-04-23,公用事业,0
2021-04-23,金融业,0
2021-04-23,地产建筑业,0
2021-04-23,资讯科技业,0
2021-04-23,综合企业,0
2021-04-23,其他,0
2021-04-26,能源业,0
2021-04-26,原材料业,0
2021-04-26,工业,0
2021-04-26,非必需性消费,0
2021-04-26,必需性消费,0
2021-04-26,医疗保健业,0
2021-04-26,电讯业,0
2021-04-26,公用事业,0
2021-04-26,金融业,0
2021-04-26,地产建筑业,0
2021-04-26,资讯科技业,0
2021-04-26,综合企业,0
2021-04-26,其他,0
2021-04-27,能源业,0
2021-04-27,原材料业,0
2021-04-27,工业,0
2021-04-27,非必需性消费,0
2021-04-27,必需性消费,0
2021-04-27,医疗保健业,0
2021-04-27,电讯业,0
2021-04-27,公用事业,0
2021-04-27,金融业,0
2021-04-27,地产建筑业,0
2021-04-27,资讯科技业,0
2021-04-27,综合企业,0
2021-04-27,其他,0
2021-04-28,能源业,0
2021-04-28,原材料业,0
2021-04-28,工业,0
2021-04-28,非必需性消费,0
2021-04-28,必需性消费,0
2021-04-28,医疗保健业,0
2021-04-28,电讯业,0
2021-04-28,公用事业,0
2021-04-28,金融业,0
2021-04-28,地产建筑业,0
2021-04-28,资讯科技业,0
2021-04-28,综合企业,0
2021-04-28,其他,0
2021-04-29,能源业,0
2021-04-29,原材料业,0
2021-04-29,工业,0
2021-04-29,非必需性消费,0
2021-04-29,必需性消费,0
2021-04-29,医疗保健业,0
2021-04-29,电讯业,0
2021-04-29,公用事业,0
2021-04-29,金融业,0
2021-04-29,地产建筑业,0
2021-04-29,资讯科技业,0
2021-04-29,综合企业,0
2021-04-29,其他,0
2021-04-30,能源业,0
2021-04-30,原材料业,0
2021-04-30,工业,0
2021-04-30,非必需性消费,0
2021-04-30,必需性消费,0
2021-04-30,医疗保健业,0
2021-04-30,电讯业,0
2021-04-30,公用事业,0
2021-04-30,金融业,0
2021-04-30,地产建筑业,0
2021-04-30,资讯科技业,0
2021-04-30,综合企业,0
2021-04-30,其他,0
2021-05-06,能源业,0
2021-05-06,原材料业,0
2021-05-06,工业,0
2021-05-06,非必需性消费,0
2021-05-06,必需性消费,0
2021-05-06,医疗保健业,0
2021-05-06,电讯业,0
2021-05-06,公用事业,0
2021-05-06,金融业,0
2021-05-06,地产建筑业,0
2021-05-06,资讯科技业,0
2021-05-06,综合企业,0
2021-05-06,其他,0
2021-05-07,能源业,0
2021-05-07,原材料业,0
2021-05-07,工业,0
2021-05-07,非必需性消费,0
2021-05-07,必需性消费,0
2021-05-07,医疗保健业,0
2021-05-07,电讯业,0
2021-05-07,公用事业,0
2021-05-07,金融业,0
2021-05-07,地产建筑业,0
2021-05-07,资讯科技业,0
2021-05-07,综合企业,0
2021-05-07,其他,0
2021-05-10,能源业,0
2021-05-10,原材料业,0
2021-05-10,工业,0
2021-05-10,非必需性消费,0
2021-05-10,必需性消费,0
2021-05-10,医疗保健业,0
2021-05-10,电讯业,0
2021-05-10,公用事业,0
2021-05-10,金融业,0
2021-05-10,地产建筑业,0
2021-05-10,资讯科技业,0
2021-05-10,综合企业,0
2021-05-10,其他,0
2021-05-11,能源业,0
2021-05-11,原材料业,0
2021-05-11,工业,0
2021-05-11,非必需性消费,0
2021-05-11,必需性消费,0
2021-05-11,医疗保健业,0
2021-05-11,电讯业,0
2021-05-11,公用事业,0
2021-05-11,金融业,0
2021-05-11,地产建筑业,0
2021-05-11,资讯科技业,0
2021-05-11,综合企业,0
2021-05-11,其他,0
2021-05-12,能源业,0
2021-05-12,原材料业,0
2021-05-12,工业,0
2021-05-12,非必需性消费,0
2021-05-12,必需性消费,0
2021-05-12,医疗保健业,0
2021-05-12,电讯业,0
2021-05-12,公用事业,0
2021-05-12,金融业,0
2021-05-12,地产建筑业,0
2021-05-12,资讯科技业,0
2021-05-12,综合企业,0
2021-05-12,其他,0
2021-05-13,能源业,0
2021-05-13,原材料业,0
2021-05-13,工业,0
2021-05-13,非必需性消费,0
2021-05-13,必需性消费,0
2021-05-13,医疗保健业,0
2021-05-13,电讯业,0
2021-05-13,公用事业,0
2021-05-13,金融业,0
2021-05-13,地产建筑业,0
2021-05-13,资讯科技业,0
2021-05-13,综合企业,0
2021-05-13,其他,0
2021-05-14,能源业,0
2021-05-14,原材料业,0
2021-05-14,工业,0
2021-05-14,非必需性消费,0
2021-05-14,必需性消费,0
2021-05-14,医疗保健业,0
2021-05-14,电讯业,0
2021-05-14,公用事业,0
2021-05-14,金融业,0
2021-05-14,地产建筑业,0
2021-05-14,资讯科技业,0
2021-05-14,综合企业,0
2021-05-14,其他,0
2021-05-17,能源业,0
2021-05-17,原材料业,0
2021-05-17,工业,0
2021-05-17,非必需性消费,0
2021-05-17,必需性消费,0
2021-05-17,医疗保健业,0
2021-05-17,电讯业,0
2021-05-17,公用事业,0
2021-05-17,金融业,0
2021-05-17,地产建筑业,0
2021-05-17,资讯科技业,0
2021-05-17,综合企业,0
2021-05-17,其他,0
2021-05-18,能源业,0
2021-05-18,原材料业,0
2021-05-18,工业,0
2021-05-18,非必需性消费,0
2021-05-18,必需性消费,0
2021-05-18,医疗保健业,0
2021-05-18,电讯业,0
2021-05-18,公用事业,0
2021-05-18,金融业,0
2021-05-18,地产建筑业,0
2021-05-18,资讯科技业,0
2021-05-18,综合企业,0
2021-05-18,其他,0
2021-05-19,能源业,0
2021-05-19,原材料业,0
2021-05-19,工业,0
2021-05-19,非必需性消费,0
2021-05-19,必需性消费,0
2021-05-19,医疗保健业,0
2021-05-19,电讯业,0
2021-05-19,公用事业,0
2021-05-19,金融业,0
2021-05-19,地产建筑业,0
2021-05-19,资讯科技业,0
2021-05-19,综合企业,0
2021-05-19,其他,0
2021-05-20,能源业,0
2021-05-20,原材料业,0
2021-05-20,工业,0
2021-05-20,非必需性消费,0
2021-05-20,必需性消费,0
2021-05-20,医疗保健业,0
2021-05-20,电讯业,0
2021-05-20,公用事业,0
2021-05-20,金融业,0
2021-05-20,地产建筑业,0
2021-05-20,资讯科技业,0
2021-05-20,综合企业,0
2021-05-20,其他,0
2021-05-21,能源业,0
2021-05-21,原材料业,0
2021-05-21,工业,0
2021-05-21,非必需性消费,0
2021-05-21,必需性消费,0
2021-05-21,医疗保健业,0
2021-05-21,电讯业,0
2021-05-21,公用事业,0
2021-05-21,金融业,0
2021-05-21,地产建筑业,0
2021-05-21,资讯科技业,0
2021-05-21,综合企业,0
2021-05-21,其他,0
2021-05-24,能源业,0
2021-05-24,原材料业,0
2021-05-24,工业,0
2021-05-24,非必需性消费,0
2021-05-24,必需性消费,0
2021-05-24,医疗保健业,0
2021-05-24,电讯业,0
2021-05-24,公用事业,0
2021-05-24,金融业,0
2021-05-24,地产建筑业,0
2021-05-24,资讯科技业,0
2021-05-24,综合企业,0
2021-05-24,其他,0
2021-05-25,能源业,0
2021-05-25,原材料业,0
2021-05-25,工业,0
2021-05-25,非必需性消费,0
2021-05-25,必需性消费,0
2021-05-25,医疗保健业,0
2021-05-25,电讯业,0
2021-05-25,公用事业,0
2021-05-25,金融业,0
2021-05-25,地产建筑业,0
2021-05-25,资讯科技业,0
2021-05-25,综合企业,0
2021-05-25,其他,0
2021-05-26,能源业,0
2021-05-26,原材料业,0
2021-05-26,工业,0
2021-05-26,非必需性消费,0
2021-05-26,必需性消费,0
2021-05-26,医疗保健业,0
2021-05-26,电讯业,0
2021-05-26,公用事业,0
2021-05-26,金融业,0
2021-05-26,地产建筑业,0
2021-05-26,资讯科技业,0
2021-05-26,综合企业,0
2021-05-26,其他,0
2021-05-27,能源业,0
2021-05-27,原材料业,0
2021-05-27,工业,0
2021-05-27,非必需性消费,0
2021-05-27,必需性消费,0
2021-05-27,医疗保健业,0
2021-05-27,电讯业,0
2021-05-27,公用事业,0
2021-05-27,金融业,0
2021-05-27,地产建筑业,0
2021-05-27,资讯科技业,0
2021-05-27,综合企业,0
2021-05-27,其他,0
2021-05-28,能源业,0
2021-05-28,原材料业,0
2021-05-28,工业,0
2021-05-28,非必需性消费,0
2021-05-28,必需性消费,0
2021-05-28,医疗保健业,0
2021-05-28,电讯业,0
2021-05-28,公用事业,0
2021-05-28,金融业,0
2021-05-28,地产建筑业,0
2021-05-28,资讯科技业,0
2021-05-28,综合企业,0
2021-05-28,其他,0
2021-05-31,能源业,0
2021-05-31,原材料业,0
2021-05-31,工业,0
2021-05-31,非必需性消费,0
2021-05-31,必需性消费,0
2021-05-31,医疗保健业,0
2021-05-31,电讯业,0
2021-05-31,公用事业,0
2021-05-31,金融业,0
2021-05-31,地产建筑业,0
2021-05-31,资讯科技业,0
2021-05-31,综合企业,0
2021-05-31,其他,0
2021-06-01,能源业,0
2021-06-01,原材料业,0
2021-06-01,工业,0
2021-06-01,非必需性消费,0
2021-06-01,必需性消费,0
2021-06-01,医疗保健业,0
2021-06-01,电讯业,0
2021-06-01,公用事业,0
2021-06-01,金融业,0
2021-06-01,地产建筑业,0
2021-06-01,资讯科技业,0
2021-06-01,综合企业,0
2021-06-01,其他,0
2021-06-02,能源业,0
2021-06-02,原材料业,0
2021-06-02,工业,0
2021-06-02,非必需性消费,0
2021-06-02,必需性消费,0
2021-06-02,医疗保健业,0
2021-06-02,电讯业,0
2021-06-02,公用事业,0
2021-06-02,金融业,0
2021-06-02,地产建筑业,0
2021-06-02,资讯科技业,0
2021-06-02,综合企业,0
2021-06-02,其他,0
2021-06-03,能源业,0
2021-06-03,原材料业,0
2021-06-03,工业,0
2021-06-03,非必需性消费,0
2021-06-03,必需性消费,0
2021-06-03,医疗保健业,0
2021-06-03,电讯业,0
2021-06-03,公用事业,0
2021-06-03,金融业,0
2021-06-03,地产建筑业,0
2021-06-03,资讯科技业,0
2021-06-03,综合企业,0
2021-06-03,其他,0
2021-06-04,能源业,0
2021-06-04,原材料业,0
2021-06-04,工业,0
2021-06-04,非必需性消费,0
2021-06-04,必需性消费,0
2021-06-04,医疗保健业,0
2021-06-04,电讯业,0
2021-06-04,公用事业,0
2021-06-04,金融业,0
2021-06-04,地产建筑业,0
2021-06-04,资讯科技业,0
2021-06-04,综合企业,0
2021-06-04,其他,0
2021-06-07,能源业,0
2021-06-07,原材料业,0
2021-06-07,工业,0
2021-06-07,非必需性消费,0
2021-06-07,必需性消费,0
2021-06-07,医疗保健业,0
2021-06-07,电讯业,0
2021-06-07,公用事业,0
2021-06-07,金融业,0
2021-06-07,地产建筑业,0
2021-06-07,资讯科技业,0
2021-06-07,综合企业,0
2021-06-07,其他,0
2021-06-08,能源业,0
2021-06-08,原材料业,0
2021-06-08,工业,0
2021-06-08,非必需性消费,0
2021-06-08,必需性消费,0
2021-06-08,医疗保健业,0
2021-06-08,电讯业,0
2021-06-08,公用事业,0
2021-06-08,金融业,0
2021-06-08,地产建筑业,0
2021-06-08,资讯科技业,0
2021-06-08,综合企业,0
2021-06-08,其他,0
2021-06-09,能源业,0
2021-06-09,原材料业,0
2021-06-09,工业,0
2021-06-09,非必需性消费,0
2021-06-09,必需性消费,0
2021-06-09,医疗保健业,0
2021-06-09,电讯业,0
2021-06-09,公用事业,0
2021-06-09,金融业,0
2021-06-09,地产建筑业,0
2021-06-09,资讯科技业,0
2021-06-09,综合企业,0
2021-06-09,其他,0
2021-06-10,能源业,0
2021-06-10,原材料业,0
2021-06-10,工业,0
2021-06-10,非必需性消费,0
2021-06-10,必需性消费,0
2021-06-10,医疗保健业,0
2021-06-10,电讯业,0
2021-06-10,公用事业,0
2021-06-10,金融业,0
2021-06-10,地产建筑业,0
2021-06-10,资讯科技业,0
2021-06-10,综合企业,0
2021-06-10,其他,0
2021-06-11,能源业,0
2021-06-11,原材料业,0
2021-06-11,工业,0
2021-06-11,非必需性消费,0
2021-06-11,必需性消费,0
2021-06-11,医疗保健业,0
2021-06-11,电讯业,0
2021-06-11,公用事业,0
2021-06-11,金融业,0
2021-06-11,地产建筑业,0
2021-06-11,资讯科技业,0
2021-06-11,综合企业,0
2021-06-11,其他,0
2021-06-15,能源业,0
2021-06-15,原材料业,0
2021-06-15,工业,0
2021-06-15,非必需性消费,0
2021-06-15,必需性消费,0
2021-06-15,医疗保健业,0
2021-06-15,电讯业,0
2021-06-15,公用事业,0
2021-06-15,金融业,0
2021-06-15,地产建筑业,0
2021-06-15,资讯科技业,0
2021-06-15,综合企业,0
2021-06-15,其他,0
2021-06-16,能源业,0
2021-06-16,原材料业,0
2021-06-16,工业,0
2021-06-16,非必需性消费,0
2021-06-16,必需性消费,0
2021-06-16,医疗保健业,0
2021-06-16,电讯业,0
2021-06-16,公用事业,0
2021-06-16,金融业,0
2021-06-16,地产建筑业,0
2021-06-16,资讯科技业,0
2021-06-16,综合企业,0
2021-06-16,其他,0
2021-06-17,能源业,0
2021-06-17,原材料业,0
2021-06-17,工业,0
2021-06-17,非必需性消费,0
2021-06-17,必需性消费,0
2021-06-17,医疗保健业,0
2021-06-17,电讯业,0
2021-06-17,公用事业,0
2021-06-17,金融业,0
2021-06-17,地产建筑业,0
2021-06-17,资讯科技业,0
2021-06-17,综合企业,0
2021-06-17,其他,0
2021-06-18,能源业,0
2021-06-18,原材料业,0
2021-06-18,工业,0
2021-06-18,非必需性消费,0
2021-06-18,必需性消费,0
2021-06-18,医疗保健业,0
2021-06-18,电讯业,0
2021-06-18,公用事业,0
2021-06-18,金融业,0
2021-06-18,地产建筑业,0
2021-06-18,资讯科技业,0
2021-06-18,综合企业,0
2021-06-18,其他,0
2021-06-21,能源业,0
2021-06-21,原材料业,0
2021-06-21,工业,0
2021-06-21,非必需性消费,0
2021-06-21,必需性消费,0
2021-06-21,医疗保健业,0
2021-06-21,电讯业,0
2021-06-21,公用事业,0
2021-06-21,金融业,0
2021-06-21,地产建筑业,0
2021-06-21,资讯科技业,0
2021-06-21,综合企业,0
2021-06-21,其他,0
2021-06-22,能源业,0
2021-06-22,原材料业,0
2021-06-22,工业,0
2021-06-22,非必需性消费,0
2021-06-22,必需性消费,0
2021-06-22,医疗保健业,0
2021-06-22,电讯业,0
2021-06-22,公用事业,0
2021-06-22,金融业,0
2021-06-22,地产建筑业,0
2021-06-22,资讯科技业,0
2021-06-22,综合企业,0
2021-06-22,其他,0
2021-06-23,能源业,0
2021-06-23,原材料业,0
2021-06-23,工业,0
2021-06-23,非必需性消费,0
2021-06-23,必需性消费,0
2021-06-23,医疗保健业,0
2021-06-23,电讯业,0
2021-06-23,公用事业,0
2021-06-23,金融业,0
2021-06-23,地产建筑业,0
2021-06-23,资讯科技业,0
2021-06-23,综合企业,0
2021-06-23,其他,0
2021-06-24,能源业,0
2021-06-24,原材料业,0
2021-06-24,工业,0
2021-06-24,非必需性消费,0
2021-06-24,必需性消费,0
2021-06-24,医疗保健业,0
2021-06-24,电讯业,0
2021-06-24,公用事业,0
2021-06-24,金融业,0
2021-06-24,地产建筑业,0
2021-06-24,资讯科技业,0
2021-06-24,综合企业,0
2021-06-24,其他,0
2021-06-25,能源业,0
2021-06-25,原材料业,0
2021-06-25,工业,0
2021-06-25,非必需性消费,0
2021-06-25,必需性消费,0
2021-06-25,医疗保健业,0
2021-06-25,电讯业,0
2021-06-25,公用事业,0
2021-06-25,金融业,0
2021-06-25,地产建筑业,0
2021-06-25,资讯科技业,0
2021-06-25,综合企业,0
2021-06-25,其他,0
2021-06-28,能源业,0
2021-06-28,原材料业,0
2021-06-28,工业,0
2021-06-28,非必需性消费,0
2021-06-28,必需性消费,0
2021-06-28,医疗保健业,0
2021-06-28,电讯业,0
2021-06-28,公用事业,0
2021-06-28,金融业,0
2021-06-28,地产建筑业,0
2021-06-28,资讯科技业,0
2021-06-28,综合企业,0
2021-06-28,其他,0
2021-06-29,能源业,0
2021-06-29,原材料业,0
2021-06-29,工业,0
2021-06-29,非必需性消费,0
2021-06-29,必需性消费,0
2021-06-29,医疗保健业,0
2021-06-29,电讯业,0
2021-06-29,公用事业,0
2021-06-29,金融业,0
2021-06-29,地产建筑业,0
2021-06-29,资讯科技业,0
2021-06-29,综合企业,0
2021-06-29,其他,0
2021-06-30,能源业,0
2021-06-30,原材料业,0
2021-06-30,工业,0
2021-06-30,非必需性消费,0
2021-06-30,必需性消费,0
2021-06-30,医疗保健业,0
2021-06-30,电讯业,0
2021-06-30,公用事业,0
2021-06-30,金融业,0
2021-06-30,地产建筑业,0
2021-06-30,资讯科技业,0
2021-06-30,综合企业,0
2021-06-30,其他,0
2021-07-01,能源业,0
2021-07-01,原材料业,0
2021-07-01,工业,0
2021-07-01,非必需性消费,0
2021-07-01,必需性消费,0
2021-07-01,医疗保健业,0
2021-07-01,电讯业,0
2021-07-01,公用事业,0
2021-07-01,金融业,0
2021-07-01,地产建筑业,0
2021-07-01,资讯科技业,0
2021-07-01,综合企业,0
2021-07-01,其他,0
2021-07-02,能源业,0
2021-07-02,原材料业,0
2021-07-02,工业,0
2021-07-02,非必需性消费,0
2021-07-02,必需性消费,0
2021-07-02,医疗保健业,0
2021-07-02,电讯业,0
2021-07-02,公用事业,0
2021-07-02,金融业,0
2021-07-02,地产建筑业,0
2021-07-02,资讯科技业,0
2021-07-02,综合企业,0
2021-07-02,其他,0
2021-07-05,能源业,0
2021-07-05,原材料业,0
2021-07-05,工业,0
2021-07-05,非必需性消费,0
2021-07-05,必需性消费,0
2021-07-05,医疗保健业,0
2021-07-05,电讯业,0
2021-07-05,公用事业,0
2021-07-05,金融业,0
2021-07-05,地产建筑业,0
2021-07-05,资讯科技业,0
2021-07-05,综合企业,0
2021-07-05,其他,0
2021-07-06,能源业,0
2021-07-06,原材料业,0
2021-07-06,工业,0
2021-07-06,非必需性消费,0
2021-07-06,必需性消费,0
2021-07-06,医疗保健业,0
2021-07-06,电讯业,0
2021-07-06,公用事业,0
2021-07-06,金融业,0
2021-07-06,地产建筑业,0
2021-07-06,资讯科技业,0
2021-07-06,综合企业,0
2021-07-06,其他,0
2021-07-07,能源业,0
2021-07-07,原材料业,0
2021-07-07,工业,0
2021-07-07,非必需性消费,0
2021-07-07,必需性消费,0
2021-07-07,医疗保健业,0
2021-07-07,电讯业,0
2021-07-07,公用事业,0
2021-07-07,金融业,0
2021-07-07,地产建筑业,0
2021-07-07,资讯科技业,0
2021-07-07,综合企业,0
2021-07-07,其他,0
2021-07-08,能源业,0
2021-07-08,原材料业,0
2021-07-08,工业,0
2021-07-08,非必需性消费,0
2021-07-08,必需性消费,0
2021-07-08,医疗保健业,0
2021-07-08,电讯业,0
2021-07-08,公用事业,0
2021-07-08,金融业,0
2021-07-08,地产建筑业,0
2021-07-08,资讯科技业,0
2021-07-08,综合企业,0
2021-07-08,其他,0
2021-07-09,能源业,0
2021-07-09,原材料业,0
2021-07-09,工业,0
2021-07-09,非必需性消费,0
2021-07-09,必需性消费,0
2021-07-09,医疗保健业,0
2021-07-09,电讯业,0
2021-07-09,公用事业,0
2021-07-09,金融业,0
2021-07-09,地产建筑业,0
2021-07-09,资讯科技业,0
2021-07-09,综合企业,0
2021-07-09,其他,0
2021-07-12,能源业,0
2021-07-12,原材料业,0
2021-07-12,工业,0
2021-07-12,非必需性消费,0
2021-07-12,必需性消费,0
2021-07-12,医疗保健业,0
2021-07-12,电讯业,0
2021-07-12,公用事业,0
2021-07-12,金融业,0
2021-07-12,地产建筑业,0
2021-07-12,资讯科技业,0
2021-07-12,综合企业,0
2021-07-12,其他,0
2021-07-13,能源业,0
2021-07-13,原材料业,0
2021-07-13,工业,0
2021-07-13,非必需性消费,0
2021-07-13,必需性消费,0
2021-07-13,医疗保健业,0
2021-07-13,电讯业,0
2021-07-13,公用事业,0
2021-07-13,金融业,0
2021-07-13,地产建筑业,0
2021-07-13,资讯科技业,0
2021-07-13,综合企业,0
2021-07-13,其他,0
2021-07-14,能源业,0
2021-07-14,原材料业,0
2021-07-14,工业,0
2021-07-14,非必需性消费,0
2021-07-14,必需性消费,0
2021-07-14,医疗保健业,0
2021-07-14,电讯业,0
2021-07-14,公用事业,0
2021-07-14,金融业,0
2021-07-14,地产建筑业,0
2021-07-14,资讯科技业,0
2021-07-14,综合企业,0
2021-07-14,其他,0
2021-07-15,能源业,0
2021-07-15,原材料业,0
2021-07-15,工业,0
2021-07-15,非必需性消费,0
2021-07-15,必需性消费,0
2021-07-15,医疗保健业,0
2021-07-15,电讯业,0
2021-07-15,公用事业,0
2021-07-15,金融业,0
2021-07-15,地产建筑业,0
2021-07-15,资讯科技业,0
2021-07-15,综合企业,0
2021-07-15,其他,0
2021-07-16,能源业,0
2021-07-16,原材料业,0
2021-07-16,工业,0
2021-07-16,非必需性消费,0
2021-07-16,必需性消费,0
2021-07-16,医疗保健业,0
2021-07-16,电讯业,0
2021-07-16,公用事业,0
2021-07-16,金融业,0
2021-07-16,地产建筑业,0
2021-07-16,资讯科技业,0
2021-07-16,综合企业,0
2021-07-16,其他,0
2021-07-19,能源业,0
2021-07-19,原材料业,0
2021-07-19,工业,0
2021-07-19,非必需性消费,0
2021-07-19,必需性消费,0
2021-07-19,医疗保健业,0
2021-07-19,电讯业,0
2021-07-19,公用事业,0
2021-07-19,金融业,0
2021-07-19,地产建筑业,0
2021-07-19,资讯科技业,0
2021-07-19,综合企业,0
2021-07-19,其他,0
2021-07-20,能源业,0
2021-07-20,原材料业,0
2021-07-20,工业,0
2021-07-20,非必需性消费,0
2021-07-20,必需性消费,0
2021-07-20,医疗保健业,0
2021-07-20,电讯业,0
2021-07-20,公用事业,0
2021-07-20,金融业,0
2021-07-20,地产建筑业,0
2021-07-20,资讯科技业,0
2021-07-20,综合企业,0
2021-07-20,其他,0
2021-07-21,能源业,0
2021-07-21,原材料业,0
2021-07-21,工业,0
2021-07-21,非必需性消费,0
2021-07-21,必需性消费,0
2021-07-21,医疗保健业,0
2021-07-21,电讯业,0
2021-07-21,公用事业,0
2021-07-21,金融业,0
2021-07-21,地产建筑业,0
2021-07-21,资讯科技业,0
2021-07-21,综合企业,0
2021-07-21,其他,0
2021-07-22,能源业,0
2021-07-22,原材料业,0
2021-07-22,工业,0
2021-07-22,非必需性消费,0
2021-07-22,必需性消费,0
2021-07-22,医疗保健业,0
2021-07-22,电讯业,0
2021-07-22,公用事业,0
2021-07-22,金融业,0
2021-07-22,地产建筑业,0
2021-07-22,资讯科技业,0
2021-07-22,综合企业,0
2021-07-22,其他,0
2021-07-23,能源业,0
2021-07-23,原材料业,0
2021-07-23,工业,0
2021-07-23,非必需性消费,0
2021-07-23,必需性消费,0
2021-07-23,医疗保健业,0
2021-07-23,电讯业,0
2021-07-23,公用事业,0
2021-07-23,金融业,0
2021-07-23,地产建筑业,0
2021-07-23,资讯科技业,0
2021-07-23,综合企业,0
2021-07-23,其他,0
2021-07-26,能源业,0
2021-07-26,原材料业,0
2021-07-26,工业,0
2021-07-26,非必需性消费,0
2021-07-26,必需性消费,0
2021-07-26,医疗保健业,0
2021-07-26,电讯业,0
2021-07-26,公用事业,0
2021-07-26,金融业,0
2021-07-26,地产建筑业,0
2021-07-26,资讯科技业,0
2021-07-26,综合企业,0
2021-07-26,其他,0
2021-07-27,能源业,0
2021-07-27,原材料业,0
2021-07-27,工业,0
2021-07-27,非必需性消费,0
2021-07-27,必需性消费,0
2021-07-27,医疗保健业,0
2021-07-27,电讯业,0
2021-07-27,公用事业,0
2021-07-27,金融业,0
2021-07-27,地产建筑业,0
2021-07-27,资讯科技业,0
2021-07-27,综合企业,0
2021-07-27,其他,0
2021-07-28,能源业,0
2021-07-28,原材料业,0
2021-07-28,工业,0
2021-07-28,非必需性消费,0
2021-07-28,必需性消费,0
2021-07-28,医疗保健业,0
2021-07-28,电讯业,0
2021-07-28,公用事业,0
2021-07-28,金融业,0
2021-07-28,地产建筑业,0
2021-07-28,资讯科技业,0
2021-07-28,综合企业,0
2021-07-28,其他,0
2021-07-29,能源业,0
2021-07-29,原材料业,0
2021-07-29,工业,0
2021-07-29,非必需性消费,0
2021-07-29,必需性消费,0
2021-07-29,医疗保健业,0
2021-07-29,电讯业,0
2021-07-29,公用事业,0
2021-07-29,金融业,0
2021-07-29,地产建筑业,0
2021-07-29,资讯科技业,0
2021-07-29,综合企业,0
2021-07-29,其他,0
2021-07-30,能源业,0
2021-07-30,原材料业,0
2021-07-30,工业,0
2021-07-30,非必需性消费,0
2021-07-30,必需性消费,0
2021-07-30,医疗保健业,0
2021-07-30,电讯业,0
2021-07-30,公用事业,0
2021-07-30,金融业,0
2021-07-30,地产建筑业,0
2021-07-30,资讯科技业,0
2021-07-30,综合企业,0
2021-07-30,其他,0
2021-08-02,能源业,0
2021-08-02,原材料业,0
2021-08-02,工业,0
2021-08-02,非必需性消费,0
2021-08-02,必需性消费,0
2021-08-02,医疗保健业,0
2021-08-02,电讯业,0
2021-08-02,公用事业,0
2021-08-02,金融业,0
2021-08-02,地产建筑业,0
2021-08-02,资讯科技业,0
2021-08-02,综合企业,0
2021-08-02,其他,0
2021-08-03,能源业,0
2021-08-03,原材料业,0
2021-08-03,工业,0
2021-08-03,非必需性消费,0
2021-08-03,必需性消费,0
2021-08-03,医疗保健业,0
2021-08-03,电讯业,0
2021-08-03,公用事业,0
2021-08-03,金融业,0
2021-08-03,地产建筑业,0
2021-08-03,资讯科技业,0
2021-08-03,综合企业,0
2021-08-03,其他,0
2021-08-04,能源业,0
2021-08-04,原材料业,0
2021-08-04,工业,0
2021-08-04,非必需性消费,0
2021-08-04,必需性消费,0
2021-08-04,医疗保健业,0
2021-08-04,电讯业,0
2021-08-04,公用事业,0
2021-08-04,金融业,0
2021-08-04,地产建筑业,0
2021-08-04,资讯科技业,0
2021-08-04,综合企业,0
2021-08-04,其他,0
2021-08-05,能源业,0
2021-08-05,原材料业,0
2021-08-05,工业,0
2021-08-05,非必需性消费,0
2021-08-05,必需性消费,0
2021-08-05,医疗保健业,0
2021-08-05,电讯业,0
2021-08-05,公用事业,0
2021-08-05,金融业,0
2021-08-05,地产建筑业,0
2021-08-05,资讯科技业,0
2021-08-05,综合企业,0
2021-08-05,其他,0
2021-08-06,能源业,0
2021-08-06,原材料业,0
2021-08-06,工业,0
2021-08-06,非必需性消费,0
2021-08-06,必需性消费,0
2021-08-06,医疗保健业,0
2021-08-06,电讯业,0
2021-08-06,公用事业,0
2021-08-06,金融业,0
2021-08-06,地产建筑业,0
2021-08-06,资讯科技业,0
2021-08-06,综合企业,0
2021-08-06,其他,0
2021-08-09,能源业,0
2021-08-09,原材料业,0
2021-08-09,工业,0
2021-08-09,非必需性消费,0
2021-08-09,必需性消费,0
2021-08-09,医疗保健业,0
2021-08-09,电讯业,0
2021-08-09,公用事业,0
2021-08-09,金融业,0
2021-08-09,地产建筑业,0
2021-08-09,资讯科技业,0
2021-08-09,综合企业,0
2021-08-09,其他,0
2021-08-10,能源业,0
2021-08-10,原材料业,0
2021-08-10,工业,0
2021-08-10,非必需性消费,0
2021-08-10,必需性消费,0
2021-08-10,医疗保健业,0
2021-08-10,电讯业,0
2021-08-10,公用事业,0
2021-08-10,金融业,0
2021-08-10,地产建筑业,0
2021-08-10,资讯科技业,0
2021-08-10,综合企业,0
2021-08-10,其他,0
2021-08-11,能源业,0
2021-08-11,原材料业,0
2021-08-11,工业,0
2021-08-11,非必需性消费,0
2021-08-11,必需性消费,0
2021-08-11,医疗保健业,0
2021-08-11,电讯业,0
2021-08-11,公用事业,0
2021-08-11,金融业,0
2021-08-11,地产建筑业,0
2021-08-11,资讯科技业,0
2021-08-11,综合企业,0
2021-08-11,其他,0
2021-08-12,能源业,0
2021-08-12,原材料业,0
2021-08-12,工业,0
2021-08-12,非必需性消费,0
2021-08-12,必需性消费,0
2021-08-12,医疗保健业,0
2021-08-12,电讯业,0
2021-08-12,公用事业,0
2021-08-12,金融业,0
2021-08-12,地产建筑业,0
2021-08-12,资讯科技业,0
2021-08-12,综合企业,0
2021-08-12,其他,0
2021-08-13,能源业,0
2021-08-13,原材料业,0
2021-08-13,工业,0
2021-08-13,非必需性消费,0
2021-08-13,必需性消费,0
2021-08-13,医疗保健业,0
2021-08-13,电讯业,0
2021-08-13,公用事业,0
2021-08-13,金融业,0
2021-08-13,地产建筑业,0
2021-08-13,资讯科技业,0
2021-08-13,综合企业,0
2021-08-13,其他,0
2021-08-16,能源业,0
2021-08-16,原材料业,0
2021-08-16,工业,0
2021-08-16,非必需性消费,0
2021-08-16,必需性消费,0
2021-08-16,医疗保健业,0
2021-08-16,电讯业,0
2021-08-16,公用事业,0
2021-08-16,金融业,0
2021-08-16,地产建筑业,0
2021-08-16,资讯科技业,0
2021-08-16,综合企业,0
2021-08-16,其他,0
2021-08-17,能源业,0
2021-08-17,原材料业,0
2021-08-17,工业,0
2021-08-17,非必需性消费,0
2021-08-17,必需性消费,0
2021-08-17,医疗保健业,0
2021-08-17,电讯业,0
2021-08-17,公用事业,0
2021-08-17,金融业,0
2021-08-17,地产建筑业,0
2021-08-17,资讯科技业,0
2021-08-17,综合企业,0
2021-08-17,其他,0
2021-08-18,能源业,0
2021-08-18,原材料业,0
2021-08-18,工业,0
2021-08-18,非必需性消费,0
2021-08-18,必需性消费,0
2021-08-18,医疗保健业,0
2021-08-18,电讯业,0
2021-08-18,公用事业,0
2021-08-18,金融业,0
2021-08-18,地产建筑业,0
2021-08-18,资讯科技业,0
2021-08-18,综合企业,0
2021-08-18,其他,0
2021-08-19,能源业,0
2021-08-19,原材料业,0
2021-08-19,工业,0
2021-08-19,非必需性消费,0
2021-08-19,必需性消费,0
2021-08-19,医疗保健业,0
2021-08-19,电讯业,0
2021-08-19,公用事业,0
2021-08-19,金融业,0
2021-08-19,地产建筑业,0
2021-08-19,资讯科技业,0
2021-08-19,综合企业,0
2021-08-19,其他,0
2021-08-20,能源业,0
2021-08-20,原材料业,0
2021-08-20,工业,0
2021-08-20,非必需性消费,0
2021-08-20,必需性消费,0
2021-08-20,医疗保健业,0
2021-08-20,电讯业,0
2021-08-20,公用事业,0
2021-08-20,金融业,0
2021-08-20,地产建筑业,0
2021-08-20,资讯科技业,0
2021-08-20,综合企业,0
2021-08-20,其他,0
2021-08-23,能源业,0
2021-08-23,原材料业,0
2021-08-23,工业,0
2021-08-23,非必需性消费,0
2021-08-23,必需性消费,0
2021-08-23,医疗保健业,0
2021-08-23,电讯业,0
2021-08-23,公用事业,0
2021-08-23,金融业,0
2021-08-23,地产建筑业,0
2021-08-23,资讯科技业,0
2021-08-23,综合企业,0
2021-08-23,其他,0
2021-08-24,能源业,0
2021-08-24,原材料业,0
2021-08-24,工业,0
2021-08-24,非必需性消费,0
2021-08-24,必需性消费,0
2021-08-24,医疗保健业,0
2021-08-24,电讯业,0
2021-08-24,公用事业,0
2021-08-24,金融业,0
2021-08-24,地产建筑业,0
2021-08-24,资讯科技业,0
2021-08-24,综合企业,0
2021-08-24,其他,0
2021-08-25,能源业,0
2021-08-25,原材料业,0
2021-08-25,工业,0
2021-08-25,非必需性消费,0
2021-08-25,必需性消费,0
2021-08-25,医疗保健业,0
2021-08-25,电讯业,0
2021-08-25,公用事业,0
2021-08-25,金融业,0
2021-08-25,地产建筑业,0
2021-08-25,资讯科技业,0
2021-08-25,综合企业,0
2021-08-25,其他,0
2021-08-26,能源业,0
2021-08-26,原材料业,0
2021-08-26,工业,0
2021-08-26,非必需性消费,0
2021-08-26,必需性消费,0
2021-08-26,医疗保健业,0
2021-08-26,电讯业,0
2021-08-26,公用事业,0
2021-08-26,金融业,0
2021-08-26,地产建筑业,0
2021-08-26,资讯科技业,0
2021-08-26,综合企业,0
2021-08-26,其他,0
2021-08-27,能源业,0
2021-08-27,原材料业,0
2021-08-27,工业,0
2021-08-27,非必需性消费,0
2021-08-27,必需性消费,0
2021-08-27,医疗保健业,0
2021-08-27,电讯业,0
2021-08-27,公用事业,0
2021-08-27,金融业,0
2021-08-27,地产建筑业,0
2021-08-27,资讯科技业,0
2021-08-27,综合企业,0
2021-08-27,其他,0
2021-08-30,能源业,0
2021-08-30,原材料业,0
2021-08-30,工业,0
2021-08-30,非必需性消费,0
2021-08-30,必需性消费,0
2021-08-30,医疗保健业,0
2021-08-30,电讯业,0
2021-08-30,公用事业,0
2021-08-30,金融业,0
2021-08-30,地产建筑业,0
2021-08-30,资讯科技业,0
2021-08-30,综合企业,0
2021-08-30,其他,0
2021-08-31,能源业,0
2021-08-31,原材料业,0
2021-08-31,工业,0
2021-08-31,非必需性消费,0
2021-08-31,必需性消费,0
2021-08-31,医疗保健业,0
2021-08-31,电讯业,0
2021-08-31,公用事业,0
2021-08-31,金融业,0
2021-08-31,地产建筑业,0
2021-08-31,资讯科技业,0
2021-08-31,综合企业,0
2021-08-31,其他,0
2021-09-01,能源业,0
2021-09-01,原材料业,0
2021-09-01,工业,0
2021-09-01,非必需性消费,0
2021-09-01,必需性消费,0
2021-09-01,医疗保健业,0
2021-09-01,电讯业,0
2021-09-01,公用事业,0
2021-09-01,金融业,0
2021-09-01,地产建筑业,0
2021-09-01,资讯科技业,0
2021-09-01,综合企业,0
2021-09-01,其他,0
2021-09-02,能源业,0
2021-09-02,原材料业,0
2021-09-02,工业,0
2021-09-02,非必需性消费,0
2021-09-02,必需性消费,0
2021-09-02,医疗保健业,0
2021-09-02,电讯业,0
2021-09-02,公用事业,0
2021-09-02,金融业,0
2021-09-02,地产建筑业,0
2021-09-02,资讯科技业,0
2021-09-02,综合企业,0
2021-09-02,其他,0
2021-09-03,能源业,0
2021-09-03,原材料业,0
2021-09-03,工业,0
2021-09-03,非必需性消费,0
2021-09-03,必需性消费,0
2021-09-03,医疗保健业,0
2021-09-03,电讯业,0
2021-09-03,公用事业,0
2021-09-03,金融业,0
2021-09-03,地产建筑业,0
2021-09-03,资讯科技业,0
2021-09-03,综合企业,0
2021-09-03,其他,0
2021-09-06,能源业,0
2021-09-06,原材料业,0
2021-09-06,工业,0
2021-09-06,非必需性消费,0
2021-09-06,必需性消费,0
2021-09-06,医疗保健业,0
2021-09-06,电讯业,0
2021-09-06,公用事业,0
2021-09-06,金融业,0
2021-09-06,地产建筑业,0
2021-09-06,资讯科技业,0
2021-09-06,综合企业,0
2021-09-06,其他,0
2021-09-07,能源业,0
2021-09-07,原材料业,0
2021-09-07,工业,0
2021-09-07,非必需性消费,0
2021-09-07,必需性消费,0
2021-09-07,医疗保健业,0
2021-09-07,电讯业,0
2021-09-07,公用事业,0
2021-09-07,金融业,0
2021-09-07,地产建筑业,0
2021-09-07,资讯科技业,0
2021-09-07,综合企业,0
2021-09-07,其他,0
2021-09-08,能源业,0
2021-09-08,原材料业,0
2021-09-08,工业,0
2021-09-08,非必需性消费,0
2021-09-08,必需性消费,0
2021-09-08,医疗保健业,0
2021-09-08,电讯业,0
2021-09-08,公用事业,0
2021-09-08,金融业,0
2021-09-08,地产建筑业,0
2021-09-08,资讯科技业,0
2021-09-08,综合企业,0
2021-09-08,其他,0
2021-09-09,能源业,0
2021-09-09,原材料业,0
2021-09-09,工业,0
2021-09-09,非必需性消费,0
2021-09-09,必需性消费,0
2021-09-09,医疗保健业,0
2021-09-09,电讯业,0
2021-09-09,公用事业,0
2021-09-09,金融业,0
2021-09-09,地产建筑业,0
2021-09-09,资讯科技业,0
2021-09-09,综合企业,0
2021-09-09,其他,0
2021-09-10,能源业,0
2021-09-10,原材料业,0
2021-09-10,工业,0
2021-09-10,非必需性消费,0
2021-09-10,必需性消费,0
2021-09-10,医疗保健业,0
2021-09-10,电讯业,0
2021-09-10,公用事业,0
2021-09-10,金融业,0
2021-09-10,地产建筑业,0
2021-09-10,资讯科技业,0
2021-09-10,综合企业,0
2021-09-10,其他,0
2021-09-13,能源业,0
2021-09-13,原材料业,0
2021-09-13,工业,0
2021-09-13,非必需性消费,0
2021-09-13,必需性消费,0
2021-09-13,医疗保健业,0
2021-09-13,电讯业,0
2021-09-13,公用事业,0
2021-09-13,金融业,0
2021-09-13,地产建筑业,0
2021-09-13,资讯科技业,0
2021-09-13,综合企业,0
2021-09-13,其他,0
2021-09-14,能源业,0
2021-09-14,原材料业,0
2021-09-14,工业,0
2021-09-14,非必需性消费,0
2021-09-14,必需性消费,0
2021-09-14,医疗保健业,0
2021-09-14,电讯业,0
2021-09-14,公用事业,0
2021-09-14,金融业,0
2021-09-14,地产建筑业,0
2021-09-14,资讯科技业,0
2021-09-14,综合企业,0
2021-09-14,其他,0
2021-09-15,能源业,0
2021-09-15,原材料业,0
2021-09-15,工业,0
2021-09-15,非必需性消费,0
2021-09-15,必需性消费,0
2021-09-15,医疗保健业,0
2021-09-15,电讯业,0
2021-09-15,公用事业,0
2021-09-15,金融业,0
2021-09-15,地产建筑业,0
2021-09-15,资讯科技业,0
2021-09-15,综合企业,0
2021-09-15,其他,0
2021-09-16,能源业,0
2021-09-16,原材料业,0
2021-09-16,工业,0
2021-09-16,非必需性消费,0
2021-09-16,必需性消费,0
2021-09-16,医疗保健业,0
2021-09-16,电讯业,0
2021-09-16,公用事业,0
2021-09-16,金融业,0
2021-09-16,地产建筑业,0
2021-09-16,资讯科技业,0
2021-09-16,综合企业,0
2021-09-16,其他,0
2021-09-17,能源业,0
2021-09-17,原材料业,0
2021-09-17,工业,0
2021-09-17,非必需性消费,0
2021-09-17,必需性消费,0
2021-09-17,医疗保健业,0
2021-09-17,电讯业,0
2021-09-17,公用事业,0
2021-09-17,金融业,0
2021-09-17,地产建筑业,0
2021-09-17,资讯科技业,0
2021-09-17,综合企业,0
2021-09-17,其他,0
2021-09-22,能源业,0
2021-09-22,原材料业,0
2021-09-22,工业,0
2021-09-22,非必需性消费,0
2021-09-22,必需性消费,0
2021-09-22,医疗保健业,0
2021-09-22,电讯业,0
2021-09-22,公用事业,0
2021-09-22,金融业,0
2021-09-22,地产建筑业,0
2021-09-22,资讯科技业,0
2021-09-22,综合企业,0
2021-09-22,其他,0
2021-09-23,能源业,0
2021-09-23,原材料业,0
2021-09-23,工业,0
2021-09-23,非必需性消费,0
2021-09-23,必需性消费,0
2021-09-23,医疗保健业,0
2021-09-23,电讯业,0
2021-09-23,公用事业,0
2021-09-23,金融业,0
2021-09-23,地产建筑业,0
2021-09-23,资讯科技业,0
2021-09-23,综合企业,0
2021-09-23,其他,0
2021-09-24,能源业,0
2021-09-24,原材料业,0
2021-09-24,工业,0
2021-09-24,非必需性消费,0
2021-09-24,必需性消费,0
2021-09-24,医疗保健业,0
2021-09-24,电讯业,0
2021-09-24,公用事业,0
2021-09-24,金融业,0
2021-09-24,地产建筑业,0
2021-09-24,资讯科技业,0
2021-09-24,综合企业,0
2021-09-24,其他,0
2021-09-27,能源业,0
2021-09-27,原材料业,0
2021-09-27,工业,0
2021-09-27,非必需性消费,0
2021-09-27,必需性消费,0
2021-09-27,医疗保健业,0
2021-09-27,电讯业,0
2021-09-27,公用事业,0
2021-09-27,金融业,0
2021-09-27,地产建筑业,0
2021-09-27,资讯科技业,0
2021-09-27,综合企业,0
2021-09-27,其他,0
2021-09-28,能源业,0
2021-09-28,原材料业,0
2021-09-28,工业,0
2021-09-28,非必需性消费,0
2021-09-28,必需性消费,0
2021-09-28,医疗保健业,0
2021-09-28,电讯业,0
2021-09-28,公用事业,0
2021-09-28,金融业,0
2021-09-28,地产建筑业,0
2021-09-28,资讯科技业,0
2021-09-28,综合企业,0
2021-09-28,其他,0
2021-09-29,能源业,0
2021-09-29,原材料业,0
2021-09-29,工业,0
2021-09-29,非必需性消费,0
2021-09-29,必需性消费,0
2021-09-29,医疗保健业,0
2021-09-29,电讯业,0
2021-09-29,公用事业,0
2021-09-29,金融业,0
2021-09-29,地产建筑业,0
2021-09-29,资讯科技业,0
2021-09-29,综合企业,0
2021-09-29,其他,0
2021-09-30,能源业,0
2021-09-30,原材料业,0
2021-09-30,工业,0
2021-09-30,非必需性消费,0
2021-09-30,必需性消费,0
2021-09-30,医疗保健业,0
2021-09-30,电讯业,0
2021-09-30,公用事业,0
2021-09-30,金融业,0
2021-09-30,地产建筑业,0
2021-09-30,资讯科技业,0
2021-09-30,综合企业,0
2021-09-30,其他,0
2021-10-08,能源业,0
2021-10-08,原材料业,0
2021-10-08,工业,0
2021-10-08,非必需性消费,0
2021-10-08,必需性消费,0
2021-10-08,医疗保健业,0
2021-10-08,电讯业,0
2021-10-08,公用事业,0
2021-10-08,金融业,0
2021-10-08,地产建筑业,0
2021-10-08,资讯科技业,0
2021-10-08,综合企业,0
2021-10-08,其他,0
2021-10-11,能源业,0
2021-10-11,原材料业,0
2021-10-11,工业,0
2021-10-11,非必需性消费,0
2021-10-11,必需性消费,0
2021-10-11,医疗保健业,0
2021-10-11,电讯业,0
2021-10-11,公用事业,0
2021-10-11,金融业,0
2021-10-11,地产建筑业,0
2021-10-11,资讯科技业,0
2021-10-11,综合企业,0
2021-10-11,其他,0
2021-10-12,能源业,0
2021-10-12,原材料业,0
2021-10-12,工业,0
2021-10-12,非必需性消费,0
2021-10-12,必需性消费,0
2021-10-12,医疗保健业,0
2021-10-12,电讯业,0
2021-10-12,公用事业,0
2021-10-12,金融业,0
2021-10-12,地产建筑业,0
2021-10-12,资讯科技业,0
2021-10-12,综合企业,0
2021-10-12,其他,0
2021-10-13,能源业,0
2021-10-13,原材料业,0
2021-10-13,工业,0
2021-10-13,非必需性消费,0
2021-10-13,必需性消费,0
2021-10-13,医疗保健业,0
2021-10-13,电讯业,0
2021-10-13,公用事业,0
2021-10-13,金融业,0
2021-10-13,地产建筑业,0
2021-10-13,资讯科技业,0
2021-10-13,综合企业,0
2021-10-13,其他,0
2021-10-14,能源业,0
2021-10-14,原材料业,0
2021-10-14,工业,0
2021-10-14,非必需性消费,0
2021-10-14,必需性消费,0
2021-10-14,医疗保健业,0
2021-10-14,电讯业,0
2021-10-14,公用事业,0
2021-10-14,金融业,0
2021-10-14,地产建筑业,0
2021-10-14,资讯科技业,0
2021-10-14,综合企业,0
2021-10-14,其他,0
2021-10-15,能源业,0
2021-10-15,原材料业,0
2021-10-15,工业,0
2021-10-15,非必需性消费,0
2021-10-15,必需性消费,0
2021-10-15,医疗保健业,0
2021-10-15,电讯业,0
2021-10-15,公用事业,0
2021-10-15,金融业,0
2021-10-15,地产建筑业,0
2021-10-15,资讯科技业,0
2021-10-15,综合企业,0
2021-10-15,其他,0
2021-10-18,能源业,0
2021-10-18,原材料业,0
2021-10-18,工业,0
2021-10-18,非必需性消费,0
2021-10-18,必需性消费,0
2021-10-18,医疗保健业,0
2021-10-18,电讯业,0
2021-10-18,公用事业,0
2021-10-18,金融业,0
2021-10-18,地产建筑业,0
2021-10-18,资讯科技业,0
2021-10-18,综合企业,0
2021-10-18,其他,0
2021-10-19,能源业,0
2021-10-19,原材料业,0
2021-10-19,工业,0
2021-10-19,非必需性消费,0
2021-10-19,必需性消费,0
2021-10-19,医疗保健业,0
2021-10-19,电讯业,0
2021-10-19,公用事业,0
2021-10-19,金融业,0
2021-10-19,地产建筑业,0
2021-10-19,资讯科技业,0
2021-10-19,综合企业,0
2021-10-19,其他,0
2021-10-20,能源业,0
2021-10-20,原材料业,0
2021-10-20,工业,0
2021-10-20,非必需性消费,0
2021-10-20,必需性消费,0
2021-10-20,医疗保健业,0
2021-10-20,电讯业,0
2021-10-20,公用事业,0
2021-10-20,金融业,0
2021-10-20,地产建筑业,0
2021-10-20,资讯科技业,0
2021-10-20,综合企业,0
2021-10-20,其他,0
2021-10-21,能源业,0
2021-10-21,原材料业,0
2021-10-21,工业,0
2021-10-21,非必需性消费,0
2021-10-21,必需性消费,0
2021-10-21,医疗保健业,0
2021-10-21,电讯业,0
2021-10-21,公用事业,0
2021-10-21,金融业,0
2021-10-21,地产建筑业,0
2021-10-21,资讯科技业,0
2021-10-21,综合企业,0
2021-10-21,其他,0
2021-10-22,能源业,0
2021-10-22,原材料业,0
2021-10-22,工业,0
2021-10-22,非必需性消费,0
2021-10-22,必需性消费,0
2021-10-22,医疗保健业,0
2021-10-22,电讯业,0
2021-10-22,公用事业,0
2021-10-22,金融业,0
2021-10-22,地产建筑业,0
2021-10-22,资讯科技业,0
2021-10-22,综合企业,0
2021-10-22,其他,0
2021-10-25,能源业,0
2021-10-25,原材料业,0
2021-10-25,工业,0
2021-10-25,非必需性消费,0
2021-10-25,必需性消费,0
2021-10-25,医疗保健业,0
2021-10-25,电讯业,0
2021-10-25,公用事业,0
2021-10-25,金融业,0
2021-10-25,地产建筑业,0
2021-10-25,资讯科技业,0
2021-10-25,综合企业,0
2021-10-25,其他,0
2021-10-26,能源业,0
2021-10-26,原材料业,0
2021-10-26,工业,0
2021-10-26,非必需性消费,0
2021-10-26,必需性消费,0
2021-10-26,医疗保健业,0
2021-10-26,电讯业,0
2021-10-26,公用事业,0
2021-10-26,金融业,0
2021-10-26,地产建筑业,0
2021-10-26,资讯科技业,0
2021-10-26,综合企业,0
2021-10-26,其他,0
2021-10-27,能源业,0
2021-10-27,原材料业,0
2021-10-27,工业,0
2021-10-27,非必需性消费,0
2021-10-27,必需性消费,0
2021-10-27,医疗保健业,0
2021-10-27,电讯业,0
2021-10-27,公用事业,0
2021-10-27,金融业,0
2021-10-27,地产建筑业,0
2021-10-27,资讯科技业,0
2021-10-27,综合企业,0
2021-10-27,其他,0
2021-10-28,能源业,0
2021-10-28,原材料业,0
2021-10-28,工业,0
2021-10-28,非必需性消费,0
2021-10-28,必需性消费,0
2021-10-28,医疗保健业,0
2021-10-28,电讯业,0
2021-10-28,公用事业,0
2021-10-28,金融业,0
2021-10-28,地产建筑业,0
2021-10-28,资讯科技业,0
2021-10-28,综合企业,0
2021-10-28,其他,0
2021-10-29,能源业,0
2021-10-29,原材料业,0
2021-10-29,工业,0
2021-10-29,非必需性消费,0
2021-10-29,必需性消费,0
2021-10-29,医疗保健业,0
2021-10-29,电讯业,0
2021-10-29,公用事业,0
2021-10-29,金融业,0
2021-10-29,地产建筑业,0
2021-10-29,资讯科技业,0
2021-10-29,综合企业,0
2021-10-29,其他,0
2021-11-01,能源业,0
2021-11-01,原材料业,0
2021-11-01,工业,0
2021-11-01,非必需性消费,0
2021-11-01,必需性消费,0
2021-11-01,医疗保健业,0
2021-11-01,电讯业,0
2021-11-01,公用事业,0
2021-11-01,金融业,0
2021-11-01,地产建筑业,0
2021-11-01,资讯科技业,0
2021-11-01,综合企业,0
2021-11-01,其他,0
2021-11-02,能源业,0
2021-11-02,原材料业,0
2021-11-02,工业,0
2021-11-02,非必需性消费,0
2021-11-02,必需性消费,0
2021-11-02,医疗保健业,0
2021-11-02,电讯业,0
2021-11-02,公用事业,0
2021-11-02,金融业,0
2021-11-02,地产建筑业,0
2021-11-02,资讯科技业,0
2021-11-02,综合企业,0
2021-11-02,其他,0
2021-11-03,能源业,0
2021-11-03,原材料业,0
2021-11-03,工业,0
2021-11-03,非必需性消费,0
2021-11-03,必需性消费,0
2021-11-03,医疗保健业,0
2021-11-03,电讯业,0
2021-11-03,公用事业,0
2021-11-03,金融业,0
2021-11-03,地产建筑业,0
2021-11-03,资讯科技业,0
2021-11-03,综合企业,0
2021-11-03,其他,0
2021-11-04,能源业,0
2021-11-04,原材料业,0
2021-11-04,工业,0
2021-11-04,非必需性消费,0
2021-11-04,必需性消费,0
2021-11-04,医疗保健业,0
2021-11-04,电讯业,0
2021-11-04,公用事业,0
2021-11-04,金融业,0
2021-11-04,地产建筑业,0
2021-11-04,资讯科技业,0
2021-11-04,综合企业,0
2021-11-04,其他,0
2021-11-05,能源业,0
2021-11-05,原材料业,0
2021-11-05,工业,0
2021-11-05,非必需性消费,0
2021-11-05,必需性消费,0
2021-11-05,医疗保健业,0
2021-11-05,电讯业,0
2021-11-05,公用事业,0
2021-11-05,金融业,0
2021-11-05,地产建筑业,0
2021-11-05,资讯科技业,0
2021-11-05,综合企业,0
2021-11-05,其他,0
2021-11-08,能源业,0
2021-11-08,原材料业,0
2021-11-08,工业,0
2021-11-08,非必需性消费,0
2021-11-08,必需性消费,0
2021-11-08,医疗保健业,0
2021-11-08,电讯业,0
2021-11-08,公用事业,0
2021-11-08,金融业,0
2021-11-08,地产建筑业,0
2021-11-08,资讯科技业,0
2021-11-08,综合企业,0
2021-11-08,其他,0
2021-11-09,能源业,0
2021-11-09,原材料业,0
2021-11-09,工业,0
2021-11-09,非必需性消费,0
2021-11-09,必需性消费,0
2021-11-09,医疗保健业,0
2021-11-09,电讯业,0
2021-11-09,公用事业,0
2021-11-09,金融业,0
2021-11-09,地产建筑业,0
2021-11-09,资讯科技业,0
2021-11-09,综合企业,0
2021-11-09,其他,0
2021-11-10,能源业,0
2021-11-10,原材料业,0
2021-11-10,工业,0
2021-11-10,非必需性消费,0
2021-11-10,必需性消费,0
2021-11-10,医疗保健业,0
2021-11-10,电讯业,0
2021-11-10,公用事业,0
2021-11-10,金融业,0
2021-11-10,地产建筑业,0
2021-11-10,资讯科技业,0
2021-11-10,综合企业,0
2021-11-10,其他,0
2021-11-11,能源业,0
2021-11-11,原材料业,0
2021-11-11,工业,0
2021-11-11,非必需性消费,0
2021-11-11,必需性消费,0
2021-11-11,医疗保健业,0
2021-11-11,电讯业,0
2021-11-11,公用事业,0
2021-11-11,金融业,0
2021-11-11,地产建筑业,0
2021-11-11,资讯科技业,0
2021-11-11,综合企业,0
2021-11-11,其他,0
2021-11-12,能源业,0
2021-11-12,原材料业,0
2021-11-12,工业,0
2021-11-12,非必需性消费,0
2021-11-12,必需性消费,0
2021-11-12,医疗保健业,0
2021-11-12,电讯业,0
2021-11-12,公用事业,0
2021-11-12,金融业,0
2021-11-12,地产建筑业,0
2021-11-12,资讯科技业,0
2021-11-12,综合企业,0
2021-11-12,其他,0
2021-11-15,能源业,0
2021-11-15,原材料业,0
2021-11-15,工业,0
2021-11-15,非必需性消费,0
2021-11-15,必需性消费,0
2021-11-15,医疗保健业,0
2021-11-15,电讯业,0
2021-11-15,公用事业,0
2021-11-15,金融业,0
2021-11-15,地产建筑业,0
2021-11-15,资讯科技业,0
2021-11-15,综合企业,0
2021-11-15,其他,0
2021-11-16,能源业,0
2021-11-16,原材料业,0
2021-11-16,工业,0
2021-11-16,非必需性消费,0
2021-11-16,必需性消费,0
2021-11-16,医疗保健业,0
2021-11-16,电讯业,0
2021-11-16,公用事业,0
2021-11-16,金融业,0
2021-11-16,地产建筑业,0
2021-11-16,资讯科技业,0
2021-11-16,综合企业,0
2021-11-16,其他,0
2021-11-17,能源业,0
2021-11-17,原材料业,0
2021-11-17,工业,0
2021-11-17,非必需性消费,0
2021-11-17,必需性消费,0
2021-11-17,医疗保健业,0
2021-11-17,电讯业,0
2021-11-17,公用事业,0
2021-11-17,金融业,0
2021-11-17,地产建筑业,0
2021-11-17,资讯科技业,0
2021-11-17,综合企业,0
2021-11-17,其他,0
2021-11-18,能源业,0
2021-11-18,原材料业,0
2021-11-18,工业,0
2021-11-18,非必需性消费,0
2021-11-18,必需性消费,0
2021-11-18,医疗保健业,0
2021-11-18,电讯业,0
2021-11-18,公用事业,0
2021-11-18,金融业,0
2021-11-18,地产建筑业,0
2021-11-18,资讯科技业,0
2021-11-18,综合企业,0
2021-11-18,其他,0
2021-11-19,能源业,0
2021-11-19,原材料业,0
2021-11-19,工业,0
2021-11-19,非必需性消费,0
2021-11-19,必需性消费,0
2021-11-19,医疗保健业,0
2021-11-19,电讯业,0
2021-11-19,公用事业,0
2021-11-19,金融业,0
2021-11-19,地产建筑业,0
2021-11-19,资讯科技业,0
2021-11-19,综合企业,0
2021-11-19,其他,0
2021-11-22,能源业,0
2021-11-22,原材料业,0
2021-11-22,工业,0
2021-11-22,非必需性消费,0
2021-11-22,必需性消费,0
2021-11-22,医疗保健业,0
2021-11-22,电讯业,0
2021-11-22,公用事业,0
2021-11-22,金融业,0
2021-11-22,地产建筑业,0
2021-11-22,资讯科技业,0
2021-11-22,综合企业,0
2021-11-22,其他,0
2021-11-23,能源业,0
2021-11-23,原材料业,0
2021-11-23,工业,0
2021-11-23,非必需性消费,0
2021-11-23,必需性消费,0
2021-11-23,医疗保健业,0
2021-11-23,电讯业,0
2021-11-23,公用事业,0
2021-11-23,金融业,0
2021-11-23,地产建筑业,0
2021-11-23,资讯科技业,0
2021-11-23,综合企业,0
2021-11-23,其他,0
2021-11-24,能源业,0
2021-11-24,原材料业,0
2021-11-24,工业,0
2021-11-24,非必需性消费,0
2021-11-24,必需性消费,0
2021-11-24,医疗保健业,0
2021-11-24,电讯业,0
2021-11-24,公用事业,0
2021-11-24,金融业,0
2021-11-24,地产建筑业,0
2021-11-24,资讯科技业,0
2021-11-24,综合企业,0
2021-11-24,其他,0
2021-11-25,能源业,0
2021-11-25,原材料业,0
2021-11-25,工业,0
2021-11-25,非必需性消费,0
2021-11-25,必需性消费,0
2021-11-25,医疗保健业,0
2021-11-25,电讯业,0
2021-11-25,公用事业,0
2021-11-25,金融业,0
2021-11-25,地产建筑业,0
2021-11-25,资讯科技业,0
2021-11-25,综合企业,0
2021-11-25,其他,0
2021-11-26,能源业,0
2021-11-26,原材料业,0
2021-11-26,工业,0
2021-11-26,非必需性消费,0
2021-11-26,必需性消费,0
2021-11-26,医疗保健业,0
2021-11-26,电讯业,0
2021-11-26,公用事业,0
2021-11-26,金融业,0
2021-11-26,地产建筑业,0
2021-11-26,资讯科技业,0
2021-11-26,综合企业,0
2021-11-26,其他,0
2021-11-29,能源业,0
2021-11-29,原材料业,0
2021-11-29,工业,0
2021-11-29,非必需性消费,0
2021-11-29,必需性消费,0
2021-11-29,医疗保健业,0
2021-11-29,电讯业,0
2021-11-29,公用事业,0
2021-11-29,金融业,0
2021-11-29,地产建筑业,0
2021-11-29,资讯科技业,0
2021-11-29,综合企业,0
2021-11-29,其他,0
2021-11-30,能源业,0
2021-11-30,原材料业,0
2021-11-30,工业,0
2021-11-30,非必需性消费,0
2021-11-30,必需性消费,0
2021-11-30,医疗保健业,0
2021-11-30,电讯业,0
2021-11-30,公用事业,0
2021-11-30,金融业,0
2021-11-30,地产建筑业,0
2021-11-30,资讯科技业,0
2021-11-30,综合企业,0
2021-11-30,其他,0
2021-12-01,能源业,0
2021-12-01,原材料业,0
2021-12-01,工业,0
2021-12-01,非必需性消费,0
2021-12-01,必需性消费,0
2021-12-01,医疗保健业,0
2021-12-01,电讯业,0
2021-12-01,公用事业,0
2021-12-01,金融业,0
2021-12-01,地产建筑业,0
2021-12-01,资讯科技业,0
2021-12-01,综合企业,0
2021-12-01,其他,0
2021-12-02,能源业,0
2021-12-02,原材料业,0
2021-12-02,工业,0
2021-12-02,非必需性消费,0
2021-12-02,必需性消费,0
2021-12-02,医疗保健业,0
2021-12-02,电讯业,0
2021-12-02,公用事业,0
2021-12-02,金融业,0
2021-12-02,地产建筑业,0
2021-12-02,资讯科技业,0
2021-12-02,综合企业,0
2021-12-02,其他,0
2021-12-03,能源业,0
2021-12-03,原材料业,0
2021-12-03,工业,0
2021-12-03,非必需性消费,0
2021-12-03,必需性消费,0
2021-12-03,医疗保健业,0
2021-12-03,电讯业,0
2021-12-03,公用事业,0
2021-12-03,金融业,0
2021-12-03,地产建筑业,0
2021-12-03,资讯科技业,0
2021-12-03,综合企业,0
2021-12-03,其他,0
2021-12-06,能源业,0
2021-12-06,原材料业,0
2021-12-06,工业,0
2021-12-06,非必需性消费,0
2021-12-06,必需性消费,0
2021-12-06,医疗保健业,0
2021-12-06,电讯业,0
2021-12-06,公用事业,0
2021-12-06,金融业,0
2021-12-06,地产建筑业,0
2021-12-06,资讯科技业,0
2021-12-06,综合企业,0
2021-12-06,其他,0
2021-12-07,能源业,0
2021-12-07,原材料业,0
2021-12-07,工业,0
2021-12-07,非必需性消费,0
2021-12-07,必需性消费,0
2021-12-07,医疗保健业,0
2021-12-07,电讯业,0
2021-12-07,公用事业,0
2021-12-07,金融业,0
2021-12-07,地产建筑业,0
2021-12-07,资讯科技业,0
2021-12-07,综合企业,0
2021-12-07,其他,0
2021-12-08,能源业,0
2021-12-08,原材料业,0
2021-12-08,工业,0
2021-12-08,非必需性消费,0
2021-12-08,必需性消费,0
2021-12-08,医疗保健业,0
2021-12-08,电讯业,0
2021-12-08,公用事业,0
2021-12-08,金融业,0
2021-12-08,地产建筑业,0
2021-12-08,资讯科技业,0
2021-12-08,综合企业,0
2021-12-08,其他,0
2021-12-09,能源业,0
2021-12-09,原材料业,0
2021-12-09,工业,0
2021-12-09,非必需性消费,0
2021-12-09,必需性消费,0
2021-12-09,医疗保健业,0
2021-12-09,电讯业,0
2021-12-09,公用事业,0
2021-12-09,金融业,0
2021-12-09,地产建筑业,0
2021-12-09,资讯科技业,0
2021-12-09,综合企业,0
2021-12-09,其他,0
2021-12-10,能源业,0
2021-12-10,原材料业,0
2021-12-10,工业,0
2021-12-10,非必需性消费,0
2021-12-10,必需性消费,0
2021-12-10,医疗保健业,0
2021-12-10,电讯业,0
2021-12-10,公用事业,0
2021-12-10,金融业,0
2021-12-10,地产建筑业,0
2021-12-10,资讯科技业,0
2021-12-10,综合企业,0
2021-12-10,其他,0
2021-12-13,能源业,0
2021-12-13,原材料业,0
2021-12-13,工业,0
2021-12-13,非必需性消费,0
2021-12-13,必需性消费,0
2021-12-13,医疗保健业,0
2021-12-13,电讯业,0
2021-12-13,公用事业,0
2021-12-13,金融业,0
2021-12-13,地产建筑业,0
2021-12-13,资讯科技业,0
2021-12-13,综合企业,0
2021-12-13,其他,0
2021-12-14,能源业,0
2021-12-14,原材料业,0
2021-12-14,工业,0
2021-12-14,非必需性消费,0
2021-12-14,必需性消费,0
2021-12-14,医疗保健业,0
2021-12-14,电讯业,0
2021-12-14,公用事业,0
2021-12-14,金融业,0
2021-12-14,地产建筑业,0
2021-12-14,资讯科技业,0
2021-12-14,综合企业,0
2021-12-14,其他,0
2021-12-15,能源业,0
2021-12-15,原材料业,0
2021-12-15,工业,0
2021-12-15,非必需性消费,0
2021-12-15,必需性消费,0
2021-12-15,医疗保健业,0
2021-12-15,电讯业,0
2021-12-15,公用事业,0
2021-12-15,金融业,0
2021-12-15,地产建筑业,0
2021-12-15,资讯科技业,0
2021-12-15,综合企业,0
2021-12-15,其他,0
2021-12-16,能源业,0
2021-12-16,原材料业,0
2021-12-16,工业,0
2021-12-16,非必需性消费,0
2021-12-16,必需性消费,0
2021-12-16,医疗保健业,0
2021-12-16,电讯业,0
2021-12-16,公用事业,0
2021-12-16,金融业,0
2021-12-16,地产建筑业,0
2021-12-16,资讯科技业,0
2021-12-16,综合企业,0
2021-12-16,其他,0
2021-12-17,能源业,0
2021-12-17,原材料业,0
2021-12-17,工业,0
2021-12-17,非必需性消费,0
2021-12-17,必需性消费,0
2021-12-17,医疗保健业,0
2021-12-17,电讯业,0
2021-12-17,公用事业,0
2021-12-17,金融业,0
2021-12-17,地产建筑业,0
2021-12-17,资讯科技业,0
2021-12-17,综合企业,0
2021-12-17,其他,0
2021-12-20,能源业,0
2021-12-20,原材料业,0
2021-12-20,工业,0
2021-12-20,非必需性消费,0
2021-12-20,必需性消费,0
2021-12-20,医疗保健业,0
2021-12-20,电讯业,0
2021-12-20,公用事业,0
2021-12-20,金融业,0
2021-12-20,地产建筑业,0
2021-12-20,资讯科技业,0
2021-12-20,综合企业,0
2021-12-20,其他,0
2021-12-21,能源业,0
2021-12-21,原材料业,0
2021-12-21,工业,0
2021-12-21,非必需性消费,0
2021-12-21,必需性消费,0
2021-12-21,医疗保健业,0
2021-12-21,电讯业,0
2021-12-21,公用事业,0
2021-12-21,金融业,0
2021-12-21,地产建筑业,0
2021-12-21,资讯科技业,0
2021-12-21,综合企业,0
2021-12-21,其他,0
2021-12-22,能源业,0
2021-12-22,原材料业,0
2021-12-22,工业,0
2021-12-22,非必需性消费,0
2021-12-22,必需性消费,0
2021-12-22,医疗保健业,0
2021-12-22,电讯业,0
2021-12-22,公用事业,0
2021-12-22,金融业,0
2021-12-22,地产建筑业,0
2021-12-22,资讯科技业,0
2021-12-22,综合企业,0
2021-12-22,其他,0
2021-12-23,能源业,0
2021-12-23,原材料业,0
2021-12-23,工业,0
2021-12-23,非必需性消费,0
2021-12-23,必需性消费,0
2021-12-23,医疗保健业,0
2021-12-23,电讯业,0
2021-12-23,公用事业,0
2021-12-23,金融业,0
2021-12-23,地产建筑业,0
2021-12-23,资讯科技业,0
2021-12-23,综合企业,0
2021-12-23,其他,0
2021-12-24,能源业,0
2021-12-24,原材料业,0
2021-12-24,工业,0
2021-12-24,非必需性消费,0
2021-12-24,必需性消费,0
2021-12-24,医疗保健业,0
2021-12-24,电讯业,0
2021-12-24,公用事业,0
2021-12-24,金融业,0
2021-12-24,地产建筑业,0
2021-12-24,资讯科技业,0
2021-12-24,综合企业,0
2021-12-24,其他,0
2021-12-27,能源业,0
2021-12-27,原材料业,0
2021-12-27,工业,0
2021-12-27,非必需性消费,0
2021-12-27,必需性消费,0
2021-12-27,医疗保健业,0
2021-12-27,电讯业,0
2021-12-27,公用事业,0
2021-12-27,金融业,0
2021-12-27,地产建筑业,0
2021-12-27,资讯科技业,0
2021-12-27,综合企业,0
2021-12-27,其他,0
2021-12-28,能源业,0
2021-12-28,原材料业,0
2021-12-28,工业,0
2021-12-28,非必需性消费,0
2021-12-28,必需性消费,0
2021-12-28,医疗保健业,0
2021-12-28,电讯业,0
2021-12-28,公用事业,0
2021-12-28,金融业,0
2021-12-28,地产建筑业,0
2021-12-28,资讯科技业,0
2021-12-28,综合企业,0
2021-12-28,其他,0
2021-12-29,能源业,0
2021-12-29,原材料业,0
2021-12-29,工业,0
2021-12-29,非必需性消费,0
2021-12-29,必需性消费,0
2021-12-29,医疗保健业,0
2021-12-29,电讯业,0
2021-12-29,公用事业,0
2021-12-29,金融业,0
2021-12-29,地产建筑业,0
2021-12-29,资讯科技业,0
2021-12-29,综合企业,0
2021-12-29,其他,0
2021-12-30,能源业,0
2021-12-30,原材料业,0
2021-12-30,工业,0
2021-12-30,非必需性消费,0
2021-12-30,必需性消费,0
2021-12-30,医疗保健业,0
2021-12-30,电讯业,0
2021-12-30,公用事业,0
2021-12-30,金融业,0
2021-12-30,地产建筑业,0
2021-12-30,资讯科技业,0
2021-12-30,综合企业,0
2021-12-30,其他,0
2021-12-31,能源业,0
2021-12-31,原材料业,0
2021-12-31,工业,0
2021-12-31,非必需性消费,0
2021-12-31,必需性消费,0
2021-12-31,医疗保健业,0
2021-12-31,电讯业,0
2021-12-31,公用事业,0
2021-12-31,金融业,0
2021-12-31,地产建筑业,0
2021-12-31,资讯科技业,0
2021-12-31,综合企业,0
2021-12-31,其他,0
2022-01-04,能源业,0
2022-01-04,原材料业,0
2022-01-04,工业,0
2022-01-04,非必需性消费,0
2022-01-04,必需性消费,0
2022-01-04,医疗保健业,0
2022-01-04,电讯业,0
2022-01-04,公用事业,0
2022-01-04,金融业,0
2022-01-04,地产建筑业,0
2022-01-04,资讯科技业,0
2022-01-04,综合企业,0
2022-01-04,其他,0
2022-01-05,能源业,0
2022-01-05,原材料业,0
2022-01-05,工业,0
2022-01-05,非必需性消费,0
2022-01-05,必需性消费,0
2022-01-05,医疗保健业,0
2022-01-05,电讯业,0
2022-01-05,公用事业,0
2022-01-05,金融业,0
2022-01-05,地产建筑业,0
2022-01-05,资讯科技业,0
2022-01-05,综合企业,0
2022-01-05,其他,0
2022-01-06,能源业,0
2022-01-06,原材料业,0
2022-01-06,工业,0
2022-01-06,非必需性消费,0
2022-01-06,必需性消费,0
2022-01-06,医疗保健业,0
2022-01-06,电讯业,0
2022-01-06,公用事业,0
2022-01-06,金融业,0
2022-01-06,地产建筑业,0
2022-01-06,资讯科技业,0
2022-01-06,综合企业,0
2022-01-06,其他,0
2022-01-07,能源业,0
2022-01-07,原材料业,0
2022-01-07,工业,0
2022-01-07,非必需性消费,0
2022-01-07,必需性消费,0
2022-01-07,医疗保健业,0
2022-01-07,电讯业,0
2022-01-07,公用事业,0
2022-01-07,金融业,0
2022-01-07,地产建筑业,0
2022-01-07,资讯科技业,0
2022-01-07,综合企业,0
2022-01-07,其他,0
2022-01-10,能源业,0
2022-01-10,原材料业,0
2022-01-10,工业,0
2022-01-10,非必需性消费,0
2022-01-10,必需性消费,0
2022-01-10,医疗保健业,0
2022-01-10,电讯业,0
2022-01-10,公用事业,0
2022-01-10,金融业,0
2022-01-10,地产建筑业,0
2022-01-10,资讯科技业,0
2022-01-10,综合企业,0
2022-01-10,其他,0
2022-01-11,能源业,0
2022-01-11,原材料业,0
2022-01-11,工业,0
2022-01-11,非必需性消费,0
2022-01-11,必需性消费,0
2022-01-11,医疗保健业,0
2022-01-11,电讯业,0
2022-01-11,公用事业,0
2022-01-11,金融业,0
2022-01-11,地产建筑业,0
2022-01-11,资讯科技业,0
2022-01-11,综合企业,0
2022-01-11,其他,0
2022-01-12,能源业,0
2022-01-12,原材料业,0
2022-01-12,工业,0
2022-01-12,非必需性消费,0
2022-01-12,必需性消费,0
2022-01-12,医疗保健业,0
2022-01-12,电讯业,0
2022-01-12,公用事业,0
2022-01-12,金融业,0
2022-01-12,地产建筑业,0
2022-01-12,资讯科技业,0
2022-01-12,综合企业,0
2022-01-12,其他,0
2022-01-13,能源业,0
2022-01-13,原材料业,0
2022-01-13,工业,0
2022-01-13,非必需性消费,0
2022-01-13,必需性消费,0
2022-01-13,医疗保健业,0
2022-01-13,电讯业,0
2022-01-13,公用事业,0
2022-01-13,金融业,0
2022-01-13,地产建筑业,0
2022-01-13,资讯科技业,0
2022-01-13,综合企业,0
2022-01-13,其他,0
2022-01-14,能源业,0
2022-01-14,原材料业,0
2022-01-14,工业,0
2022-01-14,非必需性消费,0
2022-01-14,必需性消费,0
2022-01-14,医疗保健业,0
2022-01-14,电讯业,0
2022-01-14,公用事业,0
2022-01-14,金融业,0
2022-01-14,地产建筑业,0
2022-01-14,资讯科技业,0
2022-01-14,综合企业,0
2022-01-14,其他,0
2022-01-17,能源业,0
2022-01-17,原材料业,0
2022-01-17,工业,0
2022-01-17,非必需性消费,0
2022-01-17,必需性消费,0
2022-01-17,医疗保健业,0
2022-01-17,电讯业,0
2022-01-17,公用事业,0
2022-01-17,金融业,0
2022-01-17,地产建筑业,0
2022-01-17,资讯科技业,0
2022-01-17,综合企业,0
2022-01-17,其他,0
2022-01-18,能源业,0
2022-01-18,原材料业,0
2022-01-18,工业,0
2022-01-18,非必需性消费,0
2022-01-18,必需性消费,0
2022-01-18,医疗保健业,0
2022-01-18,电讯业,0
2022-01-18,公用事业,0
2022-01-18,金融业,0
2022-01-18,地产建筑业,0
2022-01-18,资讯科技业,0
2022-01-18,综合企业,0
2022-01-18,其他,0
2022-01-19,能源业,0
2022-01-19,原材料业,0
2022-01-19,工业,0
2022-01-19,非必需性消费,0
2022-01-19,必需性消费,0
2022-01-19,医疗保健业,0
2022-01-19,电讯业,0
2022-01-19,公用事业,0
2022-01-19,金融业,0
2022-01-19,地产建筑业,0
2022-01-19,资讯科技业,0
2022-01-19,综合企业,0
2022-01-19,其他,0
2022-01-20,能源业,0
2022-01-20,原材料业,0
2022-01-20,工业,0
2022-01-20,非必需性消费,0
2022-01-20,必需性消费,0
2022-01-20,医疗保健业,0
2022-01-20,电讯业,0
2022-01-20,公用事业,0
2022-01-20,金融业,0
2022-01-20,地产建筑业,0
2022-01-20,资讯科技业,0
2022-01-20,综合企业,0
2022-01-20,其他,0
2022-01-21,能源业,0
2022-01-21,原材料业,0
2022-01-21,工业,0
2022-01-21,非必需性消费,0
2022-01-21,必需性消费,0
2022-01-21,医疗保健业,0
2022-01-21,电讯业,0
2022-01-21,公用事业,0
2022-01-21,金融业,0
2022-01-21,地产建筑业,0
2022-01-21,资讯科技业,0
2022-01-21,综合企业,0
2022-01-21,其他,0
2022-01-24,能源业,59333482
2022-01-24,原材料业,-64468121
2022-01-24,工业,101880432
2022-01-24,非必需性消费,499845346
2022-01-24,必需性消费,53418432
2022-01-24,医疗保健业,-283875941
2022-01-24,电讯业,257062129
2022-01-24,公用事业,-246243687
2022-01-24,金融业,64923218
2022-01-24,地产建筑业,381212231
2022-01-24,资讯科技业,430728916
2022-01-24,综合企业,10007767
2022-01-24,其他,0
2022-01-25,能源业,-132176525
2022-01-25,原材料业,-236674925
2022-01-25,工业,-277482652
2022-01-25,非必需性消费,230001427
2022-01-25,必需性消费,-57871425
2022-01-25,医疗保健业,74088485
2022-01-25,电讯业,-46715672
2022-01-25,公用事业,-336484638
2022-01-25,金融业,-75761948
2022-01-25,地产建筑业,-209694691
2022-01-25,资讯科技业,-48972884
2022-01-25,综合企业,917039
2022-01-25,其他,0
2022-01-26,能源业,-34770352
2022-01-26,原材料业,-52685280
2022-01-26,工业,150298362
2022-01-26,非必需性消费,349099389
2022-01-26,必需性消费,66428025
2022-01-26,医疗保健业,91425986
2022-01-26,电讯业,230308341
2022-01-26,公用事业,-58234472
2022-01-26,金融业,127953761
2022-01-26,地产建筑业,140492315
2022-01-26,资讯科技业,614725422
2022-01-26,综合企业,-482552
2022-01-26,其他,0
2022-01-27,能源业,-117495090
2022-01-27,原材料业,-35231858
2022-01-27,工业,91103348
2022-01-27,非必需性消费,711376791
2022-01-27,必需性消费,39803989
2022-01-27,医疗保健业,362758771
2022-01-27,电讯业,-52898765
2022-01-27,公用事业,-51170491
2022-01-27,金融业,46940577
2022-01-27,地产建筑业,-145497171
2022-01-27,资讯科技业,214261789
2022-01-27,综合企业,11572803
2022-01-27,其他,0
2022-01-28,能源业,5090202
2022-01-28,原材料业,24142762
2022-01-28,工业,183479309
2022-01-28,非必需性消费,841186186
2022-01-28,必需性消费,57697693
2022-01-28,医疗保健业,319893001
2022-01-28,电讯业,-6431915
2022-01-28,公用事业,-50042652
2022-01-28,金融业,456759006
2022-01-28,地产建筑业,-51165132
2022-01-28,资讯科技业,-308608187
2022-01-28,综合企业,-30936178
2022-01-28,其他,0
2022-02-07,能源业,169022617
2022-02-07,原材料业,-54492516
2022-02-07,工业,252180212
2022-02-07,非必需性消费,651966186
2022-02-07,必需性消费,80053432
2022-02-07,医疗保健业,256496014
2022-02-07,电讯业,407844494
2022-02-07,公用事业,21774500
2022-02-07,金融业,744799056
2022-02-07,地产建筑业,136248196
2022-02-07,资讯科技业,-167119689
2022-02-07,综合企业,5557760
2022-02-07,其他,0
2022-02-08,能源业,177337132
2022-02-08,原材料业,-28594639
2022-02-08,工业,259269900
2022-02-08,非必需性消费,727762411
2022-02-08,必需性消费,-42819810
2022-02-08,医疗保健业,489113727
2022-02-08,电讯业,123752189
2022-02-08,公用事业,23342606
2022-02-08,金融业,127781095
2022-02-08,地产建筑业,50153900
2022-02-08,资讯科技业,141641873
2022-02-08,综合企业,262453616
2022-02-08,其他,0
2022-02-09,能源业,-173752626
2022-02-09,原材料业,182070768
2022-02-09,工业,186352556
2022-02-09,非必需性消费,918736809
2022-02-09,必需性消费,-65323387
2022-02-09,医疗保健业,179943291
2022-02-09,电讯业,139743669
2022-02-09,公用事业,17896435
2022-02-09,金融业,-194963363
2022-02-09,地产建筑业,98271191
2022-02-09,资讯科技业,156577649
2022-02-09,综合企业,-16336444
2022-02-09,其他,0
2022-02-10,能源业,117623916
2022-02-10,原材料业,254529382
2022-02-10,工业,244724805
2022-02-10,非必需性消费,135043995
2022-02-10,必需性消费,172276830
2022-02-10,医疗保健业,657876585
2022-02-10,电讯业,-110494827
2022-02-10,公用事业,114769076
2022-02-10,金融业,220137865
2022-02-10,地产建筑业,439815874
2022-02-10,资讯科技业,38234855
2022-02-10,综合企业,-33454970
2022-02-10,其他,0
2022-02-11,能源业,133796496
2022-02-11,原材料业,114289136
2022-02-11,工业,-83719580
2022-02-11,非必需性消费,-13170797
2022-02-11,必需性消费,15367993
2022-02-11,医疗保健业,186210041
2022-02-11,电讯业,40197705
2022-02-11,公用事业,264105713
2022-02-11,金融业,-31102071
2022-02-11,地产建筑业,280826806
2022-02-11,资讯科技业,-241502784
2022-02-11,综合企业,22740205
2022-02-11,其他,0
2022-02-14,能源业,-110692992
2022-02-14,原材料业,47980287
2022-02-14,工业,-110631267
2022-02-14,非必需性消费,170091379
2022-02-14,必需性消费,-8080188
2022-02-14,医疗保健业,218196093
2022-02-14,电讯业,-150200728
2022-02-14,公用事业,-225970750
2022-02-14,金融业,-374086636
2022-02-14,地产建筑业,-394333561
2022-02-14,资讯科技业,173198999
2022-02-14,综合企业,-33213455
2022-02-14,其他,0
2022-02-15,能源业,-338379700
2022-02-15,原材料业,-169594178
2022-02-15,工业,100334639
2022-02-15,非必需性消费,-2619478
2022-02-15,必需性消费,-97188552
2022-02-15,医疗保健业,380732736
2022-02-15,电讯业,-195199089
2022-02-15,公用事业,-205795317
2022-02-15,金融业,-1128685087
2022-02-15,地产建筑业,-293021877
2022-02-15,资讯科技业,22823548
2022-02-15,综合企业,-41771385
2022-02-15,其他,0
2022-02-16,能源业,3206578
2022-02-16,原材料业,86671488
2022-02-16,工业,83366574
2022-02-16,非必需性消费,463922042
2022-02-16,必需性消费,83775314
2022-02-16,医疗保健业,198018551
2022-02-16,电讯业,115180661
2022-02-16,公用事业,-257032659
2022-02-16,金融业,108376002
2022-02-16,地产建筑业,284640980
2022-02-16,资讯科技业,146455551
2022-02-16,综合企业,-17474734
2022-02-16,其他,0
2022-02-17,能源业,-49105104
2022-02-17,原材料业,222507574
2022-02-17,工业,70324485
2022-02-17,非必需性消费,427271791
2022-02-17,必需性消费,-213663733
2022-02-17,医疗保健业,-18047454
2022-02-17,电讯业,-292177565
2022-02-17,公用事业,78788307
2022-02-17,金融业,-475948266
2022-02-17,地产建筑业,-153704054
2022-02-17,资讯科技业,288520477
2022-02-17,综合企业,-10350834
2022-02-17,其他,0
2022-02-18,能源业,-86140691
2022-02-18,原材料业,-17062918
2022-02-18,工业,137329556
2022-02-18,非必需性消费,-525844547
2022-02-18,必需性消费,-11026424
2022-02-18,医疗保健业,149933079
2022-02-18,电讯业,-16102042
2022-02-18,公用事业,-81120017
2022-02-18,金融业,-461801034
2022-02-18,地产建筑业,85433916
2022-02-18,资讯科技业,-851162305
2022-02-18,综合企业,-11709570
2022-02-18,其他,0
2022-02-21,能源业,62968078
2022-02-21,原材料业,81813334
2022-02-21,工业,31459878
2022-02-21,非必需性消费,352094664
2022-02-21,必需性消费,162201127
2022-02-21,医疗保健业,163953415
2022-02-21,电讯业,228546601
2022-02-21,公用事业,-60570997
2022-02-21,金融业,-47368090
2022-02-21,地产建筑业,264816391
2022-02-21,资讯科技业,139731202
2022-02-21,综合企业,-28918359
2022-02-21,其他,0
2022-02-22,能源业,-20468031
2022-02-22,原材料业,156688763
2022-02-22,工业,48410631
2022-02-22,非必需性消费,553190172
2022-02-22,必需性消费,-18900310
2022-02-22,医疗保健业,-50368065
2022-02-22,电讯业,-22460782
2022-02-22,公用事业,-86466426
2022-02-22,金融业,27825266
2022-02-22,地产建筑业,21548750
2022-02-22,资讯科技业,326949586
2022-02-22,综合企业,-4610225
2022-02-22,其他,0
2022-02-23,能源业,-170740018
2022-02-23,原材料业,116837439
2022-02-23,工业,266001483
2022-02-23,非必需性消费,614725439
2022-02-23,必需性消费,119090295
2022-02-23,医疗保健业,334875291
2022-02-23,电讯业,-123842312
2022-02-23,公用事业,20726812
2022-02-23,金融业,364212513
2022-02-23,地产建筑业,207022680
2022-02-23,资讯科技业,1218319560
2022-02-23,综合企业,25375574
2022-02-23,其他,0
2022-02-24,能源业,-7948380
2022-02-24,原材料业,-329530053
2022-02-24,工业,-447361207
2022-02-24,非必需性消费,-293306549
2022-02-24,必需性消费,-231363726
2022-02-24,医疗保健业,-224091722
2022-02-24,电讯业,-404315459
2022-02-24,公用事业,-62540567
2022-02-24,金融业,-997838526
2022-02-24,地产建筑业,-517662589
2022-02-24,资讯科技业,146253321
2022-02-24,综合企业,-65643996
2022-02-24,其他,0
2022-02-25,能源业,-214109260
2022-02-25,原材料业,-257739974
2022-02-25,工业,39962009
2022-02-25,非必需性消费,235952798
2022-02-25,必需性消费,-43335632
2022-02-25,医疗保健业,247607979
2022-02-25,电讯业,-319712444
2022-02-25,公用事业,314944603
2022-02-25,金融业,485597476
2022-02-25,地产建筑业,-568094349
2022-02-25,资讯科技业,676699195
2022-02-25,综合企业,-14894558
2022-02-25,其他,0
2022-02-28,能源业,-166505898
2022-02-28,原材料业,71589867
2022-02-28,工业,37517771
2022-02-28,非必需性消费,182154842
2022-02-28,必需性消费,152178726
2022-02-28,医疗保健业,154660643
2022-02-28,电讯业,12284197
2022-02-28,公用事业,77651472
2022-02-28,金融业,419512912
2022-02-28,地产建筑业,21581290
2022-02-28,资讯科技业,421600014
2022-02-28,综合企业,9056769
2022-02-28,其他,0
2022-03-01,能源业,69452684
2022-03-01,原材料业,-66375003
2022-03-01,工业,104308789
2022-03-01,非必需性消费,179012711
2022-03-01,必需性消费,-332675397
2022-03-01,医疗保健业,163420012
2022-03-01,电讯业,49949070
2022-03-01,公用事业,140846760
2022-03-01,金融业,-58453919
2022-03-01,地产建筑业,245181037
2022-03-01,资讯科技业,570016297
2022-03-01,综合企业,17733631
2022-03-01,其他,0
2022-03-02,能源业,16308016
2022-03-02,原材料业,74616014
2022-03-02,工业,-306996714
2022-03-02,非必需性消费,16957583
2022-03-02,必需性消费,89589552
2022-03-02,医疗保健业,-15167336
2022-03-02,电讯业,-167621900
2022-03-02,公用事业,19609526
2022-03-02,金融业,-734846678
2022-03-02,地产建筑业,134070893
2022-03-02,资讯科技业,-307336892
2022-03-02,综合企业,-17457613
2022-03-02,其他,0
2022-03-03,能源业,407605026
2022-03-03,原材料业,55717366
2022-03-03,工业,118960162
2022-03-03,非必需性消费,-165195366
2022-03-03,必需性消费,-50141624
2022-03-03,医疗保健业,-11022200
2022-03-03,电讯业,218465779
2022-03-03,公用事业,-44813893
2022-03-03,金融业,462140804
2022-03-03,地产建筑业,421661909
2022-03-03,资讯科技业,190317817
2022-03-03,综合企业,15846335
2022-03-03,其他,0
2022-03-04,能源业,-102837596
2022-03-04,原材料业,81495436
2022-03-04,工业,-304928776
2022-03-04,非必需性消费,735850144
2022-03-04,必需性消费,-225465230
2022-03-04,医疗保健业,84981693
2022-03-04,电讯业,-17144995
2022-03-04,公用事业,100866684
2022-03-04,金融业,520732254
2022-03-04,地产建筑业,242320619
2022-03-04,资讯科技业,1091590236
2022-03-04,综合企业,14940261
2022-03-04,其他,0
2022-03-07,能源业,-80875375
2022-03-07,原材料业,80147777
2022-03-07,工业,23748155
2022-03-07,非必需性消费,67173173
2022-03-07,必需性消费,-241097381
2022-03-07,医疗保健业,145779221
2022-03-07,电讯业,62615726
2022-03-07,公用事业,56978182
2022-03-07,金融业,614542686
2022-03-07,地产建筑业,352097775
2022-03-07,资讯科技业,756338503
2022-03-07,综合企业,2566452
2022-03-07,其他,0
2022-03-08,能源业,-230355326
2022-03-08,原材料业,-195677683
2022-03-08,工业,-263245715
2022-03-08,非必需性消费,-396347740
2022-03-08,必需性消费,-238467294
2022-03-08,医疗保健业,-76266962
2022-03-08,电讯业,-81736133
2022-03-08,公用事业,-222569048
2022-03-08,金融业,-835842978
2022-03-08,地产建筑业,-332833919
2022-03-08,资讯科技业,669406694
2022-03-08,综合企业,-52580732
2022-03-08,其他,0
2022-03-09,能源业,-303021592
2022-03-09,原材料业,-34104608
2022-03-09,工业,26180810
2022-03-09,非必需性消费,703260776
2022-03-09,必需性消费,50256525
2022-03-09,医疗保健业,50709827
2022-03-09,电讯业,-14403494
2022-03-09,公用事业,55498155
2022-03-09,金融业,845678125
2022-03-09,地产建筑业,-41387080
2022-03-09,资讯科技业,766852981
2022-03-09,综合企业,37670093
2022-03-09,其他,0
2022-03-10,能源业,135473937
2022-03-10,原材料业,-13171524
2022-03-10,工业,288524237
2022-03-10,非必需性消费,478447580
2022-03-10,必需性消费,17065232
2022-03-10,医疗保健业,178853366
2022-03-10,电讯业,83000837
2022-03-10,公用事业,327101145
2022-03-10,金融业,579473447
2022-03-10,地产建筑业,-19736825
2022-03-10,资讯科技业,576495180
2022-03-10,综合企业,24488639
2022-03-10,其他,0
2022-03-11,能源业,117643887
2022-03-11,原材料业,53100959
2022-03-11,工业,299545192
2022-03-11,非必需性消费,1061953649
2022-03-11,必需性消费,24458577
2022-03-11,医疗保健业,137071589
2022-03-11,电讯业,56149895
2022-03-11,公用事业,20524184
2022-03-11,金融业,430021593
2022-03-11,地产建筑业,50376690
2022-03-11,资讯科技业,1105211623
2022-03-11,综合企业,32021455
2022-03-11,其他,0
2022-03-14,能源业,-145470817
2022-03-14,原材料业,-203857259
2022-03-14,工业,-363391744
2022-03-14,非必需性消费,282754579
2022-03-14,必需性消费,91587309
2022-03-14,医疗保健业,-4874821
2022-03-14,电讯业,-122186287
2022-03-14,公用事业,-377731292
2022-03-14,金融业,-330102073
2022-03-14,地产建筑业,-126220062
2022-03-14,资讯科技业,203954168
2022-03-14,综合企业,-58345617
2022-03-14,其他,0
2022-03-15,能源业,159851239
2022-03-15,原材料业,-276442611
2022-03-15,工业,-192786370
2022-03-15,非必需性消费,704090843
2022-03-15,必需性消费,-119580390
2022-03-15,医疗保健业,293481810
2022-03-15,电讯业,-179175894
2022-03-15,公用事业,-173779117
2022-03-15,金融业,-277875068
2022-03-15,地产建筑业,-59665030
2022-03-15,资讯科技业,424589412
2022-03-15,综合企业,-31937029
2022-03-15,其他,0
2022-03-16,能源业,316356579
2022-03-16,原材料业,222452645
2022-03-16,工业,352611798
2022-03-16,非必需性消费,1152770693
2022-03-16,必需性消费,397904182
2022-03-16,医疗保健业,652760483
2022-03-16,电讯业,226875773
2022-03-16,公用事业,455278974
2022-03-16,金融业,1216520963
2022-03-16,地产建筑业,1064951681
2022-03-16,资讯科技业,924182849
2022-03-16,综合企业,83020622
2022-03-16,其他,0
2022-03-17,能源业,454223505
2022-03-17,原材料业,234912481
2022-03-17,工业,119475369
2022-03-17,非必需性消费,827913149
2022-03-17,必需性消费,103893974
2022-03-17,医疗保健业,625309634
2022-03-17,电讯业,-36668991
2022-03-17,公用事业,188027198
2022-03-17,金融业,947569601
2022-03-17,地产建筑业,996942058
2022-03-17,资讯科技业,404137392
2022-03-17,综合企业,-9034932
2022-03-17,其他,0
2022-03-18,能源业,244333096
2022-03-18,原材料业,251711843
2022-03-18,工业,216470228
2022-03-18,非必需性消费,670433129
2022-03-18,必需性消费,32070654
2022-03-18,医疗保健业,385773320
2022-03-18,电讯业,206555121
2022-03-18,公用事业,111072600
2022-03-18,金融业,733614611
2022-03-18,地产建筑业,556306656
2022-03-18,资讯科技业,509567839
2022-03-18,综合企业,33362424
2022-03-18,其他,0
2022-03-21,能源业,130428322
2022-03-21,原材料业,8080844
2022-03-21,工业,-30372915
2022-03-21,非必需性消费,-264173896
2022-03-21,必需性消费,-96332242
2022-03-21,医疗保健业,129335281
2022-03-21,电讯业,39663631
2022-03-21,公用事业,31455129
2022-03-21,金融业,25117361
2022-03-21,地产建筑业,-51658561
2022-03-21,资讯科技业,220953382
2022-03-21,综合企业,14838202
2022-03-21,其他,0
2022-03-22,能源业,136598030
2022-03-22,原材料业,167885569
2022-03-22,工业,188664987
2022-03-22,非必需性消费,1230950878
2022-03-22,必需性消费,44639793
2022-03-22,医疗保健业,355377857
2022-03-22,电讯业,63789777
2022-03-22,公用事业,558887321
2022-03-22,金融业,595266434
2022-03-22,地产建筑业,676115196
2022-03-22,资讯科技业,920272889
2022-03-22,综合企业,36603547
2022-03-22,其他,0
2022-03-23,能源业,-30374409
2022-03-23,原材料业,22884421
2022-03-23,工业,98278901
2022-03-23,非必需性消费,22399043
2022-03-23,必需性消费,142822068
2022-03-23,医疗保健业,426919185
2022-03-23,电讯业,329203965
2022-03-23,公用事业,19387222
2022-03-23,金融业,149693043
2022-03-23,地产建筑业,286718976
2022-03-23,资讯科技业,427971046
2022-03-23,综合企业,-5993717
2022-03-23,其他,0
2022-03-24,能源业,170398388
2022-03-24,原材料业,338763863
2022-03-24,工业,101010496
2022-03-24,非必需性消费,-65397977
2022-03-24,必需性消费,-2744024
2022-03-24,医疗保健业,374964996
2022-03-24,电讯业,98404668
2022-03-24,公用事业,161731575
2022-03-24,金融业,-749071303
2022-03-24,地产建筑业,150375002
2022-03-24,资讯科技业,156427757
2022-03-24,综合企业,22250530
2022-03-24,其他,0
2022-03-25,能源业,-146930124
2022-03-25,原材料业,7413752
2022-03-25,工业,136532461
2022-03-25,非必需性消费,33024873
2022-03-25,必需性消费,-73235497
2022-03-25,医疗保健业,-325363271
2022-03-25,电讯业,-37886318
2022-03-25,公用事业,-92618228
2022-03-25,金融业,-134635575
2022-03-25,地产建筑业,-171716061
2022-03-25,资讯科技业,49498487
2022-03-25,综合企业,-33840055
2022-03-25,其他,0
2022-03-28,能源业,273784447
2022-03-28,原材料业,98205550
2022-03-28,工业,364190683
2022-03-28,非必需性消费,560883947
2022-03-28,必需性消费,76400030
2022-03-28,医疗保健业,137609186
2022-03-28,电讯业,112228075
2022-03-28,公用事业,3910094
2022-03-28,金融业,131001015
2022-03-28,地产建筑业,460734513
2022-03-28,资讯科技业,495999880
2022-03-28,综合企业,14922832
2022-03-28,其他,0
2022-03-29,能源业,-38058794
2022-03-29,原材料业,271252245
2022-03-29,工业,244422720
2022-03-29,非必需性消费,53233876
2022-03-29,必需性消费,-23684080
2022-03-29,医疗保健业,62460310
2022-03-29,电讯业,-105084256
2022-03-29,公用事业,10361294
2022-03-29,金融业,119073852
2022-03-29,地产建筑业,115632359
2022-03-29,资讯科技业,76890999
2022-03-29,综合企业,-26311808
2022-03-29,其他,0
2022-03-30,能源业,-421511
2022-03-30,原材料业,111854081
2022-03-30,工业,176967524
2022-03-30,非必需性消费,366713124
2022-03-30,必需性消费,-9667328
2022-03-30,医疗保健业,226441677
2022-03-30,电讯业,-84915217
2022-03-30,公用事业,123165307
2022-03-30,金融业,87758551
2022-03-30,地产建筑业,821118972
2022-03-30,资讯科技业,-506246649
2022-03-30,综合企业,10380920
2022-03-30,其他,0
2022-03-31,能源业,80285498
2022-03-31,原材料业,7474878
2022-03-31,工业,167707152
2022-03-31,非必需性消费,82011881
2022-03-31,必需性消费,-28943082
2022-03-31,医疗保健业,-36407671
2022-03-31,电讯业,-7935289
2022-03-31,公用事业,-29550506
2022-03-31,金融业,254042657
2022-03-31,地产建筑业,-6361130
2022-03-31,资讯科技业,17291606
2022-03-31,综合企业,-21661395
2022-03-31,其他,0
2022-04-01,能源业,86608409
2022-04-01,原材料业,127598310
2022-04-01,工业,355042028
2022-04-01,非必需性消费,512791152
2022-04-01,必需性消费,-155145770
2022-04-01,医疗保健业,307904182
2022-04-01,电讯业,85853022
2022-04-01,公用事业,224005975
2022-04-01,金融业,490692398
2022-04-01,地产建筑业,378222335
2022-04-01,资讯科技业,302183145
2022-04-01,综合企业,2099904
2022-04-01,其他,0
2022-04-06,能源业,-93804406
2022-04-06,原材料业,81554762
2022-04-06,工业,51222470
2022-04-06,非必需性消费,217868682
2022-04-06,必需性消费,41176759
2022-04-06,医疗保健业,179901936
2022-04-06,电讯业,128023528
2022-04-06,公用事业,185259759
2022-04-06,金融业,-44675599
2022-04-06,地产建筑业,967431694
2022-04-06,资讯科技业,-49181777
2022-04-06,综合企业,-28462815
2022-04-06,其他,0
2022-04-07,能源业,-35461838
2022-04-07,原材料业,146028737
2022-04-07,工业,96220960
2022-04-07,非必需性消费,96646897
2022-04-07,必需性消费,-32538816
2022-04-07,医疗保健业,-112688397
2022-04-07,电讯业,99790883
2022-04-07,公用事业,-47314244
2022-04-07,金融业,-168198543
2022-04-07,地产建筑业,-131360912
2022-04-07,资讯科技业,-54029945
2022-04-07,综合企业,32990383
2022-04-07,其他,0
2022-04-08,能源业,123098366
2022-04-08,原材料业,213311998
2022-04-08,工业,334684012
2022-04-08,非必需性消费,551110688
2022-04-08,必需性消费,107939847
2022-04-08,医疗保健业,243653405
2022-04-08,电讯业,399005131
2022-04-08,公用事业,46876072
2022-04-08,金融业,-111155447
2022-04-08,地产建筑业,407419028
2022-04-08,资讯科技业,468785634
2022-04-08,综合企业,2396320
2022-04-08,其他,0
2022-04-11,能源业,-53483038
2022-04-11,原材料业,-34223322
2022-04-11,工业,-79338289
2022-04-11,非必需性消费,78106915
2022-04-11,必需性消费,-20068147
2022-04-11,医疗保健业,-54803193
2022-04-11,电讯业,-70954972
2022-04-11,公用事业,-11485728
2022-04-11,金融业,-34500268
2022-04-11,地产建筑业,7980
2022-04-11,资讯科技业,-148073683
2022-04-11,综合企业,-20690628
2022-04-11,其他,0
2022-04-12,能源业,-78080671
2022-04-12,原材料业,96390603
2022-04-12,工业,220702833
2022-04-12,非必需性消费,525696932
2022-04-12,必需性消费,34496934
2022-04-12,医疗保健业,236805745
2022-04-12,电讯业,-74474025
2022-04-12,公用事业,-17444584
2022-04-12,金融业,472809527
2022-04-12,地产建筑业,176978674
2022-04-12,资讯科技业,126669265
2022-04-12,综合企业,21014048
2022-04-12,其他,0
2022-04-13,能源业,462075052
2022-04-13,原材料业,345906354
2022-04-13,工业,272581966
2022-04-13,非必需性消费,23820121
2022-04-13,必需性消费,161443171
2022-04-13,医疗保健业,51172273
2022-04-13,电讯业,156028482
2022-04-13,公用事业,52850390
2022-04-13,金融业,377626269
2022-04-13,地产建筑业,196438642
2022-04-13,资讯科技业,134170686
2022-04-13,综合企业,27865562
2022-04-13,其他,0
2022-04-14,能源业,230748734
2022-04-14,原材料业,149706676
2022-04-14,工业,312683075
2022-04-14,非必需性消费,690018141
2022-04-14,必需性消费,137910789
2022-04-14,医疗保健业,204062291
2022-04-14,电讯业,-48302208
2022-04-14,公用事业,85546298
2022-04-14,金融业,294416818
2022-04-14,地产建筑业,577598003
2022-04-14,资讯科技业,2145813
2022-04-14,综合企业,10175899
2022-04-14,其他,0
2022-04-15,能源业,0
2022-04-15,原材料业,0
2022-04-15,工业,0
2022-04-15,非必需性消费,0
2022-04-15,必需性消费,0
2022-04-15,医疗保健业,0
2022-04-15,电讯业,0
2022-04-15,公用事业,0
2022-04-15,金融业,0
2022-04-15,地产建筑业,0
2022-04-15,资讯科技业,0
2022-04-15,综合企业,0
2022-04-15,其他,0
2022-04-18,能源业,0
2022-04-18,原材料业,0
2022-04-18,工业,0
2022-04-18,非必需性消费,0
2022-04-18,必需性消费,0
2022-04-18,医疗保健业,0
2022-04-18,电讯业,0
2022-04-18,公用事业,0
2022-04-18,金融业,0
2022-04-18,地产建筑业,0
2022-04-18,资讯科技业,0
2022-04-18,综合企业,0
2022-04-18,其他,0
2022-04-19,能源业,87782510
2022-04-19,原材料业,58886037
2022-04-19,工业,166203056
2022-04-19,非必需性消费,105346154
2022-04-19,必需性消费,81861609
2022-04-19,医疗保健业,16805184
2022-04-19,电讯业,118355837
2022-04-19,公用事业,-92555163
2022-04-19,金融业,649444857
2022-04-19,地产建筑业,55221878
2022-04-19,资讯科技业,241694372
2022-04-19,综合企业,25693502
2022-04-19,其他,0
2022-04-20,能源业,-366243008
2022-04-20,原材料业,-43922575
2022-04-20,工业,-27056733
2022-04-20,非必需性消费,242309111
2022-04-20,必需性消费,19274993
2022-04-20,医疗保健业,-175911312
2022-04-20,电讯业,112158890
2022-04-20,公用事业,62862769
2022-04-20,金融业,-143423381
2022-04-20,地产建筑业,-466453229
2022-04-20,资讯科技业,-32885597
2022-04-20,综合企业,-3407668
2022-04-20,其他,0
2022-04-21,能源业,-110093463
2022-04-21,原材料业,-82664852
2022-04-21,工业,18697956
2022-04-21,非必需性消费,177691216
2022-04-21,必需性消费,15132820
2022-04-21,医疗保健业,-74828625
2022-04-21,电讯业,-106658847
2022-04-21,公用事业,-55744740
2022-04-21,金融业,-176010577
2022-04-21,地产建筑业,-80196456
2022-04-21,资讯科技业,17850464
2022-04-21,综合企业,17463790
2022-04-21,其他,0
2022-04-22,能源业,127467342
2022-04-22,原材料业,151826241
2022-04-22,工业,394433175
2022-04-22,非必需性消费,1061772527
2022-04-22,必需性消费,214590783
2022-04-22,医疗保健业,224109916
2022-04-22,电讯业,156593920
2022-04-22,公用事业,165670818
2022-04-22,金融业,311085352
2022-04-22,地产建筑业,398872284
2022-04-22,资讯科技业,931000650
2022-04-22,综合企业,2413626
2022-04-22,其他,0
2022-04-25,能源业,-143109060
2022-04-25,原材料业,-59591620
2022-04-25,工业,-59444733
2022-04-25,非必需性消费,248445371
2022-04-25,必需性消费,22597371
2022-04-25,医疗保健业,-125257484
2022-04-25,电讯业,-102491587
2022-04-25,公用事业,-31976482
2022-04-25,金融业,86129395
2022-04-25,地产建筑业,-219285354
2022-04-25,资讯科技业,361780132
2022-04-25,综合企业,-11180602
2022-04-25,其他,0
2022-04-26,能源业,-172877382
2022-04-26,原材料业,44441225
2022-04-26,工业,-309142078
2022-04-26,非必需性消费,99992927
2022-04-26,必需性消费,54299267
2022-04-26,医疗保健业,107641645
2022-04-26,电讯业,31150755
2022-04-26,公用事业,-77580258
2022-04-26,金融业,-408989548
2022-04-26,地产建筑业,175897372
2022-04-26,资讯科技业,457475779
2022-04-26,综合企业,-1852083
2022-04-26,其他,0
2022-04-27,能源业,0
2022-04-27,原材料业,0
2022-04-27,工业,0
2022-04-27,非必需性消费,0
2022-04-27,必需性消费,0
2022-04-27,医疗保健业,0
2022-04-27,电讯业,0
2022-04-27,公用事业,0
2022-04-27,金融业,0
2022-04-27,地产建筑业,0
2022-04-27,资讯科技业,0
2022-04-27,综合企业,0
2022-04-27,其他,0
2022-04-28,能源业,425352086
2022-04-28,原材料业,40495706
2022-04-28,工业,249812365
2022-04-28,非必需性消费,288939299
2022-04-28,必需性消费,212238610
2022-04-28,医疗保健业,144499835
2022-04-28,电讯业,199754532
2022-04-28,公用事业,82716588
2022-04-28,金融业,1204582014
2022-04-28,地产建筑业,394926391
2022-04-28,资讯科技业,463331248
2022-04-28,综合企业,-16548680
2022-04-28,其他,0
2022-04-29,能源业,122209924
2022-04-29,原材料业,118153250
2022-04-29,工业,440533678
2022-04-29,非必需性消费,962623691
2022-04-29,必需性消费,63520511
2022-04-29,医疗保健业,323035063
2022-04-29,电讯业,182223407
2022-04-29,公用事业,-65173352
2022-04-29,金融业,675530020
2022-04-29,地产建筑业,451966452
2022-04-29,资讯科技业,880395278
2022-04-29,综合企业,5614625
2022-04-29,其他,0
2022-05-05,能源业,361771665
2022-05-05,原材料业,-30033382
2022-05-05,工业,78249033
2022-05-05,非必需性消费,-90977910
2022-05-05,必需性消费,-27141314
2022-05-05,医疗保健业,189453312
2022-05-05,电讯业,53895048
2022-05-05,公用事业,-151865940
2022-05-05,金融业,-38699742
2022-05-05,地产建筑业,-191683739
2022-05-05,资讯科技业,267470117
2022-05-05,综合企业,-18397075
2022-05-05,其他,0
2022-05-06,能源业,31097067
2022-05-06,原材料业,-16441362
2022-05-06,工业,26737396
2022-05-06,非必需性消费,581439910
2022-05-06,必需性消费,-65845937
2022-05-06,医疗保健业,203130289
2022-05-06,电讯业,47714590
2022-05-06,公用事业,-116898493
2022-05-06,金融业,573417325
2022-05-06,地产建筑业,91674556
2022-05-06,资讯科技业,573031782
2022-05-06,综合企业,-53845070
2022-05-06,其他,0
2022-05-09,能源业,0
2022-05-09,原材料业,0
2022-05-09,工业,0
2022-05-09,非必需性消费,0
2022-05-09,必需性消费,0
2022-05-09,医疗保健业,0
2022-05-09,电讯业,0
2022-05-09,公用事业,0
2022-05-09,金融业,0
2022-05-09,地产建筑业,0
2022-05-09,资讯科技业,0
2022-05-09,综合企业,0
2022-05-09,其他,0
2022-05-10,能源业,357127350
2022-05-10,原材料业,1868088
2022-05-10,工业,273791124
2022-05-10,非必需性消费,1385122271
2022-05-10,必需性消费,167302952
2022-05-10,医疗保健业,237102531
2022-05-10,电讯业,171910560
2022-05-10,公用事业,56475225
2022-05-10,金融业,327727223
2022-05-10,地产建筑业,136559165
2022-05-10,资讯科技业,1063763384
2022-05-10,综合企业,11374217
2022-05-10,其他,0
2022-05-11,能源业,162238982
2022-05-11,原材料业,63566855
2022-05-11,工业,43937577
2022-05-11,非必需性消费,1055775233
2022-05-11,必需性消费,22297606
2022-05-11,医疗保健业,313939530
2022-05-11,电讯业,26963397
2022-05-11,公用事业,-66875426
2022-05-11,金融业,1051417315
2022-05-11,地产建筑业,-204470976
2022-05-11,资讯科技业,311214387
2022-05-11,综合企业,16713067
2022-05-11,其他,0
2022-05-12,能源业,-102899412
2022-05-12,原材料业,-73588228
2022-05-12,工业,75904879
2022-05-12,非必需性消费,887301234
2022-05-12,必需性消费,1886316
2022-05-12,医疗保健业,403258519
2022-05-12,电讯业,-108097655
2022-05-12,公用事业,-70379037
2022-05-12,金融业,-364591114
2022-05-12,地产建筑业,-306843998
2022-05-12,资讯科技业,617159553
2022-05-12,综合企业,10649395
2022-05-12,其他,0
2022-05-13,能源业,120564111
2022-05-13,原材料业,6880894
2022-05-13,工业,184090829
2022-05-13,非必需性消费,940512591
2022-05-13,必需性消费,46249128
2022-05-13,医疗保健业,187955275
2022-05-13,电讯业,114917790
2022-05-13,公用事业,2170353
2022-05-13,金融业,140750962
2022-05-13,地产建筑业,225943353
2022-05-13,资讯科技业,179636399
2022-05-13,综合企业,-1386194
2022-05-13,其他,0
2022-05-16,能源业,160838812
2022-05-16,原材料业,1567365
2022-05-16,工业,-26265749
2022-05-16,非必需性消费,92361542
2022-05-16,必需性消费,-84585072
2022-05-16,医疗保健业,57585979
2022-05-16,电讯业,16713530
2022-05-16,公用事业,-74225108
2022-05-16,金融业,117036661
2022-05-16,地产建筑业,136335364
2022-05-16,资讯科技业,-462656784
2022-05-16,综合企业,4057591
2022-05-16,其他,0
2022-05-17,能源业,5695534
2022-05-17,原材料业,55163385
2022-05-17,工业,273064303
2022-05-17,非必需性消费,546837889
2022-05-17,必需性消费,-64484433
2022-05-17,医疗保健业,247379048
2022-05-17,电讯业,-35609115
2022-05-17,公用事业,-3388183
2022-05-17,金融业,-3214130
2022-05-17,地产建筑业,-88321105
2022-05-17,资讯科技业,286052439
2022-05-17,综合企业,3901632
2022-05-17,其他,0
2022-05-18,能源业,-45771946
2022-05-18,原材料业,65150846
2022-05-18,工业,190596966
2022-05-18,非必需性消费,300529015
2022-05-18,必需性消费,4599030
2022-05-18,医疗保健业,164926954
2022-05-18,电讯业,397737509
2022-05-18,公用事业,63660755
2022-05-18,金融业,-30072709
2022-05-18,地产建筑业,221839436
2022-05-18,资讯科技业,49079981
2022-05-18,综合企业,19666439
2022-05-18,其他,0
2022-05-19,能源业,178517134
2022-05-19,原材料业,4177489
2022-05-19,工业,259626273
2022-05-19,非必需性消费,664452978
2022-05-19,必需性消费,10834549
2022-05-19,医疗保健业,191645563
2022-05-19,电讯业,220191345
2022-05-19,公用事业,67114262
2022-05-19,金融业,182068483
2022-05-19,地产建筑业,273580133
2022-05-19,资讯科技业,920387191
2022-05-19,综合企业,7557546
2022-05-19,其他,0
2022-05-20,能源业,272742911
2022-05-20,原材料业,133120504
2022-05-20,工业,542044053
2022-05-20,非必需性消费,509246467
2022-05-20,必需性消费,-39580985
2022-05-20,医疗保健业,320674230
2022-05-20,电讯业,158747776
2022-05-20,公用事业,162763709
2022-05-20,金融业,43587451
2022-05-20,地产建筑业,271320620
2022-05-20,资讯科技业,39853612
2022-05-20,综合企业,28420861
2022-05-20,其他,0
2022-05-23,能源业,24695037
2022-05-23,原材料业,21028066
2022-05-23,工业,80779287
2022-05-23,非必需性消费,574451593
2022-05-23,必需性消费,118070211
2022-05-23,医疗保健业,232233463
2022-05-23,电讯业,237955254
2022-05-23,公用事业,37002407
2022-05-23,金融业,801480763
2022-05-23,地产建筑业,-22615966
2022-05-23,资讯科技业,489886978
2022-05-23,综合企业,24790007
2022-05-23,其他,0
2022-05-24,能源业,-34561965
2022-05-24,原材料业,-141484391
2022-05-24,工业,-197932575
2022-05-24,非必需性消费,246584642
2022-05-24,必需性消费,-22344798
2022-05-24,医疗保健业,-136447797
2022-05-24,电讯业,57720879
2022-05-24,公用事业,-92965190
2022-05-24,金融业,1335353
2022-05-24,地产建筑业,-121539176
2022-05-24,资讯科技业,54776609
2022-05-24,综合企业,6367064
2022-05-24,其他,0
2022-05-25,能源业,205803958
2022-05-25,原材料业,-2950445
2022-05-25,工业,86623047
2022-05-25,非必需性消费,997676708
2022-05-25,必需性消费,45033908
2022-05-25,医疗保健业,120692159
2022-05-25,电讯业,50524119
2022-05-25,公用事业,97767248
2022-05-25,金融业,135232418
2022-05-25,地产建筑业,156890423
2022-05-25,资讯科技业,787751208
2022-05-25,综合企业,21482134
2022-05-25,其他,0
2022-05-26,能源业,169777091
2022-05-26,原材料业,-84435550
2022-05-26,工业,234556951
2022-05-26,非必需性消费,908335938
2022-05-26,必需性消费,96202466
2022-05-26,医疗保健业,240194415
2022-05-26,电讯业,138485907
2022-05-26,公用事业,62467105
2022-05-26,金融业,178805061
2022-05-26,地产建筑业,-38468491
2022-05-26,资讯科技业,735695491
2022-05-26,综合企业,-6099956
2022-05-26,其他,0
2022-05-27,能源业,97082320
2022-05-27,原材料业,-6362777
2022-05-27,工业,29594987
2022-05-27,非必需性消费,-335824630
2022-05-27,必需性消费,37783969
2022-05-27,医疗保健业,115885321
2022-05-27,电讯业,169495458
2022-05-27,公用事业,-34912423
2022-05-27,金融业,-555374406
2022-05-27,地产建筑业,-53126679
2022-05-27,资讯科技业,-370642078
2022-05-27,综合企业,568843
2022-05-27,其他,0
2022-05-30,能源业,209430620
2022-05-30,原材料业,76066642
2022-05-30,工业,216237280
2022-05-30,非必需性消费,830557161
2022-05-30,必需性消费,81382124
2022-05-30,医疗保健业,331864455
2022-05-30,电讯业,302926038
2022-05-30,公用事业,-65953312
2022-05-30,金融业,105200665
2022-05-30,地产建筑业,42536051
2022-05-30,资讯科技业,615287036
2022-05-30,综合企业,6285855
2022-05-30,其他,0
2022-05-31,能源业,-14364832
2022-05-31,原材料业,94385541
2022-05-31,工业,326747990
2022-05-31,非必需性消费,726706484
2022-05-31,必需性消费,182690981
2022-05-31,医疗保健业,436611657
2022-05-31,电讯业,7319215
2022-05-31,公用事业,47738775
2022-05-31,金融业,285730623
2022-05-31,地产建筑业,37632011
2022-05-31,资讯科技业,149839328
2022-05-31,综合企业,5243358
2022-05-31,其他,0
2022-06-01,能源业,-97176921
2022-06-01,原材料业,54455362
2022-06-01,工业,95458887
2022-06-01,非必需性消费,697139355
2022-06-01,必需性消费,16578698
2022-06-01,医疗保健业,103408930
2022-06-01,电讯业,-117125915
2022-06-01,公用事业,54390111
2022-06-01,金融业,176117284
2022-06-01,地产建筑业,168818099
2022-06-01,资讯科技业,95159117
2022-06-01,综合企业,33127
2022-06-01,其他,0
2022-06-02,能源业,-201317142
2022-06-02,原材料业,66575640
2022-06-02,工业,167278976
2022-06-02,非必需性消费,762221392
2022-06-02,必需性消费,44226202
2022-06-02,医疗保健业,190481689
2022-06-02,电讯业,3219702
2022-06-02,公用事业,59222293
2022-06-02,金融业,5357852
2022-06-02,地产建筑业,474502387
2022-06-02,资讯科技业,153963470
2022-06-02,综合企业,-20125955
2022-06-02,其他,0
2022-06-06,能源业,-218911864
2022-06-06,原材料业,204396589
2022-06-06,工业,-38390556
2022-06-06,非必需性消费,822395875
2022-06-06,必需性消费,229843857
2022-06-06,医疗保健业,263462620
2022-06-06,电讯业,-110731896
2022-06-06,公用事业,-52153555
2022-06-06,金融业,469425200
2022-06-06,地产建筑业,145489067
2022-06-06,资讯科技业,528583633
2022-06-06,综合企业,26367893
2022-06-06,其他,0
2022-06-07,能源业,-263543060
2022-06-07,原材料业,25938646
2022-06-07,工业,177020591
2022-06-07,非必需性消费,213996156
2022-06-07,必需性消费,32119931
2022-06-07,医疗保健业,194852551
2022-06-07,电讯业,-76703452
2022-06-07,公用事业,40414126
2022-06-07,金融业,-30489457
2022-06-07,地产建筑业,137553323
2022-06-07,资讯科技业,37910006
2022-06-07,综合企业,17045957
2022-06-07,其他,0
2022-06-08,能源业,429321192
2022-06-08,原材料业,81684129
2022-06-08,工业,427914173
2022-06-08,非必需性消费,279545490
2022-06-08,必需性消费,278852536
2022-06-08,医疗保健业,664201836
2022-06-08,电讯业,22924743
2022-06-08,公用事业,525093
2022-06-08,金融业,72103925
2022-06-08,地产建筑业,127663728
2022-06-08,资讯科技业,470786054
2022-06-08,综合企业,-9470155
2022-06-08,其他,0
2022-06-09,能源业,107470362
2022-06-09,原材料业,5936899
2022-06-09,工业,-65017180
2022-06-09,非必需性消费,-147993702
2022-06-09,必需性消费,-105591565
2022-06-09,医疗保健业,-139331941
2022-06-09,电讯业,-67015989
2022-06-09,公用事业,-237914768
2022-06-09,金融业,-520243841
2022-06-09,地产建筑业,182772314
2022-06-09,资讯科技业,-262026186
2022-06-09,综合企业,10198764
2022-06-09,其他,0
2022-06-10,能源业,145846800
2022-06-10,原材料业,154876023
2022-06-10,工业,581834848
2022-06-10,非必需性消费,1480693133
2022-06-10,必需性消费,85420389
2022-06-10,医疗保健业,564170962
2022-06-10,电讯业,-168973747
2022-06-10,公用事业,28321046
2022-06-10,金融业,339285574
2022-06-10,地产建筑业,64688936
2022-06-10,资讯科技业,485537679
2022-06-10,综合企业,-8559759
2022-06-10,其他,0
2022-06-13,能源业,-168568187
2022-06-13,原材料业,123742921
2022-06-13,工业,73037961
2022-06-13,非必需性消费,455463045
2022-06-13,必需性消费,40768591
2022-06-13,医疗保健业,221239316
2022-06-13,电讯业,-163708250
2022-06-13,公用事业,9116754
2022-06-13,金融业,407950051
2022-06-13,地产建筑业,-87561694
2022-06-13,资讯科技业,628749931
2022-06-13,综合企业,49826265
2022-06-13,其他,0
2022-06-14,能源业,-141415943
2022-06-14,原材料业,101332911
2022-06-14,工业,172455363
2022-06-14,非必需性消费,1593482233
2022-06-14,必需性消费,6562515
2022-06-14,医疗保健业,20703118
2022-06-14,电讯业,37067314
2022-06-14,公用事业,272066355
2022-06-14,金融业,457379580
2022-06-14,地产建筑业,162635940
2022-06-14,资讯科技业,394189698
2022-06-14,综合企业,23089864
2022-06-14,其他,0
2022-06-15,能源业,-118627194
2022-06-15,原材料业,-52923671
2022-06-15,工业,76100896
2022-06-15,非必需性消费,746250871
2022-06-15,必需性消费,23217625
2022-06-15,医疗保健业,241330594
2022-06-15,电讯业,19571704
2022-06-15,公用事业,43709763
2022-06-15,金融业,766631727
2022-06-15,地产建筑业,354392365
2022-06-15,资讯科技业,622918190
2022-06-15,综合企业,74638574
2022-06-15,其他,0
2022-06-16,能源业,-439701623
2022-06-16,原材料业,-134307201
2022-06-16,工业,71076330
2022-06-16,非必需性消费,311623449
2022-06-16,必需性消费,-92884716
2022-06-16,医疗保健业,33651660
2022-06-16,电讯业,-155289046
2022-06-16,公用事业,-60638793
2022-06-16,金融业,-463284509
2022-06-16,地产建筑业,-124792002
2022-06-16,资讯科技业,191800087
2022-06-16,综合企业,-4647747
2022-06-16,其他,0
2022-06-17,能源业,-235835267
2022-06-17,原材料业,161625365
2022-06-17,工业,338592822
2022-06-17,非必需性消费,1463646866
2022-06-17,必需性消费,10418224
2022-06-17,医疗保健业,379351974
2022-06-17,电讯业,-106155900
2022-06-17,公用事业,-95602721
2022-06-17,金融业,-181661578
2022-06-17,地产建筑业,-59587495
2022-06-17,资讯科技业,-44703371
2022-06-17,综合企业,-16710022
2022-06-17,其他,0
2022-06-20,能源业,98968131
2022-06-20,原材料业,-8900826
2022-06-20,工业,222622271
2022-06-20,非必需性消费,929399915
2022-06-20,必需性消费,118797548
2022-06-20,医疗保健业,255701903
2022-06-20,电讯业,-52939515
2022-06-20,公用事业,107125311
2022-06-20,金融业,-188912915
2022-06-20,地产建筑业,116599083
2022-06-20,资讯科技业,-5147509
2022-06-20,综合企业,8572141
2022-06-20,其他,0
2022-06-21,能源业,296268388
2022-06-21,原材料业,21660828
2022-06-21,工业,191158032
2022-06-21,非必需性消费,834051146
2022-06-21,必需性消费,218707196
2022-06-21,医疗保健业,474441247
2022-06-21,电讯业,75854721
2022-06-21,公用事业,39480472
2022-06-21,金融业,666409970
2022-06-21,地产建筑业,168060816
2022-06-21,资讯科技业,372146765
2022-06-21,综合企业,18818570
2022-06-21,其他,0
2022-06-22,能源业,-251376416
2022-06-22,原材料业,-127944143
2022-06-22,工业,65384056
2022-06-22,非必需性消费,-223405744
2022-06-22,必需性消费,15265498
2022-06-22,医疗保健业,-37697030
2022-06-22,电讯业,-109609460
2022-06-22,公用事业,-55718166
2022-06-22,金融业,-503969208
2022-06-22,地产建筑业,-181935765
2022-06-22,资讯科技业,-383767633
2022-06-22,综合企业,45119566
2022-06-22,其他,0
2022-06-23,能源业,74500519
2022-06-23,原材料业,67527010
2022-06-23,工业,252754788
2022-06-23,非必需性消费,710310368
2022-06-23,必需性消费,204401288
2022-06-23,医疗保健业,177493178
2022-06-23,电讯业,-120442789
2022-06-23,公用事业,39988094
2022-06-23,金融业,-263354871
2022-06-23,地产建筑业,62019319
2022-06-23,资讯科技业,119232071
2022-06-23,综合企业,9467112
2022-06-23,其他,0
2022-06-24,能源业,-143981014
2022-06-24,原材料业,-30299407
2022-06-24,工业,324756590
2022-06-24,非必需性消费,397175327
2022-06-24,必需性消费,132794620
2022-06-24,医疗保健业,700261712
2022-06-24,电讯业,-137653019
2022-06-24,公用事业,-194747813
2022-06-24,金融业,-5275980
2022-06-24,地产建筑业,-302418085
2022-06-24,资讯科技业,600237037
2022-06-24,综合企业,-1137545
2022-06-24,其他,0
2022-06-27,能源业,270756684
2022-06-27,原材料业,84114806
2022-06-27,工业,261573341
2022-06-27,非必需性消费,670306855
2022-06-27,必需性消费,167232232
2022-06-27,医疗保健业,76084462
2022-06-27,电讯业,-8812387
2022-06-27,公用事业,-34439981
2022-06-27,金融业,-67962029
2022-06-27,地产建筑业,357659432
2022-06-27,资讯科技业,569742049
2022-06-27,综合企业,8017679
2022-06-27,其他,0
2022-06-28,能源业,372767350
2022-06-28,原材料业,92020071
2022-06-28,工业,471037438
2022-06-28,非必需性消费,1163845316
2022-06-28,必需性消费,90267008
2022-06-28,医疗保健业,196009221
2022-06-28,电讯业,83537128
2022-06-28,公用事业,3021159
2022-06-28,金融业,401504994
2022-06-28,地产建筑业,208185632
2022-06-28,资讯科技业,840176236
2022-06-28,综合企业,7789790
2022-06-28,其他,0
2022-06-29,能源业,-107082064
2022-06-29,原材料业,-122340089
2022-06-29,工业,-301572194
2022-06-29,非必需性消费,-463690523
2022-06-29,必需性消费,-970647
2022-06-29,医疗保健业,-150170945
2022-06-29,电讯业,47724442
2022-06-29,公用事业,-30037949
2022-06-29,金融业,586309266
2022-06-29,地产建筑业,247161681
2022-06-29,资讯科技业,210388760
2022-06-29,综合企业,-31230485
2022-06-29,其他,0
2022-06-30,能源业,-20765370
2022-06-30,原材料业,-48737611
2022-06-30,工业,163884000
2022-06-30,非必需性消费,513236901
2022-06-30,必需性消费,157001837
2022-06-30,医疗保健业,70677718
2022-06-30,电讯业,125252445
2022-06-30,公用事业,108439875
2022-06-30,金融业,595317898
2022-06-30,地产建筑业,267022112
2022-06-30,资讯科技业,192677863
2022-06-30,综合企业,-26825914
2022-06-30,其他,0
2022-07-01,能源业,0
2022-07-01,原材料业,0
2022-07-01,工业,0
2022-07-01,非必需性消费,0
2022-07-01,必需性消费,0
2022-07-01,医疗保健业,0
2022-07-01,电讯业,0
2022-07-01,公用事业,0
2022-07-01,金融业,0
2022-07-01,地产建筑业,0
2022-07-01,资讯科技业,0
2022-07-01,综合企业,0
2022-07-01,其他,0
2022-07-04,能源业,-27350462
2022-07-04,原材料业,141147359
2022-07-04,工业,285711178
2022-07-04,非必需性消费,340455785
2022-07-04,必需性消费,77240457
2022-07-04,医疗保健业,428234835
2022-07-04,电讯业,78374472
2022-07-04,公用事业,-1864378
2022-07-04,金融业,796888211
2022-07-04,地产建筑业,-46274788
2022-07-04,资讯科技业,775041736
2022-07-04,综合企业,-26522134
2022-07-04,其他,0
2022-07-05,能源业,-5821543
2022-07-05,原材料业,-35066999
2022-07-05,工业,6201609
2022-07-05,非必需性消费,-120529622
2022-07-05,必需性消费,-159254765
2022-07-05,医疗保健业,70729825
2022-07-05,电讯业,63498900
2022-07-05,公用事业,-1944110
2022-07-05,金融业,-160967468
2022-07-05,地产建筑业,-208283047
2022-07-05,资讯科技业,409871420
2022-07-05,综合企业,-43045131
2022-07-05,其他,0
2022-07-06,能源业,-182447287
2022-07-06,原材料业,124857292
2022-07-06,工业,-14675769
2022-07-06,非必需性消费,-78187140
2022-07-06,必需性消费,-247565908
2022-07-06,医疗保健业,-279351612
2022-07-06,电讯业,-14099932
2022-07-06,公用事业,-48053186
2022-07-06,金融业,523526898
2022-07-06,地产建筑业,-205398496
2022-07-06,资讯科技业,-34939295
2022-07-06,综合企业,-14966552
2022-07-06,其他,0
2022-07-07,能源业,115110415
2022-07-07,原材料业,144159621
2022-07-07,工业,285377294
2022-07-07,非必需性消费,621409218
2022-07-07,必需性消费,-137775997
2022-07-07,医疗保健业,84037015
2022-07-07,电讯业,12128566
2022-07-07,公用事业,138057633
2022-07-07,金融业,-5726164
2022-07-07,地产建筑业,209134262
2022-07-07,资讯科技业,195493683
2022-07-07,综合企业,18163000
2022-07-07,其他,0
2022-07-08,能源业,12212204
2022-07-08,原材料业,45917843
2022-07-08,工业,-62565446
2022-07-08,非必需性消费,47671503
2022-07-08,必需性消费,-74391457
2022-07-08,医疗保健业,73527296
2022-07-08,电讯业,-93078311
2022-07-08,公用事业,-6372089
2022-07-08,金融业,-526328030
2022-07-08,地产建筑业,92432579
2022-07-08,资讯科技业,566117310
2022-07-08,综合企业,-19867165
2022-07-08,其他,0
2022-07-11,能源业,-127150819
2022-07-11,原材料业,-815504
2022-07-11,工业,8094677
2022-07-11,非必需性消费,332584709
2022-07-11,必需性消费,-137707713
2022-07-11,医疗保健业,-136614992
2022-07-11,电讯业,24819721
2022-07-11,公用事业,-68350064
2022-07-11,金融业,-69445886
2022-07-11,地产建筑业,129702115
2022-07-11,资讯科技业,409217934
2022-07-11,综合企业,-17109231
2022-07-11,其他,0
2022-07-12,能源业,101089777
2022-07-12,原材料业,19770397
2022-07-12,工业,-78259837
2022-07-12,非必需性消费,639836023
2022-07-12,必需性消费,-53888714
2022-07-12,医疗保健业,-230121008
2022-07-12,电讯业,87831455
2022-07-12,公用事业,-149970855
2022-07-12,金融业,-494855129
2022-07-12,地产建筑业,56393374
2022-07-12,资讯科技业,357190217
2022-07-12,综合企业,22477282
2022-07-12,其他,0
2022-07-13,能源业,-125058901
2022-07-13,原材料业,84178081
2022-07-13,工业,101091192
2022-07-13,非必需性消费,288915603
2022-07-13,必需性消费,16589500
2022-07-13,医疗保健业,-48016530
2022-07-13,电讯业,618628
2022-07-13,公用事业,-20836463
2022-07-13,金融业,-71598379
2022-07-13,地产建筑业,67323006
2022-07-13,资讯科技业,343865425
2022-07-13,综合企业,2877263
2022-07-13,其他,0
2022-07-14,能源业,-144437262
2022-07-14,原材料业,15460400
2022-07-14,工业,285868701
2022-07-14,非必需性消费,61543350
2022-07-14,必需性消费,-52277472
2022-07-14,医疗保健业,451053020
2022-07-14,电讯业,-81427053
2022-07-14,公用事业,-236420514
2022-07-14,金融业,205849447
2022-07-14,地产建筑业,232122620
2022-07-14,资讯科技业,348826018
2022-07-14,综合企业,-52161715
2022-07-14,其他,0
2022-07-15,能源业,-272763535
2022-07-15,原材料业,-50925899
2022-07-15,工业,-25866548
2022-07-15,非必需性消费,-95544867
2022-07-15,必需性消费,-79480291
2022-07-15,医疗保健业,-262745404
2022-07-15,电讯业,-110047296
2022-07-15,公用事业,-279716419
2022-07-15,金融业,-353597667
2022-07-15,地产建筑业,-34694906
2022-07-15,资讯科技业,89385219
2022-07-15,综合企业,-29598177
2022-07-15,其他,0
2022-07-18,能源业,342116676
2022-07-18,原材料业,78063644
2022-07-18,工业,326453839
2022-07-18,非必需性消费,535031904
2022-07-18,必需性消费,-24868656
2022-07-18,医疗保健业,200103587
2022-07-18,电讯业,-50115653
2022-07-18,公用事业,-108566462
2022-07-18,金融业,176742192
2022-07-18,地产建筑业,98669984
2022-07-18,资讯科技业,447389223
2022-07-18,综合企业,-4455744
2022-07-18,其他,0
2022-07-19,能源业,191748365
2022-07-19,原材料业,-32883572
2022-07-19,工业,-27031456
2022-07-19,非必需性消费,-67646688
2022-07-19,必需性消费,-118065609
2022-07-19,医疗保健业,-25086711
2022-07-19,电讯业,65008123
2022-07-19,公用事业,-104535196
2022-07-19,金融业,-18123527
2022-07-19,地产建筑业,-68136104
2022-07-19,资讯科技业,-133426800
2022-07-19,综合企业,-13691327
2022-07-19,其他,0
2022-07-20,能源业,141998548
2022-07-20,原材料业,71945147
2022-07-20,工业,-37215434
2022-07-20,非必需性消费,147164904
2022-07-20,必需性消费,-4590217
2022-07-20,医疗保健业,136597349
2022-07-20,电讯业,-75182501
2022-07-20,公用事业,-116953465
2022-07-20,金融业,91028206
2022-07-20,地产建筑业,19444809
2022-07-20,资讯科技业,15275814
2022-07-20,综合企业,-9493999
2022-07-20,其他,0
2022-07-21,能源业,-65137488
2022-07-21,原材料业,-4390912
2022-07-21,工业,-111911634
2022-07-21,非必需性消费,108898514
2022-07-21,必需性消费,7826519
2022-07-21,医疗保健业,30606189
2022-07-21,电讯业,-152714957
2022-07-21,公用事业,-219807727
2022-07-21,金融业,155334393
2022-07-21,地产建筑业,-165208635
2022-07-21,资讯科技业,-71555038
2022-07-21,综合企业,-16668275
2022-07-21,其他,0
2022-07-22,能源业,23325215
2022-07-22,原材料业,63225718
2022-07-22,工业,82142801
2022-07-22,非必需性消费,247018035
2022-07-22,必需性消费,-2330943
2022-07-22,医疗保健业,-236910146
2022-07-22,电讯业,-51031695
2022-07-22,公用事业,-1210882
2022-07-22,金融业,-101703874
2022-07-22,地产建筑业,366610082
2022-07-22,资讯科技业,54861057
2022-07-22,综合企业,-15687799
2022-07-22,其他,0
2022-07-25,能源业,-16912453
2022-07-25,原材料业,-25013350
2022-07-25,工业,154294848
2022-07-25,非必需性消费,96400386
2022-07-25,必需性消费,62903403
2022-07-25,医疗保健业,1197773
2022-07-25,电讯业,-90051410
2022-07-25,公用事业,177957420
2022-07-25,金融业,-223211636
2022-07-25,地产建筑业,373666350
2022-07-25,资讯科技业,256615044
2022-07-25,综合企业,-9057611
2022-07-25,其他,0
2022-07-26,能源业,134245307
2022-07-26,原材料业,117020049
2022-07-26,工业,230006473
2022-07-26,非必需性消费,475420756
2022-07-26,必需性消费,-122863876
2022-07-26,医疗保健业,97541852
2022-07-26,电讯业,-57238265
2022-07-26,公用事业,61676730
2022-07-26,金融业,-336875754
2022-07-26,地产建筑业,475100809
2022-07-26,资讯科技业,277644339
2022-07-26,综合企业,-5365003
2022-07-26,其他,0
2022-07-27,能源业,-50549854
2022-07-27,原材料业,27095336
2022-07-27,工业,20724924
2022-07-27,非必需性消费,623284090
2022-07-27,必需性消费,62979006
2022-07-27,医疗保健业,-271081846
2022-07-27,电讯业,-150496800
2022-07-27,公用事业,-67329039
2022-07-27,金融业,-250897958
2022-07-27,地产建筑业,87218449
2022-07-27,资讯科技业,-164932560
2022-07-27,综合企业,-16454669
2022-07-27,其他,0
2022-07-28,能源业,75051317
2022-07-28,原材料业,11999409
2022-07-28,工业,138310604
2022-07-28,非必需性消费,133807655
2022-07-28,必需性消费,46598683
2022-07-28,医疗保健业,141045125
2022-07-28,电讯业,-49662859
2022-07-28,公用事业,174503138
2022-07-28,金融业,-142131435
2022-07-28,地产建筑业,445430112
2022-07-28,资讯科技业,-15737473
2022-07-28,综合企业,2743352
2022-07-28,其他,0
2022-07-29,能源业,-71241901
2022-07-29,原材料业,46660990
2022-07-29,工业,-96554736
2022-07-29,非必需性消费,68503012
2022-07-29,必需性消费,-72428691
2022-07-29,医疗保健业,-408579972
2022-07-29,电讯业,8977818
2022-07-29,公用事业,-177919546
2022-07-29,金融业,-297611614
2022-07-29,地产建筑业,-125549954
2022-07-29,资讯科技业,660973688
2022-07-29,综合企业,-19616837
2022-07-29,其他,0
2022-08-01,能源业,13515834
2022-08-01,原材料业,-46948461
2022-08-01,工业,43578445
2022-08-01,非必需性消费,608661552
2022-08-01,必需性消费,-18329888
2022-08-01,医疗保健业,-102823011
2022-08-01,电讯业,-35232272
2022-08-01,公用事业,-105326528
2022-08-01,金融业,74011280
2022-08-01,地产建筑业,137650095
2022-08-01,资讯科技业,892847703
2022-08-01,综合企业,-25540470
2022-08-01,其他,0
2022-08-02,能源业,-20220947
2022-08-02,原材料业,-99252571
2022-08-02,工业,-114582278
2022-08-02,非必需性消费,283458388
2022-08-02,必需性消费,-128259461
2022-08-02,医疗保健业,52471602
2022-08-02,电讯业,-138170415
2022-08-02,公用事业,-70981257
2022-08-02,金融业,-19006326
2022-08-02,地产建筑业,77031257
2022-08-02,资讯科技业,1245711886
2022-08-02,综合企业,1495444
2022-08-02,其他,0
2022-08-03,能源业,2772857
2022-08-03,原材料业,-64135303
2022-08-03,工业,73988953
2022-08-03,非必需性消费,-129277498
2022-08-03,必需性消费,-82122132
2022-08-03,医疗保健业,-16343293
2022-08-03,电讯业,15874722
2022-08-03,公用事业,-80045516
2022-08-03,金融业,287278572
2022-08-03,地产建筑业,-79230723
2022-08-03,资讯科技业,129139646
2022-08-03,综合企业,9968292
2022-08-03,其他,0
2022-08-04,能源业,-80793663
2022-08-04,原材料业,-6002675
2022-08-04,工业,91370491
2022-08-04,非必需性消费,148763200
2022-08-04,必需性消费,4152993
2022-08-04,医疗保健业,193203308
2022-08-04,电讯业,85476260
2022-08-04,公用事业,47087354
2022-08-04,金融业,-159032614
2022-08-04,地产建筑业,-31265807
2022-08-04,资讯科技业,335367442
2022-08-04,综合企业,-10021162
2022-08-04,其他,0
2022-08-05,能源业,-66541233
2022-08-05,原材料业,85539865
2022-08-05,工业,67935606
2022-08-05,非必需性消费,146754066
2022-08-05,必需性消费,-12175455
2022-08-05,医疗保健业,132340879
2022-08-05,电讯业,8654166
2022-08-05,公用事业,56720888
2022-08-05,金融业,-163746319
2022-08-05,地产建筑业,256855604
2022-08-05,资讯科技业,152940239
2022-08-05,综合企业,-267863
2022-08-05,其他,0
2022-08-08,能源业,97619685
2022-08-08,原材料业,45888805
2022-08-08,工业,71454856
2022-08-08,非必需性消费,91911018
2022-08-08,必需性消费,21783954
2022-08-08,医疗保健业,-10937211
2022-08-08,电讯业,-39597547
2022-08-08,公用事业,-41437103
2022-08-08,金融业,-50432151
2022-08-08,地产建筑业,71613118
2022-08-08,资讯科技业,-377390188
2022-08-08,综合企业,-26532356
2022-08-08,其他,0
2022-08-09,能源业,-121796622
2022-08-09,原材料业,144753768
2022-08-09,工业,110108108
2022-08-09,非必需性消费,520203288
2022-08-09,必需性消费,1155072
2022-08-09,医疗保健业,88891987
2022-08-09,电讯业,14396972
2022-08-09,公用事业,-113671690
2022-08-09,金融业,51073243
2022-08-09,地产建筑业,-83032166
2022-08-09,资讯科技业,139280788
2022-08-09,综合企业,-12900060
2022-08-09,其他,0
2022-08-10,能源业,-18920131
2022-08-10,原材料业,16052888
2022-08-10,工业,-44966892
2022-08-10,非必需性消费,168025526
2022-08-10,必需性消费,-63461254
2022-08-10,医疗保健业,-755606
2022-08-10,电讯业,-70077668
2022-08-10,公用事业,-113543414
2022-08-10,金融业,231893178
2022-08-10,地产建筑业,81162941
2022-08-10,资讯科技业,274084948
2022-08-10,综合企业,18520398
2022-08-10,其他,0
2022-08-11,能源业,30200497
2022-08-11,原材料业,53083900
2022-08-11,工业,64816703
2022-08-11,非必需性消费,407784120
2022-08-11,必需性消费,20796303
2022-08-11,医疗保健业,316646334
2022-08-11,电讯业,-140333485
2022-08-11,公用事业,35154597
2022-08-11,金融业,-77544660
2022-08-11,地产建筑业,105945512
2022-08-11,资讯科技业,465839861
2022-08-11,综合企业,28400009
2022-08-11,其他,0
2022-08-12,能源业,214107732
2022-08-12,原材料业,179569220
2022-08-12,工业,66057240
2022-08-12,非必需性消费,279117587
2022-08-12,必需性消费,-42946901
2022-08-12,医疗保健业,42274903
2022-08-12,电讯业,-95515748
2022-08-12,公用事业,309718378
2022-08-12,金融业,-124270239
2022-08-12,地产建筑业,293886821
2022-08-12,资讯科技业,91473578
2022-08-12,综合企业,-349125476
2022-08-12,其他,0
2022-08-15,能源业,44016955
2022-08-15,原材料业,52767146
2022-08-15,工业,189437035
2022-08-15,非必需性消费,-135411428
2022-08-15,必需性消费,-157791250
2022-08-15,医疗保健业,-26141770
2022-08-15,电讯业,126127545
2022-08-15,公用事业,75201501
2022-08-15,金融业,-130950493
2022-08-15,地产建筑业,-22118557
2022-08-15,资讯科技业,-304256629
2022-08-15,综合企业,33730155
2022-08-15,其他,0
2022-08-16,能源业,29184638
2022-08-16,原材料业,-41750259
2022-08-16,工业,-18668145
2022-08-16,非必需性消费,-437038669
2022-08-16,必需性消费,-186044670
2022-08-16,医疗保健业,-65010177
2022-08-16,电讯业,22897734
2022-08-16,公用事业,-26512833
2022-08-16,金融业,-8809769
2022-08-16,地产建筑业,-17012790
2022-08-16,资讯科技业,-90446329
2022-08-16,综合企业,42733971
2022-08-16,其他,0
2022-08-17,能源业,89075993
2022-08-17,原材料业,-30000584
2022-08-17,工业,65450584
2022-08-17,非必需性消费,292633864
2022-08-17,必需性消费,19671938
2022-08-17,医疗保健业,-61983436
2022-08-17,电讯业,105738722
2022-08-17,公用事业,225807923
2022-08-17,金融业,-497310311
2022-08-17,地产建筑业,197720117
2022-08-17,资讯科技业,-415589076
2022-08-17,综合企业,13832044
2022-08-17,其他,0
2022-08-18,能源业,-18112308
2022-08-18,原材料业,-48082291
2022-08-18,工业,-100885007
2022-08-18,非必需性消费,170920356
2022-08-18,必需性消费,-28202792
2022-08-18,医疗保健业,84388327
2022-08-18,电讯业,-132770264
2022-08-18,公用事业,-139420068
2022-08-18,金融业,40156114
2022-08-18,地产建筑业,-49641011
2022-08-18,资讯科技业,9698032
2022-08-18,综合企业,-2654055
2022-08-18,其他,0
2022-08-19,能源业,127742139
2022-08-19,原材料业,14442402
2022-08-19,工业,35645269
2022-08-19,非必需性消费,-43755429
2022-08-19,必需性消费,16257749
2022-08-19,医疗保健业,110789962
2022-08-19,电讯业,108750802
2022-08-19,公用事业,127500061
2022-08-19,金融业,202478037
2022-08-19,地产建筑业,233489886
2022-08-19,资讯科技业,-40936730
2022-08-19,综合企业,-6386619
2022-08-19,其他,0
2022-08-22,能源业,268714396
2022-08-22,原材料业,161450995
2022-08-22,工业,52948015
2022-08-22,非必需性消费,443159941
2022-08-22,必需性消费,-11064283
2022-08-22,医疗保健业,-81278218
2022-08-22,电讯业,11230277
2022-08-22,公用事业,-145966294
2022-08-22,金融业,-107304170
2022-08-22,地产建筑业,157495100
2022-08-22,资讯科技业,-190163529
2022-08-22,综合企业,11461952
2022-08-22,其他,0
2022-08-23,能源业,508366619
2022-08-23,原材料业,82626334
2022-08-23,工业,-39314116
2022-08-23,非必需性消费,589303837
2022-08-23,必需性消费,-51310281
2022-08-23,医疗保健业,-167311654
2022-08-23,电讯业,-78088801
2022-08-23,公用事业,51782586
2022-08-23,金融业,-91345481
2022-08-23,地产建筑业,157694261
2022-08-23,资讯科技业,17775515
2022-08-23,综合企业,-857616
2022-08-23,其他,0
2022-08-24,能源业,37531980
2022-08-24,原材料业,-39529059
2022-08-24,工业,-102102342
2022-08-24,非必需性消费,59434276
2022-08-24,必需性消费,-144356634
2022-08-24,医疗保健业,79930358
2022-08-24,电讯业,-16236724
2022-08-24,公用事业,-4651000
2022-08-24,金融业,-618641
2022-08-24,地产建筑业,15379974
2022-08-24,资讯科技业,-204211865
2022-08-24,综合企业,89968596
2022-08-24,其他,0
2022-08-25,能源业,366877965
2022-08-25,原材料业,103061203
2022-08-25,工业,91813117
2022-08-25,非必需性消费,242974203
2022-08-25,必需性消费,-37060347
2022-08-25,医疗保健业,253589100
2022-08-25,电讯业,-41174765
2022-08-25,公用事业,82990241
2022-08-25,金融业,240799183
2022-08-25,地产建筑业,448253998
2022-08-25,资讯科技业,10594996
2022-08-25,综合企业,29359814
2022-08-25,其他,0
2022-08-26,能源业,65386565
2022-08-26,原材料业,233505153
2022-08-26,工业,-221519182
2022-08-26,非必需性消费,359161684
2022-08-26,必需性消费,149734859
2022-08-26,医疗保健业,365830402
2022-08-26,电讯业,-62641925
2022-08-26,公用事业,-123737727
2022-08-26,金融业,86555909
2022-08-26,地产建筑业,220237192
2022-08-26,资讯科技业,-159107429
2022-08-26,综合企业,3344074
2022-08-26,其他,0
2022-08-29,能源业,428823366
2022-08-29,原材料业,48350277
2022-08-29,工业,19434921
2022-08-29,非必需性消费,449894620
2022-08-29,必需性消费,-2550449
2022-08-29,医疗保健业,15866177
2022-08-29,电讯业,-112704568
2022-08-29,公用事业,115536433
2022-08-29,金融业,234260929
2022-08-29,地产建筑业,156234121
2022-08-29,资讯科技业,-15619368
2022-08-29,综合企业,11653080
2022-08-29,其他,0
2022-08-30,能源业,-14985083
2022-08-30,原材料业,84878322
2022-08-30,工业,59153323
2022-08-30,非必需性消费,147923890
2022-08-30,必需性消费,-31505513
2022-08-30,医疗保健业,271621269
2022-08-30,电讯业,81933503
2022-08-30,公用事业,19006867
2022-08-30,金融业,528770935
2022-08-30,地产建筑业,17302696
2022-08-30,资讯科技业,184343018
2022-08-30,综合企业,21310768
2022-08-30,其他,0
2022-08-31,能源业,-26251053
2022-08-31,原材料业,103450964
2022-08-31,工业,158620060
2022-08-31,非必需性消费,440341223
2022-08-31,必需性消费,42041411
2022-08-31,医疗保健业,144044989
2022-08-31,电讯业,-38177275
2022-08-31,公用事业,95922319
2022-08-31,金融业,398047943
2022-08-31,地产建筑业,-182943870
2022-08-31,资讯科技业,62675829
2022-08-31,综合企业,-1501981
2022-08-31,其他,0
2022-09-01,能源业,-20721177
2022-09-01,原材料业,-78096735
2022-09-01,工业,480967245
2022-09-01,非必需性消费,220013880
2022-09-01,必需性消费,4556935
2022-09-01,医疗保健业,-23488811
2022-09-01,电讯业,-114019792
2022-09-01,公用事业,-63127942
2022-09-01,金融业,300140816
2022-09-01,地产建筑业,302188144
2022-09-01,资讯科技业,11185893
2022-09-01,综合企业,-9812207
2022-09-01,其他,0
2022-09-02,能源业,168755424
2022-09-02,原材料业,10074642
2022-09-02,工业,98463998
2022-09-02,非必需性消费,307200037
2022-09-02,必需性消费,-87801817
2022-09-02,医疗保健业,-102685003
2022-09-02,电讯业,-75510316
2022-09-02,公用事业,-9236035
2022-09-02,金融业,-283068657
2022-09-02,地产建筑业,-69169030
2022-09-02,资讯科技业,411147404
2022-09-02,综合企业,-21542037
2022-09-02,其他,0
2022-09-05,能源业,684328281
2022-09-05,原材料业,2530989
2022-09-05,工业,166069475
2022-09-05,非必需性消费,354623978
2022-09-05,必需性消费,-59525176
2022-09-05,医疗保健业,-67027799
2022-09-05,电讯业,138708910
2022-09-05,公用事业,126984678
2022-09-05,金融业,64635989
2022-09-05,地产建筑业,189040470
2022-09-05,资讯科技业,322905050
2022-09-05,综合企业,31150894
2022-09-05,其他,0
2022-09-06,能源业,308207635
2022-09-06,原材料业,74167925
2022-09-06,工业,152868001
2022-09-06,非必需性消费,389517684
2022-09-06,必需性消费,53190654
2022-09-06,医疗保健业,-62303926
2022-09-06,电讯业,39853694
2022-09-06,公用事业,98702037
2022-09-06,金融业,-34189057
2022-09-06,地产建筑业,397871014
2022-09-06,资讯科技业,192348002
2022-09-06,综合企业,171499
2022-09-06,其他,0
2022-09-07,能源业,-13789361
2022-09-07,原材料业,84076534
2022-09-07,工业,31079531
2022-09-07,非必需性消费,535881768
2022-09-07,必需性消费,9345087
2022-09-07,医疗保健业,136689291
2022-09-07,电讯业,-31594616
2022-09-07,公用事业,65610188
2022-09-07,金融业,45902901
2022-09-07,地产建筑业,214691255
2022-09-07,资讯科技业,507755264
2022-09-07,综合企业,-8156655
2022-09-07,其他,0
2022-09-08,能源业,183404695
2022-09-08,原材料业,21764309
2022-09-08,工业,62408945
2022-09-08,非必需性消费,-32101969
2022-09-08,必需性消费,-91666029
2022-09-08,医疗保健业,-15902485
2022-09-08,电讯业,-33384104
2022-09-08,公用事业,224794014
2022-09-08,金融业,-138587891
2022-09-08,地产建筑业,-66370721
2022-09-08,资讯科技业,114849736
2022-09-08,综合企业,-63027116
2022-09-08,其他,0
2022-09-09,能源业,201474478
2022-09-09,原材料业,107135501
2022-09-09,工业,63129172
2022-09-09,非必需性消费,538200623
2022-09-09,必需性消费,69798849
2022-09-09,医疗保健业,168110661
2022-09-09,电讯业,68044364
2022-09-09,公用事业,-35460303
2022-09-09,金融业,-285999672
2022-09-09,地产建筑业,528806931
2022-09-09,资讯科技业,458166431
2022-09-09,综合企业,13835226
2022-09-09,其他,0
2022-09-13,能源业,148897212
2022-09-13,原材料业,-71485955
2022-09-13,工业,15012344
2022-09-13,非必需性消费,77239431
2022-09-13,必需性消费,72746500
2022-09-13,医疗保健业,96969597
2022-09-13,电讯业,-60423658
2022-09-13,公用事业,-96387120
2022-09-13,金融业,-319561922
2022-09-13,地产建筑业,349062266
2022-09-13,资讯科技业,-34161990
2022-09-13,综合企业,13676173
2022-09-13,其他,0
2022-09-14,能源业,210135135
2022-09-14,原材料业,13901163
2022-09-14,工业,161579165
2022-09-14,非必需性消费,525201813
2022-09-14,必需性消费,-49995515
2022-09-14,医疗保健业,299886372
2022-09-14,电讯业,-36792992
2022-09-14,公用事业,-17934159
2022-09-14,金融业,384900015
2022-09-14,地产建筑业,136132105
2022-09-14,资讯科技业,329748183
2022-09-14,综合企业,76297441
2022-09-14,其他,0
2022-09-15,能源业,-11785572
2022-09-15,原材料业,33959425
2022-09-15,工业,-70559733
2022-09-15,非必需性消费,200259282
2022-09-15,必需性消费,-11099216
2022-09-15,医疗保健业,132249205
2022-09-15,电讯业,18756576
2022-09-15,公用事业,-102542997
2022-09-15,金融业,270652259
2022-09-15,地产建筑业,443523398
2022-09-15,资讯科技业,152856489
2022-09-15,综合企业,40327092
2022-09-15,其他,0
2022-09-16,能源业,-264632414
2022-09-16,原材料业,562194
2022-09-16,工业,-29822306
2022-09-16,非必需性消费,-286430999
2022-09-16,必需性消费,95501965
2022-09-16,医疗保健业,6618205
2022-09-16,电讯业,-9054618
2022-09-16,公用事业,-89492921
2022-09-16,金融业,-82052494
2022-09-16,地产建筑业,292690820
2022-09-16,资讯科技业,47589146
2022-09-16,综合企业,21698773
2022-09-16,其他,0
2022-09-19,能源业,-125138934
2022-09-19,原材料业,-2934375
2022-09-19,工业,28719636
2022-09-19,非必需性消费,258239729
2022-09-19,必需性消费,-18651317
2022-09-19,医疗保健业,217222984
2022-09-19,电讯业,-49131484
2022-09-19,公用事业,39452328
2022-09-19,金融业,59878681
2022-09-19,地产建筑业,62032313
2022-09-19,资讯科技业,46963451
2022-09-19,综合企业,-3136569
2022-09-19,其他,0
2022-09-20,能源业,66401662
2022-09-20,原材料业,113511862
2022-09-20,工业,283501354
2022-09-20,非必需性消费,587287552
2022-09-20,必需性消费,18566372
2022-09-20,医疗保健业,308902354
2022-09-20,电讯业,-65326125
2022-09-20,公用事业,-104596424
2022-09-20,金融业,487736876
2022-09-20,地产建筑业,178243474
2022-09-20,资讯科技业,77533414
2022-09-20,综合企业,64894153
2022-09-20,其他,0
2022-09-21,能源业,276508751
2022-09-21,原材料业,-35671528
2022-09-21,工业,191514003
2022-09-21,非必需性消费,82492788
2022-09-21,必需性消费,-44034962
2022-09-21,医疗保健业,84007962
2022-09-21,电讯业,-67062640
2022-09-21,公用事业,-58314323
2022-09-21,金融业,41518119
2022-09-21,地产建筑业,91545108
2022-09-21,资讯科技业,191295699
2022-09-21,综合企业,36518440
2022-09-21,其他,0
2022-09-22,能源业,319188470
2022-09-22,原材料业,14484504
2022-09-22,工业,-33318633
2022-09-22,非必需性消费,501256044
2022-09-22,必需性消费,30980943
2022-09-22,医疗保健业,138469144
2022-09-22,电讯业,-48996433
2022-09-22,公用事业,-71262180
2022-09-22,金融业,105010712
2022-09-22,地产建筑业,218256219
2022-09-22,资讯科技业,122564170
2022-09-22,综合企业,136093
2022-09-22,其他,0
2022-09-23,能源业,-372866944
2022-09-23,原材料业,-60928986
2022-09-23,工业,199392259
2022-09-23,非必需性消费,155757382
2022-09-23,必需性消费,-47345476
2022-09-23,医疗保健业,23000699
2022-09-23,电讯业,382687205
2022-09-23,公用事业,-95778493
2022-09-23,金融业,6242245
2022-09-23,地产建筑业,76033935
2022-09-23,资讯科技业,195125705
2022-09-23,综合企业,10189598
2022-09-23,其他,0
2022-09-26,能源业,-196330611
2022-09-26,原材料业,6736637
2022-09-26,工业,195847567
2022-09-26,非必需性消费,201137494
2022-09-26,必需性消费,24039994
2022-09-26,医疗保健业,45146853
2022-09-26,电讯业,-127498092
2022-09-26,公用事业,-109506593
2022-09-26,金融业,192807227
2022-09-26,地产建筑业,54579198
2022-09-26,资讯科技业,2015088
2022-09-26,综合企业,-7063316
2022-09-26,其他,0
2022-09-27,能源业,114842514
2022-09-27,原材料业,85200621
2022-09-27,工业,141378343
2022-09-27,非必需性消费,373380019
2022-09-27,必需性消费,147256711
2022-09-27,医疗保健业,378091108
2022-09-27,电讯业,-122673539
2022-09-27,公用事业,36780555
2022-09-27,金融业,139640480
2022-09-27,地产建筑业,79394798
2022-09-27,资讯科技业,577064750
2022-09-27,综合企业,3026488
2022-09-27,其他,0
2022-09-28,能源业,-224021579
2022-09-28,原材料业,-75723378
2022-09-28,工业,59096820
2022-09-28,非必需性消费,-754694119
2022-09-28,必需性消费,-215883808
2022-09-28,医疗保健业,72591719
2022-09-28,电讯业,-183729189
2022-09-28,公用事业,55757139
2022-09-28,金融业,-342071635
2022-09-28,地产建筑业,-177042635
2022-09-28,资讯科技业,51386788
2022-09-28,综合企业,9211290
2022-09-28,其他,0
2022-09-29,能源业,-139542549
2022-09-29,原材料业,-68485565
2022-09-29,工业,-111320787
2022-09-29,非必需性消费,-361132028
2022-09-29,必需性消费,-24955362
2022-09-29,医疗保健业,18759185
2022-09-29,电讯业,-24390157
2022-09-29,公用事业,-117942801
2022-09-29,金融业,-140488282
2022-09-29,地产建筑业,-180948048
2022-09-29,资讯科技业,-41863324
2022-09-29,综合企业,19571446
2022-09-29,其他,0
2022-09-30,能源业,108412861
2022-09-30,原材料业,21674596
2022-09-30,工业,100025484
2022-09-30,非必需性消费,-95539028
2022-09-30,必需性消费,17611832
2022-09-30,医疗保健业,89048275
2022-09-30,电讯业,-30037606
2022-09-30,公用事业,-8158602
2022-09-30,金融业,-23309715
2022-09-30,地产建筑业,8147187
2022-09-30,资讯科技业,170856767
2022-09-30,综合企业,1621349
2022-09-30,其他,0
2022-10-10,能源业,-138679596
2022-10-10,原材料业,-34988800
2022-10-10,工业,-10094325
2022-10-10,非必需性消费,172210680
2022-10-10,必需性消费,-22224630
2022-10-10,医疗保健业,48997630
2022-10-10,电讯业,149515593
2022-10-10,公用事业,24286310
2022-10-10,金融业,-142285444
2022-10-10,地产建筑业,-85437500
2022-10-10,资讯科技业,83808997
2022-10-10,综合企业,-25801320
2022-10-10,其他,0
2022-10-11,能源业,-167436193
2022-10-11,原材料业,54328785
2022-10-11,工业,-25366029
2022-10-11,非必需性消费,328953551
2022-10-11,必需性消费,-41183590
2022-10-11,医疗保健业,130912292
2022-10-11,电讯业,-67124604
2022-10-11,公用事业,117132919
2022-10-11,金融业,-83258668
2022-10-11,地产建筑业,102321673
2022-10-11,资讯科技业,131563372
2022-10-11,综合企业,-7788246
2022-10-11,其他,0
2022-10-12,能源业,-192171331
2022-10-12,原材料业,39543650
2022-10-12,工业,11650338
2022-10-12,非必需性消费,845918928
2022-10-12,必需性消费,-170575680
2022-10-12,医疗保健业,124587450
2022-10-12,电讯业,123808654
2022-10-12,公用事业,89161481
2022-10-12,金融业,441676969
2022-10-12,地产建筑业,296731476
2022-10-12,资讯科技业,798915463
2022-10-12,综合企业,9706203
2022-10-12,其他,0
2022-10-13,能源业,-73675057
2022-10-13,原材料业,39251916
2022-10-13,工业,51820887
2022-10-13,非必需性消费,100885232
2022-10-13,必需性消费,-8293086
2022-10-13,医疗保健业,148245555
2022-10-13,电讯业,-5996385
2022-10-13,公用事业,79118012
2022-10-13,金融业,4811178
2022-10-13,地产建筑业,152533814
2022-10-13,资讯科技业,340429401
2022-10-13,综合企业,-3315864
2022-10-13,其他,0
2022-10-14,能源业,6184580
2022-10-14,原材料业,40834516
2022-10-14,工业,208437162
2022-10-14,非必需性消费,144371045
2022-10-14,必需性消费,-54785685
2022-10-14,医疗保健业,676273618
2022-10-14,电讯业,32885982
2022-10-14,公用事业,-5752771
2022-10-14,金融业,-321568296
2022-10-14,地产建筑业,145658648
2022-10-14,资讯科技业,616957643
2022-10-14,综合企业,-22521198
2022-10-14,其他,0
2022-10-17,能源业,62454094
2022-10-17,原材料业,64695920
2022-10-17,工业,245201502
2022-10-17,非必需性消费,617029269
2022-10-17,必需性消费,15132151
2022-10-17,医疗保健业,303873617
2022-10-17,电讯业,21316125
2022-10-17,公用事业,35956376
2022-10-17,金融业,147019351
2022-10-17,地产建筑业,280165657
2022-10-17,资讯科技业,692130607
2022-10-17,综合企业,16125647
2022-10-17,其他,0
2022-10-18,能源业,45573671
2022-10-18,原材料业,21800979
2022-10-18,工业,131993874
2022-10-18,非必需性消费,886286407
2022-10-18,必需性消费,60460534
2022-10-18,医疗保健业,558131154
2022-10-18,电讯业,-9377556
2022-10-18,公用事业,86639961
2022-10-18,金融业,497514082
2022-10-18,地产建筑业,154069682
2022-10-18,资讯科技业,487061429
2022-10-18,综合企业,28617345
2022-10-18,其他,0
2022-10-19,能源业,-53868972
2022-10-19,原材料业,-29694437
2022-10-19,工业,35901348
2022-10-19,非必需性消费,260616864
2022-10-19,必需性消费,-2371425
2022-10-19,医疗保健业,-100316671
2022-10-19,电讯业,-22615058
2022-10-19,公用事业,-5179277
2022-10-19,金融业,-75458646
2022-10-19,地产建筑业,5647325
2022-10-19,资讯科技业,238918745
2022-10-19,综合企业,38262240
2022-10-19,其他,0
2022-10-20,能源业,63543695
2022-10-20,原材料业,15952589
2022-10-20,工业,154490236
2022-10-20,非必需性消费,793021503
2022-10-20,必需性消费,115372843
2022-10-20,医疗保健业,635825391
2022-10-20,电讯业,47174112
2022-10-20,公用事业,-16825623
2022-10-20,金融业,75318146
2022-10-20,地产建筑业,141683082
2022-10-20,资讯科技业,936661693
2022-10-20,综合企业,3042617
2022-10-20,其他,0
2022-10-21,能源业,88490447
2022-10-21,原材料业,54528471
2022-10-21,工业,128891349
2022-10-21,非必需性消费,461076409
2022-10-21,必需性消费,31168159
2022-10-21,医疗保健业,416102024
2022-10-21,电讯业,33478619
2022-10-21,公用事业,-103501582
2022-10-21,金融业,-170309591
2022-10-21,地产建筑业,52837603
2022-10-21,资讯科技业,950566630
2022-10-21,综合企业,41505113
2022-10-21,其他,0
2022-10-24,能源业,-242705395
2022-10-24,原材料业,-83987947
2022-10-24,工业,-121994473
2022-10-24,非必需性消费,242125806
2022-10-24,必需性消费,-87594895
2022-10-24,医疗保健业,-165908551
2022-10-24,电讯业,-257102467
2022-10-24,公用事业,-88719056
2022-10-24,金融业,55109179
2022-10-24,地产建筑业,-60484821
2022-10-24,资讯科技业,500732178
2022-10-24,综合企业,-34220071
2022-10-24,其他,0
2022-10-25,能源业,29923107
2022-10-25,原材料业,36864374
2022-10-25,工业,91985446
2022-10-25,非必需性消费,297883553
2022-10-25,必需性消费,-92456409
2022-10-25,医疗保健业,380182468
2022-10-25,电讯业,83858553
2022-10-25,公用事业,372740
2022-10-25,金融业,199537222
2022-10-25,地产建筑业,645276
2022-10-25,资讯科技业,534681653
2022-10-25,综合企业,38207049
2022-10-25,其他,0
2022-10-26,能源业,-54410824
2022-10-26,原材料业,73065089
2022-10-26,工业,-57227204
2022-10-26,非必需性消费,296728600
2022-10-26,必需性消费,-175670874
2022-10-26,医疗保健业,513534707
2022-10-26,电讯业,7344774
2022-10-26,公用事业,66711603
2022-10-26,金融业,117189595
2022-10-26,地产建筑业,-346126985
2022-10-26,资讯科技业,560423912
2022-10-26,综合企业,21205304
2022-10-26,其他,0
2022-10-27,能源业,-88911371
2022-10-27,原材料业,17840808
2022-10-27,工业,-30394336
2022-10-27,非必需性消费,-43667961
2022-10-27,必需性消费,-223208798
2022-10-27,医疗保健业,-50738412
2022-10-27,电讯业,101796531
2022-10-27,公用事业,-96643632
2022-10-27,金融业,56937151
2022-10-27,地产建筑业,-176969087
2022-10-27,资讯科技业,39808346
2022-10-27,综合企业,-22645544
2022-10-27,其他,0
2022-10-28,能源业,-400370795
2022-10-28,原材料业,-72748540
2022-10-28,工业,-9941724
2022-10-28,非必需性消费,213726910
2022-10-28,必需性消费,-122666787
2022-10-28,医疗保健业,146456817
2022-10-28,电讯业,-78141503
2022-10-28,公用事业,-119858382
2022-10-28,金融业,180320935
2022-10-28,地产建筑业,-92662558
2022-10-28,资讯科技业,426921209
2022-10-28,综合企业,-44467311
2022-10-28,其他,0
2022-10-31,能源业,14872457
2022-10-31,原材料业,20604822
2022-10-31,工业,81646926
2022-10-31,非必需性消费,512516523
2022-10-31,必需性消费,-25724582
2022-10-31,医疗保健业,138252559
2022-10-31,电讯业,-100365458
2022-10-31,公用事业,-56620277
2022-10-31,金融业,-93305506
2022-10-31,地产建筑业,162883142
2022-10-31,资讯科技业,150282765
2022-10-31,综合企业,15472545
2022-10-31,其他,0
2022-11-01,能源业,-159991813
2022-11-01,原材料业,135078006
2022-11-01,工业,245198933
2022-11-01,非必需性消费,642579722
2022-11-01,必需性消费,156103287
2022-11-01,医疗保健业,630818836
2022-11-01,电讯业,12457823
2022-11-01,公用事业,147088235
2022-11-01,金融业,503523304
2022-11-01,地产建筑业,365706693
2022-11-01,资讯科技业,686996743
2022-11-01,综合企业,23549229
2022-11-01,其他,0
2022-11-02,能源业,45167930
2022-11-02,原材料业,81244467
2022-11-02,工业,125705283
2022-11-02,非必需性消费,607982728
2022-11-02,必需性消费,180394897
2022-11-02,医疗保健业,829167492
2022-11-02,电讯业,37261861
2022-11-02,公用事业,-448200
2022-11-02,金融业,21713839
2022-11-02,地产建筑业,297791045
2022-11-02,资讯科技业,492705841
2022-11-02,综合企业,32473746
2022-11-02,其他,0
2022-11-03,能源业,-10599222
2022-11-03,原材料业,49257212
2022-11-03,工业,70169823
2022-11-03,非必需性消费,300043282
2022-11-03,必需性消费,11101124
2022-11-03,医疗保健业,410341487
2022-11-03,电讯业,-54064665
2022-11-03,公用事业,145219750
2022-11-03,金融业,50286165
2022-11-03,地产建筑业,-46991488
2022-11-03,资讯科技业,124269067
2022-11-03,综合企业,-14925098
2022-11-03,其他,0
2022-11-04,能源业,75625212
2022-11-04,原材料业,107500958
2022-11-04,工业,164058483
2022-11-04,非必需性消费,1099696294
2022-11-04,必需性消费,46545286
2022-11-04,医疗保健业,461115041
2022-11-04,电讯业,-48004521
2022-11-04,公用事业,831746
2022-11-04,金融业,-449776230
2022-11-04,地产建筑业,250748738
2022-11-04,资讯科技业,257295656
2022-11-04,综合企业,-6671672
2022-11-04,其他,0
2022-11-07,能源业,231802920
2022-11-07,原材料业,161574704
2022-11-07,工业,174613349
2022-11-07,非必需性消费,639034736
2022-11-07,必需性消费,5872403
2022-11-07,医疗保健业,418244529
2022-11-07,电讯业,-123945080
2022-11-07,公用事业,85983783
2022-11-07,金融业,298817639
2022-11-07,地产建筑业,332385200
2022-11-07,资讯科技业,624441263
2022-11-07,综合企业,44861313
2022-11-07,其他,0
2022-11-08,能源业,-247438836
2022-11-08,原材料业,60732939
2022-11-08,工业,71736689
2022-11-08,非必需性消费,280015221
2022-11-08,必需性消费,-84056139
2022-11-08,医疗保健业,27244278
2022-11-08,电讯业,-117798003
2022-11-08,公用事业,-128234977
2022-11-08,金融业,-104292389
2022-11-08,地产建筑业,178407936
2022-11-08,资讯科技业,24249522
2022-11-08,综合企业,9562515
2022-11-08,其他,0
2022-11-09,能源业,-96144375
2022-11-09,原材料业,137576835
2022-11-09,工业,74673181
2022-11-09,非必需性消费,-437225143
2022-11-09,必需性消费,-52607129
2022-11-09,医疗保健业,82903000
2022-11-09,电讯业,-69380148
2022-11-09,公用事业,-41674964
2022-11-09,金融业,59393837
2022-11-09,地产建筑业,276062112
2022-11-09,资讯科技业,158273750
2022-11-09,综合企业,-13545698
2022-11-09,其他,0
2022-11-10,能源业,226403983
2022-11-10,原材料业,13575386
2022-11-10,工业,-5126390
2022-11-10,非必需性消费,390358147
2022-11-10,必需性消费,54801947
2022-11-10,医疗保健业,-5455459
2022-11-10,电讯业,30554951
2022-11-10,公用事业,89864
2022-11-10,金融业,241239648
2022-11-10,地产建筑业,213366287
2022-11-10,资讯科技业,172613461
2022-11-10,综合企业,1195651
2022-11-10,其他,0
2022-11-11,能源业,-109257130
2022-11-11,原材料业,177042173
2022-11-11,工业,83194639
2022-11-11,非必需性消费,938508634
2022-11-11,必需性消费,171788349
2022-11-11,医疗保健业,96163507
2022-11-11,电讯业,-125818839
2022-11-11,公用事业,6971928
2022-11-11,金融业,99850409
2022-11-11,地产建筑业,922044451
2022-11-11,资讯科技业,187064930
2022-11-11,综合企业,10916971
2022-11-11,其他,0
2022-11-14,能源业,-347361231
2022-11-14,原材料业,30045934
2022-11-14,工业,-96348529
2022-11-14,非必需性消费,-193005340
2022-11-14,必需性消费,-101576353
2022-11-14,医疗保健业,903662144
2022-11-14,电讯业,-1704779
2022-11-14,公用事业,6114100
2022-11-14,金融业,-488183617
2022-11-14,地产建筑业,37953829
2022-11-14,资讯科技业,-287254243
2022-11-14,综合企业,-48680295
2022-11-14,其他,0
2022-11-15,能源业,-164874745
2022-11-15,原材料业,177481387
2022-11-15,工业,209484585
2022-11-15,非必需性消费,874123721
2022-11-15,必需性消费,112378091
2022-11-15,医疗保健业,351162083
2022-11-15,电讯业,-49793073
2022-11-15,公用事业,64429564
2022-11-15,金融业,215426434
2022-11-15,地产建筑业,533702412
2022-11-15,资讯科技业,424936581
2022-11-15,综合企业,75240254
2022-11-15,其他,0
2022-11-16,能源业,-219076542
2022-11-16,原材料业,127944190
2022-11-16,工业,45069191
2022-11-16,非必需性消费,423488417
2022-11-16,必需性消费,166931306
2022-11-16,医疗保健业,338729705
2022-11-16,电讯业,-116019654
2022-11-16,公用事业,-59345096
2022-11-16,金融业,-505125715
2022-11-16,地产建筑业,-124027663
2022-11-16,资讯科技业,98609636
2022-11-16,综合企业,22004882
2022-11-16,其他,0
2022-11-17,能源业,-180889984
2022-11-17,原材料业,-52008909
2022-11-17,工业,72450502
2022-11-17,非必需性消费,29525766
2022-11-17,必需性消费,37810489
2022-11-17,医疗保健业,195515158
2022-11-17,电讯业,-28230071
2022-11-17,公用事业,21835453
2022-11-17,金融业,-179814880
2022-11-17,地产建筑业,270818338
2022-11-17,资讯科技业,474028899
2022-11-17,综合企业,-14221643
2022-11-17,其他,0
2022-11-18,能源业,-205338047
2022-11-18,原材料业,-61143123
2022-11-18,工业,18212449
2022-11-18,非必需性消费,-184802842
2022-11-18,必需性消费,99405382
2022-11-18,医疗保健业,233385858
2022-11-18,电讯业,-59699679
2022-11-18,公用事业,-103863276
2022-11-18,金融业,-410966668
2022-11-18,地产建筑业,-144863708
2022-11-18,资讯科技业,-16630641
2022-11-18,综合企业,35512334
2022-11-18,其他,0
2022-11-21,能源业,-35797162
2022-11-21,原材料业,35212813
2022-11-21,工业,59449374
2022-11-21,非必需性消费,472396793
2022-11-21,必需性消费,-1726313
2022-11-21,医疗保健业,104201893
2022-11-21,电讯业,-28001709
2022-11-21,公用事业,43441085
2022-11-21,金融业,299000571
2022-11-21,地产建筑业,75444833
2022-11-21,资讯科技业,238498651
2022-11-21,综合企业,17835666
2022-11-21,其他,0
2022-11-22,能源业,-52580833
2022-11-22,原材料业,37646859
2022-11-22,工业,37316523
2022-11-22,非必需性消费,-274348897
2022-11-22,必需性消费,-62260774
2022-11-22,医疗保健业,-235922896
2022-11-22,电讯业,311037219
2022-11-22,公用事业,-17437051
2022-11-22,金融业,-19265053
2022-11-22,地产建筑业,-57007099
2022-11-22,资讯科技业,149911488
2022-11-22,综合企业,-86189
2022-11-22,其他,0
2022-11-23,能源业,24478026
2022-11-23,原材料业,53573033
2022-11-23,工业,139256775
2022-11-23,非必需性消费,78921793
2022-11-23,必需性消费,-47488811
2022-11-23,医疗保健业,-63606028
2022-11-23,电讯业,62651877
2022-11-23,公用事业,75009699
2022-11-23,金融业,227731510
2022-11-23,地产建筑业,347260096
2022-11-23,资讯科技业,219644819
2022-11-23,综合企业,5286111
2022-11-23,其他,0
2022-11-24,能源业,-59790794
2022-11-24,原材料业,75033112
2022-11-24,工业,-34009604
2022-11-24,非必需性消费,30346236
2022-11-24,必需性消费,57653042
2022-11-24,医疗保健业,58330431
2022-11-24,电讯业,-60424937
2022-11-24,公用事业,48657144
2022-11-24,金融业,110146484
2022-11-24,地产建筑业,801368082
2022-11-24,资讯科技业,169639201
2022-11-24,综合企业,2109755
2022-11-24,其他,0
2022-11-25,能源业,236909520
2022-11-25,原材料业,98609081
2022-11-25,工业,90113194
2022-11-25,非必需性消费,41111556
2022-11-25,必需性消费,21270061
2022-11-25,医疗保健业,-21618244
2022-11-25,电讯业,290087511
2022-11-25,公用事业,20318714
2022-11-25,金融业,452984214
2022-11-25,地产建筑业,709401419
2022-11-25,资讯科技业,-160682448
2022-11-25,综合企业,-9474165
2022-11-25,其他,0
2022-11-28,能源业,90040729
2022-11-28,原材料业,132042196
2022-11-28,工业,91017315
2022-11-28,非必需性消费,611910901
2022-11-28,必需性消费,67891885
2022-11-28,医疗保健业,345204806
2022-11-28,电讯业,85706804
2022-11-28,公用事业,114053319
2022-11-28,金融业,1175046258
2022-11-28,地产建筑业,387626538
2022-11-28,资讯科技业,507516205
2022-11-28,综合企业,22443162
2022-11-28,其他,0
2022-11-29,能源业,-25389694
2022-11-29,原材料业,127160214
2022-11-29,工业,205381606
2022-11-29,非必需性消费,787766892
2022-11-29,必需性消费,129712201
2022-11-29,医疗保健业,572933338
2022-11-29,电讯业,-50106175
2022-11-29,公用事业,-64819368
2022-11-29,金融业,463694448
2022-11-29,地产建筑业,521811956
2022-11-29,资讯科技业,477483924
2022-11-29,综合企业,-35157025
2022-11-29,其他,0
2022-11-30,能源业,241857219
2022-11-30,原材料业,212657665
2022-11-30,工业,332495124
2022-11-30,非必需性消费,1134705152
2022-11-30,必需性消费,315385840
2022-11-30,医疗保健业,323028664
2022-11-30,电讯业,543140445
2022-11-30,公用事业,120977694
2022-11-30,金融业,570702114
2022-11-30,地产建筑业,225170562
2022-11-30,资讯科技业,890241503
2022-11-30,综合企业,53425096
2022-11-30,其他,0
2022-12-01,能源业,-180340174
2022-12-01,原材料业,-111091071
2022-12-01,工业,22423144
2022-12-01,非必需性消费,-511668407
2022-12-01,必需性消费,34223993
2022-12-01,医疗保健业,-108112463
2022-12-01,电讯业,136370224
2022-12-01,公用事业,-149578355
2022-12-01,金融业,-223245569
2022-12-01,地产建筑业,-299805093
2022-12-01,资讯科技业,-635691153
2022-12-01,综合企业,5236240
2022-12-01,其他,0
2022-12-02,能源业,42212439
2022-12-02,原材料业,31682971
2022-12-02,工业,-18067068
2022-12-02,非必需性消费,410790371
2022-12-02,必需性消费,57067109
2022-12-02,医疗保健业,107826833
2022-12-02,电讯业,-12246973
2022-12-02,公用事业,-139611647
2022-12-02,金融业,-532755128
2022-12-02,地产建筑业,300125
2022-12-02,资讯科技业,-277169102
2022-12-02,综合企业,-15364177
2022-12-02,其他,0
2022-12-05,能源业,51418907
2022-12-05,原材料业,150659089
2022-12-05,工业,92662593
2022-12-05,非必需性消费,782385960
2022-12-05,必需性消费,136812868
2022-12-05,医疗保健业,762205230
2022-12-05,电讯业,548740862
2022-12-05,公用事业,46566019
2022-12-05,金融业,635199342
2022-12-05,地产建筑业,550377592
2022-12-05,资讯科技业,275765082
2022-12-05,综合企业,37673136
2022-12-05,其他,0
2022-12-06,能源业,197014123
2022-12-06,原材料业,-23784439
2022-12-06,工业,-63952888
2022-12-06,非必需性消费,616420601
2022-12-06,必需性消费,79413841
2022-12-06,医疗保健业,-48703641
2022-12-06,电讯业,95904309
2022-12-06,公用事业,31365707
2022-12-06,金融业,302228256
2022-12-06,地产建筑业,466302160
2022-12-06,资讯科技业,-388338768
2022-12-06,综合企业,14849611
2022-12-06,其他,0
2022-12-07,能源业,-45641482
2022-12-07,原材料业,-176319780
2022-12-07,工业,-148148111
2022-12-07,非必需性消费,614439029
2022-12-07,必需性消费,-84646822
2022-12-07,医疗保健业,167345768
2022-12-07,电讯业,-161142615
2022-12-07,公用事业,-94981741
2022-12-07,金融业,1577012523
2022-12-07,地产建筑业,-71230036
2022-12-07,资讯科技业,-632263778
2022-12-07,综合企业,-42247498
2022-12-07,其他,0
2022-12-08,能源业,-16832067
2022-12-08,原材料业,-11425118
2022-12-08,工业,94151117
2022-12-08,非必需性消费,999460475
2022-12-08,必需性消费,65776614
2022-12-08,医疗保健业,831438868
2022-12-08,电讯业,186933824
2022-12-08,公用事业,81225903
2022-12-08,金融业,526470564
2022-12-08,地产建筑业,730351173
2022-12-08,资讯科技业,842542048
2022-12-08,综合企业,12366824
2022-12-08,其他,0
2022-12-09,能源业,90232323
2022-12-09,原材料业,236879381
2022-12-09,工业,111027482
2022-12-09,非必需性消费,265199880
2022-12-09,必需性消费,6282753
2022-12-09,医疗保健业,581129896
2022-12-09,电讯业,-230463501
2022-12-09,公用事业,61835313
2022-12-09,金融业,-48899324
2022-12-09,地产建筑业,1399038814
2022-12-09,资讯科技业,317196841
2022-12-09,综合企业,35460870
2022-12-09,其他,0
2022-12-12,能源业,-43550624
2022-12-12,原材料业,-27116460
2022-12-12,工业,95322888
2022-12-12,非必需性消费,-278748668
2022-12-12,必需性消费,14662211
2022-12-12,医疗保健业,332987569
2022-12-12,电讯业,73608088
2022-12-12,公用事业,-26697255
2022-12-12,金融业,-536586411
2022-12-12,地产建筑业,233579480
2022-12-12,资讯科技业,-21171559
2022-12-12,综合企业,23107177
2022-12-12,其他,0
2022-12-13,能源业,149595866
2022-12-13,原材料业,24774810
2022-12-13,工业,50612730
2022-12-13,非必需性消费,429630850
2022-12-13,必需性消费,-35126388
2022-12-13,医疗保健业,-14025603
2022-12-13,电讯业,16544634
2022-12-13,公用事业,-7350258
2022-12-13,金融业,-230451
2022-12-13,地产建筑业,156026645
2022-12-13,资讯科技业,342129041
2022-12-13,综合企业,43127404
2022-12-13,其他,0
2022-12-14,能源业,84804346
2022-12-14,原材料业,50812302
2022-12-14,工业,-164368
2022-12-14,非必需性消费,116099419
2022-12-14,必需性消费,67555376
2022-12-14,医疗保健业,132984410
2022-12-14,电讯业,57037458
2022-12-14,公用事业,-40972682
2022-12-14,金融业,-251500504
2022-12-14,地产建筑业,-125007382
2022-12-14,资讯科技业,-80142465
2022-12-14,综合企业,36527650
2022-12-14,其他,0
2022-12-15,能源业,1031877
2022-12-15,原材料业,-50072132
2022-12-15,工业,54518393
2022-12-15,非必需性消费,89419929
2022-12-15,必需性消费,-49903253
2022-12-15,医疗保健业,-5701882
2022-12-15,电讯业,77203458
2022-12-15,公用事业,86293144
2022-12-15,金融业,-305571301
2022-12-15,地产建筑业,166754046
2022-12-15,资讯科技业,-100733933
2022-12-15,综合企业,11812
2022-12-15,其他,0
2022-12-16,能源业,-12021839
2022-12-16,原材料业,33566298
2022-12-16,工业,170382463
2022-12-16,非必需性消费,417934596
2022-12-16,必需性消费,-40934478
2022-12-16,医疗保健业,139038595
2022-12-16,电讯业,4257815
2022-12-16,公用事业,-692642
2022-12-16,金融业,64026919
2022-12-16,地产建筑业,406425007
2022-12-16,资讯科技业,134101760
2022-12-16,综合企业,918879
2022-12-16,其他,0
2022-12-19,能源业,-81778855
2022-12-19,原材料业,-92435612
2022-12-19,工业,-1653925
2022-12-19,非必需性消费,-115991792
2022-12-19,必需性消费,41906786
2022-12-19,医疗保健业,-343214538
2022-12-19,电讯业,-225953363
2022-12-19,公用事业,-32023486
2022-12-19,金融业,-338189392
2022-12-19,地产建筑业,-6849078
2022-12-19,资讯科技业,-286679232
2022-12-19,综合企业,-7144537
2022-12-19,其他,0
2022-12-20,能源业,-60501470
2022-12-20,原材料业,35288407
2022-12-20,工业,-65375
2022-12-20,非必需性消费,100065091
2022-12-20,必需性消费,-112133599
2022-12-20,医疗保健业,-136978495
2022-12-20,电讯业,-142384898
2022-12-20,公用事业,-32483433
2022-12-20,金融业,-193088583
2022-12-20,地产建筑业,56621956
2022-12-20,资讯科技业,-592505213
2022-12-20,综合企业,6386185
2022-12-20,其他,0
2022-12-21,能源业,-14392116
2022-12-21,原材料业,55537691
2022-12-21,工业,45686813
2022-12-21,非必需性消费,436821525
2022-12-21,必需性消费,38398074
2022-12-21,医疗保健业,-88345454
2022-12-21,电讯业,63271358
2022-12-21,公用事业,-15601659
2022-12-21,金融业,89468644
2022-12-21,地产建筑业,-101989328
2022-12-21,资讯科技业,52092700
2022-12-21,综合企业,-2207639
2022-12-21,其他,0
2022-12-22,能源业,-66485548
2022-12-22,原材料业,-88883407
2022-12-22,工业,24954921
2022-12-22,非必需性消费,820786127
2022-12-22,必需性消费,35187423
2022-12-22,医疗保健业,-8363483
2022-12-22,电讯业,44433982
2022-12-22,公用事业,11714444
2022-12-22,金融业,-227113083
2022-12-22,地产建筑业,35834520
2022-12-22,资讯科技业,160032290
2022-12-22,综合企业,-1307051
2022-12-22,其他,0
2022-12-23,能源业,27858740
2022-12-23,原材料业,-38285761
2022-12-23,工业,-98754333
2022-12-23,非必需性消费,184010193
2022-12-23,必需性消费,62782777
2022-12-23,医疗保健业,57898210
2022-12-23,电讯业,72055015
2022-12-23,公用事业,-35089150
2022-12-23,金融业,-21666604
2022-12-23,地产建筑业,136884416
2022-12-23,资讯科技业,-89815324
2022-12-23,综合企业,-20062113
2022-12-23,其他,0
2022-12-26,能源业,0
2022-12-26,原材料业,0
2022-12-26,工业,0
2022-12-26,非必需性消费,0
2022-12-26,必需性消费,0
2022-12-26,医疗保健业,0
2022-12-26,电讯业,0
2022-12-26,公用事业,0
2022-12-26,金融业,0
2022-12-26,地产建筑业,0
2022-12-26,资讯科技业,0
2022-12-26,综合企业,0
2022-12-26,其他,0
2022-12-27,能源业,0
2022-12-27,原材料业,0
2022-12-27,工业,0
2022-12-27,非必需性消费,0
2022-12-27,必需性消费,0
2022-12-27,医疗保健业,0
2022-12-27,电讯业,0
2022-12-27,公用事业,0
2022-12-27,金融业,0
2022-12-27,地产建筑业,0
2022-12-27,资讯科技业,0
2022-12-27,综合企业,0
2022-12-27,其他,0
2022-12-28,能源业,-58314075
2022-12-28,原材料业,36241467
2022-12-28,工业,52527249
2022-12-28,非必需性消费,798071706
2022-12-28,必需性消费,46387130
2022-12-28,医疗保健业,443008938
2022-12-28,电讯业,-194945859
2022-12-28,公用事业,335404748
2022-12-28,金融业,-86326819
2022-12-28,地产建筑业,-208572795
2022-12-28,资讯科技业,497056275
2022-12-28,综合企业,4805940
2022-12-28,其他,0
2022-12-29,能源业,29784207
2022-12-29,原材料业,24128509
2022-12-29,工业,-82681588
2022-12-29,非必需性消费,504579908
2022-12-29,必需性消费,-26421714
2022-12-29,医疗保健业,296656215
2022-12-29,电讯业,61768116
2022-12-29,公用事业,70902075
2022-12-29,金融业,43696368
2022-12-29,地产建筑业,213702129
2022-12-29,资讯科技业,297962640
2022-12-29,综合企业,-22229038
2022-12-29,其他,0
2022-12-30,能源业,50754208
2022-12-30,原材料业,-3149126
2022-12-30,工业,27944295
2022-12-30,非必需性消费,179834384
2022-12-30,必需性消费,60512341
2022-12-30,医疗保健业,-169183437
2022-12-30,电讯业,98261192
2022-12-30,公用事业,29194625
2022-12-30,金融业,289446589
2022-12-30,地产建筑业,311303835
2022-12-30,资讯科技业,-142190462
2022-12-30,综合企业,3229492
2022-12-30,其他,0
2023-01-03,能源业,28688275
2023-01-03,原材料业,124921961
2023-01-03,工业,58449491
2023-01-03,非必需性消费,800956763
2023-01-03,必需性消费,207813353
2023-01-03,医疗保健业,519585717
2023-01-03,电讯业,236105184
2023-01-03,公用事业,171209892
2023-01-03,金融业,485620790
2023-01-03,地产建筑业,291805899
2023-01-03,资讯科技业,39496214
2023-01-03,综合企业,5636929
2023-01-03,其他,0
2023-01-04,能源业,-135602187
2023-01-04,原材料业,73840752
2023-01-04,工业,138619891
2023-01-04,非必需性消费,454824836
2023-01-04,必需性消费,78962313
2023-01-04,医疗保健业,728353478
2023-01-04,电讯业,98247497
2023-01-04,公用事业,-38749968
2023-01-04,金融业,504788963
2023-01-04,地产建筑业,710792814
2023-01-04,资讯科技业,246098253
2023-01-04,综合企业,6158946
2023-01-04,其他,0
2023-01-05,能源业,127260581
2023-01-05,原材料业,1613916
2023-01-05,工业,-10422310
2023-01-05,非必需性消费,287431581
2023-01-05,必需性消费,100569566
2023-01-05,医疗保健业,-166358051
2023-01-05,电讯业,101890155
2023-01-05,公用事业,-28156300
2023-01-05,金融业,-623576976
2023-01-05,地产建筑业,94092695
2023-01-05,资讯科技业,-27090476
2023-01-05,综合企业,-13918341
2023-01-05,其他,0
2023-01-06,能源业,-12780941
2023-01-06,原材料业,19164308
2023-01-06,工业,-41734494
2023-01-06,非必需性消费,-75377012
2023-01-06,必需性消费,34051806
2023-01-06,医疗保健业,-228079447
2023-01-06,电讯业,6387781
2023-01-06,公用事业,55638796
2023-01-06,金融业,-80036227
2023-01-06,地产建筑业,72552239
2023-01-06,资讯科技业,-60456936
2023-01-06,综合企业,-43638571
2023-01-06,其他,0
2023-01-09,能源业,-176307608
2023-01-09,原材料业,176892890
2023-01-09,工业,80782689
2023-01-09,非必需性消费,725962906
2023-01-09,必需性消费,-615864
2023-01-09,医疗保健业,2109291
2023-01-09,电讯业,-8437913
2023-01-09,公用事业,-139846687
2023-01-09,金融业,-182424662
2023-01-09,地产建筑业,-223182911
2023-01-09,资讯科技业,515664366
2023-01-09,综合企业,1173593
2023-01-09,其他,0
2023-01-10,能源业,-36656416
2023-01-10,原材料业,45737674
2023-01-10,工业,-20689998
2023-01-10,非必需性消费,505896959
2023-01-10,必需性消费,-8235918
2023-01-10,医疗保健业,103269365
2023-01-10,电讯业,-95868178
2023-01-10,公用事业,1272882
2023-01-10,金融业,-910792779
2023-01-10,地产建筑业,-97157515
2023-01-10,资讯科技业,451346112
2023-01-10,综合企业,-32556298
2023-01-10,其他,0
2023-01-11,能源业,248187391
2023-01-11,原材料业,-31724493
2023-01-11,工业,-99627186
2023-01-11,非必需性消费,39096731
2023-01-11,必需性消费,-139174247
2023-01-11,医疗保健业,36366715
2023-01-11,电讯业,17110256
2023-01-11,公用事业,401308126
2023-01-11,金融业,-928440275
2023-01-11,地产建筑业,-114152855
2023-01-11,资讯科技业,-251541338
2023-01-11,综合企业,-11309754
2023-01-11,其他,0
2023-01-12,能源业,253093097
2023-01-12,原材料业,46877936
2023-01-12,工业,28299273
2023-01-12,非必需性消费,264013643
2023-01-12,必需性消费,-43098927
2023-01-12,医疗保健业,-293279079
2023-01-12,电讯业,86522240
2023-01-12,公用事业,-33907270
2023-01-12,金融业,-350859816
2023-01-12,地产建筑业,-206306476
2023-01-12,资讯科技业,-14107952
2023-01-12,综合企业,-9540955
2023-01-12,其他,0
2023-01-13,能源业,58362219
2023-01-13,原材料业,18857931
2023-01-13,工业,102163701
2023-01-13,非必需性消费,639739872
2023-01-13,必需性消费,60504663
2023-01-13,医疗保健业,981813705
2023-01-13,电讯业,82207639
2023-01-13,公用事业,-49166370
2023-01-13,金融业,141669581
2023-01-13,地产建筑业,53934266
2023-01-13,资讯科技业,526645949
2023-01-13,综合企业,-84775
2023-01-13,其他,0
2023-01-16,能源业,148667505
2023-01-16,原材料业,-53255325
2023-01-16,工业,90544307
2023-01-16,非必需性消费,-123874601
2023-01-16,必需性消费,5133137
2023-01-16,医疗保健业,204106902
2023-01-16,电讯业,-152076377
2023-01-16,公用事业,16288901
2023-01-16,金融业,118313058
2023-01-16,地产建筑业,-110329141
2023-01-16,资讯科技业,-232217464
2023-01-16,综合企业,38831534
2023-01-16,其他,0
2023-01-17,能源业,-30639354
2023-01-17,原材料业,3479514
2023-01-17,工业,98603295
2023-01-17,非必需性消费,-331624995
2023-01-17,必需性消费,-84165660
2023-01-17,医疗保健业,-438843025
2023-01-17,电讯业,-17886853
2023-01-17,公用事业,19105573
2023-01-17,金融业,-423110768
2023-01-17,地产建筑业,-89483786
2023-01-17,资讯科技业,-285138799
2023-01-17,综合企业,13089463
2023-01-17,其他,0
2023-01-18,能源业,292482194
2023-01-18,原材料业,95152126
2023-01-18,工业,72942918
2023-01-18,非必需性消费,934990953
2023-01-18,必需性消费,-104453738
2023-01-18,医疗保健业,230807010
2023-01-18,电讯业,-102686775
2023-01-18,公用事业,82762870
2023-01-18,金融业,6086078
2023-01-18,地产建筑业,-246652912
2023-01-18,资讯科技业,679917858
2023-01-18,综合企业,-10466561
2023-01-18,其他,0
2023-01-19,能源业,47991392
2023-01-19,原材料业,91254043
2023-01-19,工业,162728909
2023-01-19,非必需性消费,711310857
2023-01-19,必需性消费,32376573
2023-01-19,医疗保健业,96075211
2023-01-19,电讯业,5641977
2023-01-19,公用事业,7713282
2023-01-19,金融业,-107929580
2023-01-19,地产建筑业,167610916
2023-01-19,资讯科技业,119437618
2023-01-19,综合企业,-20517525
2023-01-19,其他,0
2023-01-20,能源业,380584897
2023-01-20,原材料业,193815499
2023-01-20,工业,142407948
2023-01-20,非必需性消费,630602843
2023-01-20,必需性消费,2445689
2023-01-20,医疗保健业,89406133
2023-01-20,电讯业,235626170
2023-01-20,公用事业,33522693
2023-01-20,金融业,537887355
2023-01-20,地产建筑业,196403723
2023-01-20,资讯科技业,323354044
2023-01-20,综合企业,24767415
2023-01-20,其他,0
2023-01-30,能源业,-99004275
2023-01-30,原材料业,-147241239
2023-01-30,工业,-123980552
2023-01-30,非必需性消费,-1033050026
2023-01-30,必需性消费,-149494875
2023-01-30,医疗保健业,-448688372
2023-01-30,电讯业,-137309759
2023-01-30,公用事业,-144117430
2023-01-30,金融业,-1277270699
2023-01-30,地产建筑业,-392897455
2023-01-30,资讯科技业,-207724220
2023-01-30,综合企业,-27513570
2023-01-30,其他,0
2023-01-31,能源业,-317408561
2023-01-31,原材料业,-35974061
2023-01-31,工业,-99825642
2023-01-31,非必需性消费,-75120262
2023-01-31,必需性消费,-201079554
2023-01-31,医疗保健业,-178155918
2023-01-31,电讯业,-193548135
2023-01-31,公用事业,-101516674
2023-01-31,金融业,-760310439
2023-01-31,地产建筑业,-315578564
2023-01-31,资讯科技业,287301645
2023-01-31,综合企业,3608152
2023-01-31,其他,0
2023-02-01,能源业,86320847
2023-02-01,原材料业,169319474
2023-02-01,工业,440414684
2023-02-01,非必需性消费,364078088
2023-02-01,必需性消费,-10239239
2023-02-01,医疗保健业,716462778
2023-02-01,电讯业,128772021
2023-02-01,公用事业,-73805675
2023-02-01,金融业,187902732
2023-02-01,地产建筑业,23887433
2023-02-01,资讯科技业,619750193
2023-02-01,综合企业,35682745
2023-02-01,其他,0
2023-02-02,能源业,-126391535
2023-02-02,原材料业,56816226
2023-02-02,工业,-152574996
2023-02-02,非必需性消费,-397627718
2023-02-02,必需性消费,39785071
2023-02-02,医疗保健业,280302042
2023-02-02,电讯业,174087623
2023-02-02,公用事业,-125356701
2023-02-02,金融业,-653980760
2023-02-02,地产建筑业,-307829405
2023-02-02,资讯科技业,-558127766
2023-02-02,综合企业,-15828907
2023-02-02,其他,0
2023-02-03,能源业,-291687199
2023-02-03,原材料业,-20616401
2023-02-03,工业,6901658
2023-02-03,非必需性消费,569525431
2023-02-03,必需性消费,-56211422
2023-02-03,医疗保健业,-155890357
2023-02-03,电讯业,6808262
2023-02-03,公用事业,-17196267
2023-02-03,金融业,-622776048
2023-02-03,地产建筑业,-74976729
2023-02-03,资讯科技业,367396180
2023-02-03,综合企业,-9241692
2023-02-03,其他,0
2023-02-06,能源业,-80893816
2023-02-06,原材料业,-47804027
2023-02-06,工业,-50335631
2023-02-06,非必需性消费,150735837
2023-02-06,必需性消费,-47430717
2023-02-06,医疗保健业,-262166845
2023-02-06,电讯业,94356266
2023-02-06,公用事业,17887146
2023-02-06,金融业,-467181191
2023-02-06,地产建筑业,-132883370
2023-02-06,资讯科技业,123845557
2023-02-06,综合企业,-14834589
2023-02-06,其他,0
2023-02-07,能源业,199967688
2023-02-07,原材料业,78631424
2023-02-07,工业,7811220
2023-02-07,非必需性消费,348121791
2023-02-07,必需性消费,-79396534
2023-02-07,医疗保健业,101357546
2023-02-07,电讯业,-76586093
2023-02-07,公用事业,-27281643
2023-02-07,金融业,-207986451
2023-02-07,地产建筑业,82742794
2023-02-07,资讯科技业,483153657
2023-02-07,综合企业,-17851702
2023-02-07,其他,0
2023-02-08,能源业,-30935511
2023-02-08,原材料业,9946757
2023-02-08,工业,-33804729
2023-02-08,非必需性消费,474669102
2023-02-08,必需性消费,13960882
2023-02-08,医疗保健业,147992887
2023-02-08,电讯业,-87027555
2023-02-08,公用事业,-87095417
2023-02-08,金融业,-432284269
2023-02-08,地产建筑业,-9784878
2023-02-08,资讯科技业,80072127
2023-02-08,综合企业,-11829362
2023-02-08,其他,0
2023-02-09,能源业,-147197523
2023-02-09,原材料业,119925333
2023-02-09,工业,178946894
2023-02-09,非必需性消费,1730670517
2023-02-09,必需性消费,115336513
2023-02-09,医疗保健业,243283927
2023-02-09,电讯业,69520791
2023-02-09,公用事业,26914471
2023-02-09,金融业,411055667
2023-02-09,地产建筑业,313440792
2023-02-09,资讯科技业,667558366
2023-02-09,综合企业,-7601501
2023-02-09,其他,0
2023-02-10,能源业,-87705131
2023-02-10,原材料业,11209725
2023-02-10,工业,716214
2023-02-10,非必需性消费,-10904286
2023-02-10,必需性消费,37700842
2023-02-10,医疗保健业,-38381915
2023-02-10,电讯业,120673825
2023-02-10,公用事业,72443194
2023-02-10,金融业,-466816860
2023-02-10,地产建筑业,180078496
2023-02-10,资讯科技业,-181577180
2023-02-10,综合企业,6104987
2023-02-10,其他,0
2023-02-13,能源业,101561397
2023-02-13,原材料业,68459412
2023-02-13,工业,139551041
2023-02-13,非必需性消费,436055610
2023-02-13,必需性消费,167336836
2023-02-13,医疗保健业,343803983
2023-02-13,电讯业,114458677
2023-02-13,公用事业,-69276808
2023-02-13,金融业,147132032
2023-02-13,地产建筑业,321810353
2023-02-13,资讯科技业,668783252
2023-02-13,综合企业,-824598
2023-02-13,其他,0
2023-02-14,能源业,22330663
2023-02-14,原材料业,111637013
2023-02-14,工业,66010490
2023-02-14,非必需性消费,124582974
2023-02-14,必需性消费,168394511
2023-02-14,医疗保健业,-113589010
2023-02-14,电讯业,83991955
2023-02-14,公用事业,50548553
2023-02-14,金融业,99576142
2023-02-14,地产建筑业,182618000
2023-02-14,资讯科技业,135639267
2023-02-14,综合企业,-2571321
2023-02-14,其他,0
2023-02-15,能源业,5933912
2023-02-15,原材料业,-94800077
2023-02-15,工业,-12707586
2023-02-15,非必需性消费,227563276
2023-02-15,必需性消费,-38936302
2023-02-15,医疗保健业,-162012144
2023-02-15,电讯业,136905773
2023-02-15,公用事业,-91646081
2023-02-15,金融业,-63094190
2023-02-15,地产建筑业,-149775645
2023-02-15,资讯科技业,265768520
2023-02-15,综合企业,22324597
2023-02-15,其他,0
2023-02-16,能源业,-66348843
2023-02-16,原材料业,-116416374
2023-02-16,工业,37953031
2023-02-16,非必需性消费,220248992
2023-02-16,必需性消费,-92257264
2023-02-16,医疗保健业,58615422
2023-02-16,电讯业,448475307
2023-02-16,公用事业,-67346453
2023-02-16,金融业,80086052
2023-02-16,地产建筑业,151825528
2023-02-16,资讯科技业,-141964024
2023-02-16,综合企业,-9522979
2023-02-16,其他,0
2023-02-17,能源业,46801683
2023-02-17,原材料业,-34004464
2023-02-17,工业,39478686
2023-02-17,非必需性消费,-385069769
2023-02-17,必需性消费,-32655279
2023-02-17,医疗保健业,133981499
2023-02-17,电讯业,-12299043
2023-02-17,公用事业,-143035585
2023-02-17,金融业,-74512895
2023-02-17,地产建筑业,-82829887
2023-02-17,资讯科技业,-274723894
2023-02-17,综合企业,-9387420
2023-02-17,其他,0
2023-02-20,能源业,198400201
2023-02-20,原材料业,146031385
2023-02-20,工业,114783567
2023-02-20,非必需性消费,451251877
2023-02-20,必需性消费,9471167
2023-02-20,医疗保健业,421648209
2023-02-20,电讯业,434722336
2023-02-20,公用事业,-33621770
2023-02-20,金融业,412605612
2023-02-20,地产建筑业,512780257
2023-02-20,资讯科技业,380303383
2023-02-20,综合企业,-8416929
2023-02-20,其他,0
2023-02-21,能源业,102479693
2023-02-21,原材料业,135297119
2023-02-21,工业,-158720022
2023-02-21,非必需性消费,96389304
2023-02-21,必需性消费,-11571539
2023-02-21,医疗保健业,-181644846
2023-02-21,电讯业,172599727
2023-02-21,公用事业,-43488175
2023-02-21,金融业,-46103389
2023-02-21,地产建筑业,160969914
2023-02-21,资讯科技业,9326748
2023-02-21,综合企业,10203214
2023-02-21,其他,0
2023-02-22,能源业,-20285137
2023-02-22,原材料业,32102073
2023-02-22,工业,39397019
2023-02-22,非必需性消费,733802139
2023-02-22,必需性消费,-92110272
2023-02-22,医疗保健业,115881683
2023-02-22,电讯业,-125636708
2023-02-22,公用事业,10646654
2023-02-22,金融业,-434401860
2023-02-22,地产建筑业,165548131
2023-02-22,资讯科技业,770977869
2023-02-22,综合企业,10734696
2023-02-22,其他,0
2023-02-23,能源业,41662339
2023-02-23,原材料业,7774080
2023-02-23,工业,-12864368
2023-02-23,非必需性消费,475385304
2023-02-23,必需性消费,-43011842
2023-02-23,医疗保健业,243437080
2023-02-23,电讯业,-120808495
2023-02-23,公用事业,67716267
2023-02-23,金融业,20510649
2023-02-23,地产建筑业,103741433
2023-02-23,资讯科技业,579440473
2023-02-23,综合企业,12233566
2023-02-23,其他,0
2023-02-24,能源业,-288154288
2023-02-24,原材料业,-22349879
2023-02-24,工业,2047814
2023-02-24,非必需性消费,32379705
2023-02-24,必需性消费,92878393
2023-02-24,医疗保健业,-30526761
2023-02-24,电讯业,-128633128
2023-02-24,公用事业,22369513
2023-02-24,金融业,142318583
2023-02-24,地产建筑业,-37846390
2023-02-24,资讯科技业,431147558
2023-02-24,综合企业,3913392
2023-02-24,其他,0
2023-02-27,能源业,-99544968
2023-02-27,原材料业,-52580290
2023-02-27,工业,-10919114
2023-02-27,非必需性消费,364018908
2023-02-27,必需性消费,76147908
2023-02-27,医疗保健业,71145540
2023-02-27,电讯业,-143938143
2023-02-27,公用事业,-38162141
2023-02-27,金融业,223991598
2023-02-27,地产建筑业,44098005
2023-02-27,资讯科技业,941196298
2023-02-27,综合企业,24968830
2023-02-27,其他,0
2023-02-28,能源业,-203059921
2023-02-28,原材料业,67054066
2023-02-28,工业,-66540288
2023-02-28,非必需性消费,413669174
2023-02-28,必需性消费,-61386348
2023-02-28,医疗保健业,374435318
2023-02-28,电讯业,345626084
2023-02-28,公用事业,51941057
2023-02-28,金融业,119888319
2023-02-28,地产建筑业,-240959111
2023-02-28,资讯科技业,471505477
2023-02-28,综合企业,230536
2023-02-28,其他,0
2023-03-01,能源业,89133561
2023-03-01,原材料业,148340539
2023-03-01,工业,177059673
2023-03-01,非必需性消费,1116777574
2023-03-01,必需性消费,69581610
2023-03-01,医疗保健业,637082499
2023-03-01,电讯业,183273445
2023-03-01,公用事业,171332120
2023-03-01,金融业,1295135176
2023-03-01,地产建筑业,395575512
2023-03-01,资讯科技业,1022396024
2023-03-01,综合企业,49686601
2023-03-01,其他,0
2023-03-02,能源业,-33782676
2023-03-02,原材料业,-71215812
2023-03-02,工业,111271163
2023-03-02,非必需性消费,841416501
2023-03-02,必需性消费,47661102
2023-03-02,医疗保健业,217437358
2023-03-02,电讯业,223738320
2023-03-02,公用事业,-26535973
2023-03-02,金融业,314538264
2023-03-02,地产建筑业,535195199
2023-03-02,资讯科技业,275785401
2023-03-02,综合企业,4115847
2023-03-02,其他,0
2023-03-03,能源业,390965484
2023-03-03,原材料业,79527390
2023-03-03,工业,152642897
2023-03-03,非必需性消费,680239555
2023-03-03,必需性消费,-17338291
2023-03-03,医疗保健业,337087650
2023-03-03,电讯业,27205351
2023-03-03,公用事业,131650581
2023-03-03,金融业,257702574
2023-03-03,地产建筑业,483522789
2023-03-03,资讯科技业,120941333
2023-03-03,综合企业,-13792838
2023-03-03,其他,0
2023-03-06,能源业,260897466
2023-03-06,原材料业,123852030
2023-03-06,工业,144791670
2023-03-06,非必需性消费,-173708564
2023-03-06,必需性消费,90302381
2023-03-06,医疗保健业,47045656
2023-03-06,电讯业,338280810
2023-03-06,公用事业,62199620
2023-03-06,金融业,505520993
2023-03-06,地产建筑业,292248490
2023-03-06,资讯科技业,47292933
2023-03-06,综合企业,6566391
2023-03-06,其他,0
2023-03-07,能源业,189098728
2023-03-07,原材料业,42421846
2023-03-07,工业,-174712595
2023-03-07,非必需性消费,-11983514
2023-03-07,必需性消费,91732113
2023-03-07,医疗保健业,-112764695
2023-03-07,电讯业,98977476
2023-03-07,公用事业,-43518959
2023-03-07,金融业,-478810334
2023-03-07,地产建筑业,70622398
2023-03-07,资讯科技业,-142812393
2023-03-07,综合企业,29798678
2023-03-07,其他,0
2023-03-08,能源业,77902327
2023-03-08,原材料业,120409975
2023-03-08,工业,-71311751
2023-03-08,非必需性消费,339868441
2023-03-08,必需性消费,56762654
2023-03-08,医疗保健业,-186962390
2023-03-08,电讯业,375472739
2023-03-08,公用事业,-1833790
2023-03-08,金融业,827908475
2023-03-08,地产建筑业,68502883
2023-03-08,资讯科技业,280666186
2023-03-08,综合企业,7374934
2023-03-08,其他,0
2023-03-09,能源业,-44637839
2023-03-09,原材料业,-132667647
2023-03-09,工业,129347290
2023-03-09,非必需性消费,54741908
2023-03-09,必需性消费,-176600430
2023-03-09,医疗保健业,-70642506
2023-03-09,电讯业,462554707
2023-03-09,公用事业,-64275095
2023-03-09,金融业,-276748691
2023-03-09,地产建筑业,-185813657
2023-03-09,资讯科技业,205175358
2023-03-09,综合企业,-27286117
2023-03-09,其他,0
2023-03-10,能源业,-358564470
2023-03-10,原材料业,-21777351
2023-03-10,工业,-135116539
2023-03-10,非必需性消费,684035056
2023-03-10,必需性消费,-50099657
2023-03-10,医疗保健业,-26839958
2023-03-10,电讯业,-156436339
2023-03-10,公用事业,14661038
2023-03-10,金融业,121199535
2023-03-10,地产建筑业,-26502130
2023-03-10,资讯科技业,-46838998
2023-03-10,综合企业,-5129147
2023-03-10,其他,0
2023-03-13,能源业,137019176
2023-03-13,原材料业,138757955
2023-03-13,工业,92454114
2023-03-13,非必需性消费,498454110
2023-03-13,必需性消费,-14917958
2023-03-13,医疗保健业,-126617880
2023-03-13,电讯业,437383881
2023-03-13,公用事业,63349405
2023-03-13,金融业,148783296
2023-03-13,地产建筑业,98913330
2023-03-13,资讯科技业,-28538343
2023-03-13,综合企业,23167333
2023-03-13,其他,0
2023-03-14,能源业,-478638917
2023-03-14,原材料业,-33650686
2023-03-14,工业,-172113193
2023-03-14,非必需性消费,310950275
2023-03-14,必需性消费,-58345304
2023-03-14,医疗保健业,232457891
2023-03-14,电讯业,-88667767
2023-03-14,公用事业,-82684384
2023-03-14,金融业,-203628299
2023-03-14,地产建筑业,-231826644
2023-03-14,资讯科技业,135986989
2023-03-14,综合企业,-11089385
2023-03-14,其他,0
2023-03-15,能源业,50424262
2023-03-15,原材料业,37486672
2023-03-15,工业,156372304
2023-03-15,非必需性消费,172717550
2023-03-15,必需性消费,-43780345
2023-03-15,医疗保健业,174044917
2023-03-15,电讯业,111650003
2023-03-15,公用事业,42657264
2023-03-15,金融业,-2376037
2023-03-15,地产建筑业,231516318
2023-03-15,资讯科技业,229647909
2023-03-15,综合企业,16094850
2023-03-15,其他,0
2023-03-16,能源业,164845194
2023-03-16,原材料业,-31528242
2023-03-16,工业,-9841038
2023-03-16,非必需性消费,124534189
2023-03-16,必需性消费,-14037456
2023-03-16,医疗保健业,182494545
2023-03-16,电讯业,-67433821
2023-03-16,公用事业,152906107
2023-03-16,金融业,446678558
2023-03-16,地产建筑业,63495537
2023-03-16,资讯科技业,327600428
2023-03-16,综合企业,28014795
2023-03-16,其他,0
2023-03-17,能源业,214898159
2023-03-17,原材料业,166754049
2023-03-17,工业,21976068
2023-03-17,非必需性消费,382751028
2023-03-17,必需性消费,-108640108
2023-03-17,医疗保健业,138139330
2023-03-17,电讯业,337238605
2023-03-17,公用事业,59867100
2023-03-17,金融业,100380168
2023-03-17,地产建筑业,112086232
2023-03-17,资讯科技业,881238174
2023-03-17,综合企业,2471985
2023-03-17,其他,0
2023-03-20,能源业,-128465965
2023-03-20,原材料业,58609881
2023-03-20,工业,139828183
2023-03-20,非必需性消费,173204215
2023-03-20,必需性消费,-31659585
2023-03-20,医疗保健业,71137891
2023-03-20,电讯业,-311968422
2023-03-20,公用事业,-6275041
2023-03-20,金融业,20692724
2023-03-20,地产建筑业,118655374
2023-03-20,资讯科技业,243779701
2023-03-20,综合企业,9108052
2023-03-20,其他,0
2023-03-21,能源业,33116068
2023-03-21,原材料业,91337086
2023-03-21,工业,128478516
2023-03-21,非必需性消费,880785394
2023-03-21,必需性消费,12645903
2023-03-21,医疗保健业,526204270
2023-03-21,电讯业,-75179254
2023-03-21,公用事业,-29867697
2023-03-21,金融业,214809565
2023-03-21,地产建筑业,-77179739
2023-03-21,资讯科技业,651754083
2023-03-21,综合企业,-3232686
2023-03-21,其他,0
2023-03-22,能源业,103831713
2023-03-22,原材料业,4931302
2023-03-22,工业,-187102164
2023-03-22,非必需性消费,-115785184
2023-03-22,必需性消费,-124961493
2023-03-22,医疗保健业,-144945704
2023-03-22,电讯业,148696210
2023-03-22,公用事业,78773272
2023-03-22,金融业,-449758815
2023-03-22,地产建筑业,101209104
2023-03-22,资讯科技业,42397363
2023-03-22,综合企业,8807192
2023-03-22,其他,0
2023-03-23,能源业,95497666
2023-03-23,原材料业,189392088
2023-03-23,工业,24043031
2023-03-23,非必需性消费,654169606
2023-03-23,必需性消费,-126561184
2023-03-23,医疗保健业,94009008
2023-03-23,电讯业,2416178
2023-03-23,公用事业,78375986
2023-03-23,金融业,-28606602
2023-03-23,地产建筑业,-20891093
2023-03-23,资讯科技业,936662086
2023-03-23,综合企业,-16994653
2023-03-23,其他,0
2023-03-24,能源业,65285780
2023-03-24,原材料业,118695085
2023-03-24,工业,-158846130
2023-03-24,非必需性消费,172702477
2023-03-24,必需性消费,16620385
2023-03-24,医疗保健业,58878911
2023-03-24,电讯业,-101400067
2023-03-24,公用事业,-61470472
2023-03-24,金融业,-340665220
2023-03-24,地产建筑业,-61197551
2023-03-24,资讯科技业,-123574904
2023-03-24,综合企业,-5517096
2023-03-24,其他,0
2023-03-27,能源业,213212467
2023-03-27,原材料业,-65372733
2023-03-27,工业,-38001292
2023-03-27,非必需性消费,195129398
2023-03-27,必需性消费,8936510
2023-03-27,医疗保健业,207937582
2023-03-27,电讯业,-124347939
2023-03-27,公用事业,42070565
2023-03-27,金融业,-309336194
2023-03-27,地产建筑业,-20392186
2023-03-27,资讯科技业,194517247
2023-03-27,综合企业,24459408
2023-03-27,其他,0
2023-03-28,能源业,-13160085
2023-03-28,原材料业,-91898163
2023-03-28,工业,5390271
2023-03-28,非必需性消费,487824713
2023-03-28,必需性消费,-109910210
2023-03-28,医疗保健业,-117777065
2023-03-28,电讯业,-87773023
2023-03-28,公用事业,22562190
2023-03-28,金融业,-16513976
2023-03-28,地产建筑业,116288269
2023-03-28,资讯科技业,377141012
2023-03-28,综合企业,29031172
2023-03-28,其他,0
2023-03-29,能源业,210672477
2023-03-29,原材料业,14722850
2023-03-29,工业,55539953
2023-03-29,非必需性消费,366418970
2023-03-29,必需性消费,-9636541
2023-03-29,医疗保健业,71914478
2023-03-29,电讯业,-33406671
2023-03-29,公用事业,8703746
2023-03-29,金融业,-104945
2023-03-29,地产建筑业,32717005
2023-03-29,资讯科技业,-49831374
2023-03-29,综合企业,-7426197
2023-03-29,其他,0
2023-03-30,能源业,228899936
2023-03-30,原材料业,115341860
2023-03-30,工业,106146774
2023-03-30,非必需性消费,217450811
2023-03-30,必需性消费,8383348
2023-03-30,医疗保健业,101611771
2023-03-30,电讯业,-149049625
2023-03-30,公用事业,-67858916
2023-03-30,金融业,-251461448
2023-03-30,地产建筑业,235545259
2023-03-30,资讯科技业,-515200229
2023-03-30,综合企业,14905810
2023-03-30,其他,0
2023-03-31,能源业,77301146
2023-03-31,原材料业,-39933800
2023-03-31,工业,-45352265
2023-03-31,非必需性消费,55708488
2023-03-31,必需性消费,41094018
2023-03-31,医疗保健业,-173953777
2023-03-31,电讯业,76106592
2023-03-31,公用事业,-1556367
2023-03-31,金融业,93735768
2023-03-31,地产建筑业,-57873436
2023-03-31,资讯科技业,-346610985
2023-03-31,综合企业,22645418
2023-03-31,其他,0
2023-04-03,能源业,103466399
2023-04-03,原材料业,-26386246
2023-04-03,工业,166554
2023-04-03,非必需性消费,471514138
2023-04-03,必需性消费,12501936
2023-04-03,医疗保健业,84418683
2023-04-03,电讯业,125451107
2023-04-03,公用事业,-19026304
2023-04-03,金融业,213907642
2023-04-03,地产建筑业,171896561
2023-04-03,资讯科技业,190852301
2023-04-03,综合企业,36633364
2023-04-03,其他,0
2023-04-04,能源业,174137481
2023-04-04,原材料业,37977089
2023-04-04,工业,22862017
2023-04-04,非必需性消费,181876416
2023-04-04,必需性消费,59717294
2023-04-04,医疗保健业,430747165
2023-04-04,电讯业,335963678
2023-04-04,公用事业,-5842394
2023-04-04,金融业,149789744
2023-04-04,地产建筑业,253541745
2023-04-04,资讯科技业,-280676748
2023-04-04,综合企业,26696573
2023-04-04,其他,0
2023-04-06,能源业,96465982
2023-04-06,原材料业,251927275
2023-04-06,工业,91496178
2023-04-06,非必需性消费,605649464
2023-04-06,必需性消费,77931616
2023-04-06,医疗保健业,503428318
2023-04-06,电讯业,109051192
2023-04-06,公用事业,-64893787
2023-04-06,金融业,63102619
2023-04-06,地产建筑业,75979781
2023-04-06,资讯科技业,305558583
2023-04-06,综合企业,33038990
2023-04-06,其他,0
2023-04-07,能源业,0
2023-04-07,原材料业,0
2023-04-07,工业,0
2023-04-07,非必需性消费,0
2023-04-07,必需性消费,0
2023-04-07,医疗保健业,0
2023-04-07,电讯业,0
2023-04-07,公用事业,0
2023-04-07,金融业,0
2023-04-07,地产建筑业,0
2023-04-07,资讯科技业,0
2023-04-07,综合企业,0
2023-04-07,其他,0
2023-04-10,能源业,0
2023-04-10,原材料业,0
2023-04-10,工业,0
2023-04-10,非必需性消费,0
2023-04-10,必需性消费,0
2023-04-10,医疗保健业,0
2023-04-10,电讯业,0
2023-04-10,公用事业,0
2023-04-10,金融业,0
2023-04-10,地产建筑业,0
2023-04-10,资讯科技业,0
2023-04-10,综合企业,0
2023-04-10,其他,0
2023-04-11,能源业,-1972719
2023-04-11,原材料业,326740609
2023-04-11,工业,109497560
2023-04-11,非必需性消费,259645562
2023-04-11,必需性消费,-13662609
2023-04-11,医疗保健业,621655499
2023-04-11,电讯业,-259701427
2023-04-11,公用事业,-104462389
2023-04-11,金融业,450417938
2023-04-11,地产建筑业,496315830
2023-04-11,资讯科技业,-267623523
2023-04-11,综合企业,10590711
2023-04-11,其他,0
2023-04-12,能源业,245084606
2023-04-12,原材料业,2086063
2023-04-12,工业,46563154
2023-04-12,非必需性消费,-108441409
2023-04-12,必需性消费,24495189
2023-04-12,医疗保健业,517248684
2023-04-12,电讯业,111788883
2023-04-12,公用事业,-6442886
2023-04-12,金融业,-88088261
2023-04-12,地产建筑业,122228891
2023-04-12,资讯科技业,387728246
2023-04-12,综合企业,25100191
2023-04-12,其他,0
2023-04-13,能源业,342267075
2023-04-13,原材料业,131437249
2023-04-13,工业,61035400
2023-04-13,非必需性消费,661025301
2023-04-13,必需性消费,23855956
2023-04-13,医疗保健业,772917824
2023-04-13,电讯业,-49965220
2023-04-13,公用事业,59434262
2023-04-13,金融业,170447010
2023-04-13,地产建筑业,240576555
2023-04-13,资讯科技业,209563433
2023-04-13,综合企业,28820578
2023-04-13,其他,0
2023-04-14,能源业,446128151
2023-04-14,原材料业,352955717
2023-04-14,工业,101836269
2023-04-14,非必需性消费,639020
2023-04-14,必需性消费,-100737520
2023-04-14,医疗保健业,191160273
2023-04-14,电讯业,173900643
2023-04-14,公用事业,-40539356
2023-04-14,金融业,265867927
2023-04-14,地产建筑业,313246650
2023-04-14,资讯科技业,456990337
2023-04-14,综合企业,18159640
2023-04-14,其他,0
2023-04-17,能源业,706770199
2023-04-17,原材料业,244039304
2023-04-17,工业,156186686
2023-04-17,非必需性消费,845609533
2023-04-17,必需性消费,100343014
2023-04-17,医疗保健业,140979336
2023-04-17,电讯业,245739074
2023-04-17,公用事业,82129208
2023-04-17,金融业,380128036
2023-04-17,地产建筑业,270165860
2023-04-17,资讯科技业,327805713
2023-04-17,综合企业,10729991
2023-04-17,其他,0
2023-04-18,能源业,84810690
2023-04-18,原材料业,93853084
2023-04-18,工业,29886740
2023-04-18,非必需性消费,440776848
2023-04-18,必需性消费,-6129109
2023-04-18,医疗保健业,271876779
2023-04-18,电讯业,12371011
2023-04-18,公用事业,53280560
2023-04-18,金融业,153675995
2023-04-18,地产建筑业,-15016144
2023-04-18,资讯科技业,215733213
2023-04-18,综合企业,15310536
2023-04-18,其他,0
2023-04-19,能源业,-58466658
2023-04-19,原材料业,109144734
2023-04-19,工业,165752202
2023-04-19,非必需性消费,-18368148
2023-04-19,必需性消费,-28915355
2023-04-19,医疗保健业,343308316
2023-04-19,电讯业,-109478892
2023-04-19,公用事业,-18670507
2023-04-19,金融业,-255217469
2023-04-19,地产建筑业,-222799063
2023-04-19,资讯科技业,210238922
2023-04-19,综合企业,17595044
2023-04-19,其他,0
2023-04-20,能源业,-218142437
2023-04-20,原材料业,-65513255
2023-04-20,工业,71598344
2023-04-20,非必需性消费,444167629
2023-04-20,必需性消费,-77414658
2023-04-20,医疗保健业,-62220372
2023-04-20,电讯业,-63656325
2023-04-20,公用事业,-37858515
2023-04-20,金融业,-234698400
2023-04-20,地产建筑业,-31360830
2023-04-20,资讯科技业,359647344
2023-04-20,综合企业,-5169724
2023-04-20,其他,0
2023-04-21,能源业,-229650348
2023-04-21,原材料业,-140302876
2023-04-21,工业,-8836216
2023-04-21,非必需性消费,237031259
2023-04-21,必需性消费,111730931
2023-04-21,医疗保健业,31536841
2023-04-21,电讯业,-123090516
2023-04-21,公用事业,-30124474
2023-04-21,金融业,-685039217
2023-04-21,地产建筑业,-1735002
2023-04-21,资讯科技业,-505750211
2023-04-21,综合企业,1791305
2023-04-21,其他,0
2023-04-24,能源业,-223328915
2023-04-24,原材料业,-166603125
2023-04-24,工业,54556809
2023-04-24,非必需性消费,-56832546
2023-04-24,必需性消费,-20980925
2023-04-24,医疗保健业,175471651
2023-04-24,电讯业,627632
2023-04-24,公用事业,146741834
2023-04-24,金融业,-70999256
2023-04-24,地产建筑业,-130739763
2023-04-24,资讯科技业,421576982
2023-04-24,综合企业,21036776
2023-04-24,其他,0
2023-04-25,能源业,58708788
2023-04-25,原材料业,-81895058
2023-04-25,工业,-146646680
2023-04-25,非必需性消费,173566501
2023-04-25,必需性消费,-34112440
2023-04-25,医疗保健业,-48185683
2023-04-25,电讯业,-31478205
2023-04-25,公用事业,-14617170
2023-04-25,金融业,-81234756
2023-04-25,地产建筑业,-108767541
2023-04-25,资讯科技业,117576332
2023-04-25,综合企业,-23977566
2023-04-25,其他,0
2023-04-26,能源业,90216136
2023-04-26,原材料业,-8354041
2023-04-26,工业,35263706
2023-04-26,非必需性消费,564314024
2023-04-26,必需性消费,-29440922
2023-04-26,医疗保健业,295834707
2023-04-26,电讯业,-105988634
2023-04-26,公用事业,143466887
2023-04-26,金融业,215666736
2023-04-26,地产建筑业,12531311
2023-04-26,资讯科技业,868127001
2023-04-26,综合企业,24757617
2023-04-26,其他,0
2023-04-27,能源业,149904702
2023-04-27,原材料业,54823956
2023-04-27,工业,46912568
2023-04-27,非必需性消费,777409331
2023-04-27,必需性消费,-21150720
2023-04-27,医疗保健业,157900409
2023-04-27,电讯业,41106951
2023-04-27,公用事业,112427978
2023-04-27,金融业,261495783
2023-04-27,地产建筑业,-25123865
2023-04-27,资讯科技业,374691363
2023-04-27,综合企业,61696641
2023-04-27,其他,0
2023-04-28,能源业,174422651
2023-04-28,原材料业,-33395472
2023-04-28,工业,148003562
2023-04-28,非必需性消费,459636346
2023-04-28,必需性消费,23942974
2023-04-28,医疗保健业,77519423
2023-04-28,电讯业,1287840
2023-04-28,公用事业,47134285
2023-04-28,金融业,-134605213
2023-04-28,地产建筑业,11723565
2023-04-28,资讯科技业,248360618
2023-04-28,综合企业,-24321631
2023-04-28,其他,0
2023-05-04,能源业,315648692
2023-05-04,原材料业,90551470
2023-05-04,工业,216177663
2023-05-04,非必需性消费,398595694
2023-05-04,必需性消费,23146366
2023-05-04,医疗保健业,246736375
2023-05-04,电讯业,203990992
2023-05-04,公用事业,109841346
2023-05-04,金融业,1014575884
2023-05-04,地产建筑业,112761276
2023-05-04,资讯科技业,110012683
2023-05-04,综合企业,45598709
2023-05-04,其他,0
2023-05-05,能源业,132677314
2023-05-05,原材料业,79081084
2023-05-05,工业,53692403
2023-05-05,非必需性消费,130855941
2023-05-05,必需性消费,-99888436
2023-05-05,医疗保健业,247790408
2023-05-05,电讯业,-123029155
2023-05-05,公用事业,91316875
2023-05-05,金融业,-415354978
2023-05-05,地产建筑业,151808952
2023-05-05,资讯科技业,-276194597
2023-05-05,综合企业,30019133
2023-05-05,其他,0
2023-05-08,能源业,673831906
2023-05-08,原材料业,93886328
2023-05-08,工业,190681538
2023-05-08,非必需性消费,-337970084
2023-05-08,必需性消费,-111279820
2023-05-08,医疗保健业,23309271
2023-05-08,电讯业,164604895
2023-05-08,公用事业,-15726356
2023-05-08,金融业,1382242071
2023-05-08,地产建筑业,-59044979
2023-05-08,资讯科技业,-27982603
2023-05-08,综合企业,33642116
2023-05-08,其他,0
2023-05-09,能源业,339049950
2023-05-09,原材料业,-129982128
2023-05-09,工业,-115829022
2023-05-09,非必需性消费,-555088069
2023-05-09,必需性消费,-201049506
2023-05-09,医疗保健业,-199350724
2023-05-09,电讯业,-60041444
2023-05-09,公用事业,-138332977
2023-05-09,金融业,-890340446
2023-05-09,地产建筑业,-56101570
2023-05-09,资讯科技业,-346449752
2023-05-09,综合企业,-17694357
2023-05-09,其他,0
2023-05-10,能源业,45459674
2023-05-10,原材料业,62657346
2023-05-10,工业,129617911
2023-05-10,非必需性消费,120477943
2023-05-10,必需性消费,-80689079
2023-05-10,医疗保健业,157962518
2023-05-10,电讯业,-97233913
2023-05-10,公用事业,-49635090
2023-05-10,金融业,-607705746
2023-05-10,地产建筑业,-54075871
2023-05-10,资讯科技业,621953094
2023-05-10,综合企业,-25683910
2023-05-10,其他,0
2023-05-11,能源业,-135177940
2023-05-11,原材料业,-63620559
2023-05-11,工业,33036559
2023-05-11,非必需性消费,289530316
2023-05-11,必需性消费,17003159
2023-05-11,医疗保健业,175001091
2023-05-11,电讯业,-58015934
2023-05-11,公用事业,14853831
2023-05-11,金融业,123908402
2023-05-11,地产建筑业,-93275875
2023-05-11,资讯科技业,432899601
2023-05-11,综合企业,-16819890
2023-05-11,其他,0
2023-05-12,能源业,-11013301
2023-05-12,原材料业,-8584450
2023-05-12,工业,-36530632
2023-05-12,非必需性消费,-42890253
2023-05-12,必需性消费,-22142112
2023-05-12,医疗保健业,-40504508
2023-05-12,电讯业,-56225449
2023-05-12,公用事业,-91294251
2023-05-12,金融业,153565273
2023-05-12,地产建筑业,-232236971
2023-05-12,资讯科技业,97209861
2023-05-12,综合企业,-8699762
2023-05-12,其他,0
2023-05-15,能源业,241795307
2023-05-15,原材料业,97351585
2023-05-15,工业,160356333
2023-05-15,非必需性消费,69756635
2023-05-15,必需性消费,78025604
2023-05-15,医疗保健业,96308394
2023-05-15,电讯业,-84811453
2023-05-15,公用事业,-44391285
2023-05-15,金融业,-154957093
2023-05-15,地产建筑业,43908109
2023-05-15,资讯科技业,433488606
2023-05-15,综合企业,48644479
2023-05-15,其他,0
2023-05-16,能源业,-60640608
2023-05-16,原材料业,-49147312
2023-05-16,工业,-95720441
2023-05-16,非必需性消费,-353324000
2023-05-16,必需性消费,-57315686
2023-05-16,医疗保健业,86827822
2023-05-16,电讯业,-39364155
2023-05-16,公用事业,43523014
2023-05-16,金融业,-9679823
2023-05-16,地产建筑业,-151660818
2023-05-16,资讯科技业,198408462
2023-05-16,综合企业,40149251
2023-05-16,其他,0
2023-05-17,能源业,-101085633
2023-05-17,原材料业,-30731955
2023-05-17,工业,-72876994
2023-05-17,非必需性消费,-129149996
2023-05-17,必需性消费,-45860206
2023-05-17,医疗保健业,47795112
2023-05-17,电讯业,-92379109
2023-05-17,公用事业,-95518883
2023-05-17,金融业,350489783
2023-05-17,地产建筑业,-246971663
2023-05-17,资讯科技业,44351468
2023-05-17,综合企业,-17010428
2023-05-17,其他,0
2023-05-18,能源业,129089995
2023-05-18,原材料业,61061987
2023-05-18,工业,-43312592
2023-05-18,非必需性消费,-355664647
2023-05-18,必需性消费,-47840797
2023-05-18,医疗保健业,48805688
2023-05-18,电讯业,39782071
2023-05-18,公用事业,-99777516
2023-05-18,金融业,410614735
2023-05-18,地产建筑业,-36533968
2023-05-18,资讯科技业,576811862
2023-05-18,综合企业,40477825
2023-05-18,其他,0
2023-05-19,能源业,318768353
2023-05-19,原材料业,39061926
2023-05-19,工业,3159659
2023-05-19,非必需性消费,239800191
2023-05-19,必需性消费,27261055
2023-05-19,医疗保健业,66714355
2023-05-19,电讯业,41425756
2023-05-19,公用事业,67323941
2023-05-19,金融业,-152298630
2023-05-19,地产建筑业,-73669922
2023-05-19,资讯科技业,304120176
2023-05-19,综合企业,45025790
2023-05-19,其他,0
2023-05-22,能源业,117428013
2023-05-22,原材料业,114072070
2023-05-22,工业,96071783
2023-05-22,非必需性消费,443241457
2023-05-22,必需性消费,1806908
2023-05-22,医疗保健业,51609449
2023-05-22,电讯业,-29728520
2023-05-22,公用事业,75622021
2023-05-22,金融业,270579811
2023-05-22,地产建筑业,49971954
2023-05-22,资讯科技业,483344266
2023-05-22,综合企业,-12451444
2023-05-22,其他,0
2023-05-23,能源业,84290664
2023-05-23,原材料业,-75995105
2023-05-23,工业,93419424
2023-05-23,非必需性消费,-5660811
2023-05-23,必需性消费,-51003856
2023-05-23,医疗保健业,161865871
2023-05-23,电讯业,-192170811
2023-05-23,公用事业,-9569836
2023-05-23,金融业,-550431485
2023-05-23,地产建筑业,-250982413
2023-05-23,资讯科技业,-344887823
2023-05-23,综合企业,10822278
2023-05-23,其他,0
2023-05-24,能源业,-88277091
2023-05-24,原材料业,23333729
2023-05-24,工业,109306407
2023-05-24,非必需性消费,26354097
2023-05-24,必需性消费,38999948
2023-05-24,医疗保健业,-92266432
2023-05-24,电讯业,-142050880
2023-05-24,公用事业,69267590
2023-05-24,金融业,-94816159
2023-05-24,地产建筑业,-101910056
2023-05-24,资讯科技业,-163553609
2023-05-24,综合企业,8437511
2023-05-24,其他,0
2023-05-25,能源业,134768233
2023-05-25,原材料业,-18122409
2023-05-25,工业,95819523
2023-05-25,非必需性消费,620169034
2023-05-25,必需性消费,111124798
2023-05-25,医疗保健业,12487662
2023-05-25,电讯业,-97188773
2023-05-25,公用事业,-37362795
2023-05-25,金融业,77326646
2023-05-25,地产建筑业,5291558
2023-05-25,资讯科技业,426393760
2023-05-25,综合企业,-3208642
2023-05-25,其他,0
2023-05-26,能源业,0
2023-05-26,原材料业,0
2023-05-26,工业,0
2023-05-26,非必需性消费,0
2023-05-26,必需性消费,0
2023-05-26,医疗保健业,0
2023-05-26,电讯业,0
2023-05-26,公用事业,0
2023-05-26,金融业,0
2023-05-26,地产建筑业,0
2023-05-26,资讯科技业,0
2023-05-26,综合企业,0
2023-05-26,其他,0
2023-05-29,能源业,144730773
2023-05-29,原材料业,-22913064
2023-05-29,工业,-16564973
2023-05-29,非必需性消费,-410593794
2023-05-29,必需性消费,-138834850
2023-05-29,医疗保健业,-269361602
2023-05-29,电讯业,-107511074
2023-05-29,公用事业,48682798
2023-05-29,金融业,-380670438
2023-05-29,地产建筑业,-121873093
2023-05-29,资讯科技业,-35903612
2023-05-29,综合企业,-23004398
2023-05-29,其他,0
2023-05-30,能源业,-12235365
2023-05-30,原材料业,76558795
2023-05-30,工业,85057774
2023-05-30,非必需性消费,180081854
2023-05-30,必需性消费,-117979505
2023-05-30,医疗保健业,85753954
2023-05-30,电讯业,16022413
2023-05-30,公用事业,90245478
2023-05-30,金融业,213838462
2023-05-30,地产建筑业,68776984
2023-05-30,资讯科技业,458419693
2023-05-30,综合企业,2013129
2023-05-30,其他,0
2023-05-31,能源业,-287143783
2023-05-31,原材料业,25368477
2023-05-31,工业,140817929
2023-05-31,非必需性消费,364373596
2023-05-31,必需性消费,28271592
2023-05-31,医疗保健业,169412643
2023-05-31,电讯业,69141755
2023-05-31,公用事业,53347252
2023-05-31,金融业,-539599
2023-05-31,地产建筑业,46508650
2023-05-31,资讯科技业,115394184
2023-05-31,综合企业,-30501586
2023-05-31,其他,0
2023-06-01,能源业,68388591
2023-06-01,原材料业,142088703
2023-06-01,工业,-13700460
2023-06-01,非必需性消费,222930870
2023-06-01,必需性消费,10293535
2023-06-01,医疗保健业,75508608
2023-06-01,电讯业,71858298
2023-06-01,公用事业,48529959
2023-06-01,金融业,393461789
2023-06-01,地产建筑业,31869781
2023-06-01,资讯科技业,268595300
2023-06-01,综合企业,-6598218
2023-06-01,其他,0
2023-06-02,能源业,323071720
2023-06-02,原材料业,199532347
2023-06-02,工业,-159082464
2023-06-02,非必需性消费,146216569
2023-06-02,必需性消费,-30733730
2023-06-02,医疗保健业,202182521
2023-06-02,电讯业,80162549
2023-06-02,公用事业,-63738487
2023-06-02,金融业,-129963148
2023-06-02,地产建筑业,233369689
2023-06-02,资讯科技业,248911057
2023-06-02,综合企业,2282570
2023-06-02,其他,0
2023-06-05,能源业,-121479713
2023-06-05,原材料业,60075168
2023-06-05,工业,-4374329
2023-06-05,非必需性消费,72653617
2023-06-05,必需性消费,7455340
2023-06-05,医疗保健业,-8568352
2023-06-05,电讯业,6103576
2023-06-05,公用事业,-8576776
2023-06-05,金融业,-14605191
2023-06-05,地产建筑业,9524141
2023-06-05,资讯科技业,69227080
2023-06-05,综合企业,18836682
2023-06-05,其他,0
2023-06-06,能源业,456827379
2023-06-06,原材料业,-15929225
2023-06-06,工业,-1148991
2023-06-06,非必需性消费,-213806453
2023-06-06,必需性消费,-73343916
2023-06-06,医疗保健业,-40814599
2023-06-06,电讯业,-26006465
2023-06-06,公用事业,-97017392
2023-06-06,金融业,-131078294
2023-06-06,地产建筑业,215592172
2023-06-06,资讯科技业,-217665152
2023-06-06,综合企业,-547301
2023-06-06,其他,0
2023-06-07,能源业,333032357
2023-06-07,原材料业,44450763
2023-06-07,工业,-41516099
2023-06-07,非必需性消费,160003640
2023-06-07,必需性消费,-74510516
2023-06-07,医疗保健业,205324491
2023-06-07,电讯业,-206199094
2023-06-07,公用事业,83189062
2023-06-07,金融业,-305813702
2023-06-07,地产建筑业,-122838731
2023-06-07,资讯科技业,114031209
2023-06-07,综合企业,2797188
2023-06-07,其他,0
2023-06-08,能源业,128767243
2023-06-08,原材料业,29222142
2023-06-08,工业,62016704
2023-06-08,非必需性消费,223883106
2023-06-08,必需性消费,-6912512
2023-06-08,医疗保健业,78734456
2023-06-08,电讯业,-130794606
2023-06-08,公用事业,-40909578
2023-06-08,金融业,376182506
2023-06-08,地产建筑业,421624870
2023-06-08,资讯科技业,112546625
2023-06-08,综合企业,3547178
2023-06-08,其他,0
2023-06-09,能源业,397484528
2023-06-09,原材料业,-51482610
2023-06-09,工业,17082056
2023-06-09,非必需性消费,342072026
2023-06-09,必需性消费,42711021
2023-06-09,医疗保健业,174909403
2023-06-09,电讯业,104353135
2023-06-09,公用事业,15448974
2023-06-09,金融业,-487362130
2023-06-09,地产建筑业,786944
2023-06-09,资讯科技业,50874674
2023-06-09,综合企业,3235284
2023-06-09,其他,0
2023-06-12,能源业,-143575732
2023-06-12,原材料业,14323873
2023-06-12,工业,73684648
2023-06-12,非必需性消费,489922739
2023-06-12,必需性消费,-36044807
2023-06-12,医疗保健业,-100320821
2023-06-12,电讯业,-45589318
2023-06-12,公用事业,-12307257
2023-06-12,金融业,-422898648
2023-06-12,地产建筑业,-68804026
2023-06-12,资讯科技业,-17919209
2023-06-12,综合企业,-7245790
2023-06-12,其他,0
2023-06-13,能源业,-90988653
2023-06-13,原材料业,37081054
2023-06-13,工业,115453608
2023-06-13,非必需性消费,52951272
2023-06-13,必需性消费,-30124234
2023-06-13,医疗保健业,60564769
2023-06-13,电讯业,-122874426
2023-06-13,公用事业,-36217235
2023-06-13,金融业,-372380366
2023-06-13,地产建筑业,86344389
2023-06-13,资讯科技业,810898994
2023-06-13,综合企业,26646321
2023-06-13,其他,0
2023-06-14,能源业,-173065209
2023-06-14,原材料业,62345069
2023-06-14,工业,-74567862
2023-06-14,非必需性消费,-108820223
2023-06-14,必需性消费,-130215508
2023-06-14,医疗保健业,-78975584
2023-06-14,电讯业,-207530302
2023-06-14,公用事业,-98160698
2023-06-14,金融业,-345247275
2023-06-14,地产建筑业,-101151867
2023-06-14,资讯科技业,-305660774
2023-06-14,综合企业,-33565137
2023-06-14,其他,0
2023-06-15,能源业,-80000074
2023-06-15,原材料业,105165672
2023-06-15,工业,75437221
2023-06-15,非必需性消费,1055192450
2023-06-15,必需性消费,190041802
2023-06-15,医疗保健业,325062137
2023-06-15,电讯业,-72012529
2023-06-15,公用事业,6067393
2023-06-15,金融业,-52323566
2023-06-15,地产建筑业,32913263
2023-06-15,资讯科技业,455839227
2023-06-15,综合企业,-21290691
2023-06-15,其他,0
2023-06-16,能源业,-219925146
2023-06-16,原材料业,-20754769
2023-06-16,工业,48257397
2023-06-16,非必需性消费,-56435518
2023-06-16,必需性消费,47256673
2023-06-16,医疗保健业,307990352
2023-06-16,电讯业,-114623133
2023-06-16,公用事业,-155690103
2023-06-16,金融业,-49148915
2023-06-16,地产建筑业,100050200
2023-06-16,资讯科技业,-387510128
2023-06-16,综合企业,4333707
2023-06-16,其他,0
2023-06-19,能源业,159544054
2023-06-19,原材料业,12007633
2023-06-19,工业,-56587639
2023-06-19,非必需性消费,216492654
2023-06-19,必需性消费,-14956420
2023-06-19,医疗保健业,106587283
2023-06-19,电讯业,56401386
2023-06-19,公用事业,-52939240
2023-06-19,金融业,-239885569
2023-06-19,地产建筑业,-104142400
2023-06-19,资讯科技业,-188375570
2023-06-19,综合企业,-1374063
2023-06-19,其他,0
2023-06-20,能源业,-250915842
2023-06-20,原材料业,-37958608
2023-06-20,工业,130445675
2023-06-20,非必需性消费,-489714098
2023-06-20,必需性消费,-108771359
2023-06-20,医疗保健业,-134351005
2023-06-20,电讯业,-127487651
2023-06-20,公用事业,-80988136
2023-06-20,金融业,-295152372
2023-06-20,地产建筑业,-164580890
2023-06-20,资讯科技业,-788355756
2023-06-20,综合企业,-5741673
2023-06-20,其他,0
2023-06-21,能源业,-171502189
2023-06-21,原材料业,9691438
2023-06-21,工业,-98344065
2023-06-21,非必需性消费,203772739
2023-06-21,必需性消费,-42649809
2023-06-21,医疗保健业,116445689
2023-06-21,电讯业,-74261183
2023-06-21,公用事业,-862253
2023-06-21,金融业,-73800873
2023-06-21,地产建筑业,-55670360
2023-06-21,资讯科技业,-212026089
2023-06-21,综合企业,7007265
2023-06-21,其他,0
2023-06-26,能源业,-91516316
2023-06-26,原材料业,-12343911
2023-06-26,工业,11418801
2023-06-26,非必需性消费,-47397255
2023-06-26,必需性消费,50918511
2023-06-26,医疗保健业,527221044
2023-06-26,电讯业,45318484
2023-06-26,公用事业,-29686190
2023-06-26,金融业,362852277
2023-06-26,地产建筑业,33029465
2023-06-26,资讯科技业,636116405
2023-06-26,综合企业,-10514854
2023-06-26,其他,0
2023-06-27,能源业,53493286
2023-06-27,原材料业,61350306
2023-06-27,工业,-21610333
2023-06-27,非必需性消费,243830914
2023-06-27,必需性消费,24777894
2023-06-27,医疗保健业,101950611
2023-06-27,电讯业,57065852
2023-06-27,公用事业,-38969306
2023-06-27,金融业,743148161
2023-06-27,地产建筑业,216904948
2023-06-27,资讯科技业,517770126
2023-06-27,综合企业,-3802442
2023-06-27,其他,0
2023-06-28,能源业,38766130
2023-06-28,原材料业,50173429
2023-06-28,工业,72791556
2023-06-28,非必需性消费,520711713
2023-06-28,必需性消费,9200399
2023-06-28,医疗保健业,261525558
2023-06-28,电讯业,34688544
2023-06-28,公用事业,-66528301
2023-06-28,金融业,-216310956
2023-06-28,地产建筑业,103537628
2023-06-28,资讯科技业,470696109
2023-06-28,综合企业,-88969460
2023-06-28,其他,0
2023-06-29,能源业,-70258644
2023-06-29,原材料业,9904798
2023-06-29,工业,-873763
2023-06-29,非必需性消费,219155546
2023-06-29,必需性消费,-37065636
2023-06-29,医疗保健业,140074889
2023-06-29,电讯业,6266200
2023-06-29,公用事业,6622928
2023-06-29,金融业,-280391778
2023-06-29,地产建筑业,-126551590
2023-06-29,资讯科技业,-395768326
2023-06-29,综合企业,-406741
2023-06-29,其他,0
2023-06-30,能源业,104746273
2023-06-30,原材料业,-39876768
2023-06-30,工业,82616009
2023-06-30,非必需性消费,267206550
2023-06-30,必需性消费,9210267
2023-06-30,医疗保健业,311318270
2023-06-30,电讯业,54229079
2023-06-30,公用事业,59312557
2023-06-30,金融业,197275710
2023-06-30,地产建筑业,62969932
2023-06-30,资讯科技业,-203907000
2023-06-30,综合企业,9169931
2023-06-30,其他,0
2023-07-03,能源业,139555535
2023-07-03,原材料业,61963119
2023-07-03,工业,77398259
2023-07-03,非必需性消费,927534408
2023-07-03,必需性消费,-52485738
2023-07-03,医疗保健业,170756014
2023-07-03,电讯业,-69493329
2023-07-03,公用事业,-62044919
2023-07-03,金融业,111532734
2023-07-03,地产建筑业,-2336664
2023-07-03,资讯科技业,574682001
2023-07-03,综合企业,-20773463
2023-07-03,其他,0
2023-07-04,能源业,-119555004
2023-07-04,原材料业,28572656
2023-07-04,工业,-63065220
2023-07-04,非必需性消费,301430067
2023-07-04,必需性消费,12404372
2023-07-04,医疗保健业,382112106
2023-07-04,电讯业,75063651
2023-07-04,公用事业,-68329764
2023-07-04,金融业,-242219734
2023-07-04,地产建筑业,-7125360
2023-07-04,资讯科技业,105880629
2023-07-04,综合企业,-21412332
2023-07-04,其他,0
2023-07-05,能源业,-102554123
2023-07-05,原材料业,76430196
2023-07-05,工业,-99078720
2023-07-05,非必需性消费,-278435630
2023-07-05,必需性消费,-3877544
2023-07-05,医疗保健业,217612627
2023-07-05,电讯业,28492743
2023-07-05,公用事业,8014415
2023-07-05,金融业,128149363
2023-07-05,地产建筑业,-119100834
2023-07-05,资讯科技业,-168275577
2023-07-05,综合企业,-8040043
2023-07-05,其他,0
2023-07-06,能源业,12244597
2023-07-06,原材料业,-40948694
2023-07-06,工业,-18911745
2023-07-06,非必需性消费,112174573
2023-07-06,必需性消费,-18905341
2023-07-06,医疗保健业,107713114
2023-07-06,电讯业,-46914622
2023-07-06,公用事业,-104363839
2023-07-06,金融业,240524551
2023-07-06,地产建筑业,-105714493
2023-07-06,资讯科技业,-67495957
2023-07-06,综合企业,12869825
2023-07-06,其他,0
2023-07-07,能源业,428873
2023-07-07,原材料业,8420610
2023-07-07,工业,-101272042
2023-07-07,非必需性消费,-96493409
2023-07-07,必需性消费,-1094721
2023-07-07,医疗保健业,228986739
2023-07-07,电讯业,-113872627
2023-07-07,公用事业,-13025036
2023-07-07,金融业,385602482
2023-07-07,地产建筑业,152988299
2023-07-07,资讯科技业,70451382
2023-07-07,综合企业,15592432
2023-07-07,其他,0
2023-07-10,能源业,-25870703
2023-07-10,原材料业,-7028089
2023-07-10,工业,41904613
2023-07-10,非必需性消费,68174774
2023-07-10,必需性消费,48329136
2023-07-10,医疗保健业,182115509
2023-07-10,电讯业,8420329
2023-07-10,公用事业,2714411
2023-07-10,金融业,545689728
2023-07-10,地产建筑业,-37620480
2023-07-10,资讯科技业,-257957942
2023-07-10,综合企业,-585827
2023-07-10,其他,0
2023-07-11,能源业,55858717
2023-07-11,原材料业,50274749
2023-07-11,工业,-1633882
2023-07-11,非必需性消费,144799386
2023-07-11,必需性消费,-115679225
2023-07-11,医疗保健业,166278416
2023-07-11,电讯业,-109963088
2023-07-11,公用事业,80431358
2023-07-11,金融业,-193794351
2023-07-11,地产建筑业,-29097218
2023-07-11,资讯科技业,-68784820
2023-07-11,综合企业,-577647
2023-07-11,其他,0
2023-07-12,能源业,15615731
2023-07-12,原材料业,-44263114
2023-07-12,工业,21389721
2023-07-12,非必需性消费,-202445091
2023-07-12,必需性消费,1843519
2023-07-12,医疗保健业,14522834
2023-07-12,电讯业,-159891163
2023-07-12,公用事业,-7861210
2023-07-12,金融业,-335273610
2023-07-12,地产建筑业,4602591
2023-07-12,资讯科技业,-326098912
2023-07-12,综合企业,5380379
2023-07-12,其他,0
2023-07-13,能源业,-116038568
2023-07-13,原材料业,20586615
2023-07-13,工业,118099925
2023-07-13,非必需性消费,-37746412
2023-07-13,必需性消费,-111470806
2023-07-13,医疗保健业,528353583
2023-07-13,电讯业,-63514285
2023-07-13,公用事业,-32199720
2023-07-13,金融业,-23841166
2023-07-13,地产建筑业,-50116237
2023-07-13,资讯科技业,-139443915
2023-07-13,综合企业,-11897750
2023-07-13,其他,0
2023-07-14,能源业,-65154260
2023-07-14,原材料业,-19814660
2023-07-14,工业,-91399
2023-07-14,非必需性消费,-67184497
2023-07-14,必需性消费,-111218730
2023-07-14,医疗保健业,-112333513
2023-07-14,电讯业,136381024
2023-07-14,公用事业,8863142
2023-07-14,金融业,-42811383
2023-07-14,地产建筑业,124189989
2023-07-14,资讯科技业,-895553151
2023-07-14,综合企业,-28092177
2023-07-14,其他,0
2023-07-17,能源业,0
2023-07-17,原材料业,0
2023-07-17,工业,0
2023-07-17,非必需性消费,0
2023-07-17,必需性消费,0
2023-07-17,医疗保健业,0
2023-07-17,电讯业,0
2023-07-17,公用事业,0
2023-07-17,金融业,0
2023-07-17,地产建筑业,0
2023-07-17,资讯科技业,0
2023-07-17,综合企业,0
2023-07-17,其他,0
2023-07-18,能源业,7372862
2023-07-18,原材料业,93500468
2023-07-18,工业,-12755233
2023-07-18,非必需性消费,-41706418
2023-07-18,必需性消费,12733486
2023-07-18,医疗保健业,201385094
2023-07-18,电讯业,25466772
2023-07-18,公用事业,1509338
2023-07-18,金融业,176637506
2023-07-18,地产建筑业,138911893
2023-07-18,资讯科技业,-207810147
2023-07-18,综合企业,-37391188
2023-07-18,其他,0
2023-07-19,能源业,2350276
2023-07-19,原材料业,-19179901
2023-07-19,工业,66676247
2023-07-19,非必需性消费,534994171
2023-07-19,必需性消费,12601365
2023-07-19,医疗保健业,77161788
2023-07-19,电讯业,33463045
2023-07-19,公用事业,54941989
2023-07-19,金融业,629346500
2023-07-19,地产建筑业,209770889
2023-07-19,资讯科技业,728266852
2023-07-19,综合企业,-70319164
2023-07-19,其他,0
2023-07-20,能源业,-139196598
2023-07-20,原材料业,61792905
2023-07-20,工业,86811833
2023-07-20,非必需性消费,-77241899
2023-07-20,必需性消费,20358032
2023-07-20,医疗保健业,11682947
2023-07-20,电讯业,-93183861
2023-07-20,公用事业,-75522266
2023-07-20,金融业,-234851542
2023-07-20,地产建筑业,2641994
2023-07-20,资讯科技业,-457858608
2023-07-20,综合企业,-14350834
2023-07-20,其他,0
2023-07-21,能源业,-95765694
2023-07-21,原材料业,20043519
2023-07-21,工业,1705076
2023-07-21,非必需性消费,173923083
2023-07-21,必需性消费,-40234446
2023-07-21,医疗保健业,225624960
2023-07-21,电讯业,-71225631
2023-07-21,公用事业,-166628732
2023-07-21,金融业,14232589
2023-07-21,地产建筑业,-42540109
2023-07-21,资讯科技业,171826243
2023-07-21,综合企业,948004
2023-07-21,其他,0
2023-07-24,能源业,-112675421
2023-07-24,原材料业,34051164
2023-07-24,工业,10828281
2023-07-24,非必需性消费,-156864699
2023-07-24,必需性消费,18015095
2023-07-24,医疗保健业,72241041
2023-07-24,电讯业,-8276140
2023-07-24,公用事业,-38870083
2023-07-24,金融业,144239568
2023-07-24,地产建筑业,32892819
2023-07-24,资讯科技业,67048144
2023-07-24,综合企业,-21366680
2023-07-24,其他,0
2023-07-25,能源业,-140982335
2023-07-25,原材料业,146322723
2023-07-25,工业,72463840
2023-07-25,非必需性消费,339511658
2023-07-25,必需性消费,-61916642
2023-07-25,医疗保健业,312313668
2023-07-25,电讯业,-310607870
2023-07-25,公用事业,-70949088
2023-07-25,金融业,503114292
2023-07-25,地产建筑业,405975077
2023-07-25,资讯科技业,-1618392
2023-07-25,综合企业,23077389
2023-07-25,其他,0
2023-07-26,能源业,-110184173
2023-07-26,原材料业,59098614
2023-07-26,工业,66620615
2023-07-26,非必需性消费,95744740
2023-07-26,必需性消费,-21806446
2023-07-26,医疗保健业,274424907
2023-07-26,电讯业,33149183
2023-07-26,公用事业,3510860
2023-07-26,金融业,-218621143
2023-07-26,地产建筑业,-3567328
2023-07-26,资讯科技业,-110839268
2023-07-26,综合企业,13425556
2023-07-26,其他,0
2023-07-27,能源业,-123408340
2023-07-27,原材料业,59912041
2023-07-27,工业,101757289
2023-07-27,非必需性消费,565841264
2023-07-27,必需性消费,-7683265
2023-07-27,医疗保健业,278574217
2023-07-27,电讯业,-145415941
2023-07-27,公用事业,-22227193
2023-07-27,金融业,-364752409
2023-07-27,地产建筑业,317653850
2023-07-27,资讯科技业,-357547848
2023-07-27,综合企业,-313507
2023-07-27,其他,0
2023-07-28,能源业,27745984
2023-07-28,原材料业,89901190
2023-07-28,工业,87019273
2023-07-28,非必需性消费,536797363
2023-07-28,必需性消费,21851331
2023-07-28,医疗保健业,617876472
2023-07-28,电讯业,-126152890
2023-07-28,公用事业,48018393
2023-07-28,金融业,367712591
2023-07-28,地产建筑业,518740475
2023-07-28,资讯科技业,249261807
2023-07-28,综合企业,21055434
2023-07-28,其他,0
2023-07-31,能源业,-2098366
2023-07-31,原材料业,47828173
2023-07-31,工业,-11085141
2023-07-31,非必需性消费,-367537386
2023-07-31,必需性消费,-109738340
2023-07-31,医疗保健业,-95263957
2023-07-31,电讯业,-129353230
2023-07-31,公用事业,60847709
2023-07-31,金融业,78022334
2023-07-31,地产建筑业,-67836004
2023-07-31,资讯科技业,-714310194
2023-07-31,综合企业,-53380672
2023-07-31,其他,0
2023-08-01,能源业,-126152532
2023-08-01,原材料业,-18073241
2023-08-01,工业,-30771231
2023-08-01,非必需性消费,-520689160
2023-08-01,必需性消费,-70305047
2023-08-01,医疗保健业,100640667
2023-08-01,电讯业,-100353891
2023-08-01,公用事业,52988607
2023-08-01,金融业,-821158526
2023-08-01,地产建筑业,-43746063
2023-08-01,资讯科技业,-782548450
2023-08-01,综合企业,-49398667
2023-08-01,其他,0
2023-08-02,能源业,-153491562
2023-08-02,原材料业,-5827749
2023-08-02,工业,-45193946
2023-08-02,非必需性消费,-379604503
2023-08-02,必需性消费,-22449230
2023-08-02,医疗保健业,-176735819
2023-08-02,电讯业,-37923535
2023-08-02,公用事业,-26646897
2023-08-02,金融业,-355120971
2023-08-02,地产建筑业,-34766557
2023-08-02,资讯科技业,-273773927
2023-08-02,综合企业,-16128441
2023-08-02,其他,0
2023-08-03,能源业,-71332030
2023-08-03,原材料业,32651741
2023-08-03,工业,-15154972
2023-08-03,非必需性消费,405565695
2023-08-03,必需性消费,-32248860
2023-08-03,医疗保健业,439259848
2023-08-03,电讯业,5877830
2023-08-03,公用事业,-42029685
2023-08-03,金融业,-1111479125
2023-08-03,地产建筑业,179230046
2023-08-03,资讯科技业,344025170
2023-08-03,综合企业,-20738513
2023-08-03,其他,0
2023-08-04,能源业,-308082880
2023-08-04,原材料业,-25770234
2023-08-04,工业,-71000296
2023-08-04,非必需性消费,298698722
2023-08-04,必需性消费,-65957193
2023-08-04,医疗保健业,52504261
2023-08-04,电讯业,43168042
2023-08-04,公用事业,-108578734
2023-08-04,金融业,-141758245
2023-08-04,地产建筑业,60879978
2023-08-04,资讯科技业,116032940
2023-08-04,综合企业,74345389
2023-08-04,其他,0
2023-08-07,能源业,190390762
2023-08-07,原材料业,-32796798
2023-08-07,工业,-48010692
2023-08-07,非必需性消费,310785094
2023-08-07,必需性消费,43302104
2023-08-07,医疗保健业,284578227
2023-08-07,电讯业,2437794
2023-08-07,公用事业,72310375
2023-08-07,金融业,-118459218
2023-08-07,地产建筑业,-105290557
2023-08-07,资讯科技业,3100358
2023-08-07,综合企业,17445900
2023-08-07,其他,0
2023-08-08,能源业,184619536
2023-08-08,原材料业,-41168271
2023-08-08,工业,-11280446
2023-08-08,非必需性消费,-220262126
2023-08-08,必需性消费,-46012411
2023-08-08,医疗保健业,315972182
2023-08-08,电讯业,104926846
2023-08-08,公用事业,-12850135
2023-08-08,金融业,171674634
2023-08-08,地产建筑业,-121291596
2023-08-08,资讯科技业,137920903
2023-08-08,综合企业,9257301
2023-08-08,其他,0
2023-08-09,能源业,214774071
2023-08-09,原材料业,102959022
2023-08-09,工业,-41581277
2023-08-09,非必需性消费,255037511
2023-08-09,必需性消费,62929162
2023-08-09,医疗保健业,385688899
2023-08-09,电讯业,-172709452
2023-08-09,公用事业,79203471
2023-08-09,金融业,211295212
2023-08-09,地产建筑业,93285122
2023-08-09,资讯科技业,-13913877
2023-08-09,综合企业,31854436
2023-08-09,其他,0
2023-08-10,能源业,281733341
2023-08-10,原材料业,454856
2023-08-10,工业,82069855
2023-08-10,非必需性消费,367665488
2023-08-10,必需性消费,-32732355
2023-08-10,医疗保健业,312378883
2023-08-10,电讯业,-8314349
2023-08-10,公用事业,-21136526
2023-08-10,金融业,626330108
2023-08-10,地产建筑业,80875651
2023-08-10,资讯科技业,128226089
2023-08-10,综合企业,5439446
2023-08-10,其他,0
2023-08-11,能源业,55133927
2023-08-11,原材料业,-60785008
2023-08-11,工业,-1768831
2023-08-11,非必需性消费,-176668358
2023-08-11,必需性消费,45376790
2023-08-11,医疗保健业,139142138
2023-08-11,电讯业,31110376
2023-08-11,公用事业,16431969
2023-08-11,金融业,150810523
2023-08-11,地产建筑业,202563007
2023-08-11,资讯科技业,31661009
2023-08-11,综合企业,-15042520
2023-08-11,其他,0
2023-08-14,能源业,119438532
2023-08-14,原材料业,-23498801
2023-08-14,工业,89996529
2023-08-14,非必需性消费,1350618759
2023-08-14,必需性消费,46113376
2023-08-14,医疗保健业,332667267
2023-08-14,电讯业,177456040
2023-08-14,公用事业,149055866
2023-08-14,金融业,1139046507
2023-08-14,地产建筑业,39192831
2023-08-14,资讯科技业,447674175
2023-08-14,综合企业,-14526433
2023-08-14,其他,0
2023-08-15,能源业,-60097136
2023-08-15,原材料业,-95774198
2023-08-15,工业,63062654
2023-08-15,非必需性消费,319887460
2023-08-15,必需性消费,-24719349
2023-08-15,医疗保健业,304332359
2023-08-15,电讯业,291144445
2023-08-15,公用事业,64908113
2023-08-15,金融业,479104788
2023-08-15,地产建筑业,128056474
2023-08-15,资讯科技业,435949716
2023-08-15,综合企业,-8767144
2023-08-15,其他,0
2023-08-16,能源业,-63247805
2023-08-16,原材料业,29189015
2023-08-16,工业,-8749892
2023-08-16,非必需性消费,1206842
2023-08-16,必需性消费,12310
2023-08-16,医疗保健业,375769430
2023-08-16,电讯业,76473406
2023-08-16,公用事业,23164481
2023-08-16,金融业,459346059
2023-08-16,地产建筑业,107645141
2023-08-16,资讯科技业,147840624
2023-08-16,综合企业,-10269582
2023-08-16,其他,0
2023-08-17,能源业,13151785
2023-08-17,原材料业,152418910
2023-08-17,工业,159433202
2023-08-17,非必需性消费,500999390
2023-08-17,必需性消费,40585580
2023-08-17,医疗保健业,498978404
2023-08-17,电讯业,74198411
2023-08-17,公用事业,27489153
2023-08-17,金融业,606847537
2023-08-17,地产建筑业,21705656
2023-08-17,资讯科技业,466578910
2023-08-17,综合企业,12610782
2023-08-17,其他,0
2023-08-18,能源业,179473155
2023-08-18,原材料业,15704453
2023-08-18,工业,-4663633
2023-08-18,非必需性消费,77945449
2023-08-18,必需性消费,-13038579
2023-08-18,医疗保健业,242679139
2023-08-18,电讯业,19346254
2023-08-18,公用事业,-13226433
2023-08-18,金融业,779532564
2023-08-18,地产建筑业,636959
2023-08-18,资讯科技业,64149295
2023-08-18,综合企业,-31253001
2023-08-18,其他,0
2023-08-21,能源业,-62363162
2023-08-21,原材料业,-69903515
2023-08-21,工业,2356664
2023-08-21,非必需性消费,217275479
2023-08-21,必需性消费,30625165
2023-08-21,医疗保健业,200063593
2023-08-21,电讯业,-14292105
2023-08-21,公用事业,12976759
2023-08-21,金融业,588530040
2023-08-21,地产建筑业,-78063281
2023-08-21,资讯科技业,36175316
2023-08-21,综合企业,-11304232
2023-08-21,其他,0
2023-08-22,能源业,56286797
2023-08-22,原材料业,7532101
2023-08-22,工业,74027661
2023-08-22,非必需性消费,699308831
2023-08-22,必需性消费,-12230226
2023-08-22,医疗保健业,108102116
2023-08-22,电讯业,274379341
2023-08-22,公用事业,167112633
2023-08-22,金融业,605834571
2023-08-22,地产建筑业,81316656
2023-08-22,资讯科技业,671760123
2023-08-22,综合企业,52976872
2023-08-22,其他,0
2023-08-23,能源业,164435066
2023-08-23,原材料业,-54896777
2023-08-23,工业,44051826
2023-08-23,非必需性消费,525604863
2023-08-23,必需性消费,40062661
2023-08-23,医疗保健业,218099130
2023-08-23,电讯业,154865060
2023-08-23,公用事业,66154294
2023-08-23,金融业,211525774
2023-08-23,地产建筑业,46380583
2023-08-23,资讯科技业,330989050
2023-08-23,综合企业,19339588
2023-08-23,其他,0
2023-08-24,能源业,130055799
2023-08-24,原材料业,89783528
2023-08-24,工业,93207795
2023-08-24,非必需性消费,702062451
2023-08-24,必需性消费,-114887270
2023-08-24,医疗保健业,377332117
2023-08-24,电讯业,27150124
2023-08-24,公用事业,48637110
2023-08-24,金融业,-143959627
2023-08-24,地产建筑业,114522424
2023-08-24,资讯科技业,301637783
2023-08-24,综合企业,25075093
2023-08-24,其他,0
2023-08-25,能源业,168361290
2023-08-25,原材料业,61567350
2023-08-25,工业,63084100
2023-08-25,非必需性消费,87018042
2023-08-25,必需性消费,25108781
2023-08-25,医疗保健业,63730165
2023-08-25,电讯业,49365157
2023-08-25,公用事业,-56446375
2023-08-25,金融业,131274107
2023-08-25,地产建筑业,126043072
2023-08-25,资讯科技业,149288827
2023-08-25,综合企业,-6421207
2023-08-25,其他,0
2023-08-28,能源业,-12272670
2023-08-28,原材料业,-22355742
2023-08-28,工业,-14261246
2023-08-28,非必需性消费,-417808815
2023-08-28,必需性消费,-147962400
2023-08-28,医疗保健业,-77956451
2023-08-28,电讯业,96938266
2023-08-28,公用事业,-127713270
2023-08-28,金融业,-218025582
2023-08-28,地产建筑业,-139385071
2023-08-28,资讯科技业,-388873268
2023-08-28,综合企业,-30335058
2023-08-28,其他,0
2023-08-29,能源业,147936952
2023-08-29,原材料业,45443323
2023-08-29,工业,190231828
2023-08-29,非必需性消费,595316900
2023-08-29,必需性消费,-20318614
2023-08-29,医疗保健业,521538382
2023-08-29,电讯业,23254877
2023-08-29,公用事业,8042119
2023-08-29,金融业,22027865
2023-08-29,地产建筑业,417366381
2023-08-29,资讯科技业,476839496
2023-08-29,综合企业,15612598
2023-08-29,其他,0
2023-08-30,能源业,176708438
2023-08-30,原材料业,-80440204
2023-08-30,工业,16542103
2023-08-30,非必需性消费,146906796
2023-08-30,必需性消费,81944055
2023-08-30,医疗保健业,141456803
2023-08-30,电讯业,74764376
2023-08-30,公用事业,191500152
2023-08-30,金融业,253937421
2023-08-30,地产建筑业,109111962
2023-08-30,资讯科技业,-177837745
2023-08-30,综合企业,-4727543
2023-08-30,其他,0
2023-08-31,能源业,355144665
2023-08-31,原材料业,145235282
2023-08-31,工业,63222137
2023-08-31,非必需性消费,-71275535
2023-08-31,必需性消费,17450147
2023-08-31,医疗保健业,25616049
2023-08-31,电讯业,136679395
2023-08-31,公用事业,67723702
2023-08-31,金融业,158552277
2023-08-31,地产建筑业,-12044231
2023-08-31,资讯科技业,1320003
2023-08-31,综合企业,8897948
2023-08-31,其他,0
2023-09-01,能源业,0
2023-09-01,原材料业,0
2023-09-01,工业,0
2023-09-01,非必需性消费,0
2023-09-01,必需性消费,0
2023-09-01,医疗保健业,0
2023-09-01,电讯业,0
2023-09-01,公用事业,0
2023-09-01,金融业,0
2023-09-01,地产建筑业,0
2023-09-01,资讯科技业,0
2023-09-01,综合企业,0
2023-09-01,其他,0
2023-09-04,能源业,350616229
2023-09-04,原材料业,211639641
2023-09-04,工业,13267810
2023-09-04,非必需性消费,128870580
2023-09-04,必需性消费,-60570475
2023-09-04,医疗保健业,73226258
2023-09-04,电讯业,-15144313
2023-09-04,公用事业,-160711791
2023-09-04,金融业,681462892
2023-09-04,地产建筑业,272870237
2023-09-04,资讯科技业,450471349
2023-09-04,综合企业,8345143
2023-09-04,其他,0
2023-09-05,能源业,71272380
2023-09-05,原材料业,-122945326
2023-09-05,工业,8919604
2023-09-05,非必需性消费,379162675
2023-09-05,必需性消费,475465
2023-09-05,医疗保健业,-101431607
2023-09-05,电讯业,11632208
2023-09-05,公用事业,56070066
2023-09-05,金融业,-99725439
2023-09-05,地产建筑业,103162730
2023-09-05,资讯科技业,-78220506
2023-09-05,综合企业,12700444
2023-09-05,其他,0
2023-09-06,能源业,316869676
2023-09-06,原材料业,-46694534
2023-09-06,工业,148892925
2023-09-06,非必需性消费,87852628
2023-09-06,必需性消费,-12835232
2023-09-06,医疗保健业,68909617
2023-09-06,电讯业,73851441
2023-09-06,公用事业,-10289008
2023-09-06,金融业,481523350
2023-09-06,地产建筑业,981290582
2023-09-06,资讯科技业,345885856
2023-09-06,综合企业,-5444544
2023-09-06,其他,0
2023-09-07,能源业,77908481
2023-09-07,原材料业,63172879
2023-09-07,工业,127390553
2023-09-07,非必需性消费,320352892
2023-09-07,必需性消费,135858012
2023-09-07,医疗保健业,124283185
2023-09-07,电讯业,47811510
2023-09-07,公用事业,-3350758
2023-09-07,金融业,241963997
2023-09-07,地产建筑业,-330746112
2023-09-07,资讯科技业,50327491
2023-09-07,综合企业,-645164
2023-09-07,其他,0
2023-09-08,能源业,0
2023-09-08,原材料业,0
2023-09-08,工业,0
2023-09-08,非必需性消费,0
2023-09-08,必需性消费,0
2023-09-08,医疗保健业,0
2023-09-08,电讯业,0
2023-09-08,公用事业,0
2023-09-08,金融业,0
2023-09-08,地产建筑业,0
2023-09-08,资讯科技业,0
2023-09-08,综合企业,0
2023-09-08,其他,0
2023-09-11,能源业,-42033174
2023-09-11,原材料业,113612265
2023-09-11,工业,205619934
2023-09-11,非必需性消费,792219710
2023-09-11,必需性消费,82866027
2023-09-11,医疗保健业,45960431
2023-09-11,电讯业,-14763254
2023-09-11,公用事业,43344267
2023-09-11,金融业,-1122932266
2023-09-11,地产建筑业,173414962
2023-09-11,资讯科技业,388167714
2023-09-11,综合企业,-30057148
2023-09-11,其他,0
2023-09-12,能源业,-333820913
2023-09-12,原材料业,-16045112
2023-09-12,工业,184056105
2023-09-12,非必需性消费,606601320
2023-09-12,必需性消费,-18248307
2023-09-12,医疗保健业,666791353
2023-09-12,电讯业,73501214
2023-09-12,公用事业,55376628
2023-09-12,金融业,204318691
2023-09-12,地产建筑业,483580528
2023-09-12,资讯科技业,246472982
2023-09-12,综合企业,12016553
2023-09-12,其他,0
2023-09-13,能源业,-198321606
2023-09-13,原材料业,15784868
2023-09-13,工业,83730191
2023-09-13,非必需性消费,-13207211
2023-09-13,必需性消费,-1909536
2023-09-13,医疗保健业,60420502
2023-09-13,电讯业,16706210
2023-09-13,公用事业,70038860
2023-09-13,金融业,39298294
2023-09-13,地产建筑业,283571196
2023-09-13,资讯科技业,26451950
2023-09-13,综合企业,-12158628
2023-09-13,其他,0
2023-09-14,能源业,287991678
2023-09-14,原材料业,139290599
2023-09-14,工业,153392059
2023-09-14,非必需性消费,380125041
2023-09-14,必需性消费,-10549079
2023-09-14,医疗保健业,199855169
2023-09-14,电讯业,149778957
2023-09-14,公用事业,22861704
2023-09-14,金融业,-103862152
2023-09-14,地产建筑业,-20990335
2023-09-14,资讯科技业,3530008
2023-09-14,综合企业,-16727369
2023-09-14,其他,0
2023-09-15,能源业,-320842794
2023-09-15,原材料业,50243862
2023-09-15,工业,193993124
2023-09-15,非必需性消费,159360790
2023-09-15,必需性消费,96848772
2023-09-15,医疗保健业,249011972
2023-09-15,电讯业,-7299755
2023-09-15,公用事业,-68295877
2023-09-15,金融业,349483163
2023-09-15,地产建筑业,-139281722
2023-09-15,资讯科技业,128649619
2023-09-15,综合企业,-16032407
2023-09-15,其他,0
2023-09-18,能源业,-75920405
2023-09-18,原材料业,46590563
2023-09-18,工业,24384946
2023-09-18,非必需性消费,410833517
2023-09-18,必需性消费,-46624594
2023-09-18,医疗保健业,456333937
2023-09-18,电讯业,10711751
2023-09-18,公用事业,3927868
2023-09-18,金融业,-380903214
2023-09-18,地产建筑业,-23390501
2023-09-18,资讯科技业,-174332115
2023-09-18,综合企业,721368
2023-09-18,其他,0
2023-09-19,能源业,147015133
2023-09-19,原材料业,45565784
2023-09-19,工业,71536436
2023-09-19,非必需性消费,142263078
2023-09-19,必需性消费,107736997
2023-09-19,医疗保健业,129683722
2023-09-19,电讯业,82315175
2023-09-19,公用事业,30834377
2023-09-19,金融业,495061279
2023-09-19,地产建筑业,-103473224
2023-09-19,资讯科技业,147370499
2023-09-19,综合企业,-2111619
2023-09-19,其他,0
2023-09-20,能源业,79166696
2023-09-20,原材料业,65426862
2023-09-20,工业,91217006
2023-09-20,非必需性消费,277059390
2023-09-20,必需性消费,-10986892
2023-09-20,医疗保健业,-14463930
2023-09-20,电讯业,-23170749
2023-09-20,公用事业,50075525
2023-09-20,金融业,410013684
2023-09-20,地产建筑业,75477721
2023-09-20,资讯科技业,130996777
2023-09-20,综合企业,-4004142
2023-09-20,其他,0
2023-09-21,能源业,-79997926
2023-09-21,原材料业,22882885
2023-09-21,工业,138184945
2023-09-21,非必需性消费,284803773
2023-09-21,必需性消费,16910215
2023-09-21,医疗保健业,-68166272
2023-09-21,电讯业,328152778
2023-09-21,公用事业,-69008199
2023-09-21,金融业,-29217431
2023-09-21,地产建筑业,-7767625
2023-09-21,资讯科技业,222192922
2023-09-21,综合企业,-15860721
2023-09-21,其他,0
2023-09-22,能源业,-89067773
2023-09-22,原材料业,-1482921
2023-09-22,工业,137149642
2023-09-22,非必需性消费,889461717
2023-09-22,必需性消费,46969220
2023-09-22,医疗保健业,320034353
2023-09-22,电讯业,-48482537
2023-09-22,公用事业,49836597
2023-09-22,金融业,337305118
2023-09-22,地产建筑业,241173056
2023-09-22,资讯科技业,1163896827
2023-09-22,综合企业,-14429633
2023-09-22,其他,0
2023-09-25,能源业,-104308405
2023-09-25,原材料业,-32037523
2023-09-25,工业,-18393432
2023-09-25,非必需性消费,274876899
2023-09-25,必需性消费,23643609
2023-09-25,医疗保健业,285713967
2023-09-25,电讯业,-225341643
2023-09-25,公用事业,8179972
2023-09-25,金融业,-255011069
2023-09-25,地产建筑业,-79246796
2023-09-25,资讯科技业,296365791
2023-09-25,综合企业,12751130
2023-09-25,其他,0
2023-09-26,能源业,-190548370
2023-09-26,原材料业,115069640
2023-09-26,工业,19624472
2023-09-26,非必需性消费,543689202
2023-09-26,必需性消费,19551765
2023-09-26,医疗保健业,182797886
2023-09-26,电讯业,-213093247
2023-09-26,公用事业,-60929414
2023-09-26,金融业,-650586430
2023-09-26,地产建筑业,-111954030
2023-09-26,资讯科技业,229337290
2023-09-26,综合企业,-11992378
2023-09-26,其他,0
2023-09-27,能源业,50482425
2023-09-27,原材料业,-22913558
2023-09-27,工业,91201641
2023-09-27,非必需性消费,156760399
2023-09-27,必需性消费,45792359
2023-09-27,医疗保健业,530525170
2023-09-27,电讯业,-29622702
2023-09-27,公用事业,-29790714
2023-09-27,金融业,-146816682
2023-09-27,地产建筑业,-211661696
2023-09-27,资讯科技业,452568102
2023-09-27,综合企业,-22630755
2023-09-27,其他,0
2023-09-28,能源业,-44495563
2023-09-28,原材料业,11448480
2023-09-28,工业,45585657
2023-09-28,非必需性消费,325959786
2023-09-28,必需性消费,57059626
2023-09-28,医疗保健业,369324294
2023-09-28,电讯业,-40016035
2023-09-28,公用事业,66460906
2023-09-28,金融业,65189794
2023-09-28,地产建筑业,33552626
2023-09-28,资讯科技业,577202235
2023-09-28,综合企业,-12838677
2023-09-28,其他,0
2023-10-09,能源业,-11726547
2023-10-09,原材料业,40904349
2023-10-09,工业,11421667
2023-10-09,非必需性消费,136784870
2023-10-09,必需性消费,17835690
2023-10-09,医疗保健业,304087040
2023-10-09,电讯业,-21841760
2023-10-09,公用事业,40923127
2023-10-09,金融业,327750769
2023-10-09,地产建筑业,-24093145
2023-10-09,资讯科技业,190476459
2023-10-09,综合企业,-4597284
2023-10-09,其他,0
2023-10-10,能源业,-114792817
2023-10-10,原材料业,12702265
2023-10-10,工业,-58165034
2023-10-10,非必需性消费,46484589
2023-10-10,必需性消费,-51083019
2023-10-10,医疗保健业,-6346050
2023-10-10,电讯业,-95919915
2023-10-10,公用事业,-14137640
2023-10-10,金融业,-626941732
2023-10-10,地产建筑业,-102408316
2023-10-10,资讯科技业,-187302308
2023-10-10,综合企业,-14849891
2023-10-10,其他,0
2023-10-11,能源业,-5298015
2023-10-11,原材料业,5316101
2023-10-11,工业,223922730
2023-10-11,非必需性消费,409891145
2023-10-11,必需性消费,120233261
2023-10-11,医疗保健业,527777975
2023-10-11,电讯业,-40434536
2023-10-11,公用事业,33361250
2023-10-11,金融业,-204516017
2023-10-11,地产建筑业,42279159
2023-10-11,资讯科技业,-362890531
2023-10-11,综合企业,-541745
2023-10-11,其他,0
2023-10-12,能源业,-210677429
2023-10-12,原材料业,-27670951
2023-10-12,工业,134402614
2023-10-12,非必需性消费,-138838854
2023-10-12,必需性消费,31266538
2023-10-12,医疗保健业,364860060
2023-10-12,电讯业,-16526702
2023-10-12,公用事业,-127922620
2023-10-12,金融业,-375980139
2023-10-12,地产建筑业,-99528600
2023-10-12,资讯科技业,-19433918
2023-10-12,综合企业,7386187
2023-10-12,其他,0
2023-10-13,能源业,33882517
2023-10-13,原材料业,7725636
2023-10-13,工业,93132582
2023-10-13,非必需性消费,93097405
2023-10-13,必需性消费,-14177582
2023-10-13,医疗保健业,300410128
2023-10-13,电讯业,-6775538
2023-10-13,公用事业,-28845299
2023-10-13,金融业,-44367457
2023-10-13,地产建筑业,-8738308
2023-10-13,资讯科技业,-525809748
2023-10-13,综合企业,49857281
2023-10-13,其他,0
2023-10-16,能源业,-138295473
2023-10-16,原材料业,-63967919
2023-10-16,工业,75236792
2023-10-16,非必需性消费,558980222
2023-10-16,必需性消费,-86143751
2023-10-16,医疗保健业,129549538
2023-10-16,电讯业,39387150
2023-10-16,公用事业,-37426105
2023-10-16,金融业,44613769
2023-10-16,地产建筑业,-116321980
2023-10-16,资讯科技业,22632756
2023-10-16,综合企业,-650155
2023-10-16,其他,0
2023-10-17,能源业,66627856
2023-10-17,原材料业,-26354607
2023-10-17,工业,38193856
2023-10-17,非必需性消费,495176619
2023-10-17,必需性消费,-90349053
2023-10-17,医疗保健业,40098235
2023-10-17,电讯业,113752743
2023-10-17,公用事业,27309898
2023-10-17,金融业,234058576
2023-10-17,地产建筑业,-5356898
2023-10-17,资讯科技业,186312375
2023-10-17,综合企业,-19549413
2023-10-17,其他,0
2023-10-18,能源业,-9842737
2023-10-18,原材料业,-16065882
2023-10-18,工业,48526893
2023-10-18,非必需性消费,-134037617
2023-10-18,必需性消费,-36194912
2023-10-18,医疗保健业,-69894898
2023-10-18,电讯业,21449704
2023-10-18,公用事业,-25861611
2023-10-18,金融业,-136475241
2023-10-18,地产建筑业,18613784
2023-10-18,资讯科技业,-14880406
2023-10-18,综合企业,-5476874
2023-10-18,其他,0
2023-10-19,能源业,-184127865
2023-10-19,原材料业,-37532645
2023-10-19,工业,15327328
2023-10-19,非必需性消费,-90289028
2023-10-19,必需性消费,-50566298
2023-10-19,医疗保健业,-307659635
2023-10-19,电讯业,-199983202
2023-10-19,公用事业,-2143324
2023-10-19,金融业,-104989327
2023-10-19,地产建筑业,42763824
2023-10-19,资讯科技业,-41494561
2023-10-19,综合企业,-17337356
2023-10-19,其他,0
2023-10-20,能源业,-88377068
2023-10-20,原材料业,47916732
2023-10-20,工业,63397744
2023-10-20,非必需性消费,485005264
2023-10-20,必需性消费,3690686
2023-10-20,医疗保健业,320893222
2023-10-20,电讯业,-15964503
2023-10-20,公用事业,13778550
2023-10-20,金融业,250521543
2023-10-20,地产建筑业,9507364
2023-10-20,资讯科技业,723415423
2023-10-20,综合企业,-16103807
2023-10-20,其他,0
2023-10-23,能源业,0
2023-10-23,原材料业,0
2023-10-23,工业,0
2023-10-23,非必需性消费,0
2023-10-23,必需性消费,0
2023-10-23,医疗保健业,0
2023-10-23,电讯业,0
2023-10-23,公用事业,0
2023-10-23,金融业,0
2023-10-23,地产建筑业,0
2023-10-23,资讯科技业,0
2023-10-23,综合企业,0
2023-10-23,其他,0
2023-10-24,能源业,81198177
2023-10-24,原材料业,97220673
2023-10-24,工业,81168721
2023-10-24,非必需性消费,622371363
2023-10-24,必需性消费,-11495527
2023-10-24,医疗保健业,378931167
2023-10-24,电讯业,-53727934
2023-10-24,公用事业,56757175
2023-10-24,金融业,148136409
2023-10-24,地产建筑业,-33576258
2023-10-24,资讯科技业,305661040
2023-10-24,综合企业,-22005250
2023-10-24,其他,0
2023-10-25,能源业,-320307949
2023-10-25,原材料业,59323246
2023-10-25,工业,-67572715
2023-10-25,非必需性消费,-120633698
2023-10-25,必需性消费,8183955
2023-10-25,医疗保健业,49132551
2023-10-25,电讯业,-137729252
2023-10-25,公用事业,-143281191
2023-10-25,金融业,-288624930
2023-10-25,地产建筑业,-75250256
2023-10-25,资讯科技业,-63414911
2023-10-25,综合企业,-11507653
2023-10-25,其他,0
2023-10-26,能源业,20012173
2023-10-26,原材料业,14132984
2023-10-26,工业,36713513
2023-10-26,非必需性消费,289448725
2023-10-26,必需性消费,19814262
2023-10-26,医疗保健业,152264370
2023-10-26,电讯业,-47389170
2023-10-26,公用事业,87322127
2023-10-26,金融业,278526833
2023-10-26,地产建筑业,70366436
2023-10-26,资讯科技业,165289894
2023-10-26,综合企业,-38372759
2023-10-26,其他,0
2023-10-27,能源业,19185017
2023-10-27,原材料业,63193189
2023-10-27,工业,111417814
2023-10-27,非必需性消费,769794477
2023-10-27,必需性消费,61495854
2023-10-27,医疗保健业,519821814
2023-10-27,电讯业,-12643341
2023-10-27,公用事业,70536752
2023-10-27,金融业,261931281
2023-10-27,地产建筑业,245808722
2023-10-27,资讯科技业,287055032
2023-10-27,综合企业,-16048049
2023-10-27,其他,0
2023-10-30,能源业,-209035668
2023-10-30,原材料业,27016726
2023-10-30,工业,122523290
2023-10-30,非必需性消费,382809006
2023-10-30,必需性消费,85723061
2023-10-30,医疗保健业,664054617
2023-10-30,电讯业,-25690758
2023-10-30,公用事业,12199006
2023-10-30,金融业,213904230
2023-10-30,地产建筑业,63576663
2023-10-30,资讯科技业,299743516
2023-10-30,综合企业,5812523
2023-10-30,其他,0
2023-10-31,能源业,-128118436
2023-10-31,原材料业,12189039
2023-10-31,工业,58439910
2023-10-31,非必需性消费,79504131
2023-10-31,必需性消费,-9930178
2023-10-31,医疗保健业,-49416886
2023-10-31,电讯业,51614152
2023-10-31,公用事业,-43268278
2023-10-31,金融业,403376779
2023-10-31,地产建筑业,-39209213
2023-10-31,资讯科技业,-344835150
2023-10-31,综合企业,-46295051
2023-10-31,其他,0
2023-11-01,能源业,175928888
2023-11-01,原材料业,19310030
2023-11-01,工业,113203911
2023-11-01,非必需性消费,257051031
2023-11-01,必需性消费,-344016
2023-11-01,医疗保健业,163260967
2023-11-01,电讯业,-41707697
2023-11-01,公用事业,32423099
2023-11-01,金融业,155936622
2023-11-01,地产建筑业,40062945
2023-11-01,资讯科技业,212669306
2023-11-01,综合企业,211333
2023-11-01,其他,0
2023-11-02,能源业,40661345
2023-11-02,原材料业,-10559157
2023-11-02,工业,98198843
2023-11-02,非必需性消费,173274301
2023-11-02,必需性消费,-61413748
2023-11-02,医疗保健业,182073638
2023-11-02,电讯业,-85292295
2023-11-02,公用事业,23070989
2023-11-02,金融业,-82163344
2023-11-02,地产建筑业,16290672
2023-11-02,资讯科技业,9121391
2023-11-02,综合企业,-14461211
2023-11-02,其他,0
2023-11-03,能源业,-57910265
2023-11-03,原材料业,-36316824
2023-11-03,工业,108291720
2023-11-03,非必需性消费,199615024
2023-11-03,必需性消费,37427559
2023-11-03,医疗保健业,322743388
2023-11-03,电讯业,-102847403
2023-11-03,公用事业,53178290
2023-11-03,金融业,270959992
2023-11-03,地产建筑业,10240006
2023-11-03,资讯科技业,517799142
2023-11-03,综合企业,-47061278
2023-11-03,其他,0
2023-11-06,能源业,-257466671
2023-11-06,原材料业,-36187059
2023-11-06,工业,41190937
2023-11-06,非必需性消费,295525626
2023-11-06,必需性消费,-116634926
2023-11-06,医疗保健业,518740637
2023-11-06,电讯业,-297115785
2023-11-06,公用事业,161775
2023-11-06,金融业,-292898457
2023-11-06,地产建筑业,43280519
2023-11-06,资讯科技业,257705254
2023-11-06,综合企业,-23812296
2023-11-06,其他,0
2023-11-07,能源业,125446265
2023-11-07,原材料业,-55876697
2023-11-07,工业,124644629
2023-11-07,非必需性消费,-12305349
2023-11-07,必需性消费,24773372
2023-11-07,医疗保健业,312266922
2023-11-07,电讯业,-5910496
2023-11-07,公用事业,-71822999
2023-11-07,金融业,3377789
2023-11-07,地产建筑业,-251245266
2023-11-07,资讯科技业,-255246403
2023-11-07,综合企业,-42012140
2023-11-07,其他,0
2023-11-08,能源业,-73643287
2023-11-08,原材料业,-45538942
2023-11-08,工业,158340896
2023-11-08,非必需性消费,-72853728
2023-11-08,必需性消费,26635625
2023-11-08,医疗保健业,214481253
2023-11-08,电讯业,-89324888
2023-11-08,公用事业,50130127
2023-11-08,金融业,40003004
2023-11-08,地产建筑业,247548910
2023-11-08,资讯科技业,-37277979
2023-11-08,综合企业,-14029986
2023-11-08,其他,0
2023-11-09,能源业,118230221
2023-11-09,原材料业,-5215447
2023-11-09,工业,47910832
2023-11-09,非必需性消费,16217492
2023-11-09,必需性消费,26834018
2023-11-09,医疗保健业,116433299
2023-11-09,电讯业,98375518
2023-11-09,公用事业,-10366374
2023-11-09,金融业,199058673
2023-11-09,地产建筑业,-50656733
2023-11-09,资讯科技业,-131173685
2023-11-09,综合企业,-4939281
2023-11-09,其他,0
2023-11-10,能源业,87703656
2023-11-10,原材料业,568310
2023-11-10,工业,96763574
2023-11-10,非必需性消费,27294872
2023-11-10,必需性消费,16809299
2023-11-10,医疗保健业,285604275
2023-11-10,电讯业,-28550539
2023-11-10,公用事业,68630352
2023-11-10,金融业,365143736
2023-11-10,地产建筑业,37037014
2023-11-10,资讯科技业,-356427733
2023-11-10,综合企业,-36963530
2023-11-10,其他,0
2023-11-13,能源业,159043333
2023-11-13,原材料业,28200686
2023-11-13,工业,189054792
2023-11-13,非必需性消费,718142701
2023-11-13,必需性消费,12378037
2023-11-13,医疗保健业,167718759
2023-11-13,电讯业,-5125862
2023-11-13,公用事业,15807237
2023-11-13,金融业,536037953
2023-11-13,地产建筑业,-35195207
2023-11-13,资讯科技业,392062555
2023-11-13,综合企业,-10962443
2023-11-13,其他,0
2023-11-14,能源业,-826974
2023-11-14,原材料业,-50327428
2023-11-14,工业,91256851
2023-11-14,非必需性消费,218045760
2023-11-14,必需性消费,-88746950
2023-11-14,医疗保健业,243474649
2023-11-14,电讯业,40948183
2023-11-14,公用事业,77340386
2023-11-14,金融业,-256693778
2023-11-14,地产建筑业,41461847
2023-11-14,资讯科技业,-106253916
2023-11-14,综合企业,-18182766
2023-11-14,其他,0
2023-11-15,能源业,85719843
2023-11-15,原材料业,27442793
2023-11-15,工业,196190936
2023-11-15,非必需性消费,82922723
2023-11-15,必需性消费,59816310
2023-11-15,医疗保健业,160283136
2023-11-15,电讯业,36431467
2023-11-15,公用事业,53003396
2023-11-15,金融业,-145215804
2023-11-15,地产建筑业,-88279817
2023-11-15,资讯科技业,-40918240
2023-11-15,综合企业,1317742
2023-11-15,其他,0
2023-11-16,能源业,160894869
2023-11-16,原材料业,-12740935
2023-11-16,工业,45672248
2023-11-16,非必需性消费,185608883
2023-11-16,必需性消费,9535422
2023-11-16,医疗保健业,206909354
2023-11-16,电讯业,77757635
2023-11-16,公用事业,2719134
2023-11-16,金融业,-215616926
2023-11-16,地产建筑业,-72274351
2023-11-16,资讯科技业,-64416657
2023-11-16,综合企业,-12880280
2023-11-16,其他,0
2023-11-17,能源业,-97126801
2023-11-17,原材料业,-39265981
2023-11-17,工业,83130879
2023-11-17,非必需性消费,790524878
2023-11-17,必需性消费,12728089
2023-11-17,医疗保健业,270719693
2023-11-17,电讯业,4682182
2023-11-17,公用事业,1531399
2023-11-17,金融业,-160042742
2023-11-17,地产建筑业,-93151151
2023-11-17,资讯科技业,180677263
2023-11-17,综合企业,-11691722
2023-11-17,其他,0
2023-11-20,能源业,-137903646
2023-11-20,原材料业,-4828375
2023-11-20,工业,-59819112
2023-11-20,非必需性消费,438270185
2023-11-20,必需性消费,-58767955
2023-11-20,医疗保健业,233810903
2023-11-20,电讯业,-159918570
2023-11-20,公用事业,-5474362
2023-11-20,金融业,42109108
2023-11-20,地产建筑业,10401443
2023-11-20,资讯科技业,-225929216
2023-11-20,综合企业,-11848848
2023-11-20,其他,0
2023-11-21,能源业,-119155645
2023-11-21,原材料业,-7675724
2023-11-21,工业,-16342236
2023-11-21,非必需性消费,-118855391
2023-11-21,必需性消费,-4536390
2023-11-21,医疗保健业,116655391
2023-11-21,电讯业,8957652
2023-11-21,公用事业,-47925019
2023-11-21,金融业,-397326169
2023-11-21,地产建筑业,-124511485
2023-11-21,资讯科技业,-524401599
2023-11-21,综合企业,-45947830
2023-11-21,其他,0
2023-11-22,能源业,65041328
2023-11-22,原材料业,47925462
2023-11-22,工业,-68215307
2023-11-22,非必需性消费,230074016
2023-11-22,必需性消费,12399783
2023-11-22,医疗保健业,33102910
2023-11-22,电讯业,67867320
2023-11-22,公用事业,-27957699
2023-11-22,金融业,-30298603
2023-11-22,地产建筑业,165002202
2023-11-22,资讯科技业,-125155458
2023-11-22,综合企业,-12278982
2023-11-22,其他,0
2023-11-23,能源业,-35658627
2023-11-23,原材料业,-12124042
2023-11-23,工业,12233506
2023-11-23,非必需性消费,-74334541
2023-11-23,必需性消费,14944790
2023-11-23,医疗保健业,402271256
2023-11-23,电讯业,6238639
2023-11-23,公用事业,73586228
2023-11-23,金融业,119980580
2023-11-23,地产建筑业,633547614
2023-11-23,资讯科技业,145487683
2023-11-23,综合企业,1726211
2023-11-23,其他,0
2023-11-24,能源业,17574086
2023-11-24,原材料业,-23919455
2023-11-24,工业,20257107
2023-11-24,非必需性消费,301023888
2023-11-24,必需性消费,-5278923
2023-11-24,医疗保健业,-53712957
2023-11-24,电讯业,108730731
2023-11-24,公用事业,9261710
2023-11-24,金融业,104681630
2023-11-24,地产建筑业,-9676527
2023-11-24,资讯科技业,-634124348
2023-11-24,综合企业,-159239
2023-11-24,其他,0
2023-11-27,能源业,-25645857
2023-11-27,原材料业,30592590
2023-11-27,工业,124125333
2023-11-27,非必需性消费,552277084
2023-11-27,必需性消费,24656887
2023-11-27,医疗保健业,12260274
2023-11-27,电讯业,11857206
2023-11-27,公用事业,38000459
2023-11-27,金融业,115843667
2023-11-27,地产建筑业,-132591581
2023-11-27,资讯科技业,-166327644
2023-11-27,综合企业,-15361570
2023-11-27,其他,0
2023-11-28,能源业,-128658170
2023-11-28,原材料业,-54897811
2023-11-28,工业,100106643
2023-11-28,非必需性消费,-43165895
2023-11-28,必需性消费,-8796766
2023-11-28,医疗保健业,209105800
2023-11-28,电讯业,-16267909
2023-11-28,公用事业,40483343
2023-11-28,金融业,-137671255
2023-11-28,地产建筑业,-92933823
2023-11-28,资讯科技业,-9288413
2023-11-28,综合企业,43420195
2023-11-28,其他,0
2023-11-29,能源业,-31018152
2023-11-29,原材料业,-21574804
2023-11-29,工业,-240520
2023-11-29,非必需性消费,-1125390
2023-11-29,必需性消费,-79936115
2023-11-29,医疗保健业,-286311335
2023-11-29,电讯业,-48442595
2023-11-29,公用事业,-24861959
2023-11-29,金融业,-899304981
2023-11-29,地产建筑业,-47684114
2023-11-29,资讯科技业,-166621099
2023-11-29,综合企业,-29500128
2023-11-29,其他,0
2023-11-30,能源业,57326337
2023-11-30,原材料业,79156042
2023-11-30,工业,58650509
2023-11-30,非必需性消费,416564211
2023-11-30,必需性消费,42671317
2023-11-30,医疗保健业,106436087
2023-11-30,电讯业,-12339276
2023-11-30,公用事业,7637778
2023-11-30,金融业,242166228
2023-11-30,地产建筑业,111848890
2023-11-30,资讯科技业,73711897
2023-11-30,综合企业,3793045
2023-11-30,其他,0
2023-12-01,能源业,153667777
2023-12-01,原材料业,9032824
2023-12-01,工业,26505128
2023-12-01,非必需性消费,259630643
2023-12-01,必需性消费,-184735573
2023-12-01,医疗保健业,-32874859
2023-12-01,电讯业,21720576
2023-12-01,公用事业,-44841945
2023-12-01,金融业,-283605254
2023-12-01,地产建筑业,-63367397
2023-12-01,资讯科技业,-6088450
2023-12-01,综合企业,22729944
2023-12-01,其他,0
2023-12-04,能源业,137524165
2023-12-04,原材料业,14537723
2023-12-04,工业,20311029
2023-12-04,非必需性消费,-88570350
2023-12-04,必需性消费,-75969693
2023-12-04,医疗保健业,-262405935
2023-12-04,电讯业,-111828490
2023-12-04,公用事业,-111004624
2023-12-04,金融业,-184992512
2023-12-04,地产建筑业,-207432594
2023-12-04,资讯科技业,-119896604
2023-12-04,综合企业,-16391391
2023-12-04,其他,0
2023-12-05,能源业,60324703
2023-12-05,原材料业,-44548249
2023-12-05,工业,36560947
2023-12-05,非必需性消费,64472959
2023-12-05,必需性消费,-46213015
2023-12-05,医疗保健业,78680994
2023-12-05,电讯业,-53546506
2023-12-05,公用事业,-1097204
2023-12-05,金融业,170896899
2023-12-05,地产建筑业,-140217957
2023-12-05,资讯科技业,-212525457
2023-12-05,综合企业,-16561572
2023-12-05,其他,0
2023-12-06,能源业,150502476
2023-12-06,原材料业,60467130
2023-12-06,工业,106947332
2023-12-06,非必需性消费,827126592
2023-12-06,必需性消费,154859325
2023-12-06,医疗保健业,103514537
2023-12-06,电讯业,38442271
2023-12-06,公用事业,46315512
2023-12-06,金融业,468391551
2023-12-06,地产建筑业,121999379
2023-12-06,资讯科技业,709901997
2023-12-06,综合企业,22113884
2023-12-06,其他,0
2023-12-07,能源业,927913
2023-12-07,原材料业,29155658
2023-12-07,工业,65066262
2023-12-07,非必需性消费,604390048
2023-12-07,必需性消费,27730890
2023-12-07,医疗保健业,30878723
2023-12-07,电讯业,-113542727
2023-12-07,公用事业,43120165
2023-12-07,金融业,635776273
2023-12-07,地产建筑业,21858916
2023-12-07,资讯科技业,194534943
2023-12-07,综合企业,2741551
2023-12-07,其他,0
2023-12-08,能源业,163062102
2023-12-08,原材料业,-58138227
2023-12-08,工业,-6571320
2023-12-08,非必需性消费,181052407
2023-12-08,必需性消费,-78437386
2023-12-08,医疗保健业,191319095
2023-12-08,电讯业,-12698432
2023-12-08,公用事业,32782186
2023-12-08,金融业,-85577631
2023-12-08,地产建筑业,-209925872
2023-12-08,资讯科技业,-13864447
2023-12-08,综合企业,7899181
2023-12-08,其他,0
2023-12-11,能源业,125551781
2023-12-11,原材料业,64698667
2023-12-11,工业,166336687
2023-12-11,非必需性消费,777739195
2023-12-11,必需性消费,17963914
2023-12-11,医疗保健业,109446683
2023-12-11,电讯业,5384610
2023-12-11,公用事业,4768877
2023-12-11,金融业,498219242
2023-12-11,地产建筑业,2712191
2023-12-11,资讯科技业,103245316
2023-12-11,综合企业,-5956153
2023-12-11,其他,0
2023-12-12,能源业,-13738981
2023-12-12,原材料业,40762182
2023-12-12,工业,89990061
2023-12-12,非必需性消费,325774774
2023-12-12,必需性消费,36782816
2023-12-12,医疗保健业,396459700
2023-12-12,电讯业,47460481
2023-12-12,公用事业,15440720
2023-12-12,金融业,60738415
2023-12-12,地产建筑业,216094400
2023-12-12,资讯科技业,491651549
2023-12-12,综合企业,22168583
2023-12-12,其他,0
2023-12-13,能源业,-1825373
2023-12-13,原材料业,-26826692
2023-12-13,工业,7747365
2023-12-13,非必需性消费,129440172
2023-12-13,必需性消费,-13699837
2023-12-13,医疗保健业,178046943
2023-12-13,电讯业,-2177497
2023-12-13,公用事业,-12598477
2023-12-13,金融业,71101536
2023-12-13,地产建筑业,-85758019
2023-12-13,资讯科技业,132080342
2023-12-13,综合企业,19834444
2023-12-13,其他,0
2023-12-14,能源业,-20471261
2023-12-14,原材料业,-74593672
2023-12-14,工业,15826609
2023-12-14,非必需性消费,156871127
2023-12-14,必需性消费,-67690558
2023-12-14,医疗保健业,-206959362
2023-12-14,电讯业,68211481
2023-12-14,公用事业,1097176
2023-12-14,金融业,-436585908
2023-12-14,地产建筑业,-27284899
2023-12-14,资讯科技业,-453512453
2023-12-14,综合企业,22806394
2023-12-14,其他,0
2023-12-15,能源业,259695516
2023-12-15,原材料业,12315776
2023-12-15,工业,100601000
2023-12-15,非必需性消费,45078396
2023-12-15,必需性消费,36784457
2023-12-15,医疗保健业,8927942
2023-12-15,电讯业,126055250
2023-12-15,公用事业,45008328
2023-12-15,金融业,-358383680
2023-12-15,地产建筑业,-108677975
2023-12-15,资讯科技业,-384419248
2023-12-15,综合企业,-3442461
2023-12-15,其他,0
2023-12-18,能源业,324608832
2023-12-18,原材料业,35288632
2023-12-18,工业,-43955767
2023-12-18,非必需性消费,165891444
2023-12-18,必需性消费,-79224520
2023-12-18,医疗保健业,-102119038
2023-12-18,电讯业,-56392047
2023-12-18,公用事业,105085520
2023-12-18,金融业,5029985
2023-12-18,地产建筑业,-146611170
2023-12-18,资讯科技业,-84025903
2023-12-18,综合企业,18356770
2023-12-18,其他,0
2023-12-19,能源业,106929949
2023-12-19,原材料业,17131335
2023-12-19,工业,-47939637
2023-12-19,非必需性消费,230925045
2023-12-19,必需性消费,-15879253
2023-12-19,医疗保健业,-109913725
2023-12-19,电讯业,61519715
2023-12-19,公用事业,27747543
2023-12-19,金融业,27354325
2023-12-19,地产建筑业,-101229868
2023-12-19,资讯科技业,8345787
2023-12-19,综合企业,444978
2023-12-19,其他,0
2023-12-20,能源业,-30056271
2023-12-20,原材料业,19261909
2023-12-20,工业,20217577
2023-12-20,非必需性消费,-119690958
2023-12-20,必需性消费,-31369349
2023-12-20,医疗保健业,-143731366
2023-12-20,电讯业,-20814324
2023-12-20,公用事业,-23800958
2023-12-20,金融业,-383599676
2023-12-20,地产建筑业,-121157669
2023-12-20,资讯科技业,-132685192
2023-12-20,综合企业,-22394456
2023-12-20,其他,0
2023-12-21,能源业,67370162
2023-12-21,原材料业,74197223
2023-12-21,工业,171099372
2023-12-21,非必需性消费,362231559
2023-12-21,必需性消费,104520399
2023-12-21,医疗保健业,91504386
2023-12-21,电讯业,-20575873
2023-12-21,公用事业,84795027
2023-12-21,金融业,207565802
2023-12-21,地产建筑业,127915573
2023-12-21,资讯科技业,32581205
2023-12-21,综合企业,9760298
2023-12-21,其他,0
2023-12-22,能源业,327234492
2023-12-22,原材料业,10215123
2023-12-22,工业,-4689950
2023-12-22,非必需性消费,-206921851
2023-12-22,必需性消费,-157264443
2023-12-22,医疗保健业,-196370371
2023-12-22,电讯业,77342381
2023-12-22,公用事业,-47020896
2023-12-22,金融业,-300816391
2023-12-22,地产建筑业,-200048332
2023-12-22,资讯科技业,88833292
2023-12-22,综合企业,-21779648
2023-12-22,其他,0
2023-12-25,能源业,0
2023-12-25,原材料业,0
2023-12-25,工业,0
2023-12-25,非必需性消费,0
2023-12-25,必需性消费,0
2023-12-25,医疗保健业,0
2023-12-25,电讯业,0
2023-12-25,公用事业,0
2023-12-25,金融业,0
2023-12-25,地产建筑业,0
2023-12-25,资讯科技业,0
2023-12-25,综合企业,0
2023-12-25,其他,0
2023-12-26,能源业,0
2023-12-26,原材料业,0
2023-12-26,工业,0
2023-12-26,非必需性消费,0
2023-12-26,必需性消费,0
2023-12-26,医疗保健业,0
2023-12-26,电讯业,0
2023-12-26,公用事业,0
2023-12-26,金融业,0
2023-12-26,地产建筑业,0
2023-12-26,资讯科技业,0
2023-12-26,综合企业,0
2023-12-26,其他,0
2023-12-27,能源业,393985427
2023-12-27,原材料业,86409710
2023-12-27,工业,16216385
2023-12-27,非必需性消费,456356630
2023-12-27,必需性消费,11795450
2023-12-27,医疗保健业,203163067
2023-12-27,电讯业,103972181
2023-12-27,公用事业,-69434874
2023-12-27,金融业,-17861658
2023-12-27,地产建筑业,-20275935
2023-12-27,资讯科技业,122656350
2023-12-27,综合企业,-9598539
2023-12-27,其他,0
2023-12-28,能源业,-77100340
2023-12-28,原材料业,23932077
2023-12-28,工业,27226012
2023-12-28,非必需性消费,218407141
2023-12-28,必需性消费,-59139090
2023-12-28,医疗保健业,117755877
2023-12-28,电讯业,67756557
2023-12-28,公用事业,34614490
2023-12-28,金融业,-278429875
2023-12-28,地产建筑业,124565679
2023-12-28,资讯科技业,59219275
2023-12-28,综合企业,-22527587
2023-12-28,其他,0
2023-12-29,能源业,145406415
2023-12-29,原材料业,58874173
2023-12-29,工业,107411216
2023-12-29,非必需性消费,36943702
2023-12-29,必需性消费,56532810
2023-12-29,医疗保健业,195359758
2023-12-29,电讯业,198717240
2023-12-29,公用事业,120038662
2023-12-29,金融业,48219124
2023-12-29,地产建筑业,50615609
2023-12-29,资讯科技业,31251225
2023-12-29,综合企业,-14812806
2023-12-29,其他,0
2024-01-02,能源业,482164905
2024-01-02,原材料业,94759112
2024-01-02,工业,-45156302
2024-01-02,非必需性消费,237090030
2024-01-02,必需性消费,-116674531
2024-01-02,医疗保健业,-162240107
2024-01-02,电讯业,53751191
2024-01-02,公用事业,127951226
2024-01-02,金融业,105673657
2024-01-02,地产建筑业,-1712402
2024-01-02,资讯科技业,-479966994
2024-01-02,综合企业,-6432216
2024-01-02,其他,0
2024-01-03,能源业,111577234
2024-01-03,原材料业,9115151
2024-01-03,工业,24092914
2024-01-03,非必需性消费,215112803
2024-01-03,必需性消费,-27415836
2024-01-03,医疗保健业,-49270968
2024-01-03,电讯业,154837573
2024-01-03,公用事业,153900365
2024-01-03,金融业,366895940
2024-01-03,地产建筑业,26836767
2024-01-03,资讯科技业,-70941094
2024-01-03,综合企业,-2703856
2024-01-03,其他,0
2024-01-04,能源业,390085732
2024-01-04,原材料业,7355203
2024-01-04,工业,151880012
2024-01-04,非必需性消费,340779277
2024-01-04,必需性消费,31381072
2024-01-04,医疗保健业,6634439
2024-01-04,电讯业,-30435471
2024-01-04,公用事业,78802960
2024-01-04,金融业,90267391
2024-01-04,地产建筑业,47960267
2024-01-04,资讯科技业,-261879415
2024-01-04,综合企业,-34958005
2024-01-04,其他,0
2024-01-05,能源业,303035643
2024-01-05,原材料业,-17619907
2024-01-05,工业,-5622552
2024-01-05,非必需性消费,272655935
2024-01-05,必需性消费,-21575347
2024-01-05,医疗保健业,-240093535
2024-01-05,电讯业,172710644
2024-01-05,公用事业,123944962
2024-01-05,金融业,155375102
2024-01-05,地产建筑业,15673695
2024-01-05,资讯科技业,-506277637
2024-01-05,综合企业,2332749
2024-01-05,其他,0
2024-01-08,能源业,72697311
2024-01-08,原材料业,21725883
2024-01-08,工业,2541921
2024-01-08,非必需性消费,76721344
2024-01-08,必需性消费,11661599
2024-01-08,医疗保健业,391
2024-01-08,电讯业,83627026
2024-01-08,公用事业,-9004241
2024-01-08,金融业,106313673
2024-01-08,地产建筑业,15928164
2024-01-08,资讯科技业,-16854102
2024-01-08,综合企业,-4789531
2024-01-08,其他,0
2024-01-09,能源业,98941164
2024-01-09,原材料业,-930647
2024-01-09,工业,50387555
2024-01-09,非必需性消费,19533410
2024-01-09,必需性消费,7301110
2024-01-09,医疗保健业,56619248
2024-01-09,电讯业,126530615
2024-01-09,公用事业,-80961001
2024-01-09,金融业,-90093436
2024-01-09,地产建筑业,-100569106
2024-01-09,资讯科技业,-398226931
2024-01-09,综合企业,-6860552
2024-01-09,其他,0
2024-01-10,能源业,-59887013
2024-01-10,原材料业,12217955
2024-01-10,工业,-23293365
2024-01-10,非必需性消费,295905536
2024-01-10,必需性消费,100374754
2024-01-10,医疗保健业,-48293512
2024-01-10,电讯业,-45238308
2024-01-10,公用事业,22483837
2024-01-10,金融业,227909212
2024-01-10,地产建筑业,-9729852
2024-01-10,资讯科技业,-144042167
2024-01-10,综合企业,-9046835
2024-01-10,其他,0
2024-01-11,能源业,-147859078
2024-01-11,原材料业,45166324
2024-01-11,工业,-3133427
2024-01-11,非必需性消费,166886137
2024-01-11,必需性消费,29449117
2024-01-11,医疗保健业,159563310
2024-01-11,电讯业,-89269106
2024-01-11,公用事业,5729928
2024-01-11,金融业,145977289
2024-01-11,地产建筑业,75225835
2024-01-11,资讯科技业,82475797
2024-01-11,综合企业,-8441512
2024-01-11,其他,0
2024-01-12,能源业,123043634
2024-01-12,原材料业,30235778
2024-01-12,工业,-5764542
2024-01-12,非必需性消费,130617016
2024-01-12,必需性消费,53662697
2024-01-12,医疗保健业,-67949158
2024-01-12,电讯业,78464734
2024-01-12,公用事业,64364715
2024-01-12,金融业,138023786
2024-01-12,地产建筑业,-50006089
2024-01-12,资讯科技业,-318400025
2024-01-12,综合企业,-19005889
2024-01-12,其他,0
2024-01-15,能源业,140669547
2024-01-15,原材料业,53348826
2024-01-15,工业,63351486
2024-01-15,非必需性消费,137032593
2024-01-15,必需性消费,-8373825
2024-01-15,医疗保健业,42137164
2024-01-15,电讯业,172814200
2024-01-15,公用事业,97545201
2024-01-15,金融业,-66328419
2024-01-15,地产建筑业,-38221175
2024-01-15,资讯科技业,120779178
2024-01-15,综合企业,8800706
2024-01-15,其他,0
2024-01-16,能源业,189990218
2024-01-16,原材料业,21748766
2024-01-16,工业,35472795
2024-01-16,非必需性消费,133424316
2024-01-16,必需性消费,-1452690
2024-01-16,医疗保健业,-1414081
2024-01-16,电讯业,122752262
2024-01-16,公用事业,35669150
2024-01-16,金融业,346562104
2024-01-16,地产建筑业,-116429081
2024-01-16,资讯科技业,-375748042
2024-01-16,综合企业,5417849
2024-01-16,其他,0
2024-01-17,能源业,48240609
2024-01-17,原材料业,-76734412
2024-01-17,工业,-82629040
2024-01-17,非必需性消费,280512924
2024-01-17,必需性消费,4107886
2024-01-17,医疗保健业,-194198922
2024-01-17,电讯业,-275495890
2024-01-17,公用事业,-90814095
2024-01-17,金融业,340527415
2024-01-17,地产建筑业,-153171331
2024-01-17,资讯科技业,-157705244
2024-01-17,综合企业,8861282
2024-01-17,其他,0
2024-01-18,能源业,82042586
2024-01-18,原材料业,57416263
2024-01-18,工业,223045246
2024-01-18,非必需性消费,479152549
2024-01-18,必需性消费,36668920
2024-01-18,医疗保健业,181807324
2024-01-18,电讯业,1071225
2024-01-18,公用事业,-2469895
2024-01-18,金融业,762616913
2024-01-18,地产建筑业,159833647
2024-01-18,资讯科技业,725466796
2024-01-18,综合企业,52086552
2024-01-18,其他,0
2024-01-19,能源业,-98908547
2024-01-19,原材料业,36951896
2024-01-19,工业,-48628435
2024-01-19,非必需性消费,62455137
2024-01-19,必需性消费,-41569678
2024-01-19,医疗保健业,-118911138
2024-01-19,电讯业,45307958
2024-01-19,公用事业,89689879
2024-01-19,金融业,247421745
2024-01-19,地产建筑业,-112274712
2024-01-19,资讯科技业,2137023
2024-01-19,综合企业,-4969783
2024-01-19,其他,0
2024-01-22,能源业,-123676359
2024-01-22,原材料业,-49276595
2024-01-22,工业,-209979807
2024-01-22,非必需性消费,-155142601
2024-01-22,必需性消费,26778694
2024-01-22,医疗保健业,-466174714
2024-01-22,电讯业,-241085225
2024-01-22,公用事业,-60716158
2024-01-22,金融业,-300009572
2024-01-22,地产建筑业,-247558547
2024-01-22,资讯科技业,-250294831
2024-01-22,综合企业,-16655657
2024-01-22,其他,0
2024-01-23,能源业,41011374
2024-01-23,原材料业,-8229346
2024-01-23,工业,116033676
2024-01-23,非必需性消费,-176035225
2024-01-23,必需性消费,-18149887
2024-01-23,医疗保健业,104242713
2024-01-23,电讯业,-106769833
2024-01-23,公用事业,82060187
2024-01-23,金融业,-93510936
2024-01-23,地产建筑业,56440114
2024-01-23,资讯科技业,39034567
2024-01-23,综合企业,7012036
2024-01-23,其他,0
2024-01-24,能源业,531298905
2024-01-24,原材料业,63474879
2024-01-24,工业,152199818
2024-01-24,非必需性消费,338435269
2024-01-24,必需性消费,36957912
2024-01-24,医疗保健业,77776449
2024-01-24,电讯业,276106762
2024-01-24,公用事业,251263874
2024-01-24,金融业,651073367
2024-01-24,地产建筑业,137408977
2024-01-24,资讯科技业,-260366758
2024-01-24,综合企业,41080777
2024-01-24,其他,0
2024-01-25,能源业,430538021
2024-01-25,原材料业,176700195
2024-01-25,工业,27480565
2024-01-25,非必需性消费,367277035
2024-01-25,必需性消费,-17776679
2024-01-25,医疗保健业,128942212
2024-01-25,电讯业,138321797
2024-01-25,公用事业,163555639
2024-01-25,金融业,-149151539
2024-01-25,地产建筑业,506532126
2024-01-25,资讯科技业,-461258012
2024-01-25,综合企业,25427896
2024-01-25,其他,0
2024-01-26,能源业,-223570361
2024-01-26,原材料业,-20147301
2024-01-26,工业,-14631767
2024-01-26,非必需性消费,-83587363
2024-01-26,必需性消费,24599737
2024-01-26,医疗保健业,65526242
2024-01-26,电讯业,76999571
2024-01-26,公用事业,-39100130
2024-01-26,金融业,-418601969
2024-01-26,地产建筑业,56926790
2024-01-26,资讯科技业,-883542645
2024-01-26,综合企业,12931460
2024-01-26,其他,0
2024-01-29,能源业,-123358947
2024-01-29,原材料业,-58924104
2024-01-29,工业,-437366
2024-01-29,非必需性消费,-34258690
2024-01-29,必需性消费,-113788561
2024-01-29,医疗保健业,-338797047
2024-01-29,电讯业,5773419
2024-01-29,公用事业,69431131
2024-01-29,金融业,-993758582
2024-01-29,地产建筑业,-135712849
2024-01-29,资讯科技业,-314743177
2024-01-29,综合企业,-11770920
2024-01-29,其他,0
2024-01-30,能源业,-96798583
2024-01-30,原材料业,-72469922
2024-01-30,工业,-17235543
2024-01-30,非必需性消费,269075638
2024-01-30,必需性消费,-24708399
2024-01-30,医疗保健业,-361031035
2024-01-30,电讯业,72663845
2024-01-30,公用事业,-81995310
2024-01-30,金融业,119941122
2024-01-30,地产建筑业,5501886
2024-01-30,资讯科技业,-264672243
2024-01-30,综合企业,-11114777
2024-01-30,其他,0
2024-01-31,能源业,92286850
2024-01-31,原材料业,19604585
2024-01-31,工业,-68321013
2024-01-31,非必需性消费,-254946349
2024-01-31,必需性消费,12262073
2024-01-31,医疗保健业,-210511787
2024-01-31,电讯业,60876764
2024-01-31,公用事业,57690008
2024-01-31,金融业,-97948691
2024-01-31,地产建筑业,-114404994
2024-01-31,资讯科技业,-264683056
2024-01-31,综合企业,12906949
2024-01-31,其他,0
2024-02-01,能源业,132965578
2024-02-01,原材料业,37226683
2024-02-01,工业,-49142210
2024-02-01,非必需性消费,259883808
2024-02-01,必需性消费,-21822756
2024-02-01,医疗保健业,-66085668
2024-02-01,电讯业,5103300
2024-02-01,公用事业,33045009
2024-02-01,金融业,-80923050
2024-02-01,地产建筑业,6912951
2024-02-01,资讯科技业,-158479275
2024-02-01,综合企业,-10446461
2024-02-01,其他,0
2024-02-02,能源业,-54195955
2024-02-02,原材料业,-22942764
2024-02-02,工业,-150306561
2024-02-02,非必需性消费,-344102086
2024-02-02,必需性消费,-133294963
2024-02-02,医疗保健业,-333632588
2024-02-02,电讯业,-127770792
2024-02-02,公用事业,-62888080
2024-02-02,金融业,-441225752
2024-02-02,地产建筑业,-87962509
2024-02-02,资讯科技业,-554306766
2024-02-02,综合企业,-62405201
2024-02-02,其他,0
2024-02-05,能源业,-25282122
2024-02-05,原材料业,-33133842
2024-02-05,工业,-14388963
2024-02-05,非必需性消费,-116415018
2024-02-05,必需性消费,100374387
2024-02-05,医疗保健业,-214241220
2024-02-05,电讯业,110462898
2024-02-05,公用事业,109493440
2024-02-05,金融业,288778183
2024-02-05,地产建筑业,-7849991
2024-02-05,资讯科技业,-296918063
2024-02-05,综合企业,-3373647
2024-02-05,其他,0
2024-02-06,能源业,57411934
2024-02-06,原材料业,-4861316
2024-02-06,工业,258483715
2024-02-06,非必需性消费,604075730
2024-02-06,必需性消费,7962039
2024-02-06,医疗保健业,247830994
2024-02-06,电讯业,65214253
2024-02-06,公用事业,154983845
2024-02-06,金融业,44257115
2024-02-06,地产建筑业,189358537
2024-02-06,资讯科技业,246963221
2024-02-06,综合企业,-20568654
2024-02-06,其他,0
2024-02-07,能源业,108805957
2024-02-07,原材料业,-133738277
2024-02-07,工业,58155591
2024-02-07,非必需性消费,-178359853
2024-02-07,必需性消费,52370615
2024-02-07,医疗保健业,-170380504
2024-02-07,电讯业,165336938
2024-02-07,公用事业,47475851
2024-02-07,金融业,-889283848
2024-02-07,地产建筑业,-134923566
2024-02-07,资讯科技业,-687974361
2024-02-07,综合企业,6040571
2024-02-07,其他,0
2024-02-08,能源业,200382860
2024-02-08,原材料业,12733835
2024-02-08,工业,170828629
2024-02-08,非必需性消费,-269955965
2024-02-08,必需性消费,-119269911
2024-02-08,医疗保健业,27857888
2024-02-08,电讯业,213213639
2024-02-08,公用事业,-35463638
2024-02-08,金融业,-258446181
2024-02-08,地产建筑业,39457192
2024-02-08,资讯科技业,193707920
2024-02-08,综合企业,-12645389
2024-02-08,其他,0
2024-02-19,能源业,285955397
2024-02-19,原材料业,103261138
2024-02-19,工业,125488654
2024-02-19,非必需性消费,-59885944
2024-02-19,必需性消费,-69897671
2024-02-19,医疗保健业,-14116171
2024-02-19,电讯业,15719881
2024-02-19,公用事业,139941594
2024-02-19,金融业,229886621
2024-02-19,地产建筑业,32124732
2024-02-19,资讯科技业,-115922204
2024-02-19,综合企业,-13245416
2024-02-19,其他,0
2024-02-20,能源业,126274108
2024-02-20,原材料业,39364481
2024-02-20,工业,74879768
2024-02-20,非必需性消费,-155496925
2024-02-20,必需性消费,116401572
2024-02-20,医疗保健业,110788448
2024-02-20,电讯业,295376306
2024-02-20,公用事业,330110747
2024-02-20,金融业,581634655
2024-02-20,地产建筑业,102187438
2024-02-20,资讯科技业,-20450619
2024-02-20,综合企业,16911199
2024-02-20,其他,0
2024-02-21,能源业,-174127422
2024-02-21,原材料业,87565755
2024-02-21,工业,152830205
2024-02-21,非必需性消费,600848829
2024-02-21,必需性消费,18664596
2024-02-21,医疗保健业,98509806
2024-02-21,电讯业,-33697179
2024-02-21,公用事业,78025037
2024-02-21,金融业,-658781381
2024-02-21,地产建筑业,184343642
2024-02-21,资讯科技业,72476187
2024-02-21,综合企业,14417860
2024-02-21,其他,0
2024-02-22,能源业,368457458
2024-02-22,原材料业,112182502
2024-02-22,工业,222086167
2024-02-22,非必需性消费,571136025
2024-02-22,必需性消费,175500840
2024-02-22,医疗保健业,147228296
2024-02-22,电讯业,395346683
2024-02-22,公用事业,130396108
2024-02-22,金融业,820803971
2024-02-22,地产建筑业,175515530
2024-02-22,资讯科技业,525652488
2024-02-22,综合企业,18099182
2024-02-22,其他,0
2024-02-23,能源业,-463769978
2024-02-23,原材料业,78145456
2024-02-23,工业,59970644
2024-02-23,非必需性消费,546046844
2024-02-23,必需性消费,-1576547
2024-02-23,医疗保健业,66694904
2024-02-23,电讯业,248681090
2024-02-23,公用事业,84263174
2024-02-23,金融业,427122039
2024-02-23,地产建筑业,62214440
2024-02-23,资讯科技业,-14203494
2024-02-23,综合企业,6098116
2024-02-23,其他,0
2024-02-26,能源业,-153102520
2024-02-26,原材料业,-7580992
2024-02-26,工业,89526346
2024-02-26,非必需性消费,-113463403
2024-02-26,必需性消费,1557775
2024-02-26,医疗保健业,-55308878
2024-02-26,电讯业,68373053
2024-02-26,公用事业,-51864062
2024-02-26,金融业,-208531394
2024-02-26,地产建筑业,143844017
2024-02-26,资讯科技业,86517357
2024-02-26,综合企业,9503732
2024-02-26,其他,0
2024-02-27,能源业,-23051016
2024-02-27,原材料业,20793313
2024-02-27,工业,140725632
2024-02-27,非必需性消费,616777279
2024-02-27,必需性消费,6269239
2024-02-27,医疗保健业,194072997
2024-02-27,电讯业,116618575
2024-02-27,公用事业,-4142908
2024-02-27,金融业,929711836
2024-02-27,地产建筑业,70496468
2024-02-27,资讯科技业,358291059
2024-02-27,综合企业,-5585866
2024-02-27,其他,0
2024-02-28,能源业,-175816091
2024-02-28,原材料业,-86762200
2024-02-28,工业,-60973198
2024-02-28,非必需性消费,203370706
2024-02-28,必需性消费,-81590431
2024-02-28,医疗保健业,-282821865
2024-02-28,电讯业,39281895
2024-02-28,公用事业,89190917
2024-02-28,金融业,-8878978730
2024-02-28,地产建筑业,139249430
2024-02-28,资讯科技业,-341751389
2024-02-28,综合企业,14463792
2024-02-28,其他,0
2024-02-29,能源业,-121753383
2024-02-29,原材料业,-2599863
2024-02-29,工业,164298595
2024-02-29,非必需性消费,406598282
2024-02-29,必需性消费,-5758263
2024-02-29,医疗保健业,-114512191
2024-02-29,电讯业,-26669451
2024-02-29,公用事业,-59510437
2024-02-29,金融业,269756443
2024-02-29,地产建筑业,3348487
2024-02-29,资讯科技业,250903063
2024-02-29,综合企业,-9578982
2024-02-29,其他,0
2024-03-01,能源业,41090598
2024-03-01,原材料业,33111349
2024-03-01,工业,118160255
2024-03-01,非必需性消费,496459954
2024-03-01,必需性消费,16150312
2024-03-01,医疗保健业,-7139133
2024-03-01,电讯业,108374462
2024-03-01,公用事业,29244950
2024-03-01,金融业,486227891
2024-03-01,地产建筑业,40131253
2024-03-01,资讯科技业,454125321
2024-03-01,综合企业,37075966
2024-03-01,其他,0
2024-03-04,能源业,347189843
2024-03-04,原材料业,-72351
2024-03-04,工业,134407518
2024-03-04,非必需性消费,610219622
2024-03-04,必需性消费,-7516513
2024-03-04,医疗保健业,159602080
2024-03-04,电讯业,125270199
2024-03-04,公用事业,-76149981
2024-03-04,金融业,-338972409
2024-03-04,地产建筑业,-77181260
2024-03-04,资讯科技业,224327448
2024-03-04,综合企业,960754
2024-03-04,其他,0
2024-03-05,能源业,75600467
2024-03-05,原材料业,-59957226
2024-03-05,工业,75715779
2024-03-05,非必需性消费,574345767
2024-03-05,必需性消费,-14706886
2024-03-05,医疗保健业,-306297148
2024-03-05,电讯业,84335166
2024-03-05,公用事业,-20591634
2024-03-05,金融业,43398677
2024-03-05,地产建筑业,28668969
2024-03-05,资讯科技业,34312127
2024-03-05,综合企业,27120308
2024-03-05,其他,0
2024-03-06,能源业,7304876
2024-03-06,原材料业,158200921
2024-03-06,工业,194765316
2024-03-06,非必需性消费,36471913
2024-03-06,必需性消费,-3606638
2024-03-06,医疗保健业,-130260754
2024-03-06,电讯业,74670307
2024-03-06,公用事业,113528412
2024-03-06,金融业,542885567
2024-03-06,地产建筑业,81752592
2024-03-06,资讯科技业,440722218
2024-03-06,综合企业,-19333165
2024-03-06,其他,0
2024-03-07,能源业,150113791
2024-03-07,原材料业,174125525
2024-03-07,工业,113768913
2024-03-07,非必需性消费,37894634
2024-03-07,必需性消费,14814805
2024-03-07,医疗保健业,-253554814
2024-03-07,电讯业,13563785
2024-03-07,公用事业,95885872
2024-03-07,金融业,156586928
2024-03-07,地产建筑业,-20517007
2024-03-07,资讯科技业,-117419211
2024-03-07,综合企业,-10415703
2024-03-07,其他,0
2024-03-08,能源业,336618915
2024-03-08,原材料业,100157827
2024-03-08,工业,461371073
2024-03-08,非必需性消费,-266552680
2024-03-08,必需性消费,-7507505
2024-03-08,医疗保健业,-29005170
2024-03-08,电讯业,132879321
2024-03-08,公用事业,95411918
2024-03-08,金融业,209094570
2024-03-08,地产建筑业,44778318
2024-03-08,资讯科技业,-162369313
2024-03-08,综合企业,-8440489
2024-03-08,其他,0
2024-03-11,能源业,-220619206
2024-03-11,原材料业,43709879
2024-03-11,工业,387593804
2024-03-11,非必需性消费,456058433
2024-03-11,必需性消费,131548279
2024-03-11,医疗保健业,5163932
2024-03-11,电讯业,-40492562
2024-03-11,公用事业,-25956571
2024-03-11,金融业,533462399
2024-03-11,地产建筑业,155909587
2024-03-11,资讯科技业,531972298
2024-03-11,综合企业,-6328372
2024-03-11,其他,0
2024-03-12,能源业,5737975
2024-03-12,原材料业,-130524761
2024-03-12,工业,274583817
2024-03-12,非必需性消费,127136951
2024-03-12,必需性消费,127113153
2024-03-12,医疗保健业,146938824
2024-03-12,电讯业,-391400474
2024-03-12,公用事业,3499857
2024-03-12,金融业,-67994211
2024-03-12,地产建筑业,190017920
2024-03-12,资讯科技业,421522942
2024-03-12,综合企业,-15782914
2024-03-12,其他,0
2024-03-13,能源业,319970730
2024-03-13,原材料业,164970650
2024-03-13,工业,335233481
2024-03-13,非必需性消费,-143345730
2024-03-13,必需性消费,-144619247
2024-03-13,医疗保健业,249777976
2024-03-13,电讯业,89602811
2024-03-13,公用事业,19512677
2024-03-13,金融业,-131326072
2024-03-13,地产建筑业,-87607420
2024-03-13,资讯科技业,162595750
2024-03-13,综合企业,13388546
2024-03-13,其他,0
2024-03-14,能源业,59253174
2024-03-14,原材料业,67182512
2024-03-14,工业,193022124
2024-03-14,非必需性消费,-122890101
2024-03-14,必需性消费,5969136
2024-03-14,医疗保健业,-56923770
2024-03-14,电讯业,363931552
2024-03-14,公用事业,2956219
2024-03-14,金融业,-227376555
2024-03-14,地产建筑业,229101693
2024-03-14,资讯科技业,-410267710
2024-03-14,综合企业,-17517906
2024-03-14,其他,0
2024-03-15,能源业,-13682042
2024-03-15,原材料业,271073486
2024-03-15,工业,148432297
2024-03-15,非必需性消费,489852145
2024-03-15,必需性消费,-140538964
2024-03-15,医疗保健业,165513727
2024-03-15,电讯业,273984728
2024-03-15,公用事业,120688946
2024-03-15,金融业,265704261
2024-03-15,地产建筑业,-113537788
2024-03-15,资讯科技业,389827011
2024-03-15,综合企业,9599438
2024-03-15,其他,0
2024-03-18,能源业,-41858434
2024-03-18,原材料业,34608766
2024-03-18,工业,340380988
2024-03-18,非必需性消费,64871433
2024-03-18,必需性消费,70297903
2024-03-18,医疗保健业,172708985
2024-03-18,电讯业,252040236
2024-03-18,公用事业,-8834916
2024-03-18,金融业,354161059
2024-03-18,地产建筑业,37880288
2024-03-18,资讯科技业,537889761
2024-03-18,综合企业,6263925
2024-03-18,其他,0
2024-03-19,能源业,393886103
2024-03-19,原材料业,-42652764
2024-03-19,工业,262756240
2024-03-19,非必需性消费,186012023
2024-03-19,必需性消费,14642972
2024-03-19,医疗保健业,-67640900
2024-03-19,电讯业,114731826
2024-03-19,公用事业,4175673
2024-03-19,金融业,789029605
2024-03-19,地产建筑业,-117595817
2024-03-19,资讯科技业,-188340191
2024-03-19,综合企业,26878570
2024-03-19,其他,0
2024-03-20,能源业,165877983
2024-03-20,原材料业,47600149
2024-03-20,工业,288335987
2024-03-20,非必需性消费,650919437
2024-03-20,必需性消费,27811184
2024-03-20,医疗保健业,117400584
2024-03-20,电讯业,183537805
2024-03-20,公用事业,-74364005
2024-03-20,金融业,352911957
2024-03-20,地产建筑业,80610567
2024-03-20,资讯科技业,633488148
2024-03-20,综合企业,36940592
2024-03-20,其他,0
2024-03-21,能源业,210682864
2024-03-21,原材料业,222705292
2024-03-21,工业,101432107
2024-03-21,非必需性消费,401296143
2024-03-21,必需性消费,-76189145
2024-03-21,医疗保健业,159549867
2024-03-21,电讯业,169345719
2024-03-21,公用事业,-82812935
2024-03-21,金融业,-568729087
2024-03-21,地产建筑业,32133784
2024-03-21,资讯科技业,415702547
2024-03-21,综合企业,11657672
2024-03-21,其他,0
2024-03-22,能源业,51354532
2024-03-22,原材料业,-9448800
2024-03-22,工业,18554286
2024-03-22,非必需性消费,-89489561
2024-03-22,必需性消费,86101569
2024-03-22,医疗保健业,-102544946
2024-03-22,电讯业,138931226
2024-03-22,公用事业,-100998061
2024-03-22,金融业,441300726
2024-03-22,地产建筑业,408856447
2024-03-22,资讯科技业,552882672
2024-03-22,综合企业,78954765
2024-03-22,其他,0
2024-03-25,能源业,292776673
2024-03-25,原材料业,223150559
2024-03-25,工业,139429116
2024-03-25,非必需性消费,-36703174
2024-03-25,必需性消费,30157335
2024-03-25,医疗保健业,30260611
2024-03-25,电讯业,49562392
2024-03-25,公用事业,8141933
2024-03-25,金融业,445120718
2024-03-25,地产建筑业,49522948
2024-03-25,资讯科技业,557050844
2024-03-25,综合企业,31578873
2024-03-25,其他,0
2024-03-26,能源业,-152781388
2024-03-26,原材料业,18946996
2024-03-26,工业,15341948
2024-03-26,非必需性消费,-147340015
2024-03-26,必需性消费,107987649
2024-03-26,医疗保健业,54921977
2024-03-26,电讯业,-87928056
2024-03-26,公用事业,73563833
2024-03-26,金融业,-278439955
2024-03-26,地产建筑业,115183690
2024-03-26,资讯科技业,265327329
2024-03-26,综合企业,13311814
2024-03-26,其他,0
2024-03-27,能源业,151172803
2024-03-27,原材料业,63629570
2024-03-27,工业,144781221
2024-03-27,非必需性消费,555057956
2024-03-27,必需性消费,111745853
2024-03-27,医疗保健业,-18677862
2024-03-27,电讯业,94110061
2024-03-27,公用事业,-16932574
2024-03-27,金融业,24080068
2024-03-27,地产建筑业,27094269
2024-03-27,资讯科技业,-174501296
2024-03-27,综合企业,49348397
2024-03-27,其他,0
2024-03-28,能源业,156451111
2024-03-28,原材料业,130323951
2024-03-28,工业,217209695
2024-03-28,非必需性消费,432403640
2024-03-28,必需性消费,128438870
2024-03-28,医疗保健业,126343869
2024-03-28,电讯业,-26427432
2024-03-28,公用事业,175802033
2024-03-28,金融业,433206690
2024-03-28,地产建筑业,98043397
2024-03-28,资讯科技业,455458080
2024-03-28,综合企业,9237969
2024-03-28,其他,0
2024-03-29,能源业,0
2024-03-29,原材料业,0
2024-03-29,工业,0
2024-03-29,非必需性消费,0
2024-03-29,必需性消费,0
2024-03-29,医疗保健业,0
2024-03-29,电讯业,0
2024-03-29,公用事业,0
2024-03-29,金融业,0
2024-03-29,地产建筑业,0
2024-03-29,资讯科技业,0
2024-03-29,综合企业,0
2024-03-29,其他,0
2024-04-01,能源业,0
2024-04-01,原材料业,0
2024-04-01,工业,0
2024-04-01,非必需性消费,0
2024-04-01,必需性消费,0
2024-04-01,医疗保健业,0
2024-04-01,电讯业,0
2024-04-01,公用事业,0
2024-04-01,金融业,0
2024-04-01,地产建筑业,0
2024-04-01,资讯科技业,0
2024-04-01,综合企业,0
2024-04-01,其他,0
2024-04-02,能源业,207027590
2024-04-02,原材料业,96166094
2024-04-02,工业,232744449
2024-04-02,非必需性消费,-249911157
2024-04-02,必需性消费,-65242056
2024-04-02,医疗保健业,9546063
2024-04-02,电讯业,-8293583
2024-04-02,公用事业,-30384238
2024-04-02,金融业,-561913867
2024-04-02,地产建筑业,-43931173
2024-04-02,资讯科技业,91683525
2024-04-02,综合企业,-44749880
2024-04-02,其他,0
2024-04-03,能源业,241029765
2024-04-03,原材料业,420320772
2024-04-03,工业,42853423
2024-04-03,非必需性消费,405320469
2024-04-03,必需性消费,-41527392
2024-04-03,医疗保健业,-154599638
2024-04-03,电讯业,207383530
2024-04-03,公用事业,159591654
2024-04-03,金融业,153399860
2024-04-03,地产建筑业,76521776
2024-04-03,资讯科技业,332233296
2024-04-03,综合企业,67462413
2024-04-03,其他,0
2024-04-08,能源业,322024178
2024-04-08,原材料业,195544558
2024-04-08,工业,134541546
2024-04-08,非必需性消费,277603936
2024-04-08,必需性消费,94336905
2024-04-08,医疗保健业,42572423
2024-04-08,电讯业,203404506
2024-04-08,公用事业,125550062
2024-04-08,金融业,333194923
2024-04-08,地产建筑业,-41598173
2024-04-08,资讯科技业,362075878
2024-04-08,综合企业,5166582
2024-04-08,其他,0
2024-04-09,能源业,-38436425
2024-04-09,原材料业,266044052
2024-04-09,工业,196768220
2024-04-09,非必需性消费,52792860
2024-04-09,必需性消费,53737003
2024-04-09,医疗保健业,89929665
2024-04-09,电讯业,118061726
2024-04-09,公用事业,85576962
2024-04-09,金融业,214475283
2024-04-09,地产建筑业,-200028948
2024-04-09,资讯科技业,439677666
2024-04-09,综合企业,-39089408
2024-04-09,其他,0
2024-04-10,能源业,301052508
2024-04-10,原材料业,183658734
2024-04-10,工业,150736339
2024-04-10,非必需性消费,116672092
2024-04-10,必需性消费,-54266783
2024-04-10,医疗保健业,-87469946
2024-04-10,电讯业,113492565
2024-04-10,公用事业,45978273
2024-04-10,金融业,-23058090
2024-04-10,地产建筑业,258317071
2024-04-10,资讯科技业,217297997
2024-04-10,综合企业,-47172525
2024-04-10,其他,0
2024-04-11,能源业,505631793
2024-04-11,原材料业,210572249
2024-04-11,工业,270505549
2024-04-11,非必需性消费,123604337
2024-04-11,必需性消费,167088255
2024-04-11,医疗保健业,85857738
2024-04-11,电讯业,201463782
2024-04-11,公用事业,335805401
2024-04-11,金融业,430078557
2024-04-11,地产建筑业,140624519
2024-04-11,资讯科技业,471860367
2024-04-11,综合企业,58313525
2024-04-11,其他,0
2024-04-12,能源业,277066355
2024-04-12,原材料业,208407561
2024-04-12,工业,57619897
2024-04-12,非必需性消费,-380106454
2024-04-12,必需性消费,-35357924
2024-04-12,医疗保健业,20964838
2024-04-12,电讯业,66499502
2024-04-12,公用事业,32942899
2024-04-12,金融业,296955437
2024-04-12,地产建筑业,-50386814
2024-04-12,资讯科技业,110992944
2024-04-12,综合企业,10484396
2024-04-12,其他,0
2024-04-15,能源业,332060615
2024-04-15,原材料业,386613395
2024-04-15,工业,117715090
2024-04-15,非必需性消费,75431346
2024-04-15,必需性消费,60919417
2024-04-15,医疗保健业,-63177924
2024-04-15,电讯业,53551814
2024-04-15,公用事业,156979691
2024-04-15,金融业,493677485
2024-04-15,地产建筑业,81083942
2024-04-15,资讯科技业,51521914
2024-04-15,综合企业,38146096
2024-04-15,其他,0
2024-04-16,能源业,58548603
2024-04-16,原材料业,-186003968
2024-04-16,工业,-6972954
2024-04-16,非必需性消费,-133650733
2024-04-16,必需性消费,3208955
2024-04-16,医疗保健业,-198501458
2024-04-16,电讯业,77342424
2024-04-16,公用事业,97550759
2024-04-16,金融业,517313477
2024-04-16,地产建筑业,245130562
2024-04-16,资讯科技业,-76188626
2024-04-16,综合企业,762202
2024-04-16,其他,0
2024-04-17,能源业,136509704
2024-04-17,原材料业,57150093
2024-04-17,工业,307410730
2024-04-17,非必需性消费,437839284
2024-04-17,必需性消费,116741767
2024-04-17,医疗保健业,107123367
2024-04-17,电讯业,352269226
2024-04-17,公用事业,228556127
2024-04-17,金融业,941780092
2024-04-17,地产建筑业,184298319
2024-04-17,资讯科技业,163706913
2024-04-17,综合企业,38993777
2024-04-17,其他,0
2024-04-18,能源业,194173682
2024-04-18,原材料业,184239551
2024-04-18,工业,233836930
2024-04-18,非必需性消费,408523192
2024-04-18,必需性消费,143719793
2024-04-18,医疗保健业,102004849
2024-04-18,电讯业,127561622
2024-04-18,公用事业,77191530
2024-04-18,金融业,1182054733
2024-04-18,地产建筑业,92352426
2024-04-18,资讯科技业,507123138
2024-04-18,综合企业,35179353
2024-04-18,其他,0
2024-04-19,能源业,250656313
2024-04-19,原材料业,28475134
2024-04-19,工业,116070487
2024-04-19,非必需性消费,27735612
2024-04-19,必需性消费,-4503699
2024-04-19,医疗保健业,-128091840
2024-04-19,电讯业,87295639
2024-04-19,公用事业,102672968
2024-04-19,金融业,1456391223
2024-04-19,地产建筑业,90228776
2024-04-19,资讯科技业,-7567301
2024-04-19,综合企业,16445073
2024-04-19,其他,0
2024-04-22,能源业,-259328944
2024-04-22,原材料业,-86059449
2024-04-22,工业,93462346
2024-04-22,非必需性消费,171263974
2024-04-22,必需性消费,107524972
2024-04-22,医疗保健业,196835796
2024-04-22,电讯业,198938134
2024-04-22,公用事业,77613987
2024-04-22,金融业,170807756
2024-04-22,地产建筑业,56616873
2024-04-22,资讯科技业,63586728
2024-04-22,综合企业,-28209445
2024-04-22,其他,0
2024-04-23,能源业,-189712014
2024-04-23,原材料业,-212712560
2024-04-23,工业,57931391
2024-04-23,非必需性消费,307600633
2024-04-23,必需性消费,108251523
2024-04-23,医疗保健业,289103638
2024-04-23,电讯业,1006164
2024-04-23,公用事业,41843956
2024-04-23,金融业,131517751
2024-04-23,地产建筑业,119483644
2024-04-23,资讯科技业,609801676
2024-04-23,综合企业,-17770539
2024-04-23,其他,0
2024-04-24,能源业,-50578956
2024-04-24,原材料业,31145879
2024-04-24,工业,279435281
2024-04-24,非必需性消费,513806519
2024-04-24,必需性消费,137000598
2024-04-24,医疗保健业,180178529
2024-04-24,电讯业,140608601
2024-04-24,公用事业,24251324
2024-04-24,金融业,-346747259
2024-04-24,地产建筑业,74734340
2024-04-24,资讯科技业,191455629
2024-04-24,综合企业,-2968121
2024-04-24,其他,0
2024-04-25,能源业,160954846
2024-04-25,原材料业,185809727
2024-04-25,工业,157971036
2024-04-25,非必需性消费,-165199473
2024-04-25,必需性消费,-37881315
2024-04-25,医疗保健业,72087164
2024-04-25,电讯业,194080791
2024-04-25,公用事业,221745533
2024-04-25,金融业,-384136761
2024-04-25,地产建筑业,55904653
2024-04-25,资讯科技业,-488103186
2024-04-25,综合企业,7309246
2024-04-25,其他,0
2024-04-26,能源业,179357028
2024-04-26,原材料业,390123459
2024-04-26,工业,244707164
2024-04-26,非必需性消费,523872825
2024-04-26,必需性消费,48436661
2024-04-26,医疗保健业,169203695
2024-04-26,电讯业,56224390
2024-04-26,公用事业,62061897
2024-04-26,金融业,216673295
2024-04-26,地产建筑业,303258479
2024-04-26,资讯科技业,1221383508
2024-04-26,综合企业,953070
2024-04-26,其他,0
2024-04-29,能源业,187680
2024-04-29,原材料业,-74442197
2024-04-29,工业,132624055
2024-04-29,非必需性消费,342584235
2024-04-29,必需性消费,24761360
2024-04-29,医疗保健业,-88295894
2024-04-29,电讯业,-220251940
2024-04-29,公用事业,105717646
2024-04-29,金融业,731061289
2024-04-29,地产建筑业,476205946
2024-04-29,资讯科技业,-203388002
2024-04-29,综合企业,35479946
2024-04-29,其他,0
2024-04-30,能源业,44866176
2024-04-30,原材料业,-2486038
2024-04-30,工业,209614737
2024-04-30,非必需性消费,-166517949
2024-04-30,必需性消费,-54687449
2024-04-30,医疗保健业,-128501129
2024-04-30,电讯业,-48737649
2024-04-30,公用事业,99242369
2024-04-30,金融业,521544185
2024-04-30,地产建筑业,239405717
2024-04-30,资讯科技业,-479174426
2024-04-30,综合企业,-8883321
2024-04-30,其他,0
2024-05-06,能源业,-218917319
2024-05-06,原材料业,76732158
2024-05-06,工业,393100697
2024-05-06,非必需性消费,-328708544
2024-05-06,必需性消费,100327590
2024-05-06,医疗保健业,155479632
2024-05-06,电讯业,-129462186
2024-05-06,公用事业,247017568
2024-05-06,金融业,308216795
2024-05-06,地产建筑业,818729
2024-05-06,资讯科技业,78642920
2024-05-06,综合企业,20346077
2024-05-06,其他,0
2024-05-07,能源业,100824782
2024-05-07,原材料业,227238301
2024-05-07,工业,163966332
2024-05-07,非必需性消费,-394542728
2024-05-07,必需性消费,26023151
2024-05-07,医疗保健业,-92673309
2024-05-07,电讯业,76908394
2024-05-07,公用事业,45474165
2024-05-07,金融业,-158900745
2024-05-07,地产建筑业,174193936
2024-05-07,资讯科技业,-458284639
2024-05-07,综合企业,8958259
2024-05-07,其他,0
2024-05-08,能源业,182585983
2024-05-08,原材料业,10801750
2024-05-08,工业,46136083
2024-05-08,非必需性消费,-238127365
2024-05-08,必需性消费,80272833
2024-05-08,医疗保健业,-39029996
2024-05-08,电讯业,149409716
2024-05-08,公用事业,77023494
2024-05-08,金融业,-610520975
2024-05-08,地产建筑业,-168675364
2024-05-08,资讯科技业,-756399037
2024-05-08,综合企业,-61137753
2024-05-08,其他,0
2024-05-09,能源业,-105600731
2024-05-09,原材料业,388272879
2024-05-09,工业,466072423
2024-05-09,非必需性消费,460211871
2024-05-09,必需性消费,157912510
2024-05-09,医疗保健业,-19544998
2024-05-09,电讯业,176198733
2024-05-09,公用事业,122533553
2024-05-09,金融业,775955079
2024-05-09,地产建筑业,266997391
2024-05-09,资讯科技业,508381468
2024-05-09,综合企业,-13427810
2024-05-09,其他,0
2024-05-10,能源业,371397540
2024-05-10,原材料业,246690603
2024-05-10,工业,257266789
2024-05-10,非必需性消费,-4169368
2024-05-10,必需性消费,134607308
2024-05-10,医疗保健业,-137322238
2024-05-10,电讯业,262885321
2024-05-10,公用事业,194877404
2024-05-10,金融业,1114734761
2024-05-10,地产建筑业,744560335
2024-05-10,资讯科技业,-93554544
2024-05-10,综合企业,-40462965
2024-05-10,其他,0
2024-05-13,能源业,-51840717
2024-05-13,原材料业,177325630
2024-05-13,工业,498142217
2024-05-13,非必需性消费,687777479
2024-05-13,必需性消费,35949349
2024-05-13,医疗保健业,-70473620
2024-05-13,电讯业,-9488954
2024-05-13,公用事业,269906737
2024-05-13,金融业,890487982
2024-05-13,地产建筑业,244051605
2024-05-13,资讯科技业,393320052
2024-05-13,综合企业,99180542
2024-05-13,其他,0
2024-05-14,能源业,-297069051
2024-05-14,原材料业,84081317
2024-05-14,工业,92110391
2024-05-14,非必需性消费,74121758
2024-05-14,必需性消费,51171771
2024-05-14,医疗保健业,-151984251
2024-05-14,电讯业,-78519326
2024-05-14,公用事业,62740698
2024-05-14,金融业,-55845832
2024-05-14,地产建筑业,-171859669
2024-05-14,资讯科技业,200062742
2024-05-14,综合企业,-104114421
2024-05-14,其他,0
2024-05-15,能源业,0
2024-05-15,原材料业,0
2024-05-15,工业,0
2024-05-15,非必需性消费,0
2024-05-15,必需性消费,0
2024-05-15,医疗保健业,0
2024-05-15,电讯业,0
2024-05-15,公用事业,0
2024-05-15,金融业,0
2024-05-15,地产建筑业,0
2024-05-15,资讯科技业,0
2024-05-15,综合企业,0
2024-05-15,其他,0
2024-05-16,能源业,-14541055
2024-05-16,原材料业,167673480
2024-05-16,工业,211834743
2024-05-16,非必需性消费,164791836
2024-05-16,必需性消费,95775191
2024-05-16,医疗保健业,-131796380
2024-05-16,电讯业,-44482373
2024-05-16,公用事业,182462379
2024-05-16,金融业,1171700781
2024-05-16,地产建筑业,641272017
2024-05-16,资讯科技业,314993851
2024-05-16,综合企业,31554206
2024-05-16,其他,0
2024-05-17,能源业,173738463
2024-05-17,原材料业,-19120102
2024-05-17,工业,64067784
2024-05-17,非必需性消费,-570879267
2024-05-17,必需性消费,-104496033
2024-05-17,医疗保健业,-30334658
2024-05-17,电讯业,96210590
2024-05-17,公用事业,9602859
2024-05-17,金融业,224863973
2024-05-17,地产建筑业,954999004
2024-05-17,资讯科技业,-239032466
2024-05-17,综合企业,10405880
2024-05-17,其他,0
2024-05-20,能源业,547496891
2024-05-20,原材料业,919206
2024-05-20,工业,-64951968
2024-05-20,非必需性消费,285843849
2024-05-20,必需性消费,63222334
2024-05-20,医疗保健业,-145075986
2024-05-20,电讯业,-134663058
2024-05-20,公用事业,188963781
2024-05-20,金融业,-620912844
2024-05-20,地产建筑业,311018388
2024-05-20,资讯科技业,-481696342
2024-05-20,综合企业,51879519
2024-05-20,其他,0
2024-05-21,能源业,329372424
2024-05-21,原材料业,-138203845
2024-05-21,工业,-90667319
2024-05-21,非必需性消费,98706854
2024-05-21,必需性消费,-29319064
2024-05-21,医疗保健业,-297417143
2024-05-21,电讯业,233930417
2024-05-21,公用事业,-99644851
2024-05-21,金融业,-289669776
2024-05-21,地产建筑业,-144775339
2024-05-21,资讯科技业,-499407412
2024-05-21,综合企业,81503975
2024-05-21,其他,0
2024-05-22,能源业,160634904
2024-05-22,原材料业,-195731347
2024-05-22,工业,161481480
2024-05-22,非必需性消费,-332104338
2024-05-22,必需性消费,227833
2024-05-22,医疗保健业,-98080121
2024-05-22,电讯业,141107967
2024-05-22,公用事业,-571963
2024-05-22,金融业,422264361
2024-05-22,地产建筑业,207430414
2024-05-22,资讯科技业,-92584871
2024-05-22,综合企业,45786441
2024-05-22,其他,0
2024-05-23,能源业,108542929
2024-05-23,原材料业,-46916572
2024-05-23,工业,59500717
2024-05-23,非必需性消费,55867537
2024-05-23,必需性消费,-72329350
2024-05-23,医疗保健业,-234632993
2024-05-23,电讯业,72082835
2024-05-23,公用事业,-49168695
2024-05-23,金融业,-320306634
2024-05-23,地产建筑业,-349186521
2024-05-23,资讯科技业,-357813054
2024-05-23,综合企业,-53109875
2024-05-23,其他,0
2024-05-24,能源业,-25223422
2024-05-24,原材料业,86427251
2024-05-24,工业,99880070
2024-05-24,非必需性消费,-11731
2024-05-24,必需性消费,51605735
2024-05-24,医疗保健业,-123692655
2024-05-24,电讯业,72615472
2024-05-24,公用事业,201978737
2024-05-24,金融业,-110784187
2024-05-24,地产建筑业,-327430328
2024-05-24,资讯科技业,-229176220
2024-05-24,综合企业,-47172406
2024-05-24,其他,0
2024-05-27,能源业,483406764
2024-05-27,原材料业,164411108
2024-05-27,工业,303077164
2024-05-27,非必需性消费,653523889
2024-05-27,必需性消费,148523692
2024-05-27,医疗保健业,38937285
2024-05-27,电讯业,395219094
2024-05-27,公用事业,387775081
2024-05-27,金融业,331289187
2024-05-27,地产建筑业,207516717
2024-05-27,资讯科技业,1155915057
2024-05-27,综合企业,19024090
2024-05-27,其他,0
2024-05-28,能源业,636168410
2024-05-28,原材料业,33329963
2024-05-28,工业,195958472
2024-05-28,非必需性消费,119215930
2024-05-28,必需性消费,30720801
2024-05-28,医疗保健业,67051134
2024-05-28,电讯业,228692935
2024-05-28,公用事业,10865548
2024-05-28,金融业,454781556
2024-05-28,地产建筑业,-7623349
2024-05-28,资讯科技业,119140978
2024-05-28,综合企业,-44426072
2024-05-28,其他,0
2024-05-29,能源业,443471599
2024-05-29,原材料业,164809345
2024-05-29,工业,63442649
2024-05-29,非必需性消费,-51738132
2024-05-29,必需性消费,-29790315
2024-05-29,医疗保健业,123334003
2024-05-29,电讯业,155516846
2024-05-29,公用事业,73703950
2024-05-29,金融业,52546918
2024-05-29,地产建筑业,-102368935
2024-05-29,资讯科技业,419535495
2024-05-29,综合企业,681323
2024-05-29,其他,0
2024-05-30,能源业,76557783
2024-05-30,原材料业,69146501
2024-05-30,工业,-64681412
2024-05-30,非必需性消费,-84562822
2024-05-30,必需性消费,-95085118
2024-05-30,医疗保健业,79266993
2024-05-30,电讯业,108852928
2024-05-30,公用事业,18162104
2024-05-30,金融业,-162569787
2024-05-30,地产建筑业,-149280350
2024-05-30,资讯科技业,28326461
2024-05-30,综合企业,-22880604
2024-05-30,其他,0
2024-05-31,能源业,245269259
2024-05-31,原材料业,-50765917
2024-05-31,工业,-125307547
2024-05-31,非必需性消费,-409246268
2024-05-31,必需性消费,-7645243
2024-05-31,医疗保健业,17458513
2024-05-31,电讯业,265170716
2024-05-31,公用事业,-55783459
2024-05-31,金融业,-32275480
2024-05-31,地产建筑业,64020534
2024-05-31,资讯科技业,-718487601
2024-05-31,综合企业,-39516012
2024-05-31,其他,0
2024-06-03,能源业,17120436
2024-06-03,原材料业,43935835
2024-06-03,工业,123028208
2024-06-03,非必需性消费,283188501
2024-06-03,必需性消费,88076848
2024-06-03,医疗保健业,105566798
2024-06-03,电讯业,438207426
2024-06-03,公用事业,77892786
2024-06-03,金融业,-28122003
2024-06-03,地产建筑业,-21800733
2024-06-03,资讯科技业,46109746
2024-06-03,综合企业,7307997
2024-06-03,其他,0
2024-06-04,能源业,703633441
2024-06-04,原材料业,203155925
2024-06-04,工业,322579965
2024-06-04,非必需性消费,138190873
2024-06-04,必需性消费,139651983
2024-06-04,医疗保健业,292789810
2024-06-04,电讯业,261117425
2024-06-04,公用事业,212673689
2024-06-04,金融业,908363052
2024-06-04,地产建筑业,437411684
2024-06-04,资讯科技业,400458427
2024-06-04,综合企业,11395902
2024-06-04,其他,0
2024-06-05,能源业,148008846
2024-06-05,原材料业,-171237873
2024-06-05,工业,97888162
2024-06-05,非必需性消费,32853935
2024-06-05,必需性消费,45436398
2024-06-05,医疗保健业,148961109
2024-06-05,电讯业,108008594
2024-06-05,公用事业,-41376274
2024-06-05,金融业,35965208
2024-06-05,地产建筑业,-88768739
2024-06-05,资讯科技业,355881074
2024-06-05,综合企业,-29301324
2024-06-05,其他,0
2024-06-06,能源业,439499932
2024-06-06,原材料业,44810200
2024-06-06,工业,79593159
2024-06-06,非必需性消费,-506021449
2024-06-06,必需性消费,22984520
2024-06-06,医疗保健业,-152022694
2024-06-06,电讯业,116395677
2024-06-06,公用事业,249923575
2024-06-06,金融业,148537393
2024-06-06,地产建筑业,-69201071
2024-06-06,资讯科技业,-93956800
2024-06-06,综合企业,-63941844
2024-06-06,其他,0
2024-06-07,能源业,197638888
2024-06-07,原材料业,-14690709
2024-06-07,工业,182971610
2024-06-07,非必需性消费,30803515
2024-06-07,必需性消费,16812655
2024-06-07,医疗保健业,-73099651
2024-06-07,电讯业,304971138
2024-06-07,公用事业,428562039
2024-06-07,金融业,838901276
2024-06-07,地产建筑业,256798859
2024-06-07,资讯科技业,-598632526
2024-06-07,综合企业,7826386
2024-06-07,其他,0
2024-06-11,能源业,93882570
2024-06-11,原材料业,20272726
2024-06-11,工业,-36655312
2024-06-11,非必需性消费,532810752
2024-06-11,必需性消费,216192800
2024-06-11,医疗保健业,173651142
2024-06-11,电讯业,129709814
2024-06-11,公用事业,-23907056
2024-06-11,金融业,389768600
2024-06-11,地产建筑业,93613619
2024-06-11,资讯科技业,66706719
2024-06-11,综合企业,-24932867
2024-06-11,其他,0
2024-06-12,能源业,789778346
2024-06-12,原材料业,-22830480
2024-06-12,工业,-20153285
2024-06-12,非必需性消费,493698342
2024-06-12,必需性消费,32488648
2024-06-12,医疗保健业,232379065
2024-06-12,电讯业,39717786
2024-06-12,公用事业,246336354
2024-06-12,金融业,754194234
2024-06-12,地产建筑业,28511219
2024-06-12,资讯科技业,-160476897
2024-06-12,综合企业,-16597414
2024-06-12,其他,0
2024-06-13,能源业,98922415
2024-06-13,原材料业,-47519732
2024-06-13,工业,44359659
2024-06-13,非必需性消费,501063933
2024-06-13,必需性消费,13455711
2024-06-13,医疗保健业,105050396
2024-06-13,电讯业,233858477
2024-06-13,公用事业,364024178
2024-06-13,金融业,511314787
2024-06-13,地产建筑业,41686584
2024-06-13,资讯科技业,590000574
2024-06-13,综合企业,51404098
2024-06-13,其他,0
2024-06-14,能源业,36667779
2024-06-14,原材料业,-106194319
2024-06-14,工业,137074946
2024-06-14,非必需性消费,429015575
2024-06-14,必需性消费,54499167
2024-06-14,医疗保健业,81380604
2024-06-14,电讯业,214543843
2024-06-14,公用事业,126939861
2024-06-14,金融业,624561304
2024-06-14,地产建筑业,214762282
2024-06-14,资讯科技业,192587907
2024-06-14,综合企业,6338284
2024-06-14,其他,0
2024-06-17,能源业,-9389313
2024-06-17,原材料业,83816979
2024-06-17,工业,149597323
2024-06-17,非必需性消费,366122443
2024-06-17,必需性消费,145005527
2024-06-17,医疗保健业,163248325
2024-06-17,电讯业,-93818109
2024-06-17,公用事业,-271008303
2024-06-17,金融业,553963290
2024-06-17,地产建筑业,-89476713
2024-06-17,资讯科技业,420495130
2024-06-17,综合企业,41026379
2024-06-17,其他,0
2024-06-18,能源业,70055738
2024-06-18,原材料业,508000795
2024-06-18,工业,223932231
2024-06-18,非必需性消费,-24904213
2024-06-18,必需性消费,71205892
2024-06-18,医疗保健业,-42537432
2024-06-18,电讯业,179059991
2024-06-18,公用事业,127713343
2024-06-18,金融业,830349285
2024-06-18,地产建筑业,63741574
2024-06-18,资讯科技业,528048897
2024-06-18,综合企业,-20326290
2024-06-18,其他,0
2024-06-19,能源业,295862550
2024-06-19,原材料业,310698766
2024-06-19,工业,93865345
2024-06-19,非必需性消费,472938310
2024-06-19,必需性消费,109854828
2024-06-19,医疗保健业,238464687
2024-06-19,电讯业,160546167
2024-06-19,公用事业,39670585
2024-06-19,金融业,1164571565
2024-06-19,地产建筑业,281519384
2024-06-19,资讯科技业,976638054
2024-06-19,综合企业,1506898
2024-06-19,其他,0
2024-06-20,能源业,212774924
2024-06-20,原材料业,53026423
2024-06-20,工业,62003136
2024-06-20,非必需性消费,-284743405
2024-06-20,必需性消费,-11367195
2024-06-20,医疗保健业,-408878734
2024-06-20,电讯业,-65235123
2024-06-20,公用事业,50854853
2024-06-20,金融业,650904440
2024-06-20,地产建筑业,-97636657
2024-06-20,资讯科技业,-104562435
2024-06-20,综合企业,5238792
2024-06-20,其他,0
2024-06-21,能源业,128395250
2024-06-21,原材料业,-56207070
2024-06-21,工业,-15371649
2024-06-21,非必需性消费,109816490
2024-06-21,必需性消费,-2587475
2024-06-21,医疗保健业,-8308521
2024-06-21,电讯业,127718649
2024-06-21,公用事业,77495590
2024-06-21,金融业,563308540
2024-06-21,地产建筑业,880687
2024-06-21,资讯科技业,214003853
2024-06-21,综合企业,-21531815
2024-06-21,其他,0
2024-06-24,能源业,9807709
2024-06-24,原材料业,78432789
2024-06-24,工业,-80050696
2024-06-24,非必需性消费,146612838
2024-06-24,必需性消费,-8420196
2024-06-24,医疗保健业,11099634
2024-06-24,电讯业,42751973
2024-06-24,公用事业,134525308
2024-06-24,金融业,301680290
2024-06-24,地产建筑业,-97778742
2024-06-24,资讯科技业,-26532617
2024-06-24,综合企业,6149814
2024-06-24,其他,0
2024-06-25,能源业,129031364
2024-06-25,原材料业,-64127115
2024-06-25,工业,69148219
2024-06-25,非必需性消费,348796869
2024-06-25,必需性消费,68761689
2024-06-25,医疗保健业,-91943107
2024-06-25,电讯业,42119101
2024-06-25,公用事业,39936785
2024-06-25,金融业,427837821
2024-06-25,地产建筑业,139413599
2024-06-25,资讯科技业,-218333978
2024-06-25,综合企业,10016057
2024-06-25,其他,0
2024-06-26,能源业,204347080
2024-06-26,原材料业,4338114
2024-06-26,工业,24297568
2024-06-26,非必需性消费,-79312239
2024-06-26,必需性消费,133494031
2024-06-26,医疗保健业,274414630
2024-06-26,电讯业,-35477577
2024-06-26,公用事业,37497214
2024-06-26,金融业,-63375278
2024-06-26,地产建筑业,149939946
2024-06-26,资讯科技业,408020029
2024-06-26,综合企业,-76364551
2024-06-26,其他,0
2024-06-27,能源业,-142651051
2024-06-27,原材料业,-152543416
2024-06-27,工业,-98164978
2024-06-27,非必需性消费,-192879037
2024-06-27,必需性消费,83735271
2024-06-27,医疗保健业,-88070357
2024-06-27,电讯业,186511131
2024-06-27,公用事业,-135564044
2024-06-27,金融业,397976096
2024-06-27,地产建筑业,71825961
2024-06-27,资讯科技业,-319804028
2024-06-27,综合企业,15061100
2024-06-27,其他,0
2024-06-28,能源业,388922260
2024-06-28,原材料业,-1934033
2024-06-28,工业,255483330
2024-06-28,非必需性消费,260364048
2024-06-28,必需性消费,7566700
2024-06-28,医疗保健业,-8159003
2024-06-28,电讯业,433438559
2024-06-28,公用事业,209703531
2024-06-28,金融业,246744601
2024-06-28,地产建筑业,-42499816
2024-06-28,资讯科技业,198282374
2024-06-28,综合企业,-18244623
2024-06-28,其他,0
2024-07-01,能源业,0
2024-07-01,原材料业,0
2024-07-01,工业,0
2024-07-01,非必需性消费,0
2024-07-01,必需性消费,0
2024-07-01,医疗保健业,0
2024-07-01,电讯业,0
2024-07-01,公用事业,0
2024-07-01,金融业,0
2024-07-01,地产建筑业,0
2024-07-01,资讯科技业,0
2024-07-01,综合企业,0
2024-07-01,其他,0
2024-07-02,能源业,475473249
2024-07-02,原材料业,-44684719
2024-07-02,工业,24926699
2024-07-02,非必需性消费,49048067
2024-07-02,必需性消费,67662577
2024-07-02,医疗保健业,36337389
2024-07-02,电讯业,35752017
2024-07-02,公用事业,157937683
2024-07-02,金融业,291499785
2024-07-02,地产建筑业,64056060
2024-07-02,资讯科技业,-143359284
2024-07-02,综合企业,-27653847
2024-07-02,其他,0
2024-07-03,能源业,130969046
2024-07-03,原材料业,99584124
2024-07-03,工业,99748436
2024-07-03,非必需性消费,509595022
2024-07-03,必需性消费,103862555
2024-07-03,医疗保健业,107492285
2024-07-03,电讯业,376929926
2024-07-03,公用事业,220551716
2024-07-03,金融业,-23148178
2024-07-03,地产建筑业,265003059
2024-07-03,资讯科技业,867552973
2024-07-03,综合企业,-51727944
2024-07-03,其他,0
2024-07-04,能源业,311194719
2024-07-04,原材料业,1179889
2024-07-04,工业,-67840505
2024-07-04,非必需性消费,143126015
2024-07-04,必需性消费,122814424
2024-07-04,医疗保健业,-79254667
2024-07-04,电讯业,209988667
2024-07-04,公用事业,92991344
2024-07-04,金融业,269014822
2024-07-04,地产建筑业,38447058
2024-07-04,资讯科技业,-384250779
2024-07-04,综合企业,15027642
2024-07-04,其他,0
2024-07-05,能源业,232907717
2024-07-05,原材料业,13838005
2024-07-05,工业,-53575057
2024-07-05,非必需性消费,53507342
2024-07-05,必需性消费,33345347
2024-07-05,医疗保健业,155487214
2024-07-05,电讯业,92209556
2024-07-05,公用事业,88644050
2024-07-05,金融业,293608802
2024-07-05,地产建筑业,22966418
2024-07-05,资讯科技业,-87770799
2024-07-05,综合企业,-75925966
2024-07-05,其他,0
2024-07-08,能源业,98433897
2024-07-08,原材料业,-72624339
2024-07-08,工业,-37837037
2024-07-08,非必需性消费,-20416856
2024-07-08,必需性消费,119795190
2024-07-08,医疗保健业,-171392159
2024-07-08,电讯业,98113631
2024-07-08,公用事业,210867149
2024-07-08,金融业,293628289
2024-07-08,地产建筑业,-19550666
2024-07-08,资讯科技业,-73677651
2024-07-08,综合企业,44376730
2024-07-08,其他,0
2024-07-09,能源业,-70268617
2024-07-09,原材料业,75467775
2024-07-09,工业,338717201
2024-07-09,非必需性消费,303277031
2024-07-09,必需性消费,119306507
2024-07-09,医疗保健业,45694914
2024-07-09,电讯业,160355323
2024-07-09,公用事业,57059440
2024-07-09,金融业,383235700
2024-07-09,地产建筑业,167005699
2024-07-09,资讯科技业,845240374
2024-07-09,综合企业,-27710398
2024-07-09,其他,0
2024-07-10,能源业,-341742676
2024-07-10,原材料业,-169028206
2024-07-10,工业,-107097084
2024-07-10,非必需性消费,127411557
2024-07-10,必需性消费,96388080
2024-07-10,医疗保健业,5996322
2024-07-10,电讯业,11309278
2024-07-10,公用事业,-127425233
2024-07-10,金融业,342137773
2024-07-10,地产建筑业,-130885758
2024-07-10,资讯科技业,-52831747
2024-07-10,综合企业,-19925994
2024-07-10,其他,0
2024-07-11,能源业,18586168
2024-07-11,原材料业,-20787236
2024-07-11,工业,131021555
2024-07-11,非必需性消费,856147641
2024-07-11,必需性消费,191080142
2024-07-11,医疗保健业,277016946
2024-07-11,电讯业,126917243
2024-07-11,公用事业,-105700284
2024-07-11,金融业,663105578
2024-07-11,地产建筑业,100593005
2024-07-11,资讯科技业,521329230
2024-07-11,综合企业,94521423
2024-07-11,其他,0
2024-07-12,能源业,-304837170
2024-07-12,原材料业,-68546738
2024-07-12,工业,128814724
2024-07-12,非必需性消费,390594558
2024-07-12,必需性消费,197991684
2024-07-12,医疗保健业,228343372
2024-07-12,电讯业,-90127077
2024-07-12,公用事业,-201818684
2024-07-12,金融业,407242185
2024-07-12,地产建筑业,43575209
2024-07-12,资讯科技业,322683850
2024-07-12,综合企业,16619485
2024-07-12,其他,0
2024-07-15,能源业,158504664
2024-07-15,原材料业,-82510525
2024-07-15,工业,9091224
2024-07-15,非必需性消费,183223052
2024-07-15,必需性消费,40237877
2024-07-15,医疗保健业,-145265006
2024-07-15,电讯业,8334017
2024-07-15,公用事业,168083436
2024-07-15,金融业,288211067
2024-07-15,地产建筑业,-109532791
2024-07-15,资讯科技业,14848336
2024-07-15,综合企业,30527700
2024-07-15,其他,0
2024-07-16,能源业,132834618
2024-07-16,原材料业,-3696074
2024-07-16,工业,39124043
2024-07-16,非必需性消费,709881391
2024-07-16,必需性消费,114845654
2024-07-16,医疗保健业,49087791
2024-07-16,电讯业,134490777
2024-07-16,公用事业,79721200
2024-07-16,金融业,642070638
2024-07-16,地产建筑业,15717554
2024-07-16,资讯科技业,391749946
2024-07-16,综合企业,40947837
2024-07-16,其他,0
2024-07-17,能源业,-229162830
2024-07-17,原材料业,-226391865
2024-07-17,工业,-91365001
2024-07-17,非必需性消费,-10690534
2024-07-17,必需性消费,145041052
2024-07-17,医疗保健业,255695559
2024-07-17,电讯业,-218927992
2024-07-17,公用事业,-208422298
2024-07-17,金融业,344160498
2024-07-17,地产建筑业,85345303
2024-07-17,资讯科技业,275965864
2024-07-17,综合企业,-7172970
2024-07-17,其他,0
2024-07-18,能源业,224344363
2024-07-18,原材料业,70260504
2024-07-18,工业,99372929
2024-07-18,非必需性消费,164265018
2024-07-18,必需性消费,176221630
2024-07-18,医疗保健业,127491152
2024-07-18,电讯业,142004111
2024-07-18,公用事业,42132264
2024-07-18,金融业,-60157008
2024-07-18,地产建筑业,136665740
2024-07-18,资讯科技业,666542492
2024-07-18,综合企业,-16932434
2024-07-18,其他,0
2024-07-19,能源业,-21600424
2024-07-19,原材料业,-31690605
2024-07-19,工业,21049437
2024-07-19,非必需性消费,25135044
2024-07-19,必需性消费,58914433
2024-07-19,医疗保健业,64987
2024-07-19,电讯业,-146293075
2024-07-19,公用事业,33884443
2024-07-19,金融业,452969985
2024-07-19,地产建筑业,83382078
2024-07-19,资讯科技业,398934980
2024-07-19,综合企业,49296089
2024-07-19,其他,0
2024-07-22,能源业,-125750465
2024-07-22,原材料业,89782718
2024-07-22,工业,101767820
2024-07-22,非必需性消费,649657906
2024-07-22,必需性消费,58959313
2024-07-22,医疗保健业,132512599
2024-07-22,电讯业,47758357
2024-07-22,公用事业,158097694
2024-07-22,金融业,423263768
2024-07-22,地产建筑业,60600738
2024-07-22,资讯科技业,550707577
2024-07-22,综合企业,16181887
2024-07-22,其他,0
2024-07-23,能源业,43153588
2024-07-23,原材料业,-141699457
2024-07-23,工业,-49929812
2024-07-23,非必需性消费,1966641
2024-07-23,必需性消费,-12563651
2024-07-23,医疗保健业,-164160040
2024-07-23,电讯业,156483120
2024-07-23,公用事业,-13637603
2024-07-23,金融业,448545203
2024-07-23,地产建筑业,-151882509
2024-07-23,资讯科技业,-211854634
2024-07-23,综合企业,31145697
2024-07-23,其他,0
2024-07-24,能源业,14384337
2024-07-24,原材料业,-85137269
2024-07-24,工业,-102579769
2024-07-24,非必需性消费,-228315274
2024-07-24,必需性消费,63784642
2024-07-24,医疗保健业,-171611873
2024-07-24,电讯业,28116491
2024-07-24,公用事业,267128498
2024-07-24,金融业,421154711
2024-07-24,地产建筑业,-42153364
2024-07-24,资讯科技业,-317995136
2024-07-24,综合企业,-13015084
2024-07-24,其他,0
2024-07-25,能源业,-277617147
2024-07-25,原材料业,-221299137
2024-07-25,工业,-108140832
2024-07-25,非必需性消费,83799502
2024-07-25,必需性消费,121017298
2024-07-25,医疗保健业,-247497532
2024-07-25,电讯业,-82543587
2024-07-25,公用事业,24028940
2024-07-25,金融业,56539293
2024-07-25,地产建筑业,-5855851
2024-07-25,资讯科技业,-354009568
2024-07-25,综合企业,29071799
2024-07-25,其他,0
2024-07-26,能源业,-63199934
2024-07-26,原材料业,-36212226
2024-07-26,工业,44205303
2024-07-26,非必需性消费,600782397
2024-07-26,必需性消费,-8498880
2024-07-26,医疗保健业,40398265
2024-07-26,电讯业,-67908801
2024-07-26,公用事业,-32782700
2024-07-26,金融业,469022512
2024-07-26,地产建筑业,-1636991
2024-07-26,资讯科技业,352975989
2024-07-26,综合企业,1449749
2024-07-26,其他,0
2024-07-29,能源业,97462582
2024-07-29,原材料业,47906124
2024-07-29,工业,62730061
2024-07-29,非必需性消费,-172577010
2024-07-29,必需性消费,-30015958
2024-07-29,医疗保健业,-46486614
2024-07-29,电讯业,-101830466
2024-07-29,公用事业,243459029
2024-07-29,金融业,-207061225
2024-07-29,地产建筑业,-116085068
2024-07-29,资讯科技业,408686779
2024-07-29,综合企业,2827269
2024-07-29,其他,0
2024-07-30,能源业,70005296
2024-07-30,原材料业,13748311
2024-07-30,工业,-164462963
2024-07-30,非必需性消费,-323540382
2024-07-30,必需性消费,-13475929
2024-07-30,医疗保健业,-59848464
2024-07-30,电讯业,-19109919
2024-07-30,公用事业,196150029
2024-07-30,金融业,362832923
2024-07-30,地产建筑业,46381818
2024-07-30,资讯科技业,88659149
2024-07-30,综合企业,18876220
2024-07-30,其他,0
2024-07-31,能源业,319560019
2024-07-31,原材料业,281596793
2024-07-31,工业,248103540
2024-07-31,非必需性消费,816555181
2024-07-31,必需性消费,144963642
2024-07-31,医疗保健业,424164068
2024-07-31,电讯业,57226548
2024-07-31,公用事业,31279172
2024-07-31,金融业,790066958
2024-07-31,地产建筑业,287939581
2024-07-31,资讯科技业,903815409
2024-07-31,综合企业,46112284
2024-07-31,其他,0
2024-08-01,能源业,264782351
2024-08-01,原材料业,-14927813
2024-08-01,工业,109560237
2024-08-01,非必需性消费,22239495
2024-08-01,必需性消费,38854062
2024-08-01,医疗保健业,68013480
2024-08-01,电讯业,107780619
2024-08-01,公用事业,68377356
2024-08-01,金融业,-49921329
2024-08-01,地产建筑业,-89703950
2024-08-01,资讯科技业,286012286
2024-08-01,综合企业,29953546
2024-08-01,其他,0
2024-08-02,能源业,-167121245
2024-08-02,原材料业,148272766
2024-08-02,工业,39672651
2024-08-02,非必需性消费,-145012884
2024-08-02,必需性消费,86070970
2024-08-02,医疗保健业,161407262
2024-08-02,电讯业,16330835
2024-08-02,公用事业,-41997499
2024-08-02,金融业,472904085
2024-08-02,地产建筑业,136060933
2024-08-02,资讯科技业,135952337
2024-08-02,综合企业,12466035
2024-08-02,其他,0
2024-08-05,能源业,-334260398
2024-08-05,原材料业,-147874412
2024-08-05,工业,-100335703
2024-08-05,非必需性消费,58612297
2024-08-05,必需性消费,67517627
2024-08-05,医疗保健业,5763642
2024-08-05,电讯业,-144732915
2024-08-05,公用事业,-132770242
2024-08-05,金融业,-285205090
2024-08-05,地产建筑业,-13806368
2024-08-05,资讯科技业,-75321602
2024-08-05,综合企业,7267611
2024-08-05,其他,0
2024-08-06,能源业,-84668382
2024-08-06,原材料业,-65463439
2024-08-06,工业,152105866
2024-08-06,非必需性消费,410729067
2024-08-06,必需性消费,74511585
2024-08-06,医疗保健业,366805730
2024-08-06,电讯业,-46833559
2024-08-06,公用事业,121456179
2024-08-06,金融业,-62145437
2024-08-06,地产建筑业,-575320
2024-08-06,资讯科技业,22444398
2024-08-06,综合企业,5362518
2024-08-06,其他,0
2024-08-07,能源业,269670531
2024-08-07,原材料业,113314625
2024-08-07,工业,200215076
2024-08-07,非必需性消费,141158412
2024-08-07,必需性消费,53487395
2024-08-07,医疗保健业,36967605
2024-08-07,电讯业,346418490
2024-08-07,公用事业,290311091
2024-08-07,金融业,383299841
2024-08-07,地产建筑业,108110682
2024-08-07,资讯科技业,490808199
2024-08-07,综合企业,16963713
2024-08-07,其他,0
2024-08-08,能源业,183487579
2024-08-08,原材料业,-2547906
2024-08-08,工业,55025167
2024-08-08,非必需性消费,161010455
2024-08-08,必需性消费,60833481
2024-08-08,医疗保健业,59047095
2024-08-08,电讯业,302903349
2024-08-08,公用事业,80298508
2024-08-08,金融业,110060725
2024-08-08,地产建筑业,73760352
2024-08-08,资讯科技业,175275181
2024-08-08,综合企业,2881702
2024-08-08,其他,0
2024-08-09,能源业,132248767
2024-08-09,原材料业,173801699
2024-08-09,工业,79661355
2024-08-09,非必需性消费,-90942347
2024-08-09,必需性消费,10108162
2024-08-09,医疗保健业,-86627335
2024-08-09,电讯业,-50266816
2024-08-09,公用事业,102273895
2024-08-09,金融业,-288720151
2024-08-09,地产建筑业,76219272
2024-08-09,资讯科技业,-603662625
2024-08-09,综合企业,11780995
2024-08-09,其他,0
2024-08-12,能源业,21567848
2024-08-12,原材料业,181996126
2024-08-12,工业,116716796
2024-08-12,非必需性消费,17718231
2024-08-12,必需性消费,52200047
2024-08-12,医疗保健业,164322012
2024-08-12,电讯业,8693358
2024-08-12,公用事业,122986368
2024-08-12,金融业,260915183
2024-08-12,地产建筑业,52885900
2024-08-12,资讯科技业,249031394
2024-08-12,综合企业,-16769538
2024-08-12,其他,0
2024-08-13,能源业,112553285
2024-08-13,原材料业,55245353
2024-08-13,工业,222504966
2024-08-13,非必需性消费,268674912
2024-08-13,必需性消费,38407968
2024-08-13,医疗保健业,13965791
2024-08-13,电讯业,370928500
2024-08-13,公用事业,206501036
2024-08-13,金融业,423089099
2024-08-13,地产建筑业,-7066872
2024-08-13,资讯科技业,496016990
2024-08-13,综合企业,10676170
2024-08-13,其他,0
2024-08-14,能源业,-32503492
2024-08-14,原材料业,28132037
2024-08-14,工业,-25173199
2024-08-14,非必需性消费,-299078922
2024-08-14,必需性消费,1266217
2024-08-14,医疗保健业,-53330124
2024-08-14,电讯业,234845045
2024-08-14,公用事业,119011304
2024-08-14,金融业,-97948245
2024-08-14,地产建筑业,21697372
2024-08-14,资讯科技业,-48950974
2024-08-14,综合企业,25078101
2024-08-14,其他,0
2024-08-15,能源业,98538818
2024-08-15,原材料业,120924933
2024-08-15,工业,146527554
2024-08-15,非必需性消费,127243976
2024-08-15,必需性消费,45253265
2024-08-15,医疗保健业,85351763
2024-08-15,电讯业,248769667
2024-08-15,公用事业,242670992
2024-08-15,金融业,252151808
2024-08-15,地产建筑业,135456833
2024-08-15,资讯科技业,380385502
2024-08-15,综合企业,19365916
2024-08-15,其他,0
2024-08-16,能源业,142735499
2024-08-16,原材料业,114330280
2024-08-16,工业,78033495
2024-08-16,非必需性消费,-401331654
2024-08-16,必需性消费,32644753
2024-08-16,医疗保健业,108012561
2024-08-16,电讯业,74748552
2024-08-16,公用事业,-33640794
2024-08-16,金融业,4254268
2024-08-16,地产建筑业,-20749371
2024-08-16,资讯科技业,11094657
2024-08-16,综合企业,52815089
2024-08-16,其他,0
2024-08-19,能源业,-98930783
2024-08-19,原材料业,24585673
2024-08-19,工业,56613315
2024-08-19,非必需性消费,-451724193
2024-08-19,必需性消费,48360314
2024-08-19,医疗保健业,-110232168
2024-08-19,电讯业,124138858
2024-08-19,公用事业,131282700
2024-08-19,金融业,-416809786
2024-08-19,地产建筑业,-92735689
2024-08-19,资讯科技业,40052730
2024-08-19,综合企业,11392768
2024-08-19,其他,0
2024-08-20,能源业,49132711
2024-08-20,原材料业,-29074610
2024-08-20,工业,-33554476
2024-08-20,非必需性消费,44041886
2024-08-20,必需性消费,106430983
2024-08-20,医疗保健业,-2472728
2024-08-20,电讯业,35438000
2024-08-20,公用事业,164720854
2024-08-20,金融业,-75731568
2024-08-20,地产建筑业,-66977235
2024-08-20,资讯科技业,-344429167
2024-08-20,综合企业,24796594
2024-08-20,其他,0
2024-08-21,能源业,72589893
2024-08-21,原材料业,47058524
2024-08-21,工业,118924755
2024-08-21,非必需性消费,858986679
2024-08-21,必需性消费,-56295374
2024-08-21,医疗保健业,206857342
2024-08-21,电讯业,19728959
2024-08-21,公用事业,-3973294
2024-08-21,金融业,18622145
2024-08-21,地产建筑业,154093807
2024-08-21,资讯科技业,-34653520
2024-08-21,综合企业,32623630
2024-08-21,其他,0
2024-08-22,能源业,18761822
2024-08-22,原材料业,23441136
2024-08-22,工业,171414272
2024-08-22,非必需性消费,333216362
2024-08-22,必需性消费,-93853871
2024-08-22,医疗保健业,352440774
2024-08-22,电讯业,189608871
2024-08-22,公用事业,181418310
2024-08-22,金融业,602189043
2024-08-22,地产建筑业,195553472
2024-08-22,资讯科技业,6535947
2024-08-22,综合企业,25395328
2024-08-22,其他,0
2024-08-23,能源业,132520567
2024-08-23,原材料业,-13197350
2024-08-23,工业,-14815172
2024-08-23,非必需性消费,383624638
2024-08-23,必需性消费,-62732387
2024-08-23,医疗保健业,15499628
2024-08-23,电讯业,124413061
2024-08-23,公用事业,30998117
2024-08-23,金融业,140034546
2024-08-23,地产建筑业,-7522054
2024-08-23,资讯科技业,-137554431
2024-08-23,综合企业,-3401487
2024-08-23,其他,0
2024-08-26,能源业,-142800441
2024-08-26,原材料业,129116945
2024-08-26,工业,18882006
2024-08-26,非必需性消费,759597088
2024-08-26,必需性消费,20586083
2024-08-26,医疗保健业,36930749
2024-08-26,电讯业,28905343
2024-08-26,公用事业,21259237
2024-08-26,金融业,31490972
2024-08-26,地产建筑业,254098223
2024-08-26,资讯科技业,-173084858
2024-08-26,综合企业,89884301
2024-08-26,其他,0
2024-08-27,能源业,332995300
2024-08-27,原材料业,4098626
2024-08-27,工业,121366974
2024-08-27,非必需性消费,553714750
2024-08-27,必需性消费,29933888
2024-08-27,医疗保健业,37270879
2024-08-27,电讯业,162443229
2024-08-27,公用事业,222216983
2024-08-27,金融业,52635464
2024-08-27,地产建筑业,86558682
2024-08-27,资讯科技业,24001208
2024-08-27,综合企业,-6010792
2024-08-27,其他,0
2024-08-28,能源业,-13916399
2024-08-28,原材料业,-50628665
2024-08-28,工业,-31208615
2024-08-28,非必需性消费,351751784
2024-08-28,必需性消费,178973350
2024-08-28,医疗保健业,-5424099
2024-08-28,电讯业,-89469479
2024-08-28,公用事业,139076073
2024-08-28,金融业,-349838106
2024-08-28,地产建筑业,86188791
2024-08-28,资讯科技业,-72201847
2024-08-28,综合企业,4218329
2024-08-28,其他,0
2024-08-29,能源业,-83019483
2024-08-29,原材料业,56897898
2024-08-29,工业,97106558
2024-08-29,非必需性消费,700370497
2024-08-29,必需性消费,69098063
2024-08-29,医疗保健业,181474106
2024-08-29,电讯业,-65833908
2024-08-29,公用事业,7630456
2024-08-29,金融业,-200391888
2024-08-29,地产建筑业,58892656
2024-08-29,资讯科技业,376690870
2024-08-29,综合企业,17351309
2024-08-29,其他,0
2024-08-30,能源业,-186205303
2024-08-30,原材料业,69225414
2024-08-30,工业,192947260
2024-08-30,非必需性消费,457929348
2024-08-30,必需性消费,53980901
2024-08-30,医疗保健业,-42745337
2024-08-30,电讯业,-44573991
2024-08-30,公用事业,96557737
2024-08-30,金融业,-1105963077
2024-08-30,地产建筑业,61407600
2024-08-30,资讯科技业,308821204
2024-08-30,综合企业,-20207567
2024-08-30,其他,0
2024-09-02,能源业,314149302
2024-09-02,原材料业,4750153
2024-09-02,工业,108600378
2024-09-02,非必需性消费,327306824
2024-09-02,必需性消费,118328692
2024-09-02,医疗保健业,-17118481
2024-09-02,电讯业,264098944
2024-09-02,公用事业,98601428
2024-09-02,金融业,680789502
2024-09-02,地产建筑业,41413818
2024-09-02,资讯科技业,32194589
2024-09-02,综合企业,31027559
2024-09-02,其他,0
2024-09-03,能源业,263189470
2024-09-03,原材料业,21875612
2024-09-03,工业,203169162
2024-09-03,非必需性消费,612536276
2024-09-03,必需性消费,117631615
2024-09-03,医疗保健业,-15032802
2024-09-03,电讯业,15000899
2024-09-03,公用事业,-226857214
2024-09-03,金融业,134055103
2024-09-03,地产建筑业,-4990573
2024-09-03,资讯科技业,406602455
2024-09-03,综合企业,-1104332
2024-09-03,其他,0
2024-09-04,能源业,136559756
2024-09-04,原材料业,-55928169
2024-09-04,工业,-25626880
2024-09-04,非必需性消费,269018089
2024-09-04,必需性消费,22919334
2024-09-04,医疗保健业,119969053
2024-09-04,电讯业,-59810238
2024-09-04,公用事业,-31236451
2024-09-04,金融业,597082908
2024-09-04,地产建筑业,21697075
2024-09-04,资讯科技业,167840010
2024-09-04,综合企业,-10628929
2024-09-04,其他,0
2024-09-05,能源业,182017331
2024-09-05,原材料业,49496069
2024-09-05,工业,62205147
2024-09-05,非必需性消费,587998485
2024-09-05,必需性消费,88967867
2024-09-05,医疗保健业,24892733
2024-09-05,电讯业,103315284
2024-09-05,公用事业,52476417
2024-09-05,金融业,42720533
2024-09-05,地产建筑业,185446055
2024-09-05,资讯科技业,383816376
2024-09-05,综合企业,-14129708
2024-09-05,其他,0
2024-09-06,能源业,0
2024-09-06,原材料业,0
2024-09-06,工业,0
2024-09-06,非必需性消费,0
2024-09-06,必需性消费,0
2024-09-06,医疗保健业,0
2024-09-06,电讯业,0
2024-09-06,公用事业,0
2024-09-06,金融业,0
2024-09-06,地产建筑业,0
2024-09-06,资讯科技业,0
2024-09-06,综合企业,0
2024-09-06,其他,0
2024-09-09,能源业,-23396725
2024-09-09,原材料业,-6398713
2024-09-09,工业,-50318951
2024-09-09,非必需性消费,121663692
2024-09-09,必需性消费,80969080
2024-09-09,医疗保健业,108568756
2024-09-09,电讯业,-222195712
2024-09-09,公用事业,-124571820
2024-09-09,金融业,656787708
2024-09-09,地产建筑业,66250317
2024-09-09,资讯科技业,132165421
2024-09-09,综合企业,20650733
2024-09-09,其他,0
2024-09-10,能源业,324319037
2024-09-10,原材料业,23696303
2024-09-10,工业,31668517
2024-09-10,非必需性消费,1049461844
2024-09-10,必需性消费,-31837203
2024-09-10,医疗保健业,-95833445
2024-09-10,电讯业,27733668
2024-09-10,公用事业,96322178
2024-09-10,金融业,641947262
2024-09-10,地产建筑业,59364374
2024-09-10,资讯科技业,-5820347
2024-09-10,综合企业,3318238
2024-09-10,其他,0
2024-09-11,能源业,389289245
2024-09-11,原材料业,59899417
2024-09-11,工业,-60895968
2024-09-11,非必需性消费,1061080202
2024-09-11,必需性消费,-8364587
2024-09-11,医疗保健业,92670161
2024-09-11,电讯业,-99962866
2024-09-11,公用事业,94031550
2024-09-11,金融业,216585670
2024-09-11,地产建筑业,162692071
2024-09-11,资讯科技业,-226805048
2024-09-11,综合企业,42895388
2024-09-11,其他,0
2024-09-12,能源业,13898765
2024-09-12,原材料业,109063964
2024-09-12,工业,55971674
2024-09-12,非必需性消费,402867871
2024-09-12,必需性消费,49496444
2024-09-12,医疗保健业,-88153212
2024-09-12,电讯业,-95317791
2024-09-12,公用事业,7221249
2024-09-12,金融业,80582006
2024-09-12,地产建筑业,160521691
2024-09-12,资讯科技业,-80415604
2024-09-12,综合企业,18762128
2024-09-12,其他,0
2024-09-13,能源业,53001611
2024-09-13,原材料业,-51915537
2024-09-13,工业,50265246
2024-09-13,非必需性消费,-318498910
2024-09-13,必需性消费,-60534395
2024-09-13,医疗保健业,90437647
2024-09-13,电讯业,100614086
2024-09-13,公用事业,-94407048
2024-09-13,金融业,-196751707
2024-09-13,地产建筑业,11059526
2024-09-13,资讯科技业,-323377793
2024-09-13,综合企业,16364607
2024-09-13,其他,0
2024-09-18,能源业,0
2024-09-18,原材料业,0
2024-09-18,工业,0
2024-09-18,非必需性消费,0
2024-09-18,必需性消费,0
2024-09-18,医疗保健业,0
2024-09-18,电讯业,0
2024-09-18,公用事业,0
2024-09-18,金融业,0
2024-09-18,地产建筑业,0
2024-09-18,资讯科技业,0
2024-09-18,综合企业,0
2024-09-18,其他,0
2024-09-19,能源业,117009506
2024-09-19,原材料业,171197491
2024-09-19,工业,286231318
2024-09-19,非必需性消费,663905636
2024-09-19,必需性消费,97707622
2024-09-19,医疗保健业,228461572
2024-09-19,电讯业,186904304
2024-09-19,公用事业,85012516
2024-09-19,金融业,132922551
2024-09-19,地产建筑业,212178515
2024-09-19,资讯科技业,81592758
2024-09-19,综合企业,17604180
2024-09-19,其他,0
2024-09-20,能源业,108500561
2024-09-20,原材料业,243432536
2024-09-20,工业,51252852
2024-09-20,非必需性消费,375652338
2024-09-20,必需性消费,59834322
2024-09-20,医疗保健业,224226444
2024-09-20,电讯业,-77741411
2024-09-20,公用事业,7623585
2024-09-20,金融业,-371765343
2024-09-20,地产建筑业,80054248
2024-09-20,资讯科技业,-134121041
2024-09-20,综合企业,-34834673
2024-09-20,其他,0
2024-09-23,能源业,324814590
2024-09-23,原材料业,-13597560
2024-09-23,工业,154585855
2024-09-23,非必需性消费,92726516
2024-09-23,必需性消费,30842788
2024-09-23,医疗保健业,-58562794
2024-09-23,电讯业,222891732
2024-09-23,公用事业,174177104
2024-09-23,金融业,-632149391
2024-09-23,地产建筑业,-13833503
2024-09-23,资讯科技业,-368177865
2024-09-23,综合企业,-23682177
2024-09-23,其他,0
2024-09-24,能源业,88008417
2024-09-24,原材料业,66497758
2024-09-24,工业,393562690
2024-09-24,非必需性消费,1481661637
2024-09-24,必需性消费,194547572
2024-09-24,医疗保健业,226552133
2024-09-24,电讯业,275254776
2024-09-24,公用事业,122191962
2024-09-24,金融业,-182890380
2024-09-24,地产建筑业,124475731
2024-09-24,资讯科技业,-151663429
2024-09-24,综合企业,-22936575
2024-09-24,其他,0
2024-09-25,能源业,-390615144
2024-09-25,原材料业,-268195920
2024-09-25,工业,-282584610
2024-09-25,非必需性消费,-770134360
2024-09-25,必需性消费,-162313653
2024-09-25,医疗保健业,139392092
2024-09-25,电讯业,-133882692
2024-09-25,公用事业,35388592
2024-09-25,金融业,-3429977901
2024-09-25,地产建筑业,-243847201
2024-09-25,资讯科技业,-1898681057
2024-09-25,综合企业,-4295286
2024-09-25,其他,0
2024-09-26,能源业,-361259605
2024-09-26,原材料业,132360182
2024-09-26,工业,167807669
2024-09-26,非必需性消费,3371963063
2024-09-26,必需性消费,428916513
2024-09-26,医疗保健业,673292344
2024-09-26,电讯业,-150758333
2024-09-26,公用事业,-85517195
2024-09-26,金融业,816989299
2024-09-26,地产建筑业,1333126954
2024-09-26,资讯科技业,539065312
2024-09-26,综合企业,44699510
2024-09-26,其他,0
2024-09-27,能源业,164634496
2024-09-27,原材料业,-158542396
2024-09-27,工业,137384863
2024-09-27,非必需性消费,1089603718
2024-09-27,必需性消费,-148263668
2024-09-27,医疗保健业,513068774
2024-09-27,电讯业,-75439086
2024-09-27,公用事业,-76282163
2024-09-27,金融业,-1403803506
2024-09-27,地产建筑业,737359193
2024-09-27,资讯科技业,-156861983
2024-09-27,综合企业,34444535
2024-09-27,其他,0
2024-09-30,能源业,-41147120
2024-09-30,原材料业,133100495
2024-09-30,工业,85525606
2024-09-30,非必需性消费,2496457092
2024-09-30,必需性消费,173860282
2024-09-30,医疗保健业,1158137515
2024-09-30,电讯业,168159699
2024-09-30,公用事业,-45285662
2024-09-30,金融业,868285636
2024-09-30,地产建筑业,624862142
2024-09-30,资讯科技业,131804108
2024-09-30,综合企业,51981498
2024-09-30,其他,0
2024-10-08,能源业,-611375209
2024-10-08,原材料业,-514384216
2024-10-08,工业,-896388270
2024-10-08,非必需性消费,-1650361195
2024-10-08,必需性消费,-580876488
2024-10-08,医疗保健业,-532335463
2024-10-08,电讯业,-470731928
2024-10-08,公用事业,-631788074
2024-10-08,金融业,-2350272873
2024-10-08,地产建筑业,-1252229791
2024-10-08,资讯科技业,-1241980350
2024-10-08,综合企业,-188947001
2024-10-08,其他,0
2024-10-09,能源业,-309626898
2024-10-09,原材料业,-308299587
2024-10-09,工业,-407973356
2024-10-09,非必需性消费,-504610630
2024-10-09,必需性消费,-61462465
2024-10-09,医疗保健业,208142107
2024-10-09,电讯业,-153172375
2024-10-09,公用事业,-72719849
2024-10-09,金融业,-594778894
2024-10-09,地产建筑业,-306401543
2024-10-09,资讯科技业,-113104628
2024-10-09,综合企业,-86607713
2024-10-09,其他,0
2024-10-10,能源业,82805547
2024-10-10,原材料业,59274004
2024-10-10,工业,119674596
2024-10-10,非必需性消费,1085765831
2024-10-10,必需性消费,268332558
2024-10-10,医疗保健业,149927808
2024-10-10,电讯业,302736391
2024-10-10,公用事业,-31686726
2024-10-10,金融业,820392774
2024-10-10,地产建筑业,182959202
2024-10-10,资讯科技业,13901185
2024-10-10,综合企业,-20110431
2024-10-10,其他,0
2024-10-11,能源业,0
2024-10-11,原材料业,0
2024-10-11,工业,0
2024-10-11,非必需性消费,0
2024-10-11,必需性消费,0
2024-10-11,医疗保健业,0
2024-10-11,电讯业,0
2024-10-11,公用事业,0
2024-10-11,金融业,0
2024-10-11,地产建筑业,0
2024-10-11,资讯科技业,0
2024-10-11,综合企业,0
2024-10-11,其他,0
2024-10-14,能源业,88546426
2024-10-14,原材料业,-24870100
2024-10-14,工业,65636229
2024-10-14,非必需性消费,437642274
2024-10-14,必需性消费,333554820
2024-10-14,医疗保健业,212858687
2024-10-14,电讯业,287436931
2024-10-14,公用事业,-14044384
2024-10-14,金融业,-2188516
2024-10-14,地产建筑业,151585473
2024-10-14,资讯科技业,78542929
2024-10-14,综合企业,-1084558
2024-10-14,其他,0
2024-10-15,能源业,-265742993
2024-10-15,原材料业,-179813075
2024-10-15,工业,-297230447
2024-10-15,非必需性消费,-914313164
2024-10-15,必需性消费,-244006299
2024-10-15,医疗保健业,-514329329
2024-10-15,电讯业,-224789141
2024-10-15,公用事业,-77632044
2024-10-15,金融业,-978251545
2024-10-15,地产建筑业,-333732259
2024-10-15,资讯科技业,-393966954
2024-10-15,综合企业,-82709310
2024-10-15,其他,0
2024-10-16,能源业,227393215
2024-10-16,原材料业,148400866
2024-10-16,工业,137557317
2024-10-16,非必需性消费,553270897
2024-10-16,必需性消费,-88594507
2024-10-16,医疗保健业,32290485
2024-10-16,电讯业,14130016
2024-10-16,公用事业,176017217
2024-10-16,金融业,858380865
2024-10-16,地产建筑业,975584168
2024-10-16,资讯科技业,-297666651
2024-10-16,综合企业,17828147
2024-10-16,其他,0
2024-10-17,能源业,-219518430
2024-10-17,原材料业,-79887531
2024-10-17,工业,-320655609
2024-10-17,非必需性消费,-331435642
2024-10-17,必需性消费,-196854270
2024-10-17,医疗保健业,153090699
2024-10-17,电讯业,-54406376
2024-10-17,公用事业,-57740644
2024-10-17,金融业,-636335214
2024-10-17,地产建筑业,-448625810
2024-10-17,资讯科技业,-185676940
2024-10-17,综合企业,-17673088
2024-10-17,其他,0
2024-10-18,能源业,19234152
2024-10-18,原材料业,135767319
2024-10-18,工业,15125934
2024-10-18,非必需性消费,1341210685
2024-10-18,必需性消费,115657247
2024-10-18,医疗保健业,676455899
2024-10-18,电讯业,55071559
2024-10-18,公用事业,-1127986
2024-10-18,金融业,1816590814
2024-10-18,地产建筑业,192033411
2024-10-18,资讯科技业,1390752714
2024-10-18,综合企业,17021006
2024-10-18,其他,0
2024-10-21,能源业,-3180659
2024-10-21,原材料业,32911213
2024-10-21,工业,22137337
2024-10-21,非必需性消费,157145362
2024-10-21,必需性消费,-115730477
2024-10-21,医疗保健业,110726868
2024-10-21,电讯业,63325728
2024-10-21,公用事业,28918403
2024-10-21,金融业,-116864347
2024-10-21,地产建筑业,50400535
2024-10-21,资讯科技业,105975050
2024-10-21,综合企业,-36770760
2024-10-21,其他,0
2024-10-22,能源业,-221520586
2024-10-22,原材料业,37648028
2024-10-22,工业,182739076
2024-10-22,非必需性消费,146704866
2024-10-22,必需性消费,50238878
2024-10-22,医疗保健业,145206424
2024-10-22,电讯业,89935419
2024-10-22,公用事业,186194292
2024-10-22,金融业,-30483911
2024-10-22,地产建筑业,73884151
2024-10-22,资讯科技业,90577294
2024-10-22,综合企业,-20078269
2024-10-22,其他,0
2024-10-23,能源业,12557707
2024-10-23,原材料业,-18118089
2024-10-23,工业,409089378
2024-10-23,非必需性消费,875749961
2024-10-23,必需性消费,-98394932
2024-10-23,医疗保健业,292815058
2024-10-23,电讯业,-54326490
2024-10-23,公用事业,515505221
2024-10-23,金融业,842375809
2024-10-23,地产建筑业,-3389387
2024-10-23,资讯科技业,400624691
2024-10-23,综合企业,-9562595
2024-10-23,其他,0
2024-10-24,能源业,301391206
2024-10-24,原材料业,-57257418
2024-10-24,工业,-35200023
2024-10-24,非必需性消费,318573584
2024-10-24,必需性消费,-152353028
2024-10-24,医疗保健业,-215544344
2024-10-24,电讯业,166627933
2024-10-24,公用事业,87418782
2024-10-24,金融业,391087120
2024-10-24,地产建筑业,-84360890
2024-10-24,资讯科技业,-451368819
2024-10-24,综合企业,-26843640
2024-10-24,其他,0
2024-10-25,能源业,-71814589
2024-10-25,原材料业,24025825
2024-10-25,工业,186244699
2024-10-25,非必需性消费,15072691
2024-10-25,必需性消费,-18830862
2024-10-25,医疗保健业,286671058
2024-10-25,电讯业,65572369
2024-10-25,公用事业,141479128
2024-10-25,金融业,-97227180
2024-10-25,地产建筑业,4964487
2024-10-25,资讯科技业,52882759
2024-10-25,综合企业,-20393260
2024-10-25,其他,0
2024-10-28,能源业,-93883403
2024-10-28,原材料业,5590900
2024-10-28,工业,321129749
2024-10-28,非必需性消费,1291141565
2024-10-28,必需性消费,245029433
2024-10-28,医疗保健业,-18195014
2024-10-28,电讯业,45101850
2024-10-28,公用事业,36583565
2024-10-28,金融业,193100523
2024-10-28,地产建筑业,213576203
2024-10-28,资讯科技业,216126730
2024-10-28,综合企业,-6219480
2024-10-28,其他,0
2024-10-29,能源业,-301134370
2024-10-29,原材料业,-112801529
2024-10-29,工业,-84086859
2024-10-29,非必需性消费,666737745
2024-10-29,必需性消费,-186801988
2024-10-29,医疗保健业,-465710470
2024-10-29,电讯业,-152426632
2024-10-29,公用事业,-14737559
2024-10-29,金融业,64977330
2024-10-29,地产建筑业,-384315028
2024-10-29,资讯科技业,123825583
2024-10-29,综合企业,46280226
2024-10-29,其他,0
2024-10-30,能源业,-51506111
2024-10-30,原材料业,82980353
2024-10-30,工业,38626597
2024-10-30,非必需性消费,-103379337
2024-10-30,必需性消费,139557287
2024-10-30,医疗保健业,25933042
2024-10-30,电讯业,-99729379
2024-10-30,公用事业,-223372530
2024-10-30,金融业,-558052709
2024-10-30,地产建筑业,127946915
2024-10-30,资讯科技业,31351930
2024-10-30,综合企业,-47501122
2024-10-30,其他,0
2024-10-31,能源业,-566233
2024-10-31,原材料业,186795080
2024-10-31,工业,317607210
2024-10-31,非必需性消费,-66303534
2024-10-31,必需性消费,30926833
2024-10-31,医疗保健业,-46627698
2024-10-31,电讯业,100975029
2024-10-31,公用事业,-13595079
2024-10-31,金融业,5728134
2024-10-31,地产建筑业,232687031
2024-10-31,资讯科技业,315925842
2024-10-31,综合企业,32944543
2024-10-31,其他,0
2024-11-01,能源业,161792722
2024-11-01,原材料业,191558300
2024-11-01,工业,-42636588
2024-11-01,非必需性消费,474391190
2024-11-01,必需性消费,34370674
2024-11-01,医疗保健业,298164755
2024-11-01,电讯业,133325476
2024-11-01,公用事业,-127698525
2024-11-01,金融业,761826780
2024-11-01,地产建筑业,285110838
2024-11-01,资讯科技业,-43321790
2024-11-01,综合企业,13831186
2024-11-01,其他,0
2024-11-04,能源业,137035447
2024-11-04,原材料业,46029683
2024-11-04,工业,34756489
2024-11-04,非必需性消费,458264235
2024-11-04,必需性消费,38360725
2024-11-04,医疗保健业,367096855
2024-11-04,电讯业,39991938
2024-11-04,公用事业,65699322
2024-11-04,金融业,1085253177
2024-11-04,地产建筑业,100947940
2024-11-04,资讯科技业,-195756274
2024-11-04,综合企业,-17920006
2024-11-04,其他,0
2024-11-05,能源业,189542033
2024-11-05,原材料业,166423836
2024-11-05,工业,459324840
2024-11-05,非必需性消费,1232777785
2024-11-05,必需性消费,172723990
2024-11-05,医疗保健业,288016066
2024-11-05,电讯业,-30196061
2024-11-05,公用事业,46610520
2024-11-05,金融业,2584377681
2024-11-05,地产建筑业,307275896
2024-11-05,资讯科技业,699453241
2024-11-05,综合企业,26072603
2024-11-05,其他,0
2024-11-06,能源业,-158119792
2024-11-06,原材料业,-17888269
2024-11-06,工业,-65130698
2024-11-06,非必需性消费,250593550
2024-11-06,必需性消费,34706201
2024-11-06,医疗保健业,7800826
2024-11-06,电讯业,19718585
2024-11-06,公用事业,-114965441
2024-11-06,金融业,489543697
2024-11-06,地产建筑业,39097723
2024-11-06,资讯科技业,112935957
2024-11-06,综合企业,9916971
2024-11-06,其他,0
2024-11-07,能源业,172361792
2024-11-07,原材料业,192662862
2024-11-07,工业,142159565
2024-11-07,非必需性消费,1284783095
2024-11-07,必需性消费,210342452
2024-11-07,医疗保健业,267972583
2024-11-07,电讯业,-63438497
2024-11-07,公用事业,47126383
2024-11-07,金融业,2085144497
2024-11-07,地产建筑业,973773209
2024-11-07,资讯科技业,1037294802
2024-11-07,综合企业,37155341
2024-11-07,其他,0
2024-11-08,能源业,-288524479
2024-11-08,原材料业,-104148620
2024-11-08,工业,-15459314
2024-11-08,非必需性消费,-71940765
2024-11-08,必需性消费,-123259611
2024-11-08,医疗保健业,-45885979
2024-11-08,电讯业,-275830049
2024-11-08,公用事业,-65568198
2024-11-08,金融业,-376581546
2024-11-08,地产建筑业,-427409868
2024-11-08,资讯科技业,164970873
2024-11-08,综合企业,-16377845
2024-11-08,其他,0
2024-11-11,能源业,-182121677
2024-11-11,原材料业,-32776477
2024-11-11,工业,-47731167
2024-11-11,非必需性消费,936686869
2024-11-11,必需性消费,147670757
2024-11-11,医疗保健业,29839531
2024-11-11,电讯业,-302391789
2024-11-11,公用事业,25879609
2024-11-11,金融业,358892357
2024-11-11,地产建筑业,138672475
2024-11-11,资讯科技业,459678980
2024-11-11,综合企业,8780551
2024-11-11,其他,0
2024-11-12,能源业,-131545528
2024-11-12,原材料业,2598946
2024-11-12,工业,-143744174
2024-11-12,非必需性消费,-539724294
2024-11-12,必需性消费,-82032024
2024-11-12,医疗保健业,23365840
2024-11-12,电讯业,-251759908
2024-11-12,公用事业,-145217373
2024-11-12,金融业,-259138735
2024-11-12,地产建筑业,-373365789
2024-11-12,资讯科技业,-506963646
2024-11-12,综合企业,-115211452
2024-11-12,其他,0
2024-11-13,能源业,-14087902
2024-11-13,原材料业,117521005
2024-11-13,工业,30938548
2024-11-13,非必需性消费,1367115805
2024-11-13,必需性消费,42155458
2024-11-13,医疗保健业,137981763
2024-11-13,电讯业,334984086
2024-11-13,公用事业,11614004
2024-11-13,金融业,1297988557
2024-11-13,地产建筑业,88750709
2024-11-13,资讯科技业,1058436045
2024-11-13,综合企业,-1344563
2024-11-13,其他,0
2024-11-14,能源业,28443132
2024-11-14,原材料业,-38344308
2024-11-14,工业,-341454632
2024-11-14,非必需性消费,350056581
2024-11-14,必需性消费,-139521350
2024-11-14,医疗保健业,125337351
2024-11-14,电讯业,136914127
2024-11-14,公用事业,176035
2024-11-14,金融业,537008380
2024-11-14,地产建筑业,-380823782
2024-11-14,资讯科技业,-159885870
2024-11-14,综合企业,8534426
2024-11-14,其他,0
2024-11-15,能源业,198164005
2024-11-15,原材料业,23608883
2024-11-15,工业,-113559339
2024-11-15,非必需性消费,508818541
2024-11-15,必需性消费,61647694
2024-11-15,医疗保健业,198137314
2024-11-15,电讯业,251006019
2024-11-15,公用事业,67033792
2024-11-15,金融业,1006228927
2024-11-15,地产建筑业,61775676
2024-11-15,资讯科技业,187826979
2024-11-15,综合企业,13100075
2024-11-15,其他,0
2024-11-18,能源业,79060890
2024-11-18,原材料业,32449574
2024-11-18,工业,-51617368
2024-11-18,非必需性消费,830972748
2024-11-18,必需性消费,72677437
2024-11-18,医疗保健业,111987491
2024-11-18,电讯业,136388023
2024-11-18,公用事业,81465457
2024-11-18,金融业,680918781
2024-11-18,地产建筑业,42846848
2024-11-18,资讯科技业,255016697
2024-11-18,综合企业,-3561722
2024-11-18,其他,0
2024-11-19,能源业,-149154451
2024-11-19,原材料业,264316718
2024-11-19,工业,141471846
2024-11-19,非必需性消费,247738649
2024-11-19,必需性消费,22701869
2024-11-19,医疗保健业,115653131
2024-11-19,电讯业,102413600
2024-11-19,公用事业,-38504985
2024-11-19,金融业,414816659
2024-11-19,地产建筑业,-1724136
2024-11-19,资讯科技业,251007592
2024-11-19,综合企业,50040230
2024-11-19,其他,0
2024-11-20,能源业,923205
2024-11-20,原材料业,150219801
2024-11-20,工业,387162982
2024-11-20,非必需性消费,1280265750
2024-11-20,必需性消费,-5310074
2024-11-20,医疗保健业,688167671
2024-11-20,电讯业,55401531
2024-11-20,公用事业,71438085
2024-11-20,金融业,531159196
2024-11-20,地产建筑业,86780581
2024-11-20,资讯科技业,616442901
2024-11-20,综合企业,10453791
2024-11-20,其他,0
2024-11-21,能源业,-61095639
2024-11-21,原材料业,5771728
2024-11-21,工业,146970643
2024-11-21,非必需性消费,776805123
2024-11-21,必需性消费,-113847392
2024-11-21,医疗保健业,48237948
2024-11-21,电讯业,145257337
2024-11-21,公用事业,26557095
2024-11-21,金融业,-67880380
2024-11-21,地产建筑业,-52890003
2024-11-21,资讯科技业,79857559
2024-11-21,综合企业,-19030156
2024-11-21,其他,0
2024-11-22,能源业,-117375591
2024-11-22,原材料业,-128084604
2024-11-22,工业,-171100926
2024-11-22,非必需性消费,-354402032
2024-11-22,必需性消费,-47281824
2024-11-22,医疗保健业,-235032309
2024-11-22,电讯业,-83229450
2024-11-22,公用事业,-99242813
2024-11-22,金融业,-130020646
2024-11-22,地产建筑业,-96897515
2024-11-22,资讯科技业,-8938382
2024-11-22,综合企业,-40645870
2024-11-22,其他,0
2024-11-25,能源业,-213910316
2024-11-25,原材料业,-21288879
2024-11-25,工业,140041499
2024-11-25,非必需性消费,829801472
2024-11-25,必需性消费,-18297979
2024-11-25,医疗保健业,106168603
2024-11-25,电讯业,78599228
2024-11-25,公用事业,-95988005
2024-11-25,金融业,46222057
2024-11-25,地产建筑业,-9411744
2024-11-25,资讯科技业,-249047228
2024-11-25,综合企业,-941959
2024-11-25,其他,0
2024-11-26,能源业,117038567
2024-11-26,原材料业,27924793
2024-11-26,工业,-25767512
2024-11-26,非必需性消费,433170266
2024-11-26,必需性消费,41748738
2024-11-26,医疗保健业,85313054
2024-11-26,电讯业,210977880
2024-11-26,公用事业,12032596
2024-11-26,金融业,345102712
2024-11-26,地产建筑业,37132094
2024-11-26,资讯科技业,-571037727
2024-11-26,综合企业,8993543
2024-11-26,其他,0
2024-11-27,能源业,-95858950
2024-11-27,原材料业,30504396
2024-11-27,工业,310650152
2024-11-27,非必需性消费,1501092629
2024-11-27,必需性消费,78259159
2024-11-27,医疗保健业,503605302
2024-11-27,电讯业,119364189
2024-11-27,公用事业,-10168495
2024-11-27,金融业,443563033
2024-11-27,地产建筑业,68975518
2024-11-27,资讯科技业,442919034
2024-11-27,综合企业,16257511
2024-11-27,其他,0
2024-11-28,能源业,40411981
2024-11-28,原材料业,38594434
2024-11-28,工业,7070620
2024-11-28,非必需性消费,647288409
2024-11-28,必需性消费,42267630
2024-11-28,医疗保健业,67824003
2024-11-28,电讯业,146537311
2024-11-28,公用事业,-102429063
2024-11-28,金融业,-10474583
2024-11-28,地产建筑业,-65311014
2024-11-28,资讯科技业,-106883192
2024-11-28,综合企业,-4983703
2024-11-28,其他,0
2024-11-29,能源业,48410411
2024-11-29,原材料业,-7542887
2024-11-29,工业,225718225
2024-11-29,非必需性消费,928223688
2024-11-29,必需性消费,77035529
2024-11-29,医疗保健业,162584331
2024-11-29,电讯业,161750798
2024-11-29,公用事业,-122662249
2024-11-29,金融业,1020121446
2024-11-29,地产建筑业,-2474593
2024-11-29,资讯科技业,50726159
2024-11-29,综合企业,19577446
2024-11-29,其他,0
2024-12-02,能源业,-135001541
2024-12-02,原材料业,-21282034
2024-12-02,工业,369182341
2024-12-02,非必需性消费,569955690
2024-12-02,必需性消费,57496270
2024-12-02,医疗保健业,225053736
2024-12-02,电讯业,-64796828
2024-12-02,公用事业,136007738
2024-12-02,金融业,440854270
2024-12-02,地产建筑业,159380407
2024-12-02,资讯科技业,178491995
2024-12-02,综合企业,-12317892
2024-12-02,其他,0
2024-12-03,能源业,77434184
2024-12-03,原材料业,-34092601
2024-12-03,工业,148162810
2024-12-03,非必需性消费,477738912
2024-12-03,必需性消费,45855035
2024-12-03,医疗保健业,311644162
2024-12-03,电讯业,-54261805
2024-12-03,公用事业,243146594
2024-12-03,金融业,1005165452
2024-12-03,地产建筑业,43470317
2024-12-03,资讯科技业,221235915
2024-12-03,综合企业,-2881433
2024-12-03,其他,0
2024-12-04,能源业,291773679
2024-12-04,原材料业,-55771408
2024-12-04,工业,94679840
2024-12-04,非必需性消费,149816534
2024-12-04,必需性消费,-6579224
2024-12-04,医疗保健业,-86814967
2024-12-04,电讯业,25519050
2024-12-04,公用事业,87526278
2024-12-04,金融业,134456999
2024-12-04,地产建筑业,-11911513
2024-12-04,资讯科技业,284697858
2024-12-04,综合企业,5353488
2024-12-04,其他,0
2024-12-05,能源业,154882685
2024-12-05,原材料业,57818042
2024-12-05,工业,175066935
2024-12-05,非必需性消费,79785777
2024-12-05,必需性消费,-94944006
2024-12-05,医疗保健业,164137171
2024-12-05,电讯业,87600805
2024-12-05,公用事业,79874906
2024-12-05,金融业,-19083950
2024-12-05,地产建筑业,103067349
2024-12-05,资讯科技业,519006049
2024-12-05,综合企业,26214009
2024-12-05,其他,0
2024-12-06,能源业,250328853
2024-12-06,原材料业,41913925
2024-12-06,工业,8908329
2024-12-06,非必需性消费,1050417905
2024-12-06,必需性消费,62781059
2024-12-06,医疗保健业,368595041
2024-12-06,电讯业,204556748
2024-12-06,公用事业,119530836
2024-12-06,金融业,725532067
2024-12-06,地产建筑业,134339742
2024-12-06,资讯科技业,274455127
2024-12-06,综合企业,37627574
2024-12-06,其他,0
2024-12-09,能源业,235424872
2024-12-09,原材料业,63621462
2024-12-09,工业,327920708
2024-12-09,非必需性消费,1793253842
2024-12-09,必需性消费,60454344
2024-12-09,医疗保健业,241823649
2024-12-09,电讯业,32346183
2024-12-09,公用事业,106122423
2024-12-09,金融业,1108279221
2024-12-09,地产建筑业,499384667
2024-12-09,资讯科技业,1092093917
2024-12-09,综合企业,40984249
2024-12-09,其他,0
2024-12-10,能源业,-433770494
2024-12-10,原材料业,-497972222
2024-12-10,工业,-339175495
2024-12-10,非必需性消费,-845347419
2024-12-10,必需性消费,-188509560
2024-12-10,医疗保健业,-445434375
2024-12-10,电讯业,-203550108
2024-12-10,公用事业,-132526655
2024-12-10,金融业,-1605678412
2024-12-10,地产建筑业,-574071434
2024-12-10,资讯科技业,-1115146446
2024-12-10,综合企业,-40174723
2024-12-10,其他,0
2024-12-11,能源业,-39826957
2024-12-11,原材料业,-66116193
2024-12-11,工业,-13605615
2024-12-11,非必需性消费,168995373
2024-12-11,必需性消费,207166364
2024-12-11,医疗保健业,104892370
2024-12-11,电讯业,280302342
2024-12-11,公用事业,180648137
2024-12-11,金融业,-89086640
2024-12-11,地产建筑业,120268242
2024-12-11,资讯科技业,-150086972
2024-12-11,综合企业,17619708
2024-12-11,其他,0
2024-12-12,能源业,109328706
2024-12-12,原材料业,-54391577
2024-12-12,工业,226227172
2024-12-12,非必需性消费,795589456
2024-12-12,必需性消费,244735883
2024-12-12,医疗保健业,83061137
2024-12-12,电讯业,93234896
2024-12-12,公用事业,75271557
2024-12-12,金融业,281369670
2024-12-12,地产建筑业,-49055534
2024-12-12,资讯科技业,-38670632
2024-12-12,综合企业,-4017726
2024-12-12,其他,0
2024-12-13,能源业,-497560
2024-12-13,原材料业,-126915224
2024-12-13,工业,64885274
2024-12-13,非必需性消费,323514212
2024-12-13,必需性消费,94393867
2024-12-13,医疗保健业,7883138
2024-12-13,电讯业,151176788
2024-12-13,公用事业,90386626
2024-12-13,金融业,60334326
2024-12-13,地产建筑业,-25884229
2024-12-13,资讯科技业,-103401485
2024-12-13,综合企业,1916263
2024-12-13,其他,0
2024-12-16,能源业,57611497
2024-12-16,原材料业,10866780
2024-12-16,工业,141460926
2024-12-16,非必需性消费,172693226
2024-12-16,必需性消费,19063350
2024-12-16,医疗保健业,-288181818
2024-12-16,电讯业,154121325
2024-12-16,公用事业,315910650
2024-12-16,金融业,589434288
2024-12-16,地产建筑业,-28745858
2024-12-16,资讯科技业,-493214445
2024-12-16,综合企业,2609985
2024-12-16,其他,0
2024-12-17,能源业,349279991
2024-12-17,原材料业,3282029
2024-12-17,工业,118569793
2024-12-17,非必需性消费,573601602
2024-12-17,必需性消费,48432027
2024-12-17,医疗保健业,-13288710
2024-12-17,电讯业,344160855
2024-12-17,公用事业,138992070
2024-12-17,金融业,844360659
2024-12-17,地产建筑业,-32570979
2024-12-17,资讯科技业,-136374523
2024-12-17,综合企业,-8008047
2024-12-17,其他,0
2024-12-18,能源业,39571078
2024-12-18,原材料业,-110682331
2024-12-18,工业,246831338
2024-12-18,非必需性消费,97209757
2024-12-18,必需性消费,88791794
2024-12-18,医疗保健业,110034248
2024-12-18,电讯业,386386865
2024-12-18,公用事业,323684616
2024-12-18,金融业,287988109
2024-12-18,地产建筑业,120771256
2024-12-18,资讯科技业,232306732
2024-12-18,综合企业,-12002151
2024-12-18,其他,0
2024-12-19,能源业,-79605848
2024-12-19,原材料业,123077207
2024-12-19,工业,249689256
2024-12-19,非必需性消费,211014101
2024-12-19,必需性消费,-6931557
2024-12-19,医疗保健业,-56741787
2024-12-19,电讯业,191274040
2024-12-19,公用事业,174580963
2024-12-19,金融业,1130840395
2024-12-19,地产建筑业,130777184
2024-12-19,资讯科技业,515872610
2024-12-19,综合企业,-15690475
2024-12-19,其他,0
2024-12-20,能源业,77274896
2024-12-20,原材料业,-144499482
2024-12-20,工业,88371860
2024-12-20,非必需性消费,-239326908
2024-12-20,必需性消费,-10752392
2024-12-20,医疗保健业,-169305055
2024-12-20,电讯业,34259217
2024-12-20,公用事业,176276158
2024-12-20,金融业,753737205
2024-12-20,地产建筑业,77673591
2024-12-20,资讯科技业,156958174
2024-12-20,综合企业,-17019068
2024-12-20,其他,0
2024-12-23,能源业,200391511
2024-12-23,原材料业,-63284731
2024-12-23,工业,49757641
2024-12-23,非必需性消费,-551962894
2024-12-23,必需性消费,-19220480
2024-12-23,医疗保健业,-11468547
2024-12-23,电讯业,170476188
2024-12-23,公用事业,132707827
2024-12-23,金融业,731894299
2024-12-23,地产建筑业,-32225913
2024-12-23,资讯科技业,-259439599
2024-12-23,综合企业,9737487
2024-12-23,其他,0
2024-12-24,能源业,140192905
2024-12-24,原材料业,-80012035
2024-12-24,工业,255849113
2024-12-24,非必需性消费,134758589
2024-12-24,必需性消费,90654952
2024-12-24,医疗保健业,53569483
2024-12-24,电讯业,106354876
2024-12-24,公用事业,159662307
2024-12-24,金融业,936297703
2024-12-24,地产建筑业,122898634
2024-12-24,资讯科技业,158059134
2024-12-24,综合企业,12260147
2024-12-24,其他,0
2024-12-25,能源业,0
2024-12-25,原材料业,0
2024-12-25,工业,0
2024-12-25,非必需性消费,0
2024-12-25,必需性消费,0
2024-12-25,医疗保健业,0
2024-12-25,电讯业,0
2024-12-25,公用事业,0
2024-12-25,金融业,0
2024-12-25,地产建筑业,0
2024-12-25,资讯科技业,0
2024-12-25,综合企业,0
2024-12-25,其他,0
2024-12-26,能源业,0
2024-12-26,原材料业,0
2024-12-26,工业,0
2024-12-26,非必需性消费,0
2024-12-26,必需性消费,0
2024-12-26,医疗保健业,0
2024-12-26,电讯业,0
2024-12-26,公用事业,0
2024-12-26,金融业,0
2024-12-26,地产建筑业,0
2024-12-26,资讯科技业,0
2024-12-26,综合企业,0
2024-12-26,其他,0
2024-12-27,能源业,375338541
2024-12-27,原材料业,-75863739
2024-12-27,工业,47106922
2024-12-27,非必需性消费,11764032
2024-12-27,必需性消费,13670786
2024-12-27,医疗保健业,-109876308
2024-12-27,电讯业,243807404
2024-12-27,公用事业,234896806
2024-12-27,金融业,812527672
2024-12-27,地产建筑业,124024774
2024-12-27,资讯科技业,1122330463
2024-12-27,综合企业,37469091
2024-12-27,其他,0
2024-12-30,能源业,261622832
2024-12-30,原材料业,-3209063
2024-12-30,工业,-125011373
2024-12-30,非必需性消费,-278157767
2024-12-30,必需性消费,-64037864
2024-12-30,医疗保健业,-236989641
2024-12-30,电讯业,77122840
2024-12-30,公用事业,15634772
2024-12-30,金融业,841602642
2024-12-30,地产建筑业,-92362851
2024-12-30,资讯科技业,493251756
2024-12-30,综合企业,-23915206
2024-12-30,其他,0
2024-12-31,能源业,370749946
2024-12-31,原材料业,-3461481
2024-12-31,工业,79076386
2024-12-31,非必需性消费,-367979013
2024-12-31,必需性消费,106776383
2024-12-31,医疗保健业,-40933634
2024-12-31,电讯业,193392981
2024-12-31,公用事业,116789619
2024-12-31,金融业,232805891
2024-12-31,地产建筑业,-62328371
2024-12-31,资讯科技业,-856516357
2024-12-31,综合企业,-33980905
2024-12-31,其他,0
2025-01-02,能源业,172074698
2025-01-02,原材料业,16962830
2025-01-02,工业,-178831204
2025-01-02,非必需性消费,225198721
2025-01-02,必需性消费,25580773
2025-01-02,医疗保健业,-219632440
2025-01-02,电讯业,257805402
2025-01-02,公用事业,-6827845
2025-01-02,金融业,841191440
2025-01-02,地产建筑业,78741838
2025-01-02,资讯科技业,10649972
2025-01-02,综合企业,6710342
2025-01-02,其他,0
2025-01-03,能源业,194172083
2025-01-03,原材料业,59050704
2025-01-03,工业,46383749
2025-01-03,非必需性消费,375467776
2025-01-03,必需性消费,-51107240
2025-01-03,医疗保健业,-188694748
2025-01-03,电讯业,215534086
2025-01-03,公用事业,31769935
2025-01-03,金融业,558930070
2025-01-03,地产建筑业,9958568
2025-01-03,资讯科技业,355159787
2025-01-03,综合企业,3116481
2025-01-03,其他,0
2025-01-06,能源业,130835889
2025-01-06,原材料业,-24674574
2025-01-06,工业,28438105
2025-01-06,非必需性消费,183523585
2025-01-06,必需性消费,-50886040
2025-01-06,医疗保健业,-79377160
2025-01-06,电讯业,203754775
2025-01-06,公用事业,987523
2025-01-06,金融业,112108100
2025-01-06,地产建筑业,-145444716
2025-01-06,资讯科技业,209255047
2025-01-06,综合企业,-25661680
2025-01-06,其他,0
2025-01-07,能源业,126195053
2025-01-07,原材料业,151447395
2025-01-07,工业,108384156
2025-01-07,非必需性消费,20996117
2025-01-07,必需性消费,54415617
2025-01-07,医疗保健业,-175640718
2025-01-07,电讯业,201676966
2025-01-07,公用事业,32857494
2025-01-07,金融业,-27122654
2025-01-07,地产建筑业,20316410
2025-01-07,资讯科技业,1607629759
2025-01-07,综合企业,11483378
2025-01-07,其他,0
2025-01-08,能源业,327581213
2025-01-08,原材料业,-22383811
2025-01-08,工业,-1450656
2025-01-08,非必需性消费,-97515506
2025-01-08,必需性消费,29192567
2025-01-08,医疗保健业,-282121187
2025-01-08,电讯业,192970360
2025-01-08,公用事业,42990643
2025-01-08,金融业,496744809
2025-01-08,地产建筑业,-57711170
2025-01-08,资讯科技业,32372741
2025-01-08,综合企业,34267178
2025-01-08,其他,0
2025-01-09,能源业,69924864
2025-01-09,原材料业,112504439
2025-01-09,工业,266071514
2025-01-09,非必需性消费,476768534
2025-01-09,必需性消费,90329675
2025-01-09,医疗保健业,244963393
2025-01-09,电讯业,265082369
2025-01-09,公用事业,58873034
2025-01-09,金融业,581865285
2025-01-09,地产建筑业,134574097
2025-01-09,资讯科技业,1388322535
2025-01-09,综合企业,21722260
2025-01-09,其他,0
2025-01-10,能源业,220192560
2025-01-10,原材料业,52133566
2025-01-10,工业,-15032442
2025-01-10,非必需性消费,-289808625
2025-01-10,必需性消费,-62006224
2025-01-10,医疗保健业,-198936695
2025-01-10,电讯业,9259533
2025-01-10,公用事业,-48670277
2025-01-10,金融业,390347922
2025-01-10,地产建筑业,27735040
2025-01-10,资讯科技业,-197940165
2025-01-10,综合企业,10990959
2025-01-10,其他,0
2025-01-13,能源业,244984802
2025-01-13,原材料业,38644172
2025-01-13,工业,128284870
2025-01-13,非必需性消费,733630117
2025-01-13,必需性消费,89273209
2025-01-13,医疗保健业,1626452
2025-01-13,电讯业,11038281
2025-01-13,公用事业,75438325
2025-01-13,金融业,921592155
2025-01-13,地产建筑业,191458306
2025-01-13,资讯科技业,829981606
2025-01-13,综合企业,7314461
2025-01-13,其他,0
2025-01-14,能源业,292752131
2025-01-14,原材料业,54685772
2025-01-14,工业,321633291
2025-01-14,非必需性消费,1726452390
2025-01-14,必需性消费,209086717
2025-01-14,医疗保健业,250875309
2025-01-14,电讯业,331732000
2025-01-14,公用事业,173743825
2025-01-14,金融业,1107129776
2025-01-14,地产建筑业,262920035
2025-01-14,资讯科技业,1271468685
2025-01-14,综合企业,32966902
2025-01-14,其他,0
2025-01-15,能源业,48918905
2025-01-15,原材料业,142845218
2025-01-15,工业,128275038
2025-01-15,非必需性消费,318370808
2025-01-15,必需性消费,42839475
2025-01-15,医疗保健业,-124556833
2025-01-15,电讯业,266777066
2025-01-15,公用事业,119770626
2025-01-15,金融业,542023256
2025-01-15,地产建筑业,51820113
2025-01-15,资讯科技业,718862383
2025-01-15,综合企业,2695927
2025-01-15,其他,0
2025-01-16,能源业,110999869
2025-01-16,原材料业,101472321
2025-01-16,工业,79317920
2025-01-16,非必需性消费,940040393
2025-01-16,必需性消费,26028707
2025-01-16,医疗保健业,47808517
2025-01-16,电讯业,164951906
2025-01-16,公用事业,105784949
2025-01-16,金融业,-4969300
2025-01-16,地产建筑业,102752962
2025-01-16,资讯科技业,280904645
2025-01-16,综合企业,28436171
2025-01-16,其他,0
2025-01-17,能源业,86157857
2025-01-17,原材料业,275133465
2025-01-17,工业,103895286
2025-01-17,非必需性消费,228977288
2025-01-17,必需性消费,77757976
2025-01-17,医疗保健业,83920258
2025-01-17,电讯业,90049839
2025-01-17,公用事业,60382242
2025-01-17,金融业,480100409
2025-01-17,地产建筑业,404008735
2025-01-17,资讯科技业,967940231
2025-01-17,综合企业,26849347
2025-01-17,其他,0
2025-01-20,能源业,-153808224
2025-01-20,原材料业,-55028360
2025-01-20,工业,224870711
2025-01-20,非必需性消费,250561173
2025-01-20,必需性消费,77817942
2025-01-20,医疗保健业,112496181
2025-01-20,电讯业,101600000
2025-01-20,公用事业,-34310135
2025-01-20,金融业,-401191802
2025-01-20,地产建筑业,100102005
2025-01-20,资讯科技业,231394848
2025-01-20,综合企业,-4017981
2025-01-20,其他,0
2025-01-21,能源业,-108827854
2025-01-21,原材料业,-29823818
2025-01-21,工业,137920357
2025-01-21,非必需性消费,369279293
2025-01-21,必需性消费,940263
2025-01-21,医疗保健业,-134691021
2025-01-21,电讯业,-16080894
2025-01-21,公用事业,-50456020
2025-01-21,金融业,-136931187
2025-01-21,地产建筑业,61150174
2025-01-21,资讯科技业,727969717
2025-01-21,综合企业,11780465
2025-01-21,其他,0
2025-01-22,能源业,16393862
2025-01-22,原材料业,18868134
2025-01-22,工业,-20764210
2025-01-22,非必需性消费,-140948314
2025-01-22,必需性消费,8670935
2025-01-22,医疗保健业,8912745
2025-01-22,电讯业,169581803
2025-01-22,公用事业,3661416
2025-01-22,金融业,-369318171
2025-01-22,地产建筑业,-125559729
2025-01-22,资讯科技业,-74690902
2025-01-22,综合企业,19289140
2025-01-22,其他,0
2025-01-23,能源业,311668033
2025-01-23,原材料业,-65524909
2025-01-23,工业,-9838714
2025-01-23,非必需性消费,-359748678
2025-01-23,必需性消费,-13306581
2025-01-23,医疗保健业,-178472008
2025-01-23,电讯业,60267403
2025-01-23,公用事业,103639444
2025-01-23,金融业,397091949
2025-01-23,地产建筑业,37706150
2025-01-23,资讯科技业,-408646746
2025-01-23,综合企业,-12484971
2025-01-23,其他,0
2025-01-24,能源业,2585931
2025-01-24,原材料业,83767894
2025-01-24,工业,249878834
2025-01-24,非必需性消费,253197716
2025-01-24,必需性消费,-10922352
2025-01-24,医疗保健业,261462487
2025-01-24,电讯业,-30165825
2025-01-24,公用事业,140549731
2025-01-24,金融业,450892841
2025-01-24,地产建筑业,79524343
2025-01-24,资讯科技业,1392615190
2025-01-24,综合企业,28415621
2025-01-24,其他,0
2025-01-27,能源业,226978889
2025-01-27,原材料业,23761077
2025-01-27,工业,91858058
2025-01-27,非必需性消费,306278712
2025-01-27,必需性消费,-12741939
2025-01-27,医疗保健业,-85843
2025-01-27,电讯业,142319240
2025-01-27,公用事业,155680313
2025-01-27,金融业,42403658
2025-01-27,地产建筑业,57334241
2025-01-27,资讯科技业,-197981373
2025-01-27,综合企业,32346568
2025-01-27,其他,0
2025-02-05,能源业,-227214902
2025-02-05,原材料业,177226241
2025-02-05,工业,-45064074
2025-02-05,非必需性消费,-38629866
2025-02-05,必需性消费,21731916
2025-02-05,医疗保健业,-56833055
2025-02-05,电讯业,8745411
2025-02-05,公用事业,-101238663
2025-02-05,金融业,-183378851
2025-02-05,地产建筑业,-49608844
2025-02-05,资讯科技业,311590682
2025-02-05,综合企业,-39319900
2025-02-05,其他,0
2025-02-06,能源业,45736134
2025-02-06,原材料业,16564531
2025-02-06,工业,127289369
2025-02-06,非必需性消费,812288272
2025-02-06,必需性消费,-17374791
2025-02-06,医疗保健业,516247505
2025-02-06,电讯业,290670784
2025-02-06,公用事业,147181855
2025-02-06,金融业,16412524
2025-02-06,地产建筑业,15923032
2025-02-06,资讯科技业,1230366361
2025-02-06,综合企业,-25775784
2025-02-06,其他,0
2025-02-07,能源业,-184687401
2025-02-07,原材料业,-79816882
2025-02-07,工业,82323463
2025-02-07,非必需性消费,714723118
2025-02-07,必需性消费,1604527
2025-02-07,医疗保健业,-28708914
2025-02-07,电讯业,282636281
2025-02-07,公用事业,-141970529
2025-02-07,金融业,273062213
2025-02-07,地产建筑业,178701195
2025-02-07,资讯科技业,-75330285
2025-02-07,综合企业,-6192234
2025-02-07,其他,0
2025-02-10,能源业,-267389551
2025-02-10,原材料业,116110945
2025-02-10,工业,162213953
2025-02-10,非必需性消费,1119595437
2025-02-10,必需性消费,-147315185
2025-02-10,医疗保健业,490928778
2025-02-10,电讯业,132267664
2025-02-10,公用事业,121880977
2025-02-10,金融业,-75391617
2025-02-10,地产建筑业,67283182
2025-02-10,资讯科技业,740543402
2025-02-10,综合企业,24462733
2025-02-10,其他,0
2025-02-11,能源业,46197112
2025-02-11,原材料业,-15996625
2025-02-11,工业,-170786145
2025-02-11,非必需性消费,-728729830
2025-02-11,必需性消费,-10010010
2025-02-11,医疗保健业,-211676825
2025-02-11,电讯业,253314465
2025-02-11,公用事业,-24803920
2025-02-11,金融业,-303210499
2025-02-11,地产建筑业,-33201460
2025-02-11,资讯科技业,-980177520
2025-02-11,综合企业,11795165
2025-02-11,其他,0
2025-02-12,能源业,-5318240
2025-02-12,原材料业,-8328812
2025-02-12,工业,84672077
2025-02-12,非必需性消费,1528154102
2025-02-12,必需性消费,-149055918
2025-02-12,医疗保健业,-15406938
2025-02-12,电讯业,488146039
2025-02-12,公用事业,165428680
2025-02-12,金融业,885247141
2025-02-12,地产建筑业,475822556
2025-02-12,资讯科技业,760748713
2025-02-12,综合企业,-8546752
2025-02-12,其他,0
2025-02-13,能源业,-137119635
2025-02-13,原材料业,-224338365
2025-02-13,工业,-163908677
2025-02-13,非必需性消费,501545498
2025-02-13,必需性消费,-83335302
2025-02-13,医疗保健业,-456392257
2025-02-13,电讯业,369439133
2025-02-13,公用事业,98294252
2025-02-13,金融业,-419761879
2025-02-13,地产建筑业,-222698628
2025-02-13,资讯科技业,-1199416744
2025-02-13,综合企业,-76632098
2025-02-13,其他,0
2025-02-14,能源业,-261766670
2025-02-14,原材料业,76278536
2025-02-14,工业,154201764
2025-02-14,非必需性消费,2258291138
2025-02-14,必需性消费,43806165
2025-02-14,医疗保健业,1323781222
2025-02-14,电讯业,615579175
2025-02-14,公用事业,-12468744
2025-02-14,金融业,158283440
2025-02-14,地产建筑业,179699405
2025-02-14,资讯科技业,865594701
2025-02-14,综合企业,35981233
2025-02-14,其他,0
2025-02-17,能源业,12804069
2025-02-17,原材料业,-142340386
2025-02-17,工业,-264407648
2025-02-17,非必需性消费,-267468498
2025-02-17,必需性消费,113596245
2025-02-17,医疗保健业,237068859
2025-02-17,电讯业,-13924584
2025-02-17,公用事业,196157838
2025-02-17,金融业,128624114
2025-02-17,地产建筑业,-24981528
2025-02-17,资讯科技业,303306123
2025-02-17,综合企业,25379912
2025-02-17,其他,0
2025-02-18,能源业,-53021045
2025-02-18,原材料业,-1718156
2025-02-18,工业,27752142
2025-02-18,非必需性消费,1145848650
2025-02-18,必需性消费,116335449
2025-02-18,医疗保健业,179887969
2025-02-18,电讯业,358348267
2025-02-18,公用事业,322987185
2025-02-18,金融业,296988988
2025-02-18,地产建筑业,10655830
2025-02-18,资讯科技业,617298958
2025-02-18,综合企业,6406153
2025-02-18,其他,0
2025-02-19,能源业,-60050341
2025-02-19,原材料业,2820508
2025-02-19,工业,368831345
2025-02-19,非必需性消费,1113854960
2025-02-19,必需性消费,140845625
2025-02-19,医疗保健业,577318258
2025-02-19,电讯业,240920985
2025-02-19,公用事业,212747304
2025-02-19,金融业,984300751
2025-02-19,地产建筑业,130354785
2025-02-19,资讯科技业,1397032349
2025-02-19,综合企业,22987372
2025-02-19,其他,0
2025-02-20,能源业,14796532
2025-02-20,原材料业,-2762000
2025-02-20,工业,-61578784
2025-02-20,非必需性消费,124114024
2025-02-20,必需性消费,41720110
2025-02-20,医疗保健业,579620480
2025-02-20,电讯业,15632626
2025-02-20,公用事业,203883636
2025-02-20,金融业,722331868
2025-02-20,地产建筑业,-77941762
2025-02-20,资讯科技业,-592991578
2025-02-20,综合企业,-83866980
2025-02-20,其他,0
2025-02-21,能源业,-262997887
2025-02-21,原材料业,-207785151
2025-02-21,工业,-125893952
2025-02-21,非必需性消费,1335827017
2025-02-21,必需性消费,-11715798
2025-02-21,医疗保健业,1015645319
2025-02-21,电讯业,66416389
2025-02-21,公用事业,25725609
2025-02-21,金融业,918275135
2025-02-21,地产建筑业,18489173
2025-02-21,资讯科技业,4053159315
2025-02-21,综合企业,-186691411
2025-02-21,其他,0
2025-02-24,能源业,-13424922
2025-02-24,原材料业,-26267433
2025-02-24,工业,-237157068
2025-02-24,非必需性消费,620312321
2025-02-24,必需性消费,79596148
2025-02-24,医疗保健业,42575204
2025-02-24,电讯业,74940226
2025-02-24,公用事业,168976215
2025-02-24,金融业,411136314
2025-02-24,地产建筑业,238736745
2025-02-24,资讯科技业,77684597
2025-02-24,综合企业,80948240
2025-02-24,其他,0
2025-02-25,能源业,-21409980
2025-02-25,原材料业,-103616589
2025-02-25,工业,-188440065
2025-02-25,非必需性消费,606753934
2025-02-25,必需性消费,-63777244
2025-02-25,医疗保健业,455048562
2025-02-25,电讯业,-85106234
2025-02-25,公用事业,1125093
2025-02-25,金融业,-313143951
2025-02-25,地产建筑业,-215671670
2025-02-25,资讯科技业,626852129
2025-02-25,综合企业,18888637
2025-02-25,其他,0
2025-02-26,能源业,-246731357
2025-02-26,原材料业,153031899
2025-02-26,工业,-451077
2025-02-26,非必需性消费,1595891772
2025-02-26,必需性消费,194442577
2025-02-26,医疗保健业,560406346
2025-02-26,电讯业,129114657
2025-02-26,公用事业,111959573
2025-02-26,金融业,1520172409
2025-02-26,地产建筑业,802718722
2025-02-26,资讯科技业,1029997942
2025-02-26,综合企业,31568422
2025-02-26,其他,0
2025-02-27,能源业,-27121719
2025-02-27,原材料业,121164673
2025-02-27,工业,29469176
2025-02-27,非必需性消费,1103205478
2025-02-27,必需性消费,257442726
2025-02-27,医疗保健业,213289055
2025-02-27,电讯业,87613092
2025-02-27,公用事业,245947243
2025-02-27,金融业,-936531895
2025-02-27,地产建筑业,308095392
2025-02-27,资讯科技业,-1075416921
2025-02-27,综合企业,-47777228
2025-02-27,其他,0
2025-02-28,能源业,252949479
2025-02-28,原材料业,-625550861
2025-02-28,工业,436320235
2025-02-28,非必需性消费,-4737635473
2025-02-28,必需性消费,-47928697
2025-02-28,医疗保健业,324658045
2025-02-28,电讯业,-26326078
2025-02-28,公用事业,635113236
2025-02-28,金融业,-1744683641
2025-02-28,地产建筑业,807468994
2025-02-28,资讯科技业,-3463141756
2025-02-28,综合企业,745417436
2025-02-28,其他,0
2025-03-03,能源业,-173601116
2025-03-03,原材料业,353107163
2025-03-03,工业,396526498
2025-03-03,非必需性消费,1509641411
2025-03-03,必需性消费,106003792
2025-03-03,医疗保健业,-88513907
2025-03-03,电讯业,-80580550
2025-03-03,公用事业,322997270
2025-03-03,金融业,-464395869
2025-03-03,地产建筑业,398751017
2025-03-03,资讯科技业,-235183502
2025-03-03,综合企业,-37664294
2025-03-03,其他,0
2025-03-04,能源业,-264171275
2025-03-04,原材料业,290798804
2025-03-04,工业,307414920
2025-03-04,非必需性消费,7442239987
2025-03-04,必需性消费,263310754
2025-03-04,医疗保健业,1123349376
2025-03-04,电讯业,198497977
2025-03-04,公用事业,162438379
2025-03-04,金融业,98612325
2025-03-04,地产建筑业,92388838
2025-03-04,资讯科技业,2151951958
2025-03-04,综合企业,-41058037
2025-03-04,其他,0
2025-03-05,能源业,-163793210
2025-03-05,原材料业,794655541
2025-03-05,工业,528746868
2025-03-05,非必需性消费,8912650359
2025-03-05,必需性消费,290869699
2025-03-05,医疗保健业,1123296291
2025-03-05,电讯业,530034966
2025-03-05,公用事业,181707583
2025-03-05,金融业,2694689953
2025-03-05,地产建筑业,184880148
2025-03-05,资讯科技业,8480692825
2025-03-05,综合企业,682648054
2025-03-05,其他,0
2025-03-06,能源业,-422668779
2025-03-06,原材料业,469292418
2025-03-06,工业,404920731
2025-03-06,非必需性消费,7518910689
2025-03-06,必需性消费,-104012622
2025-03-06,医疗保健业,996487722
2025-03-06,电讯业,317440484
2025-03-06,公用事业,-24221851
2025-03-06,金融业,2998323274
2025-03-06,地产建筑业,1126193711
2025-03-06,资讯科技业,8813352979
2025-03-06,综合企业,452188611
2025-03-06,其他,0
2025-03-07,能源业,415492424
2025-03-07,原材料业,707979249
2025-03-07,工业,710852847
2025-03-07,非必需性消费,-6236279016
2025-03-07,必需性消费,455768383
2025-03-07,医疗保健业,-298584484
2025-03-07,电讯业,1171668535
2025-03-07,公用事业,137245198
2025-03-07,金融业,2649096313
2025-03-07,地产建筑业,-187607928
2025-03-07,资讯科技业,1151925963
2025-03-07,综合企业,-562865633
2025-03-07,其他,0
2025-03-10,能源业,165252015
2025-03-10,原材料业,413271948
2025-03-10,工业,228075363
2025-03-10,非必需性消费,-1376542903
2025-03-10,必需性消费,16289896
2025-03-10,医疗保健业,-746554101
2025-03-10,电讯业,10605059
2025-03-10,公用事业,6337343
2025-03-10,金融业,-291254129
2025-03-10,地产建筑业,797152000
2025-03-10,资讯科技业,-3462369161
2025-03-10,综合企业,-36593116
2025-03-10,其他,0
2025-03-11,能源业,401721521
2025-03-11,原材料业,63364420
2025-03-11,工业,342758733
2025-03-11,非必需性消费,7425172696
2025-03-11,必需性消费,599908465
2025-03-11,医疗保健业,253677871
2025-03-11,电讯业,277523437
2025-03-11,公用事业,284167008
2025-03-11,金融业,1413023221
2025-03-11,地产建筑业,981513687
2025-03-11,资讯科技业,4682203148
2025-03-11,综合企业,146988905
2025-03-11,其他,0
2025-03-12,能源业,474193789
2025-03-12,原材料业,601027204
2025-03-12,工业,161281761
2025-03-12,非必需性消费,-849053635
2025-03-12,必需性消费,-168393314
2025-03-12,医疗保健业,-606979150
2025-03-12,电讯业,381519946
2025-03-12,公用事业,715257270
2025-03-12,金融业,3201551596
2025-03-12,地产建筑业,623996902
2025-03-12,资讯科技业,-2198632859
2025-03-12,综合企业,80165080
2025-03-12,其他,0
2025-03-13,能源业,833136548
2025-03-13,原材料业,219379200
2025-03-13,工业,-310566918
2025-03-13,非必需性消费,-671298338
2025-03-13,必需性消费,161622625
2025-03-13,医疗保健业,-601206454
2025-03-13,电讯业,593019887
2025-03-13,公用事业,288207542
2025-03-13,金融业,529061163
2025-03-13,地产建筑业,522245232
2025-03-13,资讯科技业,-3586285391
2025-03-13,综合企业,61250669
2025-03-13,其他,0
2025-03-14,能源业,59038425
2025-03-14,原材料业,691454229
2025-03-14,工业,775109988
2025-03-14,非必需性消费,13113362921
2025-03-14,必需性消费,795806235
2025-03-14,医疗保健业,2279566976
2025-03-14,电讯业,238186834
2025-03-14,公用事业,-181301820
2025-03-14,金融业,5243737783
2025-03-14,地产建筑业,1847702617
2025-03-14,资讯科技业,3757265398
2025-03-14,综合企业,-72497632
2025-03-14,其他,0
2025-03-17,能源业,358338403
2025-03-17,原材料业,270265023
2025-03-17,工业,793928277
2025-03-17,非必需性消费,1386357353
2025-03-17,必需性消费,-70506987
2025-03-17,医疗保健业,-24438227
2025-03-17,电讯业,323402224
2025-03-17,公用事业,547314243
2025-03-17,金融业,1689018399
2025-03-17,地产建筑业,1242116676
2025-03-17,资讯科技业,1406421973
2025-03-17,综合企业,-40608348
2025-03-17,其他,0
2025-03-18,能源业,138201429
2025-03-18,原材料业,1027498792
2025-03-18,工业,702272301
2025-03-18,非必需性消费,8046007903
2025-03-18,必需性消费,154920163
2025-03-18,医疗保健业,1111293031
2025-03-18,电讯业,705840108
2025-03-18,公用事业,2385246
2025-03-18,金融业,1373034907
2025-03-18,地产建筑业,528569075
2025-03-18,资讯科技业,6077803628
2025-03-18,综合企业,256312796
2025-03-18,其他,0
2025-03-19,能源业,-23816380
2025-03-19,原材料业,872354742
2025-03-19,工业,428883820
2025-03-19,非必需性消费,2486212286
2025-03-19,必需性消费,-157513580
2025-03-19,医疗保健业,1247874680
2025-03-19,电讯业,303466291
2025-03-19,公用事业,285287118
2025-03-19,金融业,1308972385
2025-03-19,地产建筑业,122516911
2025-03-19,资讯科技业,558166941
2025-03-19,综合企业,192185878
2025-03-19,其他,0
2025-03-20,能源业,-30934038
2025-03-20,原材料业,95548993
2025-03-20,工业,151363243
2025-03-20,非必需性消费,-3995900991
2025-03-20,必需性消费,-87050290
2025-03-20,医疗保健业,186666998
2025-03-20,电讯业,-172876145
2025-03-20,公用事业,-15269098
2025-03-20,金融业,-451560066
2025-03-20,地产建筑业,-816683996
2025-03-20,资讯科技业,-7822804255
2025-03-20,综合企业,-181805993
2025-03-20,其他,0
2025-03-21,能源业,-364360315
2025-03-21,原材料业,-1056460755
2025-03-21,工业,3239831613
2025-03-21,非必需性消费,-4644998412
2025-03-21,必需性消费,140867172
2025-03-21,医疗保健业,147806277
2025-03-21,电讯业,-416708025
2025-03-21,公用事业,168093427
2025-03-21,金融业,-3862074754
2025-03-21,地产建筑业,418375420
2025-03-21,资讯科技业,-10644235532
2025-03-21,综合企业,1338412130
2025-03-21,其他,0
2025-03-24,能源业,800585868
2025-03-24,原材料业,555929860
2025-03-24,工业,-44674585
2025-03-24,非必需性消费,1941741282
2025-03-24,必需性消费,285904029
2025-03-24,医疗保健业,263158613
2025-03-24,电讯业,-567905493
2025-03-24,公用事业,185473323
2025-03-24,金融业,595123738
2025-03-24,地产建筑业,505436585
2025-03-24,资讯科技业,629324962
2025-03-24,综合企业,151574759
2025-03-24,其他,0
2025-03-25,能源业,-266124466
2025-03-25,原材料业,511314027
2025-03-25,工业,42384892
2025-03-25,非必需性消费,-3140133166
2025-03-25,必需性消费,181167080
2025-03-25,医疗保健业,-698701995
2025-03-25,电讯业,-158330612
2025-03-25,公用事业,133310483
2025-03-25,金融业,-638129633
2025-03-25,地产建筑业,12945156
2025-03-25,资讯科技业,-4755528145
2025-03-25,综合企业,-30869517
2025-03-25,其他,0
2025-03-26,能源业,-116741386
2025-03-26,原材料业,158297710
2025-03-26,工业,612626014
2025-03-26,非必需性消费,4141918242
2025-03-26,必需性消费,853125779
2025-03-26,医疗保健业,445573351
2025-03-26,电讯业,506868927
2025-03-26,公用事业,21835766
2025-03-26,金融业,1647141968
2025-03-26,地产建筑业,569607392
2025-03-26,资讯科技业,511733807
2025-03-26,综合企业,194290863
2025-03-26,其他,0
2025-03-27,能源业,520393531
2025-03-27,原材料业,276761359
2025-03-27,工业,235836997
2025-03-27,非必需性消费,5124705659
2025-03-27,必需性消费,429029977
2025-03-27,医疗保健业,2759548417
2025-03-27,电讯业,181726606
2025-03-27,公用事业,-219619224
2025-03-27,金融业,-407491831
2025-03-27,地产建筑业,230330968
2025-03-27,资讯科技业,-3192542025
2025-03-27,综合企业,30951606
2025-03-27,其他,0
2025-03-28,能源业,78494875
2025-03-28,原材料业,340628532
2025-03-28,工业,287960359
2025-03-28,非必需性消费,2600269853
2025-03-28,必需性消费,-69186806
2025-03-28,医疗保健业,1070969511
2025-03-28,电讯业,354415107
2025-03-28,公用事业,454222348
2025-03-28,金融业,-984526345
2025-03-28,地产建筑业,633160208
2025-03-28,资讯科技业,-1509587158
2025-03-28,综合企业,-64107757
2025-03-28,其他,0
2025-03-31,能源业,-143778604
2025-03-31,原材料业,-221337996
2025-03-31,工业,794252658
2025-03-31,非必需性消费,-2069834852
2025-03-31,必需性消费,-104234915
2025-03-31,医疗保健业,9361991
2025-03-31,电讯业,682281904
2025-03-31,公用事业,343540065
2025-03-31,金融业,-1108509226
2025-03-31,地产建筑业,670756652
2025-03-31,资讯科技业,-2896064716
2025-03-31,综合企业,251956063
2025-03-31,其他,0
2025-04-01,能源业,453355304
2025-04-01,原材料业,-3334282
2025-04-01,工业,524948904
2025-04-01,非必需性消费,4221613974
2025-04-01,必需性消费,609336323
2025-04-01,医疗保健业,3110970500
2025-04-01,电讯业,180019550
2025-04-01,公用事业,399978177
2025-04-01,金融业,965055619
2025-04-01,地产建筑业,546186951
2025-04-01,资讯科技业,-1020541992
2025-04-01,综合企业,134474266
2025-04-01,其他,0
2025-04-02,能源业,-326286785
2025-04-02,原材料业,-316490019
2025-04-02,工业,721914836
2025-04-02,非必需性消费,4150734157
2025-04-02,必需性消费,530863643
2025-04-02,医疗保健业,864896589
2025-04-02,电讯业,218535255
2025-04-02,公用事业,332849361
2025-04-02,金融业,1527950813
2025-04-02,地产建筑业,593432067
2025-04-02,资讯科技业,-2731560451
2025-04-02,综合企业,30235301
2025-04-02,其他,0
2025-04-03,能源业,-172635312
2025-04-03,原材料业,-217455107
2025-04-03,工业,-132525963
2025-04-03,非必需性消费,851503560
2025-04-03,必需性消费,389317519
2025-04-03,医疗保健业,198188347
2025-04-03,电讯业,568462405
2025-04-03,公用事业,797980802
2025-04-03,金融业,-928555183
2025-04-03,地产建筑业,888071111
2025-04-03,资讯科技业,148935381
2025-04-03,综合企业,-77824778
2025-04-03,其他,0
2025-04-07,能源业,-397125869
2025-04-07,原材料业,-557639026
2025-04-07,工业,-651529116
2025-04-07,非必需性消费,-2573943461
2025-04-07,必需性消费,-97144040
2025-04-07,医疗保健业,-2537753706
2025-04-07,电讯业,-649702380
2025-04-07,公用事业,109708201
2025-04-07,金融业,-868388485
2025-04-07,地产建筑业,-1021798930
2025-04-07,资讯科技业,-11379694601
2025-04-07,综合企业,-27304525
2025-04-07,其他,0
2025-04-08,能源业,1044950492
2025-04-08,原材料业,86483931
2025-04-08,工业,752401547
2025-04-08,非必需性消费,5159673959
2025-04-08,必需性消费,662930365
2025-04-08,医疗保健业,1167847942
2025-04-08,电讯业,593968875
2025-04-08,公用事业,266245908
2025-04-08,金融业,4022494528
2025-04-08,地产建筑业,701844510
2025-04-08,资讯科技业,3367731881
2025-04-08,综合企业,109819074
2025-04-08,其他,0
2025-04-09,能源业,898816957
2025-04-09,原材料业,472062984
2025-04-09,工业,2016569466
2025-04-09,非必需性消费,8117690518
2025-04-09,必需性消费,810120808
2025-04-09,医疗保健业,1189598514
2025-04-09,电讯业,823319638
2025-04-09,公用事业,564276281
2025-04-09,金融业,5854680793
2025-04-09,地产建筑业,1550062129
2025-04-09,资讯科技业,5516250171
2025-04-09,综合企业,265772864
2025-04-09,其他,0
2025-04-10,能源业,125512203
2025-04-10,原材料业,836898974
2025-04-10,工业,475537996
2025-04-10,非必需性消费,6458293098
2025-04-10,必需性消费,531765587
2025-04-10,医疗保健业,1514317208
2025-04-10,电讯业,584287717
2025-04-10,公用事业,495967205
2025-04-10,金融业,1986081642
2025-04-10,地产建筑业,569626952
2025-04-10,资讯科技业,-1463056412
2025-04-10,综合企业,116620679
2025-04-10,其他,0
2025-04-11,能源业,96842166
2025-04-11,原材料业,239679655
2025-04-11,工业,712120456
2025-04-11,非必需性消费,5331169527
2025-04-11,必需性消费,-196222903
2025-04-11,医疗保健业,2364287912
2025-04-11,电讯业,437550472
2025-04-11,公用事业,323045631
2025-04-11,金融业,2479235649
2025-04-11,地产建筑业,511297882
2025-04-11,资讯科技业,3450820970
2025-04-11,综合企业,-53270571
2025-04-11,其他,0
2025-04-14,能源业,1082290832
2025-04-14,原材料业,941650596
2025-04-14,工业,224504627
2025-04-14,非必需性消费,4523574867
2025-04-14,必需性消费,143549450
2025-04-14,医疗保健业,1592672365
2025-04-14,电讯业,544038178
2025-04-14,公用事业,454852594
2025-04-14,金融业,1594795204
2025-04-14,地产建筑业,122176582
2025-04-14,资讯科技业,173375256
2025-04-14,综合企业,108212251
2025-04-14,其他,0
2025-04-15,能源业,163401799
2025-04-15,原材料业,-35135982
2025-04-15,工业,154890953
2025-04-15,非必需性消费,2044350296
2025-04-15,必需性消费,339552948
2025-04-15,医疗保健业,-192783421
2025-04-15,电讯业,343168304
2025-04-15,公用事业,323644099
2025-04-15,金融业,-15089471
2025-04-15,地产建筑业,-231900992
2025-04-15,资讯科技业,-2035463030
2025-04-15,综合企业,-18248831
2025-04-15,其他,0
2025-04-16,能源业,-17736043
2025-04-16,原材料业,475914840
2025-04-16,工业,-299779321
2025-04-16,非必需性消费,-90162651
2025-04-16,必需性消费,-86798110
2025-04-16,医疗保健业,-867994661
2025-04-16,电讯业,240778954
2025-04-16,公用事业,308299862
2025-04-16,金融业,-528286885
2025-04-16,地产建筑业,489094812
2025-04-16,资讯科技业,-3747408458
2025-04-16,综合企业,32535967
2025-04-16,其他,0
2025-04-17,能源业,259360083
2025-04-17,原材料业,-443789866
2025-04-17,工业,100848138
2025-04-17,非必需性消费,6432714991
2025-04-17,必需性消费,395675220
2025-04-17,医疗保健业,1401748607
2025-04-17,电讯业,175387434
2025-04-17,公用事业,408237627
2025-04-17,金融业,1649688159
2025-04-17,地产建筑业,969509036
2025-04-17,资讯科技业,2549446229
2025-04-17,综合企业,-3484446
2025-04-17,其他,0
2025-04-18,能源业,0
2025-04-18,原材料业,0
2025-04-18,工业,0
2025-04-18,非必需性消费,0
2025-04-18,必需性消费,0
2025-04-18,医疗保健业,0
2025-04-18,电讯业,0
2025-04-18,公用事业,0
2025-04-18,金融业,0
2025-04-18,地产建筑业,0
2025-04-18,资讯科技业,0
2025-04-18,综合企业,0
2025-04-18,其他,0
2025-04-21,能源业,0
2025-04-21,原材料业,0
2025-04-21,工业,0
2025-04-21,非必需性消费,0
2025-04-21,必需性消费,0
2025-04-21,医疗保健业,0
2025-04-21,电讯业,0
2025-04-21,公用事业,0
2025-04-21,金融业,0
2025-04-21,地产建筑业,0
2025-04-21,资讯科技业,0
2025-04-21,综合企业,0
2025-04-21,其他,0
2025-04-22,能源业,-24905544
2025-04-22,原材料业,66347182
2025-04-22,工业,540227534
2025-04-22,非必需性消费,5596253149
2025-04-22,必需性消费,168795282
2025-04-22,医疗保健业,3052630227
2025-04-22,电讯业,-304828082
2025-04-22,公用事业,399193064
2025-04-22,金融业,1440373093
2025-04-22,地产建筑业,521492517
2025-04-22,资讯科技业,1244707852
2025-04-22,综合企业,39099125
2025-04-22,其他,0
2025-04-23,能源业,159854889
2025-04-23,原材料业,-1120499240
2025-04-23,工业,859820318
2025-04-23,非必需性消费,5387726028
2025-04-23,必需性消费,56751503
2025-04-23,医疗保健业,713069173
2025-04-23,电讯业,-770895549
2025-04-23,公用事业,313217013
2025-04-23,金融业,1354860488
2025-04-23,地产建筑业,197090170
2025-04-23,资讯科技业,1719490512
2025-04-23,综合企业,62155568
2025-04-23,其他,0
2025-04-24,能源业,193789789
2025-04-24,原材料业,126650206
2025-04-24,工业,97480368
2025-04-24,非必需性消费,3922339274
2025-04-24,必需性消费,219977266
2025-04-24,医疗保健业,1597902138
2025-04-24,电讯业,-104177637
2025-04-24,公用事业,393046061
2025-04-24,金融业,2077589968
2025-04-24,地产建筑业,582896659
2025-04-24,资讯科技业,1490572072
2025-04-24,综合企业,40864906
2025-04-24,其他,0
2025-04-25,能源业,-12963251
2025-04-25,原材料业,-227446273
2025-04-25,工业,128286612
2025-04-25,非必需性消费,2711303907
2025-04-25,必需性消费,-227465847
2025-04-25,医疗保健业,-498340271
2025-04-25,电讯业,-179503108
2025-04-25,公用事业,188414073
2025-04-25,金融业,437401966
2025-04-25,地产建筑业,-21381177
2025-04-25,资讯科技业,-1543196728
2025-04-25,综合企业,12586144
2025-04-25,其他,0
2025-04-28,能源业,850404574
2025-04-28,原材料业,-178504662
2025-04-28,工业,219064140
2025-04-28,非必需性消费,633254627
2025-04-28,必需性消费,68415845
2025-04-28,医疗保健业,782758009
2025-04-28,电讯业,2389780
2025-04-28,公用事业,434411043
2025-04-28,金融业,721097400
2025-04-28,地产建筑业,-196243752
2025-04-28,资讯科技业,-910935184
2025-04-28,综合企业,30855322
2025-04-28,其他,0
2025-04-29,能源业,-257660673
2025-04-29,原材料业,67229093
2025-04-29,工业,-43457401
2025-04-29,非必需性消费,3517122075
2025-04-29,必需性消费,-92216942
2025-04-29,医疗保健业,425844240
2025-04-29,电讯业,-74817558
2025-04-29,公用事业,-103754648
2025-04-29,金融业,-31907353
2025-04-29,地产建筑业,-37007495
2025-04-29,资讯科技业,929331863
2025-04-29,综合企业,-60059908
2025-04-29,其他,0
2025-04-30,能源业,704722333
2025-04-30,原材料业,192274800
2025-04-30,工业,737665685
2025-04-30,非必需性消费,4414274867
2025-04-30,必需性消费,114229882
2025-04-30,医疗保健业,644434871
2025-04-30,电讯业,-74245619
2025-04-30,公用事业,562671399
2025-04-30,金融业,1023862984
2025-04-30,地产建筑业,585209181
2025-04-30,资讯科技业,2965377424
2025-04-30,综合企业,128331799
2025-04-30,其他,0
2025-05-06,能源业,-61540000
2025-05-06,原材料业,496694357
2025-05-06,工业,646696996
2025-05-06,非必需性消费,3553756585
2025-05-06,必需性消费,173111264
2025-05-06,医疗保健业,-566421236
2025-05-06,电讯业,549225725
2025-05-06,公用事业,470835080
2025-05-06,金融业,873754607
2025-05-06,地产建筑业,216882142
2025-05-06,资讯科技业,-952755947
2025-05-06,综合企业,-15981114
2025-05-06,其他,0
2025-05-07,能源业,-10339414
2025-05-07,原材料业,18428200
2025-05-07,工业,288998257
2025-05-07,非必需性消费,-4253128584
2025-05-07,必需性消费,-41320665
2025-05-07,医疗保健业,-1238658487
2025-05-07,电讯业,297790469
2025-05-07,公用事业,211774782
2025-05-07,金融业,-2490293227
2025-05-07,地产建筑业,292300190
2025-05-07,资讯科技业,-7720679717
2025-05-07,综合企业,-54881486
2025-05-07,其他,0
2025-05-08,能源业,-134997760
2025-05-08,原材料业,-347540379
2025-05-08,工业,150492920
2025-05-08,非必需性消费,3911740172
2025-05-08,必需性消费,24296292
2025-05-08,医疗保健业,196300783
2025-05-08,电讯业,437157795
2025-05-08,公用事业,260860448
2025-05-08,金融业,485238056
2025-05-08,地产建筑业,-27232277
2025-05-08,资讯科技业,1520488036
2025-05-08,综合企业,53129257
2025-05-08,其他,0
2025-05-09,能源业,323937821
2025-05-09,原材料业,18671314
2025-05-09,工业,354485167
2025-05-09,非必需性消费,3193889906
2025-05-09,必需性消费,195987965
2025-05-09,医疗保健业,343361965
2025-05-09,电讯业,586881934
2025-05-09,公用事业,378131456
2025-05-09,金融业,2017369401
2025-05-09,地产建筑业,476470291
2025-05-09,资讯科技业,-864499454
2025-05-09,综合企业,153392297
2025-05-09,其他,0
2025-05-12,能源业,879622792
2025-05-12,原材料业,-193439330
2025-05-12,工业,2064580352
2025-05-12,非必需性消费,7718256736
2025-05-12,必需性消费,208364622
2025-05-12,医疗保健业,615365927
2025-05-12,电讯业,370184759
2025-05-12,公用事业,178716322
2025-05-12,金融业,4544035425
2025-05-12,地产建筑业,581476102
2025-05-12,资讯科技业,2136522857
2025-05-12,综合企业,194198079
2025-05-12,其他,0
2025-05-13,能源业,491889572
2025-05-13,原材料业,173002547
2025-05-13,工业,-217857045
2025-05-13,非必需性消费,-1830015419
2025-05-13,必需性消费,377663088
2025-05-13,医疗保健业,-200145210
2025-05-13,电讯业,-260332332
2025-05-13,公用事业,48276299
2025-05-13,金融业,168820865
2025-05-13,地产建筑业,177812353
2025-05-13,资讯科技业,-5028099737
2025-05-13,综合企业,44313096
2025-05-13,其他,0
2025-05-14,能源业,1311808863
2025-05-14,原材料业,50720693
2025-05-14,工业,496895740
2025-05-14,非必需性消费,5197290089
2025-05-14,必需性消费,332131089
2025-05-14,医疗保健业,1044564471
2025-05-14,电讯业,473642907
2025-05-14,公用事业,209496438
2025-05-14,金融业,7098491948
2025-05-14,地产建筑业,465528310
2025-05-14,资讯科技业,-81369217
2025-05-14,综合企业,140193836
2025-05-14,其他,0
2025-05-15,能源业,-664434809
2025-05-15,原材料业,-110237046
2025-05-15,工业,-128929886
2025-05-15,非必需性消费,410770956
2025-05-15,必需性消费,262488664
2025-05-15,医疗保健业,-41519339
2025-05-15,电讯业,327796408
2025-05-15,公用事业,32009157
2025-05-15,金融业,855951863
2025-05-15,地产建筑业,278613059
2025-05-15,资讯科技业,-1489579339
2025-05-15,综合企业,96402897
2025-05-15,其他,0
2025-05-16,能源业,-676095919
2025-05-16,原材料业,-171074181
2025-05-16,工业,11821993
2025-05-16,非必需性消费,1197393291
2025-05-16,必需性消费,175810103
2025-05-16,医疗保健业,1004050626
2025-05-16,电讯业,630428222
2025-05-16,公用事业,-33610695
2025-05-16,金融业,164251921
2025-05-16,地产建筑业,-78812294
2025-05-16,资讯科技业,-1163378740
2025-05-16,综合企业,80587598
2025-05-16,其他,0
2025-05-19,能源业,348646796
2025-05-19,原材料业,224151708
2025-05-19,工业,131355620
2025-05-19,非必需性消费,2480370456
2025-05-19,必需性消费,187041075
2025-05-19,医疗保健业,1447525831
2025-05-19,电讯业,612897398
2025-05-19,公用事业,132196258
2025-05-19,金融业,1721258237
2025-05-19,地产建筑业,124557583
2025-05-19,资讯科技业,822896049
2025-05-19,综合企业,162042136
2025-05-19,其他,0
2025-05-20,能源业,695330316
2025-05-20,原材料业,379455146
2025-05-20,工业,1411928493
2025-05-20,非必需性消费,4631643168
2025-05-20,必需性消费,480629040
2025-05-20,医疗保健业,1963740399
2025-05-20,电讯业,487650155
2025-05-20,公用事业,453169079
2025-05-20,金融业,431287131
2025-05-20,地产建筑业,121327774
2025-05-20,资讯科技业,2299005783
2025-05-20,综合企业,208765176
2025-05-20,其他,0
2025-05-21,能源业,781528554
2025-05-21,原材料业,1266280930
2025-05-21,工业,1869385819
2025-05-21,非必需性消费,5033421305
2025-05-21,必需性消费,272275700
2025-05-21,医疗保健业,1735494868
2025-05-21,电讯业,166087625
2025-05-21,公用事业,282053936
2025-05-21,金融业,2848989891
2025-05-21,地产建筑业,518529890
2025-05-21,资讯科技业,112372277
2025-05-21,综合企业,144315156
2025-05-21,其他,0
2025-05-22,能源业,-60573860
2025-05-22,原材料业,173017364
2025-05-22,工业,485617861
2025-05-22,非必需性消费,406845667
2025-05-22,必需性消费,-236062613
2025-05-22,医疗保健业,571282827
2025-05-22,电讯业,-294567079
2025-05-22,公用事业,-162762814
2025-05-22,金融业,-831566956
2025-05-22,地产建筑业,-74133770
2025-05-22,资讯科技业,-2244690689
2025-05-22,综合企业,52017167
2025-05-22,其他,0
2025-05-23,能源业,294376923
2025-05-23,原材料业,443279683
2025-05-23,工业,292489634
2025-05-23,非必需性消费,1487808584
2025-05-23,必需性消费,-236951598
2025-05-23,医疗保健业,251985479
2025-05-23,电讯业,46473989
2025-05-23,公用事业,-56657704
2025-05-23,金融业,448427894
2025-05-23,地产建筑业,-30679055
2025-05-23,资讯科技业,54952819
2025-05-23,综合企业,158893042
2025-05-23,其他,0
2025-05-26,能源业,767576990
2025-05-26,原材料业,363189972
2025-05-26,工业,752238919
2025-05-26,非必需性消费,837900367
2025-05-26,必需性消费,-36371405
2025-05-26,医疗保健业,-1285607579
2025-05-26,电讯业,511726324
2025-05-26,公用事业,203712167
2025-05-26,金融业,-506725629
2025-05-26,地产建筑业,-104372609
2025-05-26,资讯科技业,-3894843823
2025-05-26,综合企业,-20509169
2025-05-26,其他,0
2025-05-27,能源业,307670849
2025-05-27,原材料业,-232277261
2025-05-27,工业,241599383
2025-05-27,非必需性消费,2957153488
2025-05-27,必需性消费,55598755
2025-05-27,医疗保健业,1604049535
2025-05-27,电讯业,316073648
2025-05-27,公用事业,3155876
2025-05-27,金融业,-329937955
2025-05-27,地产建筑业,-130812171
2025-05-27,资讯科技业,-1356274035
2025-05-27,综合企业,-32529284
2025-05-27,其他,0
2025-05-28,能源业,837187020
2025-05-28,原材料业,150291553
2025-05-28,工业,968836635
2025-05-28,非必需性消费,2100746595
2025-05-28,必需性消费,74312131
2025-05-28,医疗保健业,130453121
2025-05-28,电讯业,12572272
2025-05-28,公用事业,31211612
2025-05-28,金融业,-44655525
2025-05-28,地产建筑业,121590540
2025-05-28,资讯科技业,-874390395
2025-05-28,综合企业,42074106
2025-05-28,其他,0
2025-05-29,能源业,496334406
2025-05-29,原材料业,39204582
2025-05-29,工业,1220700171
2025-05-29,非必需性消费,7089634462
2025-05-29,必需性消费,-158879600
2025-05-29,医疗保健业,3444424548
2025-05-29,电讯业,110204440
2025-05-29,公用事业,121114450
2025-05-29,金融业,2335185080
2025-05-29,地产建筑业,274578307
2025-05-29,资讯科技业,355969556
2025-05-29,综合企业,5713277
2025-05-29,其他,0
2025-05-30,能源业,-850806329
2025-05-30,原材料业,196953169
2025-05-30,工业,1757703579
2025-05-30,非必需性消费,10136224569
2025-05-30,必需性消费,69793566
2025-05-30,医疗保健业,651503772
2025-05-30,电讯业,-66416950
2025-05-30,公用事业,-1170357042
2025-05-30,金融业,3296553439
2025-05-30,地产建筑业,2984645100
2025-05-30,资讯科技业,-6506020322
2025-05-30,综合企业,-66507433
2025-05-30,其他,0
2025-06-03,能源业,691021718
2025-06-03,原材料业,150141426
2025-06-03,工业,623186238
2025-06-03,非必需性消费,4092188179
2025-06-03,必需性消费,405722665
2025-06-03,医疗保健业,2761446942
2025-06-03,电讯业,133250032
2025-06-03,公用事业,396731726
2025-06-03,金融业,3110300735
2025-06-03,地产建筑业,454454105
2025-06-03,资讯科技业,1938266989
2025-06-03,综合企业,249293960
2025-06-03,其他,0
2025-06-04,能源业,958746805
2025-06-04,原材料业,570998323
2025-06-04,工业,322045597
2025-06-04,非必需性消费,5067520993
2025-06-04,必需性消费,419310648
2025-06-04,医疗保健业,1090052583
2025-06-04,电讯业,-282315444
2025-06-04,公用事业,226193459
2025-06-04,金融业,3390627693
2025-06-04,地产建筑业,79784809
2025-06-04,资讯科技业,229439387
2025-06-04,综合企业,-87133532
2025-06-04,其他,0
2025-06-05,能源业,407429443
2025-06-05,原材料业,-57476396
2025-06-05,工业,555733691
2025-06-05,非必需性消费,4368017854
2025-06-05,必需性消费,-472076879
2025-06-05,医疗保健业,-401497228
2025-06-05,电讯业,56811831
2025-06-05,公用事业,244668151
2025-06-05,金融业,2743160200
2025-06-05,地产建筑业,314797515
2025-06-05,资讯科技业,3912763571
2025-06-05,综合企业,81217489
2025-06-05,其他,0
2025-06-06,能源业,121187859
2025-06-06,原材料业,842311316
2025-06-06,工业,1710869776
2025-06-06,非必需性消费,354711200
2025-06-06,必需性消费,-168672944
2025-06-06,医疗保健业,1448027040
2025-06-06,电讯业,-398759999
2025-06-06,公用事业,175956663
2025-06-06,金融业,-3906439030
2025-06-06,地产建筑业,-513341366
2025-06-06,资讯科技业,5041387692
2025-06-06,综合企业,90842446
2025-06-06,其他,0
2025-06-09,能源业,110988071
2025-06-09,原材料业,197512777
2025-06-09,工业,807905136
2025-06-09,非必需性消费,5427892073
2025-06-09,必需性消费,412609573
2025-06-09,医疗保健业,4426502604
2025-06-09,电讯业,-40146867
2025-06-09,公用事业,-116780167
2025-06-09,金融业,4076159904
2025-06-09,地产建筑业,196437971
2025-06-09,资讯科技业,2689619875
2025-06-09,综合企业,-36320578
2025-06-09,其他,0
2025-06-10,能源业,753769181
2025-06-10,原材料业,664240358
2025-06-10,工业,197626607
2025-06-10,非必需性消费,1148859383
2025-06-10,必需性消费,-91730957
2025-06-10,医疗保健业,3916066049
2025-06-10,电讯业,8500102
2025-06-10,公用事业,294269034
2025-06-10,金融业,1816459976
2025-06-10,地产建筑业,799997016
2025-06-10,资讯科技业,-4103983368
2025-06-10,综合企业,193418650
2025-06-10,其他,0
2025-06-11,能源业,559311819
2025-06-11,原材料业,837713444
2025-06-11,工业,1147761470
2025-06-11,非必需性消费,3265236920
2025-06-11,必需性消费,-341443738
2025-06-11,医疗保健业,-1567277884
2025-06-11,电讯业,-145673830
2025-06-11,公用事业,-58797079
2025-06-11,金融业,3289199252
2025-06-11,地产建筑业,768826508
2025-06-11,资讯科技业,-457547255
2025-06-11,综合企业,67360919
2025-06-11,其他,0
2025-06-12,能源业,-475063487
2025-06-12,原材料业,907584480
2025-06-12,工业,497937277
2025-06-12,非必需性消费,-2333500532
2025-06-12,必需性消费,-126426092
2025-06-12,医疗保健业,4457765524
2025-06-12,电讯业,-397209782
2025-06-12,公用事业,100229527
2025-06-12,金融业,649406310
2025-06-12,地产建筑业,557875669
2025-06-12,资讯科技业,-4304016003
2025-06-12,综合企业,229308348
2025-06-12,其他,0
2025-06-13,能源业,1514914660
2025-06-13,原材料业,190494991
2025-06-13,工业,1123774134
2025-06-13,非必需性消费,271243155
2025-06-13,必需性消费,30164185
2025-06-13,医疗保健业,-786819209
2025-06-13,电讯业,229730029
2025-06-13,公用事业,224368415
2025-06-13,金融业,-1488970817
2025-06-13,地产建筑业,3693464391
2025-06-13,资讯科技业,-3074213396
2025-06-13,综合企业,180619498
2025-06-13,其他,0
2025-06-16,能源业,-409268435
2025-06-16,原材料业,39411359
2025-06-16,工业,673121887
2025-06-16,非必需性消费,2746755787
2025-06-16,必需性消费,-4770475
2025-06-16,医疗保健业,546080118
2025-06-16,电讯业,-161407012
2025-06-16,公用事业,219901709
2025-06-16,金融业,3400623243
2025-06-16,地产建筑业,1451267816
2025-06-16,资讯科技业,2073939581
2025-06-16,综合企业,87331539
2025-06-16,其他,0
2025-06-17,能源业,-813208301
2025-06-17,原材料业,-187100207
2025-06-17,工业,537314263
2025-06-17,非必需性消费,1194367188
2025-06-17,必需性消费,-219249200
2025-06-17,医疗保健业,-3644822330
2025-06-17,电讯业,-164759422
2025-06-17,公用事业,119388975
2025-06-17,金融业,260157384
2025-06-17,地产建筑业,254856927
2025-06-17,资讯科技业,88068950
2025-06-17,综合企业,123028465
2025-06-17,其他,0
2025-06-18,能源业,-215236986
2025-06-18,原材料业,416509437
2025-06-18,工业,328468055
2025-06-18,非必需性消费,707190608
2025-06-18,必需性消费,-89459015
2025-06-18,医疗保健业,714823224
2025-06-18,电讯业,-160268638
2025-06-18,公用事业,-142891511
2025-06-18,金融业,-714821606
2025-06-18,地产建筑业,-255418228
2025-06-18,资讯科技业,456520006
2025-06-18,综合企业,298020725
2025-06-18,其他,0
2025-06-19,能源业,-270843990
2025-06-19,原材料业,-664518039
2025-06-19,工业,-455419257
2025-06-19,非必需性消费,-2926106998
2025-06-19,必需性消费,-834192509
2025-06-19,医疗保健业,-1735497304
2025-06-19,电讯业,-413683214
2025-06-19,公用事业,-422170995
2025-06-19,金融业,-3073553255
2025-06-19,地产建筑业,-272772270
2025-06-19,资讯科技业,-1993944901
2025-06-19,综合企业,-226188816
2025-06-19,其他,0
2025-06-20,能源业,-670077134
2025-06-20,原材料业,459292344
2025-06-20,工业,1831805727
2025-06-20,非必需性消费,-3299360327
2025-06-20,必需性消费,238765217
2025-06-20,医疗保健业,3006280676
2025-06-20,电讯业,87738713
2025-06-20,公用事业,14314126
2025-06-20,金融业,6737314759
2025-06-20,地产建筑业,-320857962
2025-06-20,资讯科技业,899957855
2025-06-20,综合企业,-25078014
2025-06-20,其他,0
2025-06-23,能源业,-82501820
2025-06-23,原材料业,218623808
2025-06-23,工业,437818066
2025-06-23,非必需性消费,5846011873
2025-06-23,必需性消费,37886915
2025-06-23,医疗保健业,1847507644
2025-06-23,电讯业,151310586
2025-06-23,公用事业,-15067868
2025-06-23,金融业,3601016409
2025-06-23,地产建筑业,768533267
2025-06-23,资讯科技业,5096268640
2025-06-23,综合企业,165284034
2025-06-23,其他,0
2025-06-24,能源业,-244138929
2025-06-24,原材料业,479230469
2025-06-24,工业,852665113
2025-06-24,非必需性消费,3310303694
2025-06-24,必需性消费,-56041005
2025-06-24,医疗保健业,3060978882
2025-06-24,电讯业,182818944
2025-06-24,公用事业,217426367
2025-06-24,金融业,5665625488
2025-06-24,地产建筑业,501136137
2025-06-24,资讯科技业,4283352799
2025-06-24,综合企业,166200676
2025-06-24,其他,0
2025-06-25,能源业,-93132747
2025-06-25,原材料业,-14359306
2025-06-25,工业,1302988516
2025-06-25,非必需性消费,1833258770
2025-06-25,必需性消费,-73406007
2025-06-25,医疗保健业,-75848329
2025-06-25,电讯业,-534491390
2025-06-25,公用事业,283436018
2025-06-25,金融业,12192264460
2025-06-25,地产建筑业,942483190
2025-06-25,资讯科技业,931331292
2025-06-25,综合企业,147746274
2025-06-25,其他,0
2025-06-26,能源业,-146130304
2025-06-26,原材料业,1082282667
2025-06-26,工业,280932790
2025-06-26,非必需性消费,2343879390
2025-06-26,必需性消费,84357551
2025-06-26,医疗保健业,-174284160
2025-06-26,电讯业,-270566165
2025-06-26,公用事业,-334919141
2025-06-26,金融业,-1018281310
2025-06-26,地产建筑业,106621280
2025-06-26,资讯科技业,520816555
2025-06-26,综合企业,115833406
2025-06-26,其他,0
2025-06-27,能源业,177469157
2025-06-27,原材料业,374805772
2025-06-27,工业,299147765
2025-06-27,非必需性消费,3754486800
2025-06-27,必需性消费,-36166361
2025-06-27,医疗保健业,809715877
2025-06-27,电讯业,-342402936
2025-06-27,公用事业,-851682742
2025-06-27,金融业,-2599680948
2025-06-27,地产建筑业,318980423
2025-06-27,资讯科技业,-3901539944
2025-06-27,综合企业,37800785
2025-06-27,其他,0
2025-06-30,能源业,604918838
2025-06-30,原材料业,200856629
2025-06-30,工业,837779806
2025-06-30,非必需性消费,-2076481307
2025-06-30,必需性消费,331660632
2025-06-30,医疗保健业,1113731308
2025-06-30,电讯业,-22577167
2025-06-30,公用事业,-157631075
2025-06-30,金融业,-1815708902
2025-06-30,地产建筑业,-173529670
2025-06-30,资讯科技业,-25295193
2025-06-30,综合企业,41256403
2025-06-30,其他,0
2025-07-01,能源业,0
2025-07-01,原材料业,0
2025-07-01,工业,0
2025-07-01,非必需性消费,0
2025-07-01,必需性消费,0
2025-07-01,医疗保健业,0
2025-07-01,电讯业,0
2025-07-01,公用事业,0
2025-07-01,金融业,0
2025-07-01,地产建筑业,0
2025-07-01,资讯科技业,0
2025-07-01,综合企业,0
2025-07-01,其他,0
2025-07-02,能源业,750868834
2025-07-02,原材料业,762958846
2025-07-02,工业,1631427437
2025-07-02,非必需性消费,-184832061
2025-07-02,必需性消费,495709228
2025-07-02,医疗保健业,587171192
2025-07-02,电讯业,-284029466
2025-07-02,公用事业,278650066
2025-07-02,金融业,609332791
2025-07-02,地产建筑业,1347507335
2025-07-02,资讯科技业,-2423774243
2025-07-02,综合企业,174802998
2025-07-02,其他,0
2025-07-03,能源业,216202723
2025-07-03,原材料业,684479435
2025-07-03,工业,1077173953
2025-07-03,非必需性消费,-989009556
2025-07-03,必需性消费,93332827
2025-07-03,医疗保健业,3626489749
2025-07-03,电讯业,-201159438
2025-07-03,公用事业,54226614
2025-07-03,金融业,785127026
2025-07-03,地产建筑业,303148788
2025-07-03,资讯科技业,-1898870742
2025-07-03,综合企业,-13415709
2025-07-03,其他,0
2025-07-04,能源业,86782069
2025-07-04,原材料业,-78654248
2025-07-04,工业,258679012
2025-07-04,非必需性消费,1554267856
2025-07-04,必需性消费,-287687850
2025-07-04,医疗保健业,1620629704
2025-07-04,电讯业,-85013667
2025-07-04,公用事业,165675153
2025-07-04,金融业,4062177214
2025-07-04,地产建筑业,342439220
2025-07-04,资讯科技业,2224064512
2025-07-04,综合企业,23228337
2025-07-04,其他,0
2025-07-07,能源业,71424307
2025-07-07,原材料业,-771673614
2025-07-07,工业,223504353
2025-07-07,非必需性消费,4960375801
2025-07-07,必需性消费,382987781
2025-07-07,医疗保健业,-641616273
2025-07-07,电讯业,-20040089
2025-07-07,公用事业,320620839
2025-07-07,金融业,3441300576
2025-07-07,地产建筑业,1026561818
2025-07-07,资讯科技业,2061959979
2025-07-07,综合企业,28929638
2025-07-07,其他,0
2025-07-08,能源业,-34749097
2025-07-08,原材料业,297160319
2025-07-08,工业,1350312629
2025-07-08,非必需性消费,6242988418
2025-07-08,必需性消费,-23405823
2025-07-08,医疗保健业,-231141984
2025-07-08,电讯业,-277048116
2025-07-08,公用事业,-231576259
2025-07-08,金融业,4689258263
2025-07-08,地产建筑业,32630403
2025-07-08,资讯科技业,2758481555
2025-07-08,综合企业,21563886
2025-07-08,其他,0
2025-07-09,能源业,139801185
2025-07-09,原材料业,-789241680
2025-07-09,工业,839668801
2025-07-09,非必需性消费,-179124689
2025-07-09,必需性消费,489254254
2025-07-09,医疗保健业,2137222508
2025-07-09,电讯业,236890540
2025-07-09,公用事业,-198119952
2025-07-09,金融业,-1611103917
2025-07-09,地产建筑业,667059949
2025-07-09,资讯科技业,-2587648785
2025-07-09,综合企业,26910714
2025-07-09,其他,0
2025-07-10,能源业,596180280
2025-07-10,原材料业,165938649
2025-07-10,工业,1605926607
2025-07-10,非必需性消费,2547856752
2025-07-10,必需性消费,-214448571
2025-07-10,医疗保健业,-411674740
2025-07-10,电讯业,-90415384
2025-07-10,公用事业,-174178034
2025-07-10,金融业,6538374601
2025-07-10,地产建筑业,2825415534
2025-07-10,资讯科技业,-1959309752
2025-07-10,综合企业,153229756
2025-07-10,其他,0
2025-07-11,能源业,43397054
2025-07-11,原材料业,525248279
2025-07-11,工业,-616242207
2025-07-11,非必需性消费,1023345898
2025-07-11,必需性消费,-327472483
2025-07-11,医疗保健业,1356202759
2025-07-11,电讯业,130758761
2025-07-11,公用事业,-199268319
2025-07-11,金融业,3453310361
2025-07-11,地产建筑业,-441379594
2025-07-11,资讯科技业,324513194
2025-07-11,综合企业,59554744
2025-07-11,其他,0
2025-07-14,能源业,408939835
2025-07-14,原材料业,428392906
2025-07-14,工业,159350115
2025-07-14,非必需性消费,2553634650
2025-07-14,必需性消费,17387724
2025-07-14,医疗保健业,2131618438
2025-07-14,电讯业,-77701589
2025-07-14,公用事业,37982843
2025-07-14,金融业,-431404887
2025-07-14,地产建筑业,480403673
2025-07-14,资讯科技业,-884980656
2025-07-14,综合企业,11064632
2025-07-14,其他,0
2025-07-15,能源业,-425587634
2025-07-15,原材料业,-35127076
2025-07-15,工业,-236784074
2025-07-15,非必需性消费,8912882371
2025-07-15,必需性消费,-276078259
2025-07-15,医疗保健业,2821294207
2025-07-15,电讯业,326458701
2025-07-15,公用事业,-36821549
2025-07-15,金融业,-2690301667
2025-07-15,地产建筑业,139077345
2025-07-15,资讯科技业,6077550347
2025-07-15,综合企业,21907812
2025-07-15,其他,0
2025-07-16,能源业,-140190751
2025-07-16,原材料业,-107506023
2025-07-16,工业,200071293
2025-07-16,非必需性消费,-270800372
2025-07-16,必需性消费,-154553552
2025-07-16,医疗保健业,1291449832
2025-07-16,电讯业,128414854
2025-07-16,公用事业,-161146304
2025-07-16,金融业,-667870377
2025-07-16,地产建筑业,-167639030
2025-07-16,资讯科技业,384186202
2025-07-16,综合企业,37283624
2025-07-16,其他,0
2025-07-17,能源业,-558181076
2025-07-17,原材料业,-213002323
2025-07-17,工业,115804099
2025-07-17,非必需性消费,1884310156
2025-07-17,必需性消费,-54545868
2025-07-17,医疗保健业,4584326346
2025-07-17,电讯业,-401094642
2025-07-17,公用事业,-107735128
2025-07-17,金融业,-1021518189
2025-07-17,地产建筑业,-326203825
2025-07-17,资讯科技业,46212881
2025-07-17,综合企业,47588861
2025-07-17,其他,0
2025-07-18,能源业,254826843
2025-07-18,原材料业,699039341
2025-07-18,工业,1293177893
2025-07-18,非必需性消费,3374397842
2025-07-18,必需性消费,189123690
2025-07-18,医疗保健业,1317480051
2025-07-18,电讯业,731209747
2025-07-18,公用事业,-134007604
2025-07-18,金融业,5702435533
2025-07-18,地产建筑业,77087227
2025-07-18,资讯科技业,2469417278
2025-07-18,综合企业,109473582
2025-07-18,其他,0
2025-07-21,能源业,1736383405
2025-07-21,原材料业,1390814501
2025-07-21,工业,1199435190
2025-07-21,非必需性消费,1287447549
2025-07-21,必需性消费,311219205
2025-07-21,医疗保健业,244831479
2025-07-21,电讯业,-493380092
2025-07-21,公用事业,478543527
2025-07-21,金融业,2466559285
2025-07-21,地产建筑业,1360987385
2025-07-21,资讯科技业,2058370494
2025-07-21,综合企业,152228060
2025-07-21,其他,0
2025-07-22,能源业,888923694
2025-07-22,原材料业,1347742615
2025-07-22,工业,1351291476
2025-07-22,非必需性消费,1218264787
2025-07-22,必需性消费,631518802
2025-07-22,医疗保健业,14967709
2025-07-22,电讯业,-364493443
2025-07-22,公用事业,913543574
2025-07-22,金融业,1224051783
2025-07-22,地产建筑业,555375629
2025-07-22,资讯科技业,674777385
2025-07-22,综合企业,225298276
2025-07-22,其他,0
2025-07-23,能源业,25661422
2025-07-23,原材料业,-361073433
2025-07-23,工业,-1785067603
2025-07-23,非必需性消费,6290765426
2025-07-23,必需性消费,60058809
2025-07-23,医疗保健业,-197789074
2025-07-23,电讯业,-384057206
2025-07-23,公用事业,-218128427
2025-07-23,金融业,4756896792
2025-07-23,地产建筑业,-124842262
2025-07-23,资讯科技业,8078332137
2025-07-23,综合企业,140700916
2025-07-23,其他,0
2025-07-24,能源业,420990378
2025-07-24,原材料业,604834421
2025-07-24,工业,1139390138
2025-07-24,非必需性消费,2434237297
2025-07-24,必需性消费,33052864
2025-07-24,医疗保健业,3369311959
2025-07-24,电讯业,-443200675
2025-07-24,公用事业,176377032
2025-07-24,金融业,5954229886
2025-07-24,地产建筑业,1199372037
2025-07-24,资讯科技业,4530502409
2025-07-24,综合企业,607574265
2025-07-24,其他,0
2025-07-25,能源业,-66724375
2025-07-25,原材料业,-306187131
2025-07-25,工业,-310505788
2025-07-25,非必需性消费,-231198255
2025-07-25,必需性消费,-153933508
2025-07-25,医疗保健业,-695973894
2025-07-25,电讯业,-699414427
2025-07-25,公用事业,-93367167
2025-07-25,金融业,777467487
2025-07-25,地产建筑业,140680991
2025-07-25,资讯科技业,3518348983
2025-07-25,综合企业,178784854
2025-07-25,其他,0
2025-07-28,能源业,-472207239
2025-07-28,原材料业,-333931238
2025-07-28,工业,195034764
2025-07-28,非必需性消费,844527175
2025-07-28,必需性消费,211910667
2025-07-28,医疗保健业,3521540410
2025-07-28,电讯业,-174581890
2025-07-28,公用事业,257717902
2025-07-28,金融业,6488333335
2025-07-28,地产建筑业,253668172
2025-07-28,资讯科技业,-1235667323
2025-07-28,综合企业,61391313
2025-07-28,其他,0
2025-07-29,能源业,809380037
2025-07-29,原材料业,121376055
2025-07-29,工业,1029813544
2025-07-29,非必需性消费,3180957889
2025-07-29,必需性消费,-45902813
2025-07-29,医疗保健业,5876362334
2025-07-29,电讯业,-25178102
2025-07-29,公用事业,381697663
2025-07-29,金融业,222007409
2025-07-29,地产建筑业,480501996
2025-07-29,资讯科技业,1519067242
2025-07-29,综合企业,35757568
2025-07-29,其他,0
2025-07-30,能源业,1882976886
2025-07-30,原材料业,-140118138
2025-07-30,工业,-1213035311
2025-07-30,非必需性消费,1222385998
2025-07-30,必需性消费,310972358
2025-07-30,医疗保健业,1333454050
2025-07-30,电讯业,47464521
2025-07-30,公用事业,794217008
2025-07-30,金融业,-855862777
2025-07-30,地产建筑业,-89445764
2025-07-30,资讯科技业,-2236087546
2025-07-30,综合企业,-16970364
2025-07-30,其他,0
2025-07-31,能源业,-248053420
2025-07-31,原材料业,-635824950
2025-07-31,工业,-1398497610
2025-07-31,非必需性消费,1127264843
2025-07-31,必需性消费,-666421661
2025-07-31,医疗保健业,-643106046
2025-07-31,电讯业,-327430366
2025-07-31,公用事业,-690065202
2025-07-31,金融业,-1075044037
2025-07-31,地产建筑业,-895812054
2025-07-31,资讯科技业,303314125
2025-07-31,综合企业,57362617
2025-07-31,其他,0
2025-08-01,能源业,-610937659
2025-08-01,原材料业,-60440810
2025-08-01,工业,71963854
2025-08-01,非必需性消费,-2047405676
2025-08-01,必需性消费,-179832196
2025-08-01,医疗保健业,-2381484521
2025-08-01,电讯业,29194336
2025-08-01,公用事业,-313326654
2025-08-01,金融业,-3442982422
2025-08-01,地产建筑业,997817
2025-08-01,资讯科技业,-4327747026
2025-08-01,综合企业,35936194
2025-08-01,其他,0
2025-08-04,能源业,1025511475
2025-08-04,原材料业,1152061946
2025-08-04,工业,877713691
2025-08-04,非必需性消费,5647034783
2025-08-04,必需性消费,447043833
2025-08-04,医疗保健业,797726174
2025-08-04,电讯业,-505958345
2025-08-04,公用事业,275985864
2025-08-04,金融业,2512194687
2025-08-04,地产建筑业,465743086
2025-08-04,资讯科技业,7327660393
2025-08-04,综合企业,144800289
2025-08-04,其他,0
2025-08-05,能源业,807466104
2025-08-05,原材料业,701146908
2025-08-05,工业,125926351
2025-08-05,非必需性消费,5329153720
2025-08-05,必需性消费,127711792
2025-08-05,医疗保健业,3478695119
2025-08-05,电讯业,449377170
2025-08-05,公用事业,334733339
2025-08-05,金融业,4413250221
2025-08-05,地产建筑业,210625011
2025-08-05,资讯科技业,4557433010
2025-08-05,综合企业,183077827
2025-08-05,其他,0
2025-08-06,能源业,1085959879
2025-08-06,原材料业,416871053
2025-08-06,工业,599367514
2025-08-06,非必需性消费,4488396611
2025-08-06,必需性消费,95961169
2025-08-06,医疗保健业,161872483
2025-08-06,电讯业,-60589465
2025-08-06,公用事业,-50512275
2025-08-06,金融业,-56546249
2025-08-06,地产建筑业,196100805
2025-08-06,资讯科技业,3608525364
2025-08-06,综合企业,-50631382
2025-08-06,其他,0
2025-08-07,能源业,663728897
2025-08-07,原材料业,853841277
2025-08-07,工业,720324630
2025-08-07,非必需性消费,4426548370
2025-08-07,必需性消费,393617326
2025-08-07,医疗保健业,-2210928478
2025-08-07,电讯业,330117666
2025-08-07,公用事业,205271415
2025-08-07,金融业,2701009151
2025-08-07,地产建筑业,1155415346
2025-08-07,资讯科技业,-276148875
2025-08-07,综合企业,53144978
2025-08-07,其他,0
2025-08-08,能源业,77338166
2025-08-08,原材料业,926137284
2025-08-08,工业,803160092
2025-08-08,非必需性消费,674916317
2025-08-08,必需性消费,135723915
2025-08-08,医疗保健业,1024965431
2025-08-08,电讯业,358049532
2025-08-08,公用事业,395338943
2025-08-08,金融业,182594742
2025-08-08,地产建筑业,426272790
2025-08-08,资讯科技业,-3320548831
2025-08-08,综合企业,35515829
2025-08-08,其他,0
2025-08-11,能源业,-78676732
2025-08-11,原材料业,233751033
2025-08-11,工业,787785131
2025-08-11,非必需性消费,2111718075
2025-08-11,必需性消费,153102634
2025-08-11,医疗保健业,1372725500
2025-08-11,电讯业,435785445
2025-08-11,公用事业,-37968479
2025-08-11,金融业,51227424
2025-08-11,地产建筑业,610609649
2025-08-11,资讯科技业,2351028812
2025-08-11,综合企业,52287452
2025-08-11,其他,0
2025-08-12,能源业,819088542
2025-08-12,原材料业,22082755
2025-08-12,工业,-248468127
2025-08-12,非必需性消费,-531053043
2025-08-12,必需性消费,472825643
2025-08-12,医疗保健业,-1091208372
2025-08-12,电讯业,534754041
2025-08-12,公用事业,295421578
2025-08-12,金融业,3686838543
2025-08-12,地产建筑业,263441488
2025-08-12,资讯科技业,3946493206
2025-08-12,综合企业,-121323997
2025-08-12,其他,0
2025-08-13,能源业,411119317
2025-08-13,原材料业,910713666
2025-08-13,工业,481853879
2025-08-13,非必需性消费,10067391150
2025-08-13,必需性消费,332170207
2025-08-13,医疗保健业,5283752458
2025-08-13,电讯业,-4981873
2025-08-13,公用事业,-14762174
2025-08-13,金融业,3000830252
2025-08-13,地产建筑业,328984411
2025-08-13,资讯科技业,9173478133
2025-08-13,综合企业,-72590739
2025-08-13,其他,0
2025-08-14,能源业,-99700982
2025-08-14,原材料业,-23635480
2025-08-14,工业,-1053188599
2025-08-14,非必需性消费,-1589049125
2025-08-14,必需性消费,-115569488
2025-08-14,医疗保健业,1476155756
2025-08-14,电讯业,-399068021
2025-08-14,公用事业,-328284181
2025-08-14,金融业,3293767566
2025-08-14,地产建筑业,546423537
2025-08-14,资讯科技业,-1016321177
2025-08-14,综合企业,-72839992
2025-08-14,其他,0
2025-08-15,能源业,22459955
2025-08-15,原材料业,1635264693
2025-08-15,工业,1558855633
2025-08-15,非必需性消费,3238132058
2025-08-15,必需性消费,-274410401
2025-08-15,医疗保健业,3177322916
2025-08-15,电讯业,227272704
2025-08-15,公用事业,-321700479
2025-08-15,金融业,4417072272
2025-08-15,地产建筑业,817547869
2025-08-15,资讯科技业,2863654055
2025-08-15,综合企业,-51570432
2025-08-15,其他,0
2025-08-18,能源业,-1168054587
2025-08-18,原材料业,-708702504
2025-08-18,工业,270979012
2025-08-18,非必需性消费,1256172523
2025-08-18,必需性消费,-162222652
2025-08-18,医疗保健业,1303554085
2025-08-18,电讯业,240285506
2025-08-18,公用事业,-25789372
2025-08-18,金融业,-1185114591
2025-08-18,地产建筑业,-16929872
2025-08-18,资讯科技业,289484019
2025-08-18,综合企业,-55951100
2025-08-18,其他,0
2025-08-19,能源业,72467672
2025-08-19,原材料业,-546287304
2025-08-19,工业,-751374256
2025-08-19,非必需性消费,1505102520
2025-08-19,必需性消费,52590700
2025-08-19,医疗保健业,-1752394232
2025-08-19,电讯业,-6597553
2025-08-19,公用事业,-151511780
2025-08-19,金融业,-2059246465
2025-08-19,地产建筑业,432248920
2025-08-19,资讯科技业,-1195226921
2025-08-19,综合企业,-23144380
2025-08-19,其他,0
2025-08-20,能源业,523438318
2025-08-20,原材料业,203055170
2025-08-20,工业,455850702
2025-08-20,非必需性消费,1947097396
2025-08-20,必需性消费,430540732
2025-08-20,医疗保健业,-1745521015
2025-08-20,电讯业,58678069
2025-08-20,公用事业,-28189106
2025-08-20,金融业,906192456
2025-08-20,地产建筑业,276267628
2025-08-20,资讯科技业,-360649283
2025-08-20,综合企业,-47547668
2025-08-20,其他,0
2025-08-21,能源业,785153332
2025-08-21,原材料业,-342009813
2025-08-21,工业,71519982
2025-08-21,非必需性消费,-911219110
2025-08-21,必需性消费,20898418
2025-08-21,医疗保健业,1355873169
2025-08-21,电讯业,414612281
2025-08-21,公用事业,255523938
2025-08-21,金融业,1277211632
2025-08-21,地产建筑业,311992029
2025-08-21,资讯科技业,-251595644
2025-08-21,综合企业,96077097
2025-08-21,其他,0
2025-08-22,能源业,147841865
2025-08-22,原材料业,-18951970
2025-08-22,工业,583332648
2025-08-22,非必需性消费,10001831637
2025-08-22,必需性消费,-126821327
2025-08-22,医疗保健业,1550695141
2025-08-22,电讯业,344810890
2025-08-22,公用事业,-168194576
2025-08-22,金融业,1917852477
2025-08-22,地产建筑业,43836853
2025-08-22,资讯科技业,12941504722
2025-08-22,综合企业,-3568962
2025-08-22,其他,0
2025-08-25,能源业,245763420
2025-08-25,原材料业,959022416
2025-08-25,工业,-222016655
2025-08-25,非必需性消费,10350325382
2025-08-25,必需性消费,322464381
2025-08-25,医疗保健业,996274578
2025-08-25,电讯业,-251353415
2025-08-25,公用事业,257284311
2025-08-25,金融业,2398573333
2025-08-25,地产建筑业,1550634906
2025-08-25,资讯科技业,1646723004
2025-08-25,综合企业,13203514
2025-08-25,其他,0
2025-08-26,能源业,-374774664
2025-08-26,原材料业,1207703300
2025-08-26,工业,2066188207
2025-08-26,非必需性消费,7639626912
2025-08-26,必需性消费,440241929
2025-08-26,医疗保健业,9157091420
2025-08-26,电讯业,-290153291
2025-08-26,公用事业,313930735
2025-08-26,金融业,-3099121665
2025-08-26,地产建筑业,1350009055
2025-08-26,资讯科技业,439589097
2025-08-26,综合企业,-279692599
2025-08-26,其他,0
2025-08-27,能源业,-587635174
2025-08-27,原材料业,114758869
2025-08-27,工业,-1484511261
2025-08-27,非必需性消费,799695540
2025-08-27,必需性消费,-327039429
2025-08-27,医疗保健业,-4546910064
2025-08-27,电讯业,-816296310
2025-08-27,公用事业,-181557289
2025-08-27,金融业,-2754163082
2025-08-27,地产建筑业,-889392518
2025-08-27,资讯科技业,1863195263
2025-08-27,综合企业,-135485033
2025-08-27,其他,0
2025-08-28,能源业,1236746675
2025-08-28,原材料业,-419467538
2025-08-28,工业,-675421704
2025-08-28,非必需性消费,-1157163410
2025-08-28,必需性消费,-356684459
2025-08-28,医疗保健业,-2155751082
2025-08-28,电讯业,94434114
2025-08-28,公用事业,-363712491
2025-08-28,金融业,1399963671
2025-08-28,地产建筑业,89344685
2025-08-28,资讯科技业,6608120976
2025-08-28,综合企业,-88771573
2025-08-28,其他,0
2025-08-29,能源业,-394100743
2025-08-29,原材料业,1465768532
2025-08-29,工业,-404015663
2025-08-29,非必需性消费,4373015006
2025-08-29,必需性消费,-177201757
2025-08-29,医疗保健业,3214106343
2025-08-29,电讯业,-36398152
2025-08-29,公用事业,-253824533
2025-08-29,金融业,600589387
2025-08-29,地产建筑业,-284619966
2025-08-29,资讯科技业,-1380549886
2025-08-29,综合企业,-106789065
2025-08-29,其他,0
2025-09-01,能源业,873835700
2025-09-01,原材料业,1678772124
2025-09-01,工业,-187313008
2025-09-01,非必需性消费,7632307828
2025-09-01,必需性消费,-147181487
2025-09-01,医疗保健业,5349187139
2025-09-01,电讯业,-651210814
2025-09-01,公用事业,79642003
2025-09-01,金融业,836819821
2025-09-01,地产建筑业,300854030
2025-09-01,资讯科技业,-852301622
2025-09-01,综合企业,57593885
2025-09-01,其他,0
2025-09-02,能源业,408729244
2025-09-02,原材料业,689026805
2025-09-02,工业,-302127878
2025-09-02,非必需性消费,719911999
2025-09-02,必需性消费,-115972260
2025-09-02,医疗保健业,697119672
2025-09-02,电讯业,-371179073
2025-09-02,公用事业,134396419
2025-09-02,金融业,744348842
2025-09-02,地产建筑业,-247344258
2025-09-02,资讯科技业,-2231295051
2025-09-02,综合企业,24276744
2025-09-02,其他,0
2025-09-03,能源业,-9063583
2025-09-03,原材料业,485800320
2025-09-03,工业,123972485
2025-09-03,非必需性消费,953261915
2025-09-03,必需性消费,-374566109
2025-09-03,医疗保健业,3480300023
2025-09-03,电讯业,262929629
2025-09-03,公用事业,-136008818
2025-09-03,金融业,-1832592991
2025-09-03,地产建筑业,105901890
2025-09-03,资讯科技业,-1009576956
2025-09-03,综合企业,-117990485
2025-09-03,其他,0
2025-09-04,能源业,-111432138
2025-09-04,原材料业,-751597227
2025-09-04,工业,-176623611
2025-09-04,非必需性消费,-1434767689
2025-09-04,必需性消费,-21048048
2025-09-04,医疗保健业,-2841313957
2025-09-04,电讯业,620456541
2025-09-04,公用事业,480911874
2025-09-04,金融业,-137550618
2025-09-04,地产建筑业,-11955083
2025-09-04,资讯科技业,-7097309107
2025-09-04,综合企业,-47476191
2025-09-04,其他,0
2025-09-05,能源业,-52171310
2025-09-05,原材料业,2003345082
2025-09-05,工业,3195155422
2025-09-05,非必需性消费,5201157776
2025-09-05,必需性消费,267003013
2025-09-05,医疗保健业,5586029926
2025-09-05,电讯业,1033759710
2025-09-05,公用事业,830431421
2025-09-05,金融业,233030847
2025-09-05,地产建筑业,995439137
2025-09-05,资讯科技业,6640040251
2025-09-05,综合企业,140593919
2025-09-05,其他,0
2025-09-08,能源业,541456950
2025-09-08,原材料业,-59744061
2025-09-08,工业,1204405954
2025-09-08,非必需性消费,5566844658
2025-09-08,必需性消费,470363351
2025-09-08,医疗保健业,1753924627
2025-09-08,电讯业,197160425
2025-09-08,公用事业,613403502
2025-09-08,金融业,793360196
2025-09-08,地产建筑业,638115636
2025-09-08,资讯科技业,2246180311
2025-09-08,综合企业,340293977
2025-09-08,其他,0
2025-09-09,能源业,46701117
2025-09-09,原材料业,1164681736
2025-09-09,工业,-197692015
2025-09-09,非必需性消费,8616905140
2025-09-09,必需性消费,374665568
2025-09-09,医疗保健业,807997771
2025-09-09,电讯业,322917761
2025-09-09,公用事业,235094429
2025-09-09,金融业,4560060998
2025-09-09,地产建筑业,1949447413
2025-09-09,资讯科技业,3761714466
2025-09-09,综合企业,120206723
2025-09-09,其他,0
2025-09-10,能源业,503637724
2025-09-10,原材料业,-103328885
2025-09-10,工业,413804750
2025-09-10,非必需性消费,2398802308
2025-09-10,必需性消费,121066025
2025-09-10,医疗保健业,-1600401569
2025-09-10,电讯业,387676042
2025-09-10,公用事业,76528021
2025-09-10,金融业,4831693251
2025-09-10,地产建筑业,618178728
2025-09-10,资讯科技业,-134001376
2025-09-10,综合企业,194139639
2025-09-10,其他,0
2025-09-11,能源业,24125534
2025-09-11,原材料业,641904552
2025-09-11,工业,584334064
2025-09-11,非必需性消费,1732488660
2025-09-11,必需性消费,430243182
2025-09-11,医疗保健业,5028720016
2025-09-11,电讯业,219263108
2025-09-11,公用事业,360191356
2025-09-11,金融业,1297544450
2025-09-11,地产建筑业,-18262392
2025-09-11,资讯科技业,4884272658
2025-09-11,综合企业,57802251
2025-09-11,其他,0
2025-09-12,能源业,-97635197
2025-09-12,原材料业,1531813299
2025-09-12,工业,-431546367
2025-09-12,非必需性消费,6098713428
2025-09-12,必需性消费,11865071
2025-09-12,医疗保健业,1501729846
2025-09-12,电讯业,82637639
2025-09-12,公用事业,-125288374
2025-09-12,金融业,-1476237304
2025-09-12,地产建筑业,1849636952
2025-09-12,资讯科技业,3257954596
2025-09-12,综合企业,6024138
2025-09-12,其他,0
2025-09-15,能源业,303240635
2025-09-15,原材料业,131697105
2025-09-15,工业,496332654
2025-09-15,非必需性消费,6084187601
2025-09-15,必需性消费,-125751741
2025-09-15,医疗保健业,621557413
2025-09-15,电讯业,102242101
2025-09-15,公用事业,-247237946
2025-09-15,金融业,-1795238129
2025-09-15,地产建筑业,16972769
2025-09-15,资讯科技业,-1004407142
2025-09-15,综合企业,47328762
2025-09-15,其他,0
2025-09-16,能源业,-269142487
2025-09-16,原材料业,453635132
2025-09-16,工业,510193855
2025-09-16,非必需性消费,3945596811
2025-09-16,必需性消费,212360723
2025-09-16,医疗保健业,305645067
2025-09-16,电讯业,138726217
2025-09-16,公用事业,-153913245
2025-09-16,金融业,-881314702
2025-09-16,地产建筑业,92779515
2025-09-16,资讯科技业,-273138730
2025-09-16,综合企业,-19255723
2025-09-16,其他,0
2025-09-17,能源业,64672296
2025-09-17,原材料业,275613386
2025-09-17,工业,1639253347
2025-09-17,非必需性消费,11820782569
2025-09-17,必需性消费,-243796212
2025-09-17,医疗保健业,-1740877620
2025-09-17,电讯业,115092529
2025-09-17,公用事业,-139152742
2025-09-17,金融业,551428251
2025-09-17,地产建筑业,954047831
2025-09-17,资讯科技业,10490718862
2025-09-17,综合企业,-73323940
2025-09-17,其他,0
2025-09-18,能源业,-868080039
2025-09-18,原材料业,163076625
2025-09-18,工业,-622928316
2025-09-18,非必需性消费,-2925631851
2025-09-18,必需性消费,-449556115
2025-09-18,医疗保健业,278553012
2025-09-18,电讯业,191610909
2025-09-18,公用事业,-349630071
2025-09-18,金融业,-2983366153
2025-09-18,地产建筑业,-462350067
2025-09-18,资讯科技业,-186072914
2025-09-18,综合企业,-19409476
2025-09-18,其他,0
2025-09-19,能源业,456876008
2025-09-19,原材料业,-4260092329
2025-09-19,工业,547280271
2025-09-19,非必需性消费,1417921182
2025-09-19,必需性消费,401737716
2025-09-19,医疗保健业,662886173
2025-09-19,电讯业,-303994039
2025-09-19,公用事业,-154287056
2025-09-19,金融业,-968360885
2025-09-19,地产建筑业,1519983582
2025-09-19,资讯科技业,837300914
2025-09-19,综合企业,-357952482
2025-09-19,其他,0
2025-09-22,能源业,-222689654
2025-09-22,原材料业,465229433
2025-09-22,工业,1289883553
2025-09-22,非必需性消费,1207964600
2025-09-22,必需性消费,-77783222
2025-09-22,医疗保健业,1443707006
2025-09-22,电讯业,80583899
2025-09-22,公用事业,-244782415
2025-09-22,金融业,-1229222888
2025-09-22,地产建筑业,358266375
2025-09-22,资讯科技业,3242060307
2025-09-22,综合企业,-138790161
2025-09-22,其他,0
2025-09-23,能源业,-198175658
2025-09-23,原材料业,-6036862
2025-09-23,工业,-492462900
2025-09-23,非必需性消费,-297901070
2025-09-23,必需性消费,161297404
2025-09-23,医疗保健业,-881870582
2025-09-23,电讯业,-168633123
2025-09-23,公用事业,137833528
2025-09-23,金融业,579628700
2025-09-23,地产建筑业,-429711962
2025-09-23,资讯科技业,-3564124867
2025-09-23,综合企业,-9643827
2025-09-23,其他,0
2025-09-24,能源业,-3998863
2025-09-24,原材料业,-26442827
2025-09-24,工业,604591509
2025-09-24,非必需性消费,9984651485
2025-09-24,必需性消费,-44493887
2025-09-24,医疗保健业,-299689482
2025-09-24,电讯业,155032669
2025-09-24,公用事业,-91512332
2025-09-24,金融业,-825090362
2025-09-24,地产建筑业,41115660
2025-09-24,资讯科技业,4905076759
2025-09-24,综合企业,22073331
2025-09-24,其他,0
2025-09-25,能源业,-540712368
2025-09-25,原材料业,986545773
2025-09-25,工业,64858339
2025-09-25,非必需性消费,5898577712
2025-09-25,必需性消费,-136941434
2025-09-25,医疗保健业,444911763
2025-09-25,电讯业,-383660192
2025-09-25,公用事业,-462057486
2025-09-25,金融业,-911696099
2025-09-25,地产建筑业,-132623936
2025-09-25,资讯科技业,5960627401
2025-09-25,综合企业,-86443849
2025-09-25,其他,0
2025-09-26,能源业,-45410785
2025-09-26,原材料业,609830177
2025-09-26,工业,-263772444
2025-09-26,非必需性消费,-4414510254
2025-09-26,必需性消费,336928366
2025-09-26,医疗保健业,-1365181095
2025-09-26,电讯业,127130916
2025-09-26,公用事业,-160509172
2025-09-26,金融业,-102504943
2025-09-26,地产建筑业,289241622
2025-09-26,资讯科技业,-8584185349
2025-09-26,综合企业,-33786367
2025-09-26,其他,0
2025-09-29,能源业,385523848
2025-09-29,原材料业,2039815852
2025-09-29,工业,1171170404
2025-09-29,非必需性消费,4041241556
2025-09-29,必需性消费,304236349
2025-09-29,医疗保健业,1698162530
2025-09-29,电讯业,-175838657
2025-09-29,公用事业,171111946
2025-09-29,金融业,4460859772
2025-09-29,地产建筑业,778535942
2025-09-29,资讯科技业,3791923401
2025-09-29,综合企业,163538154
2025-09-29,其他,0
2025-09-30,能源业,-613974264
2025-09-30,原材料业,1094720796
2025-09-30,工业,2370872235
2025-09-30,非必需性消费,1238898462
2025-09-30,必需性消费,479193574
2025-09-30,医疗保健业,3134526568
2025-09-30,电讯业,-365696808
2025-09-30,公用事业,-27351023
2025-09-30,金融业,-449975864
2025-09-30,地产建筑业,950030148
2025-09-30,资讯科技业,1442430167
2025-09-30,综合企业,55410992
2025-09-30,其他,0
2025-10-09,能源业,940972550
2025-10-09,原材料业,2204488064
2025-10-09,工业,1986086102
2025-10-09,非必需性消费,-212982975
2025-10-09,必需性消费,287479016
2025-10-09,医疗保健业,-3130416500
2025-10-09,电讯业,366563634
2025-10-09,公用事业,802171033
2025-10-09,金融业,1654478996
2025-10-09,地产建筑业,1082331241
2025-10-09,资讯科技业,-2849078158
2025-10-09,综合企业,-17009332
2025-10-09,其他,0
2025-10-10,能源业,508135887
2025-10-10,原材料业,-1843352253
2025-10-10,工业,-1137887165
2025-10-10,非必需性消费,-2399166913
2025-10-10,必需性消费,611039800
2025-10-10,医疗保健业,-2998474750
2025-10-10,电讯业,440935186
2025-10-10,公用事业,289961686
2025-10-10,金融业,338824149
2025-10-10,地产建筑业,756840815
2025-10-10,资讯科技业,-5645778245
2025-10-10,综合企业,-91540099
2025-10-10,其他,0
2025-10-13,能源业,696909475
2025-10-13,原材料业,1476966431
2025-10-13,工业,1156741254
2025-10-13,非必需性消费,1588330518
2025-10-13,必需性消费,226995571
2025-10-13,医疗保健业,-178442870
2025-10-13,电讯业,341583318
2025-10-13,公用事业,281667314
2025-10-13,金融业,2906116418
2025-10-13,地产建筑业,416185951
2025-10-13,资讯科技业,-444306041
2025-10-13,综合企业,71408215
2025-10-13,其他,0
2025-10-14,能源业,614634745
2025-10-14,原材料业,-2223695493
2025-10-14,工业,-514726394
2025-10-14,非必需性消费,-6803585379
2025-10-14,必需性消费,1461961
2025-10-14,医疗保健业,-3002307236
2025-10-14,电讯业,377847849
2025-10-14,公用事业,110413796
2025-10-14,金融业,930395921
2025-10-14,地产建筑业,408046653
2025-10-14,资讯科技业,-9541654732
2025-10-14,综合企业,-165150426
2025-10-14,其他,0
2025-10-15,能源业,681358802
2025-10-15,原材料业,993206497
2025-10-15,工业,1746070244
2025-10-15,非必需性消费,7690586000
2025-10-15,必需性消费,309927881
2025-10-15,医疗保健业,2057042363
2025-10-15,电讯业,341687653
2025-10-15,公用事业,350866272
2025-10-15,金融业,2698096604
2025-10-15,地产建筑业,1253324710
2025-10-15,资讯科技业,3930135178
2025-10-15,综合企业,-22163993
2025-10-15,其他,0
2025-10-16,能源业,967122893
2025-10-16,原材料业,125719579
2025-10-16,工业,1140419274
2025-10-16,非必需性消费,1889235287
2025-10-16,必需性消费,144537256
2025-10-16,医疗保健业,2430558757
2025-10-16,电讯业,535845156
2025-10-16,公用事业,616420810
2025-10-16,金融业,3801731612
2025-10-16,地产建筑业,226538037
2025-10-16,资讯科技业,-2328964104
2025-10-16,综合企业,-78328133
2025-10-16,其他,0
2025-10-17,能源业,22765566
2025-10-17,原材料业,-934041199
2025-10-17,工业,-465278182
2025-10-17,非必需性消费,-6676961593
2025-10-17,必需性消费,-241068590
2025-10-17,医疗保健业,-419607004
2025-10-17,电讯业,359599001
2025-10-17,公用事业,871781682
2025-10-17,金融业,-1716716042
2025-10-17,地产建筑业,113390127
2025-10-17,资讯科技业,-5756476616
2025-10-17,综合企业,-23660838
2025-10-17,其他,0
2025-10-20,能源业,1933022505
2025-10-20,原材料业,-486956722
2025-10-20,工业,333772843
2025-10-20,非必需性消费,3135507254
2025-10-20,必需性消费,197124055
2025-10-20,医疗保健业,-119198864
2025-10-20,电讯业,515082800
2025-10-20,公用事业,638057520
2025-10-20,金融业,366462130
2025-10-20,地产建筑业,576272608
2025-10-20,资讯科技业,675519013
2025-10-20,综合企业,55300194
2025-10-20,其他,0
2025-10-21,能源业,1068155015
2025-10-21,原材料业,-580317894
2025-10-21,工业,685052075
2025-10-21,非必需性消费,627303139
2025-10-21,必需性消费,-195181691
2025-10-21,医疗保健业,-132319166
2025-10-21,电讯业,187181845
2025-10-21,公用事业,12249596
2025-10-21,金融业,1576197588
2025-10-21,地产建筑业,195909483
2025-10-21,资讯科技业,1601105352
2025-10-21,综合企业,-61596970
2025-10-21,其他,0
2025-10-22,能源业,609500318
2025-10-22,原材料业,678011735
2025-10-22,工业,-170160948
2025-10-22,非必需性消费,-1232348070
2025-10-22,必需性消费,169978164
2025-10-22,医疗保健业,-1057744981
2025-10-22,电讯业,-35080585
2025-10-22,公用事业,63912482
2025-10-22,金融业,-138711064
2025-10-22,地产建筑业,-157255127
2025-10-22,资讯科技业,-1166253788
2025-10-22,综合企业,-95321157
2025-10-22,其他,0
2025-10-23,能源业,1720412741
2025-10-23,原材料业,615254429
2025-10-23,工业,48392431
2025-10-23,非必需性消费,6074904404
2025-10-23,必需性消费,-262954857
2025-10-23,医疗保健业,-544564119
2025-10-23,电讯业,1640135641
2025-10-23,公用事业,256175507
2025-10-23,金融业,3405757204
2025-10-23,地产建筑业,-39607266
2025-10-23,资讯科技业,-1213262078
2025-10-23,综合企业,4679121
2025-10-23,其他,0
2025-10-24,能源业,412140737
2025-10-24,原材料业,620857439
2025-10-24,工业,692253591
2025-10-24,非必需性消费,2277308536
2025-10-24,必需性消费,-235929987
2025-10-24,医疗保健业,-134052624
2025-10-24,电讯业,386347253
2025-10-24,公用事业,-40079685
2025-10-24,金融业,1796972922
2025-10-24,地产建筑业,132691696
2025-10-24,资讯科技业,6100884558
2025-10-24,综合企业,-6078464
2025-10-24,其他,0
2025-10-27,能源业,915248270
2025-10-27,原材料业,261664989
2025-10-27,工业,692395744
2025-10-27,非必需性消费,2062448912
2025-10-27,必需性消费,66886222
2025-10-27,医疗保健业,530856566
2025-10-27,电讯业,230462314
2025-10-27,公用事业,283154568
2025-10-27,金融业,3286017410
2025-10-27,地产建筑业,485416761
2025-10-27,资讯科技业,3747308004
2025-10-27,综合企业,109661113
2025-10-27,其他,0
2025-10-28,能源业,-122927382
2025-10-28,原材料业,-642450870
2025-10-28,工业,-689961567
2025-10-28,非必需性消费,-731157575
2025-10-28,必需性消费,56082782
2025-10-28,医疗保健业,-877483408
2025-10-28,电讯业,339908705
2025-10-28,公用事业,363668375
2025-10-28,金融业,426290080
2025-10-28,地产建筑业,-104591386
2025-10-28,资讯科技业,324395436
2025-10-28,综合企业,145988244
2025-10-28,其他,0
2025-10-29,能源业,0
2025-10-29,原材料业,0
2025-10-29,工业,0
2025-10-29,非必需性消费,0
2025-10-29,必需性消费,0
2025-10-29,医疗保健业,0
2025-10-29,电讯业,0
2025-10-29,公用事业,0
2025-10-29,金融业,0
2025-10-29,地产建筑业,0
2025-10-29,资讯科技业,0
2025-10-29,综合企业,0
2025-10-29,其他,0
2025-10-30,能源业,766397277
2025-10-30,原材料业,2530489631
2025-10-30,工业,246810693
2025-10-30,非必需性消费,740730420
2025-10-30,必需性消费,-215258554
2025-10-30,医疗保健业,-393693828
2025-10-30,电讯业,646790396
2025-10-30,公用事业,102100807
2025-10-30,金融业,227373998
2025-10-30,地产建筑业,-227386973
2025-10-30,资讯科技业,-199227378
2025-10-30,综合企业,18094634
2025-10-30,其他,0
2025-10-31,能源业,56816624
2025-10-31,原材料业,-1029699181
2025-10-31,工业,-1304953748
2025-10-31,非必需性消费,-4462981797
2025-10-31,必需性消费,-268667417
2025-10-31,医疗保健业,2394625928
2025-10-31,电讯业,75128831
2025-10-31,公用事业,-301142197
2025-10-31,金融业,-2915634518
2025-10-31,地产建筑业,-954137720
2025-10-31,资讯科技业,-8350136336
2025-10-31,综合企业,-192575547
2025-10-31,其他,0
2025-11-03,能源业,1732641267
2025-11-03,原材料业,123935341
2025-11-03,工业,812607144
2025-11-03,非必需性消费,1437300322
2025-11-03,必需性消费,213564759
2025-11-03,医疗保健业,2220602033
2025-11-03,电讯业,713777046
2025-11-03,公用事业,348466225
2025-11-03,金融业,2403698532
2025-11-03,地产建筑业,578231681
2025-11-03,资讯科技业,1786976364
2025-11-03,综合企业,159476332
2025-11-03,其他,0
2025-11-04,能源业,444294825
2025-11-04,原材料业,-1261952901
2025-11-04,工业,-739995227
2025-11-04,非必需性消费,-3180959867
2025-11-04,必需性消费,-285152021
2025-11-04,医疗保健业,-561537149
2025-11-04,电讯业,904356929
2025-11-04,公用事业,348696335
2025-11-04,金融业,1690684796
2025-11-04,地产建筑业,409732844
2025-11-04,资讯科技业,-5112462401
2025-11-04,综合企业,186544948
2025-11-04,其他,0
2025-11-05,能源业,705394251
2025-11-05,原材料业,1150956394
2025-11-05,工业,1336536195
2025-11-05,非必需性消费,6232442249
2025-11-05,必需性消费,337617434
2025-11-05,医疗保健业,1698902291
2025-11-05,电讯业,488116466
2025-11-05,公用事业,277822119
2025-11-05,金融业,1888947872
2025-11-05,地产建筑业,1255912739
2025-11-05,资讯科技业,2511273908
2025-11-05,综合企业,83321529
2025-11-05,其他,0
2025-11-06,能源业,602197204
2025-11-06,原材料业,1619387667
2025-11-06,工业,1660196771
2025-11-06,非必需性消费,5311182460
2025-11-06,必需性消费,14165011
2025-11-06,医疗保健业,389167261
2025-11-06,电讯业,542081268
2025-11-06,公用事业,602830081
2025-11-06,金融业,4644869450
2025-11-06,地产建筑业,564752118
2025-11-06,资讯科技业,4998589374
2025-11-06,综合企业,232737429
2025-11-06,其他,0
2025-11-07,能源业,825027393
2025-11-07,原材料业,695861911
2025-11-07,工业,1476820861
2025-11-07,非必需性消费,-1274151000
2025-11-07,必需性消费,209076987
2025-11-07,医疗保健业,-621349657
2025-11-07,电讯业,887116748
2025-11-07,公用事业,376908418
2025-11-07,金融业,1131216835
2025-11-07,地产建筑业,582408666
2025-11-07,资讯科技业,727995806
2025-11-07,综合企业,49950238
2025-11-07,其他,0
2025-11-10,能源业,2008339024
2025-11-10,原材料业,1144907426
2025-11-10,工业,215331249
2025-11-10,非必需性消费,7362961303
2025-11-10,必需性消费,679726552
2025-11-10,医疗保健业,1500615305
2025-11-10,电讯业,735393605
2025-11-10,公用事业,115772883
2025-11-10,金融业,4620189173
2025-11-10,地产建筑业,805977855
2025-11-10,资讯科技业,640579281
2025-11-10,综合企业,67566725
2025-11-10,其他,0
2025-11-11,能源业,382010422
2025-11-11,原材料业,52689030
2025-11-11,工业,315601732
2025-11-11,非必需性消费,3266658000
2025-11-11,必需性消费,272312934
2025-11-11,医疗保健业,60055125
2025-11-11,电讯业,894496760
2025-11-11,公用事业,161757787
2025-11-11,金融业,2306713079
2025-11-11,地产建筑业,912343434
2025-11-11,资讯科技业,1666556174
2025-11-11,综合企业,189552243
2025-11-11,其他,0
2025-11-12,能源业,1243459353
2025-11-12,原材料业,285654680
2025-11-12,工业,134236242
2025-11-12,非必需性消费,2164532632
2025-11-12,必需性消费,604090793
2025-11-12,医疗保健业,1972058936
2025-11-12,电讯业,539277557
2025-11-12,公用事业,548125360
2025-11-12,金融业,3086659803
2025-11-12,地产建筑业,1600000386
2025-11-12,资讯科技业,3928719596
2025-11-12,综合企业,420014919
2025-11-12,其他,0
2025-11-13,能源业,-461662817
2025-11-13,原材料业,2619550057
2025-11-13,工业,1345094114
2025-11-13,非必需性消费,4910782711
2025-11-13,必需性消费,-43592775
2025-11-13,医疗保健业,3046409082
2025-11-13,电讯业,-84807122
2025-11-13,公用事业,-60228632
2025-11-13,金融业,2234036242
2025-11-13,地产建筑业,1127544290
2025-11-13,资讯科技业,3088070080
2025-11-13,综合企业,74258034
2025-11-13,其他,0
2025-11-14,能源业,-432136651
2025-11-14,原材料业,-734688208
2025-11-14,工业,-306947933
2025-11-14,非必需性消费,-459563796
2025-11-14,必需性消费,-221842774
2025-11-14,医疗保健业,-160017351
2025-11-14,电讯业,184052485
2025-11-14,公用事业,-226977965
2025-11-14,金融业,-266766403
2025-11-14,地产建筑业,502298810
2025-11-14,资讯科技业,-597040571
2025-11-14,综合企业,-143178757
2025-11-14,其他,0
2025-11-17,能源业,222824990
2025-11-17,原材料业,169222648
2025-11-17,工业,-340684422
2025-11-17,非必需性消费,5848132238
2025-11-17,必需性消费,225448606
2025-11-17,医疗保健业,-614040557
2025-11-17,电讯业,-190729731
2025-11-17,公用事业,-33193692
2025-11-17,金融业,857952810
2025-11-17,地产建筑业,492965683
2025-11-17,资讯科技业,-878043121
2025-11-17,综合企业,34635985
2025-11-17,其他,0
2025-11-18,能源业,-1259929368
2025-11-18,原材料业,-638795061
2025-11-18,工业,-737608014
2025-11-18,非必需性消费,4703082419
2025-11-18,必需性消费,-49924975
2025-11-18,医疗保健业,-897209673
2025-11-18,电讯业,-43706812
2025-11-18,公用事业,-253136047
2025-11-18,金融业,-1226515409
2025-11-18,地产建筑业,5092764
2025-11-18,资讯科技业,1288645002
2025-11-18,综合企业,-73569289
2025-11-18,其他,0
2025-11-19,能源业,1040465509
2025-11-19,原材料业,1046091623
2025-11-19,工业,124669123
2025-11-19,非必需性消费,2550669504
2025-11-19,必需性消费,161603338
2025-11-19,医疗保健业,-516580504
2025-11-19,电讯业,-136374521
2025-11-19,公用事业,-120576856
2025-11-19,金融业,523806489
2025-11-19,地产建筑业,254576122
2025-11-19,资讯科技业,589080116
2025-11-19,综合企业,-19218889
2025-11-19,其他,0
2025-11-20,能源业,-50255587
2025-11-20,原材料业,561964372
2025-11-20,工业,75072680
2025-11-20,非必需性消费,894499554
2025-11-20,必需性消费,135730688
2025-11-20,医疗保健业,660970022
2025-11-20,电讯业,56005915
2025-11-20,公用事业,95950931
2025-11-20,金融业,2448839378
2025-11-20,地产建筑业,1026163750
2025-11-20,资讯科技业,549190396
2025-11-20,综合企业,72499814
2025-11-20,其他,0
2025-11-21,能源业,-504636874
2025-11-21,原材料业,-1148667374
2025-11-21,工业,-302381192
2025-11-21,非必需性消费,3036887712
2025-11-21,必需性消费,-129718365
2025-11-21,医疗保健业,-1093004345
2025-11-21,电讯业,67281580
2025-11-21,公用事业,-289617832
2025-11-21,金融业,-1270437251
2025-11-21,地产建筑业,-29753837
2025-11-21,资讯科技业,1933802800
2025-11-21,综合企业,4394464
2025-11-21,其他,0
2025-11-24,能源业,697819262
2025-11-24,原材料业,2648864978
2025-11-24,工业,3748983167
2025-11-24,非必需性消费,5479023213
2025-11-24,必需性消费,126044694
2025-11-24,医疗保健业,7180091670
2025-11-24,电讯业,809104916
2025-11-24,公用事业,548362818
2025-11-24,金融业,6275165208
2025-11-24,地产建筑业,2167233730
2025-11-24,资讯科技业,12154651011
2025-11-24,综合企业,-134089608
2025-11-24,其他,0
2025-11-25,能源业,166032389
2025-11-25,原材料业,584530676
2025-11-25,工业,105455025
2025-11-25,非必需性消费,2936699698
2025-11-25,必需性消费,52456952
2025-11-25,医疗保健业,928219417
2025-11-25,电讯业,430788269
2025-11-25,公用事业,392518548
2025-11-25,金融业,1809941363
2025-11-25,地产建筑业,-48317432
2025-11-25,资讯科技业,70089875
2025-11-25,综合企业,7823406
2025-11-25,其他,0
2025-11-26,能源业,-328595107
2025-11-26,原材料业,-361296896
2025-11-26,工业,163716186
2025-11-26,非必需性消费,2281266721
2025-11-26,必需性消费,131050103
2025-11-26,医疗保健业,1816259561
2025-11-26,电讯业,327940624
2025-11-26,公用事业,150462877
2025-11-26,金融业,-344784581
2025-11-26,地产建筑业,-178228467
2025-11-26,资讯科技业,446690464
2025-11-26,综合企业,164428337
2025-11-26,其他,0
2025-11-27,能源业,265944546
2025-11-27,原材料业,-263421817
2025-11-27,工业,16857787
2025-11-27,非必需性消费,342378108
2025-11-27,必需性消费,222922874
2025-11-27,医疗保健业,1437474824
2025-11-27,电讯业,222209349
2025-11-27,公用事业,303695363
2025-11-27,金融业,2146886620
2025-11-27,地产建筑业,-78807120
2025-11-27,资讯科技业,804127551
2025-11-27,综合企业,107892203
2025-11-27,其他,0
2025-11-28,能源业,-118293279
2025-11-28,原材料业,795145261
2025-11-28,工业,140036518
2025-11-28,非必需性消费,299202376
2025-11-28,必需性消费,130107322
2025-11-28,医疗保健业,-671185171
2025-11-28,电讯业,-111370759
2025-11-28,公用事业,259139670
2025-11-28,金融业,-1147916528
2025-11-28,地产建筑业,102246693
2025-11-28,资讯科技业,-708813914
2025-11-28,综合企业,12540754
2025-11-28,其他,0
2025-12-01,能源业,174140320
2025-12-01,原材料业,1167943919
2025-12-01,工业,872154842
2025-12-01,非必需性消费,4759420736
2025-12-01,必需性消费,252640067
2025-12-01,医疗保健业,159784845
2025-12-01,电讯业,-95116684
2025-12-01,公用事业,261614274
2025-12-01,金融业,-66233006
2025-12-01,地产建筑业,414009282
2025-12-01,资讯科技业,2692441515
2025-12-01,综合企业,115940002
2025-12-01,其他,0
2025-12-02,能源业,1155924436
2025-12-02,原材料业,434069819
2025-12-02,工业,431049009
2025-12-02,非必需性消费,3605312434
2025-12-02,必需性消费,50090127
2025-12-02,医疗保健业,629422567
2025-12-02,电讯业,-59198737
2025-12-02,公用事业,556530226
2025-12-02,金融业,1336447882
2025-12-02,地产建筑业,526843542
2025-12-02,资讯科技业,-2313651751
2025-12-02,综合企业,210856537
2025-12-02,其他,0
2025-12-03,能源业,279756800
2025-12-03,原材料业,1189385641
2025-12-03,工业,294388343
2025-12-03,非必需性消费,1459914352
2025-12-03,必需性消费,55351687
2025-12-03,医疗保健业,-341836495
2025-12-03,电讯业,-316556270
2025-12-03,公用事业,198440058
2025-12-03,金融业,47570339
2025-12-03,地产建筑业,-51299170
2025-12-03,资讯科技业,-2494183130
2025-12-03,综合企业,135704761
2025-12-03,其他,0
2025-12-04,能源业,168865833
2025-12-04,原材料业,-491866798
2025-12-04,工业,612504630
2025-12-04,非必需性消费,4093699255
2025-12-04,必需性消费,120625763
2025-12-04,医疗保健业,866044557
2025-12-04,电讯业,-150710404
2025-12-04,公用事业,490315722
2025-12-04,金融业,2232586478
2025-12-04,地产建筑业,290671844
2025-12-04,资讯科技业,4095238009
2025-12-04,综合企业,47055992
2025-12-04,其他,0
2025-12-05,能源业,646403088
2025-12-05,原材料业,3056500704
2025-12-05,工业,248678975
2025-12-05,非必需性消费,4319685925
2025-12-05,必需性消费,72760105
2025-12-05,医疗保健业,3555138360
2025-12-05,电讯业,-47789981
2025-12-05,公用事业,407623362
2025-12-05,金融业,1089871255
2025-12-05,地产建筑业,399699782
2025-12-05,资讯科技业,1962479114
2025-12-05,综合企业,-251418429
2025-12-05,其他,0
2025-12-08,能源业,-132148411
2025-12-08,原材料业,-520597775
2025-12-08,工业,27727453
2025-12-08,非必需性消费,620956778
2025-12-08,必需性消费,4822373
2025-12-08,医疗保健业,-1121297543
2025-12-08,电讯业,-191415710
2025-12-08,公用事业,-283748254
2025-12-08,金融业,28656926
2025-12-08,地产建筑业,-336778505
2025-12-08,资讯科技业,827323336
2025-12-08,综合企业,-30064130
2025-12-08,其他,0
2025-12-09,能源业,-684816337
2025-12-09,原材料业,-1343968235
2025-12-09,工业,-21806877
2025-12-09,非必需性消费,578947088
2025-12-09,必需性消费,-6516205
2025-12-09,医疗保健业,-43726039
2025-12-09,电讯业,24669839
2025-12-09,公用事业,-146675480
2025-12-09,金融业,1213072714
2025-12-09,地产建筑业,-296723747
2025-12-09,资讯科技业,-90354042
2025-12-09,综合企业,21872506
2025-12-09,其他,0
2025-12-10,能源业,-471271172
2025-12-10,原材料业,555616797
2025-12-10,工业,10625964
2025-12-10,非必需性消费,1491857686
2025-12-10,必需性消费,363483954
2025-12-10,医疗保健业,309811977
2025-12-10,电讯业,94227944
2025-12-10,公用事业,309562145
2025-12-10,金融业,2430487395
2025-12-10,地产建筑业,855151676
2025-12-10,资讯科技业,-547638790
2025-12-10,综合企业,121838952
2025-12-10,其他,0
2025-12-11,能源业,-358412290
2025-12-11,原材料业,-392597625
2025-12-11,工业,-261710394
2025-12-11,非必需性消费,178197320
2025-12-11,必需性消费,227084372
2025-12-11,医疗保健业,-279613539
2025-12-11,电讯业,-193925582
2025-12-11,公用事业,-18259360
2025-12-11,金融业,1328140135
2025-12-11,地产建筑业,306225469
2025-12-11,资讯科技业,-2805107300
2025-12-11,综合企业,112670059
2025-12-11,其他,0
2025-12-12,能源业,-758915743
2025-12-12,原材料业,384806558
2025-12-12,工业,850620895
2025-12-12,非必需性消费,10457060253
2025-12-12,必需性消费,240536598
2025-12-12,医疗保健业,2209428094
2025-12-12,电讯业,-233467891
2025-12-12,公用事业,854568256
2025-12-12,金融业,978457728
2025-12-12,地产建筑业,581362700
2025-12-12,资讯科技业,6015359939
2025-12-12,综合企业,97599820
2025-12-12,其他,0
2025-12-15,能源业,-61320215
2025-12-15,原材料业,404652488
2025-12-15,工业,-125522058
2025-12-15,非必需性消费,-1451225377
2025-12-15,必需性消费,407293673
2025-12-15,医疗保健业,-736037993
2025-12-15,电讯业,-419102116
2025-12-15,公用事业,522088491
2025-12-15,金融业,2647285414
2025-12-15,地产建筑业,22170754
2025-12-15,资讯科技业,-2889548851
2025-12-15,综合企业,73003428
2025-12-15,其他,0
2025-12-16,能源业,-166072443
2025-12-16,原材料业,-659052208
2025-12-16,工业,-545292163
2025-12-16,非必需性消费,1507504658
2025-12-16,必需性消费,142814315
2025-12-16,医疗保健业,24963440
2025-12-16,电讯业,-363808542
2025-12-16,公用事业,-132796199
2025-12-16,金融业,336367369
2025-12-16,地产建筑业,333959001
2025-12-16,资讯科技业,-1774526396
2025-12-16,综合企业,-29795819
2025-12-16,其他,0
2025-12-17,能源业,168293943
2025-12-17,原材料业,883943499
2025-12-17,工业,634378898
2025-12-17,非必需性消费,2981868120
2025-12-17,必需性消费,124157125
2025-12-17,医疗保健业,841299238
2025-12-17,电讯业,-14386780
2025-12-17,公用事业,-48242697
2025-12-17,金融业,3569806460
2025-12-17,地产建筑业,248692862
2025-12-17,资讯科技业,4354928715
2025-12-17,综合企业,56867166
2025-12-17,其他,0
2025-12-18,能源业,774556323
2025-12-18,原材料业,526910521
2025-12-18,工业,-66449695
2025-12-18,非必需性消费,1040755607
2025-12-18,必需性消费,51705042
2025-12-18,医疗保健业,834214907
2025-12-18,电讯业,-185218968
2025-12-18,公用事业,231737807
2025-12-18,金融业,2566106636
2025-12-18,地产建筑业,273238943
2025-12-18,资讯科技业,1536729376
2025-12-18,综合企业,-113418396
2025-12-18,其他,0
2025-12-19,能源业,388699775
2025-12-19,原材料业,93341505
2025-12-19,工业,3457405341
2025-12-19,非必需性消费,6538207986
2025-12-19,必需性消费,472076240
2025-12-19,医疗保健业,2569213932
2025-12-19,电讯业,-453884936
2025-12-19,公用事业,107786374
2025-12-19,金融业,2427664351
2025-12-19,地产建筑业,1089476395
2025-12-19,资讯科技业,1074871517
2025-12-19,综合企业,326981323
2025-12-19,其他,0
2025-12-22,能源业,428886534
2025-12-22,原材料业,1805925755
2025-12-22,工业,476675947
2025-12-22,非必需性消费,2347939077
2025-12-22,必需性消费,398448089
2025-12-22,医疗保健业,-18081180
2025-12-22,电讯业,-546122868
2025-12-22,公用事业,379723839
2025-12-22,金融业,1822984476
2025-12-22,地产建筑业,276330243
2025-12-22,资讯科技业,4010983229
2025-12-22,综合企业,66187779
2025-12-22,其他,0
2025-12-23,能源业,-64449859
2025-12-23,原材料业,424155178
2025-12-23,工业,998308245
2025-12-23,非必需性消费,41392521
2025-12-23,必需性消费,135966870
2025-12-23,医疗保健业,-178375243
2025-12-23,电讯业,-945823795
2025-12-23,公用事业,255914391
2025-12-23,金融业,1558257848
2025-12-23,地产建筑业,194810674
2025-12-23,资讯科技业,-1377594227
2025-12-23,综合企业,60949911
2025-12-23,其他,0
2025-12-24,能源业,19422354
2025-12-24,原材料业,76131544
2025-12-24,工业,251410485
2025-12-24,非必需性消费,67384123
2025-12-24,必需性消费,128297917
2025-12-24,医疗保健业,-207752728
2025-12-24,电讯业,-346801431
2025-12-24,公用事业,357100981
2025-12-24,金融业,1105615542
2025-12-24,地产建筑业,135068105
2025-12-24,资讯科技业,143334122
2025-12-24,综合企业,38440239
2025-12-24,其他,0
2025-12-25,能源业,0
2025-12-25,原材料业,0
2025-12-25,工业,0
2025-12-25,非必需性消费,0
2025-12-25,必需性消费,0
2025-12-25,医疗保健业,0
2025-12-25,电讯业,0
2025-12-25,公用事业,0
2025-12-25,金融业,0
2025-12-25,地产建筑业,0
2025-12-25,资讯科技业,0
2025-12-25,综合企业,0
2025-12-25,其他,0
2025-12-26,能源业,0
2025-12-26,原材料业,0
2025-12-26,工业,0
2025-12-26,非必需性消费,0
2025-12-26,必需性消费,0
2025-12-26,医疗保健业,0
2025-12-26,电讯业,0
2025-12-26,公用事业,0
2025-12-26,金融业,0
2025-12-26,地产建筑业,0
2025-12-26,资讯科技业,0
2025-12-26,综合企业,0
2025-12-26,其他,0
2025-12-29,能源业,-64359485
2025-12-29,原材料业,-1450383196
2025-12-29,工业,20653215
2025-12-29,非必需性消费,-2892750627
2025-12-29,必需性消费,-199126408
2025-12-29,医疗保健业,-1336918058
2025-12-29,电讯业,-667091303
2025-12-29,公用事业,84763762
2025-12-29,金融业,2226180805
2025-12-29,地产建筑业,-179617000
2025-12-29,资讯科技业,345871623
2025-12-29,综合企业,-43400148
2025-12-29,其他,0
2025-12-30,能源业,1103322915
2025-12-30,原材料业,1236051828
2025-12-30,工业,773856139
2025-12-30,非必需性消费,-27510615
2025-12-30,必需性消费,95287466
2025-12-30,医疗保健业,-474722207
2025-12-30,电讯业,-207126876
2025-12-30,公用事业,184282068
2025-12-30,金融业,2961679402
2025-12-30,地产建筑业,123642691
2025-12-30,资讯科技业,3295642354
2025-12-30,综合企业,30101849
2025-12-30,其他,0
2025-12-31,能源业,245838351
2025-12-31,原材料业,-385591085
2025-12-31,工业,-254108623
2025-12-31,非必需性消费,1318052451
2025-12-31,必需性消费,-2319373
2025-12-31,医疗保健业,-294088747
2025-12-31,电讯业,-331053652
2025-12-31,公用事业,145404158
2025-12-31,金融业,1102884449
2025-12-31,地产建筑业,264530170
2025-12-31,资讯科技业,1024286011
2025-12-31,综合企业,50387944
2025-12-31,其他,0
2026-01-05,能源业,-25115961
2026-01-05,原材料业,-4809448
2026-01-05,工业,282403917
2026-01-05,非必需性消费,5778577168
2026-01-05,必需性消费,141313574
2026-01-05,医疗保健业,2372398302
2026-01-05,电讯业,-532294298
2026-01-05,公用事业,264244587
2026-01-05,金融业,4172725783
2026-01-05,地产建筑业,679852804
2026-01-05,资讯科技业,2101573536
2026-01-05,综合企业,43678900
2026-01-05,其他,0
2026-01-06,能源业,523090246
2026-01-06,原材料业,1296752147
2026-01-06,工业,556923348
2026-01-06,非必需性消费,4040968694
2026-01-06,必需性消费,265815724
2026-01-06,医疗保健业,1711793000
2026-01-06,电讯业,-35905860
2026-01-06,公用事业,160448622
2026-01-06,金融业,6383610454
2026-01-06,地产建筑业,843053156
2026-01-06,资讯科技业,1753193707
2026-01-06,综合企业,193231772
2026-01-06,其他,0
2026-01-07,能源业,387352028
2026-01-07,原材料业,-127462819
2026-01-07,工业,193861710
2026-01-07,非必需性消费,610723929
2026-01-07,必需性消费,266847706
2026-01-07,医疗保健业,2631198492
2026-01-07,电讯业,-829093215
2026-01-07,公用事业,-21452080
2026-01-07,金融业,911432095
2026-01-07,地产建筑业,28353844
2026-01-07,资讯科技业,2183166601
2026-01-07,综合企业,-82167080
2026-01-07,其他,0
2026-01-08,能源业,520035835
2026-01-08,原材料业,-619173959
2026-01-08,工业,546653069
2026-01-08,非必需性消费,-268404768
2026-01-08,必需性消费,241388570
2026-01-08,医疗保健业,697272545
2026-01-08,电讯业,-507081838
2026-01-08,公用事业,506987969
2026-01-08,金融业,53791303
2026-01-08,地产建筑业,962702625
2026-01-08,资讯科技业,648853048
2026-01-08,综合企业,108590021
2026-01-08,其他,0
2026-01-09,能源业,600353653
2026-01-09,原材料业,1677296209
2026-01-09,工业,897760086
2026-01-09,非必需性消费,2394920750
2026-01-09,必需性消费,67718421
2026-01-09,医疗保健业,2369826367
2026-01-09,电讯业,-7524520
2026-01-09,公用事业,355172038
2026-01-09,金融业,2817195036
2026-01-09,地产建筑业,812259667
2026-01-09,资讯科技业,1315783370
2026-01-09,综合企业,138956503
2026-01-09,其他,0
2026-01-12,能源业,-246976448
2026-01-12,原材料业,52561175
2026-01-12,工业,814057897
2026-01-12,非必需性消费,10000522955
2026-01-12,必需性消费,302543490
2026-01-12,医疗保健业,685404763
2026-01-12,电讯业,385309133
2026-01-12,公用事业,299542208
2026-01-12,金融业,2030819373
2026-01-12,地产建筑业,779205615
2026-01-12,资讯科技业,9578692222
2026-01-12,综合企业,187752020
2026-01-12,其他,0
2026-01-13,能源业,669337413
2026-01-13,原材料业,967349408
2026-01-13,工业,-65716334
2026-01-13,非必需性消费,-657635480
2026-01-13,必需性消费,-2694825
2026-01-13,医疗保健业,2300225982
2026-01-13,电讯业,-535120821
2026-01-13,公用事业,483554514
2026-01-13,金融业,2371665760
2026-01-13,地产建筑业,759281935
2026-01-13,资讯科技业,-2559584570
2026-01-13,综合企业,134005208
2026-01-13,其他,0
2026-01-14,能源业,567717531
2026-01-14,原材料业,-132515988
2026-01-14,工业,-1001225765
2026-01-14,非必需性消费,9890913916
2026-01-14,必需性消费,106598456
2026-01-14,医疗保健业,2947457215
2026-01-14,电讯业,-461659015
2026-01-14,公用事业,140909344
2026-01-14,金融业,-5589282468
2026-01-14,地产建筑业,802808848
2026-01-14,资讯科技业,3884616887
2026-01-14,综合企业,42337041
2026-01-14,其他,0
2026-01-15,能源业,665503871
2026-01-15,原材料业,336179311
2026-01-15,工业,-255220205
2026-01-15,非必需性消费,-1382984764
2026-01-15,必需性消费,-101949875
2026-01-15,医疗保健业,-1779726171
2026-01-15,电讯业,-413589930
2026-01-15,公用事业,65531046
2026-01-15,金融业,1993468090
2026-01-15,地产建筑业,772794239
2026-01-15,资讯科技业,-1802949531
2026-01-15,综合企业,-58551727
2026-01-15,其他,0
2026-01-16,能源业,-121275997
2026-01-16,原材料业,-342653510
2026-01-16,工业,811956371
2026-01-16,非必需性消费,1950331077
2026-01-16,必需性消费,203135840
2026-01-16,医疗保健业,-197578109
2026-01-16,电讯业,-590536347
2026-01-16,公用事业,59127359
2026-01-16,金融业,1141054826
2026-01-16,地产建筑业,171924814
2026-01-16,资讯科技业,2321369199
2026-01-16,综合企业,125352843
2026-01-16,其他,0
2026-01-19,能源业,537032982
2026-01-19,原材料业,199747644
2026-01-19,工业,478910061
2026-01-19,非必需性消费,222619705
2026-01-19,必需性消费,247612823
2026-01-19,医疗保健业,-796596964
2026-01-19,电讯业,-496598047
2026-01-19,公用事业,212347673
2026-01-19,金融业,328673473
2026-01-19,地产建筑业,496097817
2026-01-19,资讯科技业,-744147456
2026-01-19,综合企业,-9220214
2026-01-19,其他,0
2026-01-20,能源业,90010087
2026-01-20,原材料业,621267657
2026-01-20,工业,-63475792
2026-01-20,非必需性消费,1719782233
2026-01-20,必需性消费,438171579
2026-01-20,医疗保健业,-415318348
2026-01-20,电讯业,-224821334
2026-01-20,公用事业,18361268
2026-01-20,金融业,793570623
2026-01-20,地产建筑业,905299786
2026-01-20,资讯科技业,-2662187425
2026-01-20,综合企业,210791890
2026-01-20,其他,0
2026-01-21,能源业,573234312
2026-01-21,原材料业,2124042621
2026-01-21,工业,1307911984
2026-01-21,非必需性消费,4163303970
2026-01-21,必需性消费,160189883
2026-01-21,医疗保健业,487553616
2026-01-21,电讯业,-636624604
2026-01-21,公用事业,367057617
2026-01-21,金融业,892114857
2026-01-21,地产建筑业,554798082
2026-01-21,资讯科技业,4228768278
2026-01-21,综合企业,-4928574
2026-01-21,其他,0
2026-01-22,能源业,1765673496
2026-01-22,原材料业,-1772980403
2026-01-22,工业,1141832220
2026-01-22,非必需性消费,4056843082
2026-01-22,必需性消费,-144269172
2026-01-22,医疗保健业,-879046568
2026-01-22,电讯业,-369134138
2026-01-22,公用事业,496321873
2026-01-22,金融业,432337617
2026-01-22,地产建筑业,1077876402
2026-01-22,资讯科技业,-531998694
2026-01-22,综合企业,85331919
2026-01-22,其他,0
2026-01-23,能源业,229817689
2026-01-23,原材料业,2105898105
2026-01-23,工业,2203084503
2026-01-23,非必需性消费,1370220243
2026-01-23,必需性消费,-156609770
2026-01-23,医疗保健业,539482330
2026-01-23,电讯业,340524064
2026-01-23,公用事业,112471738
2026-01-23,金融业,14291749
2026-01-23,地产建筑业,421262914
2026-01-23,资讯科技业,-514301414
2026-01-23,综合企业,232706358
2026-01-23,其他,0
2026-01-26,能源业,2038034737
2026-01-26,原材料业,1795379648
2026-01-26,工业,-280887287
2026-01-26,非必需性消费,1136590447
2026-01-26,必需性消费,-15758597
2026-01-26,医疗保健业,-864824673
2026-01-26,电讯业,-527547591
2026-01-26,公用事业,33490533
2026-01-26,金融业,1050736466
2026-01-26,地产建筑业,972313960
2026-01-26,资讯科技业,621124262
2026-01-26,综合企业,135350937
2026-01-26,其他,0
2026-01-27,能源业,345747980
2026-01-27,原材料业,-767313586
2026-01-27,工业,920614970
2026-01-27,非必需性消费,4794457657
2026-01-27,必需性消费,178799367
2026-01-27,医疗保健业,311910433
2026-01-27,电讯业,-964257606
2026-01-27,公用事业,43252116
2026-01-27,金融业,4768989775
2026-01-27,地产建筑业,522188896
2026-01-27,资讯科技业,2609309946
2026-01-27,综合企业,262979618
2026-01-27,其他,0
2026-01-28,能源业,2868379729
2026-01-28,原材料业,4452580055
2026-01-28,工业,1213279552
2026-01-28,非必需性消费,8337456872
2026-01-28,必需性消费,63821512
2026-01-28,医疗保健业,615571108
2026-01-28,电讯业,921363012
2026-01-28,公用事业,439492592
2026-01-28,金融业,5283504982
2026-01-28,地产建筑业,2776867715
2026-01-28,资讯科技业,5100442681
2026-01-28,综合企业,212869606
2026-01-28,其他,0
2026-01-29,能源业,246584813
2026-01-29,原材料业,-256655819
2026-01-29,工业,51517471
2026-01-29,非必需性消费,2972096044
2026-01-29,必需性消费,488644600
2026-01-29,医疗保健业,-9615525
2026-01-29,电讯业,239654593
2026-01-29,公用事业,304110227
2026-01-29,金融业,6940829416
2026-01-29,地产建筑业,3187707295
2026-01-29,资讯科技业,330471806
2026-01-29,综合企业,12574735
2026-01-29,其他,0
2026-01-30,能源业,-835773026
2026-01-30,原材料业,-3040467256
2026-01-30,工业,-268299860
2026-01-30,非必需性消费,165522247
2026-01-30,必需性消费,-79141837
2026-01-30,医疗保健业,-51218673
2026-01-30,电讯业,-232650919
2026-01-30,公用事业,100983453
2026-01-30,金融业,-3046873709
2026-01-30,地产建筑业,962283258
2026-01-30,资讯科技业,-846380154
2026-01-30,综合企业,240800752
2026-01-30,其他,0
2026-02-02,能源业,-1042616076
2026-02-02,原材料业,-1384231692
2026-02-02,工业,-704292295
2026-02-02,非必需性消费,479192763
2026-02-02,必需性消费,-207247187
2026-02-02,医疗保健业,-1436467854
2026-02-02,电讯业,-301937560
2026-02-02,公用事业,244916581
2026-02-02,金融业,-104990570
2026-02-02,地产建筑业,-950895684
2026-02-02,资讯科技业,-2147266138
2026-02-02,综合企业,-55322651
2026-02-02,其他,0
2026-02-03,能源业,558816585
2026-02-03,原材料业,1427537644
2026-02-03,工业,1845820358
2026-02-03,非必需性消费,940825485
2026-02-03,必需性消费,207157547
2026-02-03,医疗保健业,612361264
2026-02-03,电讯业,-276599279
2026-02-03,公用事业,396251662
2026-02-03,金融业,1569275561
2026-02-03,地产建筑业,1282358200
2026-02-03,资讯科技业,-275728255
2026-02-03,综合企业,144732813
2026-02-03,其他,0
2026-02-04,能源业,1579905725
2026-02-04,原材料业,460649381
2026-02-04,工业,1080935010
2026-02-04,非必需性消费,4941055240
2026-02-04,必需性消费,728219220
2026-02-04,医疗保健业,-106562164
2026-02-04,电讯业,34078412
2026-02-04,公用事业,156845942
2026-02-04,金融业,1572107931
2026-02-04,地产建筑业,2688055086
2026-02-04,资讯科技业,-4078676803
2026-02-04,综合企业,231972168
2026-02-04,其他,0
2026-02-05,能源业,-19015117
2026-02-05,原材料业,-1613012187
2026-02-05,工业,84032099
2026-02-05,非必需性消费,8208988457
2026-02-05,必需性消费,887922800
2026-02-05,医疗保健业,1700640827
2026-02-05,电讯业,458774031
2026-02-05,公用事业,614078264
2026-02-05,金融业,2471266900
2026-02-05,地产建筑业,1098886573
2026-02-05,资讯科技业,-507826541
2026-02-05,综合企业,72333535
2026-02-05,其他,0
2026-02-06,能源业,1216076500
2026-02-06,原材料业,480339973
2026-02-06,工业,692696223
2026-02-06,非必需性消费,5384245080
2026-02-06,必需性消费,311137214
2026-02-06,医疗保健业,1093010459
2026-02-06,电讯业,94526361
2026-02-06,公用事业,262432094
2026-02-06,金融业,3449071589
2026-02-06,地产建筑业,490245712
2026-02-06,资讯科技业,1909359459
2026-02-06,综合企业,28049181
2026-02-06,其他,0
2026-02-09,能源业,-54217061
2026-02-09,原材料业,334604246
2026-02-09,工业,1339390839
2026-02-09,非必需性消费,2309599329
2026-02-09,必需性消费,-90898471
2026-02-09,医疗保健业,1293775781
2026-02-09,电讯业,-511314428
2026-02-09,公用事业,223478240
2026-02-09,金融业,4121814180
2026-02-09,地产建筑业,761219526
2026-02-09,资讯科技业,4278513524
2026-02-09,综合企业,100270159
2026-02-09,其他,0
2026-02-10,能源业,853082719
2026-02-10,原材料业,670013730
2026-02-10,工业,440018437
2026-02-10,非必需性消费,2200941444
2026-02-10,必需性消费,313345580
2026-02-10,医疗保健业,2938767556
2026-02-10,电讯业,-288084024
2026-02-10,公用事业,-6242907
2026-02-10,金融业,-24563700
2026-02-10,地产建筑业,84483078
2026-02-10,资讯科技业,1815116324
2026-02-10,综合企业,16533963
2026-02-10,其他,0
2026-02-11,能源业,904250779
2026-02-11,原材料业,2713063457
2026-02-11,工业,459239339
2026-02-11,非必需性消费,3282754246
2026-02-11,必需性消费,339549239
2026-02-11,医疗保健业,780954482
2026-02-11,电讯业,324635815
2026-02-11,公用事业,345419740
2026-02-11,金融业,725841396
2026-02-11,地产建筑业,1084671615
2026-02-11,资讯科技业,1666508818
2026-02-11,综合企业,143012645
2026-02-11,其他,0
2026-02-12,能源业,680691446
2026-02-12,原材料业,968533728
2026-02-12,工业,1743600298
2026-02-12,非必需性消费,1036472265
2026-02-12,必需性消费,-70645297
2026-02-12,医疗保健业,-744854294
2026-02-12,电讯业,-171107076
2026-02-12,公用事业,137246677
2026-02-12,金融业,217217402
2026-02-12,地产建筑业,756591203
2026-02-12,资讯科技业,2540503398
2026-02-12,综合企业,153920146
2026-02-12,其他,0
2026-02-13,能源业,-159511337
2026-02-13,原材料业,-833889272
2026-02-13,工业,-55824649
2026-02-13,非必需性消费,6024622659
2026-02-13,必需性消费,152567221
2026-02-13,医疗保健业,769271171
2026-02-13,电讯业,-139329930
2026-02-13,公用事业,202481435
2026-02-13,金融业,356641093
2026-02-13,地产建筑业,772661848
2026-02-13,资讯科技业,1129940469
2026-02-13,综合企业,72588230
2026-02-13,其他,0
2026-02-24,能源业,609783110
2026-02-24,原材料业,546913406
2026-02-24,工业,1274673649
2026-02-24,非必需性消费,-1586826478
2026-02-24,必需性消费,-51332297
2026-02-24,医疗保健业,-1382744187
2026-02-24,电讯业,173113384
2026-02-24,公用事业,331873688
2026-02-24,金融业,-1503464785
2026-02-24,地产建筑业,1012144094
2026-02-24,资讯科技业,-2185647101
2026-02-24,综合企业,-82515838
2026-02-24,其他,0
2026-02-25,能源业,184329468
2026-02-25,原材料业,1871894294
2026-02-25,工业,166164382
2026-02-25,非必需性消费,1666485674
2026-02-25,必需性消费,278558535
2026-02-25,医疗保健业,-104898763
2026-02-25,电讯业,-102440434
2026-02-25,公用事业,15077992
2026-02-25,金融业,2134399130
2026-02-25,地产建筑业,1748187298
2026-02-25,资讯科技业,-377927362
2026-02-25,综合企业,-4050611
2026-02-25,其他,0
2026-02-26,能源业,-415334963
2026-02-26,原材料业,-732854070
2026-02-26,工业,-123694006
2026-02-26,非必需性消费,-4568292144
2026-02-26,必需性消费,81041083
2026-02-26,医疗保健业,-1588851093
2026-02-26,电讯业,-578840901
2026-02-26,公用事业,179824547
2026-02-26,金融业,-2349572665
2026-02-26,地产建筑业,140370490
2026-02-26,资讯科技业,-4363872806
2026-02-26,综合企业,-87360978
2026-02-26,其他,0
2026-02-27,能源业,1417272161
2026-02-27,原材料业,538973519
2026-02-27,工业,2955416270
2026-02-27,非必需性消费,-1154866860
2026-02-27,必需性消费,793861608
2026-02-27,医疗保健业,1032481061
2026-02-27,电讯业,507632856
2026-02-27,公用事业,1332936348
2026-02-27,金融业,878119664
2026-02-27,地产建筑业,1463213335
2026-02-27,资讯科技业,11633361012
2026-02-27,综合企业,1020612243
2026-02-27,其他,0
2026-03-02,能源业,2692159569
2026-03-02,原材料业,1321349801
2026-03-02,工业,473007604
2026-03-02,非必需性消费,-324346456
2026-03-02,必需性消费,-166288891
2026-03-02,医疗保健业,-929269116
2026-03-02,电讯业,-136444464
2026-03-02,公用事业,442881149
2026-03-02,金融业,38450794
2026-03-02,地产建筑业,135023530
2026-03-02,资讯科技业,223746730
2026-03-02,综合企业,95887847
2026-03-02,其他,0
2026-03-03,能源业,2140932694
2026-03-03,原材料业,-2363287420
2026-03-03,工业,-1029434645
2026-03-03,非必需性消费,-2458805088
2026-03-03,必需性消费,-184742328
2026-03-03,医疗保健业,-890158094
2026-03-03,电讯业,109281816
2026-03-03,公用事业,845484686
2026-03-03,金融业,665851938
2026-03-03,地产建筑业,-153000299
2026-03-03,资讯科技业,-3970909862
2026-03-03,综合企业,17378662
2026-03-03,其他,0
2026-03-04,能源业,-320851946
2026-03-04,原材料业,423324479
2026-03-04,工业,-153927049
2026-03-04,非必需性消费,-98759968
2026-03-04,必需性消费,317824975
2026-03-04,医疗保健业,689395123
2026-03-04,电讯业,-439791371
2026-03-04,公用事业,-279075167
2026-03-04,金融业,-910095772
2026-03-04,地产建筑业,465879737
2026-03-04,资讯科技业,-2113555678
2026-03-04,综合企业,-46021340
2026-03-04,其他,0
2026-03-05,能源业,-111999096
2026-03-05,原材料业,-474494556
2026-03-05,工业,636215659
2026-03-05,非必需性消费,-2984983603
2026-03-05,必需性消费,170459475
2026-03-05,医疗保健业,192662737
2026-03-05,电讯业,48570273
2026-03-05,公用事业,237244017
2026-03-05,金融业,-713507493
2026-03-05,地产建筑业,243504521
2026-03-05,资讯科技业,-712965582
2026-03-05,综合企业,159419752
2026-03-05,其他,0
2026-03-06,能源业,614658978
2026-03-06,原材料业,189731252
2026-03-06,工业,1634693193
2026-03-06,非必需性消费,3189728052
2026-03-06,必需性消费,828147324
2026-03-06,医疗保健业,2802837071
2026-03-06,电讯业,45019649
2026-03-06,公用事业,244896868
2026-03-06,金融业,5228409188
2026-03-06,地产建筑业,530965487
2026-03-06,资讯科技业,-1992984060
2026-03-06,综合企业,20408338
2026-03-06,其他,0
2026-03-09,能源业,63206293
2026-03-09,原材料业,2532114536
2026-03-09,工业,-148548587
2026-03-09,非必需性消费,1915452208
2026-03-09,必需性消费,758054562
2026-03-09,医疗保健业,568541207
2026-03-09,电讯业,12131457
2026-03-09,公用事业,-240152004
2026-03-09,金融业,990935985
2026-03-09,地产建筑业,844906375
2026-03-09,资讯科技业,4008857423
2026-03-09,综合企业,110031991
2026-03-09,其他,0
2026-03-10,能源业,-210723931
2026-03-10,原材料业,178141175
2026-03-10,工业,1078681763
2026-03-10,非必需性消费,1166067272
2026-03-10,必需性消费,224159734
2026-03-10,医疗保健业,782881315
2026-03-10,电讯业,-110593869
2026-03-10,公用事业,-96713954
2026-03-10,金融业,1912723377
2026-03-10,地产建筑业,335337179
2026-03-10,资讯科技业,10546278336
2026-03-10,综合企业,42612952
2026-03-10,其他,0
2026-03-11,能源业,1663262418
2026-03-11,原材料业,851123134
2026-03-11,工业,116204088
2026-03-11,非必需性消费,1374517494
2026-03-11,必需性消费,223199774
2026-03-11,医疗保健业,-59659222
2026-03-11,电讯业,93713190
2026-03-11,公用事业,946550909
2026-03-11,金融业,1139966086
2026-03-11,地产建筑业,726782326
2026-03-11,资讯科技业,-5219161113
2026-03-11,综合企业,-101500607
2026-03-11,其他,0
2026-03-12,能源业,1531928070
2026-03-12,原材料业,1148861754
2026-03-12,工业,373138365
2026-03-12,非必需性消费,2955565614
2026-03-12,必需性消费,293776262
2026-03-12,医疗保健业,-548743873
2026-03-12,电讯业,224047132
2026-03-12,公用事业,616532907
2026-03-12,金融业,1227186330
2026-03-12,地产建筑业,131216304
2026-03-12,资讯科技业,-2984724534
2026-03-12,综合企业,134019915
2026-03-12,其他,0
2026-03-13,能源业,215775591
2026-03-13,原材料业,-745210825
2026-03-13,工业,-184944476
2026-03-13,非必需性消费,423124718
2026-03-13,必需性消费,253712640
2026-03-13,医疗保健业,553415640
2026-03-13,电讯业,809043815
2026-03-13,公用事业,156503744
2026-03-13,金融业,143912124
2026-03-13,地产建筑业,966949846
2026-03-13,资讯科技业,-1586894258
2026-03-13,综合企业,78896717
2026-03-13,其他,0
2026-03-16,能源业,-670656910
2026-03-16,原材料业,1081165890
2026-03-16,工业,744981574
2026-03-16,非必需性消费,3253157679
2026-03-16,必需性消费,699680757
2026-03-16,医疗保健业,1292812850
2026-03-16,电讯业,138741952
2026-03-16,公用事业,-115828024
2026-03-16,金融业,2134664791
2026-03-16,地产建筑业,446444213
2026-03-16,资讯科技业,4420087694
2026-03-16,综合企业,80707859
2026-03-16,其他,0
2026-03-17,能源业,179495
2026-03-17,原材料业,-293958094
2026-03-17,工业,-1233410535
2026-03-17,非必需性消费,566074478
2026-03-17,必需性消费,178830749
2026-03-17,医疗保健业,1084120730
2026-03-17,电讯业,139808158
2026-03-17,公用事业,-351404020
2026-03-17,金融业,2026059160
2026-03-17,地产建筑业,466714504
2026-03-17,资讯科技业,-5600598151
2026-03-17,综合企业,-38922422
2026-03-17,其他,0
2026-03-18,能源业,-172224914
2026-03-18,原材料业,307636675
2026-03-18,工业,1440660863
2026-03-18,非必需性消费,3867665859
2026-03-18,必需性消费,-99687774
2026-03-18,医疗保健业,649415242
2026-03-18,电讯业,4382846
2026-03-18,公用事业,37206741
2026-03-18,金融业,-327260769
2026-03-18,地产建筑业,-19107311
2026-03-18,资讯科技业,4804453578
2026-03-18,综合企业,141198364
2026-03-18,其他,0
2026-03-19,能源业,1336695777
2026-03-19,原材料业,-981943904
2026-03-19,工业,-928924905
2026-03-19,非必需性消费,729876273
2026-03-19,必需性消费,-100158410
2026-03-19,医疗保健业,-397956158
2026-03-19,电讯业,76456159
2026-03-19,公用事业,101416516
2026-03-19,金融业,2003348788
2026-03-19,地产建筑业,-140187980
2026-03-19,资讯科技业,-1849830493
2026-03-19,综合企业,119978099
2026-03-19,其他,0
2026-03-20,能源业,1997556081
2026-03-20,原材料业,4791561070
2026-03-20,工业,4909158570
2026-03-20,非必需性消费,1480395877
2026-03-20,必需性消费,1662250216
2026-03-20,医疗保健业,734048406
2026-03-20,电讯业,-504135574
2026-03-20,公用事业,292912941
2026-03-20,金融业,-1326288119
2026-03-20,地产建筑业,1354414974
2026-03-20,资讯科技业,-2364514874
2026-03-20,综合企业,1113453621
2026-03-20,其他,0
2026-03-23,能源业,714380193
2026-03-23,原材料业,1043326491
2026-03-23,工业,-1431308885
2026-03-23,非必需性消费,1723112202
2026-03-23,必需性消费,64812615
2026-03-23,医疗保健业,175896212
2026-03-23,电讯业,-498067211
2026-03-23,公用事业,282091190
2026-03-23,金融业,-2206894325
2026-03-23,地产建筑业,34053056
2026-03-23,资讯科技业,-1183441350
2026-03-23,综合企业,-237663268
2026-03-23,其他,0
2026-03-24,能源业,-1018221302
2026-03-24,原材料业,2042125041
2026-03-24,工业,1198519247
2026-03-24,非必需性消费,3224515333
2026-03-24,必需性消费,700692804
2026-03-24,医疗保健业,1237060032
2026-03-24,电讯业,-26689680
2026-03-24,公用事业,250455926
2026-03-24,金融业,4515221585
2026-03-24,地产建筑业,634353783
2026-03-24,资讯科技业,3127374682
2026-03-24,综合企业,228057466
2026-03-24,其他,0
2026-03-25,能源业,302349272
2026-03-25,原材料业,189293973
2026-03-25,工业,1496334391
2026-03-25,非必需性消费,8161479411
2026-03-25,必需性消费,552519122
2026-03-25,医疗保健业,814920758
2026-03-25,电讯业,363882077
2026-03-25,公用事业,757738552
2026-03-25,金融业,4353955290
2026-03-25,地产建筑业,419885436
2026-03-25,资讯科技业,-405185351
2026-03-25,综合企业,91704459
2026-03-25,其他,0
2026-03-26,能源业,1032954012
2026-03-26,原材料业,137504989
2026-03-26,工业,-696374730
2026-03-26,非必需性消费,2148710846
2026-03-26,必需性消费,132081650
2026-03-26,医疗保健业,-484663817
2026-03-26,电讯业,580323540
2026-03-26,公用事业,164235017
2026-03-26,金融业,1924217109
2026-03-26,地产建筑业,14517377
2026-03-26,资讯科技业,-2930466900
2026-03-26,综合企业,60585181
2026-03-26,其他,0
2026-03-27,能源业,240686875
2026-03-27,原材料业,1911655220
2026-03-27,工业,-49274890
2026-03-27,非必需性消费,1903007169
2026-03-27,必需性消费,651156547
2026-03-27,医疗保健业,4594572981
2026-03-27,电讯业,282754787
2026-03-27,公用事业,151565454
2026-03-27,金融业,1706894389
2026-03-27,地产建筑业,669196779
2026-03-27,资讯科技业,1703282343
2026-03-27,综合企业,197282963
2026-03-27,其他,0
2026-03-30,能源业,452803405
2026-03-30,原材料业,3002438141
2026-03-30,工业,591894474
2026-03-30,非必需性消费,2834957993
2026-03-30,必需性消费,62412128
2026-03-30,医疗保健业,2079452678
2026-03-30,电讯业,346339614
2026-03-30,公用事业,-80312713
2026-03-30,金融业,5580666832
2026-03-30,地产建筑业,1133260902
2026-03-30,资讯科技业,1671643313
2026-03-30,综合企业,111444726
2026-03-30,其他,0
2026-03-31,能源业,-1006933097
2026-03-31,原材料业,1051188762
2026-03-31,工业,-419210991
2026-03-31,非必需性消费,2290774225
2026-03-31,必需性消费,297235339
2026-03-31,医疗保健业,1425355404
2026-03-31,电讯业,346736331
2026-03-31,公用事业,-313250676
2026-03-31,金融业,4791761486
2026-03-31,地产建筑业,752372073
2026-03-31,资讯科技业,-1643878062
2026-03-31,综合企业,121077639
2026-03-31,其他,0
2026-04-01,能源业,-1370376513
2026-04-01,原材料业,1824800714
2026-04-01,工业,1118843756
2026-04-01,非必需性消费,5159424797
2026-04-01,必需性消费,200747213
2026-04-01,医疗保健业,6038254083
2026-04-01,电讯业,216685304
2026-04-01,公用事业,39920761
2026-04-01,金融业,963963379
2026-04-01,地产建筑业,839995665
2026-04-01,资讯科技业,3859205629
2026-04-01,综合企业,143350248
2026-04-01,其他,0
2026-04-02,能源业,-536548788
2026-04-02,原材料业,150172171
2026-04-02,工业,-162235955
2026-04-02,非必需性消费,-580651531
2026-04-02,必需性消费,499432412
2026-04-02,医疗保健业,2404597537
2026-04-02,电讯业,218168768
2026-04-02,公用事业,449135929
2026-04-02,金融业,2520414739
2026-04-02,地产建筑业,450542554
2026-04-02,资讯科技业,-1121426026
2026-04-02,综合企业,125670374
2026-04-02,其他,0
2026-04-03,能源业,0
2026-04-03,原材料业,0
2026-04-03,工业,0
2026-04-03,非必需性消费,0
2026-04-03,必需性消费,0
2026-04-03,医疗保健业,0
2026-04-03,电讯业,0
2026-04-03,公用事业,0
2026-04-03,金融业,0
2026-04-03,地产建筑业,0
2026-04-03,资讯科技业,0
2026-04-03,综合企业,0
2026-04-03,其他,0
2026-04-07,能源业,0
2026-04-07,原材料业,0
2026-04-07,工业,0
2026-04-07,非必需性消费,0
2026-04-07,必需性消费,0
2026-04-07,医疗保健业,0
2026-04-07,电讯业,0
2026-04-07,公用事业,0
2026-04-07,金融业,0
2026-04-07,地产建筑业,0
2026-04-07,资讯科技业,0
2026-04-07,综合企业,0
2026-04-07,其他,0
2026-04-08,能源业,231342826
2026-04-08,原材料业,952978598
2026-04-08,工业,2067331862
2026-04-08,非必需性消费,9169487100
2026-04-08,必需性消费,-209870444
2026-04-08,医疗保健业,268582566
2026-04-08,电讯业,-160497653
2026-04-08,公用事业,311218710
2026-04-08,金融业,2290510406
2026-04-08,地产建筑业,1088423771
2026-04-08,资讯科技业,8060785013
2026-04-08,综合企业,361189795
2026-04-08,其他,0
2026-04-09,能源业,332507548
2026-04-09,原材料业,731783403
2026-04-09,工业,777796400
2026-04-09,非必需性消费,3028109226
2026-04-09,必需性消费,-21117267
2026-04-09,医疗保健业,285980955
2026-04-09,电讯业,233433352
2026-04-09,公用事业,315258208
2026-04-09,金融业,2291841935
2026-04-09,地产建筑业,590617798
2026-04-09,资讯科技业,2197595561
2026-04-09,综合企业,157945924
2026-04-09,其他,0
2026-04-10,能源业,191524282
2026-04-10,原材料业,-270485714
2026-04-10,工业,1341676629
2026-04-10,非必需性消费,3808709888
2026-04-10,必需性消费,404569775
2026-04-10,医疗保健业,327133379
2026-04-10,电讯业,299701620
2026-04-10,公用事业,97640492
2026-04-10,金融业,2193398890
2026-04-10,地产建筑业,964422939
2026-04-10,资讯科技业,139341175
2026-04-10,综合企业,167649447
2026-04-10,其他,0
2026-04-13,能源业,254870344
2026-04-13,原材料业,610616251
2026-04-13,工业,1300950353
2026-04-13,非必需性消费,4186999130
2026-04-13,必需性消费,308271523
2026-04-13,医疗保健业,647132309
2026-04-13,电讯业,211714448
2026-04-13,公用事业,264001661
2026-04-13,金融业,1135935064
2026-04-13,地产建筑业,734027811
2026-04-13,资讯科技业,4169825
2026-04-13,综合企业,68907668
2026-04-13,其他,0
2026-04-14,能源业,174955641
2026-04-14,原材料业,197586420
2026-04-14,工业,729411768
2026-04-14,非必需性消费,1077969928
2026-04-14,必需性消费,-18978896
2026-04-14,医疗保健业,1373949882
2026-04-14,电讯业,355504133
2026-04-14,公用事业,91626859
2026-04-14,金融业,1428115251
2026-04-14,地产建筑业,864588773
2026-04-14,资讯科技业,577325732
2026-04-14,综合企业,55522966
2026-04-14,其他,0
2026-04-15,能源业,-130272073
2026-04-15,原材料业,-631140791
2026-04-15,工业,-137223330
2026-04-15,非必需性消费,-573869785
2026-04-15,必需性消费,30731096
2026-04-15,医疗保健业,4040189177
2026-04-15,电讯业,88382077
2026-04-15,公用事业,247187077
2026-04-15,金融业,224931091
2026-04-15,地产建筑业,434455381
2026-04-15,资讯科技业,-1702460435
2026-04-15,综合企业,-68846882
2026-04-15,其他,0
2026-04-16,能源业,674499506
2026-04-16,原材料业,1008387324
2026-04-16,工业,2017717258
2026-04-16,非必需性消费,4118415807
2026-04-16,必需性消费,-180404572
2026-04-16,医疗保健业,1210504803
2026-04-16,电讯业,484156767
2026-04-16,公用事业,115192005
2026-04-16,金融业,1649351713
2026-04-16,地产建筑业,546029261
2026-04-16,资讯科技业,8956773353
2026-04-16,综合企业,-50301526
2026-04-16,其他,0
2026-04-17,能源业,819573642
2026-04-17,原材料业,-351819499
2026-04-17,工业,284219837
2026-04-17,非必需性消费,421836184
2026-04-17,必需性消费,-125105583
2026-04-17,医疗保健业,671930592
2026-04-17,电讯业,611599813
2026-04-17,公用事业,-36845756
2026-04-17,金融业,2056372309
2026-04-17,地产建筑业,1105700222
2026-04-17,资讯科技业,777619650
2026-04-17,综合企业,176856190
2026-04-17,其他,0
2026-04-20,能源业,637956831
2026-04-20,原材料业,-211609984
2026-04-20,工业,963691719
2026-04-20,非必需性消费,1499964702
2026-04-20,必需性消费,72873890
2026-04-20,医疗保健业,-13248397
2026-04-20,电讯业,-108098386
2026-04-20,公用事业,428505558
2026-04-20,金融业,3687476746
2026-04-20,地产建筑业,94772008
2026-04-20,资讯科技业,3948515567
2026-04-20,综合企业,98199147
2026-04-20,其他,0
2026-04-21,能源业,439674327
2026-04-21,原材料业,220315791
2026-04-21,工业,1563110532
2026-04-21,非必需性消费,610585674
2026-04-21,必需性消费,179155112
2026-04-21,医疗保健业,587868566
2026-04-21,电讯业,1278293329
2026-04-21,公用事业,567013322
2026-04-21,金融业,2708144513
2026-04-21,地产建筑业,817577291
2026-04-21,资讯科技业,1302068624
2026-04-21,综合企业,169175039
2026-04-21,其他,0
2026-04-22,能源业,69728323
2026-04-22,原材料业,-226653457
2026-04-22,工业,348493197
2026-04-22,非必需性消费,-1462273201
2026-04-22,必需性消费,95715568
2026-04-22,医疗保健业,136955249
2026-04-22,电讯业,198272675
2026-04-22,公用事业,270628433
2026-04-22,金融业,-49384470
2026-04-22,地产建筑业,137199876
2026-04-22,资讯科技业,-282849871
2026-04-22,综合企业,124016918
2026-04-22,其他,0
2026-04-23,能源业,1608378899
2026-04-23,原材料业,-1378686177
2026-04-23,工业,690788664
2026-04-23,非必需性消费,-163353271
2026-04-23,必需性消费,87276281
2026-04-23,医疗保健业,-271250605
2026-04-23,电讯业,459850844
2026-04-23,公用事业,515415198
2026-04-23,金融业,-513225667
2026-04-23,地产建筑业,237111471
2026-04-23,资讯科技业,-2029659374
2026-04-23,综合企业,-105131626
2026-04-23,其他,0
2026-04-24,能源业,1066405329
2026-04-24,原材料业,958675634
2026-04-24,工业,251791675
2026-04-24,非必需性消费,1853824632
2026-04-24,必需性消费,90469117
2026-04-24,医疗保健业,1343294099
2026-04-24,电讯业,210959963
2026-04-24,公用事业,63136105
2026-04-24,金融业,1439054611
2026-04-24,地产建筑业,397331143
2026-04-24,资讯科技业,2855399077
2026-04-24,综合企业,181822374
2026-04-24,其他,0
2026-04-27,能源业,895650903
2026-04-27,原材料业,-548223674
2026-04-27,工业,97029921
2026-04-27,非必需性消费,-1200121374
2026-04-27,必需性消费,-105651336
2026-04-27,医疗保健业,-90978899
2026-04-27,电讯业,103248734
2026-04-27,公用事业,212009846
2026-04-27,金融业,196695361
2026-04-27,地产建筑业,351888029
2026-04-27,资讯科技业,-1098604904
2026-04-27,综合企业,-50828424
2026-04-27,其他,0
2026-04-28,能源业,1958896268
2026-04-28,原材料业,-99182945
2026-04-28,工业,2623460255
2026-04-28,非必需性消费,-3227698873
2026-04-28,必需性消费,124857935
2026-04-28,医疗保健业,-512838160
2026-04-28,电讯业,220822362
2026-04-28,公用事业,310124485
2026-04-28,金融业,1342733237
2026-04-28,地产建筑业,143606011
2026-04-28,资讯科技业,-4447968300
2026-04-28,综合企业,154194093
2026-04-28,其他,0
2026-04-29,能源业,1803552354
2026-04-29,原材料业,1992075943
2026-04-29,工业,2713749397
2026-04-29,非必需性消费,4653111225
2026-04-29,必需性消费,632385139
2026-04-29,医疗保健业,323017139
2026-04-29,电讯业,664696391
2026-04-29,公用事业,441464926
2026-04-29,金融业,7400802788
2026-04-29,地产建筑业,1177435110
2026-04-29,资讯科技业,3128224523
2026-04-29,综合企业,369078447
2026-04-29,其他,0
2026-04-30,能源业,1232613331
2026-04-30,原材料业,-1050464559
2026-04-30,工业,-1884680134
2026-04-30,非必需性消费,-2910256890
2026-04-30,必需性消费,740705829
2026-04-30,医疗保健业,312956878
2026-04-30,电讯业,25746510
2026-04-30,公用事业,512505324
2026-04-30,金融业,492878705
2026-04-30,地产建筑业,1094975787
2026-04-30,资讯科技业,-15397249
2026-04-30,综合企业,166053470
2026-04-30,其他,0
2026-05-06,能源业,-115223545
2026-05-06,原材料业,2374561501
2026-05-06,工业,3475454370
2026-05-06,非必需性消费,883137523
2026-05-06,必需性消费,-58601666
2026-05-06,医疗保健业,-1091471777
2026-05-06,电讯业,226373943
2026-05-06,公用事业,365238923
2026-05-06,金融业,2192371337
2026-05-06,地产建筑业,1460082448
2026-05-06,资讯科技业,1716306396
2026-05-06,综合企业,276419997
2026-05-06,其他,0
2026-05-07,能源业,-1351778612
2026-05-07,原材料业,1453366968
2026-05-07,工业,2007112548
2026-05-07,非必需性消费,6218752125
2026-05-07,必需性消费,-187599528
2026-05-07,医疗保健业,1096524796
2026-05-07,电讯业,439302009
2026-05-07,公用事业,455443358
2026-05-07,金融业,2208411747
2026-05-07,地产建筑业,1034187497
2026-05-07,资讯科技业,4101099403
2026-05-07,综合企业,31366360
2026-05-07,其他,0
2026-05-08,能源业,322667473
2026-05-08,原材料业,1396645481
2026-05-08,工业,868643093
2026-05-08,非必需性消费,2890210123
2026-05-08,必需性消费,87750338
2026-05-08,医疗保健业,97428039
2026-05-08,电讯业,724108829
2026-05-08,公用事业,52600900
2026-05-08,金融业,1503838522
2026-05-08,地产建筑业,1265340724
2026-05-08,资讯科技业,-944027036
2026-05-08,综合企业,328106826
2026-05-08,其他,0
2026-05-11,能源业,-465441074
2026-05-11,原材料业,-337561266
2026-05-11,工业,913127074
2026-05-11,非必需性消费,-1132278049
2026-05-11,必需性消费,-165215365
2026-05-11,医疗保健业,564530635
2026-05-11,电讯业,661238167
2026-05-11,公用事业,681991292
2026-05-11,金融业,3141731092
2026-05-11,地产建筑业,723342105
2026-05-11,资讯科技业,948991712
2026-05-11,综合企业,-20484431
2026-05-11,其他,0
2026-05-12,能源业,-52940469
2026-05-12,原材料业,-394583031
2026-05-12,工业,-103753474
2026-05-12,非必需性消费,-2374045908
2026-05-12,必需性消费,-284417503
2026-05-12,医疗保健业,-478917384
2026-05-12,电讯业,604021303
2026-05-12,公用事业,667707749
2026-05-12,金融业,1144807746
2026-05-12,地产建筑业,221431905
2026-05-12,资讯科技业,-4483142012
2026-05-12,综合企业,43736106
2026-05-12,其他,0
2026-05-13,能源业,-617548373
2026-05-13,原材料业,-294067510
2026-05-13,工业,2392978808
2026-05-13,非必需性消费,507462252
2026-05-13,必需性消费,-38599173
2026-05-13,医疗保健业,-1088791671
2026-05-13,电讯业,-147540369
2026-05-13,公用事业,369626197
2026-05-13,金融业,-2384777779
2026-05-13,地产建筑业,38786140
2026-05-13,资讯科技业,3028323382
2026-05-13,综合企业,42342589
2026-05-13,其他,0
2026-05-14,能源业,-339052174
2026-05-14,原材料业,-596825561
2026-05-14,工业,-1689044475
2026-05-14,非必需性消费,-3554822751
2026-05-14,必需性消费,127172512
2026-05-14,医疗保健业,-356595893
2026-05-14,电讯业,131067325
2026-05-14,公用事业,-11134716
2026-05-14,金融业,115277045
2026-05-14,地产建筑业,-131684308
2026-05-14,资讯科技业,-4000826723
2026-05-14,综合企业,105482188
2026-05-14,其他,0
2026-05-15,能源业,-65867884
2026-05-15,原材料业,-1175990479
2026-05-15,工业,-900497665
2026-05-15,非必需性消费,-385693884
2026-05-15,必需性消费,115007174
2026-05-15,医疗保健业,257408696
2026-05-15,电讯业,-324540676
2026-05-15,公用事业,70614076
2026-05-15,金融业,-100328531
2026-05-15,地产建筑业,441044838
2026-05-15,资讯科技业,-392917825
2026-05-15,综合企业,-14584347
2026-05-15,其他,0
2026-05-18,能源业,634446199
2026-05-18,原材料业,355973024
2026-05-18,工业,823193486
2026-05-18,非必需性消费,1801974076
2026-05-18,必需性消费,-167853379
2026-05-18,医疗保健业,-534035108
2026-05-18,电讯业,853608970
2026-05-18,公用事业,48416518
2026-05-18,金融业,611855145
2026-05-18,地产建筑业,-22218821
2026-05-18,资讯科技业,-96023954
2026-05-18,综合企业,38744466
2026-05-18,其他,0
2026-05-19,能源业,1097706379
2026-05-19,原材料业,-236804228
2026-05-19,工业,-408998173
2026-05-19,非必需性消费,882391931
2026-05-19,必需性消费,-137784924
2026-05-19,医疗保健业,-946667770
2026-05-19,电讯业,916791250
2026-05-19,公用事业,385486954
2026-05-19,金融业,2370798687
2026-05-19,地产建筑业,-66542986
2026-05-19,资讯科技业,348189906
2026-05-19,综合企业,74094686
2026-05-19,其他,0
2026-05-20,能源业,623298238
2026-05-20,原材料业,607033452
2026-05-20,工业,937424781
2026-05-20,非必需性消费,-590471184
2026-05-20,必需性消费,238211400
2026-05-20,医疗保健业,60427108
2026-05-20,电讯业,440787269
2026-05-20,公用事业,49586529
2026-05-20,金融业,1562385844
2026-05-20,地产建筑业,521636245
2026-05-20,资讯科技业,6461738820
2026-05-20,综合企业,-162762050
2026-05-20,其他,0
2026-05-21,能源业,307662540
2026-05-21,原材料业,-522443085
2026-05-21,工业,467864175
2026-05-21,非必需性消费,-4107950557
2026-05-21,必需性消费,-11885870
2026-05-21,医疗保健业,507114818
2026-05-21,电讯业,-1417806041
2026-05-21,公用事业,-19398580
2026-05-21,金融业,-552181986
2026-05-21,地产建筑业,-350342982
2026-05-21,资讯科技业,-5556831952
2026-05-21,综合企业,85108826
2026-05-21,其他,0
2026-05-22,能源业,72691900
2026-05-22,原材料业,387294771
2026-05-22,工业,3210018706
2026-05-22,非必需性消费,-263713072
2026-05-22,必需性消费,-119653644
2026-05-22,医疗保健业,-151057078
2026-05-22,电讯业,-296205229
2026-05-22,公用事业,122129675
2026-05-22,金融业,1032765113
2026-05-22,地产建筑业,326299878
2026-05-22,资讯科技业,9786001795
2026-05-22,综合企业,6357162
2026-05-22,其他,0
2026-05-25,能源业,0
2026-05-25,原材料业,0
2026-05-25,工业,0
2026-05-25,非必需性消费,0
2026-05-25,必需性消费,0
2026-05-25,医疗保健业,0
2026-05-25,电讯业,0
2026-05-25,公用事业,0
2026-05-25,金融业,0
2026-05-25,地产建筑业,0
2026-05-25,资讯科技业,0
2026-05-25,综合企业,0
2026-05-25,其他,0
2026-05-26,能源业,993273125
2026-05-26,原材料业,1271325382
2026-05-26,工业,999084553
2026-05-26,非必需性消费,46752137
2026-05-26,必需性消费,243976835
2026-05-26,医疗保健业,-564474041
2026-05-26,电讯业,-205998094
2026-05-26,公用事业,250272015
2026-05-26,金融业,460880019
2026-05-26,地产建筑业,311809556
2026-05-26,资讯科技业,1151997266
2026-05-26,综合企业,20451054
2026-05-26,其他,0
2026-05-27,能源业,250801463
2026-05-27,原材料业,-491830049
2026-05-27,工业,80547350
2026-05-27,非必需性消费,-2047279325
2026-05-27,必需性消费,-149187451
2026-05-27,医疗保健业,-550158777
2026-05-27,电讯业,-450858182
2026-05-27,公用事业,293551849
2026-05-27,金融业,-228923449
2026-05-27,地产建筑业,586655676
2026-05-27,资讯科技业,-118006863
2026-05-27,综合企业,53705139
2026-05-27,其他,0
2026-05-28,能源业,801911285
2026-05-28,原材料业,-924101468
2026-05-28,工业,1609355830
2026-05-28,非必需性消费,34798694
2026-05-28,必需性消费,151549275
2026-05-28,医疗保健业,-1579186348
2026-05-28,电讯业,269708690
2026-05-28,公用事业,159557750
2026-05-28,金融业,-139637677
2026-05-28,地产建筑业,767777760
2026-05-28,资讯科技业,3469330184
2026-05-28,综合企业,-55718887
2026-05-28,其他,0
2026-05-29,能源业,1806115327
2026-05-29,原材料业,-2800958807
2026-05-29,工业,-273545021
2026-05-29,非必需性消费,-2697195494
2026-05-29,必需性消费,2120897995
2026-05-29,医疗保健业,3440396871
2026-05-29,电讯业,625805577
2026-05-29,公用事业,1992758591
2026-05-29,金融业,-7745825722
2026-05-29,地产建筑业,6259011790
2026-05-29,资讯科技业,-3951035620
2026-05-29,综合企业,-853785013
2026-05-29,其他,0
2026-06-01,能源业,1139454566
2026-06-01,原材料业,212772650
2026-06-01,工业,-78755135
2026-06-01,非必需性消费,53366830
2026-06-01,必需性消费,491582525
2026-06-01,医疗保健业,1407067614
2026-06-01,电讯业,237598353
2026-06-01,公用事业,275865603
2026-06-01,金融业,569926419
2026-06-01,地产建筑业,264033929
2026-06-01,资讯科技业,598037315
2026-06-01,综合企业,-56625031
2026-06-01,其他,0
2026-06-02,能源业,349847301
2026-06-02,原材料业,1424427290
2026-06-02,工业,661689939
2026-06-02,非必需性消费,5476504545
2026-06-02,必需性消费,413945738
2026-06-02,医疗保健业,377160804
2026-06-02,电讯业,435903896
2026-06-02,公用事业,374844352
2026-06-02,金融业,3096642271
2026-06-02,地产建筑业,691475191
2026-06-02,资讯科技业,7033583010
2026-06-02,综合企业,167468348
2026-06-02,其他,0
2026-06-03,能源业,946052832
2026-06-03,原材料业,498981866
2026-06-03,工业,268805094
2026-06-03,非必需性消费,-2542554285
2026-06-03,必需性消费,135316716
2026-06-03,医疗保健业,-424944212
2026-06-03,电讯业,183990684
2026-06-03,公用事业,92071680
2026-06-03,金融业,1834442374
2026-06-03,地产建筑业,850675556
2026-06-03,资讯科技业,296172291
2026-06-03,综合企业,165839231
2026-06-03,其他,0
2026-06-04,能源业,295306442
2026-06-04,原材料业,-92374268
2026-06-04,工业,-69507700
2026-06-04,非必需性消费,-2342431707
2026-06-04,必需性消费,-46380844
2026-06-04,医疗保健业,-416562619
2026-06-04,电讯业,-31867079
2026-06-04,公用事业,-150600316
2026-06-04,金融业,-601087102
2026-06-04,地产建筑业,789616943
2026-06-04,资讯科技业,91347474
2026-06-04,综合企业,94824063
2026-06-04,其他,0
2026-06-05,能源业,-665602648
2026-06-05,原材料业,-1339502894
2026-06-05,工业,25826890
2026-06-05,非必需性消费,153179838
2026-06-05,必需性消费,584213991
2026-06-05,医疗保健业,2123639175
2026-06-05,电讯业,509974430
2026-06-05,公用事业,959959955
2026-06-05,金融业,924715319
2026-06-05,地产建筑业,607061998
2026-06-05,资讯科技业,-3882286132
2026-06-05,综合企业,341583065
2026-06-05,其他,0
2026-06-08,能源业,651668521
2026-06-08,原材料业,84840230
2026-06-08,工业,659652903
2026-06-08,非必需性消费,-1296235659
2026-06-08,必需性消费,512984569
2026-06-08,医疗保健业,-388472179
2026-06-08,电讯业,-150279555
2026-06-08,公用事业,199333648
2026-06-08,金融业,3287573377
2026-06-08,地产建筑业,837008262
2026-06-08,资讯科技业,2343021789
2026-06-08,综合企业,294647226
2026-06-08,其他,0
2026-06-09,能源业,185677174
2026-06-09,原材料业,-515714237
2026-06-09,工业,2234825000
2026-06-09,非必需性消费,-1826990913
2026-06-09,必需性消费,306202432
2026-06-09,医疗保健业,-124674725
2026-06-09,电讯业,34538558
2026-06-09,公用事业,-4484306
2026-06-09,金融业,854161041
2026-06-09,地产建筑业,237939251
2026-06-09,资讯科技业,1261028068
2026-06-09,综合企业,346311464
2026-06-09,其他,0
2026-06-10,能源业,-1485027409
2026-06-10,原材料业,127098664
2026-06-10,工业,1237347729
2026-06-10,非必需性消费,59515647
2026-06-10,必需性消费,305932364
2026-06-10,医疗保健业,1454375556
2026-06-10,电讯业,289497630
2026-06-10,公用事业,110390154
2026-06-10,金融业,3056831063
2026-06-10,地产建筑业,306799949
2026-06-10,资讯科技业,610786151
2026-06-10,综合企业,289616612
2026-06-10,其他,0
2026-06-11,能源业,-910396740
2026-06-11,原材料业,1095173804
2026-06-11,工业,2313803894
2026-06-11,非必需性消费,40900950
2026-06-11,必需性消费,170068989
2026-06-11,医疗保健业,30562539
2026-06-11,电讯业,-173195122
2026-06-11,公用事业,-51521114
2026-06-11,金融业,356856100
2026-06-11,地产建筑业,405468862
2026-06-11,资讯科技业,-886547304
2026-06-11,综合企业,-65861915
2026-06-11,其他,0
2026-06-12,能源业,532934118
2026-06-12,原材料业,1186116287
2026-06-12,工业,407131174
2026-06-12,非必需性消费,6803990702
2026-06-12,必需性消费,501737739
2026-06-12,医疗保健业,827563108
2026-06-12,电讯业,-398976719
2026-06-12,公用事业,81916874
2026-06-12,金融业,4078063213
2026-06-12,地产建筑业,1559686334
2026-06-12,资讯科技业,-154503827
2026-06-12,综合企业,150365437
2026-06-12,其他,0
2026-06-15,能源业,-494932797
2026-06-15,原材料业,1335749205
2026-06-15,工业,3097548888
2026-06-15,非必需性消费,276682549
2026-06-15,必需性消费,128971180
2026-06-15,医疗保健业,-68840374
2026-06-15,电讯业,-1001179019
2026-06-15,公用事业,31505537
2026-06-15,金融业,1630945535
2026-06-15,地产建筑业,795699650
2026-06-15,资讯科技业,2780079931
2026-06-15,综合企业,57363392
2026-06-15,其他,0
2026-06-16,能源业,-527616067
2026-06-16,原材料业,1529322890
2026-06-16,工业,2374751300
2026-06-16,非必需性消费,-1500722482
2026-06-16,必需性消费,180540191
2026-06-16,医疗保健业,-134632469
2026-06-16,电讯业,-894584775
2026-06-16,公用事业,-212534142
2026-06-16,金融业,692666270
2026-06-16,地产建筑业,765988169
2026-06-16,资讯科技业,-2715838408
2026-06-16,综合企业,180888641
2026-06-16,其他,0
2026-06-17,能源业,-299850819
2026-06-17,原材料业,839777428
2026-06-17,工业,-980170819
2026-06-17,非必需性消费,-412872780
2026-06-17,必需性消费,119961878
2026-06-17,医疗保健业,-444962108
2026-06-17,电讯业,-737581005
2026-06-17,公用事业,-153795187
2026-06-17,金融业,-650378631
2026-06-17,地产建筑业,1635181821
2026-06-17,资讯科技业,2460187297
2026-06-17,综合企业,42269970
2026-06-17,其他,0
2026-06-18,能源业,262527657
2026-06-18,原材料业,3453116734
2026-06-18,工业,3918796369
2026-06-18,非必需性消费,-2633713844
2026-06-18,必需性消费,1142732149
2026-06-18,医疗保健业,3453051691
2026-06-18,电讯业,-992831009
2026-06-18,公用事业,649371470
2026-06-18,金融业,2474218658
2026-06-18,地产建筑业,2730676111
2026-06-18,资讯科技业,2356640896
2026-06-18,综合企业,774696383
2026-06-18,其他,0
2026-06-22,能源业,-125346834
2026-06-22,原材料业,165988408
2026-06-22,工业,-655262431
2026-06-22,非必需性消费,-1016896988
2026-06-22,必需性消费,4523027
2026-06-22,医疗保健业,134838491
2026-06-22,电讯业,-479504645
2026-06-22,公用事业,-181050777
2026-06-22,金融业,1777521211
2026-06-22,地产建筑业,249027918
2026-06-22,资讯科技业,2077309997
2026-06-22,综合企业,30353540
2026-06-22,其他,0
2026-06-23,能源业,-461304359
2026-06-23,原材料业,-627753060
2026-06-23,工业,-645499210
2026-06-23,非必需性消费,-2067170226
2026-06-23,必需性消费,32589740
2026-06-23,医疗保健业,604350065
2026-06-23,电讯业,-797510779
2026-06-23,公用事业,187450454
2026-06-23,金融业,757552813
2026-06-23,地产建筑业,121214692
2026-06-23,资讯科技业,-4302483249
2026-06-23,综合企业,157263154
2026-06-23,其他,0
2026-06-24,能源业,163560062
2026-06-24,原材料业,-322325860
2026-06-24,工业,1691916021
2026-06-24,非必需性消费,-65933176
2026-06-24,必需性消费,179919744
2026-06-24,医疗保健业,1838359759
2026-06-24,电讯业,-424036506
2026-06-24,公用事业,-100262644
2026-06-24,金融业,-1395230356
2026-06-24,地产建筑业,78689928
2026-06-24,资讯科技业,3618948101
2026-06-24,综合企业,43947749
2026-06-24,其他,0
2026-06-25,能源业,-270373179
2026-06-25,原材料业,-205516404
2026-06-25,工业,2973667546
2026-06-25,非必需性消费,-1224282839
2026-06-25,必需性消费,-26717873
2026-06-25,医疗保健业,649133246
2026-06-25,电讯业,-244712919
2026-06-25,公用事业,158236242
2026-06-25,金融业,-1711965445
2026-06-25,地产建筑业,-80790943
2026-06-25,资讯科技业,354318412
2026-06-25,综合企业,-3658227
2026-06-25,其他,0
2026-06-26,能源业,-641021043
2026-06-26,原材料业,-303524489
2026-06-26,工业,1354113598
2026-06-26,非必需性消费,-1604915200
2026-06-26,必需性消费,38068186
2026-06-26,医疗保健业,553127234
2026-06-26,电讯业,-229008027
2026-06-26,公用事业,65827908
2026-06-26,金融业,-755781523
2026-06-26,地产建筑业,-198750672
2026-06-26,资讯科技业,-4911567344
2026-06-26,综合企业,39509486
2026-06-26,其他,0
2026-06-29,能源业,349030975
2026-06-29,原材料业,187009551
2026-06-29,工业,653104728
2026-06-29,非必需性消费,2052270418
2026-06-29,必需性消费,339485721
2026-06-29,医疗保健业,4232219084
2026-06-29,电讯业,-198057658
2026-06-29,公用事业,153644319
2026-06-29,金融业,827006262
2026-06-29,地产建筑业,628469651
2026-06-29,资讯科技业,3611229559
2026-06-29,综合企业,197192978
2026-06-29,其他,0
2026-06-30,能源业,-106148639
2026-06-30,原材料业,166033463
2026-06-30,工业,1331810534
2026-06-30,非必需性消费,-2575223893
2026-06-30,必需性消费,-111414932
2026-06-30,医疗保健业,-406370550
2026-06-30,电讯业,-717634224
2026-06-30,公用事业,-240882801
2026-06-30,金融业,2300017576
2026-06-30,地产建筑业,-203441977
2026-06-30,资讯科技业,5569054779
2026-06-30,综合企业,367011217
2026-06-30,其他,0
