stock_code,windcode,name,issue_price,ipo_list_date,day1_open,day1_close,day1_pct_wind,public_offer_multiple,international_placing_multiple,public_offer_subscribers,one_lot_odds_pct
00001,0001.HK,长和,,1972-11-01,20.7,20.8,,,,,
00002,0002.HK,中电控股,,1980-01-02,22.0,22.2,,,,,
00003,0003.HK,香港中华煤气,,1960-12-31,30.0,30.0,,,,,
00004,0004.HK,九龙仓集团,,1921-01-01,74.0,76.0,,,,,
00005,0005.HK,汇丰控股,,1980-01-02,19.2,19.5,,,,,
00006,0006.HK,电能实业,,1980-01-02,6.3,6.4,,,,,
00007,0007.HK,智富资源投资,1.2,2000-09-08,1.55,1.63,35.8333333333333,9.896,,,
00008,0008.HK,电讯盈科,1.2,1994-10-18,1.13,1.13,-5.83333333333334,,,,
00010,0010.HK,恒隆集团,,1972-10-12,9.5,9.45,,,,,
00012,0012.HK,恒基地产,,1981-07-23,4.5,4.33,,,,,
00013,0013.HK,和黄医药,40.1,2021-06-30,51.4,60.3,50.3740648379052,5.23,5.0,21124.0,60.0
00014,0014.HK,希慎兴业,,1981-09-18,0.86,0.87,,,,,
00016,0016.HK,新鸿基地产,,1972-09-08,18.8,18.5,,,,,
00017,0017.HK,新世界发展,,1972-11-23,3.7,3.83,,,,,
00018,0018.HK,东方传媒集团,,1987-08-18,2.0,2.0,,,,,
00019,0019.HK,太古股份公司A,,1973-05-01,9.65,9.7,,,,,
00020,0020.HK,商汤-W,3.85,2021-12-30,3.91,4.13,7.27272727272727,5.18,1.5,36009.0,60.0
00021,0021.HK,大中华控股,,1954-03-01,7.1,7.25,,,,,
00022,0022.HK,茂盛控股,,1972-12-14,0.31,0.31,,,,,
00023,0023.HK,东亚银行,,1921-01-01,69.0,69.0,,,,,
00025,0025.HK,CHEVALIER INT'L,,1984-12-05,0.79,0.81,,,,,
00026,0026.HK,中华汽车,,1962-01-01,41.0,41.5,,,,,
00027,0027.HK,银河娱乐,1.12,1991-10-07,1.13,1.13,0.892857142857124,,,,
00028,0028.HK,天安,,1987-03-18,1.15,1.15,,,,,
00029,0029.HK,达力集团,,1980-01-04,0.93,0.93,,,,,
00030,0030.HK,云白国际,1.25,1991-10-09,1.26,1.26,0.800000000000001,,,,
00031,0031.HK,航天控股,,1981-08-25,1.4,1.07,,,,,
00032,0032.HK,港通控股,,1974-07-30,11.0,11.1,,,,,
00033,0033.HK,INTL GENIUS,1.5,2007-11-19,1.38,1.55,3.33333333333334,25.8,,,13.3
00034,0034.HK,九龙建业,,1995-07-04,7.5,7.5,,,,,
00035,0035.HK,远东发展,,1972-09-21,3.25,3.27,,,,,
00036,0036.HK,远东控股国际,,1973-02-12,1.65,1.8,,,,,
00037,0037.HK,远东酒店实业,,1979-07-03,1.65,1.65,,,,,
00038,0038.HK,第一拖拉机股份,4.5,1997-06-23,6.0,5.05,12.2222222222222,,,,
00039,0039.HK,中国北大荒,1.0,2001-01-16,1.03,1.06,6.00000000000001,1.97,2.47,,
00040,0040.HK,金山科技工业,,1984-07-02,1.4,1.16,,,,,
00041,0041.HK,鹰君,,1980-01-02,7.2,7.15,,,,,
00042,0042.HK,东北电气,1.8,1995-07-06,1.89,1.71,-5.0,,,,
00045,0045.HK,大酒店,,1921-01-01,34.0,34.0,,,,,
00046,0046.HK,科联系统,1.08,1998-05-18,1.08,1.16,7.40740740740739,,,,
00048,0048.HK,中国汽车内饰,0.93,2010-09-29,1.2,1.23,32.258064516129,,,,
00050,0050.HK,香港小轮(集团),,1921-01-01,47.75,48.0,,,,,
00051,0051.HK,海港企业,,1971-02-15,35.5,35.5,,,,,
00052,0052.HK,大快活集团,1.18,1991-10-09,1.3,1.3,10.1694915254237,,,,
00053,0053.HK,国浩集团,,1983-05-03,30.0,30.5,,,,,
00055,0055.HK,中星集团控股,1.0,1992-09-10,1.03,1.03,3.0,,,,
00057,0057.HK,震雄集团,1.68,1991-10-22,1.74,1.74,3.57142857142857,,,,
00058,0058.HK,新威国际,1.26,1999-09-03,1.3,1.28,1.58730158730159,,,,
00059,0059.HK,天誉置业,1.38,1993-11-16,2.15,2.15,55.7971014492754,,,,
00060,0060.HK,香港食品投资,1.13,1992-12-16,1.78,1.78,57.5221238938053,,,,
00061,0061.HK,绿领控股,1.28,1999-07-06,2.0,2.1,64.0625,,,,
00062,0062.HK,载通,,1961-05-01,5.5,5.4,,,,,
00063,0063.HK,中亚烯谷集团,,1986-02-26,0.5,0.5,,,,,
00064,0064.HK,结好控股,1.0,2002-06-06,0.98,1.02,2.0,1.91,,,
00065,0065.HK,弘海高新资源,0.7,2001-08-30,0.74,0.82,17.1428571428571,,2.53,,
00066,0066.HK,港铁公司,9.38,2000-10-05,12.0,11.6,23.6673773987207,29.4782,14.4,,
00068,0068.HK,群核科技,7.62,2026-04-17,20.7,18.6,144.094488188976,1590.56,14.46,240700.0,3.0
00069,0069.HK,香格里拉(亚洲),4.9,1993-06-17,6.2,6.2,26.530612244898,,,,
00070,0070.HK,金粤控股,,1973-01-01,0.15,0.15,,,,,
00071,0071.HK,美丽华酒店,,1970-07-01,25.0,26.0,,,,,
00072,0072.HK,超媒体控股,1.29,2009-09-09,1.35,1.37,6.2015503875969,120.7,,,8.01
00073,0073.HK,亚洲果业,,2009-11-26,51.25,19.94,,,,,
00075,0075.HK,渝太地产,,1984-11-12,1.4,1.38,,,,,
00076,0076.HK,谊砾控股,,1984-09-24,0.4,0.44,,,,,
00077,0077.HK,进智公共交通,1.07,2004-04-15,1.03,1.09,1.86915887850467,,1.28,,
00078,0078.HK,REGAL INT'L,,1980-11-03,3.2,2.95,,,,,
00079,0079.HK,世纪建业,1.28,1993-07-08,1.48,1.48,15.625,,,,
00080,0080.HK,CAI控股,1.03,2011-01-06,1.06,1.12,8.73786407766991,,,,
00081,0081.HK,中国海外宏洋集团,,1984-04-26,2.6,2.27,,,,,
00082,0082.HK,疯狂体育,1.0,1991-10-25,1.03,1.03,3.0,,,,
00083,0083.HK,信和置业,,1981-04-08,1.8,1.5,,,,,
00084,0084.HK,宝光实业,,1972-10-02,5.5,5.0,,,,,
00085,0085.HK,中电华大科技,2.01,1997-07-25,1.9,1.9,-5.47263681592039,,,,
00086,0086.HK,新鸿基公司,,1983-10-03,1.1,0.95,,,,,
00087,0087.HK,太古股份公司B,,1973-05-01,1.73,1.74,,,,,
00088,0088.HK,TAI CHEUNG HOLD,,1972-12-11,3.17,3.15,,,,,
00089,0089.HK,大生地产,,1973-02-21,2.6,2.52,,,,,
00090,0090.HK,普星能量,1.66,2009-07-10,2.56,2.71,63.2530120481928,1248.26,,,5.0
00092,0092.HK,冠军科技集团,1.2,1992-08-19,1.48,1.31,9.16666666666667,,,,
00093,0093.HK,零在科技金融,1.12,1991-10-23,1.2,1.2,7.14285714285713,,,,
00094,0094.HK,绿心集团,,1988-06-21,0.79,0.79,,,,,
00095,0095.HK,绿景中国地产,0.58,2005-12-02,0.9,0.77,32.7586206896552,1.68,,,
00096,0096.HK,YUSEI,1.25,2005-10-13,1.28,1.33,6.40000000000001,,,,
00097,0097.HK,恒基发展,,1972-11-06,6.7,6.65,,,,,
00098,0098.HK,兴发铝业,2.28,2008-03-31,2.2,2.11,-7.45614035087719,1.14,,,100.0
00099,0099.HK,王氏国际,,1983-12-15,2.55,2.45,,,,,
00100,0100.HK,MINIMAX-W,165.0,2026-01-09,235.4,345.0,109.090909090909,1837.17,36.76,417646.0,2.81
00101,0101.HK,恒隆地产,,1980-01-02,6.8,7.7,,,,,
00103,0103.HK,首佳科技,,1992-04-09,1.06,1.06,,,,,
00104,0104.HK,ASIA COMM HOLD,,1987-07-29,1.06,1.06,,,,,
00105,0105.HK,凯联国际酒店,,1985-10-24,1.05,1.07,,,,,
00106,0106.HK,朗诗绿色管理,,1986-03-24,1.1,1.1,,,,,
00107,0107.HK,四川成渝高速公路,1.55,1997-10-07,1.6,1.26,-18.7096774193548,,,,
00108,0108.HK,春雨医疗,,1973-02-09,0.15,0.26,,,,,
00110,0110.HK,中国长远,2.5,2000-02-16,2.7,3.3,32.0,,,,
00111,0111.HK,信达国际控股,1.0,2000-08-01,1.3,1.0,0.0,3.1,,,
00113,0113.HK,迪生创建,,1973-03-15,0.83,0.83,,,,,
00114,0114.HK,HERALD HOLD,,1970-03-12,1.0,0.44,,,,,
00115,0115.HK,钧濠集团,,1981-10-29,1.05,1.05,,,,,
00116,0116.HK,周生生,,1973-04-06,1.78,1.78,,,,,
00117,0117.HK,天利控股集团,1.3,2007-12-21,1.3,1.25,-3.84615384615385,3.4,,,90.0
00118,0118.HK,大同机械,,1988-12-12,1.52,1.52,,,,,
00119,0119.HK,保利置业集团,,1973-08-30,1.6,1.6,,,,,
00120,0120.HK,COSMOPOL INT'L,,1989-11-01,4.0,4.0,,,,,
00122,0122.HK,鳄鱼恤,,1971-01-01,2.7,2.8,,,,,
00123,0123.HK,越秀地产,1.05,1992-12-15,1.77,1.77,68.5714285714286,,,,
00124,0124.HK,粤海置地,1.8,1997-08-08,2.15,2.15,19.4444444444444,,,,
00125,0125.HK,新兴光学,1.12,1999-05-25,1.18,1.14,1.78571428571427,,,,
00126,0126.HK,佳宁娜,1.18,1991-11-01,1.24,1.21,2.54237288135593,,,,
00127,0127.HK,华人置业,,1921-01-01,42.0,42.0,,,,,
00128,0128.HK,安宁控股,,1972-11-16,2.1,2.1,,,,,
00129,0129.HK,泛海集团,,1973-01-24,0.75,0.75,,,,,
00130,0130.HK,慕诗国际,1.0,2002-02-11,1.08,1.27,27.0,6.0005,6.7,,
00131,0131.HK,卓能(集团),,1988-08-15,1.21,1.22,,,,,
00132,0132.HK,兴业控股,,1973-05-18,0.4,0.4,,,,,
00133,0133.HK,招商局中国基金,1.05,1993-07-22,7.8,7.8,642.857142857143,,,,
00135,0135.HK,昆仑能源,,1973-03-13,1.72,1.76,,,,,
00136,0136.HK,中国儒意,1.0,1997-09-25,1.48,1.48,48.0,,,,
00137,0137.HK,金辉集团,1.2,1991-12-06,1.25,1.27,5.83333333333334,,,,
00138,0138.HK,中建富通,,1991-11-11,1.2,1.15,,,,,
00139,0139.HK,小鱼盈通,1.06,1994-03-15,1.13,1.13,6.60377358490565,,,,
00142,0142.HK,第一太平,,1988-09-12,1.38,1.38,,,,,
00144,0144.HK,招商局港口,,1992-07-15,4.5,4.5,,,,,
00145,0145.HK,信能低碳,,1972-07-01,10.8,10.8,,,,,
00146,0146.HK,TAI PING CARPET,,1980-01-08,4.8,4.8,,,,,
00147,0147.HK,国际商业结算,,1988-06-06,1.06,1.06,,,,,
00148,0148.HK,建滔集团,1.09,1993-10-08,1.48,1.79,64.2201834862385,,,,
00149,0149.HK,中国农产品交易,,1973-03-12,0.25,0.25,,,,,
00150,0150.HK,HYPEBEAST,0.13,2016-04-11,1.35,1.05,707.692307692308,,,,
00151,0151.HK,中国旺旺,3.0,2008-03-26,3.0,2.92,-2.66666666666667,2.0,,,80.0
00152,0152.HK,深圳国际,,1972-09-25,1.65,1.65,,,,,
00154,0154.HK,北京控股环境集团,,1980-04-29,1.1,1.1,,,,,
00156,0156.HK,力宝华润,,1980-01-24,0.19,0.19,,,,,
00157,0157.HK,自然美,0.55,2002-03-28,0.55,0.55,7.27272727272726,0.9912,2.28,,
00158,0158.HK,万邦投资,,1972-08-29,7.4,7.4,,,,,
00159,0159.HK,布莱克万矿业,,1985-07-05,0.2,0.2,,,,,
00160,0160.HK,汉国置业,,1972-09-16,0.8,0.84,,,,,
00162,0162.HK,世纪金花,0.8,2000-10-23,0.75,0.56,-30.0,1.04,1.0,,100.0
00163,0163.HK,英皇国际,,1972-11-14,2.28,2.28,,,,,
00164,0164.HK,中国宝力科技,,1973-01-26,0.86,0.86,,,,,
00165,0165.HK,中国光大控股,,1973-02-26,1.26,1.28,,,,,
00166,0166.HK,新时代集团控股,1.17,1998-10-13,1.17,1.17,1.70940170940171,,,,
00167,0167.HK,IDT INT'L,,1988-10-21,1.21,1.21,,,,,
00168,0168.HK,青岛啤酒股份,,1993-07-15,3.6,3.6,,,,,
00169,0169.HK,万达酒店发展,1.0,2002-06-04,0.88,0.85,-15.0,21.0,3.0,,
00171,0171.HK,银建国际,,1980-01-28,1.1,1.1,,,,,
00173,0173.HK,嘉华国际,,1987-02-06,2.2,2.2,,,,,
00174,0174.HK,盛洋投资,,1988-10-05,1.26,1.26,,,,,
00175,0175.HK,吉利汽车,,1973-02-23,1.83,1.85,,,,,
00176,0176.HK,先机企业集团,1.28,1994-04-28,1.3,1.3,1.5625,,,,
00177,0177.HK,江苏宁沪高速公路,3.11,1997-06-27,2.8,2.75,-11.5755627009646,,,,
00178,0178.HK,莎莎国际,2.38,1997-06-13,3.0,3.65,53.3613445378151,,,,
00179,0179.HK,德昌电机控股,,1984-07-11,2.1,1.6,,,,,
00180,0180.HK,开达集团,10.0,1985-05-24,1.9,1.66,-83.4,,,,
00181,0181.HK,闽港控股,,1973-02-22,1.24,1.24,,,,,
00182,0182.HK,协合新能源,0.77,1991-11-27,0.84,0.84,9.09090909090908,,,,
00183,0183.HK,宏辉集团,0.26,2002-05-21,0.26,0.26,0.0,1.05,3.8,,
00184,0184.HK,激成投资,,1973-02-24,1.1,1.15,,,,,
00185,0185.HK,正商实业,,1972-12-20,1.34,1.34,,,,,
00186,0186.HK,敏捷控股,,1987-07-09,1.49,1.49,,,,,
00187,0187.HK,京城机电股份,2.3,1993-08-06,2.35,2.75,19.5652173913044,,,,
00188,0188.HK,新华汇富金融,1.0,2000-09-15,1.2,1.02,2.0,19.5,2.21,,
00189,0189.HK,东岳集团,2.16,2007-12-10,2.16,1.9,-12.037037037037,5.0,2.8,,60.0
00191,0191.HK,丽新国际,,1987-12-03,1.54,1.54,,,,,
00193,0193.HK,冠中地产,,1972-09-11,2.15,2.28,,,,,
00194,0194.HK,廖创兴企业,,1972-11-13,2.85,2.85,,,,,
00195,0195.HK,绿科科技国际,2.1,2008-11-12,2.17,2.32,10.4761904761905,1.43,,,100.0
00196,0196.HK,宏华集团,3.83,2008-03-07,3.9,3.5,-8.61618798955614,28.0,,,60.0
00197,0197.HK,亨泰,0.4,2001-12-03,0.43,0.54,35.0,30.8712,13.0,,
00199,0199.HK,德祥地产,1.2,1994-03-18,15.0,15.0,1150.0,,,,
00200,0200.HK,新濠国际发展,,1981-08-13,4.5,5.0,,,,,
00201,0201.HK,华大酒店,,1972-11-17,0.77,0.77,,,,,
00202,0202.HK,润中国际控股,,,0.5,0.5,,,,,
00204,0204.HK,资本界金控,0.33,2000-12-12,0.5,0.475,43.9393939393939,10.7,,,
00205,0205.HK,BFB HEALTH,,1993-01-05,2.7,2.7,,,,,
00206,0206.HK,华商能源,0.73,2005-11-28,0.8,0.88,20.5479452054795,,,,
00209,0209.HK,万维智能科技,0.55,2002-03-06,0.63,0.61,10.9090909090909,41.066,2.6,,
00210,0210.HK,达芙妮国际,1.0,1995-11-03,1.5,1.5,50.0,,,,
00211,0211.HK,STYLAND HOLD,0.88,1991-12-05,1.01,1.01,14.7727272727273,,,,
00212,0212.HK,NANYANG HOLD,,1954-09-15,37.0,37.0,,,,,
00213,0213.HK,NATIONAL ELEC H,,1985-02-04,1.1,1.06,,,,,
00214,0214.HK,汇汉控股,,1986-01-06,0.8,0.79,,,,,
00215,0215.HK,和记电讯香港,,2009-05-08,1.06,0.93,,,,,
00216,0216.HK,建业实业,,1973-01-31,1.0,1.0,,,,,
00217,0217.HK,中国诚通发展集团,,1972-01-10,2.95,2.95,,,,,
00218,0218.HK,申万宏源香港,,1973-02-01,1.5,1.55,,,,,
00219,0219.HK,顺豪物业,,1973-05-10,0.45,0.45,,,,,
00220,0220.HK,统一企业中国,4.22,2007-12-17,4.22,4.75,12.5592417061611,4.56,,,88.88
00222,0222.HK,闽信集团,,1982-06-28,1.38,1.25,,,,,
00223,0223.HK,易生活控股,1.0,2002-04-10,1.1,1.06,6.00000000000001,25.3398,5.2,,
00224,0224.HK,建生国际,,1980-01-02,6.1,6.1,,,,,
00225,0225.HK,博富临置业,,1972-12-19,1.7,1.66,,,,,
00227,0227.HK,第一上海,,1972-08-24,0.35,0.4,,,,,
00228,0228.HK,中能控股,0.2,2002-02-18,0.2,0.188,-6.00000000000001,1.838,1.4,,
00229,0229.HK,利民实业,,1984-11-22,2.8,2.8,,,,,
00232,0232.HK,大陆航空科技控股,1.11,1991-12-12,1.15,1.15,3.60360360360359,,,,
00234,0234.HK,新世纪集团,,1972-11-24,0.7,0.7,,,,,
00235,0235.HK,中策资本控股,,1972-12-04,1.6,1.6,,,,,
00236,0236.HK,香港生力啤,,1963-07-22,8.85,9.0,,,,,
00237,0237.HK,安全货仓,,1973-01-09,2.85,2.75,,,,,
00239,0239.HK,白花油,,1991-12-18,1.43,1.43,,,,,
00240,0240.HK,利基控股,,1973-03-15,0.73,0.73,,,,,
00241,0241.HK,阿里健康,,1972-07-06,2.4,2.4,,,,,
00242,0242.HK,信德集团,,1973-01-25,2.95,2.8,,,,,
00243,0243.HK,QPL INT'L,,1987-01-20,1.48,1.48,,,,,
00244,0244.HK,先施,,1921-01-01,19.5,20.5,,,,,
00245,0245.HK,中薇金融,,1972-08-25,0.27,0.27,,,,,
00247,0247.HK,TST PROPERTIES,,1972-07-20,5.2,5.2,,,,,
00248,0248.HK,香港通讯国际控股,0.5,2001-11-09,0.51,0.52,4.0,3.5,2.5,,
00251,0251.HK,爪哇控股,,1973-10-03,1.45,1.45,,,,,
00252,0252.HK,华信地产财务,,1973-03-01,1.25,1.3,,,,,
00253,0253.HK,顺豪控股,,1980-10-13,0.55,0.55,,,,,
00254,0254.HK,国家联合资源,,1972-11-16,0.87,0.91,,,,,
00255,0255.HK,龙记集团,1.21,1993-03-05,2.47,2.47,104.132231404959,,,,
00256,0256.HK,冠城钟表珠宝,,1991-12-10,1.09,1.09,,,,,
00257,0257.HK,光大环境,,1973-01-01,1.0,1.0,,,,,
00258,0258.HK,汤臣集团,,1989-11-01,1.5,1.5,,,,,
00259,0259.HK,亿都(国际控股),1.5,1993-09-01,2.22,2.22,48.0,,,,
00261,0261.HK,GBA集团,,1991-12-30,0.99,0.99,,,,,
00262,0262.HK,迪臣发展国际,1.0,1997-06-10,1.2,1.2,20.0,,,,
00264,0264.HK,中联发展控股,0.6,2003-03-12,0.59,0.56,-6.66666666666665,20.8,2.9,,
00265,0265.HK,港誉智慧城市服务,,1972-12-12,1.82,1.82,,,,,
00266,0266.HK,天德地产,,,2.05,1.85,,,,,
00267,0267.HK,中信股份,,1986-02-26,0.73,0.73,,,,,
00268,0268.HK,金蝶国际,1.03,2001-02-15,1.06,0.69,-33.0097087378641,,4.1,,
00269,0269.HK,中国资源交通,,1973-03-19,0.98,0.99,,,,,
00270,0270.HK,粤海投资,,1973-12-31,1.02,1.02,,,,,
00271,0271.HK,亚证地产,,1973-02-28,0.42,0.42,,,,,
00272,0272.HK,瑞安房地产,5.35,2006-10-04,5.4,5.9,10.2803738317757,11.91,,,
00274,0274.HK,复兴亚洲,1.0,2000-12-18,1.24,1.03,3.0,31.72,4.2,,
00276,0276.HK,蒙古能源,,1972-08-23,0.9,0.9,,,,,
00277,0277.HK,太兴置业,,,3.1,3.1,,,,,
00279,0279.HK,裕承科金,,1988-05-11,0.8,0.8,,,,,
00280,0280.HK,景福集团,,1988-03-28,1.68,1.68,,,,,
00285,0285.HK,比亚迪电子,10.75,2007-12-20,10.74,11.0,2.32558139534884,0.4064,,,100.0
00286,0286.HK,爱帝宫,,1990-09-07,1.29,1.29,,,,,
00287,0287.HK,永发置业,,1973-03-15,0.5,0.5,,,,,
00288,0288.HK,万洲国际,6.2,2014-08-05,6.8,6.66,7.41935483870968,55.22,,,100.0
00289,0289.HK,WING ON CO,,1980-01-02,4.6,4.8,,,,,
00290,0290.HK,国富量子,1.0,2001-05-03,1.04,1.03,3.0,1.084,1.0,,
00291,0291.HK,华润啤酒,,1973-11-15,0.61,0.65,,,,,
00293,0293.HK,国泰航空,,1986-05-15,5.15,5.15,,,,,
00294,0294.HK,长江制衣,,1970-01-01,12.4,12.4,,,,,
00295,0295.HK,江山控股,,1970-11-28,7.25,7.25,,,,,
00296,0296.HK,英皇娱乐酒店,,,0.5,0.5,,,,,
00297,0297.HK,中化化肥,1.88,1996-09-30,1.92,1.92,2.12765957446809,,,,
00298,0298.HK,庄士中国,,1980-01-23,0.25,0.25,,,,,
00299,0299.HK,宝新置地,1.77,2004-04-30,1.65,1.65,-6.77966101694916,22.0,9.8,,
00300,0300.HK,美的集团,54.8,2024-09-17,59.2,59.1,7.84671532846716,5.31,8.06,13717.0,100.0
00301,0301.HK,三和精化,1.3,2020-01-16,1.3,1.03,-20.7692307692308,37.75,1.05,13871.0,30.0
00302,0302.HK,中手游,2.83,2019-10-31,2.81,2.89,2.12014134275619,543.83,,90125.0,15.0
00303,0303.HK,伟易达,,1992-11-05,6.9,6.9,,,,,
00305,0305.HK,五菱汽车,,1992-11-23,1.66,1.66,,,,,
00306,0306.HK,冠忠巴士集团,1.8,1996-09-25,2.3,2.3,27.7777777777778,,,,
00308,0308.HK,香港中旅,1.0,1992-11-11,2.97,2.97,197.0,,,,
00309,0309.HK,新华通讯频媒,0.56,2003-07-25,0.59,0.61,8.92857142857142,23.0,2.0,,
00310,0310.HK,嘉进投资国际,,1992-12-21,0.065,0.065,,,,,
00311,0311.HK,联泰控股,2.975,2004-07-15,3.1,2.775,-6.72268907563026,255.42,,,
00312,0312.HK,岁宝百货,2.2,2010-11-17,1.9,1.81,-17.7272727272727,26.73,,,50.01
00313,0313.HK,裕田中国,1.0,1993-01-05,1.06,1.06,6.00000000000001,,,,
00314,0314.HK,思派健康,18.6,2022-12-23,23.7,25.0,34.4086021505376,8.27,1.41,7588.0,15.0
00315,0315.HK,数码通电讯,17.25,1996-10-31,17.25,17.25,0.0,,,,
00316,0316.HK,东方海外国际,,1992-07-31,2.975,2.975,,,,,
00317,0317.HK,中船防务,,1993-08-06,2.42,2.42,,,,,
00318,0318.HK,黄河实业,0.5,2001-10-09,0.5,0.54,8.00000000000001,1.6,1.0,,
00320,0320.HK,金宝通,2.28,2006-10-09,2.7,2.61,14.4736842105263,682.0,,,
00321,0321.HK,德永佳集团,1.03,1992-08-06,1.3,1.3,26.2135922330097,,,,
00322,0322.HK,康师傅控股,1.68,1996-02-05,1.68,1.68,0.0,,,,
00323,0323.HK,马鞍山钢铁股份,,1993-11-03,3.9,3.9,,,,,
00325,0325.HK,布鲁可,60.35,2025-01-10,109.6,85.0,40.8450704225352,5999.96,38.6,126841.0,10.0
00326,0326.HK,中国星集团,1.02,1992-11-12,1.26,1.26,23.5294117647059,,,,
00327,0327.HK,百富环球,2.88,2010-12-20,2.7,2.89,0.34722222222223,1.4,,,100.0
00328,0328.HK,ALCO HOLDINGS,1.07,1992-11-27,1.18,1.18,10.2803738317757,,,,
00329,0329.HK,东建国际,0.8,2001-05-09,0.8,0.8,31.25,29.95,,,
00330,0330.HK,思捷环球,1.95,1993-12-09,4.05,4.05,107.692307692308,,,,
00331,0331.HK,丰盛生活服务,2.75,2015-12-10,2.11,2.06,-25.0909090909091,8.4,,,100.0
00332,0332.HK,元亨燃气,1.0,1992-09-25,1.03,1.03,3.0,,,,
00333,0333.HK,黛丽斯国际,1.0,1991-12-16,1.03,1.03,3.0,,,,
00334,0334.HK,华显光电,1.12,1997-06-18,1.3,1.3,16.0714285714286,,,,
00335,0335.HK,美建集团,1.0,2000-10-18,1.18,1.27,27.0,1.374,,,
00336,0336.HK,华宝国际,1.12,1992-01-22,1.19,1.19,6.24999999999999,,,,
00337,0337.HK,绿地香港,4.78,2006-10-10,5.0,5.07,6.06694560669456,89.0,,,
00338,0338.HK,上海石油化工股份,,1993-07-26,1.69,1.69,,,,,
00339,0339.HK,全球数字控股,1.0,2000-07-26,1.07,1.28,28.0,2.209,,,
00340,0340.HK,潼关黄金,1.05,1997-03-26,4.5,4.5,328.571428571429,,,,
00341,0341.HK,大家乐集团,,1986-07-16,1.35,1.35,,,,,
00343,0343.HK,文化传信,,1986-08-12,1.28,1.28,,,,,
00345,0345.HK,维他奶国际,2.28,1994-03-30,2.72,2.72,19.2982456140351,,,,
00346,0346.HK,延长石油国际,1.0,2001-04-19,1.05,1.02,2.0,1.1729,1.03,,
00347,0347.HK,鞍钢股份,1.63,1997-07-24,2.0,2.0,22.6993865030675,,,,
00348,0348.HK,中国智能健康,1.08,1997-09-30,1.2,1.2,11.1111111111111,,,,
00351,0351.HK,亚洲能源物流,1.25,1992-08-18,3.1,3.1,148.0,,,,
00352,0352.HK,富阳,1.06,2006-07-05,1.08,1.01,-4.71698113207548,1.8,,,
00353,0353.HK,能源国际投资,0.8,2001-07-26,0.81,0.7,-12.5,1.85,,,
00354,0354.HK,中国软件国际,0.32,2003-06-20,0.35,0.42,31.25,,1.25,,
00355,0355.HK,世纪城市国际,,1981-09-07,1.03,1.07,,,,,
00356,0356.HK,鼎立资本,1.0,2002-06-07,1.03,1.03,3.0,1.06,,,
00357,0357.HK,美兰空港,3.78,2002-11-18,3.9,3.975,5.15873015873017,5.1,,,
00358,0358.HK,江西铜业股份,2.55,1997-06-12,2.8,2.8,9.80392156862745,,,,
00360,0360.HK,新焦点,0.94,2005-02-28,0.95,0.94,0.0,15.15,2.0,,
00361,0361.HK,汉成发展控股,1.3,2000-12-20,1.33,0.9,-30.7692307692308,10.2552,6.59,,
00362,0362.HK,中国天化工,0.25,2001-05-02,0.275,0.285,14.0,4.52,1.39,,
00363,0363.HK,上海实业控股,7.28,1996-05-30,9.15,9.15,25.6868131868132,,,,
00365,0365.HK,芯成科技,1.18,2000-10-16,1.21,0.68,-42.3728813559322,1.633,2.73,,
00366,0366.HK,陆氏集团(越南),,1987-01-07,2.05,2.05,,,,,
00367,0367.HK,庄士机构国际,,1987-01-16,0.61,0.61,,,,,
00368,0368.HK,德合集团,0.63,2020-07-17,0.7,0.7,11.1111111111111,10.73,1.09,11843.0,10.01
00369,0369.HK,永泰地产,,1973-02-07,2.58,2.58,,,,,
00370,0370.HK,港仔机器人,1.0,1996-03-26,1.19,1.19,19.0,,,,
00371,0371.HK,北控水务集团,1.0,1993-04-19,1.37,1.37,37.0,,,,
00372,0372.HK,保德国际发展,1.0,1992-02-13,1.2,1.2,20.0,,,,
00373,0373.HK,联合集团,,1973-01-12,2.6,2.7,,,,,
00374,0374.HK,四洲集团,,1993-08-25,2.7,2.7,,,,,
00375,0375.HK,YGM TRADING,,1988-01-25,1.1,1.1,,,,,
00376,0376.HK,云锋金融,,1987-07-17,1.5,1.5,,,,,
00377,0377.HK,中国华君,1.0,1993-04-19,1.28,1.28,28.0,,,,
00379,0379.HK,恒嘉融资租赁,0.25,2002-11-13,0.28,0.32,28.0,14.69,5.42,,
00380,0380.HK,中国管业,1.0,2000-12-21,0.95,0.67,-33.0,1.78,,,
00381,0381.HK,权识国际,1.0,2001-01-22,1.08,1.05,5.0,1.15,1.75,,
00382,0382.HK,中汇集团,2.85,2019-07-16,2.85,2.87,0.701754385964913,2.42,,4639.0,100.0
00383,0383.HK,天安卓健,1.08,1991-08-01,1.18,1.18,9.25925925925925,,,,
00384,0384.HK,中国燃气,1.0,1995-10-20,1.15,1.13,13.0,,,,
00385,0385.HK,建联集团,1.05,1993-10-15,1.3,1.3,23.8095238095238,,,,
00386,0386.HK,中国石油化工股份,1.59,2000-10-19,1.6,1.54,-3.14465408805032,4.06,,,
00387,0387.HK,力丰(集团),0.84,2003-07-10,0.85,0.85,1.19047619047619,2.81,1.0,,
00388,0388.HK,香港交易所,3.99,2000-06-27,8.25,8.25,106.766917293233,,,,
00389,0389.HK,通天酒业,1.25,2009-11-19,1.59,1.48,18.4,296.0,,,40.0
00390,0390.HK,中国中铁,5.78,2007-12-07,6.8,7.36,27.3356401384083,209.0,,,10.0
00391,0391.HK,美亚娱乐资讯,1.08,1993-10-18,1.75,1.75,62.037037037037,,,,
00392,0392.HK,北京控股,12.48,1997-05-29,40.0,40.0,220.51282051282,,,,
00393,0393.HK,旭日企业,1.6,1996-09-17,2.0,2.0,25.0,,,,
00396,0396.HK,兴利(香港)控股,1.02,2009-06-22,1.3,1.42,39.2156862745098,38.0,,,100.0
00397,0397.HK,嬴集团,1.16,1993-10-13,1.25,1.25,7.75862068965518,,,,
00398,0398.HK,东方表行集团,1.0,1993-10-12,1.26,1.26,26.0,,,,
00399,0399.HK,星太链集团,1.0,2000-08-23,2.0,2.3,130.0,94.9933,,,
00400,0400.HK,硬蛋创新,4.0,2014-07-18,4.0,3.98,-0.5,29.2,,,60.03
00401,0401.HK,万嘉集团,,2013-10-11,1.2,0.81,,,,,
00403,0403.HK,星光集团,1.0,1993-03-03,1.05,1.05,5.0,,,,
00405,0405.HK,越秀房产信托基金,3.075,2005-12-21,3.7,3.5,13.8211382113821,496.0,,,
00406,0406.HK,有利集团,1.08,1991-08-29,1.13,1.13,4.62962962962961,,,,
00408,0408.HK,叶氏化工集团,1.25,1991-08-22,1.4,1.4,12.0,,,,
00410,0410.HK,SOHO中国,8.3,2007-10-08,10.1,9.55,15.0602409638554,169.0,,,60.0
00411,0411.HK,南顺(香港),,1972-10-31,2.2,2.2,,,,,
00412,0412.HK,山高控股,1.0,1992-04-15,1.04,1.04,4.0,,,,
00413,0413.HK,南华集团控股,,1987-06-16,1.3,1.3,,,,,
00417,0417.HK,谢瑞麟,,1987-06-30,1.35,1.35,,,,,
00418,0418.HK,方正控股,1.98,1995-12-21,2.15,2.15,8.58585858585858,,,,
00419,0419.HK,弘毅文化集团,,1987-07-08,1.31,1.31,,,,,
00420,0420.HK,福田实业,,1988-04-20,1.06,1.06,,,,,
00422,0422.HK,越南制造加工出口,3.75,2007-12-20,3.4,3.12,-16.8,2.9,,,26.45
00423,0423.HK,经济日报集团,1.7,2005-08-03,2.05,2.3,35.2941176470588,352.788,,,
00425,0425.HK,敏实集团,2.25,2005-12-01,2.925,3.2,42.2222222222222,9.21,,,
00426,0426.HK,万华媒体,1.2,2005-10-18,1.26,1.21,0.833333333333334,14.0,9.5,,
00428,0428.HK,中国天弓控股,10.0,1993-12-14,10.0,10.0,0.0,,,,
00430,0430.HK,东方兴业控股,,1993-03-30,1.7,1.7,,,,,
00432,0432.HK,盈大地产,1.0,1993-09-20,1.6,1.6,60.0,,,,
00433,0433.HK,北方矿业,,1995-10-12,1.4,1.4,,,,,
00434,0434.HK,博雅互动,5.35,2013-11-12,6.75,6.09,13.8317757009346,832.33,,,10.0
00435,0435.HK,阳光房地产基金,2.6,2006-12-21,2.6,2.43,-6.53846153846154,8.34,5.0,,
00436,0436.HK,新宇环保,1.0,2000-05-18,1.2,2.625,162.5,,,,
00438,0438.HK,彩虹新能源,1.58,2004-12-20,1.18,1.44,-8.86075949367089,1.2,,,
00439,0439.HK,瀚源控股,1.32,1992-03-11,1.41,1.41,6.81818181818181,,,,
00440,0440.HK,大新金融,,1987-11-05,4.65,4.65,,,,,
00442,0442.HK,域能控股,3.0,2015-03-11,4.0,4.82,60.6666666666667,40.79,,,100.0
00444,0444.HK,SINCEREWATCH HK,1.08,2005-10-17,1.05,1.0,-7.40740740740741,14.2,3.9,,
00450,0450.HK,鸿兴印刷集团,1.25,1992-03-16,1.46,1.46,16.8,,,,
00451,0451.HK,时代数字,1.0,1992-03-25,17.2,17.2,1620.0,,,,
00455,0455.HK,天大药业,0.88,1992-03-30,1.2,1.2,36.3636363636364,,,,
00456,0456.HK,新城市建设发展,,1993-07-14,1.28,1.28,,,,,
00458,0458.HK,联亚集团,,1988-01-06,4.2,4.2,,,,,
00460,0460.HK,四环医药,4.6,2010-10-28,5.7,5.77,25.4347826086957,480.0,,,20.0
00464,0464.HK,中国智能科技,0.55,2005-06-16,0.52,0.51,-7.27272727272728,3.5,,,
00465,0465.HK,富通科技,1.63,2009-12-04,2.11,1.91,17.1779141104295,174.72,,,10.0
00467,0467.HK,联合能源集团,1.0,1992-04-08,1.03,1.03,3.0,,,,
00468,0468.HK,纷美包装,4.3,2010-12-09,4.6,4.92,14.4186046511628,4.37,,,80.03
00470,0470.HK,先导智能,45.8,2026-02-11,46.26,45.8,0.0,79.54,10.47,57322.0,18.0
00471,0471.HK,中播数据,1.02,2005-10-10,0.9,0.83,-18.6274509803922,2.08,,,
00472,0472.HK,新丝路控股集团,,1988-01-29,0.27,0.28,,,,,
00474,0474.HK,信铭生命科技,0.55,2006-06-06,0.55,0.52,-5.45454545454546,4.1,,,
00475,0475.HK,中发展控股,1.5,2007-04-17,1.8,1.6,6.66666666666667,173.0,,,10.0
00476,0476.HK,科轩动力控股,1.03,1996-05-24,1.35,1.35,31.0679611650485,,,,
00480,0480.HK,香港兴业国际,,1988-03-11,1.92,1.92,,,,,
00482,0482.HK,圣马丁国际,1.08,2005-05-12,1.08,1.12,3.70370370370371,3.7,2.2,,
00483,0483.HK,包浩斯国际,1.25,2005-05-12,1.39,1.32,5.6,599.0,,,
00484,0484.HK,云游控股,51.0,2013-10-03,61.75,67.5,32.3529411764706,313.41,,,100.0
00485,0485.HK,中国华星,,1988-04-12,1.07,1.07,,,,,
00486,0486.HK,俄铝,10.8,2010-01-27,10.0,9.66,-10.5555555555556,,,,
00487,0487.HK,实德环球,,1988-05-03,1.73,1.73,,,,,
00488,0488.HK,丽新发展,,1988-03-11,0.84,0.84,,,,,
00491,0491.HK,英皇文化产业,1.0,1992-06-10,1.35,1.35,35.0,,,,
00493,0493.HK,国美零售,1.0,1992-04-15,1.24,1.24,24.0,,,,
00496,0496.HK,卡森国际,2.55,2005-10-20,2.5,2.375,-6.86274509803921,0.23,,,
00497,0497.HK,资本策略地产,2.0,1992-04-15,2.25,2.25,12.5,,,,
00498,0498.HK,蓝河控股,2.0,1993-09-21,2.7,2.7,35.0,,,,
00499,0499.HK,青岛控股,,1988-07-22,1.02,1.02,,,,,
00500,0500.HK,先丰服务集团,,1988-07-29,0.82,0.82,,,,,
00501,0501.HK,豪威集团,104.8,2026-01-12,108.0,121.8,16.2213740458015,9.28,9.73,14551.0,100.0
00505,0505.HK,兴业合金,1.7,2007-12-27,1.85,3.29,93.5294117647059,5.6,,,30.01
00506,0506.HK,中国食品,,1988-10-07,0.95,0.95,,,,,
00508,0508.HK,鼎亿集团投资,,1988-10-26,0.87,0.87,,,,,
00509,0509.HK,世纪阳光,0.55,2004-02-17,0.65,0.68,23.6363636363636,126.0,5.0,,
00510,0510.HK,时富金融服务集团,,2000-12-15,0.5,0.219,,,,,
00511,0511.HK,电视广播,,1988-11-23,14.4,14.4,,,,,
00512,0512.HK,远大医药,1.5,1995-12-19,1.5,1.5,0.0,,,,
00513,0513.HK,恒和集团,,1988-11-08,1.14,1.14,,,,,
00515,0515.HK,中华银科技,1.0,2006-06-23,1.01,1.04,4.0,3.67,,,
00517,0517.HK,中远海运国际,1.08,1992-02-11,1.14,1.14,5.55555555555554,,,,
00518,0518.HK,同得仕(集团),,1988-12-15,0.95,0.95,,,,,
00519,0519.HK,诺科达科技,,1986-03-24,0.66,0.66,,,,,
00520,0520.HK,呷哺呷哺,4.7,2014-12-17,4.7,4.54,-3.40425531914894,4.07,,,100.0
00521,0521.HK,CWT INT'L,,1988-12-23,1.14,1.14,,,,,
00522,0522.HK,ASMPT,,1989-01-03,1.44,1.44,,,,,
00524,0524.HK,长城天下,,1989-04-21,1.05,1.05,,,,,
00525,0525.HK,广深铁路股份,2.91,1996-05-14,3.08,3.08,5.84192439862543,,,,
00526,0526.HK,利时集团控股,1.28,1995-10-11,1.32,1.32,3.125,,,,
00527,0527.HK,瑞风新能源,0.86,2006-06-09,0.86,0.89,3.48837209302326,23.93,,,
00528,0528.HK,金达控股,1.75,2006-12-12,2.5,2.28,30.2857142857143,28.0,,,
00529,0529.HK,SIS INT'L,1.0,1992-08-18,1.0,1.0,0.0,,,,
00532,0532.HK,WKK INTL (HOLD),,1989-07-10,0.53,0.53,,,,,
00533,0533.HK,金利来集团,2.7,1992-09-18,1.55,1.55,-42.5925925925926,,,,
00535,0535.HK,金地商置,,1989-10-16,1.54,1.54,,,,,
00536,0536.HK,贸易通,1.25,2005-10-28,1.29,1.34,7.20000000000001,144.0,10.0,,
00537,0537.HK,普源精电,45.98,2026-07-09,37.36,28.8,-37.3639351107767,356.86,9.17,92738.0,8.0
00538,0538.HK,味千(中国),5.47,2007-03-30,6.88,7.1,29.7989031078611,192.0,,,90.0
00540,0540.HK,迅捷环球控股,0.82,2013-01-15,1.15,1.14,39.0243902439024,426.0,,,30.06
00542,0542.HK,中国文旅农业,,1989-11-23,0.94,0.94,,,,,
00543,0543.HK,太平洋网络,3.3,2007-12-18,3.3,2.66,-19.3939393939394,11.2,,,30.0
00544,0544.HK,大同集团,,1989-12-14,3.08,3.08,,,,,
00546,0546.HK,阜丰集团,2.23,2007-02-08,3.05,3.06,37.219730941704,639.0,,,10.0
00547,0547.HK,数字王国,1.0,1992-07-06,1.33,1.33,33.0,,,,
00548,0548.HK,深圳高速公路股份,2.2,1997-03-12,2.65,2.65,20.4545454545454,,,,
00550,0550.HK,律齐文化,0.28,2000-07-20,0.28,0.18,-35.7142857142857,1.55,,,
00551,0551.HK,裕元集团,1.18,1992-07-02,1.62,1.62,37.2881355932204,,,,
00552,0552.HK,中国通信服务,2.2,2006-12-08,3.3,4.08,85.4545454545454,329.0,,,
00553,0553.HK,南京熊猫电子股份,2.13,1996-05-02,2.17,2.17,1.87793427230047,,,,
00554,0554.HK,汉思集团控股,1.0,1997-05-28,1.2,1.2,20.0,,,,
00556,0556.HK,泛亚环保,2.8,2007-12-21,3.1,2.89,3.21428571428573,2.24,,,50.03
00557,0557.HK,天元医疗,,1989-12-29,0.98,0.98,,,,,
00558,0558.HK,力劲科技,1.11,2006-10-16,1.13,1.11,0.0,15.1,,,
00559,0559.HK,德泰新能源集团,1.0,1997-01-03,1.02,1.02,2.0,,,,
00560,0560.HK,珠江船务,1.2,1997-05-23,3.0,3.0,150.0,,,,
00563,0563.HK,上实城市开发,1.0,1993-09-10,1.5,1.15,15.0,,,,
00564,0564.HK,中创智领,10.38,2012-12-05,10.0,9.47,-8.76685934489403,0.2,,,100.0
00565,0565.HK,锦艺集团控股,0.5,2003-09-10,0.6,0.72,44.0,144.28,5.09,,
00567,0567.HK,金安智能,,1990-01-31,1.55,1.55,,,,,
00568,0568.HK,山东墨龙,0.7,2004-04-15,0.73,0.72,2.85714285714286,23.0,7.6,,
00570,0570.HK,中国中药,1.02,1993-04-07,1.6,1.6,56.8627450980392,,,,
00571,0571.HK,丰德丽控股,,1980-01-09,0.44,0.44,,,,,
00572,0572.HK,未来世界控股,1.23,2003-07-02,0.99,0.8,-34.9593495934959,2.2,1.2,,
00573,0573.HK,稻香控股,3.18,2007-06-29,3.2,3.26,2.51572327044024,118.8,,,15.0
00574,0574.HK,百信国际,1.22,2015-06-19,1.2,1.42,16.3934426229508,239.7,,,100.0
00575,0575.HK,励晶太平洋,2.62,1997-05-19,2.8,2.8,6.87022900763358,,,,
00576,0576.HK,浙江沪杭甬,2.38,1997-05-15,2.72,2.72,14.2857142857143,,,,
00579,0579.HK,京能清洁能源,1.67,2011-12-22,1.68,1.67,0.0,0.0475,,,100.0
00580,0580.HK,赛晶科技,1.93,2010-10-13,2.18,2.5,29.5336787564767,543.0,,,10.0
00581,0581.HK,中国东方集团,2.75,2004-03-02,3.5,3.4,23.6363636363636,719.65,,,
00582,0582.HK,神话世界,0.8,2002-04-30,0.8,0.8,0.0,1.0276,1.81,,
00583,0583.HK,长城环亚控股,3.08,1990-06-29,3.05,3.05,-0.974025974025982,,,,
00585,0585.HK,意力国际,1.28,1997-03-10,1.4,1.4,9.37499999999999,,,,
00586,0586.HK,海螺创业,13.56,2013-12-19,15.4,16.8,23.8938053097345,16.51,,,100.0
00587,0587.HK,海螺环保,,2022-03-30,10.0,9.77,-2.3,,,,
00588,0588.HK,北京北辰实业股份,2.4,1997-05-14,4.0,4.0,66.6666666666667,,,,
00590,0590.HK,六福集团,1.0,1997-05-06,1.4,1.4,40.0,,,,
00591,0591.HK,中国高精密,4.0,2009-11-13,5.0,5.16,29.0,13.38,,,30.0
00595,0595.HK,AV CONCEPT HOLD,1.1,1996-04-24,1.18,1.18,7.27272727272726,,,,
00596,0596.HK,浪潮数字企业,0.36,2004-04-29,0.36,0.34,-5.55555555555555,,2.57,,
00598,0598.HK,中国外运,2.19,2003-02-13,2.325,2.25,2.73972602739726,20.0,,,
00599,0599.HK,怡邦行控股,1.2,2000-04-12,1.2,1.25,4.16666666666667,1.28,,,
00600,0600.HK,爱芯元智,28.2,2026-02-10,28.2,28.2,0.0,104.82,6.8,85091.0,18.0
00601,0601.HK,稀镁科技,1.02,1993-01-28,1.7,1.7,66.6666666666667,,,,
00602,0602.HK,佳华百货控股,1.04,2007-05-21,1.25,1.45,39.4230769230769,672.0,18.4,,5.0
00603,0603.HK,中油燃气,1.09,1993-05-28,1.72,1.72,57.7981651376147,,,,
00604,0604.HK,深圳控股,1.85,1997-03-07,3.25,3.25,75.6756756756757,,,,
00605,0605.HK,中国金融投资管理,1.03,1993-04-07,1.51,1.51,46.6019417475728,,,,
00606,0606.HK,中骏商管,3.7,2021-07-02,3.81,4.0,8.1081081081081,1.3,3.65,10677.0,100.0
00607,0607.HK,丰盛控股,0.8,2002-12-18,0.77,0.5,-37.5,10.8976,1.56,,
00608,0608.HK,达利国际,,1992-08-04,2.2,2.2,,,,,
00609,0609.HK,天德化工,1.02,2006-10-27,1.3,1.34,31.3725490196078,41.9,,,
00610,0610.HK,WAI KEE HOLD,1.5,1992-08-28,1.85,1.85,23.3333333333333,,,,
00611,0611.HK,中国核能科技,1.02,1993-02-12,2.1,2.1,105.882352941176,,,,
00612,0612.HK,嘉文世纪投资公司,0.5,2002-01-02,0.52,0.55,10.0,2.4,1.0,,
00613,0613.HK,梧桐国际,1.2,1993-11-12,2.12,2.12,76.6666666666667,,,,
00616,0616.HK,财富链,1.02,1991-09-16,1.1,1.1,7.84313725490197,,,,
00617,0617.HK,百利保控股,1.0,1993-12-17,1.43,1.43,43.0,,,,
00618,0618.HK,北大资源,1.08,1991-10-07,1.22,1.22,12.962962962963,,,,
00619,0619.HK,南华金融,2.2,1993-07-16,2.35,2.35,6.81818181818181,,,,
00620,0620.HK,大唐西市,1.0,1991-09-30,1.03,1.03,3.0,,,,
00621,0621.HK,坛金矿业,1.0,1995-12-18,1.08,1.08,8.00000000000001,,,,
00622,0622.HK,威华达控股,0.88,1991-09-16,1.04,1.04,18.1818181818182,,,,
00623,0623.HK,金桥集团控股,2.63,2008-07-08,2.7,2.62,-0.380228136882121,2.13,,,100.0
00626,0626.HK,大众金融控股,1.28,1991-10-03,1.3,1.15,-10.15625,,,,
00627,0627.HK,共生智筑,0.8,2000-11-13,0.82,0.82,2.49999999999999,1.65,,,
00628,0628.HK,通通AI社交,0.3,2002-07-24,0.34,0.35,16.6666666666667,5.12,1.76,,
00629,0629.HK,悦达国际控股,0.89,2001-11-29,0.92,0.93,4.49438202247191,53.82,2.42,,
00630,0630.HK,隽泰控股,1.05,1996-11-28,2.1,2.1,100.0,,,,
00631,0631.HK,三一国际,4.8,2009-11-25,6.1,7.03,46.4583333333333,237.95,,,50.0
00632,0632.HK,中港石油,,1993-04-30,1.65,1.65,,,,,
00635,0635.HK,彩星集团,,1994-01-06,2.55,2.55,,,,,
00636,0636.HK,KLN,10.2,2013-12-19,11.2,10.22,0.196078431372562,37.0,,,100.0
00637,0637.HK,利记,2.67,2006-10-04,3.0,2.88,7.86516853932584,266.0,,,
00638,0638.HK,广和通,21.5,2025-10-22,21.5,18.98,-11.7209302325581,550.99,9.16,191156.0,0.31
00639,0639.HK,首钢资源,1.13,1990-10-02,1.15,1.15,1.76991150442478,,,,
00640,0640.HK,星谦发展,0.6,2010-08-12,0.72,0.93,55.0,721.0,,,40.0
00641,0641.HK,中国恒天立信国际,1.0,1990-10-12,0.92,0.92,-8.0,,,,
00643,0643.HK,恒富控股,1.0,2000-03-13,1.0,0.88,-12.0,1.29,,,
00645,0645.HK,安域亚洲,1.28,1993-12-22,11.47,11.47,796.09375,,,,
00646,0646.HK,中国环保科技,0.5,2002-03-28,0.5,0.5,-1.0,166.3236,4.7,,
00648,0648.HK,京玖康疗,1.09,1990-10-29,1.99,1.99,82.5688073394495,,,,
00650,0650.HK,普达特科技,1.02,1992-10-07,0.76,0.76,-25.4901960784314,,,,
00653,0653.HK,卓悦控股,0.9,2003-07-16,0.98,1.03,14.4444444444444,17.1517,3.05,,
00655,0655.HK,香港华人有限公司,2.0,1992-10-12,2.55,2.55,27.5,,,,
00656,0656.HK,复星国际,9.23,2007-07-16,10.94,10.34,12.0260021668472,233.0,,,100.0
00657,0657.HK,环科国际,1.28,1992-10-30,1.4,1.4,9.37499999999999,,,,
00658,0658.HK,中国高速传动,7.08,2007-07-04,11.0,14.0,97.7401129943503,692.0,,,10.0
00659,0659.HK,周大福创建,3.09,1997-04-25,3.14,3.14,1.61812297734629,,,,
00660,0660.HK,玮俊生物科技,0.84,1993-02-05,1.07,1.07,27.3809523809524,,,,
00661,0661.HK,中国大冶有色金属,1.05,1990-11-21,0.17,0.17,-83.8095238095238,,,,
00662,0662.HK,亚洲金融,,1990-12-18,2.11,2.11,,,,,
00664,0664.HK,铜师傅,60.0,2026-03-31,35.42,30.5,-49.1666666666667,59.55,1.47,26280.0,2.78
00666,0666.HK,瑞浦兰钧,18.3,2023-12-18,18.6,18.78,2.62295081967213,1.27,1.21,2054.0,100.0
00667,0667.HK,中国东方教育,11.25,2019-06-12,10.36,9.92,-11.8222222222222,0.761,,1349.0,100.0
00668,0668.HK,安克创新,99.32,2026-07-02,99.3,114.9,15.6866693515908,27.57,10.24,36424.0,30.0
00669,0669.HK,创科实业,1.0,1990-12-17,0.48,0.48,-52.0,,,,
00670,0670.HK,中国东方航空股份,1.38,1997-02-05,1.38,1.38,0.0,,,,
00672,0672.HK,众安集团,6.67,2007-11-13,6.67,6.71,0.599700149925038,176.76,,,40.0
00673,0673.HK,中国卫生集团,1.0,1996-10-14,0.07,0.048,-95.2,,,,
00674,0674.HK,中国唐商,1.2,1991-01-25,0.41,0.41,-65.8333333333333,,,,
00675,0675.HK,坚宝国际,1.0,1997-01-02,1.05,1.05,5.0,,,,
00676,0676.HK,创信国际,1.08,1996-10-11,1.22,1.22,12.962962962963,,,,
00677,0677.HK,金源发展国际实业,1.18,1991-01-28,1.8,1.8,52.5423728813559,,,,
00679,0679.HK,亚洲联网科技,1.12,1991-01-31,25.0,25.0,2132.14285714286,,,,
00681,0681.HK,中民控股,1.0,1997-04-24,1.48,1.48,48.0,,,,
00682,0682.HK,超大现代,1.52,2000-12-15,1.6,1.53,0.657894736842106,3.4,,,
00683,0683.HK,嘉里建设,17.5,1996-08-05,17.5,17.5,0.0,,,,
00684,0684.HK,亚伦国际,1.03,1992-11-10,1.2,1.2,16.504854368932,,,,
00685,0685.HK,世界华文媒体,2.9,1991-03-22,2.97,2.97,2.41379310344829,,,,
00686,0686.HK,北京能源国际,1.2,2000-04-13,1.23,1.39,15.8333333333333,0.6705,,,
00687,0687.HK,泰升集团,,1991-03-26,1.32,1.32,,,,,
00688,0688.HK,中国海外发展,1.03,1992-08-20,1.7,1.7,65.0485436893204,,,,
00689,0689.HK,长盈集团(控股),1.03,1991-04-15,1.12,1.12,8.73786407766991,,,,
00690,0690.HK,联康生物科技集团,1.0,2001-11-12,1.02,1.02,2.0,1.5059,1.0,,
00691,0691.HK,山水水泥,2.8,2008-07-04,2.75,3.0,7.14285714285715,2.15,,,80.01
00693,0693.HK,陈唱国际,,1998-07-07,0.75,0.41,,,,,
00694,0694.HK,北京首都机场股份,1.87,2000-02-01,1.7,1.79,-4.27807486631016,0.197,1.0,,
00695,0695.HK,东吴水泥,1.1,2012-06-13,1.17,1.15,4.54545454545453,0.88,,,100.0
00696,0696.HK,中国民航信息网络,4.1,2001-02-07,4.4,4.775,16.4634146341464,7.14,,,
00697,0697.HK,首程控股,,1991-04-30,0.45,0.45,,,,,
00698,0698.HK,通达集团,1.0,2000-12-22,1.0,0.66,-34.0,1.7,2.013,,
00699,0699.HK,均胜电子,22.0,2025-11-06,21.5,20.24,-8.00000000000001,147.67,9.78,94653.0,16.0
00700,0700.HK,腾讯控股,3.7,2004-06-16,4.375,4.15,12.1621621621622,159.0,,,100.0
00701,0701.HK,CNT GROUP,,1991-05-21,1.33,1.33,,,,,
00702,0702.HK,中国油气控股,0.8,2000-02-09,0.85,0.84,4.99999999999999,1.0324,,,
00703,0703.HK,FUTURE BRIGHT,0.34,2002-08-15,0.34,0.32,-5.88235294117648,1.07,1.03,,
00704,0704.HK,和嘉控股,1.0,1991-05-27,1.08,1.08,8.00000000000001,,,,
00707,0707.HK,亚洲电视控股,1.16,2006-03-30,1.3,1.39,19.8275862068966,115.6,10.0,,60.0
00708,0708.HK,恒大汽车,0.68,2008-02-12,1.1,1.44,111.764705882353,48.21,,,12.65
00709,0709.HK,佐丹奴国际,1.18,1991-06-19,0.475,0.475,-59.7457627118644,,,,
00710,0710.HK,京东方精电,2.75,1991-07-01,2.95,2.95,7.27272727272728,,,,
00711,0711.HK,亚洲联合基建控股,1.0,1993-02-12,1.19,1.19,19.0,,,,
00712,0712.HK,卡姆丹克太阳能,2.1,2009-10-30,2.18,1.98,-5.71428571428572,13.09,,,29.99
00713,0713.HK,世界(集团),1.03,1993-04-15,1.5,1.5,45.631067961165,,,,
00716,0716.HK,胜狮货柜,1.38,1993-07-08,2.0,2.0,44.9275362318841,,,,
00717,0717.HK,英皇资本,0.38,2007-04-24,0.57,0.68,78.9473684210526,51.0,,,8.0
00718,0718.HK,太和控股,1.28,1995-10-02,1.4,1.4,9.37499999999999,,,,
00719,0719.HK,山东新华制药股份,1.82,1996-12-31,1.82,1.82,0.0,,,,
00720,0720.HK,意达利控股,1.37,1991-07-16,1.58,1.58,15.3284671532847,,,,
00721,0721.HK,中国金融国际,1.0,2001-06-08,1.05,1.11,11.0,,,,
00722,0722.HK,联合医务,2.06,2015-11-27,1.81,1.93,-6.31067961165049,16.08,,,100.0
00723,0723.HK,信保环球控股,1.1,1991-07-18,1.24,1.12,1.81818181818182,,,,
00725,0725.HK,恒都集团,1.07,1996-12-30,1.1,1.1,2.80373831775701,,,,
00726,0726.HK,筑友智造科技,1.01,1991-07-25,1.18,1.18,16.8316831683168,,,,
00727,0727.HK,中国丰汇,8.0,1998-01-16,8.2,8.0,0.0,,,,
00728,0728.HK,中国电信,1.47,2002-11-15,1.39,1.45,-1.36054421768708,3.7,,,
00730,0730.HK,首惠产业金融,,1991-08-08,3.65,3.65,,,,,
00731,0731.HK,建发新胜,1.28,1995-12-01,1.25,1.25,-2.34375,,,,
00732,0732.HK,信利国际,1.02,1991-07-29,1.0,1.0,-1.96078431372549,,,,
00733,0733.HK,合富辉煌,1.5,2004-07-15,1.35,1.36,-9.33333333333333,11.2274,,,
00736,0736.HK,中国置业投资,,1992-09-30,1.02,1.0,,,,,
00737,0737.HK,湾区发展,4.18,2003-08-06,4.15,3.925,-6.10047846889952,4.45,2.0,,
00738,0738.HK,莱尔斯丹,1.3,1992-12-11,1.5,1.5,15.3846153846154,,,,
00743,0743.HK,亚洲水泥(中国),4.95,2008-05-20,8.0,6.83,37.979797979798,4.31,,,50.01
00745,0745.HK,中国国家文化产业,0.25,2004-10-13,0.28,0.255,2.0,5.4,2.5,,
00746,0746.HK,理文化工,,2002-01-16,0.53,0.53,,,,,
00747,0747.HK,沈阳公用发展股份,1.7,1999-12-16,1.7,1.38,-18.8235294117647,32.5,,,
00750,0750.HK,水发兴业能源,1.05,2009-01-13,1.07,1.18,12.3809523809524,69.6,,,100.0
00751,0751.HK,创维集团,2.07,2000-04-07,2.08,2.85,37.6811594202899,,,,
00752,0752.HK,PICO FAR EAST,1.0,1992-09-28,1.08,1.08,8.00000000000001,,,,
00753,0753.HK,中国国航,2.98,2004-12-15,3.15,3.22,8.05369127516779,82.7,,,
00754,0754.HK,合生创展集团,2.7,1998-05-27,2.8,2.6,-3.70370370370371,,,,
00755,0755.HK,大方广瑞德,0.8,1992-10-27,12.5,12.5,1462.5,,,,
00756,0756.HK,森美控股,0.63,2008-07-10,0.6,0.7,11.1111111111111,0.331,,,100.0
00757,0757.HK,阳光能源,2.92,2008-03-31,2.92,2.93,0.342465753424665,0.826,,,100.0
00759,0759.HK,CEC INT'L HOLD,1.1,1999-11-15,1.23,1.4,27.2727272727273,,,,
00760,0760.HK,新天地产集团,1.06,1995-08-08,1.1,1.1,3.77358490566038,,,,
00762,0762.HK,中国联通,15.42,2000-06-22,17.0,16.8,8.94941634241246,3.01,,,
00763,0763.HK,中兴通讯,22.0,2004-12-09,24.3,24.4,10.9090909090909,254.0,24.0,,
00764,0764.HK,永恒策略,1.33,2000-02-15,1.36,1.44,8.27067669172931,1.3766,,,
00765,0765.HK,PERFECTECH INTL,1.03,1992-10-23,1.1,1.1,6.79611650485437,,,,
00767,0767.HK,中基长寿科学,1.15,1995-11-20,1.2,1.2,4.34782608695653,,,,
00768,0768.HK,开明投资,1.0,2000-01-18,1.2,1.47,47.0,1.08,,,
00769,0769.HK,中国稀土,0.93,1999-10-15,0.99,0.81,-12.9032258064516,,,,
00770,0770.HK,SHANGHAI GROWTH,10.4,1993-11-30,81.1,81.1,679.807692307692,,,,
00771,0771.HK,自动系统,1.18,1997-11-05,0.99,0.99,-16.1016949152542,,,,
00772,0772.HK,阅文集团,55.0,2017-11-08,90.0,102.4,86.1818181818182,625.95,,418059.0,7.72
00775,0775.HK,长江生命科技,2.0,2002-07-16,2.2,2.15,7.5,121.0,,,
00776,0776.HK,帝国科技集团,0.8,2005-10-13,0.84,0.83,3.74999999999999,,,,
00777,0777.HK,网龙,13.18,2007-11-02,19.0,16.52,25.3414264036419,,,,
00778,0778.HK,置富产业信托,,2010-04-20,3.94,3.84,-69.2307692307692,,,,
00780,0780.HK,同程旅行,9.8,2018-11-26,10.78,12.4,26.530612244898,2.72,,7500.0,100.0
00784,0784.HK,凌锐控股,0.5,2017-12-28,0.62,0.5,0.0,23.4,1.4,3819.0,60.07
00788,0788.HK,中国铁塔,1.26,2018-08-08,1.26,1.26,0.0,1.36,,45819.0,100.0
00789,0789.HK,雅天妮集团,2.22,2008-05-16,2.2,2.0,-9.90990990990992,0.503,,,100.0
00794,0794.HK,锦胜集团(控股),1.12,2009-02-26,1.18,1.2,7.14285714285713,15.41,,,100.0
00797,0797.HK,第七大道,1.5,2018-07-18,1.51,1.47,-2.0,0.9109,1.21,6194.0,100.0
00798,0798.HK,中电光谷,0.83,2014-03-28,0.79,0.76,-8.43373493975903,0.39,,,100.0
00799,0799.HK,IGG,2.8,2013-10-18,4.68,3.08,10.0,,,,
00800,0800.HK,文远知行-W,27.1,2025-11-06,24.98,24.4,-9.96309963099632,73.44,9.85,64949.0,6.64
00804,0804.HK,鼎石资本,0.5,2015-06-12,2.42,8.28,1556.0,,,,
00805,0805.HK,新吉奥房车,1.27,2025-01-13,0.98,0.98,-22.8346456692913,2.52,1.01,2336.0,80.04
00806,0806.HK,惠理集团,7.63,2007-11-22,7.4,7.63,0.0,110.0,,,30.0
00807,0807.HK,上海实业环境,,2018-03-23,3.2,3.13,,,,,
00808,0808.HK,泓富产业信托,2.16,2005-12-16,2.75,2.6,20.3703703703704,260.0,,,
00809,0809.HK,大成生化科技,1.02,2001-03-16,1.05,0.84,-17.6470588235294,2.8114,1.89,,
00810,0810.HK,中国铸晨81,1.0,2002-02-28,1.03,0.72,-28.0,1.1,,,
00811,0811.HK,新华文轩,5.8,2007-05-30,5.5,5.55,-4.31034482758621,120.82,,,60.0
00813,0813.HK,世茂集团,6.25,2006-07-05,6.55,6.6,5.59999999999999,0.5373,,,
00814,0814.HK,北京京客隆,4.5,2006-09-25,6.25,5.5,22.2222222222222,547.0,,,
00815,0815.HK,中国白银集团,1.18,2012-12-28,1.35,1.39,17.7966101694915,8.76,,,60.13
00816,0816.HK,金茂服务,8.14,2022-03-10,7.4,5.8,-28.7469287469288,1.2,1.4,3879.0,81.41
00817,0817.HK,中国金茂,2.35,2007-08-17,2.1,2.18,-7.23404255319149,170.0,,,50.0
00818,0818.HK,高阳科技,3.125,1997-12-22,3.225,3.125,0.0,,,,
00819,0819.HK,天能动力,1.92,2007-06-11,2.05,1.97,2.60416666666667,73.4,,,30.0
00821,0821.HK,汇盈控股,0.7,2001-04-09,0.74,0.75,7.14285714285715,13.61,2.27,,
00822,0822.HK,嘉瑞国际,1.35,2007-06-27,1.37,1.25,-7.40740740740741,12.43,,,6.19
00823,0823.HK,领展房产基金,10.3,2005-11-25,11.2,11.8,14.5631067961165,19.0,19.0,,
00825,0825.HK,新世界百货中国,5.8,2007-07-12,6.6,5.95,2.58620689655173,62.1,,,40.0
00826,0826.HK,天工国际,6.36,2007-07-26,11.2,11.56,81.7610062893082,668.5,,,2.28
00827,0827.HK,玖源集团,0.4,2003-07-10,0.41,0.51,27.5,1.8,1.6,,
00828,0828.HK,王朝酒业,2.25,2005-01-26,2.925,3.125,38.8888888888889,625.0,,,
00829,0829.HK,神冠控股,3.1,2009-10-13,4.2,4.33,39.6774193548387,3.3,,,100.0
00830,0830.HK,中国建筑兴业,1.18,2010-03-30,1.45,1.29,9.32203389830509,2.34,,,50.0
00831,0831.HK,利亚零售,1.15,2001-01-18,1.21,1.15,0.0,6.5,15.0,,
00832,0832.HK,建业地产,2.75,2008-06-06,2.64,2.67,-2.90909090909091,0.746,,,100.0
00833,0833.HK,华讯,0.8,2005-07-15,0.8,0.8,0.0,2.38,,,
00834,0834.HK,盛融控股,,2008-12-22,1.15,1.7,,,,,
00836,0836.HK,华润电力,2.8,2003-11-12,3.0,2.75,-1.78571428571428,47.0,,,
00837,0837.HK,谭木匠,2.58,2009-12-29,3.5,3.93,52.3255813953488,339.5,,,4.54
00838,0838.HK,亿和控股,1.1,2005-05-11,1.14,1.09,-0.90909090909091,13.7,1.8,,
00839,0839.HK,中教控股,6.45,2017-12-15,6.35,6.33,-1.86046511627907,4.01,,,50.02
00840,0840.HK,天业节水,1.18,2006-02-28,1.87,1.56,32.2033898305085,,,,
00841,0841.HK,木薯资源,1.02,2009-03-23,1.1,1.2,17.6470588235294,3.6,,,80.22
00842,0842.HK,理士国际,5.35,2010-11-16,5.35,4.67,-12.7102803738318,259.0,,,20.0
00844,0844.HK,广泰国际控股,0.8,2011-11-24,1.05,0.95,18.75,6.98,,,100.0
00845,0845.HK,恒盛地产,4.4,2009-10-02,3.59,3.76,-14.5454545454546,52.42,,,50.0
00846,0846.HK,明发集团,2.39,2009-11-13,2.29,2.15,-10.0418410041841,0.818,,,100.0
00848,0848.HK,茂业国际,3.1,2008-05-05,3.14,3.04,-1.93548387096774,1.67,,,100.0
00851,0851.HK,盛源控股,1.13,1998-12-02,1.18,1.18,4.42477876106195,,,,
00852,0852.HK,海峡石油化工,2.5,2009-01-12,2.61,2.46,-1.6,3.11,,,100.0
00853,0853.HK,微创医疗,6.1,2010-09-24,7.25,8.29,35.9016393442623,225.27,,,50.0
00854,0854.HK,威雅利,,2013-12-06,1.04,1.15,,,,,
00855,0855.HK,中国水务,0.8,1999-10-11,0.88,1.13,41.25,,,,
00856,0856.HK,伟仕佳杰,0.25,2002-05-09,0.305,0.28,12.0,133.07,2.02,,
00857,0857.HK,中国石油股份,1.27,2000-04-07,1.28,1.21,-4.7244094488189,1.055,,,
00858,0858.HK,精优药业,1.0,1999-03-10,1.03,1.1,10.0,,,,
00859,0859.HK,中昌国际控股,1.07,2000-06-15,1.1,0.96,-10.2803738317757,1.91,2.03,,
00860,0860.HK,APOLLO出行,0.36,2002-09-03,0.4,0.395,9.72222222222223,13.17,1.5,,
00861,0861.HK,神州控股,3.68,2001-06-01,3.75,4.0,8.69565217391304,82.9,,,
00862,0862.HK,远见控股,1.0,1998-10-14,1.03,1.1,10.0,,,,
00863,0863.HK,OSL集团,1.98,2012-04-27,2.18,2.06,4.04040404040404,,,,
00864,0864.HK,永利地产发展,,2013-03-19,1.06,0.94,,,,,
00865,0865.HK,建德国际控股,0.82,2000-12-29,0.85,0.89,8.53658536585367,,2.84,,
00866,0866.HK,中国秦发,2.52,2009-07-03,2.65,2.68,6.34920634920635,98.0,,,6.0506
00867,0867.HK,康哲药业,5.06,2010-09-28,5.85,5.64,11.4624505928854,86.0,,,20.0
00868,0868.HK,信义玻璃,2.0,2005-02-03,2.0,2.0,0.0,56.6,,,
00869,0869.HK,彩星玩具,,2008-02-01,0.61,0.64,4.91803278688525,,,,
00871,0871.HK,中国疏浚环保,3.19,2011-06-20,2.87,2.45,-23.1974921630094,1.57,,,100.0
00873,0873.HK,世茂服务,16.6,2020-10-30,15.8,16.6,0.0,13.86,10.9,46108.0,50.0
00874,0874.HK,白云山,1.65,1997-10-30,1.68,1.68,1.81818181818182,,,,
00875,0875.HK,从玉智农,0.8,1998-07-03,0.88,0.57,-28.75,,,,
00876,0876.HK,佳兆业健康,1.0,1997-04-10,2.1,1.53,53.0,,,,
00878,0878.HK,金朝阳集团,2.18,1997-03-21,3.1,3.1,42.2018348623853,,,,
00880,0880.HK,澳博控股,3.08,2008-07-16,3.08,3.04,-1.2987012987013,,,,100.0
00881,0881.HK,中升控股,10.0,2010-03-26,10.0,10.72,7.20000000000001,1.24,,,100.0
00882,0882.HK,天津发展,6.6,1997-12-10,8.0,8.0,21.2121212121212,,,,
00883,0883.HK,中国海洋石油,5.95,2001-02-28,6.3,7.0,17.6470588235294,3.17,,,
00884,0884.HK,旭辉控股集团,1.33,2012-11-23,1.33,1.31,-1.50375939849624,1.19,,,100.0
00887,0887.HK,英皇钟表珠宝,0.43,2008-07-21,0.59,0.465,8.13953488372094,98.6,,,15.0
00888,0888.HK,链信控股,2.25,2001-06-28,2.65,2.65,17.7777777777778,156.0,15.89,,
00889,0889.HK,连达科技控股,1.0,2001-06-22,1.1,1.07,7.00000000000001,38.5,5.465,,
00893,0893.HK,中国铁钛,3.5,2009-10-08,3.57,3.68,5.14285714285715,40.6,,,50.0
00894,0894.HK,万裕科技,1.08,1997-03-05,1.2,1.2,11.1111111111111,,,,
00895,0895.HK,东江环保,0.338,2003-01-29,0.42,0.4,18.3431952662722,,10.2,,
00896,0896.HK,兴胜创建,,2002-01-10,1.38,0.84,,,,,
00897,0897.HK,位元堂,,1997-10-31,1.8,1.8,,,,,
00898,0898.HK,万事昌国际,1.0,1998-07-31,1.03,1.05,5.0,,,,
00899,0899.HK,中加国信,1.0,1997-10-24,0.76,0.76,-24.0,,,,
00900,0900.HK,AEON CREDIT,1.26,1995-09-14,1.3,1.3,3.17460317460318,,,,
00901,0901.HK,华曦达,32.8,2026-05-27,65.8,61.2,86.5853658536586,1971.99,2.23,177196.0,2.0
00902,0902.HK,华能国际电力股份,,1998-01-21,1.896,1.896,,,,,
00905,0905.HK,胡桃资本,1.0,1998-07-17,1.09,1.09,9.00000000000001,,,,
00907,0907.HK,高雅光学,1.08,1996-04-11,1.18,1.18,9.25925925925925,,,,
00909,0909.HK,明源云,16.5,2020-09-25,25.8,30.7,86.0606060606061,644.25,45.0,428936.0,10.0
00910,0910.HK,中国三迪,1.0,1998-12-01,1.0,1.03,3.0,,,,
00911,0911.HK,前海健康,1.98,2014-06-27,1.48,1.5,-24.2424242424242,51.45,,,100.0
00912,0912.HK,信佳国际,1.0,2002-09-18,0.96,1.02,2.0,2.63,1.26,,
00913,0913.HK,港湾数字,1.0,1999-10-27,1.02,0.99,-1.0,,,,
00914,0914.HK,海螺水泥,2.28,1997-10-21,2.25,2.25,-1.3157894736842,,,,
00915,0915.HK,道和环球,1.68,2002-05-10,1.89,2.25,33.9285714285714,130.273,20.1,,
00916,0916.HK,龙源电力,8.16,2009-12-10,9.2,8.93,9.43627450980392,235.58,,,30.0
00917,0917.HK,趣致集团,25.0,2024-05-27,33.0,35.0,40.0,12.05,1.11,5765.0,60.02
00918,0918.HK,龙翼航空科技,1.0,1997-10-15,0.86,0.86,-14.0,,,,
00919,0919.HK,现代健康科技,1.0,2006-02-09,0.79,0.91,-9.0,9.1,,,100.0
00921,0921.HK,海信家电,3.67,1996-07-23,3.62,3.62,-1.36239782016348,,,,
00922,0922.HK,安贤园中国,1.35,1999-12-21,1.3,1.06,-21.4814814814815,,28.0,,
00923,0923.HK,综合环保集团,2.3,2010-03-31,2.88,2.7,17.3913043478261,470.59,,,50.0
00924,0924.HK,坤集团,0.5,2019-07-05,1.0,1.16,132.0,13.36,,8590.0,6.83
00926,0926.HK,碧生源,3.12,2010-09-29,3.53,3.58,14.7435897435897,20.9,,,50.02
00927,0927.HK,富士高实业,1.0,2000-04-11,1.1,1.58,58.0,13.41,,,
00928,0928.HK,帝王国际投资,0.385,2002-04-29,0.475,0.455,18.1818181818182,114.0558,4.41,,
00929,0929.HK,国际精密,0.77,2004-11-01,0.8,0.78,1.2987012987013,18.896,5.1,,
00931,0931.HK,中国港能,0.6,2001-10-24,0.61,0.59,-1.66666666666667,1.8826,1.6,,
00932,0932.HK,顺腾国际控股,1.07,2013-10-11,2.0,2.79,160.747663551402,,,,
00933,0933.HK,非凡领越,1.38,2000-04-06,1.2,0.65,-52.8985507246377,,,,
00934,0934.HK,中石化冠德,1.02,1999-06-25,1.1,1.08,5.88235294117648,,,,
00936,0936.HK,佳兆业资本,1.0,2010-07-19,1.1,1.12,12.0,22.45,1.27,,100.0
00938,0938.HK,民生国际,1.08,1997-09-26,1.65,1.65,52.7777777777778,,,,
00939,0939.HK,建设银行,2.35,2005-10-27,2.35,2.35,0.0,43.0,,,
00941,0941.HK,中国移动,11.68,1997-10-23,10.5,10.5,-10.1027397260274,,,,
00943,0943.HK,中证国际,1.08,1997-06-25,1.32,1.32,22.2222222222222,,,,
00945,0945.HK,宏利金融-S,,1999-09-27,93.0,92.5,,,,,
00947,0947.HK,摩比发展,3.38,2009-12-17,3.95,3.05,-9.76331360946746,217.0,,,29.99
00948,0948.HK,阿尔法企业,1.8,2010-03-01,1.83,1.87,3.88888888888889,1.5,,,100.0
00950,0950.HK,李氏大药厂,0.4,2002-07-15,0.48,0.52,30.0,,1.1,,
00951,0951.HK,超威动力,2.18,2010-07-07,2.16,1.98,-9.17431192660551,9.98,,,70.02
00952,0952.HK,华富建业金融,1.0,1997-09-24,1.45,1.45,45.0,,,,
00953,0953.HK,邵氏兄弟控股,1.43,2010-02-01,1.3,1.44,0.6993006993007,439.74,,,50.01
00954,0954.HK,常茂生物,0.55,2002-06-28,0.62,0.77,40.0,,13.0,,
00956,0956.HK,新天绿色能源,2.66,2010-10-13,2.6,2.64,-0.751879699248121,242.19,,,60.0
00959,0959.HK,世纪娱乐国际,1.11,1997-10-03,1.28,1.28,15.3153153153153,,,,
00960,0960.HK,龙湖集团,7.07,2009-11-19,7.2,8.01,13.2956152758133,57.51,,,50.01
00966,0966.HK,中国太平,1.43,2000-06-29,2.0,1.67,16.7832167832168,50.1,,,
00968,0968.HK,信义光能,,2013-12-12,0.95,1.14,,,,,
00969,0969.HK,华联国际,1.0,2000-02-02,1.0,0.79,-21.0,1.02,1.0,,
00970,0970.HK,新耀莱,1.08,1997-09-18,2.2,3.225,198.611111111111,,,,
00974,0974.HK,中国顺客隆,2.88,2015-09-10,2.89,3.03,5.20833333333333,,,,100.0
00975,0975.HK,MONGOL MINING,7.02,2010-10-13,7.02,7.35,4.7008547008547,10.92,,,50.01
00976,0976.HK,齐合环保,2.43,2010-07-12,2.05,2.39,-1.64609053497943,1.19,,,100.0
00978,0978.HK,招商局置地,1.0,1997-10-16,0.9,0.9,-10.0,,,,
00979,0979.HK,绿色能源科技集团,1.65,1997-06-26,1.69,1.69,2.42424242424243,,,,
00980,0980.HK,联华超市,3.875,2003-06-27,4.05,4.25,9.67741935483871,82.6,,,
00981,0981.HK,中芯国际,2.69,2004-03-18,2.42,2.475,-7.99256505576208,272.0,,,
00983,0983.HK,瑞安建业,9.3,1997-02-03,9.45,9.45,1.61290322580644,,,,
00984,0984.HK,永旺,1.6,1994-02-04,2.5,2.5,56.25,,,,
00986,0986.HK,杜甫酒业集团,1.0,1994-02-02,1.44,1.44,44.0,,,,
00987,0987.HK,中国再生能源投资,1.78,1994-01-27,1.3,1.66,-6.74157303370787,,,,
00989,0989.HK,中国长白山国际,0.32,1997-10-20,3.0,3.0,837.5,,,,
00990,0990.HK,至源控股,1.08,1994-01-25,1.75,1.75,62.037037037037,,,,
00991,0991.HK,大唐发电,2.52,1997-03-21,3.1,3.1,23.015873015873,,,,
00992,0992.HK,联想集团,1.33,1994-02-14,2.08,2.08,56.390977443609,,,,
00993,0993.HK,信控国际资本,1.05,1994-02-16,1.4,1.4,33.3333333333333,,,,
00994,0994.HK,中天宏信,0.86,2017-07-17,1.3,1.12,30.2325581395349,417.9,,8474.0,100.0
00995,0995.HK,安徽皖通高速公路,1.77,1996-11-13,1.77,1.77,0.0,,,,
00997,0997.HK,普汇中金国际,1.52,2000-03-10,1.99,1.53,0.657894736842106,1.8624,1.0,,
00998,0998.HK,中信银行,5.86,2007-04-27,7.08,6.68,13.9931740614334,229.93,,,30.0
00999,0999.HK,小菜园,8.5,2024-12-20,9.0,9.66,13.6470588235294,1.44,1.29,2488.0,100.0
01000,1000.HK,北青传媒,18.95,2004-12-22,23.75,22.7,19.7889182058048,422.0,,,
01001,1001.HK,沪港联合,1.08,1994-02-18,1.28,1.28,18.5185185185185,,,,
01002,1002.HK,威铖国际,0.43,2002-02-08,0.45,0.465,8.13953488372094,,,,
01003,1003.HK,欢喜传媒,1.02,1994-02-21,0.96,0.96,-5.88235294117648,,,,
01004,1004.HK,中国智慧能源,1.0,1997-10-09,0.96,0.96,-4.0,,,,
01005,1005.HK,MATRIX HOLDINGS,1.0,1994-02-18,1.0,1.0,0.0,,,,
01007,1007.HK,龙辉国际控股,4.39,2010-10-28,4.5,3.94,-10.250569476082,12.79,,,50.01
01008,1008.HK,力图控股,1.25,2009-03-30,1.25,1.32,5.6,5.69,1.48,,100.0
01009,1009.HK,国际娱乐,0.68,2000-07-31,0.7,0.62,-8.82352941176471,,,,
01010,1010.HK,天玺曜11,1.23,1994-02-18,1.5,1.5,21.9512195121951,,,,
01011,1011.HK,泰凌医药,4.54,2011-04-20,4.2,3.82,-15.8590308370044,5.88,,,90.03
01013,1013.HK,伟俊集团控股,1.03,1997-02-03,1.5,1.5,45.631067961165,,,,
01020,1020.HK,中细软科技,0.76,2010-07-07,0.78,0.71,-6.57894736842106,208.5,,,70.03
01021,1021.HK,华沿机器人,17.0,2026-03-30,16.8,18.4,8.23529411764705,5059.38,16.65,227070.0,5.0
01022,1022.HK,飞鱼科技,2.2,2014-12-05,2.26,2.21,0.454545454545445,5.01,,,100.0
01023,1023.HK,时代集团控股,2.95,2011-12-06,2.97,3.01,2.03389830508473,4.25,,,80.0
01024,1024.HK,快手-W,115.0,2021-02-05,338.0,300.0,160.869565217391,1204.16,39.0,1422977.0,4.0
01025,1025.HK,嘉艺控股,0.98,2019-02-28,0.99,1.06,8.16326530612246,19.3,1.01,9794.0,48.56
01026,1026.HK,环球实业科技,0.21,2001-10-26,0.24,0.24,14.2857142857143,,3.0,,
01027,1027.HK,亚洲策略科技,1.1,2015-02-13,1.2,1.72,56.3636363636363,1.71,,,100.0
01028,1028.HK,千百度,2.3,2011-09-23,2.3,1.96,-14.7826086956522,0.19,,,100.0
01029,1029.HK,铁货,1.8,2010-10-21,1.78,1.65,-8.33333333333334,0.24,,,100.0
01030,1030.HK,新城发展,1.45,2012-11-29,1.45,1.47,1.37931034482759,0.25,,,100.0
01033,1033.HK,中石化油服,2.38,1994-03-29,2.38,2.38,0.0,,,,
01036,1036.HK,万科海外,,1996-11-08,8.0,8.0,,,,,
01037,1037.HK,云智汇科技,1.17,1994-04-14,1.28,1.28,9.40170940170941,,,,
01038,1038.HK,长江基建集团,12.65,1996-07-17,13.0,13.0,2.76679841897233,,,,
01039,1039.HK,畅由国际集团,4.0,2010-09-24,3.85,4.5,12.5,116.54,,,50.01
01044,1044.HK,恒安国际,2.8,1998-12-08,3.3,3.4,21.4285714285714,,,,
01045,1045.HK,亚太卫星,13.4,1996-12-18,13.5,13.5,0.746268656716415,,,,
01046,1046.HK,寰宇娱乐文化,1.22,1999-07-20,1.3,1.23,0.819672131147542,,,,
01047,1047.HK,毅兴行,1.36,1994-04-25,1.31,1.31,-3.6764705882353,,,,
01049,1049.HK,时富投资,1.0,1994-04-27,1.1,1.1,10.0,,,,
01050,1050.HK,嘉利国际,1.15,1996-12-16,1.4,1.4,21.7391304347826,,,,
01051,1051.HK,国际资源,1.0,1994-04-29,1.02,1.04,4.0,,,,
01052,1052.HK,越秀交通基建,3.23,1997-01-30,4.5,4.5,39.3188854489164,,,,
01053,1053.HK,重庆钢铁股份,1.71,1997-10-17,1.74,1.74,1.75438596491228,,,,
01055,1055.HK,中国南方航空股份,4.7,1997-07-31,4.9,4.9,4.25531914893617,,,,
01057,1057.HK,浙江世宝,1.5,2006-05-16,1.75,1.61,7.33333333333334,,,,
01058,1058.HK,南粤控股,1.03,1996-12-16,2.25,2.25,118.446601941748,,,,
01059,1059.HK,看通集团,,1997-01-23,2.05,2.05,,,,,
01060,1060.HK,大麦娱乐,1.22,1994-05-12,1.38,1.38,13.1147540983606,,,,
01061,1061.HK,亿胜生物科技,0.5,2001-06-27,1.07,0.98,96.0,,4.5,,
01062,1062.HK,国开国际投资,,1994-05-10,1.28,1.28,,,,,
01063,1063.HK,新确科技,1.0,1994-05-10,1.02,1.02,2.0,,,,
01064,1064.HK,中华国际,2.08,1997-10-13,1.9,1.9,-8.65384615384616,,,,
01065,1065.HK,天津创业环保股份,1.2,1994-05-17,1.3,1.3,8.33333333333334,,,,
01066,1066.HK,威高股份,0.62,2004-02-27,0.91,0.7,12.9032258064516,,7.5,,
01068,1068.HK,雨润食品,3.7,2005-10-03,4.05,3.775,2.02702702702702,156.0,,,
01069,1069.HK,中国健康科技集团,0.3,2009-10-08,1.0,0.63,110.0,,,,
01070,1070.HK,TCL电子,1.75,1999-11-26,2.2,2.425,38.5714285714286,,,,
01071,1071.HK,华电国际电力股份,1.58,1999-06-30,1.75,1.75,10.7594936708861,,,,
01072,1072.HK,东方电气,2.83,1994-06-06,3.33,3.33,17.6678445229682,,,,
01073,1073.HK,大禹金融,,2002-01-04,2.0,1.92,,,,,
01075,1075.HK,首都信息,0.48,2001-12-21,0.55,0.44,-8.33333333333333,,,,
01079,1079.HK,松景科技,1.5,1999-11-26,2.8,1.75,16.6666666666667,66.0,,,
01080,1080.HK,胜利管道,2.2,2009-12-18,2.19,1.86,-15.4545454545455,140.48,,,50.0
01081,1081.HK,大金重工,66.4,2026-06-05,66.4,66.4,0.0,134.39,10.68,122627.0,3.0
01082,1082.HK,源宇宙教育,1.3,2011-07-04,1.68,1.39,6.92307692307691,26.8,,,100.0
01083,1083.HK,港华智慧能源,0.57,2001-04-20,0.68,0.84,47.3684210526316,,2.2,,
01084,1084.HK,绿新生物科技,1.16,2019-10-17,1.77,1.35,16.3793103448276,1.59,,3337.0,100.0
01085,1085.HK,亨鑫科技,2.25,2010-12-23,2.25,2.22,-1.33333333333332,2.4,,,100.0
01086,1086.HK,好孩子国际,4.9,2010-11-24,6.0,5.8,18.3673469387755,1459.77,,,5.0
01087,1087.HK,威讯控股,2.8,2010-11-16,2.59,2.42,-13.5714285714286,117.2,,,10.01
01088,1088.HK,中国神华,7.5,2005-06-15,7.65,7.3,-2.66666666666667,15.64,,,
01090,1090.HK,大明国际,2.1,2010-12-01,2.1,2.12,0.952380952380953,0.57,,,100.0
01091,1091.HK,南方锰业,2.75,2010-11-18,2.7,2.92,6.18181818181818,321.06,,,50.0
01093,1093.HK,石药集团,1.05,1994-06-21,1.0,1.0,-4.76190476190477,,,,
01094,1094.HK,承辉国际,0.5,2002-07-03,0.51,0.61,22.0,15.4,3.11,,
01097,1097.HK,有线宽频,10.39,1999-11-24,12.5,15.75,51.5880654475457,6.3,,,
01098,1098.HK,路劲,8.4,1996-07-04,8.5,8.5,1.19047619047619,,,,
01099,1099.HK,国药控股,16.0,2009-09-23,19.4,18.52,15.75,570.11,,,6.0
01100,1100.HK,飞达控股,1.0,2000-12-13,1.08,1.1,10.0,1.877,2.45,,
01101,1101.HK,华荣能源,8.0,2010-11-19,8.202,7.96,-0.5,22.61,,,30.0
01102,1102.HK,环能国际,0.38,2003-02-18,0.38,0.38,0.0,,1.0083,,
01104,1104.HK,亚太资源,1.0,1998-12-29,1.01,1.01,1.0,,,,
01105,1105.HK,星岛,1.0,1996-07-10,1.14,1.14,14.0,,,,
01107,1107.HK,当代置业,1.49,2013-07-12,1.49,1.49,0.0,0.12,,,100.0
01108,1108.HK,凯盛新能,3.65,1994-07-08,3.31,3.31,-9.31506849315068,,,,
01109,1109.HK,华润置地,2.36,1996-11-08,3.0,3.0,27.1186440677966,,,,
01110,1110.HK,金活医药集团,1.6,2010-11-25,1.82,2.05,28.125,457.0,,,20.0
01111,1111.HK,华视集团控股,1.04,2023-11-10,1.65,1.62,55.7692307692308,12.62,1.09,5017.0,10.56
01112,1112.HK,H&H国际控股,11.0,2010-12-17,10.6,10.44,-5.0909090909091,15.68,,,60.0
01113,1113.HK,长实集团,,2015-06-03,70.0,74.1,,,,,
01114,1114.HK,华晨中国,29.53,1999-10-22,29.1,28.9,-2.13342363697935,,,,
01115,1115.HK,5100藏冰川,3.0,2011-06-30,3.32,3.69,23.0,0.87,,,100.0
01116,1116.HK,慧源同创科技,0.55,2004-06-21,0.44,0.49,-10.9090909090909,10.4,2.51,,
01117,1117.HK,现代牧业,2.89,2010-11-26,2.8,2.51,-13.1487889273356,4.01,,,100.0
01118,1118.HK,高力集团,1.13,1994-07-15,1.13,1.13,0.0,,,,
01119,1119.HK,创梦天地,6.6,2018-12-06,6.6,6.03,-8.63636363636363,12.64,,17644.0,35.0
01120,1120.HK,雅视光学,1.0,1996-11-08,1.85,1.85,85.0,,,,
01121,1121.HK,金阳新能源,2.0,2011-01-28,1.8,1.8,-10.0,9.33,,,80.0
01122,1122.HK,庆铃汽车股份,2.07,1994-08-17,3.0,3.0,44.9275362318841,,,,
01123,1123.HK,中港照相,1.8,1994-09-19,1.75,1.75,-2.77777777777778,,,,
01124,1124.HK,沿海家园,2.38,1997-10-16,1.5,1.5,-36.9747899159664,,,,
01125,1125.HK,丽丰控股,2.8,1997-11-28,3.0,3.0,7.14285714285715,,,,
01126,1126.HK,德林国际,1.2,2002-02-07,1.21,1.1,-8.33333333333332,3.147,2.0,,
01127,1127.HK,狮子山集团,0.7,2011-07-25,0.75,0.63,-9.99999999999999,1.73,,,100.0
01128,1128.HK,永利澳门,10.08,2009-10-09,11.0,10.78,6.94444444444444,4.33,,,80.0
01129,1129.HK,中国水业集团,0.5,2002-01-17,0.55,0.74,48.0,59.396,8.0,,
01130,1130.HK,中国环境资源,1.15,1997-06-03,1.8,1.8,56.5217391304348,,,,
01132,1132.HK,橙天嘉禾,1.93,1994-11-23,2.17,2.17,12.4352331606218,,,,
01133,1133.HK,哈尔滨电气,2.58,1994-12-16,2.6,2.6,0.775193798449613,,,,
01134,1134.HK,恒发光学,1.0,2019-07-16,1.29,1.06,6.00000000000001,29.68,0.91,14101.0,15.0
01137,1137.HK,香港科技探索,1.8,1997-08-04,1.85,1.85,2.77777777777778,,,,
01138,1138.HK,中远海能,1.46,1994-11-11,1.67,1.67,14.3835616438356,,,,
01140,1140.HK,华科智能投资,0.5,2003-03-20,0.53,0.54,8.00000000000001,1.12,1.0,,
01141,1141.HK,民银资本,1.0,1998-03-12,1.1,0.78,-22.0,,,,
01142,1142.HK,能源及能量环球,1.0,2002-11-08,1.02,1.02,2.0,1.8167,2.0,,
01143,1143.HK,中国储能科技发展,1.2,2011-01-27,1.2,1.23,2.5,317.0,,,40.01
01145,1145.HK,勇利投资,,2011-06-24,0.99,1.04,,,,,
01146,1146.HK,汇成国际控股,1.64,2011-12-09,1.56,1.49,-9.14634146341463,10.04,,,100.0
01147,1147.HK,伊登软件,0.25,2020-05-13,0.211,0.163,-34.8,115.63,1.39,33709.0,30.0
01148,1148.HK,新晨动力,2.23,2013-03-13,2.23,2.17,-2.69058295964126,20.4,,,100.0
01150,1150.HK,米兰站,1.67,2011-05-23,2.6,2.77,65.8682634730539,2179.5,,,1.0
01152,1152.HK,正乾金融控股,0.5,2011-10-28,0.54,0.53,6.00000000000001,4.3,,,100.0
01153,1153.HK,佳源服务,3.86,2020-12-09,3.92,3.88,0.518134715025907,2.79,1.63,8929.0,60.0
01156,1156.HK,中科天元,0.98,2020-07-15,1.2,0.7,-28.5714285714286,9.44,1.17,6816.0,8.51
01157,1157.HK,中联重科,14.98,2010-12-23,15.26,16.18,8.01068090787716,8.17,,,80.2
01159,1159.HK,智数科技集团,0.7,1998-03-13,0.72,0.72,2.85714285714286,,,,
01160,1160.HK,金石资本集团,1.0,2004-04-02,1.02,1.03,3.0,,,,
01161,1161.HK,奥思集团,1.08,2002-03-11,1.18,1.18,9.25925925925925,9.917,10.3,,
01162,1162.HK,莹岚集团,0.46,2017-10-25,0.48,0.46,0.0,45.56,,7019.0,60.0
01163,1163.HK,虎视传媒,0.86,2020-07-10,1.05,1.07,24.4186046511628,6.18,,4706.0,45.02
01164,1164.HK,中广核矿业,0.45,2002-02-07,0.46,0.38,-15.5555555555556,,2.07,,
01165,1165.HK,顺风清洁能源,1.11,2011-07-13,1.03,0.99,-10.8108108108108,4.92,,,80.08
01166,1166.HK,星凯控股,1.2,1996-12-12,1.47,1.47,22.5,,,,
01167,1167.HK,加科思-B,14.0,2020-12-21,15.98,14.42,3.0,299.59,10.93,299918.0,15.0
01168,1168.HK,Z FIN,1.15,1998-06-08,1.1,0.87,-24.3478260869565,,,,
01170,1170.HK,信星集团,1.0,1994-09-29,1.17,1.17,17.0,,,,
01171,1171.HK,兖矿能源,2.42,1998-04-01,2.475,2.475,2.27272727272728,,,,
01172,1172.HK,融太集团,1.18,1996-06-12,1.54,1.54,30.5084745762712,,,,
01173,1173.HK,威高国际,1.0,1999-04-19,1.08,1.0,0.0,,,,
01176,1176.HK,珠光控股,2.88,1996-12-09,3.8,3.8,31.9444444444444,,,,
01177,1177.HK,中国生物制药,1.2,2000-09-29,1.3,1.13,-5.83333333333334,,3.0,,
01179,1179.HK,华住集团-S,297.0,2020-09-22,305.0,311.0,4.71380471380471,3.39,6.6,8793.0,100.0
01180,1180.HK,汇彩控股,1.0,1997-01-20,1.3,1.3,30.0,,,,
01181,1181.HK,唐宫中国,1.65,2011-04-19,2.12,2.31,40.0,614.16,,,20.02
01182,1182.HK,胜龙国际,1.0,1994-10-17,5.399,4.602,360.2,,,,
01183,1183.HK,澳能建设,1.25,2018-02-13,1.16,1.37,9.60000000000001,161.8,,15119.0,60.02
01184,1184.HK,S.A.S. DRAGON,1.0,1994-10-17,5.87,5.87,487.0,,,,
01186,1186.HK,中国铁建,10.7,2008-03-13,12.4,12.0,12.1495327102804,293.0,,,10.0
01187,1187.HK,可孚医疗,39.33,2026-05-06,39.84,38.9,-1.09331299262649,399.08,3.4,105939.0,5.0
01188,1188.HK,正道集团,1.0,1995-04-06,1.0,1.0,0.0,,,,
01191,1191.HK,海光芯正,114.0,2026-06-29,199.9,165.0,44.7368421052632,1296.89,15.51,185373.0,4.0
01193,1193.HK,华润燃气,1.65,1994-11-07,1.75,1.75,6.06060606060607,,,,
01195,1195.HK,京维集团,0.9,2001-05-17,1.51,1.45,61.1111111111111,,7.0,,
01196,1196.HK,伟禄科技股份,1.0,1997-01-20,1.2,1.2,20.0,,,,
01198,1198.HK,皇朝家居,1.0,2002-05-15,1.02,0.99,-1.0,25.8,1.0,,
01199,1199.HK,中远海运港口,2.88,1994-12-19,2.32,2.32,-19.4444444444444,,,,
01200,1200.HK,美联集团,1.28,1995-06-08,1.35,1.35,5.46875,,,,
01201,1201.HK,天臣控股,1.08,1998-06-23,1.12,1.13,4.62962962962961,,,,
01202,1202.HK,四威科技,2.8,1994-12-13,2.8,2.8,0.0,,,,
01203,1203.HK,广南(集团),1.03,1994-12-09,9.622,9.988,869.708737864078,,,,
01204,1204.HK,博维智慧,1.08,2022-07-15,1.14,1.22,12.962962962963,10.69,1.03,6721.0,30.01
01205,1205.HK,中信资源,1.08,1997-09-08,1.28,1.28,18.5185185185185,,,,
01206,1206.HK,同方泰德,1.0,2011-10-27,1.01,1.03,3.0,3.18,,,100.0
01208,1208.HK,五矿资源,1.5,1994-12-15,1.21,1.21,-19.3333333333333,,,,
01209,1209.HK,华润万象生活,22.3,2020-12-09,30.8,28.0,25.5605381165919,29.78,11.8,98522.0,100.0
01211,1211.HK,比亚迪股份,10.95,2002-07-31,11.2,12.2,11.4155251141553,2.4,,,
01213,1213.HK,万保刚集团,1.0,2001-05-07,1.1,1.08,8.00000000000001,1.2,,,
01215,1215.HK,开源控股,1.0,1997-01-17,1.3,1.3,30.0,,,,
01216,1216.HK,中原银行,2.45,2017-07-19,2.52,2.49,1.63265306122449,0.39,,1285.0,100.0
01217,1217.HK,中国创新投资,0.25,2002-08-28,0.28,0.345,38.0,1.141,,,
01218,1218.HK,永义国际,1.0,1995-01-30,1.12,1.12,12.0,,,,
01220,1220.HK,志道国际,1.0,1997-09-23,1.4,1.4,40.0,,,,
01221,1221.HK,SINO HOTELS,,1995-03-08,2.5,2.5,,,,,
01222,1222.HK,宏安集团,1.0,1995-02-28,1.23,1.23,23.0,,,,
01223,1223.HK,新沣集团,1.0,1995-03-01,1.02,1.02,2.0,,,,
01224,1224.HK,中渝置地,1.08,1999-04-30,1.05,0.84,-22.2222222222222,,,,
01225,1225.HK,隆成金融,1.0,1998-12-18,1.0,1.01,1.0,,,,
01226,1226.HK,中国投融资,0.5,2002-09-19,0.5,0.5,0.0,1.78,2.5,,
01228,1228.HK,北海康成-B,12.18,2021-12-10,9.8,8.9,-26.9293924466338,1.97,2.8,3197.0,65.99
01229,1229.HK,南南资源,1.0,1995-04-13,1.1,1.1,10.0,,,,
01231,1231.HK,新矿资源,1.75,2011-07-04,1.84,1.73,-1.14285714285714,1.32,,,100.0
01232,1232.HK,金轮天地控股,1.68,2013-01-16,1.99,2.04,21.4285714285714,81.41,,,100.0
01233,1233.HK,时代中国控股,3.6,2013-12-11,3.6,3.55,-1.3888888888889,1.21,,,100.0
01234,1234.HK,中国利郎,3.9,2009-09-25,3.76,3.87,-0.769230769230764,158.23,,,10.0
01235,1235.HK,专业旅运,0.63,2011-09-29,0.56,0.47,-25.3968253968254,16.66,0.7,,70.04
01236,1236.HK,乐动机器人,26.36,2026-05-11,53.5,60.0,127.617602427921,6707.66,9.54,296740.0,0.8
01237,1237.HK,中科生物,1.0,2012-07-06,1.01,1.01,1.0,1.03,,,100.0
01238,1238.HK,宝龙地产,2.75,2009-10-14,3.08,2.8,1.81818181818181,0.2884,,,100.0
01239,1239.HK,TEAMWAY INTL GP,1.25,2011-11-18,1.27,1.27,1.6,2.903,,,80.31
01240,1240.HK,青建国际,0.88,2012-10-18,0.9,1.25,42.0454545454545,3.76,,,100.0
01241,1241.HK,双桦控股,1.16,2011-06-30,1.35,1.46,25.8620689655172,1.59,,,100.0
01243,1243.HK,宏安地产,0.92,2016-04-12,1.03,1.05,14.1304347826087,1.97,,1123.0,100.0
01244,1244.HK,思路迪医药股份,24.98,2022-12-15,29.0,31.45,25.9007205764612,5.97,1.26,2805.0,25.01
01245,1245.HK,NIRAKU,1.18,2015-04-08,1.2,1.19,0.847457627118645,3.05,,,100.0
01246,1246.HK,保集健康,0.93,2013-10-16,1.25,1.09,17.2043010752688,23.6,,,100.0
01247,1247.HK,米格国际控股,2.28,2014-01-15,3.45,2.81,23.2456140350877,1126.04,,,3.0
01250,1250.HK,山高新能源,0.82,2013-07-05,0.89,0.85,3.65853658536586,62.62,,,80.1
01251,1251.HK,华油能源,1.23,2011-12-23,1.09,1.25,1.6260162601626,0.06,,,100.0
01252,1252.HK,中国天瑞水泥,2.41,2011-12-23,2.42,2.94,21.9917012448133,0.0168,,,100.0
01253,1253.HK,绿博生态,1.3,2014-07-21,1.41,1.47,13.0769230769231,0.4275,,,100.0
01255,1255.HK,TATA健康,2.13,2013-07-11,2.23,2.13,0.0,25.4,,,38.03
01257,1257.HK,中国光大绿色环保,5.4,2017-05-08,5.4,5.3,-1.85185185185186,2.39,,3597.0,100.0
01258,1258.HK,中国有色矿业,2.2,2012-06-29,2.2,2.2,0.0,0.049,,,100.0
01259,1259.HK,未来发展控股,2.6,2011-07-15,2.38,2.53,-2.6923076923077,28.7,,,100.0
01260,1260.HK,皓天财经集团,1.39,2012-03-30,1.39,1.34,-3.59712230215826,6.84,,,80.03
01262,1262.HK,蜡笔小新食品,2.65,2011-12-09,2.65,2.2,-16.9811320754717,1.94,,,100.0
01265,1265.HK,天津津燃公用,0.25,2004-01-09,0.465,0.52,108.0,,4.19,,
01268,1268.HK,美东汽车,1.8,2013-12-05,1.87,1.72,-4.44444444444445,1.75,,,100.0
01269,1269.HK,首控集团,1.4,2011-11-23,1.45,1.79,27.8571428571429,4.52,,,100.0
01270,1270.HK,朗廷-SS,5.0,2013-05-30,4.75,4.54,-9.2,11.7,,,100.0
01271,1271.HK,佳明集团控股,1.11,2013-08-09,1.15,1.1,-0.900900900900902,177.0,,,100.0
01272,1272.HK,大唐环境,3.78,2016-11-15,4.43,3.78,0.0,0.087,,719.0,100.0
01273,1273.HK,香港信贷,1.03,2013-10-02,1.0,1.03,0.0,412.97,,,50.02
01274,1274.HK,知行科技,29.65,2023-12-20,29.55,25.85,-12.8161888701518,6.46,1.07,5221.0,100.0
01276,1276.HK,恒瑞医药,44.05,2025-05-23,57.0,55.15,25.1986379114642,454.85,17.09,203874.0,10.0
01277,1277.HK,力量发展,1.26,2012-03-23,1.26,1.2,-4.76190476190477,0.27,0.93,,100.0
01278,1278.HK,中国新城镇,,2010-10-22,1.71,1.2,,,,,
01280,1280.HK,奇点国峰,1.69,2010-03-25,2.23,2.44,44.3786982248521,599.4,,,30.0
01281,1281.HK,鑫达投资控股,0.9,2012-01-12,0.96,1.01,12.2222222222222,0.25,,,100.0
01282,1282.HK,中泽丰,0.95,2010-12-15,0.965,0.96,1.05263157894737,18.0,,,80.0
01283,1283.HK,高升集团控股,0.73,2019-10-18,0.98,0.74,1.36986301369863,81.62,1.05,19943.0,10.0
01284,1284.HK,新传企划,0.92,2023-07-17,0.88,0.93,1.08695652173913,44.2,1.5,11648.0,30.01
01285,1285.HK,嘉士利集团,3.7,2014-09-25,4.18,3.89,5.13513513513513,28.51,,,100.0
01286,1286.HK,鹰普精密,3.0,2019-06-28,3.25,3.01,0.333333333333326,2.72,,10228.0,100.0
01288,1288.HK,农业银行,3.2,2010-07-16,3.25,3.27,2.1875,5.87,,,100.0
01289,1289.HK,盛力达科技,7.72,2014-11-11,9.0,11.34,46.8911917098446,25.74,,,100.0
01290,1290.HK,中国汇融,2.18,2013-10-28,2.18,2.18,0.0,243.1,,,100.0
01292,1292.HK,长安民生物流,2.7,2006-02-23,4.8,4.95,83.3333333333333,,,,
01293,1293.HK,广汇宝信,8.5,2011-12-14,7.98,7.3,-14.1176470588235,0.74,,,100.0
01298,1298.HK,云能国际,,2011-12-21,2.43,2.43,,,,,
01299,1299.HK,友邦保险,19.68,2010-10-29,21.6,23.05,17.1239837398374,9.62,,,60.0
01300,1300.HK,俊知集团,1.2,2012-03-19,1.21,1.25,4.16666666666667,2.37,0.9,,80.17
01301,1301.HK,德基科技控股,2.28,2015-05-27,2.59,2.62,14.9122807017544,162.0,,,25.0
01302,1302.HK,先健科技,2.0,2011-11-10,1.93,2.0,0.0,0.6723,,,100.0
01303,1303.HK,汇力资源,1.7,2012-01-12,1.75,1.77,4.11764705882353,0.74,,,100.0
01304,1304.HK,峰岹科技,120.5,2025-07-09,130.8,139.8,16.0165975103735,138.26,8.61,66796.0,20.0
01305,1305.HK,伟志控股,3.68,2014-11-18,3.25,3.24,-11.9565217391304,1223.0,,,15.01
01308,1308.HK,海丰国际,4.78,2010-10-06,4.73,4.53,-5.23012552301255,1.73,,,100.0
01310,1310.HK,香港宽频,9.0,2015-03-12,8.99,9.0,0.0,0.67,,,100.0
01312,1312.HK,华控康泰,1.0,2012-01-18,1.1,1.09,9.00000000000001,2.96,,,100.0
01313,1313.HK,华润建材科技,3.9,2009-10-06,3.75,3.9,0.0,82.57,,,70.0
01314,1314.HK,翠华控股,2.27,2012-11-26,2.48,2.56,12.7753303964758,12.7,,,100.0
01315,1315.HK,绿色经济,1.2,2012-01-18,1.38,1.6,33.3333333333333,4.2,,,100.0
01316,1316.HK,耐世特,2.8,2013-10-07,2.8,2.57,-8.21428571428571,1.1,,,100.0
01317,1317.HK,枫叶教育,2.88,2014-11-28,3.1,2.89,0.34722222222223,194.93,,,50.05
01318,1318.HK,毛戈平,29.8,2024-12-10,47.65,52.6,76.510067114094,919.18,30.34,69601.0,100.0
01319,1319.HK,霭华押业信贷,0.98,2013-03-12,1.3,1.31,33.6734693877551,1086.0,0.5,,30.0
01321,1321.HK,中国新城市,1.3,2014-07-10,1.53,1.57,20.7692307692308,,,,100.0
01323,1323.HK,华盛国际控股,1.95,2011-01-13,1.93,1.76,-9.74358974358974,17.81,,,60.03
01326,1326.HK,传递娱乐,0.9,2012-10-31,0.91,0.82,-8.8888888888889,,,,
01327,1327.HK,励时集团,1.1,2015-01-30,0.78,0.67,-39.0909090909091,2.02,,,100.0
01328,1328.HK,金涌投资,1.36,2007-10-16,1.99,1.88,38.235294117647,,,,
01330,1330.HK,绿色动力环保,3.45,2014-06-19,3.68,3.77,9.27536231884057,53.1,,,50.0
01332,1332.HK,透云生物,1.59,2012-07-12,1.68,1.42,-10.6918238993711,5.4,,,100.0
01333,1333.HK,博雷顿,18.0,2025-05-07,29.0,24.9,38.3333333333333,198.72,0.92,30638.0,2.0
01334,1334.HK,瑞昌国际控股,1.05,2024-07-10,1.3,1.2,14.2857142857143,19.24,0.97,5537.0,20.01
01335,1335.HK,顺泰控股,1.2,2012-07-13,1.13,1.36,13.3333333333333,2.8,,,100.0
01336,1336.HK,新华保险,28.5,2011-12-15,26.0,25.7,-9.82456140350877,0.56,,,100.0
01338,1338.HK,霸王集团,2.38,2009-07-03,2.95,3.03,27.3109243697479,446.11,,,20.0
01339,1339.HK,中国人民保险集团,3.48,2012-12-07,3.59,3.72,6.89655172413794,17.54,,,100.0
01340,1340.HK,惠生国际,2.05,2014-02-28,2.2,2.06,0.487804878048792,2188.16,,,4.0
01341,1341.HK,昊天国际建投,0.48,2015-12-10,0.48,0.53,10.4166666666667,72.83,,,100.0
01343,1343.HK,伟源控股,0.48,2020-03-12,0.7,0.79,64.5833333333333,4.79,,4751.0,30.01
01345,1345.HK,上海先锋控股,4.1,2013-11-05,3.9,3.84,-6.34146341463414,17.4,,,100.0
01346,1346.HK,利华控股集团,0.85,2019-11-13,0.74,0.62,-27.0588235294118,31.2,1.31,13762.0,40.0
01347,1347.HK,华虹宏力,11.25,2014-10-15,11.1,10.74,-4.53333333333333,12.88,,,30.05
01348,1348.HK,滉达富控股,1.5,2013-01-23,2.0,1.66,10.6666666666667,721.0,,,30.03
01349,1349.HK,复旦张江,0.8,2002-08-13,0.85,0.81,1.25,,2.5,,
01351,1351.HK,辉煌明天,1.1,2020-11-11,1.67,1.45,31.8181818181818,31.32,1.03,18481.0,45.0
01354,1354.HK,经发物业,7.5,2024-07-03,7.65,6.64,-11.4666666666667,118.87,0.98,7071.0,3.79
01355,1355.HK,生物系统工程,1.2,2011-07-15,1.38,1.4,16.6666666666667,,,,
01357,1357.HK,美图公司,8.5,2016-12-15,8.78,8.5,0.0,2.39,,5758.0,100.0
01358,1358.HK,普华和顺,3.18,2013-11-08,3.18,3.51,10.377358490566,20.33,,,80.12
01359,1359.HK,中国信达,3.58,2013-12-12,4.4,4.5,25.6983240223464,161.13,,,100.0
01361,1361.HK,361度,3.61,2009-06-30,4.13,3.9,8.03324099722992,41.28,,,80.0
01362,1362.HK,新龙移动,0.82,2015-01-15,0.89,0.92,12.1951219512195,171.5,,,50.0
01364,1364.HK,古茗,9.94,2025-02-12,10.0,9.3,-6.43863179074445,194.87,15.03,29086.0,100.0
01368,1368.HK,特步国际,4.05,2008-06-03,3.79,3.8,-6.17283950617284,2.0,,,80.01
01370,1370.HK,奥威控股,3.2,2013-11-28,3.16,3.08,-3.75,0.79,,,100.0
01371,1371.HK,中国生态旅游,0.24,2001-10-26,0.22,0.24,0.0,,5.13,,
01372,1372.HK,中国碳中和,1.2,2013-12-11,1.32,1.28,6.66666666666667,31.74,,,100.0
01373,1373.HK,国际家居零售,2.81,2013-09-25,3.12,2.98,6.04982206405694,146.55,,,100.0
01375,1375.HK,中州证券,2.51,2014-06-25,2.31,2.16,-13.9442231075697,0.65,,,100.0
01376,1376.HK,RAFFLESINTERIOR,0.5,2020-05-07,0.74,0.63,26.0,14.17,1.01,14256.0,10.0
01377,1377.HK,鼎泰高科,380.0,2026-07-09,330.0,373.2,-1.78947368421053,354.64,24.5,118991.0,3.0
01378,1378.HK,中国宏桥,7.2,2011-03-24,7.2,7.9,9.72222222222222,0.2,,,100.0
01379,1379.HK,温岭工量刃具,6.25,2020-12-30,6.14,6.06,-3.04000000000001,27.68,1.06,21535.0,20.0
01380,1380.HK,中国金石,2.25,2011-03-18,2.05,1.98,-12.0,1.94,,,100.0
01382,1382.HK,互太纺织,5.35,2007-05-18,5.35,5.26,-1.6822429906542,46.16,,,15.0
01384,1384.HK,滴普科技,26.66,2025-10-28,56.5,66.8,150.562640660165,7569.83,16.61,236934.0,3.0
01385,1385.HK,上海复旦,0.8,2000-08-04,0.93,1.91,138.75,,2.4,,
01388,1388.HK,安莉芳控股,3.62,2006-12-18,4.7,5.1,40.8839779005525,83.6,,,
01389,1389.HK,美捷汇控股,1.1,2014-01-10,2.1,2.31,110.0,,,,
01392,1392.HK,海清智元,7.2,2026-06-22,29.0,26.7,270.833333333333,7181.21,4.81,252640.0,2.0
01393,1393.HK,恒鼎实业,6.83,2007-09-21,11.5,12.12,77.4524158125915,670.0,,,8.0
01395,1395.HK,强泰环保,0.55,2014-09-26,0.8,0.94,70.9090909090909,557.0,,,30.02
01396,1396.HK,粤港湾智算,2.15,2013-10-31,2.15,2.15,0.0,3.73,,,100.0
01397,1397.HK,碧瑶绿色集团,1.2,2014-05-22,1.25,1.24,3.33333333333334,429.82,,,38.0
01398,1398.HK,工商银行,3.07,2006-10-27,3.6,3.52,14.6579804560261,75.74,,,
01399,1399.HK,锐信控股,2.02,2006-12-21,3.1,3.05,50.990099009901,385.0,,,
01400,1400.HK,满地科技股份,0.72,2014-04-25,0.78,0.77,6.94444444444445,3.22,,,100.0
01401,1401.HK,未来机器有限公司,0.5,2019-11-13,0.7,0.62,24.0,74.0,,12885.0,5.0
01402,1402.HK,超智能控股,0.36,2015-05-27,3.89,5.39,1397.22222222222,,,,
01405,1405.HK,达势股份,46.0,2023-03-28,46.0,45.95,-0.108695652173907,0.45,1.9,1412.0,100.0
01406,1406.HK,清晰医疗,1.6,2022-02-18,1.59,1.54,-3.75,6.17,1.13,8642.0,40.0
01407,1407.HK,交运燃气,1.42,2022-11-16,1.52,1.42,0.0,7.15,1.17,3647.0,30.0
01408,1408.HK,濠江机电,1.0,2020-09-11,2.1,2.86,186.0,8.99,1.62,8810.0,30.11
01410,1410.HK,安领国际,0.32,2017-04-19,0.345,0.335,4.6875,16.32,,3623.0,100.0
01412,1412.HK,隽思集团,1.18,2020-01-16,1.15,1.1,-6.77966101694914,6.81,0.07,6408.0,49.31
01413,1413.HK,铸帝控股,0.54,2021-03-11,0.51,0.42,-22.2222222222222,54.29,1.05,47199.0,4.7
01415,1415.HK,高伟电子,4.25,2015-03-31,4.25,3.83,-9.88235294117647,5.24,,,100.0
01416,1416.HK,CTR HOLDINGS,0.36,2020-01-15,0.25,0.255,-29.1666666666667,18.17,,10377.0,18.2
01417,1417.HK,浦江中国,1.55,2017-12-11,1.55,1.6,3.22580645161291,210.19,5.06,13364.0,30.01
01418,1418.HK,盛诺集团,1.06,2014-07-10,1.06,1.04,-1.88679245283019,1.23,,,100.0
01419,1419.HK,盈健医疗,1.38,2016-04-01,1.85,1.99,44.2028985507246,668.3,,14179.0,12.0
01420,1420.HK,川控股,0.88,2016-06-08,0.76,0.94,6.81818181818181,510.0,,17656.0,10.02
01421,1421.HK,恒昌集团国际,0.5,2013-12-30,0.53,0.6,20.0,15.9,,,100.0
01425,1425.HK,捷隆控股,0.4,2019-11-28,0.48,0.415,3.74999999999999,13.96,1.25,10859.0,21.0
01426,1426.HK,春泉产业信托,3.81,2013-12-05,3.64,3.2,-16.010498687664,,,,100.0
01427,1427.HK,中国天保集团,2.5,2019-11-11,2.5,2.57,2.79999999999999,0.79,1.51,3107.0,100.0
01428,1428.HK,耀才证券金融,1.6,2010-08-25,1.79,1.74,8.74999999999999,163.31,,,30.01
01429,1429.HK,天任集团,0.35,2020-09-29,0.9,1.0,185.714285714286,26.76,0.972,33001.0,12.5
01431,1431.HK,原生态牧业,2.7,2013-11-26,2.58,2.6,-3.70370370370371,13.89,,,100.0
01432,1432.HK,中国圣牧,2.39,2014-07-15,2.45,2.38,-0.418410041841014,1.01,,,100.0
01433,1433.HK,常达控股,0.25,2020-03-12,0.161,0.15,-40.0,74.68,1.55,11470.0,70.01
01440,1440.HK,应星控股,0.4,2021-01-13,0.42,0.415,3.74999999999999,33.62,,38550.0,10.0
01442,1442.HK,鹰辉物流,0.31,2020-01-21,0.335,0.34,9.67741935483872,10.46,1.05,12439.0,10.0
01443,1443.HK,富临集团控股,1.55,2014-11-13,1.41,1.31,-15.4838709677419,43.5,,,50.06
01446,1446.HK,鸿福堂,1.3,2014-07-04,1.36,1.71,31.5384615384615,348.82,,,5.02
01447,1447.HK,新福港,1.35,2015-12-10,1.28,1.32,-2.22222222222222,34.22,,,100.0
01448,1448.HK,福寿园,3.33,2013-12-19,5.3,4.82,44.7447447447448,681.3,,,70.0
01449,1449.HK,立德教育,2.1,2020-08-06,1.98,1.85,-11.9047619047619,27.94,3.8,36438.0,20.0
01450,1450.HK,交个朋友控股,1.08,2014-07-07,1.08,1.07,-0.925925925925927,8.53,,,80.1
01451,1451.HK,万成集团股份,1.34,2018-06-01,1.83,1.38,2.98507462686566,614.03,2.74,18489.0,40.01
01452,1452.HK,迪诺斯环保,2.1,2015-11-12,2.02,1.7,-19.0476190476191,1.22,,,100.0
01455,1455.HK,科利实业控股,0.4,2020-09-15,0.95,1.32,230.0,7.7,1.1,7961.0,30.0
01456,1456.HK,国联民生,8.0,2015-07-06,7.0,5.51,-31.125,1.87,,,100.0
01458,1458.HK,周黑鸭,5.88,2016-11-11,6.3,6.67,13.4353741496599,0.81,,865.0,100.0
01459,1459.HK,巨匠建设,1.35,2016-01-12,1.49,1.9,40.7407407407407,4.96,,1089.0,100.0
01460,1460.HK,扬科集团,0.38,2015-03-18,3.26,2.8,636.842105263158,,,,
01461,1461.HK,中泰期货,3.32,2015-07-07,3.3,2.5,-24.6987951807229,4.0,,,100.0
01463,1463.HK,C-LINK SQ,0.63,2020-03-27,1.09,0.86,36.5079365079365,11.15,1.07,7880.0,13.01
01466,1466.HK,佰金生命科学,,2014-10-17,1.1,0.78,,,,,
01468,1468.HK,嘉高达资本,0.26,2012-08-24,0.355,0.34,30.7692307692308,,,,
01470,1470.HK,富一国际控股,0.68,2015-05-12,1.16,0.97,42.6470588235294,839.1,,,20.0
01471,1471.HK,众淼控股,7.0,2024-08-06,6.88,7.35,4.99999999999999,16.07,0.98,4678.0,50.0
01472,1472.HK,生兴控股,0.5,2020-03-17,0.9,1.24,148.0,2.47,1.35,,75.83
01473,1473.HK,环联连讯,0.56,2021-02-19,0.67,0.71,26.7857142857143,64.15,1.01,1821.0,15.0
01475,1475.HK,日清食品,3.54,2017-12-11,3.2,3.37,-4.80225988700565,33.65,,27862.0,100.0
01476,1476.HK,金融街证券,3.92,2015-10-15,4.08,4.17,6.37755102040816,,,,100.0
01477,1477.HK,欧康维视生物-B,14.66,2020-07-10,43.0,37.0,152.387448840382,1895.76,76.0,356899.0,5.0
01478,1478.HK,丘钛科技,2.79,2014-12-02,2.79,2.62,-6.0931899641577,3.1,,,100.0
01480,1480.HK,恩达集团控股,1.23,2014-12-08,1.43,1.36,10.5691056910569,34.65,,,100.0
01481,1481.HK,竣球控股,0.25,2017-12-28,0.36,0.32,28.0,9.44,,4028.0,50.0
01483,1483.HK,网誉科技,1.0,2013-12-10,3.0,2.4,140.0,,,,
01486,1486.HK,思城控股,0.83,2013-12-20,2.36,1.07,28.9156626506024,,,,
01488,1488.HK,百福控股,,2011-06-27,0.7,0.77,,,,,
01489,1489.HK,GC CONSTRUCTION,0.5,2022-10-10,0.62,0.55,10.0,7.58,1.04,3334.0,50.05
01490,1490.HK,AI X TECH,1.23,2021-01-15,1.7,1.5,21.9512195121951,1274.76,21.7,332091.0,0.43
01496,1496.HK,亚积邦租赁,0.75,2016-04-08,1.15,0.91,21.3333333333333,472.27,,12390.0,20.01
01497,1497.HK,燕之屋,9.7,2023-12-12,10.5,9.7,0.0,83.63,1.27,11440.0,6.02
01498,1498.HK,培力农本方,5.98,2015-07-08,4.77,3.83,-35.9531772575251,38.8,,,100.0
01499,1499.HK,欧科云链,0.25,2015-09-02,0.3,0.305,22.0,20.86,,,100.0
01500,1500.HK,现恒建筑,0.66,2015-04-16,1.05,1.19,80.3030303030303,447.9,,,80.03
01501,1501.HK,瑛泰医疗,20.8,2019-11-08,27.0,27.0,29.8076923076923,267.97,9.6,42053.0,30.0
01502,1502.HK,金融街物业,7.36,2020-07-06,9.3,9.46,28.5326086956522,146.22,,87303.0,20.0
01503,1503.HK,招商局商业房托,3.42,2019-12-10,3.29,3.15,-7.89473684210526,1.43,,8322.0,100.0
01508,1508.HK,中国再保险,2.7,2015-10-26,2.77,2.7,0.0,93.97,,,100.0
01511,1511.HK,驭势科技,60.3,2026-05-20,56.0,57.5,-4.64344941956882,6777.29,5.66,285972.0,5.0
01513,1513.HK,丽珠医药,,2014-01-16,50.5,51.0,,,,,
01515,1515.HK,华润医疗,7.38,2013-11-29,8.58,10.0,35.5013550135501,534.4,,,100.0
01516,1516.HK,融创服务,11.6,2020-11-19,11.6,14.14,21.8965517241379,10.42,4.9,44499.0,30.0
01518,1518.HK,新世纪医疗,7.36,2017-01-18,7.5,7.35,-0.1358695652174,1.23,,1298.0,100.0
01519,1519.HK,极兔速递-W,12.0,2023-10-27,12.0,12.0,0.0,1.36,1.91,10887.0,100.0
01520,1520.HK,天机控股,0.35,2013-12-03,0.93,0.68,94.2857142857143,,,,
01521,1521.HK,方达控股,3.2,2019-05-30,3.68,3.35,4.6875,91.7,,22404.0,50.0
01522,1522.HK,京投交通科技,1.0,2012-05-16,0.83,0.73,-27.0,15.8,,,100.0
01523,1523.HK,珩湾科技,0.5,2016-07-13,0.5,0.49,-2.0,46.0,,3715.0,15.0
01525,1525.HK,建桥教育,6.05,2020-01-16,6.7,6.81,12.5619834710744,4.52,2.49,18694.0,40.0
01526,1526.HK,瑞慈医疗,2.56,2016-10-06,2.44,2.36,-7.81250000000001,1.01,,1850.0,100.0
01527,1527.HK,天洁环境,10.9,2015-10-12,12.18,10.3,-5.5045871559633,,,,100.0
01528,1528.HK,红星美凯龙,13.28,2015-06-26,12.62,12.74,-4.06626506024096,5.58,,,100.0
01529,1529.HK,乐氏国际控股,0.3,2017-10-18,0.37,0.38,26.6666666666667,248.0,,11251.0,50.0
01530,1530.HK,三生制药,9.1,2015-06-11,9.32,9.35,2.74725274725275,201.57,,,100.0
01532,1532.HK,中国派对文化,1.0,2015-10-16,0.9,0.93,-6.99999999999999,162.8,,,100.0
01536,1536.HK,煜荣集团,1.15,2017-01-11,1.1,1.05,-8.69565217391303,,,4298.0,100.0
01538,1538.HK,中奥到家,1.88,2015-11-25,2.08,1.87,-0.53191489361701,11.39,,,100.0
01539,1539.HK,知行集团控股,0.5,2015-03-24,2.0,1.54,208.0,,,,
01540,1540.HK,澳狮环球,1.0,2018-10-08,0.97,0.84,-16.0,10.6,,6248.0,25.0
01541,1541.HK,宜明昂科-B,18.6,2023-09-05,21.2,19.52,4.94623655913977,9.98,1.06,4870.0,11.56
01542,1542.HK,台州水务,4.22,2019-12-31,4.22,4.22,0.0,5.47,1.46,7387.0,20.0
01543,1543.HK,中盈盛达融资担保,1.36,2015-12-23,1.36,1.38,1.4705882352941,1.28,,,100.0
01545,1545.HK,设计都会,0.3,2019-04-25,0.315,0.27,-9.99999999999999,55.9,1.1,19188.0,50.0
01546,1546.HK,德莱建业,0.325,2015-10-09,4.2,4.1,1161.53846153846,,,,
01547,1547.HK,IBI GROUP HLDGS,0.45,2016-10-14,0.55,0.435,-3.33333333333334,1816.09,,19383.0,10.03
01548,1548.HK,金斯瑞生物科技,1.31,2015-12-30,1.44,1.32,0.763358778625955,5.0,,,100.0
01549,1549.HK,永丰集团控股,0.315,2016-07-06,0.375,0.32,1.58730158730159,289.0,,11504.0,15.03
01551,1551.HK,广州农商银行,5.1,2017-06-20,5.12,5.11,0.196078431372562,0.45,,1553.0,100.0
01552,1552.HK,BHCC HOLDING,0.5,2017-09-12,0.85,0.7,40.0,550.8,,15703.0,23.0
01553,1553.HK,迈科管业,2.28,2019-12-18,3.8,2.15,-5.70175438596491,8.27,0.21,6494.0,19.96
01555,1555.HK,MI能源,1.7,2010-12-14,1.76,1.7,0.0,3.45,,,50.0
01556,1556.HK,建业建荣,0.59,2015-11-11,0.62,0.61,3.38983050847458,169.0,,,60.04
01557,1557.HK,剑虹集团控股,0.95,2016-03-18,1.23,1.4,47.3684210526316,890.0,,13784.0,32.61
01559,1559.HK,均安控股,0.3,2015-03-27,2.0,2.8,833.333333333333,,,,
01560,1560.HK,星星集团,1.8,2016-07-13,1.89,1.8,0.0,601.9,,11659.0,33.85
01561,1561.HK,联洋智能控股,1.0,2015-12-01,1.01,1.03,3.0,67.5,,,100.0
01563,1563.HK,友联国际教育租赁,0.85,2019-03-15,0.76,0.83,-2.35294117647059,1.13,,4639.0,100.0
01565,1565.HK,成实外教育,2.4,2016-01-15,2.5,2.43,1.25000000000001,0.3732,,649.0,100.0
01566,1566.HK,华夏文化科技,3.65,2015-03-12,3.69,3.72,1.91780821917809,4.33,,,100.0
01568,1568.HK,承达集团,1.38,2015-12-29,1.6,1.5,8.69565217391305,1.07,,,100.0
01569,1569.HK,民生教育,1.38,2017-03-22,1.43,1.51,9.42028985507247,2.06,,2814.0,100.0
01570,1570.HK,伟业控股,,2016-04-06,2.8,3.48,,,,,
01571,1571.HK,信邦控股,3.42,2017-06-28,3.42,3.23,-5.55555555555555,59.99,,10688.0,100.0
01572,1572.HK,中国艺术金融,0.75,2016-11-08,0.69,0.8,6.66666666666667,1.79,1.48,1472.0,100.0
01575,1575.HK,皇庭智家,1.05,2017-01-12,1.26,1.4,33.3333333333333,5.9,,2041.0,100.0
01576,1576.HK,齐鲁高速,2.5,2018-07-19,2.4,2.3,-8.00000000000001,0.14,,1595.0,100.0
01577,1577.HK,汇鑫小贷,1.68,2016-09-30,1.95,1.82,8.33333333333334,5.38,,3106.0,60.3
01578,1578.HK,天津银行,7.39,2016-03-30,7.39,7.39,0.0,0.0776,,850.0,100.0
01579,1579.HK,颐海国际,3.3,2016-07-13,3.3,3.25,-1.51515151515151,1.63,,898.0,100.0
01580,1580.HK,大森控股,0.7,2016-12-19,0.75,0.84,20.0,271.32,,10397.0,10.0
01581,1581.HK,进升集团控股,0.6,2016-12-08,0.8,0.65,8.33333333333334,531.0,,12832.0,40.83
01582,1582.HK,华营建筑,1.0,2019-10-16,2.27,1.15,15.0,9.87,,12050.0,20.0
01583,1583.HK,亲亲食品,,2016-07-08,9.19,3.14,,,,,
01585,1585.HK,雅迪控股,1.72,2016-05-19,1.5,1.32,-23.2558139534884,,,2562.0,100.0
01586,1586.HK,力鸿检验,0.98,2016-07-12,1.2,0.99,1.02040816326531,36.12,,3468.0,40.02
01587,1587.HK,欣融国际,0.75,2018-06-27,0.67,0.58,-22.6666666666667,90.39,1.67,13235.0,50.0
01588,1588.HK,畅捷通,16.38,2014-06-26,16.0,15.04,-8.18070818070818,210.35,,,100.0
01591,1591.HK,汛和集团,0.13,2016-09-28,0.15,0.144,10.7692307692308,382.0,3.0,15104.0,1.61
01592,1592.HK,基石控股,0.4,2018-07-04,0.35,0.28,-30.0,18.46,1.11,9614.0,85.0
01593,1593.HK,辰林教育,2.2,2019-12-13,2.23,2.06,-6.36363636363637,1.73,,3607.0,100.0
01596,1596.HK,翼辰实业,3.0,2016-12-21,3.05,3.02,0.666666666666667,1.96,,1563.0,100.0
01597,1597.HK,纳泉能源科技,2.0,2020-10-20,2.1,2.07,3.49999999999999,77.19,0.1388,50227.0,15.0
01598,1598.HK,21世纪教育,1.13,2018-05-29,1.56,1.71,51.340826621825,108.6,1.71,26537.0,60.0
01599,1599.HK,城建设计,2.75,2014-07-08,3.11,3.01,9.45454545454545,0.39,,,100.0
01600,1600.HK,天伦燃气,2.05,2010-11-10,2.09,2.14,4.39024390243904,452.92,,,20.0
01601,1601.HK,中关村科技租赁,1.52,2020-01-21,1.45,1.52,0.0,5.8,1.5,7068.0,100.0
01606,1606.HK,国银金租,2.0,2016-07-11,2.0,1.86,-6.99999999999999,0.31,,867.0,100.0
01608,1608.HK,伟能集团,2.88,2016-11-24,2.88,2.83,-1.7361111111111,,,1394.0,100.0
01609,1609.HK,天星医疗,98.5,2026-05-05,288.0,215.0,118.274111675127,7823.13,10.41,300735.0,1.5
01610,1610.HK,中粮家佳康,2.0,2016-11-01,1.87,1.66,-17.0,0.43,,1505.0,100.0
01611,1611.HK,新火集团,1.5,2016-11-21,1.66,1.57,4.66666666666667,32.0,,3721.0,11.1
01612,1612.HK,永胜医疗,1.0,2016-07-13,0.99,0.94,-6.00000000000001,30.8,,2968.0,100.0
01613,1613.HK,协同通信,0.33,2012-04-18,0.395,0.36,9.09090909090908,1.9717,,,79.02
01615,1615.HK,奥邦建筑,0.67,2018-09-10,0.66,0.63,-5.97014925373135,181.49,1.3,13324.0,48.53
01616,1616.HK,一元宇宙,1.1,2012-07-12,1.1,1.1,0.0,0.45,,,100.0
01617,1617.HK,南方通信,1.02,2016-12-12,1.29,1.74,70.5882352941176,14.0,,2780.0,100.0
01618,1618.HK,中国中冶,6.35,2009-09-24,5.52,5.61,-11.6535433070866,205.45,,,8.0
01620,1620.HK,富盈环球集团,0.36,2018-06-28,0.43,0.355,-1.38888888888889,192.9,4.2,15530.0,40.07
01621,1621.HK,域高国际控股,0.35,2018-03-05,0.435,0.385,10.0,47.18,1.01,10447.0,35.0
01622,1622.HK,力高集团,2.5,2014-01-30,2.48,2.61,4.4,3.51,,,100.0
01623,1623.HK,海隆控股,2.6,2011-04-21,2.6,2.73,5.0,4.02,,,100.0
01626,1626.HK,嘉耀控股,1.26,2014-06-27,1.17,1.28,1.58730158730159,44.16,,,100.0
01627,1627.HK,安保工程控股,1.1,2017-02-20,0.94,1.0,-9.0909090909091,5.54,,5575.0,100.0
01628,1628.HK,禹洲集团,2.7,2009-11-02,2.45,2.68,-0.740740740740741,2.88,,,100.0
01629,1629.HK,冠均国际控股,0.7,2016-11-25,0.75,0.76,8.57142857142858,420.0,,8208.0,30.05
01630,1630.HK,建成控股,0.38,2017-06-16,0.76,0.54,42.1052631578947,5.8,,2220.0,100.0
01631,1631.HK,REF HOLDINGS,0.75,2015-09-25,2.5,2.2,193.333333333333,,,,
01632,1632.HK,民商创科,2.0,2016-11-29,3.06,3.51,75.5,116.38,,3753.0,100.0
01633,1633.HK,上谕集团,0.8,2016-11-11,0.71,1.27,58.75,16.69,,2074.0,100.0
01635,1635.HK,大众公用,3.6,2016-12-05,3.64,3.6,0.0,1.96,,1189.0,100.0
01636,1636.HK,中国金属利用,1.13,2014-02-21,1.0,0.98,-13.2743362831858,17.92,,,100.0
01637,1637.HK,顺兴集团控股,1.2,2017-01-03,1.71,2.04,70.0,799.7,,16236.0,50.0
01638,1638.HK,佳兆业集团,3.45,2009-12-09,3.51,3.44,-0.289855072463775,2.94,,,60.01
01640,1640.HK,千循科技,1.25,2019-11-12,1.13,1.24,-0.800000000000001,19.47,1.14,9998.0,65.01
01641,1641.HK,红星冷链,12.26,2026-01-13,19.58,12.3,0.326264274061998,2309.25,1.65,103102.0,1.0
01643,1643.HK,现代中药集团,1.18,2021-01-15,1.17,1.26,6.77966101694916,30.66,1.004,35479.0,10.0
01645,1645.HK,海纳智能,1.38,2020-06-03,1.21,1.2,-13.0434782608696,168.29,1.9,37258.0,8.0
01647,1647.HK,雄岸科技,0.7,2017-03-30,0.63,0.97,38.5714285714286,128.0,2.4,10441.0,28.5
01650,1650.HK,HYGIEIA GROUP,0.25,2020-07-03,0.25,0.134,-46.4,19.92,0.97,23855.0,20.0
01651,1651.HK,津上机床中国,5.6,2017-09-25,7.0,6.43,14.8214285714286,6.6,,3913.0,50.0
01652,1652.HK,福森药业,2.08,2018-07-11,2.33,2.54,22.1153846153846,3.58,1.28,10294.0,70.0
01653,1653.HK,MOS HOUSE,0.19,2018-10-19,0.3,0.35,84.2105263157895,16.61,0.9,9489.0,13.0
01655,1655.HK,OKURA HOLDINGS,1.2,2017-05-15,1.38,1.28,6.66666666666667,1017.6,,20321.0,25.01
01656,1656.HK,亿仕登控股,1.25,2017-01-12,1.6,1.38,10.4,1892.0,,18315.0,39.81
01657,1657.HK,桦欣控股,5.75,2017-03-21,6.38,6.25,8.69565217391304,380.0,,,15.0
01658,1658.HK,邮储银行,4.76,2016-09-28,4.76,4.77,0.210084033613441,2.6,,30990.0,100.0
01660,1660.HK,七元投资,0.4,2017-02-10,0.39,0.31,-22.5,356.92,1.97,11625.0,100.0
01661,1661.HK,中国前沿科技集团,2.11,2013-07-11,2.11,2.07,-1.8957345971564,0.28,,,100.0
01662,1662.HK,义合控股,1.0,2015-12-18,1.1,1.11,11.0,15.09,,,100.0
01663,1663.HK,汉港控股,1.1,2011-07-22,1.11,1.13,2.72727272727271,0.45,,,100.0
01666,1666.HK,同仁堂科技,3.28,2000-10-31,4.0,4.3,31.0975609756098,,21.1,,
01667,1667.HK,迪米生活控股,0.52,2017-04-07,0.67,0.64,23.0769230769231,588.2,,11733.0,20.13
01668,1668.HK,华南城,2.1,2009-09-30,1.51,1.62,-22.8571428571429,34.63,,,20.0
01669,1669.HK,环球信贷集团,1.35,2014-12-12,1.45,1.69,25.1851851851852,15.42,,,100.0
01671,1671.HK,天保能源,1.9,2018-04-27,2.1,1.79,-5.78947368421052,1593.15,1.52,21002.0,20.01
01672,1672.HK,歌礼制药-B,14.0,2018-08-01,14.8,14.0,0.0,9.13,1.17,16197.0,40.0
01673,1673.HK,华章科技,1.2,2013-05-16,5.0,2.05,70.8333333333333,,,,
01675,1675.HK,亚信科技,10.5,2018-12-19,10.5,10.02,-4.57142857142858,0.23,,1301.0,100.0
01676,1676.HK,高地股份,0.66,2017-07-18,0.99,1.32,100.0,9.23,,1644.0,100.0
01679,1679.HK,瑞斯康集团,1.0,2017-06-09,1.38,2.06,106.0,14.22,,2662.0,100.0
01680,1680.HK,澳门励骏,2.35,2013-07-05,2.45,2.4,2.12765957446808,0.17,,,100.0
01681,1681.HK,康臣药业,4.36,2013-12-19,5.0,4.9,12.3853211009174,129.5,,,100.0
01682,1682.HK,杭品生活科技,0.6,2010-10-05,0.72,1.25,108.333333333333,,,,10.05
01683,1683.HK,旷逸国际,1.0,2015-09-08,1.25,1.2,20.0,7.5,,,60.0
01685,1685.HK,博耳电力,6.38,2010-10-20,7.0,7.25,13.6363636363636,341.54,,,30.0
01686,1686.HK,新意网集团,10.38,2000-03-17,17.0,15.1,45.4720616570327,218.0,,,
01688,1688.HK,领益智造,10.18,2026-06-26,10.8,9.71,-4.61689587426325,96.16,10.27,162822.0,1.23
01689,1689.HK,华禧控股,1.35,2013-12-06,1.45,1.5,11.1111111111111,9.84,,,100.0
01690,1690.HK,立基工程控股,0.25,2015-09-25,1.89,5.0,1900.0,,,,
01691,1691.HK,JS环球生活,5.2,2019-12-18,5.25,5.49,5.57692307692308,2.68,,25903.0,100.0
01692,1692.HK,登辉控股,1.3,2019-10-25,1.07,0.86,-33.8461538461538,274.49,1.34,41417.0,10.0
01693,1693.HK,璋利国际,0.7,2017-08-09,0.77,0.81,15.7142857142857,30.37,,6776.0,100.0
01695,1695.HK,椰丰集团,0.48,2017-07-11,0.7,1.24,158.333333333333,9.4,,2225.0,40.13
01696,1696.HK,复锐医疗科技,8.88,2017-09-19,8.79,8.12,-8.55855855855858,17.58,,6200.0,100.0
01697,1697.HK,山东国信,4.56,2017-12-08,4.56,4.42,-3.07017543859648,1.06,,4421.0,100.0
01698,1698.HK,腾讯音乐-SW,,2022-09-21,18.0,18.22,,,,,
01701,1701.HK,途屹控股,0.52,2019-06-28,0.405,0.305,-41.3461538461538,6.2,1.1,7087.0,60.01
01702,1702.HK,东光化工,1.06,2017-07-11,1.0,1.6,50.9433962264151,3.6798,,750.0,70.07
01703,1703.HK,谊和股份,0.5,2019-02-15,0.56,0.61,22.0,17.68,0.91,9938.0,50.15
01705,1705.HK,宾仕国际,1.0,2018-03-14,2.75,3.98,298.0,2600.5,2.6,47152.0,3.01
01707,1707.HK,致浩达控股,0.42,2017-10-12,0.43,0.405,-3.57142857142856,190.8,,16477.0,40.0
01708,1708.HK,三宝科技,4.15,2004-06-09,4.78,5.1,22.8915662650602,,1.58,,
01709,1709.HK,德林控股,0.15,2015-10-07,2.51,1.6,966.666666666667,,,,
01710,1710.HK,致丰工业电子,0.62,2017-11-23,0.68,0.7,12.9032258064516,592.97,,29510.0,30.0
01711,1711.HK,欧化,0.56,2018-01-29,1.4,1.6,185.714285714286,1639.0,,27338.0,10.0
01712,1712.HK,龙资源,2.03,2018-11-05,2.15,2.11,3.94600719247253,1.58,,3411.0,100.0
01713,1713.HK,四川能投发展,1.77,2018-12-28,1.83,1.77,0.0,0.49,,1123.0,100.0
01715,1715.HK,智慧健康科技,0.3,2018-07-16,0.275,0.315,5.0,19.59,2.22,8564.0,55.01
01716,1716.HK,毛记葵涌,1.2,2018-03-28,8.4,6.38,431.666666666667,6289.0,7.6,143001.0,0.8
01717,1717.HK,澳优,4.0,2009-10-08,4.15,5.1,27.5,8.22,,,50.01
01718,1718.HK,宏基集团控股,0.85,2015-08-11,1.0,1.04,22.3529411764706,168.0,,,100.0
01719,1719.HK,中国通商集团,0.6,2005-09-16,0.6,0.59,-1.66666666666667,1.5,,,
01720,1720.HK,普天通信集团,0.66,2017-11-09,1.38,1.46,121.212121212121,10.86,1.95,8047.0,7.51
01721,1721.HK,FSM HOLDINGS,0.53,2018-07-16,0.63,0.61,15.0943396226415,9.77,1.24,7600.0,25.01
01722,1722.HK,建鹏控股,0.48,2017-12-15,0.42,0.405,-15.625,40.77,,10252.0,25.0
01723,1723.HK,恒月控股,1.0,2018-09-27,2.5,2.12,112.0,6.47,1.56,3821.0,45.05
01725,1725.HK,中国技术集团,1.75,2018-08-16,1.41,1.45,-17.1428571428571,420.73,1.09,19726.0,10.0
01726,1726.HK,HKE HOLDINGS,0.55,2018-04-18,0.7,0.56,1.81818181818182,789.0,2.5,24611.0,20.0
01727,1727.HK,河北建设,4.46,2017-12-15,4.46,4.46,0.0,0.99,,3614.0,100.0
01728,1728.HK,正通汽车,7.3,2010-12-10,7.2,7.39,1.23287671232877,3.33,,,100.0
01729,1729.HK,汇聚科技,0.5,2018-02-13,0.43,0.425,-15.0,268.4,1.2,19291.0,60.01
01731,1731.HK,其利工业集团,0.89,2018-07-13,0.91,1.12,25.8426966292135,4.27,1.23,2803.0,60.0
01732,1732.HK,象兴科技,0.22,2017-07-07,0.25,0.214,-2.72727272727273,,,1079.0,100.0
01733,1733.HK,易大宗,3.7,2010-10-11,3.75,3.38,-8.64864864864866,41.87,0.7,,50.0
01735,1735.HK,中环新能源,1.5,2018-03-29,1.9,1.51,0.666666666666667,743.86,1.23,20190.0,50.01
01736,1736.HK,中国育儿网络,1.39,2015-07-08,1.35,1.18,-15.1079136690647,,,,
01737,1737.HK,亚洲实业集团,0.48,2018-03-14,0.52,0.53,10.4166666666667,79.96,1.4,11863.0,38.01
01738,1738.HK,飞尚无烟煤,,2014-01-22,16.9,21.7,,,,,
01739,1739.HK,齐屹科技,4.85,2018-07-12,4.85,4.54,-6.39175257731958,0.14,1.58,1254.0,100.0
01740,1740.HK,新石文化,0.5,2020-01-16,0.98,0.7,40.0,1212.16,4.19,100216.0,1.5
01741,1741.HK,成志控股,0.625,2018-10-16,0.61,0.63,0.800000000000001,5.0,,5049.0,40.0
01742,1742.HK,HPC HOLDINGS,0.45,2018-05-11,0.4,0.405,-10.0,53.2,,7034.0,100.0
01745,1745.HK,驴迹科技,2.12,2020-01-17,1.73,1.9,-10.377358490566,84.66,2.8,50528.0,20.0
01746,1746.HK,万顺集团控股,0.52,2018-07-11,0.465,0.36,-30.7692307692308,46.39,1.09,12488.0,70.0
01747,1747.HK,HOME CONTROL,1.02,2019-11-14,0.93,0.92,-9.80392156862745,16.14,1.55,10398.0,40.0
01748,1748.HK,信源企业集团,1.5,2018-09-26,1.7,1.51,0.666666666666667,4.76,1.09,3105.0,21.37
01749,1749.HK,杉杉品牌,3.78,2018-06-27,4.51,3.49,-7.67195767195766,149.24,,17957.0,27.0
01750,1750.HK,全达电器集团控股,0.3,2018-05-11,0.305,0.31,3.33333333333334,23.4,,6002.0,100.0
01751,1751.HK,智算能建,0.36,2016-12-16,4.95,3.5,872.222222222222,,1.19,,
01752,1752.HK,澳洲成峰高教,0.33,2018-05-11,0.335,0.395,19.6969696969697,16.94,2.42,7108.0,100.0
01753,1753.HK,兑吧,6.0,2019-05-07,5.7,6.01,0.166666666666663,7.69,1.17,9420.0,100.0
01755,1755.HK,新城悦服务,2.9,2018-11-06,3.06,3.01,3.79310344827586,0.36,,1512.0,100.0
01756,1756.HK,中国科教产业,3.26,2019-11-25,2.86,2.7,-17.1779141104294,3.72,,14974.0,70.0
01757,1757.HK,环球华商俱乐部,0.34,2018-06-07,0.355,0.36,5.88235294117646,453.84,2.2,18798.0,30.0
01758,1758.HK,博骏教育,2.36,2018-07-31,2.75,2.87,21.6101694915254,237.71,,31173.0,80.0
01759,1759.HK,中油洁能控股,2.8,2018-12-28,2.81,2.84,1.42857142857143,7.425,1.073,4405.0,30.05
01760,1760.HK,英恒科技,2.9,2018-07-12,3.04,2.9,0.0,7.65,,1446.0,100.0
01762,1762.HK,万咖壹联,3.56,2018-12-21,3.61,3.0,-15.7303370786517,3.26,,2163.0,60.0
01763,1763.HK,中国同辐,21.6,2018-07-06,20.0,20.1,-6.94444444444444,35.24,,19864.0,80.01
01765,1765.HK,希教国际控股,1.92,2018-08-03,1.92,1.87,-2.60416666666666,18.37,,23467.0,100.0
01766,1766.HK,中国中车,2.6,2008-08-21,3.05,2.63,1.15384615384615,12.92,,,80.0
01767,1767.HK,TS WONDERS,0.5,2019-01-14,0.63,0.63,26.0,16.886,,10110.0,15.0
01768,1768.HK,鸣鸣很忙,236.6,2026-01-28,445.0,400.0,69.061707523246,1899.49,44.44,229245.0,3.0
01769,1769.HK,思考乐教育,3.68,2019-06-21,4.1,3.69,0.271739130434777,1.57,1.7,3595.0,100.0
01770,1770.HK,东方科脉,78.64,2026-07-09,77.15,80.0,1.7293997965412,1067.54,3.69,126957.0,3.0
01771,1771.HK,新丰泰集团,3.61,2014-05-15,3.61,3.88,7.4792243767313,1.23,,,100.0
01772,1772.HK,赣锋锂业,16.5,2018-10-11,15.3,11.76,-28.7272727272727,0.58,,4228.0,100.0
01773,1773.HK,天立国际控股,2.66,2018-07-12,2.96,3.19,19.9248120300752,9.38,,11090.0,100.0
01775,1775.HK,精英汇集团,1.08,2018-07-13,1.32,1.32,22.2222222222222,288.65,5.27,15582.0,40.01
01776,1776.HK,广发证券,18.85,2015-04-10,26.5,25.4,34.7480106100796,181.34,,,100.0
01777,1777.HK,花样年控股,2.18,2009-11-25,2.4,2.23,2.29357798165137,160.0,,,50.0
01778,1778.HK,彩生活,3.78,2014-06-30,4.0,4.6,21.6931216931217,4.03,,,50.0
01779,1779.HK,天辰生物-B,96.06,2026-06-05,144.3,131.8,37.2059129710598,4762.58,10.94,266377.0,2.0
01780,1780.HK,荣尊国际控股,0.84,2019-04-30,0.78,0.89,5.95238095238096,11.25,,14575.0,30.0
01782,1782.HK,国际商业数字技术,0.74,2016-12-15,0.84,0.68,-8.1081081081081,,,,
01783,1783.HK,晋景新能,0.55,2018-08-22,0.485,0.49,-10.9090909090909,724.49,1.04,28771.0,15.0
01785,1785.HK,成都高速,2.2,2019-01-15,2.21,2.18,-0.90909090909091,0.2,,1586.0,100.0
01786,1786.HK,铁建装备,5.25,2015-12-16,4.91,4.72,-10.0952380952381,1.93,,,100.0
01787,1787.HK,山东黄金,14.7,2018-09-28,14.7,14.7,0.0,0.12,,1629.0,100.0
01788,1788.HK,国泰君安国际,4.3,2010-07-08,4.15,4.14,-3.72093023255814,,,,100.0
01789,1789.HK,爱康医疗,1.75,2017-12-20,1.75,2.64,50.8571428571429,21.49,3.97,9763.0,60.0
01790,1790.HK,达力环保,0.58,2018-11-29,0.61,0.57,-1.72413793103448,6.32,1.01,3971.0,40.01
01792,1792.HK,CMON,0.23,2016-12-02,1.5,3.29,1330.4347826087,,,,
01793,1793.HK,伟工控股,0.625,2019-02-27,0.62,0.65,4.0,16.23,1.0004,12287.0,15.01
01795,1795.HK,亚东集团,0.84,2020-11-18,0.76,0.83,-1.19047619047619,18.3,0.91,13022.0,25.0
01796,1796.HK,中国数智科技,1.05,2018-12-31,0.89,0.98,-6.66666666666667,12.99,,10533.0,50.0
01797,1797.HK,东方甄选,10.2,2019-03-28,10.2,10.2,0.0,9.18,,10963.0,100.0
01798,1798.HK,大唐新能源,2.33,2010-12-17,2.3,2.19,-6.00858369098713,0.89,,,100.0
01799,1799.HK,新特能源,8.8,2015-12-30,8.8,8.8,0.0,0.1208,,,100.0
01800,1800.HK,中国交通建设,4.6,2006-12-15,7.8,6.33,37.6086956521739,219.97,,,
01801,1801.HK,信达生物,13.98,2018-10-31,14.3,16.58,18.5979971387697,1.11,,1844.0,100.0
01802,1802.HK,文业集团,1.06,2020-01-14,0.98,1.09,2.83018867924529,12.62,0.95,9576.0,25.02
01803,1803.HK,北京体育文化,0.93,2012-01-16,1.05,1.23,32.258064516129,20.56,,,30.0
01808,1808.HK,企展控股,1.66,2007-01-11,1.71,1.64,-1.20481927710843,105.68,,,
01809,1809.HK,浦林成山,5.89,2018-10-09,5.8,4.38,-25.6366723259762,0.32,,2618.0,100.0
01810,1810.HK,小米集团-W,17.0,2018-07-09,16.6,16.8,-1.17647058823529,9.5,1.1,110016.0,100.0
01811,1811.HK,中广核新能源,1.71,2014-10-03,1.93,1.96,14.6198830409357,557.3,,,50.01
01812,1812.HK,晨鸣纸业,9.0,2008-06-18,7.4,7.5,-16.6666666666667,1.42,,,100.0
01813,1813.HK,合景泰富集团,7.28,2007-07-03,7.4,7.84,7.69230769230769,227.0,,,60.0
01815,1815.HK,珠峰黄金,2.38,2018-03-13,2.44,2.39,0.4201680672269,5.6,,8521.0,70.01
01816,1816.HK,中广核电力,2.78,2014-12-10,3.45,3.31,19.0647482014389,287.3,,,100.0
01817,1817.HK,慕尚集团控股,4.39,2019-05-27,4.45,4.5,2.50569476082005,0.48,,3846.0,100.0
01818,1818.HK,招金矿业,12.68,2006-12-08,16.5,15.98,26.0252365930599,535.0,,,
01820,1820.HK,济丰包装,3.98,2018-12-21,3.51,3.98,0.0,4.03,1.02,4479.0,40.02
01822,1822.HK,中木国际,0.72,2009-12-16,1.37,1.08,50.0,366.06,,,10.0
01823,1823.HK,华昱高速,1.28,2009-12-23,1.34,1.29,0.781250000000001,32.15,,,40.22
01825,1825.HK,STERLING GP,0.4,2018-10-19,0.415,0.385,-3.75,18.43,0.96,6428.0,30.0
01826,1826.HK,丰展控股,0.25,2015-09-30,3.0,1.15,360.0,,,,
01827,1827.HK,卓珈控股,0.8,2017-01-10,2.51,3.95,393.75,,,,
01828,1828.HK,富卫集团,38.0,2025-07-07,38.0,38.4,1.05263157894736,37.13,2.32,61689.0,20.0
01830,1830.HK,完美医疗,0.88,2012-02-10,0.97,0.89,1.13636363636364,32.47,,,100.0
01831,1831.HK,十方控股,3.03,2010-12-03,3.03,2.65,-12.5412541254125,0.91,,,100.0
01832,1832.HK,海天地悦旅,3.54,2019-05-16,3.3,3.46,-2.25988700564972,1.17,,4208.0,100.0
01833,1833.HK,平安好医生,54.8,2018-05-04,57.3,54.8,0.0,654.0,,225058.0,60.0
01835,1835.HK,瑞威资管,5.0,2018-11-13,5.2,5.21,4.2,5.59,,5484.0,100.0
01836,1836.HK,九兴控股,15.5,2007-07-06,18.0,18.44,18.9677419354839,42.53,,,100.0
01837,1837.HK,五谷磨房,1.62,2018-12-12,1.62,1.42,-12.3456790123457,1.44,,7536.0,100.0
01841,1841.HK,优越集团控股,0.3,2016-04-19,3.5,0.65,116.666666666667,,,,
01842,1842.HK,植华集团,0.5,2019-06-28,0.54,0.57,14.0,8.29,1.13,8194.0,35.0
01843,1843.HK,快餐帝国,0.65,2019-10-23,1.19,0.61,-6.15384615384616,13.68,1.02,7226.0,19.49
01845,1845.HK,维港环保科技,0.88,2019-01-03,0.9,0.9,2.27272727272727,2.35,,5498.0,70.01
01846,1846.HK,德视佳,7.5,2019-10-15,14.2,11.0,46.6666666666667,42.72,,17008.0,30.0
01847,1847.HK,云南建投混凝土,3.36,2019-10-31,2.66,2.66,-20.8333333333333,18.46,,20081.0,70.0
01848,1848.HK,中国飞机租赁,5.53,2014-07-11,5.7,5.47,-1.08499095840869,1.91,,,100.0
01849,1849.HK,秀商时代控股,0.65,2019-06-26,0.5,0.49,-24.6153846153846,9.03,0.89,10563.0,25.0
01850,1850.HK,美好生活集团控股,0.27,2017-04-18,0.325,0.305,12.962962962963,11.75,1.02,2438.0,20.02
01851,1851.HK,银杏教育,1.44,2019-01-18,1.42,1.35,-6.24999999999999,2.62,1.34,3838.0,50.0
01853,1853.HK,春城热力,2.35,2019-10-24,2.15,2.2,-6.38297872340425,98.25,,20850.0,20.0
01854,1854.HK,中国万天控股,0.225,2016-10-13,1.35,3.6,1500.0,,1.45,,
01855,1855.HK,中庆股份,2.0,2021-01-06,1.99,2.05,2.49999999999999,36.25,1.01,24174.0,13.5
01856,1856.HK,依波路,3.0,2014-07-11,3.02,3.1,3.33333333333334,1.14,,,100.0
01857,1857.HK,中国光大水务,2.99,2019-05-08,2.99,2.65,-11.371237458194,2.43,1.17,4999.0,100.0
01858,1858.HK,春立医疗,13.88,2015-03-11,14.08,14.3,3.02593659942363,373.55,,,30.15
01860,1860.HK,汇量科技,4.0,2018-12-12,4.0,3.99,-0.249999999999995,1.83,,6526.0,100.0
01861,1861.HK,保宝龙科技,,2019-06-21,4.4,2.92,,,,,
01862,1862.HK,景瑞控股,4.45,2013-10-31,4.45,4.4,-1.12359550561797,1.56,,,100.0
01863,1863.HK,中国龙天集团,3.28,2010-04-29,3.51,3.68,12.1951219512195,137.97,,,59.98
01865,1865.HK,鹏高控股集团,0.55,2019-03-27,0.58,0.66,20.0,25.97,1.2,13285.0,50.0
01866,1866.HK,中国心连心化肥,,2009-12-08,5.02,5.2,,,,,
01867,1867.HK,标准发展集团,0.255,2017-01-12,2.6,0.7,174.509803921569,,1.1,,
01868,1868.HK,同方友友,6.9,2006-12-15,9.55,8.96,29.8550724637681,48.0,,,
01869,1869.HK,猫屎咖啡控股,0.355,2016-06-30,1.61,2.28,542.25352112676,,,,
01870,1870.HK,益美国际控股,0.97,2019-11-08,1.1,1.42,46.3917525773196,20.13,0.89,14925.0,25.0
01871,1871.HK,向中国际,1.28,2019-10-24,1.46,0.87,-32.03125,380.15,,28026.0,1.6
01872,1872.HK,冠轈控股,0.43,2019-02-28,0.49,0.63,46.5116279069767,72.47,1.07,13135.0,50.01
01873,1873.HK,维亚生物,4.41,2019-05-09,4.51,4.42,0.226757369614508,106.92,,26731.0,100.0
01875,1875.HK,东曜药业-B,6.55,2019-11-08,6.43,6.26,-4.42748091603054,12.95,,26398.0,15.0
01876,1876.HK,百威亚太,27.0,2019-09-30,27.4,28.2,4.44444444444444,3.64,,50369.0,100.0
01877,1877.HK,君实生物,19.38,2018-12-24,23.5,23.75,22.5490196078431,4.79,,1454.0,100.0
01878,1878.HK,南戈壁,126.04,2010-01-29,123.5,112.0,-11.1393208505236,21.44,,,79.99
01879,1879.HK,曦智科技-P,183.2,2026-04-28,880.0,886.0,383.624454148472,5784.7,53.83,378085.0,6.0
01880,1880.HK,中国中免,158.0,2022-08-25,120.0,158.0,0.0,1.06,4.7,5669.0,100.0
01881,1881.HK,富豪产业信托,2.68,2007-03-30,2.68,2.69,0.373134328358201,1.8,,,100.0
01882,1882.HK,海天国际,3.95,2006-12-22,4.1,3.97,0.506329113924051,226.73,,,
01883,1883.HK,中信国际电讯,2.58,2007-04-03,4.5,4.31,67.0542635658914,,,,20.0
01884,1884.HK,EPRINT集团,0.78,2013-12-03,0.78,0.72,-7.6923076923077,18.48,,,50.08
01888,1888.HK,建滔积层板,7.73,2006-12-07,8.7,8.93,15.5239327296248,142.7,,,
01889,1889.HK,三爱健康集团,1.8,2007-02-01,1.97,1.96,8.88888888888888,161.0,,,35.0
01890,1890.HK,中国科培,2.48,2019-01-25,2.48,2.51,1.20967741935483,1.64,,2748.0,100.0
01891,1891.HK,兴合控股,0.5,2019-03-15,0.44,0.37,-26.0,206.56,1.11,22019.0,50.0
01894,1894.HK,恒益控股,0.85,2018-10-12,0.75,0.88,3.52941176470589,12.48,1.107,5384.0,25.02
01895,1895.HK,鑫苑服务,2.08,2019-10-11,2.8,2.95,41.8269230769231,6.01,2.64,12167.0,20.01
01896,1896.HK,猫眼娱乐,14.8,2019-02-04,14.82,14.64,-1.08108108108108,2.32,,9882.0,100.0
01897,1897.HK,美亨实业,,2019-03-19,0.83,0.83,,,,,
01898,1898.HK,中煤能源,4.05,2006-12-19,4.5,4.56,12.5925925925926,182.0,,,
01899,1899.HK,兴达国际,3.08,2006-12-21,3.6,3.52,14.2857142857143,99.5,,,
01900,1900.HK,中国智能交通,3.49,2010-07-15,3.7,3.49,0.0,225.9,,,60.0
01901,1901.HK,飞扬集团,1.05,2019-06-28,0.99,0.98,-6.66666666666667,19.14,,11435.0,50.01
01903,1903.HK,JBB BUILDERS,1.18,2019-05-10,1.05,1.23,4.23728813559322,1.2,,6979.0,100.0
01905,1905.HK,海通恒信,1.88,2019-06-03,1.9,1.88,0.0,0.062,,1293.0,100.0
01906,1906.HK,博尼控股,0.58,2019-04-26,0.58,0.58,0.0,95.94,1.034,18678.0,50.0
01907,1907.HK,中国旭阳集团,2.8,2019-03-15,2.8,2.8,0.0,1.19,1.2,3517.0,100.0
01908,1908.HK,建发国际集团,0.66,2012-12-14,0.8,0.62,-6.06060606060607,,,,
01909,1909.HK,火岩控股,1.28,2016-02-18,4.0,3.74,192.1875,,,,
01910,1910.HK,新秀丽,14.5,2011-06-16,13.0,13.38,-7.72413793103448,1.23,,,100.0
01911,1911.HK,华兴资本控股,31.8,2018-09-27,31.8,24.7,-22.3270440251572,0.8199,,4775.0,100.0
01912,1912.HK,康特隆,0.65,2019-07-16,0.88,0.69,6.15384615384614,39.9,,16182.0,25.0
01913,1913.HK,普拉达,39.5,2011-06-24,39.5,39.6,0.253164556962029,0.5,,,100.0
01915,1915.HK,泰和小贷,1.34,2017-05-08,1.34,1.36,1.49253731343284,,,2576.0,100.0
01916,1916.HK,江西银行,6.39,2018-06-26,6.39,6.41,0.312989045383419,0.29,,4239.0,100.0
01917,1917.HK,豆盟科技,0.41,2019-03-14,0.59,0.63,53.6585365853659,441.7,,21139.0,20.0
01918,1918.HK,融创中国,3.48,2010-10-07,3.5,3.37,-3.16091954022988,3.83,,,79.99
01919,1919.HK,中远海控,4.25,2005-06-30,3.7,3.825,-10.0,0.5066,3.0,,
01920,1920.HK,巨美集团,0.2,2019-08-16,0.171,0.168,-16.0,15.14,1.24,11581.0,80.0
01921,1921.HK,达力普控股,1.59,2019-11-08,1.59,1.53,-3.77358490566038,2.53,,4231.0,60.0
01925,1925.HK,旷世芳香,1.28,2020-01-16,0.96,0.96,-25.0,17.66,1.07,10779.0,60.0
01927,1927.HK,久久王,0.75,2021-03-16,0.69,0.55,-26.6666666666667,214.36,1.14,87305.0,9.0
01928,1928.HK,金沙中国有限公司,10.38,2009-11-30,9.35,9.32,-10.2119460500963,1.19,,,100.0
01929,1929.HK,周大福,15.0,2011-12-15,14.0,13.8,-7.99999999999999,6.62,,,65.0
01930,1930.HK,勋龙,0.88,2019-06-28,1.27,1.18,34.0909090909091,6.01,0.67,3577.0,40.04
01931,1931.HK,华检医疗,3.07,2019-07-12,2.81,3.07,0.0,2.212,,10676.0,50.0
01932,1932.HK,中漆集团,0.86,2017-07-10,0.85,0.77,-10.4651162790698,3.5,,5446.0,100.0
01933,1933.HK,元力控股,0.95,2018-03-02,1.3,1.53,61.0526315789474,259.64,,11661.0,3.01
01935,1935.HK,嘉宏教育,1.5,2019-06-18,1.49,1.65,9.99999999999999,0.46,1.06,2192.0,100.0
01936,1936.HK,利特米,1.0,2020-05-13,2.01,2.76,176.0,5.33,1.04,6584.0,30.01
01937,1937.HK,佳辰控股,0.53,2020-01-17,0.38,0.335,-36.7924528301887,7.63,0.89,7991.0,50.01
01938,1938.HK,珠江钢管,4.5,2010-02-10,4.41,4.51,0.222222222222217,5.5,,,100.0
01939,1939.HK,上善黄金,1.5,2018-10-11,1.5,1.56,4.0,6.69,2.11,4902.0,30.02
01940,1940.HK,CGII HLDGS,1.37,2020-12-29,1.7,1.62,18.2481751824818,10.09,1.11,26600.0,10.0
01941,1941.HK,烨星集团,1.56,2020-03-13,1.47,1.72,10.2564102564103,1948.62,,118586.0,3.0
01942,1942.HK,马可数字科技,1.0,2020-04-15,0.81,0.5,-50.0,40.04,1.02,15713.0,35.0
01943,1943.HK,金石控股集团,0.5,2019-06-28,0.41,0.465,-6.99999999999999,3.23,1.03,4939.0,100.0
01945,1945.HK,清科控股,11.0,2020-12-30,15.82,11.6,5.45454545454545,1394.0,8.0,284711.0,2.0
01947,1947.HK,美皓集团,0.84,2022-12-14,0.76,0.72,-14.2857142857143,41.31,1.37,15241.0,6.14
01948,1948.HK,优矩控股,6.7,2021-11-08,6.7,6.4,-4.4776119402985,4.56,2.07,12748.0,15.7
01949,1949.HK,佰达国际控股,1.25,2019-07-16,1.73,1.55,24.0,13.67,1.71,12047.0,14.01
01950,1950.HK,帝王实业控股,0.52,2020-03-12,0.5,0.51,-1.92307692307692,12.47,1.92,5556.0,30.01
01951,1951.HK,锦欣生殖,8.54,2019-06-25,9.9,9.28,8.66510538641687,99.26,,27596.0,65.0
01952,1952.HK,云顶新耀,55.0,2020-10-09,70.55,72.75,32.2727272727273,654.41,27.0,308757.0,2.0
01953,1953.HK,RIMBACO,0.4,2020-04-28,0.58,0.475,18.75,15.9,0.92,16673.0,25.0
01955,1955.HK,庄臣控股,1.0,2019-10-16,1.6,1.23,23.0,50.03,0.26,19370.0,50.0
01956,1956.HK,中科闻歌,60.7,2026-06-26,110.0,111.7,84.0197693574959,5966.78,20.7,195072.0,0.15
01957,1957.HK,大人国际,0.8,2020-07-08,0.435,0.345,-56.875,23.5,1.04,14348.0,65.01
01958,1958.HK,北京汽车,8.9,2014-12-19,8.9,8.85,-0.561797752808997,2.11,,,100.0
01959,1959.HK,中聚投资,1.08,2019-10-18,1.06,0.77,-28.7037037037037,22.16,0.03,20050.0,40.0
01960,1960.HK,TBKS HLDGS,0.5,2019-09-30,0.69,0.8,60.0,9.6,,9419.0,10.01
01961,1961.HK,多牛科技,1.35,2020-03-17,1.45,1.4,3.70370370370369,23.06,1.32,14101.0,60.0
01962,1962.HK,训修实业,1.65,2017-07-12,1.5,1.22,-26.0606060606061,1.08,1.05,875.0,100.0
01963,1963.HK,重庆银行,6.0,2013-11-06,6.0,5.99,-0.166666666666663,8.81,,,100.0
01965,1965.HK,朗诗绿色生活,3.18,2021-07-08,6.0,4.5,41.5094339622641,8.01,1.25,20236.0,18.0
01966,1966.HK,中骏集团控股,2.6,2010-02-05,2.48,2.72,4.61538461538462,2.69,,,100.0
01967,1967.HK,信恳智能,2.0,2019-10-18,3.2,3.4,70.0,12.88,,7504.0,15.01
01968,1968.HK,兴纺控股,1.12,2018-07-16,1.85,2.87,156.25,14.5,,6052.0,20.01
01969,1969.HK,中国春来,2.08,2018-09-13,2.05,1.74,-16.3461538461539,1.88,,4780.0,100.0
01970,1970.HK,IMAX CHINA,31.0,2015-10-08,32.3,34.25,10.4838709677419,0.77,,,100.0
01971,1971.HK,弘阳服务,4.15,2020-07-07,4.88,4.4,6.02409638554217,111.82,,70025.0,30.0
01972,1972.HK,太古地产,,2012-01-18,16.8,17.26,,,,,
01973,1973.HK,天图投资,6.5,2023-10-06,5.39,4.88,-24.9230769230769,0.26,1.28,1469.0,100.0
01975,1975.HK,新兴印刷,1.38,2017-11-16,1.43,1.39,0.724637681159421,45.12,,12833.0,20.01
01977,1977.HK,安乐工程,1.2,2019-07-12,1.15,1.63,35.8333333333333,7.59,,8272.0,100.0
01978,1978.HK,叙福楼集团,1.1,2018-05-30,1.98,1.54,40.0,979.1,1.89,43898.0,55.0
01979,1979.HK,天宝集团,0.55,2015-12-11,0.71,1.22,121.818181818182,8.21,,,100.0
01980,1980.HK,天鸽互动,5.28,2014-07-09,5.99,5.72,8.33333333333332,76.13,,,60.0
01981,1981.HK,华夏控股,3.1,2020-07-15,4.23,4.92,58.7096774193548,34.64,22.13,23791.0,50.0
01982,1982.HK,南旋控股,1.2,2016-04-12,1.32,1.28,6.66666666666667,13.72,,2494.0,100.0
01983,1983.HK,泸州银行,3.18,2018-12-17,3.18,3.25,2.20125786163522,0.3,,1233.0,100.0
01985,1985.HK,美高域,1.46,2017-03-08,3.89,4.0,173.972602739726,1177.8,,15802.0,50.0
01986,1986.HK,彩客新能源,4.01,2015-07-03,3.8,4.06,1.24688279301745,1.8,,,100.0
01987,1987.HK,BENG SOON MACH,0.5,2019-11-08,0.53,0.5,0.0,26.41,1.05,23337.0,35.0
01988,1988.HK,民生银行,9.08,2009-11-26,9.05,8.8,-3.08370044052863,159.06,,,30.0
01989,1989.HK,广合科技,71.88,2026-03-20,95.05,96.0,33.5559265442404,1070.72,14.64,202417.0,5.0
01991,1991.HK,大洋集团,3.5,2007-06-08,3.48,3.75,7.14285714285714,60.7268,,,30.0
01993,1993.HK,雅仕维,6.0,2015-01-15,5.99,5.79,-3.5,1.29,,,100.0
01995,1995.HK,永升服务,1.78,2018-12-17,1.75,1.78,0.0,1.21,,2131.0,100.0
01996,1996.HK,弘阳地产,2.28,2018-07-12,2.5,2.56,12.2856265625685,0.18,,727.0,100.0
01997,1997.HK,九龙仓置业,,2017-11-23,54.5,50.0,,,,,
01999,1999.HK,敏华控股,6.8,2010-04-09,7.48,6.7,-1.47058823529411,0.2961,,,100.0
02000,2000.HK,晨讯科技,1.7,2005-06-30,1.65,1.43,-15.8823529411765,7.34,,,
02001,2001.HK,新高教集团,2.78,2017-04-19,2.76,2.78,0.0,1.97,2.9,1657.0,100.0
02002,2002.HK,阳光纸业,6.0,2007-12-12,6.5,6.17,2.83333333333333,5.13,,,20.13
02003,2003.HK,维信金科,20.0,2018-06-21,20.0,20.45,2.25,9.36,,12029.0,100.0
02005,2005.HK,石四药集团,2.15,2005-12-20,2.225,2.3,6.97674418604651,30.8,,,
02007,2007.HK,碧桂园,5.38,2007-04-20,7.0,7.27,35.1301115241636,255.7,,,25.0
02008,2008.HK,凤凰卫视,1.08,2000-06-30,1.12,1.09,0.925925925925927,2.72,,,
02009,2009.HK,金隅集团,6.38,2009-07-29,10.2,9.97,56.269592476489,774.64,,,10.0
02011,2011.HK,进腾集团,1.33,2011-01-12,1.49,1.35,1.50375939849624,160.0,,,70.02
02012,2012.HK,阳光油砂,4.86,2012-03-01,4.85,4.7,-3.29218106995885,0.23,,,100.0
02013,2013.HK,微盟集团,2.8,2019-01-15,3.1,2.93,4.64285714285716,0.79,,3388.0,100.0
02015,2015.HK,理想汽车-W,118.0,2021-08-12,118.0,117.0,-0.847457627118644,5.5,7.9,50264.0,50.0
02016,2016.HK,浙商银行,3.96,2016-03-30,3.96,3.96,0.0,,,1637.0,100.0
02017,2017.HK,沧海控股,2.17,2017-03-31,2.33,2.17,0.0,64.54,,7903.0,80.0
02018,2018.HK,瑞声科技,2.73,2005-08-09,2.85,3.15,15.3846153846154,1.39,,,
02020,2020.HK,安踏体育,5.28,2007-07-10,7.6,7.5,42.0454545454545,183.0,,,50.0
02022,2022.HK,游莱互动,0.63,2017-12-15,0.67,0.68,7.93650793650794,8.91,,6709.0,70.15
02023,2023.HK,中国绿岛科技,0.8,2013-10-11,0.94,0.92,15.0,31.83,,,100.0
02025,2025.HK,瑞丰动力,1.68,2018-01-05,1.74,1.7,1.19047619047619,17.0,,5803.0,60.5
02026,2026.HK,小马智行-W,139.0,2025-11-06,124.0,126.1,-9.28057553956835,15.88,7.72,37062.0,55.0
02028,2028.HK,映美控股,1.14,2005-06-29,1.14,1.14,0.0,0.517,,,
02030,2030.HK,卡宾,2.53,2013-10-28,2.7,2.6,2.76679841897234,12.0,,,100.0
02031,2031.HK,澳至尊,0.55,2016-09-12,0.51,0.58,5.45454545454544,,,3092.0,100.0
02033,2033.HK,时计宝,1.35,2013-02-05,1.48,1.38,2.22222222222221,651.0,,,50.01
02038,2038.HK,富智康集团,3.88,2005-02-03,3.4,3.775,-2.70618556701031,42.0,,,
02039,2039.HK,中集集团,,2012-12-19,12.6,11.22,,,,,
02048,2048.HK,易居企业控股,14.38,2018-07-20,14.38,14.18,-1.39082058414465,0.73,,5964.0,100.0
02050,2050.HK,三花智控,22.53,2025-06-23,20.95,22.5,-0.133155792276969,747.92,23.57,334840.0,15.0
02051,2051.HK,VALA,8.5,2018-07-13,8.76,9.1,7.05882352941176,0.8763,,2021.0,100.0
02057,2057.HK,中通快递-W,218.0,2020-09-29,244.0,238.0,9.1743119266055,6.69,5.65,24980.0,70.0
02068,2068.HK,中铝国际,3.93,2012-07-06,3.95,3.59,-8.65139949109416,0.044,,,100.0
02076,2076.HK,BOSS直聘-W,,2022-12-22,77.85,78.5,,,,11167.0,
02078,2078.HK,荣阳实业,4.13,2013-02-05,3.94,3.59,-13.0750605326877,53.8,,,100.0
02080,2080.HK,奥克斯国际,1.5,2014-01-23,2.79,2.84,89.3333333333333,3559.2,,,1.0
02086,2086.HK,高维科技,0.32,2003-11-10,0.36,0.325,1.5625,,,,
02088,2088.HK,西王置业,1.88,2005-12-09,2.35,1.99,5.85106382978724,275.0,,,
02096,2096.HK,先声药业,13.7,2020-10-27,11.0,10.98,-19.8540145985401,589.47,23.0,362035.0,5.0
02097,2097.HK,蜜雪集团,202.5,2025-03-03,262.0,290.0,43.2098765432099,5258.21,35.23,264992.0,8.0
02098,2098.HK,卓尔智联,2.89,2011-07-13,2.92,3.09,6.92041522491349,1.05,,,100.0
02099,2099.HK,中国黄金国际,44.68,2010-12-01,46.0,42.95,-3.87197851387645,24.3,,,60.0
02100,2100.HK,百奥家庭互动,2.15,2014-04-10,2.15,1.77,-17.6744186046512,0.89,,,100.0
02101,2101.HK,福禄控股,8.9,2020-09-18,9.3,9.18,3.14606741573033,1258.51,13.73,388838.0,2.0
02102,2102.HK,德利机械,0.44,2017-07-27,0.405,0.41,-6.81818181818182,203.72,,7719.0,70.01
02105,2105.HK,来凯医药-B,12.41,2023-06-29,12.44,15.0,20.870265914585,5.81,1.09,2570.0,22.31
02107,2107.HK,第一服务控股,2.4,2020-10-22,2.0,1.76,-26.6666666666667,66.69,6.25,95689.0,10.0
02108,2108.HK,K2 F&B,0.75,2019-03-06,0.8,0.67,-10.6666666666667,16.4,1.01,13518.0,45.0
02110,2110.HK,天成控股,0.225,2020-12-07,0.285,0.192,-14.6666666666667,36.79,,33575.0,20.0
02111,2111.HK,超盈国际控股,2.15,2014-05-23,2.09,2.12,-1.39534883720929,1.8,,,100.0
02112,2112.HK,恩典生命科技,1.3,2013-07-03,1.3,1.21,-6.92307692307693,0.237,,,100.0
02113,2113.HK,世纪集团国际,0.7,2016-10-17,0.64,0.8,14.2857142857143,68.44,1.34,5451.0,40.0
02116,2116.HK,江苏创新,1.25,2018-03-28,1.26,1.22,-2.4,226.42,3.0,18834.0,40.0
02119,2119.HK,捷荣国际控股,1.98,2018-05-11,2.16,2.37,19.6969696969697,162.94,,39272.0,15.0
02120,2120.HK,康宁医院,38.7,2015-11-20,44.0,49.1,26.8733850129199,125.3,,,100.0
02121,2121.HK,创新奇智,26.3,2022-01-27,26.3,19.6,-25.4752851711027,13.89,2.62,33123.0,15.0
02122,2122.HK,凯知乐国际,1.55,2017-11-10,1.8,1.49,-3.87096774193549,12.3,,13752.0,5.06
02125,2125.HK,稻草熊娱乐,5.88,2021-01-15,7.0,10.8,83.6734693877551,403.54,13.41,313721.0,6.0
02126,2126.HK,药明巨诺-B,23.8,2020-11-03,24.35,22.0,-7.56302521008404,449.42,28.5,259674.0,5.0
02127,2127.HK,汇森股份,1.77,2020-12-29,1.75,1.8,1.69491525423729,53.4,,160100.0,20.0
02128,2128.HK,中国联塑,2.6,2010-06-23,2.57,2.6,0.0,1.99,,,100.0
02129,2129.HK,LEGION CONSO,0.4,2021-01-13,0.46,0.35,-12.5,443.37,1.5,172836.0,1.09
02130,2130.HK,嘉泓物流,2.66,2020-10-15,2.66,2.71,1.87969924812029,34.31,1.36,32910.0,20.0
02131,2131.HK,云想科技,6.98,2020-12-17,6.98,8.12,16.3323782234957,114.45,6.37,158799.0,10.0
02132,2132.HK,誉燊丰控股,0.325,2020-10-20,0.3,0.275,-15.3846153846154,59.05,1.02,47513.0,10.0
02135,2135.HK,瑞丽医美,0.4,2020-12-28,0.475,0.435,8.74999999999999,386.0,1.1,138113.0,3.0
02136,2136.HK,利福中国,,2016-07-15,1.78,2.44,,,,,
02137,2137.HK,腾盛博药-B,22.25,2021-07-13,21.4,22.95,3.14606741573033,292.0,12.0,246540.0,5.0
02138,2138.HK,医思健康,3.03,2016-03-11,3.1,2.98,-1.65016501650164,3.01,,950.0,100.0
02139,2139.HK,甘肃银行,2.69,2018-01-18,2.83,2.88,7.0631970260223,1.61,1.17,6311.0,100.0
02142,2142.HK,和铂医药-B,12.38,2020-12-10,11.94,11.02,-10.9854604200323,78.54,8.0,115188.0,10.0
02145,2145.HK,上美股份,25.2,2022-12-22,25.2,25.2,0.0,0.48,1.42,3049.0,100.0
02146,2146.HK,荣万家,13.46,2021-01-15,12.8,12.36,-8.17236255572066,6.62,1.9,26091.0,18.0
02147,2147.HK,正味集团,0.68,2023-01-13,0.74,0.56,-17.6470588235294,18.28,1.33,6254.0,100.0
02149,2149.HK,贝克微,27.47,2023-12-28,25.05,22.7,-17.3643975245723,1.34,1.36,2475.0,100.0
02150,2150.HK,奈雪的茶,19.8,2021-06-30,18.86,17.12,-13.5353535353535,432.03,18.18,642033.0,8.0
02152,2152.HK,苏新服务,8.6,2022-08-24,8.2,8.59,-0.116279069767439,0.71,1.2,1258.0,100.0
02153,2153.HK,达丰设备,1.73,2021-01-13,1.4,1.58,-8.67052023121387,10.3,1.02,36284.0,10.0
02155,2155.HK,森松国际,2.48,2021-06-28,4.96,8.9,258.870967741935,23.71,2.36,39407.0,80.0
02156,2156.HK,建发物业,,2020-12-31,3.05,3.1,,,,,
02157,2157.HK,乐普生物,7.13,2022-02-23,7.13,7.14,0.140252454417949,5.65,1.53,6141.0,22.31
02158,2158.HK,医渡科技,26.3,2021-01-15,58.25,65.2,147.908745247148,1633.84,33.4,1174302.0,20.0
02159,2159.HK,麦迪卫康,3.0,2021-01-19,4.0,3.79,26.3333333333333,168.75,1.13,92145.0,15.0
02160,2160.HK,微创心通-B,12.2,2021-02-04,21.5,18.82,54.2622950819672,769.0,54.0,567475.0,7.5
02161,2161.HK,健倍苗苗,1.2,2021-02-05,1.48,2.16,80.0,22.47,,87981.0,8.0
02162,2162.HK,康诺亚-B,53.3,2021-07-08,78.0,68.0,27.5797373358349,429.97,21.9,249663.0,6.5
02163,2163.HK,远大住工,9.68,2019-11-06,8.7,9.67,-0.103305785123965,1.38,,9524.0,100.0
02165,2165.HK,领悦服务集团,4.19,2021-07-12,5.2,4.19,0.0,5.23,1.2,10159.0,13.0
02166,2166.HK,芯智控股,1.83,2016-10-07,1.89,1.8,-1.63934426229508,15.5,,2165.0,100.0
02167,2167.HK,天润云,12.85,2022-06-30,12.84,12.84,-0.0778210116731501,1.17,1.27,4656.0,90.02
02168,2168.HK,佳兆业美好,9.38,2018-12-06,9.1,9.24,-1.49253731343284,20.44,,9949.0,70.0
02169,2169.HK,沧港铁路,0.95,2020-10-23,0.97,1.0,5.26315789473685,12.0,1.1,19320.0,6.5
02170,2170.HK,贝康医疗-B,27.36,2021-02-08,30.0,27.7,1.24269005847953,402.8,21.8,264120.0,10.0
02171,2171.HK,科济药业-B,32.8,2021-06-18,27.05,30.0,-8.53658536585365,434.57,8.2,365662.0,5.0
02172,2172.HK,微创脑科学,24.64,2022-07-15,24.7,24.6,-0.162337662337659,45.27,2.14,9320.0,4.88
02175,2175.HK,中国通才教育,3.69,2021-07-16,3.29,3.69,0.0,4.12,1.47,15879.0,30.0
02176,2176.HK,赛迪顾问,0.25,2002-12-12,0.255,0.204,-18.4,,1.17,,
02177,2177.HK,优趣汇控股,11.86,2021-07-12,12.22,9.04,-23.7774030354132,25.45,1.83,42293.0,53.0
02178,2178.HK,百勤油服,3.28,2013-03-06,3.81,4.16,26.8292682926829,34.3,,,100.0
02179,2179.HK,瑞科生物-B,24.8,2022-03-31,25.0,25.25,1.81451612903226,10.65,1.39,7853.0,9.28
02180,2180.HK,万宝盛华,9.9,2019-07-10,10.68,9.8,-1.01010101010101,4.67,,8561.0,85.01
02181,2181.HK,迈博药业-B,1.5,2019-05-31,1.5,1.21,-19.3333333333333,1.46,,10118.0,100.0
02182,2182.HK,天长集团,0.71,2018-03-08,0.9,0.73,2.81690140845071,578.7,1.37,21817.0,30.05
02185,2185.HK,百心安-B,21.25,2021-12-23,18.88,20.1,-5.41176470588235,1.52,1.16,1994.0,85.0
02186,2186.HK,绿叶制药,5.92,2014-07-09,6.8,6.7,13.1756756756757,14.77,,,60.2
02187,2187.HK,智欣集团控股,1.5,2021-03-26,1.45,1.06,-29.3333333333333,25.24,,12822.0,10.0
02188,2188.HK,泰坦能源技术,1.18,2010-05-28,1.66,1.46,23.728813559322,475.0,,,60.0
02189,2189.HK,嘉涛(香港)控股,0.6,2019-06-13,0.51,0.56,-6.66666666666665,80.37,1.03,23176.0,20.0
02190,2190.HK,归创通桥,42.7,2021-07-05,55.0,60.0,40.5152224824356,1190.37,22.5,437991.0,2.0
02191,2191.HK,顺丰房托,4.98,2021-05-17,4.49,4.16,-16.4658634538153,5.0,3.0,18741.0,60.01
02192,2192.HK,医脉通,27.2,2021-07-15,28.9,31.0,13.9705882352941,592.41,31.2,626195.0,5.0
02193,2193.HK,万景控股,0.8,2015-07-03,1.35,1.1,37.5,1836.9,,,12.51
02195,2195.HK,盈汇企业控股,0.56,2021-03-31,0.4,0.33,-41.0714285714286,21.65,1.08,14005.0,30.0
02196,2196.HK,复星医药,11.8,2012-10-30,11.08,10.84,-8.13559322033899,2.44,,,100.0
02197,2197.HK,三叶草生物-B,13.38,2021-11-05,13.38,12.98,-2.98953662182362,4.4,3.21,17687.0,35.0
02198,2198.HK,中国三江化工,3.38,2010-09-16,3.65,3.33,-1.4792899408284,248.85,,,30.01
02199,2199.HK,维珍妮,5.6,2015-10-08,6.25,6.5,16.0714285714286,1.11,,,100.0
02202,2202.HK,万科企业,,2014-06-25,13.66,13.28,,,,,
02203,2203.HK,脑洞科技,0.3,2015-10-09,0.9,0.8,166.666666666667,,,,
02205,2205.HK,康桥悦生活,3.68,2021-07-16,3.68,3.64,-1.08695652173913,23.72,1.55,55460.0,9.11
02208,2208.HK,金风科技,17.98,2010-10-08,18.6,19.06,6.00667408231367,41.19,,,50.0
02209,2209.HK,喆丽控股,3.28,2021-07-09,4.83,3.46,5.48780487804879,145.3,3.2,59586.0,3.26
02210,2210.HK,京城佳业,8.28,2021-11-10,8.28,8.26,-0.241545893719802,2.88,1.41,6377.0,25.07
02211,2211.HK,大健康国际,2.91,2013-12-12,1.99,2.37,-18.5567010309278,7.65,,,100.0
02212,2212.HK,高鹏矿业,0.88,2015-01-09,0.9,0.89,1.13636363636364,24.2,,,100.0
02215,2215.HK,德信服务集团,3.06,2021-07-15,3.06,3.06,0.0,3.08,1.31,21154.0,75.0
02216,2216.HK,堃博医疗-B,18.7,2021-09-24,18.0,15.0,-19.7860962566845,11.13,4.1,30993.0,6.58
02218,2218.HK,安德利果汁,3.7,2003-04-22,3.8,3.7,0.0,,2.6,,
02219,2219.HK,朝聚眼科,10.6,2021-07-07,10.6,14.1,33.0188679245283,113.97,17.83,153275.0,5.67
02221,2221.HK,创业集团控股,0.86,2014-09-19,0.91,1.16,34.8837209302326,396.66,,,100.0
02222,2222.HK,雷士国际,2.1,2010-05-20,2.1,2.04,-2.85714285714286,38.65,,,60.01
02223,2223.HK,卡撒天娇,1.5,2012-11-23,1.54,1.64,9.33333333333333,9.18,,,60.1
02225,2225.HK,今海医疗科技,0.52,2017-10-17,0.55,0.55,5.76923076923077,170.41,3.94,10986.0,75.01
02226,2226.HK,老恒和酿造,7.15,2014-01-28,8.5,8.27,15.6643356643357,1045.46,,,20.0
02227,2227.HK,守益控股,0.85,2017-12-11,0.69,0.69,-18.8235294117647,112.9,2.0,13133.0,60.0
02228,2228.HK,晶泰控股,5.28,2024-06-13,5.39,5.8,9.84848484848484,103.35,2.13,19602.0,20.0
02230,2230.HK,羚邦集团,0.45,2019-05-21,0.395,0.31,-31.1111111111111,15.77,1.18,17367.0,60.0
02231,2231.HK,景业名邦集团,3.16,2019-12-05,3.3,3.23,2.21518987341772,1.89,,7262.0,100.0
02232,2232.HK,晶苑国际,7.5,2017-11-03,7.88,7.89,5.2,10.38,1.17,17377.0,100.0
02233,2233.HK,西部水泥,1.69,2010-08-23,1.85,1.94,14.792899408284,137.62,,,79.99
02235,2235.HK,微泰医疗-B,30.5,2021-10-19,31.0,30.5,0.0,6.79,4.9,14360.0,80.01
02236,2236.HK,惠生工程,2.79,2012-12-28,2.79,2.79,0.0,1.32,,,100.0
02237,2237.HK,中国石墨,0.325,2022-07-18,0.44,0.79,143.076923076923,26.51,1.06,11851.0,30.01
02238,2238.HK,广汽集团,,2010-08-30,9.0,9.19,,,,,
02239,2239.HK,国微控股,3.78,2016-03-30,3.4,3.18,-15.8730158730159,18.51,,2352.0,100.0
02245,2245.HK,力勤资源,15.8,2022-12-01,15.8,15.8,0.0,1.47,1.4,13455.0,80.0
02246,2246.HK,快狗打车,21.5,2022-06-24,21.5,16.72,-22.2325581395349,4.05,1.4,6788.0,100.0
02249,2249.HK,晶合集成,32.3,2026-07-10,36.0,32.3,0.0,344.26,14.62,195505.0,8.0
02250,2250.HK,小黄鸭德盈,2.05,2022-01-17,2.6,2.39,16.5853658536586,7.31,1.24,15442.0,30.0
02251,2251.HK,鹰瞳科技-B,75.1,2021-11-05,67.6,68.0,-9.45406125166444,6.18,2.9,14309.0,15.55
02252,2252.HK,微创机器人-B,43.2,2021-11-02,39.8,45.8,6.0185185185185,163.83,16.0,104652.0,3.3
02255,2255.HK,海昌海洋公园,2.45,2014-03-13,2.26,2.02,-17.5510204081633,4.65,,,100.0
02256,2256.HK,和誉-B,12.46,2021-10-13,11.3,12.4,-0.481540930979137,5.64,4.65,8521.0,13.22
02257,2257.HK,圣诺医药-B,65.9,2021-12-30,65.9,77.9,18.2094081942337,5.68,1.22,6124.0,21.77
02258,2258.HK,华滋国际海洋,1.22,2018-11-19,1.5,1.33,9.01639344262296,1.67,0.49,4416.0,100.0
02259,2259.HK,紫金黄金国际,71.59,2025-09-30,111.5,120.6,68.4592820226288,240.74,20.38,350775.0,50.0
02260,2260.HK,环龙控股,1.22,2022-01-11,1.27,1.23,0.819672131147542,13.66,1.31,9220.0,15.01
02262,2262.HK,梁志天设计集团,0.88,2018-07-05,1.01,1.15,30.6818181818182,125.52,8.9,20945.0,60.0
02263,2263.HK,富石金融,0.5,2020-02-19,0.56,0.4,-20.0,130.35,2.63,20456.0,20.01
02265,2265.HK,鸿承环保科技,1.02,2021-11-12,1.04,0.91,-10.7843137254902,24.26,1.02,11662.0,50.01
02266,2266.HK,黎氏企业,1.15,2017-02-10,1.38,1.74,51.304347826087,187.7,5.25,8848.0,80.01
02268,2268.HK,药明合联,20.6,2023-11-17,26.95,28.0,35.9223300970874,49.96,19.6,30726.0,13.0
02269,2269.HK,药明生物,20.6,2017-06-13,25.0,28.25,37.1359223300971,37.46,,4132.0,80.21
02270,2270.HK,德商产投服务,1.11,2021-12-17,1.16,1.05,-5.40540540540541,1.37,1.17,2517.0,70.01
02271,2271.HK,众安智慧生活,1.18,2023-07-18,1.22,1.21,2.54237288135593,1.84,1.63,1690.0,50.0
02272,2272.HK,科拓股份,39.55,2026-06-26,110.1,120.2,203.919089759798,2115.21,5.56,165737.0,2.0
02273,2273.HK,固生堂,29.0,2021-12-10,33.4,29.0,0.0,2.84,4.4,11087.0,60.0
02276,2276.HK,康耐特光学,4.46,2021-12-16,4.43,4.55,2.01793721973094,1.78,1.12,7610.0,50.38
02279,2279.HK,雍禾医疗,15.8,2021-12-13,15.76,16.6,5.06329113924051,160.06,8.39,81126.0,15.0
02280,2280.HK,慧聪集团,1.09,2003-12-17,1.23,1.46,33.9449541284404,,9.6,,
02281,2281.HK,兴泸水务,2.3,2017-03-31,2.32,2.27,-1.30434782608695,6.12,,3819.0,80.09
02282,2282.HK,美高梅中国,15.34,2011-06-03,16.18,15.62,1.82529335071708,20.81,,,80.0
02283,2283.HK,东江集团控股,1.25,2013-12-20,1.29,1.24,-0.800000000000001,3.33,,,60.04
02285,2285.HK,泉峰控股,43.6,2021-12-30,51.8,56.0,28.4403669724771,7.49,7.27,17694.0,70.0
02286,2286.HK,辰兴发展,3.0,2015-07-03,3.2,3.0,0.0,4.29,,,100.0
02288,2288.HK,宏基资本,4.18,2009-08-21,4.35,3.9,-6.69856459330143,718.0,,,8.0
02289,2289.HK,创美药业,8.6,2015-12-14,7.7,8.0,-6.97674418604651,22.93,,,100.0
02290,2290.HK,龙丰集团,5.18,2026-06-05,4.32,2.81,-45.7528957528958,664.92,3.18,133189.0,5.0
02291,2291.HK,心泰医疗,29.15,2022-11-08,29.8,29.15,0.0,2.11,1.38,668.0,100.0
02293,2293.HK,百本医护,0.5,2014-07-08,2.5,1.92,284.0,,,,
02295,2295.HK,丰城控股,0.6,2019-12-13,0.5,0.435,-27.5,24.4,1.0,,30.0
02297,2297.HK,润迈德-B,6.24,2022-07-08,5.6,5.28,-15.3846153846154,6.35,1.34,4032.0,6.67
02298,2298.HK,都市丽人,3.6,2014-06-26,3.4,3.55,-1.3888888888889,20.58,,,100.0
02299,2299.HK,百宏实业,5.18,2011-05-18,5.2,5.28,1.93050193050194,1.53,,,100.0
02302,2302.HK,中核国际,0.93,2003-01-06,0.96,0.98,5.3763440860215,11.1,3.2,,
02306,2306.HK,乐华娱乐,4.08,2023-01-19,5.6,6.03,47.7941176470588,28.68,1.29,9630.0,50.0
02307,2307.HK,锦兴国际控股,1.26,2004-09-23,1.29,1.29,2.38095238095238,9.06,2.4,,
02309,2309.HK,大象未来集团,1.0,2002-11-12,1.0,1.02,2.0,1.7428,1.53,,
02310,2310.HK,时代环球集团,1.3,2003-07-04,1.33,1.27,-2.30769230769231,21.682,,,
02312,2312.HK,LONG 投资集团,1.0,2002-10-28,1.01,1.1,10.0,1.19,,,
02313,2313.HK,申洲国际,2.625,2005-11-24,2.7,2.775,5.71428571428571,5.5,,,
02314,2314.HK,理文造纸,4.17,2003-09-26,4.3,4.7,12.7098321342926,16.8,7.5,,
02315,2315.HK,百奥赛图-B,25.22,2022-09-01,26.3,26.0,3.09278350515464,5.93,1.6,3524.0,50.0
02317,2317.HK,味丹国际,0.89,2003-06-27,0.95,1.05,17.9775280898876,157.0,8.0,,
02318,2318.HK,中国平安,10.33,2004-06-24,10.5,10.4,0.677637947725075,58.0,,,
02319,2319.HK,蒙牛乳业,3.925,2004-06-10,4.4,4.875,24.203821656051,206.0,,,
02320,2320.HK,合丰集团,1.1,2003-09-24,1.4,1.23,11.8181818181818,239.98,6.0,,
02321,2321.HK,双财庄,0.56,2022-08-19,0.8,0.79,41.0714285714286,19.2,2.1,5178.0,100.0
02322,2322.HK,新质数字,0.67,2003-04-09,0.67,0.68,1.49253731343284,,1.0,,
02323,2323.HK,融科控股,1.38,2002-06-21,1.38,1.22,-11.5942028985507,3.7428,3.54,,
02324,2324.HK,首都创投,1.0,2003-10-27,1.1,1.0,0.0,,,,
02325,2325.HK,云康集团,7.89,2022-05-18,7.89,8.5,7.73130544993663,1.35,1.39,4025.0,100.0
02326,2326.HK,新源万恒控股,0.7,2003-03-03,0.74,0.73,4.28571428571429,14.4,4.7,,
02327,2327.HK,美瑞健康国际,0.48,2003-10-14,0.58,0.47,-2.08333333333334,157.4784,2.8,,
02328,2328.HK,中国财险,1.8,2003-11-06,2.425,2.7,50.0,136.0,,,
02329,2329.HK,国瑞健康,2.38,2014-07-07,2.32,2.5,5.04201680672269,0.2,0.98,,100.0
02330,2330.HK,中国上城,0.78,2001-02-08,0.82,0.79,1.28205128205128,,10.0,,
02331,2331.HK,李宁,2.15,2004-06-28,2.35,2.35,9.30232558139536,132.2,12.0,,
02333,2333.HK,长城汽车,13.3,2003-12-15,22.0,17.05,28.1954887218045,683.0,,,
02335,2335.HK,麦科医药-B,18.2,2026-06-24,34.02,36.9,102.747252747253,1181.46,2.52,153832.0,3.0
02336,2336.HK,硕奥国际,0.5,2003-03-03,0.52,0.5,0.0,4.1,2.9,,
02337,2337.HK,众诚能源,2.68,2017-10-16,2.68,3.04,13.4328358208955,59.63,,10068.0,100.0
02338,2338.HK,潍柴动力,10.5,2004-03-11,12.95,13.45,28.0952380952381,928.0,52.0,,
02339,2339.HK,京西国际,1.33,2003-10-10,1.47,1.63,22.5563909774436,120.0,16.0,,
02340,2340.HK,升柏控股,0.75,2003-10-09,0.82,0.77,2.66666666666667,65.699,,,
02342,2342.HK,京信通信,1.88,2003-07-15,2.025,2.25,19.6808510638298,8.8,5.0,,
02343,2343.HK,太平洋航运,2.5,2004-07-14,2.575,2.5,0.0,3.6,,,
02347,2347.HK,友和集团,2.1,2022-06-10,2.28,2.1,0.0,8.37,1.23,4622.0,20.0
02348,2348.HK,东瑞制药,0.8,2003-07-11,0.81,0.83,3.74999999999999,1.2,2.2,,
02349,2349.HK,中国智能基础设施,0.85,2003-06-25,0.87,0.87,2.35294117647059,11.67,2.86,,
02350,2350.HK,数科集团,0.85,2022-09-26,0.9,0.62,-27.0588235294118,151.3,1.1,18032.0,30.1
02352,2352.HK,东原仁知服务,11.9,2022-04-29,11.9,11.9,0.0,4.35,1.56,4379.0,17.85
02355,2355.HK,宝业集团,1.43,2003-06-30,1.4,1.45,1.3986013986014,2.04,5.38,,
02356,2356.HK,大新银行集团,12.66,2004-06-30,12.65,12.8,1.10584518167457,3.77,,,
02357,2357.HK,中航科工,1.21,2003-10-30,1.4,1.47,21.4876033057851,154.9,,,
02358,2358.HK,久融控股,1.068,2004-07-15,1.09,1.08,1.12359550561798,8.2,4.6,,
02359,2359.HK,药明康德,68.0,2018-12-13,67.0,68.0,0.0,1.92,,7042.0,100.0
02360,2360.HK,优品360,1.0,2019-01-11,1.24,1.17,17.0,10.92,1.44,10129.0,30.0
02361,2361.HK,中康科技控股,5.36,2022-07-12,4.74,5.36,0.0,2.21,1.36,4352.0,39.95
02362,2362.HK,金川国际,0.5,2001-07-09,0.76,0.75,50.0,,12.4,,
02363,2363.HK,通达宏泰,2.3,2018-03-16,2.45,2.4,4.34782608695653,275.3,,11713.0,20.05
02367,2367.HK,巨子生物,24.3,2022-11-04,26.0,26.7,9.87654320987654,2.08,4.22,5450.0,100.0
02368,2368.HK,鹰美,1.0,2003-08-22,1.23,1.28,28.0,104.8888,4.6,,
02369,2369.HK,酷派集团,0.86,2004-12-09,0.86,0.68,-20.9302325581395,31.4,,,
02370,2370.HK,力高健康生活,4.1,2022-03-31,4.55,5.18,26.3414634146342,1.99,1.14,1671.0,48.62
02371,2371.HK,创联控股,0.55,2004-11-18,0.65,0.62,12.7272727272727,25.9,3.17,,
02372,2372.HK,伟立控股,0.63,2022-06-30,0.7,0.63,0.0,11.37,1.29,6201.0,5.39
02373,2373.HK,美丽田园医疗健康,19.32,2023-01-16,30.5,29.65,53.4679089026915,22.12,4.7,6671.0,55.0
02376,2376.HK,鲁商服务,5.92,2022-07-08,5.01,4.43,-25.1689189189189,7.39,1.2,8437.0,33.0
02377,2377.HK,博奇环保,2.4,2018-03-16,2.5,2.38,-0.833333333333334,4.648,,7329.0,80.01
02378,2378.HK,保诚,,2010-05-25,59.7,57.2,,,,,
02380,2380.HK,中国电力,2.53,2004-10-15,2.875,2.95,16.600790513834,296.0,,,
02381,2381.HK,蚬壳电业,0.25,2020-06-02,0.198,0.141,-43.6,37.3,0.13,17548.0,33.14
02382,2382.HK,舜宇光学科技,3.82,2007-06-15,4.08,4.02,5.23560209424083,291.6,,,17.05
02383,2383.HK,TOM集团,1.78,2000-03-01,8.0,7.75,335.393258426966,669.0,,,
02385,2385.HK,读书郎,7.6,2022-07-12,5.4,7.2,-5.26315789473684,1.73,1.62,2683.0,100.0
02386,2386.HK,中石化炼化工程,10.5,2013-05-23,10.7,10.46,-0.380952380952373,29.31,,,100.0
02388,2388.HK,中银香港,8.075,2002-07-25,8.5,8.1,0.309597523219819,24.0,5.0,,
02389,2389.HK,北京健康,0.95,2002-04-26,1.2,1.29,35.7894736842105,91.0,5.0,,
02390,2390.HK,知乎-W,32.06,2022-04-22,24.95,24.5,-23.5807860262009,1.0,4.37,4524.0,100.0
02391,2391.HK,涂鸦智能-W,19.3,2022-07-05,19.56,19.3,0.0,9.95,1.3,3981.0,18.03
02392,2392.HK,玄武云,6.24,2022-07-08,6.24,6.28,0.641025641025642,42.13,2.09,21588.0,5.23
02393,2393.HK,巨星医疗控股,1.38,2013-10-11,1.61,1.58,14.4927536231884,7.92,,,50.0
02396,2396.HK,青城新药-B,38.2,2025-12-22,33.8,27.0,-29.3193717277487,791.95,6.05,146647.0,2.5
02399,2399.HK,中国安储能源,3.9,2014-07-16,4.03,4.0,2.56410256410257,1.17,,,100.0
02400,2400.HK,心动公司,11.1,2019-12-12,11.98,11.86,6.84684684684685,11.19,,28483.0,40.0
02402,2402.HK,亿华通,60.0,2023-01-12,60.0,60.0,0.0,0.29,1.84,2124.0,100.0
02405,2405.HK,力盟科技,0.7,2023-03-31,0.76,0.84,20.0,13.47,1.45,5392.0,25.0
02407,2407.HK,高视医疗,51.4,2022-12-12,51.2,51.4,0.0,1.52,1.04,3118.0,100.0
02408,2408.HK,遇见小面,7.04,2025-12-05,5.0,5.08,-27.8409090909091,425.97,4.99,61057.0,2.0
02409,2409.HK,洲际船务,3.27,2023-03-29,3.28,2.58,-21.1009174311927,1.14,1.09,2592.0,100.0
02410,2410.HK,同源康医药-B,12.1,2024-08-20,14.48,13.7,13.2231404958678,2.29,1.01,974.0,47.88
02411,2411.HK,百果园集团,5.6,2023-01-16,6.52,6.0,7.14285714285715,12.2,2.8,12391.0,19.99
02415,2415.HK,梅斯健康,9.1,2023-04-27,8.85,9.2,1.0989010989011,9.85,1.47,11529.0,20.0
02416,2416.HK,易点云,10.19,2023-05-25,9.46,9.88,-3.0421982335623,0.35,1.2,1381.0,100.0
02418,2418.HK,德银天下,1.8,2022-07-15,1.75,1.8,0.0,0.42,1.41,3131.0,100.0
02419,2419.HK,德康农牧,36.95,2023-12-06,36.95,37.5,1.48849797023003,1.88,1.13,1894.0,100.0
02420,2420.HK,子不语,7.86,2022-11-11,8.36,8.29,5.47073791348599,1.91,1.56,2419.0,50.16
02421,2421.HK,嘉创地产,,2023-03-23,1.76,1.6,-9.09090909090909,,,,
02422,2422.HK,润歌互动,0.64,2022-10-17,1.3,1.35,110.9375,14.1,1.37,2220.0,50.0
02423,2423.HK,贝壳-W,,2022-05-11,30.0,30.75,2.5,,,,
02425,2425.HK,澳亚集团,6.4,2022-12-30,6.1,6.37,-0.468750000000004,2.08,1.16,1971.0,70.04
02427,2427.HK,GUANZE MEDICAL,0.53,2022-12-29,1.2,1.75,230.188679245283,14.23,1.2,4478.0,15.04
02429,2429.HK,友宝在线,10.35,2023-11-03,12.5,14.58,40.8695652173913,11.29,1.41,5308.0,15.02
02431,2431.HK,佑驾创新,17.0,2024-12-27,18.6,19.4,14.1176470588235,14.04,1.09,11407.0,50.01
02432,2432.HK,越疆,18.8,2024-12-23,19.7,18.94,0.744680851063833,9.25,2.64,4243.0,50.0
02433,2433.HK,中天湖南集团,1.18,2023-03-30,2.92,2.67,126.271186440678,10.62,1.01,3174.0,40.0
02436,2436.HK,凌雄科技,7.6,2022-11-24,7.9,7.8,2.63157894736842,6.16,1.12,9672.0,30.0
02438,2438.HK,出门问问,3.8,2024-04-24,2.98,3.68,-3.1578947368421,117.39,1.58,15352.0,25.01
02439,2439.HK,中宝新材,1.05,2023-03-31,0.65,0.68,-35.2380952380952,6.33,,3810.0,100.0
02440,2440.HK,迷策略,2.73,2022-12-12,2.22,2.0,-26.7399267399267,96.73,1.1,15947.0,10.0
02442,2442.HK,怡俊集团控股,1.28,2023-05-09,0.87,0.98,-23.4375,17.27,1.05,6150.0,11.11
02443,2443.HK,汽车街,10.2,2024-05-31,14.5,12.94,26.8627450980392,433.34,0.98,19474.0,5.01
02450,2450.HK,淮北绿金股份,1.91,2023-01-20,1.21,1.06,-44.5026178010471,12.26,0.95,6137.0,30.0
02451,2451.HK,绿源集团控股,7.37,2023-10-12,7.34,7.44,0.949796472184536,7.66,0.9,5104.0,80.03
02453,2453.HK,美中嘉和,14.28,2024-01-09,9.8,11.08,-22.4089635854342,1.99,1.02,1638.0,100.0
02455,2455.HK,润华服务,1.7,2023-01-17,1.38,1.26,-25.8823529411765,8.74,1.29,5158.0,20.0
02457,2457.HK,步阳国际,0.5,2022-12-15,0.355,0.3,-40.0,51.22,1.19,17571.0,20.01
02458,2458.HK,望尘科技控股,6.5,2023-01-16,5.0,5.75,-11.5384615384615,3.4,1.7,4168.0,50.02
02459,2459.HK,升能集团,1.6,2023-01-17,1.68,1.78,11.25,9.88,1.2,7754.0,7.72
02460,2460.HK,华润饮料,14.5,2024-10-23,16.46,16.68,15.0344827586207,234.49,24.47,61885.0,30.0
02465,2465.HK,龙蟠科技,5.5,2024-10-30,5.08,4.75,-13.6363636363636,3.99,3.23,6292.0,70.02
02469,2469.HK,粉笔,9.9,2023-01-09,10.5,11.1,12.1212121212121,33.88,2.3243,9493.0,7.58
02473,2473.HK,喜相逢集团,1.1,2023-11-09,2.18,1.64,49.0909090909091,14.71,1.007,6337.0,6.76
02475,2475.HK,立讯精密,63.28,2026-07-09,63.25,62.3,-1.54867256637169,3.78,9.46,47308.0,100.0
02476,2476.HK,胜宏科技,209.88,2026-04-21,330.0,315.0,50.0857632933105,431.15,18.5,250606.0,0.71
02477,2477.HK,经纬天地,1.0,2024-01-12,1.77,2.64,164.0,28.64,0.97,3480.0,20.04
02479,2479.HK,天聚地合,83.33,2024-06-28,113.0,60.15,-27.8171126845074,602.87,0.99,36119.0,1.28
02480,2480.HK,绿竹生物-B,32.8,2023-05-08,31.5,22.0,-32.9268292682927,3.25,1.33,3286.0,50.0
02481,2481.HK,双良睿能,3.6,2023-07-10,3.6,3.6,0.0,1.54,1.35,1373.0,100.0
02482,2482.HK,维天运通,2.9,2023-03-09,2.81,2.84,-2.06896551724138,23.09,1.43,9499.0,30.1
02483,2483.HK,K CASH集团,1.8,2023-12-05,1.61,1.79,-0.555555555555556,18.93,1.24,3464.0,100.0
02486,2486.HK,普乐师集团控股,10.6,2023-05-11,10.4,7.99,-24.622641509434,2.2,1.2,2192.0,100.0
02487,2487.HK,科笛-B,21.85,2023-06-12,21.8,21.95,0.45766590389015,1.41,1.07,1406.0,100.0
02488,2488.HK,元征科技,0.72,2002-10-07,0.71,0.71,-1.38888888888889,,1.02,,
02489,2489.HK,集海黄金,0.55,2023-12-22,0.51,0.56,1.81818181818182,8.76,1.03,6134.0,60.0
02490,2490.HK,乐舱物流,5.13,2023-09-25,5.13,5.1,-0.584795321637432,4.77,1.53,2344.0,30.04
02493,2493.HK,迈威生物-B,27.64,2026-04-28,28.3,27.8,0.578871201157743,481.71,3.46,126378.0,1.0
02495,2495.HK,声通科技,152.1,2024-07-10,135.0,135.0,-11.2426035502959,3.51,1.24,2734.0,34.86
02496,2496.HK,友芝友生物-B,16.0,2023-09-25,16.4,16.0,0.0,13.81,1.57,8990.0,18.0
02497,2497.HK,富景中国控股,1.08,2024-03-28,2.13,1.48,37.037037037037,294.13,0.96,12820.0,10.02
02498,2498.HK,速腾聚创,43.0,2024-01-05,43.0,43.0,0.0,0.58,1.28,1786.0,100.0
02499,2499.HK,佛朗斯股份,14.28,2023-11-10,15.48,14.76,3.36134453781513,7.8,1.37,4939.0,20.0
02500,2500.HK,启明医疗-B,33.0,2019-12-10,40.0,43.05,30.4545454545454,312.42,,70862.0,30.0
02501,2501.HK,迈越科技,1.18,2023-10-11,1.23,1.63,38.135593220339,2.46,1.16,1511.0,100.0
02502,2502.HK,金源氢化,1.2,2023-12-20,1.06,0.87,-27.5,42.82,1.07,7717.0,68.01
02503,2503.HK,中深建业,1.0,2024-01-09,0.81,0.72,-28.0,58.44,1.09,5112.0,100.0
02505,2505.HK,EDA集团控股,2.28,2024-05-28,3.09,4.2,84.218606079214,103.44,0.98,9929.0,10.01
02506,2506.HK,讯飞医疗科技,82.8,2024-12-30,89.75,87.0,5.07246376811595,3.66,1.1,3136.0,80.05
02507,2507.HK,西锐,27.5,2024-07-12,27.5,27.5,0.0,1.56,1.57,4795.0,100.0
02508,2508.HK,圣贝拉集团,6.58,2025-06-26,8.45,8.8,33.7386018237082,193.0,15.59,52464.0,2.54
02509,2509.HK,荃信生物-B,19.8,2024-03-20,27.4,24.5,23.7373737373737,163.15,0.9965,14525.0,5.0
02510,2510.HK,德翔海运,4.18,2024-11-01,4.18,4.1,-1.91387559808613,12.09,2.22,6861.0,5.87
02511,2511.HK,君圣泰医药-B,11.5,2023-12-22,11.92,12.38,7.65217391304348,32.22,1.25,4831.0,13.65
02512,2512.HK,云工场,4.6,2024-06-14,4.37,3.8,-17.3913043478261,25.79,1.09,8846.0,100.0
02513,2513.HK,智谱,116.2,2026-01-08,120.0,131.5,13.1669535283993,1159.46,15.28,204871.0,5.0
02515,2515.HK,天津建发,2.5,2024-04-23,1.88,1.52,-39.2,433.06,1.02,16354.0,10.01
02516,2516.HK,泛远国际,0.9,2023-12-22,1.3,1.0,11.1111111111111,14.49,1.04,3747.0,7.72
02517,2517.HK,锅圈,5.98,2023-11-02,5.98,5.98,0.0,4.34,1.33,6404.0,19.01
02518,2518.HK,汽车之家-S,176.3,2021-03-15,181.0,180.0,2.0986954055587,10.71,4.0,38100.0,35.0
02519,2519.HK,傲基股份,15.6,2024-11-08,13.88,13.82,-11.4102564102564,17.74,2.45,5570.0,70.02
02520,2520.HK,山西安装,2.18,2023-11-22,2.18,2.18,0.0,0.6,1.33,1508.0,100.0
02521,2521.HK,升辉清洁,0.32,2023-12-05,0.3,0.33,3.125,33.35,1.33,5462.0,100.0
02522,2522.HK,一脉阳光,14.98,2024-06-07,15.0,15.0,0.133511348464617,336.33,1.24,17855.0,3.01
02525,2525.HK,禾赛-W,212.8,2025-09-16,229.2,234.0,9.96240601503759,168.65,14.09,93392.0,30.0
02526,2526.HK,德适-B,99.0,2026-03-30,219.0,209.6,111.717171717172,1073.37,3.45,115017.0,3.0
02528,2528.HK,尚晋国际控股,2.0,2020-01-13,1.63,1.46,-27.0,17.7,1.14,14309.0,14.0
02529,2529.HK,泓盈城市服务,3.2,2024-05-17,3.46,3.21,0.312499999999993,47.59,1.2,5727.0,80.03
02530,2530.HK,纽曼思,0.8,2025-01-10,0.79,0.69,-13.75,65.17,1.03,9340.0,50.01
02531,2531.HK,广联科技控股,4.7,2024-07-15,5.48,4.8,2.12765957446808,2.49,1.06,2613.0,100.0
02533,2533.HK,黑芝麻智能,28.0,2024-08-08,18.8,20.45,-26.9642857142857,2.52,1.05,3296.0,100.0
02535,2535.HK,泓基集团,0.25,2024-03-08,0.65,0.59,136.0,70.48,0.98,6323.0,2.57
02536,2536.HK,百乐皇宫,2.6,2024-03-26,2.75,3.0,15.3846153846154,15.96,1.29,7141.0,100.0
02539,2539.HK,乐摩科技,40.0,2025-12-03,64.8,54.5,36.25,7324.29,6.78,173139.0,0.8
02540,2540.HK,乐思集团,1.1,2024-03-08,0.9,1.5,36.3636363636364,22.35,1.46,5113.0,100.0
02543,2543.HK,大行科工,49.5,2025-09-09,67.5,56.9,14.9494949494949,7558.4,21.65,223909.0,0.02
02545,2545.HK,中赣通信,1.25,2024-07-03,0.76,0.67,-46.4,195.99,1.5,14245.0,70.01
02546,2546.HK,智汇矿业,4.51,2025-12-19,10.8,8.6,90.6873614190687,5248.15,2.68,177542.0,1.0
02549,2549.HK,卡罗特,5.78,2024-10-02,9.5,9.15,58.3044982698962,1347.27,7.91,56802.0,15.0
02550,2550.HK,宜搜科技,5.8,2024-06-07,8.5,11.12,91.7241379310345,114.59,0.98,9239.0,10.02
02551,2551.HK,晶科电子股份,3.61,2024-11-08,4.2,5.33,47.6454293628809,5677.83,6.95,61975.0,0.24
02552,2552.HK,华领医药-B,8.28,2018-09-14,8.28,8.28,0.0,0.5,,1922.0,100.0
02553,2553.HK,首钢朗泽,14.6,2026-06-03,28.0,21.06,44.2465753424657,1421.54,0.95,109125.0,2.0
02555,2555.HK,茶百道,17.5,2024-04-23,15.74,12.8,-26.8571428571429,0.5,1.11,4593.0,100.0
02556,2556.HK,迈富时,43.6,2024-05-16,45.0,51.65,18.4633027522936,5.95,1.03,2576.0,55.04
02558,2558.HK,晋商银行,3.82,2019-07-18,3.95,3.82,0.0,0.18,,2687.0,100.0
02559,2559.HK,嘀嗒出行,6.0,2024-06-28,5.23,4.65,-22.5,112.9,1.28,19815.0,10.0
02560,2560.HK,海螺材料科技,3.0,2025-01-09,1.8,1.57,-47.6666666666667,25.83,1.04,11856.0,70.0
02561,2561.HK,维昇药业-B,68.8,2025-03-21,68.8,68.8,0.0,72.64,1.65,22345.0,6.27
02562,2562.HK,狮腾控股,10.0,2024-10-30,10.0,10.0,69.6606786427146,,,,
02563,2563.HK,华昊中天医药-B,16.0,2024-10-31,21.5,20.8,30.0,21.45,0.994,7175.0,4.45
02565,2565.HK,派格生物医药-B,15.6,2025-05-27,13.0,11.56,-25.8974358974359,743.78,1.13,49627.0,8.0
02566,2566.HK,九源基因,12.42,2024-11-28,7.5,7.65,-38.4057971014493,675.83,1.18,30759.0,20.01
02567,2567.HK,七牛智能,2.75,2024-10-16,1.6,1.19,-56.7272727272727,19.87,1.02,15747.0,80.0
02569,2569.HK,舒宝国际,0.51,2025-03-27,0.49,0.67,31.3725490196078,167.09,1.02,19843.0,30.01
02570,2570.HK,重塑能源,147.0,2024-12-06,148.9,147.1,0.0680272108843499,1.55,1.33,2411.0,56.81
02571,2571.HK,赛目科技,12.99,2025-01-15,13.3,13.18,1.4626635873749,2.66,1.06,4565.0,100.0
02573,2573.HK,新琪安,18.9,2025-06-10,30.25,22.95,21.4285714285714,149.37,0.93,21482.0,10.0
02575,2575.HK,轩竹生物-B,11.6,2025-10-15,29.46,26.3,126.724137931034,4908.33,10.15,376021.0,1.0
02576,2576.HK,太美医疗科技,13.0,2024-10-08,11.24,9.2,-29.2307692307692,156.33,2.58,25455.0,2.69
02577,2577.HK,英诺赛科,30.86,2024-12-30,31.0,31.0,0.453661697990929,2.87,1.41,6105.0,80.01
02579,2579.HK,中伟新材,34.0,2025-11-17,34.0,33.96,-0.117647058823527,27.9,4.08,40241.0,10.0
02580,2580.HK,奥克斯电气,17.42,2025-09-02,16.1,16.48,-5.39609644087257,557.2,8.3,153533.0,10.0
02581,2581.HK,明基医院,9.34,2025-12-22,6.5,4.72,-49.4646680942184,6.28,1.28,9291.0,50.01
02582,2582.HK,国富氢能,65.0,2024-11-15,82.3,78.0,20.0,21.07,0.99,5904.0,15.03
02583,2583.HK,西普尼,29.6,2025-09-30,84.0,106.0,258.108108108108,2505.9,3.9,160901.0,1.0
02585,2585.HK,梦金园,12.0,2024-11-29,12.5,12.9,7.5,20.58,0.98,8591.0,7.66
02586,2586.HK,多点数智,30.21,2024-12-06,21.7,13.8,-54.3197616683217,1.94,1.36,2988.0,100.0
02587,2587.HK,健康之路,7.8,2024-12-30,9.95,10.66,36.6666666666667,34.42,0.98,4889.0,50.0
02588,2588.HK,中银航空租赁,42.0,2016-06-01,43.1,42.0,0.0,38.62,,15183.0,100.0
02589,2589.HK,沪上阿姨,113.12,2025-05-08,190.6,158.4,40.02828854314,3616.83,2.57,127637.0,10.0
02590,2590.HK,极智嘉-W,16.8,2025-07-09,16.9,17.7,5.35714285714285,133.62,30.17,94292.0,4.26
02591,2591.HK,银诺医药-B,18.68,2025-08-15,72.0,57.25,206.477516059957,5341.66,10.67,256072.0,0.5
02592,2592.HK,拨康视云-B,10.1,2025-07-03,9.5,6.2,-38.6138613861386,78.78,0.89,29007.0,5.0
02593,2593.HK,草姬集团,3.75,2024-12-19,4.69,4.14,10.4,6083.63,1.79,55863.0,3.0
02595,2595.HK,劲方医药-B,20.39,2025-09-19,44.0,42.1,106.473761647867,2662.79,39.05,257876.0,0.08
02596,2596.HK,宜宾银行,2.59,2025-01-13,2.59,2.61,0.772200772200773,0.21,1.14,2352.0,100.0
02597,2597.HK,讯众通信,13.55,2025-07-09,14.52,13.58,0.221402214022136,12.79,1.01,9119.0,20.01
02598,2598.HK,连连数字,10.22,2024-03-28,9.8,9.44,-7.63209393346381,16.94,1.89,10112.0,100.0
02600,2600.HK,中国铝业,1.37,2001-12-12,1.38,1.39,1.45985401459853,1.0036,,,
02601,2601.HK,中国太保,28.0,2009-12-23,28.0,28.3,1.07142857142857,27.04,,,50.0
02602,2602.HK,万物云,49.35,2022-09-29,45.6,46.0,-6.78824721377913,0.82,3.3,4681.0,100.0
02603,2603.HK,吉宏股份,7.68,2025-05-27,11.0,10.68,39.0625,49.39,1.62,18521.0,50.0
02605,2605.HK,METALIGHT,9.75,2025-06-10,7.6,6.8,-30.2564102564103,274.44,2.49,32176.0,45.0
02607,2607.HK,上海医药,23.0,2011-05-20,23.25,23.0,0.0,16.06,,,79.99
02608,2608.HK,阳光100中国,4.0,2014-03-13,3.7,3.74,-6.49999999999999,0.62,,,100.0
02609,2609.HK,佰泽医疗,4.22,2025-06-23,5.25,6.0,42.1800947867299,25.92,0.98,24054.0,20.0
02610,2610.HK,南山铝业国际,26.6,2025-03-25,26.6,25.25,-5.07518796992482,3.89,1.67,12791.0,100.0
02611,2611.HK,国泰海通,15.84,2017-04-11,15.84,15.84,0.0,3.61,,6247.0,100.0
02613,2613.HK,汇舸环保,31.8,2025-01-09,33.95,33.8,6.28930817610062,55.33,0.95,12389.0,40.01
02616,2616.HK,基石药业-B,12.0,2019-02-26,13.32,12.86,7.16666666666666,7.2,,7939.0,100.0
02617,2617.HK,药捷安康-B,13.15,2025-06-23,21.65,23.5,78.7072243346008,3419.87,0.97,135427.0,0.8
02618,2618.HK,京东物流,40.36,2021-05-28,46.05,41.7,3.32011892963331,715.61,10.8,1364922.0,8.0
02619,2619.HK,香江电器,2.86,2025-06-25,2.65,2.52,-11.8881118881119,852.38,1.08,48554.0,10.0
02621,2621.HK,手回集团,8.08,2025-05-30,7.5,6.61,-18.1930693069307,990.0,1.13,53647.0,5.0
02623,2623.HK,香港黄金产业集团,1.23,2012-04-27,1.23,1.23,0.0,1.3,,,100.0
02625,2625.HK,江苏宏信,2.5,2025-03-31,3.44,2.5,0.0,46.96,0.93,9084.0,3.91
02627,2627.HK,中慧生物-B,12.9,2025-08-11,33.0,33.28,157.984496124031,4007.64,0.99,191879.0,1.0
02628,2628.HK,中国人寿,3.59,2003-12-18,4.55,4.525,26.0445682451254,171.93,,,
02629,2629.HK,MIRXES-B,23.3,2025-05-23,29.0,30.0,28.755364806867,25.51,0.98,21541.0,95.0
02630,2630.HK,旺山旺水-B,33.37,2025-11-06,95.0,82.0,145.729697332934,6238.42,16.87,265188.0,1.68
02631,2631.HK,天岳先进,42.8,2025-08-20,45.6,45.54,6.40186915887851,2809.19,9.04,215519.0,30.0
02632,2632.HK,泽景股份,44.2,2026-03-24,43.9,27.88,-36.9230769230769,68.89,1.34,31183.0,30.0
02633,2633.HK,雅各臣科研制药,1.5,2016-09-21,1.58,1.68,12.0,6.11,,4182.0,100.0
02635,2635.HK,诺比侃,80.0,2025-12-23,319.8,371.0,363.75,188.74,2.08,33051.0,0.85
02637,2637.HK,海西新药,86.4,2025-10-20,102.0,104.2,20.6018518518518,3165.1,6.3,316139.0,1.0
02638,2638.HK,港灯-SS,5.45,2014-01-29,5.41,5.34,-2.01834862385322,7.46,,,100.0
02643,2643.HK,曹操出行,41.94,2025-06-25,33.8,36.0,-14.1630901287554,21.14,2.78,25263.0,50.0
02648,2648.HK,安井食品,60.0,2025-07-04,60.0,57.0,-5.0,44.2,5.85,32830.0,70.0
02649,2649.HK,优乐赛共享,11.0,2026-03-09,7.5,6.2,-43.6363636363636,5297.23,4.2,162571.0,0.04
02650,2650.HK,挚达科技,66.92,2025-10-10,190.0,195.5,192.139868499701,5440.8,2.37,201807.0,0.04
02651,2651.HK,大众口腔,20.0,2025-07-09,24.0,20.7,3.5,108.25,0.96,35263.0,10.0
02652,2652.HK,长风药业,14.75,2025-10-08,47.0,38.5,161.016949152542,6697.8,12.74,264209.0,1.0
02655,2655.HK,果下科技,20.1,2025-12-16,38.0,43.8,117.910447761194,1890.73,3.63,161076.0,10.0
02656,2656.HK,健康160,11.89,2025-09-17,29.98,28.22,137.342304457527,751.77,1.92,69550.0,8.0
02657,2657.HK,林清轩,77.77,2025-12-30,85.0,85.0,9.2966439501093,1235.81,19.79,169712.0,2.0
02658,2658.HK,天域半导体,58.0,2025-12-05,38.0,40.5,-30.1724137931034,60.63,2.47,45511.0,10.0
02659,2659.HK,宝济药业-B,26.38,2025-12-10,60.5,63.0,138.817285822593,3526.34,6.59,282687.0,7.0
02660,2660.HK,禅游科技,1.23,2019-04-16,1.49,1.61,30.8943089430894,47.48,3.45,19828.0,50.0
02661,2661.HK,轻松健康,22.68,2025-12-23,50.0,58.7,158.818342151675,1421.47,2.9,111894.0,6.0
02663,2663.HK,应力控股,0.3,2015-10-08,5.1,4.8,1500.0,,,,
02665,2665.HK,图达通,10.0,2025-12-10,11.0,13.3,33.0,,,,
02666,2666.HK,环球医疗,8.18,2015-07-08,6.11,5.0,-38.8753056234719,52.08,0.6,,100.0
02667,2667.HK,同仁堂医养,5.5,2026-07-07,4.76,3.35,-39.0909090909091,251.74,2.84,66390.0,8.0
02668,2668.HK,百德国际,0.88,2001-12-06,0.93,0.89,1.13636363636364,,2.11,,
02669,2669.HK,中海物业,,2015-10-23,0.94,1.06,,,,,
02670,2670.HK,云迹,95.6,2025-10-16,142.8,120.5,26.0460251046025,5657.2,18.62,260092.0,3.0
02671,2671.HK,美联股份,7.1,2025-12-30,8.21,7.64,7.6056338028169,146.25,1.48,53657.0,0.75
02672,2672.HK,白鸽在线,15.6,2026-06-29,61.1,73.0,367.948717948718,242.05,2.44,44599.0,10.0
02675,2675.HK,精锋医疗-B,43.24,2026-01-08,59.0,56.6,30.8973172987974,1091.94,25.18,196179.0,0.5
02676,2676.HK,纳芯微,116.0,2025-12-08,116.0,111.0,-4.31034482758621,25.33,2.65,21942.0,4.32
02677,2677.HK,卓正医疗,59.9,2026-02-06,81.0,67.9,13.3555926544241,2730.73,5.79,147844.0,1.0
02678,2678.HK,天虹国际集团,1.15,2004-12-09,1.15,1.12,-2.6086956521739,22.1,3.4,,
02680,2680.HK,创升控股,1.8,2018-09-14,1.12,0.98,-45.5555555555556,99.05,1.32,13296.0,70.04
02682,2682.HK,润利海事,0.5,2019-03-18,0.385,0.28,-44.0,0.7825,,5173.0,100.0
02683,2683.HK,华新手袋国际控股,1.18,2018-01-22,1.35,1.21,2.54237288135593,240.0,,13199.0,80.01
02685,2685.HK,量化派,9.8,2025-11-27,26.0,18.5,88.7755102040816,9366.28,15.07,159327.0,0.6
02687,2687.HK,卓越睿新,67.5,2025-12-08,83.6,126.4,87.2592592592593,4813.4,2.33,135193.0,1.0
02688,2688.HK,新奥能源,,2002-06-03,1.15,1.15,,,,,
02689,2689.HK,玖龙纸业,3.4,2006-03-03,4.9,4.75,39.7058823529412,520.0,,,40.0
02691,2691.HK,南华期货股份,12.0,2025-12-22,9.13,9.1,-24.1666666666667,1.91,0.99,7479.0,74.64
02692,2692.HK,兆威机电,71.28,2026-03-09,78.0,73.0,2.41301907968574,1536.76,13.4,180292.0,4.0
02693,2693.HK,金岩高岭新材,7.3,2025-12-03,9.3,7.46,2.19178082191781,6876.17,2.01,167039.0,0.03
02695,2695.HK,印象大红袍,3.6,2025-12-22,3.26,2.33,-35.2777777777778,3397.48,1.91,114610.0,0.8
02696,2696.HK,复宏汉霖,49.6,2019-09-25,47.45,49.45,-0.302419354838707,3.89,,17813.0,100.0
02697,2697.HK,真健康医疗-B,126.2,2026-06-30,327.2,400.0,216.957210776545,1790.4,2.2,128208.0,2.0
02698,2698.HK,乐舒适,26.2,2025-11-10,34.98,33.0,25.9541984732824,1813.77,34.33,294053.0,1.0
02699,2699.HK,新明中国,1.43,2015-07-06,1.38,1.35,-5.59440559440558,,,,100.0
02700,2700.HK,格林国际控股,1.1,2006-09-29,1.13,1.09,-0.90909090909091,43.3,,,
02701,2701.HK,国民技术,10.8,2026-03-23,14.3,11.25,4.16666666666666,131.83,2.51,56547.0,30.0
02706,2706.HK,海致科技集团,27.06,2026-02-13,82.3,92.6,242.20251293422,5065.06,8.39,232258.0,0.06
02714,2714.HK,牧原股份,39.0,2026-02-06,39.0,40.52,3.89743589743591,5.88,8.62,21268.0,100.0
02715,2715.HK,埃斯顿,15.36,2026-03-09,15.36,12.9,-16.015625,19.67,3.34,27190.0,4.99
02718,2718.HK,明略科技-W,141.0,2025-11-03,280.0,290.6,106.099290780142,4452.86,13.93,283629.0,1.0
02720,2720.HK,乐欣户外,12.25,2026-02-10,24.02,24.78,102.285714285714,3654.23,2.94,111036.0,1.0
02722,2722.HK,重庆机电,1.3,2008-06-13,1.15,1.05,-19.2307692307692,5.24,,,50.0
02723,2723.HK,深演智能,55.5,2026-05-27,155.0,203.0,265.765765765766,5480.23,3.41,232456.0,1.0
02726,2726.HK,瀚天天成,76.26,2026-03-30,110.0,103.0,35.0642538683451,50.66,1.95,45084.0,20.0
02727,2727.HK,上海电气,1.7,2005-04-28,1.71,1.71,0.588235294117648,11.71,4.0,,
02728,2728.HK,金泰能源控股,0.8,2005-07-14,0.78,0.81,1.25,2.2,,,
02729,2729.HK,凯乐士科技,16.66,2026-03-24,32.0,30.7,84.2737094837935,2153.26,3.37,107253.0,5.0
02738,2738.HK,华津国际控股,2.38,2016-04-15,3.2,2.88,21.0084033613445,4.32,,600.0,100.0
02768,2768.HK,国恩科技,36.0,2026-02-04,45.0,40.16,11.5555555555555,2251.85,10.03,171047.0,2.0
02772,2772.HK,中梁控股,5.55,2019-07-16,5.55,5.95,7.20720720720721,1.01,1.35,9550.0,100.0
02777,2777.HK,富力地产,10.8,2005-07-14,10.8,11.15,3.24074074074074,0.378,,,
02778,2778.HK,冠君产业信托,5.1,2006-05-24,4.5,4.3,-15.6862745098039,6.5,3.5,,74.76
02779,2779.HK,中国新华教育,3.26,2018-03-26,3.09,3.26,0.0,32.77,2.25,25042.0,70.0
02788,2788.HK,创新实业,10.99,2025-11-24,15.2,14.59,32.7570518653321,447.2,19.85,145228.0,10.0
02789,2789.HK,远大中国,1.5,2011-05-17,1.6,1.66,10.6666666666667,0.36,,,100.0
02797,2797.HK,齐云山食品,8.0,2026-07-09,16.0,21.0,162.5,1688.1,1.51,95307.0,0.09
02798,2798.HK,久泰邦达能源,0.68,2018-12-12,0.62,0.68,0.0,8.51,,11364.0,30.0
02799,2799.HK,中信金融资产,3.09,2015-10-30,3.12,3.1,0.323624595469263,3.22,,,100.0
02858,2858.HK,易鑫集团,7.7,2017-11-16,10.0,8.12,5.45454545454544,561.22,,301492.0,10.0
02863,2863.HK,高丰集团控股,0.86,2017-08-11,0.85,0.86,0.0,473.21,,11716.0,25.09
02865,2865.HK,钧达股份,22.15,2025-05-08,22.2,26.6,20.0902934537246,3.5,1.08,9151.0,23.84
02866,2866.HK,中远海发,3.175,2004-06-16,3.175,2.8,-11.8110236220472,53.2,,,
02869,2869.HK,绿城服务,1.99,2016-07-12,1.99,2.2,10.5527638190955,,,942.0,100.0
02877,2877.HK,神威药业,4.36,2004-12-02,4.55,4.825,10.6651376146789,231.0,,,
02878,2878.HK,晶门半导体,1.75,2004-04-08,1.9,1.86,6.28571428571429,1.65,,,
02880,2880.HK,辽港股份,2.575,2006-04-28,4.1,4.325,67.9611650485437,851.0,,,15.0
02881,2881.HK,武汉有机,5.5,2024-06-18,9.88,7.02,27.6363636363636,337.57,0.92,13111.0,5.01
02882,2882.HK,金至尊集团,0.88,2003-06-30,0.94,0.88,0.0,33.4,2.0,,
02883,2883.HK,中海油田服务,1.68,2002-11-20,1.8,1.89,12.5,18.7,,,
02885,2885.HK,彼岸控股,1.25,2019-01-11,1.11,0.93,-25.6,6.13,1.1,5674.0,50.05
02886,2886.HK,滨海投资,1.3,2000-03-16,5.3,6.35,388.461538461538,,,,
02888,2888.HK,渣打集团,84.0,2002-10-31,87.0,87.0,3.57142857142857,1.3,,,
02889,2889.HK,博泰车联,102.23,2025-09-30,135.0,157.0,53.5752714467377,529.79,3.72,108368.0,0.26
02892,2892.HK,万城控股,1.2,2018-12-20,1.27,1.26,5.0,0.83,,2439.0,100.0
02898,2898.HK,盛禾生物-B,13.5,2024-05-24,14.46,14.52,7.55555555555555,10.08,1.27,7451.0,7.82
02899,2899.HK,紫金矿业,3.3,2003-12-23,4.7,5.7,72.7272727272727,744.3,21.2,,
02900,2900.HK,驴迹科技(并),,2026-07-29,1.85,2.0,2.56410256410257,,,,
02969,2969.HK,大成生化科技(并)(退市),,2026-06-26,0.4,0.39,-2.5,,,,
02971,2971.HK,中国生态旅游(并),,2026-06-29,1.16,1.16,-1.69491525423729,,,,
02974,2974.HK,雅高控股(并),,2026-07-02,0.72,0.77,14.9253731343284,,,,
02975,2975.HK,有赞(并),,2026-07-03,1.65,1.65,5.76923076923076,,,,
02976,2976.HK,茂盛控股(并),,2026-07-06,2.15,2.11,-0.938967136150236,,,,
02977,2977.HK,元亨燃气(并),,2026-07-06,0.2,0.265,-1.85185185185185,,,,
02979,2979.HK,浩森金融科技(并),,2026-07-07,2.24,2.22,0.0,,,,
02983,2983.HK,禾赛-W(并),,2026-07-10,16.53,16.57,2.91925465838509,,,,
02986,2986.HK,惠生国际(并),,2026-07-10,0.48,0.48,-4.76190476190477,,,,
02988,2988.HK,绿领控股(并),,2026-07-14,52.7,52.7,0.90909090909091,,,,
02989,2989.HK,长风药业(并),,2026-07-14,0.51,0.51,0.0,,,,
02990,2990.HK,鼎立资本(并),,2026-07-20,0.585,0.585,0.0,,,,
02991,2991.HK,万维智能科技(并),,2026-07-24,5.5,5.68,3.27272727272727,,,,
02994,2994.HK,长城天下(并),,2026-07-20,2.0,2.0,0.0,,,,
02995,2995.HK,雅天妮集团(并),,2026-07-20,1.6,1.6,0.0,,,,
02997,2997.HK,津上机床中国(并),,2026-07-21,52.7,52.7,0.0,,,,
03200,3200.HK,大族数控,95.8,2026-02-06,106.0,110.0,14.8225469728601,446.39,21.07,159985.0,10.0
03268,3268.HK,美格智能,28.86,2026-03-10,29.04,29.3,1.52460152460153,174.12,4.5,57965.0,5.0
03277,3277.HK,长光辰芯,39.88,2026-04-17,72.0,70.0,75.5265797392176,1138.21,22.69,266501.0,1.0
03288,3288.HK,海天味业,36.3,2025-06-19,37.5,36.5,0.550964187327832,918.15,22.93,379668.0,5.0
03296,3296.HK,华勤技术,77.7,2026-04-23,87.55,88.0,13.2561132561133,531.33,13.34,140150.0,12.0
03300,3300.HK,中国玻璃,2.18,2005-06-23,2.15,2.25,3.21100917431192,8.24,3.0,,
03301,3301.HK,融信中国,5.36,2016-01-13,5.6,5.62,4.85074626865671,,,285.0,100.0
03302,3302.HK,精技集团,1.17,2018-07-18,1.31,1.23,5.12820512820513,4.7,,5794.0,84.98
03303,3303.HK,巨涛海洋石油服务,1.38,2006-09-21,1.88,2.06,49.2753623188406,246.0,,,
03306,3306.HK,江南布衣,6.4,2016-10-31,6.55,6.87,7.34375,1.32,,792.0,100.0
03308,3308.HK,中际旭创,980.0,2026-07-30,971.0,960.0,-2.04081632653061,16.84,9.73,62731.0,70.0
03309,3309.HK,希玛医疗,2.9,2018-01-15,5.35,5.11,76.2068965517242,1569.3,,125762.0,8.0
03310,3310.HK,云英谷科技,20.81,2026-05-27,25.48,39.9,91.7347429120615,3559.68,7.05,242444.0,3.0
03311,3311.HK,中国建筑国际,,2005-07-08,1.25,0.99,,,,,
03313,3313.HK,雅高控股,2.65,2013-12-30,2.65,2.52,-4.90566037735849,0.31,,,100.0
03315,3315.HK,金邦达宝嘉,5.39,2013-12-04,6.82,6.79,25.974025974026,44.13,,,100.0
03316,3316.HK,滨江服务,6.96,2019-03-15,6.96,7.32,5.17241379310345,7.14,,4359.0,100.0
03317,3317.HK,迅策,48.0,2025-12-30,48.02,48.5,1.04166666666667,7.24,3.1,9730.0,12.78
03318,3318.HK,中国波顿,1.18,2005-12-09,1.3,1.19,0.847457627118645,39.5,5.0,,
03319,3319.HK,雅生活服务,12.3,2018-02-09,9.0,9.46,-23.0894308943089,20.13,,25490.0,100.0
03320,3320.HK,华润医药,9.1,2016-10-28,9.1,9.01,-0.989010989010987,1.9,,4819.0,100.0
03321,3321.HK,中科集团控股,1.4,2019-04-23,1.4,1.39,-0.714285714285715,7.93,,7772.0,16.01
03322,3322.HK,永嘉集团,2.28,2006-09-06,2.95,3.04,33.3333333333333,365.7,,,
03323,3323.HK,中国建材,2.75,2006-03-23,3.25,3.325,20.9090909090909,536.6,,,10.0
03328,3328.HK,交通银行,2.5,2005-06-23,2.8,2.825,13.0,205.0,,,
03329,3329.HK,交银国际,2.68,2017-05-19,2.72,2.72,1.49253731343284,2.53,,4599.0,100.0
03330,3330.HK,灵宝黄金,3.33,2006-01-12,4.8,4.425,32.8828828828829,731.0,,,
03332,3332.HK,中生联合,2.0,2014-01-15,2.78,2.66,33.0,187.93,,,100.0
03336,3336.HK,巨腾国际,1.4,2005-11-03,1.4,1.41,0.714285714285715,0.1863,,,
03337,3337.HK,安东油田服务,1.88,2007-12-14,1.78,1.63,-13.2978723404255,15.0,,,50.0
03339,3339.HK,中国龙工,1.43,2005-11-17,1.43,1.43,0.0,0.4669,,,
03347,3347.HK,泰格医药,100.0,2020-08-07,119.0,113.3,13.3,414.39,20.0,319984.0,5.0
03348,3348.HK,中国鹏飞集团,1.58,2019-11-15,1.58,1.19,-24.6835443037975,27.72,1.08,13134.0,50.0
03355,3355.HK,飞速创新,41.6,2026-03-23,56.0,47.2,13.4615384615385,1579.71,10.92,196756.0,1.0
03360,3360.HK,远东宏信,6.29,2011-03-30,7.0,6.87,9.22098569157393,4.86,,,100.0
03363,3363.HK,正业国际,1.43,2011-06-03,1.62,1.44,0.6993006993007,342.0,,,10.02
03366,3366.HK,华侨城(亚洲),1.3,2005-11-02,1.35,1.36,4.61538461538462,2.2,,,
03368,3368.HK,百盛集团,9.8,2005-11-30,11.6,12.15,23.9795918367347,44.7,,,
03369,3369.HK,秦港股份,5.25,2013-12-12,5.15,4.92,-6.28571428571429,0.73,,,100.0
03377,3377.HK,远洋集团,7.7,2007-09-28,10.8,11.0,42.8571428571429,206.0,,,30.0
03378,3378.HK,翰思艾泰-B,32.0,2025-12-23,28.9,17.2,-46.25,3074.09,5.78,139704.0,1.0
03380,3380.HK,龙光集团,2.1,2013-12-20,2.14,2.15,2.38095238095237,1.0188,,,100.0
03382,3382.HK,天津港发展,1.88,2006-05-24,2.6,2.375,26.3297872340426,1703.0,,,13.0
03383,3383.HK,雅居乐集团,3.3,2005-12-15,4.0,3.875,17.4242424242424,242.0,25.0,,
03388,3388.HK,创想三维,18.8,2026-05-29,33.88,22.8,21.2765957446809,3829.42,26.8,251375.0,3.0
03389,3389.HK,亨得利,1.32,2005-09-26,1.38,1.5,13.6363636363636,87.0,8.6,,
03390,3390.HK,满贯集团,1.49,2020-04-15,1.28,0.96,-35.5704697986577,6.79,1.7,15956.0,25.08
03393,3393.HK,威胜控股,1.13,2005-12-19,1.15,1.1,-2.65486725663715,3.1,,,
03395,3395.HK,吉星新能源,3.16,2017-03-10,3.51,3.08,-2.53164556962026,2.55,,1885.0,100.0
03396,3396.HK,联想控股,42.98,2015-06-29,43.15,42.95,-0.0697999069334435,45.17,,,100.0
03398,3398.HK,华鼎控股,2.025,2005-12-15,2.2,2.15,6.17283950617284,98.7,,,
03399,3399.HK,粤运交通,3.45,2005-10-26,3.45,3.1,-10.1449275362319,10.7,,,
03600,3600.HK,现代牙科,4.2,2015-12-15,4.2,4.04,-3.80952380952381,2.89,,,100.0
03601,3601.HK,鲁大师,2.7,2019-10-10,4.0,8.6,218.518518518518,277.36,,30258.0,20.0
03603,3603.HK,信基沙溪,1.0,2019-11-08,1.29,1.3,30.0,4.58,,7915.0,80.02
03606,3606.HK,福耀玻璃,16.8,2015-03-31,18.7,19.0,13.0952380952381,45.07,,,100.0
03613,3613.HK,同仁堂国药,3.04,2013-05-07,4.7,6.53,114.802631578947,,,,
03616,3616.HK,恒达集团控股,1.24,2018-11-12,0.99,1.13,-8.87096774193549,1.86,1.53,3364.0,100.0
03618,3618.HK,重庆农村商业银行,5.25,2010-12-16,5.4,5.2,-0.952380952380949,4.3,,,100.0
03623,3623.HK,中国金融发展,2.68,2013-11-13,2.83,2.81,4.85074626865671,21.53,,,100.0
03625,3625.HK,傅里叶,40.0,2026-03-31,85.05,80.0,100.0,3118.43,2.93,118537.0,5.0
03626,3626.HK,启明东方控股,1.36,2016-05-18,2.5,2.61,91.9117647058823,2182.33,,21888.0,5.02
03628,3628.HK,仁恒实业控股,1.2,2011-11-18,1.2,1.29,7.50000000000001,,,,
03633,3633.HK,中裕能源,0.39,2001-06-05,0.5,0.6,53.8461538461538,,6.0,,
03636,3636.HK,金浔资源,30.0,2026-01-09,38.0,37.8,26.0,143.46,12.78,64456.0,7.0
03638,3638.HK,亨利加集团,0.9,2013-09-09,1.3,0.97,7.77777777777777,,2.0,,
03639,3639.HK,亿达中国,2.45,2014-06-27,2.45,2.44,-0.408163265306132,0.047,,,100.0
03650,3650.HK,KEEP,28.92,2023-07-12,30.3,29.0,0.276625172890727,3.08,1.37,4811.0,40.03
03658,3658.HK,新希望服务,3.8,2021-05-25,3.8,3.82,0.526315789473685,4.75,1.78,14792.0,50.0
03660,3660.HK,奇富科技-S,50.03,2022-11-29,50.6,51.75,3.4379372376574,2.46,5.3,3216.0,70.02
03661,3661.HK,圣邦股份,85.2,2026-06-26,105.1,125.3,47.0657276995305,251.73,23.5,153878.0,10.0
03662,3662.HK,星悦康旅,3.66,2019-03-18,4.18,4.45,21.5846994535519,6.24,,5303.0,100.0
03666,3666.HK,上海小南国,1.5,2012-07-04,1.52,1.5,0.0,1.15,,,100.0
03668,3668.HK,兖煤澳大利亚,23.48,2018-12-06,22.0,23.35,-0.553662691652466,0.19,,2605.0,100.0
03669,3669.HK,永达汽车,6.6,2012-07-12,6.6,6.62,0.30303030303031,0.028,,,100.0
03677,3677.HK,正力新能,8.27,2025-04-14,8.46,8.39,1.4510278113664,3.51,1.13,5998.0,100.0
03678,3678.HK,弘业期货,2.43,2015-12-30,2.32,1.97,-18.9300411522634,1.04,,,100.0
03680,3680.HK,瑞和数智,1.5,2019-12-13,1.37,1.62,8.00000000000001,15.16,1.03,11434.0,60.0
03681,3681.HK,中国抗体-B,7.6,2019-11-12,7.3,6.0,-21.0526315789474,12.87,1.38,24599.0,100.0
03683,3683.HK,荣丰亿控股,1.13,2010-10-11,1.25,1.17,3.53982300884956,308.0,,,5.01
03686,3686.HK,祈福生活服务,0.46,2016-11-08,0.51,0.62,34.7826086956522,153.2,,6598.0,25.05
03688,3688.HK,莱蒙国际,6.23,2011-03-23,6.19,5.3,-14.9277688603531,0.57,,,100.0
03689,3689.HK,康华医疗,11.6,2016-11-08,11.5,10.6,-8.62068965517241,0.37,,450.0,100.0
03690,3690.HK,美团-W,69.0,2018-09-20,72.9,72.65,5.28985507246378,1.5,,17105.0,100.0
03692,3692.HK,翰森制药,14.26,2019-06-14,16.3,19.5,36.7461430575035,11.77,,11277.0,60.01
03696,3696.HK,英矽智能,24.05,2025-12-30,35.0,29.98,24.6569646569647,1427.37,26.27,221926.0,1.0
03698,3698.HK,徽商银行,3.53,2013-11-12,3.53,3.6,1.9830028328612,10.79,,,100.0
03699,3699.HK,光大永年,1.41,2018-01-16,1.41,1.41,0.0,31.4,,7421.0,80.21
03700,3700.HK,映宇宙,3.85,2018-07-12,4.32,4.26,10.6493506493506,2.67,1.05,5714.0,100.0
03708,3708.HK,世界数字经济产业,0.6,2015-01-14,0.65,0.67,11.6666666666667,27.58,,,100.0
03709,3709.HK,赢家时尚,4.2,2014-06-27,4.2,4.4,4.76190476190477,4.59,,,100.0
03718,3718.HK,北控城市资源,0.69,2020-01-15,0.69,0.69,0.0,2.7,1.42,4020.0,80.02
03728,3728.HK,正利控股,0.283,2016-03-29,1.7,2.26,698.586572438163,,,,
03737,3737.HK,中智药业,2.46,2015-07-13,2.25,2.39,-2.84552845528455,3.38,,,100.0
03738,3738.HK,阜博集团,2.58,2018-01-04,3.48,3.1,20.1550387596899,5.97,,4061.0,30.01
03750,3750.HK,宁德时代,263.0,2025-05-20,296.0,306.2,16.425855513308,151.15,15.17,310827.0,10.0
03752,3752.HK,珞石机器人,38.0,2026-07-09,38.02,43.78,15.2105263157895,156.58,11.96,63360.0,10.0
03759,3759.HK,康龙化成,39.5,2019-11-28,43.45,42.25,6.9620253164557,114.23,,62255.0,100.0
03768,3768.HK,滇池水务,3.91,2017-04-06,3.9,3.86,-1.27877237851663,1.19,,2258.0,100.0
03773,3773.HK,银盛数惠,1.0,2016-01-07,1.27,1.27,27.0,24.22,,1907.0,100.0
03774,3774.HK,亮晴控股,0.28,2018-10-15,14.55,0.41,46.4285714285714,13.39,1.24,7645.0,20.01
03778,3778.HK,中国织材控股,0.7,2011-12-22,0.73,0.86,22.8571428571429,1.13,,,100.0
03788,3788.HK,罕王黄金,2.51,2011-09-30,2.51,2.45,-2.39043824701194,0.213,,,100.0
03789,3789.HK,御佳控股,0.56,2017-02-08,0.52,0.57,1.78571428571427,350.0,,13489.0,30.0
03798,3798.HK,家乡互动,1.35,2019-07-04,2.2,1.71,26.6666666666667,2.77,1.07,10625.0,60.0
03800,3800.HK,协鑫科技,4.1,2007-11-13,5.2,4.52,10.2439024390244,905.0,,,8.0
03808,3808.HK,中国重汽,12.88,2007-11-28,11.8,10.86,-15.6832298136646,311.0,,,10.0
03813,3813.HK,宝胜国际,3.05,2008-06-06,2.64,2.61,-14.4262295081967,1.44,,,100.0
03816,3816.HK,KFM金德,0.68,2012-10-15,0.75,0.69,1.4705882352941,2.72,0.9,,100.0
03818,3818.HK,中国动向,3.98,2007-10-10,5.2,5.43,36.4321608040201,124.0,,,50.0
03822,3822.HK,三和建筑集团,1.5,2014-10-16,1.85,1.62,8.00000000000001,662.01,,,10.01
03828,3828.HK,明辉国际,2.98,2007-11-02,2.85,2.8,-6.04026845637584,42.3,,,8.0
03830,3830.HK,童园国际,0.48,2017-09-21,0.75,0.78,62.5,1053.33,,19757.0,50.01
03833,3833.HK,新疆新鑫矿业,6.5,2007-10-12,12.2,14.24,119.076923076923,475.0,,,10.0
03836,3836.HK,和谐汽车,6.08,2013-06-13,5.95,5.1,-16.1184210526316,1.66,,,100.0
03838,3838.HK,中国淀粉,2.22,2007-09-27,2.5,2.22,0.0,139.0,,,10.0
03839,3839.HK,正大生物,,2015-07-03,8.0,5.71,,,,,
03848,3848.HK,浩森金融科技,5.56,2017-07-21,6.2,6.88,23.7410071942446,4.6,,738.0,100.0
03858,3858.HK,佳鑫国际资源,10.92,2025-08-28,22.8,30.34,177.838827838828,2041.62,21.11,164446.0,1.0
03860,3860.HK,EPS创健科技,0.5,2017-05-31,0.51,0.49,-2.0,400.5,1.8,9599.0,100.0
03866,3866.HK,青岛银行,4.75,2015-12-03,4.75,4.77,0.421052631578938,0.36,,,
03868,3868.HK,信义能源,1.94,2019-05-28,1.95,1.94,0.0,1.07,1.15,2845.0,100.0
03869,3869.HK,弘和仁爱医疗,12.8,2017-03-16,13.0,12.96,1.25,3.58,,1893.0,100.0
03877,3877.HK,中国船舶租赁,1.34,2019-06-17,1.4,1.24,-7.46268656716419,0.114,1.1,2383.0,100.0
03878,3878.HK,VICON HOLDINGS,1.2,2017-12-22,1.24,1.26,5.0,39.25,,7108.0,80.02
03880,3880.HK,泰德医药,30.6,2025-06-30,30.3,30.8,0.653594771241828,301.15,2.43,70338.0,50.0
03881,3881.HK,希迪智驾,263.0,2025-12-19,263.0,227.0,-13.6882129277567,22.55,2.1,17353.0,50.0
03882,3882.HK,天彩控股,3.38,2015-07-02,3.37,3.29,-2.66272189349112,86.0,,,50.02
03883,3883.HK,中国奥园,5.2,2007-10-09,6.1,6.8,30.7692307692308,204.0,,,20.0
03886,3886.HK,康健国际医疗,1.25,2000-10-18,2.5,3.03,142.4,165.0,17.0,,
03887,3887.HK,HASHKEY HLDGS,6.68,2025-12-17,6.7,6.67,-0.149700598802392,393.71,5.46,88592.0,10.0
03888,3888.HK,金山软件,3.6,2007-10-09,3.9,5.0,38.8888888888889,99.0,,,20.0
03889,3889.HK,大成玉米集团,2.04,2007-09-20,2.3,2.17,6.37254901960784,58.2,,,8.0
03893,3893.HK,易纬集团,0.15,2016-09-12,0.21,0.193,28.6666666666667,1695.0,,21457.0,10.02
03896,3896.HK,金山云,,2022-12-30,1.99,2.1,5.52763819095478,,,,
03898,3898.HK,时代电气,5.3,2006-12-20,7.6,9.21,73.7735849056604,205.3,,,
03899,3899.HK,中集安瑞科,1.5,2005-10-18,1.71,1.94,29.3333333333333,,,,
03900,3900.HK,绿城中国,8.22,2006-07-13,8.7,8.75,6.44768856447688,11.05,,,
03903,3903.HK,瀚华金控,1.62,2014-06-19,1.65,1.63,0.617283950617271,0.23,,,100.0
03908,3908.HK,中金公司,10.28,2015-11-09,10.9,11.04,7.39299610894941,4.7,,,100.0
03913,3913.HK,合景悠活,7.89,2020-10-30,6.48,6.08,-22.9404309252218,44.46,16.87,78989.0,60.0
03918,3918.HK,金界控股,1.43,2006-10-19,1.64,1.72,20.2797202797203,118.0,,,
03919,3919.HK,金力集团,1.35,2015-06-05,7.66,7.39,447.407407407407,,,,
03928,3928.HK,中国新零售供应链,1.07,2019-09-19,1.34,1.22,14.018691588785,7.21,1.52,6591.0,35.01
03931,3931.HK,中创新航,38.0,2022-10-06,38.0,38.0,0.0,0.21,2.11,3245.0,100.0
03933,3933.HK,联邦制药,2.75,2007-06-15,2.85,3.61,31.2727272727273,26.87,,,30.0
03938,3938.HK,LFG投资控股,1.68,2019-09-30,1.45,1.07,-36.3095238095238,28.42,1.26,15072.0,25.06
03939,3939.HK,万国黄金集团,1.99,2012-07-10,2.04,2.04,2.51256281407035,1.03,,,100.0
03952,3952.HK,来福谐波,85.5,2026-06-30,88.2,73.0,-14.6198830409357,4571.99,7.89,182737.0,5.0
03958,3958.HK,东方证券,8.15,2016-07-08,8.17,8.1,-0.613496932515346,0.96,,1672.0,100.0
03963,3963.HK,融众金融,2.11,2016-01-28,2.48,2.13,0.9478672985782,3.34,,885.0,100.0
03968,3968.HK,招商银行,8.55,2006-09-22,10.9,10.68,24.9122807017544,266.05,,,
03969,3969.HK,中国通号,6.3,2015-08-07,6.3,6.32,0.317460317460325,0.54,,,100.0
03978,3978.HK,卓越教育集团,2.4,2018-12-27,2.4,2.4,0.0,1.8,,4324.0,100.0
03983,3983.HK,中海石油化学,1.9,2006-09-29,2.3,2.26,18.9473684210526,478.0,,,
03986,3986.HK,兆易创新,162.0,2026-01-13,235.0,222.8,37.5308641975309,542.22,18.52,148419.0,2.0
03988,3988.HK,中国银行,2.95,2006-06-01,3.15,3.4,15.2542372881356,71.0,,,
03989,3989.HK,首创环境,1.7,2006-07-13,1.75,1.88,10.5882352941176,1.24,,,
03990,3990.HK,美的置业,17.0,2018-10-11,16.6,15.88,-6.58823529411764,0.25,,1414.0,100.0
03991,3991.HK,长虹佳华,1.28,2000-01-24,4.875,5.25,310.15625,,,,
03993,3993.HK,洛阳钼业,6.8,2007-04-26,11.28,10.82,59.1176470588235,399.21,,,20.0
03996,3996.HK,中国能源建设,1.59,2015-12-10,1.54,1.58,-0.628930817610063,0.31,,,100.0
03997,3997.HK,电讯首科,1.0,2013-05-30,3.5,1.42,42.0,,,,
03998,3998.HK,波司登,3.28,2007-10-11,3.85,3.41,3.96341463414635,69.0,,,40.0
03999,3999.HK,大成食品,2.9,2007-10-04,2.95,2.95,1.72413793103449,35.0,,,40.0
06030,6030.HK,中信证券,13.3,2011-10-06,13.28,13.3,0.0,0.0887,,,100.0
06031,6031.HK,三一重工,21.3,2025-10-28,21.3,21.9,2.81690140845069,52.93,13.96,115863.0,50.0
06033,6033.HK,电讯数码控股,1.0,2014-05-30,1.2,1.19,19.0,,,,
06036,6036.HK,光丽科技,0.5,2018-03-16,0.77,0.9,80.0,259.12,1.22,17559.0,30.18
06038,6038.HK,信越控股,0.41,2017-06-13,0.5,0.455,10.9756097560976,742.3,2.7,14547.0,15.03
06049,6049.HK,保利物业,35.1,2019-12-19,43.8,45.35,29.2022792022792,222.68,,104815.0,100.0
06051,6051.HK,有赞,1.33,2000-04-14,1.35,0.88,-33.8345864661654,,,,
06055,6055.HK,中烟香港,4.88,2019-06-12,4.97,5.35,9.6311475409836,102.04,,29091.0,60.0
06058,6058.HK,兴证国际,1.33,2016-10-20,1.36,1.34,0.751879699248121,2.73,,1666.0,100.0
06060,6060.HK,众安在线,59.7,2017-09-28,69.0,65.2,9.21273031825796,392.74,,120106.0,100.0
06063,6063.HK,智中国际,0.25,2020-04-15,0.5,0.69,176.0,14.15,1.39,12152.0,20.0
06066,6066.HK,中信建投证券,6.81,2016-12-09,6.81,6.81,0.0,0.97,,2062.0,100.0
06067,6067.HK,星源材质,8.98,2026-06-23,12.43,11.0,22.4944320712695,1563.16,14.34,209580.0,0.1
06068,6068.HK,光正教育,1.7,2017-01-26,1.7,1.69,-0.588235294117648,1.5,,2285.0,100.0
06069,6069.HK,盛业,2.0,2017-07-06,2.1,2.23,11.5,3.97,,,100.0
06078,6078.HK,海吉亚医疗,18.5,2020-06-29,22.8,26.0,40.5405405405405,608.56,25.0,303678.0,8.8
06080,6080.HK,荣智控股,0.52,2017-10-20,0.55,0.52,0.0,308.5,1.4,15227.0,50.01
06082,6082.HK,壁仞科技,19.6,2026-01-02,35.7,34.46,75.8163265306122,2347.53,25.95,471116.0,5.0
06083,6083.HK,环宇物流(亚洲),0.5,2015-12-29,0.71,0.69,38.0,,,,
06086,6086.HK,方舟健客,8.18,2024-07-09,4.68,4.53,-44.6210268948655,16.63,1.66,4371.0,40.04
06088,6088.HK,鸿腾精密,2.7,2017-07-13,2.87,3.15,16.6666666666667,2.39,,2844.0,100.0
06090,6090.HK,不同集团,71.2,2025-09-23,100.4,102.5,43.9606741573034,3317.47,7.37,154400.0,1.0
06093,6093.HK,和泓服务,1.28,2019-07-12,1.82,1.72,34.375,5.31,1.04,6950.0,20.01
06098,6098.HK,碧桂园服务,,2018-06-19,10.0,10.0,,,,,
06099,6099.HK,招商证券,12.0,2016-10-07,12.12,12.0,0.0,5.23,,5457.0,100.0
06100,6100.HK,同道猎聘,33.0,2018-06-29,31.6,32.5,-1.51515151515152,2.18,,2998.0,100.0
06106,6106.HK,仙工智能,101.6,2026-06-24,101.6,106.0,4.33070866141733,5934.56,21.29,222966.0,5.0
06108,6108.HK,新锐医药,0.25,2013-10-25,1.0,1.28,412.0,,,,
06110,6110.HK,滔搏,8.5,2019-10-10,8.5,9.25,8.82352941176471,2.39,,13295.0,100.0
06113,6113.HK,比特策略,1.38,2017-07-12,1.78,1.45,5.07246376811595,8.43,,2104.0,100.0
06117,6117.HK,日照港裕廊,1.5,2019-06-19,1.6,4.0,166.666666666667,0.24,,1443.0,100.0
06118,6118.HK,奥星生命科技,3.12,2014-11-07,3.85,3.57,14.4230769230769,1250.8,,,10.01
06119,6119.HK,天源集团,0.85,2018-06-01,0.78,0.75,-11.7647058823529,16.88,1.04,8577.0,70.01
06123,6123.HK,圆通国际快递,1.18,2014-07-11,1.28,1.16,-1.69491525423729,16.78,,,50.13
06127,6127.HK,昭衍新药,151.0,2021-02-26,148.0,138.0,-8.60927152317881,310.0,26.0,539993.0,5.0
06128,6128.HK,烯石电车新材料,1.2,2014-06-25,1.29,1.18,-1.66666666666667,355.6,,,100.0
06132,6132.HK,华健未来-B,81.8,2026-06-23,81.8,35.26,-56.8948655256724,2007.6,7.0,173284.0,2.0
06133,6133.HK,维太创科,2.48,2015-06-26,2.49,2.53,2.01612903225806,18.23,,,100.0
06136,6136.HK,康达环保,2.8,2014-07-04,3.14,3.21,14.6428571428571,255.23,,,20.01
06138,6138.HK,哈尔滨银行,2.9,2014-03-31,2.9,2.91,0.344827586206905,0.27,,,100.0
06158,6158.HK,正荣地产,3.99,2018-01-16,3.99,4.0,0.250626566416035,1.79,2.44,6007.0,100.0
06160,6160.HK,百济神州,108.0,2018-08-08,108.0,107.0,-0.925925925925926,1.73,,8907.0,100.0
06162,6162.HK,天瑞汽车内饰,0.25,2019-01-15,0.25,0.248,-0.800000000000001,7.15,1.05,7430.0,25.0
06163,6163.HK,彭顺国际,1.28,2016-11-11,1.41,1.37,7.03125000000001,27.23,,2185.0,100.0
06166,6166.HK,剑桥科技,68.88,2025-10-28,94.0,92.2,33.855981416957,338.7,16.5,206461.0,5.0
06168,6168.HK,周六福,24.0,2025-06-26,26.7,30.0,25.0,711.11,13.55,126409.0,0.82
06169,6169.HK,宇华教育,2.05,2017-02-28,2.15,2.09,1.95121951219512,1.53,,1476.0,100.0
06178,6178.HK,光大证券,12.68,2016-08-18,12.68,12.68,0.0,1.68,,4781.0,100.0
06181,6181.HK,老铺黄金,40.5,2024-06-28,64.5,70.0,72.8395061728395,582.15,11.9,42474.0,3.39
06182,6182.HK,乙德投资控股,0.65,2018-01-17,0.8,0.67,3.07692307692308,51.51,,8689.0,40.01
06185,6185.HK,康希诺生物,22.0,2019-03-28,30.5,34.7,57.7272727272727,90.83,,16680.0,100.0
06186,6186.HK,中国飞鹤,7.5,2019-11-13,7.27,7.44,-0.799999999999995,13.14,,37690.0,65.0
06188,6188.HK,迪信通,5.3,2014-07-08,5.3,5.07,-4.33962264150943,0.41,,,100.0
06189,6189.HK,爱得威建设集团,5.2,2016-11-25,4.9,5.11,-1.73076923076923,3.07,,1693.0,80.06
06190,6190.HK,九江银行,10.6,2018-07-10,10.42,10.6,0.0,0.28,,1737.0,100.0
06193,6193.HK,泰林科建,1.3,2019-12-18,1.7,1.48,13.8461538461538,41.99,,20654.0,15.01
06196,6196.HK,郑州银行,3.85,2015-12-23,3.95,4.02,4.4155844155844,1.19,,,100.0
06198,6198.HK,青岛港,3.76,2014-06-06,3.76,3.71,-1.32978723404255,0.15,,,100.0
06199,6199.HK,贵州银行,2.48,2019-12-30,2.48,2.3,-7.25806451612904,0.25,1.11,5403.0,100.0
06228,6228.HK,MERDEKAGOLD-DRS,26.6,2026-06-26,26.6,24.86,-6.54135338345865,4.42,7.67,22329.0,100.0
06288,6288.HK,迅销-DRS,,2014-03-05,28.6,28.9,,,,,
06600,6600.HK,卧安机器人,73.8,2025-12-30,73.8,73.85,0.0677506775067712,254.5,8.9,89935.0,7.0
06601,6601.HK,朝云集团,9.2,2021-03-10,7.89,7.99,-13.1521739130435,172.32,13.8,267551.0,50.0
06603,6603.HK,IFBH,27.8,2025-06-30,43.9,39.5,42.0863309352518,2682.35,22.93,236078.0,10.0
06608,6608.HK,百融云-W,31.8,2021-03-31,29.45,26.7,-16.0377358490566,150.67,36.3,216110.0,10.0
06609,6609.HK,心玮医疗-B,171.0,2021-08-20,141.2,129.0,-24.5614035087719,333.14,8.3,235040.0,10.0
06610,6610.HK,飞天云动,2.21,2022-10-18,2.21,2.12,-4.07239819004524,1.05,1.07,2875.0,100.0
06611,6611.HK,三巽集团,4.75,2021-07-19,4.76,4.75,0.0,3.22,1.29,16075.0,35.0
06613,6613.HK,蓝思科技,18.18,2025-07-09,18.88,19.84,9.13091309130913,462.76,16.68,229080.0,20.0
06616,6616.HK,环球新材国际,3.25,2021-07-16,4.1,3.7,13.8461538461539,10.79,1.16,46247.0,25.0
06618,6618.HK,京东健康,70.58,2020-12-08,94.5,110.0,55.8515160102012,421.91,31.1,846209.0,40.0
06622,6622.HK,兆科眼科-B,16.8,2021-04-29,15.52,14.32,-14.7619047619048,56.0,5.3,111183.0,25.0
06623,6623.HK,陆控,,2023-04-14,33.5,34.75,3.73134328358209,,,,
06626,6626.HK,越秀服务,4.88,2021-06-28,4.8,4.88,0.0,9.88,2.4,40469.0,50.0
06628,6628.HK,创胜集团医药-B,16.0,2021-09-29,13.0,13.24,-17.25,60.7,2.1,59084.0,15.0
06633,6633.HK,青瓷游戏,11.2,2021-12-16,10.2,10.68,-4.64285714285714,3.64,1.77,8908.0,20.8
06636,6636.HK,极视角,40.0,2026-03-30,59.95,100.0,150.0,4591.37,3.41,159089.0,10.0
06639,6639.HK,瑞尔集团,14.62,2022-03-22,14.6,13.8,-5.60875512995895,1.74,1.62,3268.0,80.0
06651,6651.HK,五一视界,30.5,2025-12-30,35.0,39.62,29.9016393442623,256.01,2.6,44502.0,10.0
06655,6655.HK,华新建材,,2022-03-28,14.74,13.8,-6.37720488466757,,,,
06656,6656.HK,思格新能,324.2,2026-04-16,581.0,659.5,103.423812461444,1102.05,31.2,202730.0,2.0
06657,6657.HK,百望股份,36.0,2024-07-09,32.0,38.9,8.05555555555555,6.58,1.04,3809.0,40.01
06658,6658.HK,溜溜梅,43.58,2026-06-15,95.0,128.0,193.712712253327,6586.73,2.64,180507.0,1.5
06660,6660.HK,艾美疫苗,16.16,2022-10-06,15.0,16.66,3.09405940594059,3.15,3.27,2520.0,60.02
06661,6661.HK,湖州燃气,6.08,2022-07-13,5.98,5.6,-7.89473684210527,8.08,1.18,10630.0,15.01
06663,6663.HK,国际永胜集团,0.32,2019-10-22,0.55,0.57,78.125,41.56,,,30.0
06666,6666.HK,恒大物业,8.8,2020-12-02,8.84,8.78,-0.227272727272743,10.71,3.1,186080.0,50.0
06667,6667.HK,美因基因,18.0,2022-06-22,19.48,18.0,0.0,9.62,2.05,9206.0,10.01
06668,6668.HK,星盛商业,3.86,2021-01-26,4.4,4.0,3.62694300518135,756.85,9.0,331495.0,1.29
06669,6669.HK,先瑞达医疗-B,23.8,2021-08-24,18.32,17.6,-26.0504201680672,654.51,4.86,310661.0,3.0
06675,6675.HK,SENASIC,18.36,2026-06-17,31.6,41.7,127.124183006536,5144.97,4.44,237930.0,2.0
06676,6676.HK,找钢网-W,10.0,2025-03-10,11.38,10.02,0.199999999999996,,,,
06677,6677.HK,远洋服务,5.88,2020-12-17,5.86,5.85,-0.510204081632657,8.91,3.07,76769.0,15.0
06680,6680.HK,金力永磁,33.8,2022-01-14,30.8,28.2,-16.5680473372781,2.39,1.57,18275.0,100.0
06681,6681.HK,脑动极光-B,3.22,2025-01-08,3.22,3.33,3.41614906832298,11.39,1.01,10891.0,50.01
06682,6682.HK,范式智能,55.6,2023-09-28,63.1,58.5,5.21582733812949,11.4,1.57,12653.0,50.0
06683,6683.HK,巨星传奇,4.25,2023-07-13,5.75,5.26,23.7647058823529,12.99,1.15,8928.0,30.02
06686,6686.HK,诺亚控股,292.0,2022-07-13,285.0,279.0,-4.45205479452055,3.26,5.9,1216.0,100.0
06687,6687.HK,聚水潭,30.6,2025-10-21,38.0,37.9,23.8562091503268,1952.95,22.89,386815.0,0.13
06690,6690.HK,海尔智家,,2020-12-23,24.0,25.35,5.62500000000001,,,,
06693,6693.HK,赤峰黄金,13.72,2025-03-10,13.72,13.72,0.0,9.53,3.67,29964.0,28.0
06696,6696.HK,多想云,1.96,2022-11-09,2.91,2.0,2.04081632653061,2.81,1.01,1296.0,50.77
06698,6698.HK,星空华文,26.5,2022-12-29,32.55,45.2,70.5660377358491,5.12,1.47,1851.0,40.06
06699,6699.HK,时代天使,173.0,2021-06-16,400.0,401.0,131.791907514451,2079.16,114.7,792388.0,1.5
06715,6715.HK,鲟龙科技,75.5,2026-06-30,103.0,114.0,50.9933774834437,2134.81,19.87,179723.0,3.0
06745,6745.HK,滨化股份,3.48,2026-07-10,2.74,2.83,-18.6781609195402,227.58,4.26,88855.0,5.0
06805,6805.HK,金茂源环保,1.33,2019-07-16,1.35,1.3,-2.25563909774436,1.96,,4330.0,90.0
06806,6806.HK,申万宏源,3.63,2019-04-26,3.63,3.2,-11.8457300275482,3.78,,10499.0,100.0
06808,6808.HK,高鑫零售,7.2,2011-07-27,9.0,10.12,40.5555555555555,1.8662,,,60.01
06809,6809.HK,澜起科技,106.89,2026-02-09,168.0,175.0,63.7197118533071,707.3,37.67,260646.0,5.0
06810,6810.HK,商米科技-W,24.86,2026-04-29,97.5,84.8,241.110217216412,2003.16,7.91,204939.0,5.0
06811,6811.HK,太兴集团,3.0,2019-06-13,2.48,2.64,-12.0,15.51,,19985.0,80.0
06812,6812.HK,永顺控股香港,0.42,2017-03-16,0.47,0.44,4.76190476190477,12.07,1.3,3713.0,13.17
06816,6816.HK,瑞港建设,1.0,2016-07-20,0.99,1.13,13.0,19.51,,2682.0,100.0
06818,6818.HK,中国光大银行,3.98,2013-12-20,3.95,3.87,-2.76381909547738,1.91,,,100.0
06820,6820.HK,友谊时光,1.52,2019-10-08,1.52,1.52,0.0,7.95,1.7,14948.0,50.0
06821,6821.HK,凯莱英,388.0,2021-12-10,388.0,370.0,-4.63917525773196,1.61,4.5,4746.0,100.0
06822,6822.HK,科劲国际,1.38,2015-01-16,1.48,1.04,-24.6376811594203,6.07,,,100.0
06823,6823.HK,香港电讯-SS,4.53,2011-11-29,4.55,4.55,0.44150110375275,,,,100.0
06826,6826.HK,昊海生物科技,59.0,2015-04-30,54.0,58.4,-1.01694915254238,179.36,,,100.0
06828,6828.HK,北京燃气蓝天,1.48,2011-07-12,1.48,1.34,-9.45945945945945,100.9,,,100.0
06829,6829.HK,龙升集团控股,0.4,2018-02-08,0.48,0.415,3.74999999999999,1681.1,1.5,34952.0,10.06
06830,6830.HK,华众车载,1.4,2012-01-12,1.45,1.49,6.42857142857144,1.1,,,100.0
06831,6831.HK,绿茶集团,7.19,2025-05-16,7.19,6.29,-12.5173852573018,317.54,7.2,98482.0,40.0
06833,6833.HK,兴科蓉医药,0.8,2016-03-10,0.9,0.8,0.0,7.23,,2233.0,100.0
06838,6838.HK,盈利时,1.87,2011-07-20,1.9,1.9,1.6042780748663,1.8,,,100.0
06839,6839.HK,云南水务,5.8,2015-05-27,6.45,7.25,25.0,354.0,,,1.98
06855,6855.HK,亚盛医药,34.2,2019-10-28,53.0,37.6,9.94152046783625,751.99,,62983.0,9.0
06858,6858.HK,本间高尔夫,10.0,2016-10-06,9.79,10.2,1.99999999999999,1.28,,1414.0,100.0
06860,6860.HK,指尖悦动,2.07,2018-07-12,2.08,2.18,5.31400966183576,0.76,1.13,5820.0,100.0
06862,6862.HK,海底捞,17.8,2018-09-26,18.8,17.82,0.112359550561795,5.56,,13081.0,60.01
06865,6865.HK,福莱特玻璃,2.1,2015-11-26,2.07,1.94,-7.61904761904763,0.63,,,100.0
06866,6866.HK,佐力科创,1.3,2015-01-13,1.49,1.85,42.3076923076923,1.29,,,100.0
06868,6868.HK,天福,6.0,2011-09-26,5.45,5.78,-3.66666666666666,1.15,,,100.0
06869,6869.HK,长飞光纤光缆,7.39,2014-12-10,7.25,6.71,-9.20162381596752,4.2,,,100.0
06871,6871.HK,翼菲科技,30.5,2026-05-18,54.65,53.75,76.2295081967213,14855.4,9.77,330334.0,3.0
06872,6872.HK,丹诺医药-B,75.7,2026-05-22,150.0,211.0,178.731836195509,9015.11,9.24,275978.0,0.8
06877,6877.HK,TE HEALTHCARE,0.452,2013-07-03,0.8,0.465,2.87610619469027,,,,
06878,6878.HK,鼎丰集团汽车,0.78,2013-12-09,1.23,1.02,30.7692307692308,,,,
06880,6880.HK,MOMENTA-W,295.6,2026-07-08,301.0,295.6,0.0,413.63,20.31,209045.0,5.0
06881,6881.HK,中国银河,5.3,2013-05-22,5.78,5.62,6.03773584905661,29.95,,,100.0
06882,6882.HK,东瀛游,1.39,2014-11-28,1.38,1.36,-2.15827338129495,104.0,,,5.05
06883,6883.HK,颖通控股,2.88,2025-06-26,2.58,2.4,-16.6666666666667,35.84,3.5,31796.0,10.0
06885,6885.HK,金马能源,3.0,2017-10-10,3.0,3.17,5.66666666666666,43.64,,10811.0,100.0
06886,6886.HK,华泰证券,24.8,2015-06-01,25.75,26.0,4.83870967741935,278.98,,,80.0
06887,6887.HK,东阳光药,,2025-08-07,57.5,59.9,4.17391304347826,,,,
06888,6888.HK,英达公路再生科技,2.43,2013-06-26,2.45,2.55,4.93827160493826,7.16,,,50.15
06889,6889.HK,DYNAM JAPAN,14.0,2012-08-06,14.0,12.54,-10.4285714285714,0.87,,,100.0
06890,6890.HK,康利国际控股,1.02,2018-11-19,1.04,1.07,4.90196078431373,23.95,1.16,10837.0,60.07
06893,6893.HK,衍生集团,1.18,2014-10-16,1.61,1.37,16.1016949152543,860.0,,,30.01
06896,6896.HK,金嗓子,4.6,2015-07-15,4.71,4.87,5.86956521739132,1.44,,,100.0
06898,6898.HK,中国铝罐,1.0,2013-07-12,1.09,1.32,32.0,3.15,,,100.0
06899,6899.HK,联众,4.25,2014-06-30,3.53,3.75,-11.7647058823529,11.33,,,100.0
06908,6908.HK,宏光半导体,0.63,2016-12-30,0.79,0.87,38.0952380952381,,1.18,,
06909,6909.HK,百得利控股,4.4,2021-07-15,5.9,5.5,25.0,43.92,2.28,70035.0,18.0
06911,6911.HK,澜沧古茶,10.7,2023-12-22,10.7,8.7,-18.6915887850467,13.23,1.32,5922.0,20.01
06913,6913.HK,华南职业教育,1.59,2021-07-13,1.45,1.32,-16.9811320754717,6.01,1.99,25345.0,20.0
06915,6915.HK,江西生物,11.2,2026-06-30,7.4,9.78,-12.6785714285714,476.56,4.25,78433.0,2.0
06918,6918.HK,九泰数智,1.38,2020-03-18,1.1,0.9,-34.7826086956522,20.4,1.05,8367.0,50.01
06919,6919.HK,人瑞人才,26.6,2019-12-13,26.6,26.55,-0.187969924812033,0.83,1.86,3392.0,100.0
06922,6922.HK,康沣生物-B,18.9,2022-12-30,18.5,17.66,-6.56084656084655,1.95,1.28,1734.0,100.0
06928,6928.HK,万马控股,0.73,2017-07-13,0.73,0.63,-13.6986301369863,,,,100.0
06929,6929.HK,业聚医疗,8.8,2022-12-23,8.8,9.15,3.97727272727272,2.01,1.09,3951.0,46.12
06933,6933.HK,新娱科控股,1.63,2020-07-15,1.75,1.7,4.29447852760737,5.59,1.02,5653.0,25.02
06936,6936.HK,顺丰控股,34.3,2024-11-27,34.3,34.3,0.0,79.07,10.1,82574.0,20.0
06938,6938.HK,瑞博生物-B,57.97,2026-01-09,75.0,82.1,41.6249784371226,101.06,16.7,42771.0,1.71
06939,6939.HK,美佳音控股,1.26,2021-03-31,1.39,1.34,6.34920634920635,22.43,1.71,19043.0,40.0
06951,6951.HK,三环集团,100.3,2026-07-09,100.3,105.0,4.68594217347956,327.49,16.24,174984.0,0.69
06955,6955.HK,博安生物,19.8,2022-12-30,19.9,19.8,0.0,2.12,1.52,1869.0,43.84
06958,6958.HK,正荣服务,4.55,2020-07-10,4.86,5.6,23.0769230769231,102.0,18.1,122634.0,40.0
06959,6959.HK,长久股份,5.95,2024-01-09,6.1,6.91,16.1344537815126,11.67,1.07,2510.0,20.12
06960,6960.HK,双登股份,14.51,2025-08-26,22.5,19.05,31.2887663680221,3876.25,18.75,217990.0,0.06
06963,6963.HK,阳光保险,5.83,2022-12-09,5.83,5.83,0.0,0.13,1.34,1877.0,100.0
06966,6966.HK,中国万桐园,0.28,2017-09-27,0.45,0.385,37.5,102.95,,,60.01
06968,6968.HK,港龙中国地产,3.93,2020-07-15,3.93,3.92,-0.254452926208657,0.28,1.3,2479.0,100.0
06969,6969.HK,思摩尔国际,12.4,2020-07-10,28.0,31.0,150.0,116.0,18.8,184244.0,20.0
06978,6978.HK,永泰生物-B,11.0,2020-07-10,13.4,15.48,40.7272727272727,259.58,7.0,94738.0,20.0
06979,6979.HK,珍酒李渡,10.82,2023-04-27,9.0,8.88,-17.9297597042514,1.94,3.9,10670.0,100.0
06980,6980.HK,八马茶业,50.0,2025-10-28,80.1,93.35,86.7,2680.04,13.58,168027.0,0.8
06988,6988.HK,乐享集团,2.88,2020-09-23,2.7,2.7,-6.24999999999999,1632.92,24.0,367247.0,10.0
06989,6989.HK,卓越商企服务,10.68,2020-10-19,11.4,11.0,2.99625468164794,652.06,33.4,379873.0,10.0
06990,6990.HK,科伦博泰生物,60.6,2023-07-11,60.6,62.5,3.13531353135313,1.27,3.4,2846.0,75.03
06993,6993.HK,蓝月亮集团,13.16,2020-12-16,15.32,14.88,13.0699088145897,301.33,12.0,454743.0,55.0
06996,6996.HK,德琪医药-B,18.08,2020-11-20,19.6,18.28,1.1061946902655,264.76,13.5,229916.0,20.0
06998,6998.HK,亿腾嘉和,24.0,2020-10-07,29.2,27.95,16.4583333333333,1247.52,33.0,491364.0,3.0
06999,6999.HK,领地控股,5.69,2020-12-10,5.69,5.69,0.0,0.57,1.39,4552.0,100.0
07489,7489.HK,岚图汽车,,2026-03-19,7.5,6.51,-13.2,,,,
07618,7618.HK,京东工业,14.1,2025-12-11,13.0,14.1,0.0,60.52,7.88,72234.0,35.0
07630,7630.HK,英派药业-B,20.1,2026-05-13,35.5,41.86,108.258706467662,2282.4,24.58,221788.0,1.5
07656,7656.HK,瑞为技术,21.66,2026-07-08,18.0,21.0,-3.04709141274238,3646.06,3.08,169551.0,3.0
07666,7666.HK,剂泰科技-P,10.5,2026-05-13,28.68,23.8,126.666666666667,6910.96,33.86,383309.0,0.14
07687,7687.HK,易控智驾,87.92,2026-07-08,91.0,96.7,9.98635122838945,157.82,10.5,110316.0,10.0
07688,7688.HK,拓璞数控,26.39,2026-05-20,37.0,47.5,79.9924213717317,3764.63,30.46,344049.0,8.0
80016,80016.HK,新鸿基地产-R,,2023-06-19,93.0,93.5,0.291757840991983,,,,
80020,80020.HK,商汤-WR,,2023-06-19,2.23,2.09,0.239808153477213,,,,
08003,8003.HK,世大控股,1.5,1999-12-02,2.0,2.05,36.6666666666667,200.25,,,
08005,8005.HK,裕兴科技,4.2,2000-01-31,5.5,4.275,1.78571428571429,,,,
08006,8006.HK,华泰瑞银,1.88,2000-03-09,8.0,6.7,256.382978723404,,,,
08007,8007.HK,环球战略集团,1.2,2000-04-17,1.1,2.1,75.0,,3.5,,
08013,8013.HK,ECI TECH,0.15,2017-03-10,0.164,0.15,0.0,39.87,,4099.0,100.0
08017,8017.HK,捷利交易宝,0.64,2018-09-28,0.52,0.465,-27.34375,25.86,1.43,5975.0,30.01
80175,80175.HK,吉利汽车-R,,2023-06-19,9.06,9.1,0.552486187845292,,,,
08018,8018.HK,汇财金融投资,0.82,2013-09-26,1.4,5.23,537.804878048781,,,,
08019,8019.HK,皓文控股,0.495,2001-07-20,0.49,0.5,1.01010101010101,,17.78,,
08020,8020.HK,宏海控股集团,0.3,2011-10-12,0.31,0.315,5.0,,0.0167,,
08021,8021.HK,汇隆控股,0.38,2001-12-07,0.39,0.4,5.26315789473685,,2.0,,
08023,8023.HK,邝文记,0.43,2016-10-13,0.53,0.5,16.2790697674419,15.76,,3213.0,100.0
08026,8026.HK,朗华国际集团,4.5,2000-03-28,5.1,4.35,-3.33333333333334,,1.4,,
08027,8027.HK,吉辉控股,0.5,2015-07-10,1.5,1.35,170.0,,,,
08028,8028.HK,天时资源,3.0,1999-11-25,6.0,5.4,80.0,,,,
08029,8029.HK,中投金融科技集团,0.2,2000-12-14,0.38,0.31,55.0,,1.34,,
80291,80291.HK,华润啤酒-R,,2023-06-19,50.3,48.95,-1.25673249551166,,,,
08030,8030.HK,丰银禾控股,0.65,2012-05-07,0.64,0.65,0.0,,,,
08031,8031.HK,易通讯集团,0.6,2012-01-09,0.98,0.61,1.66666666666667,,,,
08033,8033.HK,爱达利网络,1.33,2000-02-25,1.65,2.6,95.4887218045113,,24.0,,
08035,8035.HK,骏高控股,0.41,2016-10-07,2.77,3.9,851.219512195122,,,,
08036,8036.HK,电子交易集团,0.28,2019-02-19,0.35,0.28,0.0,120.99,1.01,12818.0,30.0
08037,8037.HK,中国生物科技服务,0.5,2004-06-17,0.55,0.5,0.0,,1.64,,
80388,80388.HK,香港交易所-R,,2023-06-19,289.0,286.6,-0.694721158677083,,,,
08039,8039.HK,中国来骑哦,0.325,2016-12-12,2.0,0.87,167.692307692308,,,,
08040,8040.HK,快意智能,0.75,2018-02-14,0.77,0.77,2.66666666666667,31.93,1.38,8418.0,50.01
08041,8041.HK,中微智码,1.78,2000-07-07,1.8,1.16,-34.8314606741573,,2.3,,
08042,8042.HK,高奥士人才集团,0.3,2018-10-12,0.207,0.215,-28.3333333333333,16.23,1.05,9116.0,60.0
08043,8043.HK,ATLINKS,0.5,2018-01-19,0.8,1.2,140.0,11.4,1.26,5886.0,30.01
08047,8047.HK,中国海洋发展,0.4,2001-11-01,0.4,0.4,17.5,,2.1,,
08049,8049.HK,吉林长龙药业,0.5,2001-05-24,1.0,1.39,178.0,,,,
08050,8050.HK,城市酷选,1.23,2000-07-24,1.3,1.25,1.6260162601626,,1.1,,
08051,8051.HK,讯智海,0.6,2001-05-08,1.19,1.36,126.666666666667,110.5,,,
08052,8052.HK,陆庆娱乐,0.21,2016-11-11,2.3,4.2,1900.0,,,,
08056,8056.HK,生活概念,0.45,2016-08-05,5.0,4.28,851.111111111111,,,,
08057,8057.HK,麦迪森控股,0.75,2015-10-08,6.0,6.2,726.666666666667,,,,
08059,8059.HK,朝威控股,0.4,2014-08-15,2.03,1.75,337.5,,,,
08060,8060.HK,国联通信,0.36,2002-11-13,0.38,0.425,18.0555555555556,,1.02,,
08062,8062.HK,俊盟国际,0.56,2016-12-15,0.76,0.69,23.2142857142857,1277.0,,17031.0,61.71
08065,8065.HK,高萌科技,0.6,2017-10-16,0.99,0.87,45.0,1069.0,,20026.0,10.01
08066,8066.HK,品创控股,0.47,2001-12-20,0.57,0.62,31.9148936170213,,9.8,,
08067,8067.HK,东方大学城控股,2.64,2015-01-16,2.89,2.79,5.68181818181818,,,,
08069,8069.HK,飞道旅游科技,0.8,2017-01-12,0.9,0.91,13.75,862.08,,14314.0,15.0
08070,8070.HK,侨洋国际控股,0.55,2016-02-24,2.87,1.26,129.090909090909,,,,
80700,80700.HK,腾讯控股-R,,2023-06-19,337.8,326.6,-1.17554503230101,,,,
08071,8071.HK,中彩网通控股,0.25,2001-03-02,0.3,0.83,232.0,,,,
08072,8072.HK,兰谷股份,0.3,2013-02-25,0.41,0.57,90.0,,,,
08073,8073.HK,水发兴业新材料,1.0,2017-07-21,1.19,1.08,8.00000000000001,3.72,1.27,1413.0,100.0
80737,80737.HK,湾区发展-R,,2012-10-29,3.3,3.25,,,,,
08076,8076.HK,新利软件,0.48,2001-09-05,0.51,0.455,-5.20833333333333,,4.12,,
08079,8079.HK,曌生命,0.5,2001-10-15,5.4,5.1,920.0,6.0,,,
08080,8080.HK,北亚策略,1.08,2000-04-20,1.2,0.79,-26.8518518518519,,,,
08081,8081.HK,白居易控股,0.5,2000-06-19,0.5,0.72,44.0,,,,
08082,8082.HK,擎华控股,0.25,2001-11-02,0.28,0.31,24.0,,,,
08087,8087.HK,中国三三集团,1.8,2011-02-28,2.2,1.8,0.0,,,,
80883,80883.HK,中国海洋石油-R,,2023-06-19,10.42,10.38,1.43652887716212,,,,
08090,8090.HK,宝盖新材,6.22,2026-07-08,6.22,6.43,3.37620578778135,3015.69,1.26,117154.0,0.5
08091,8091.HK,奥传思维控股,0.27,2017-01-05,3.6,8.2,2937.03703703704,,,,
08092,8092.HK,ITE HOLDINGS,0.75,2001-02-21,0.7,0.8,6.66666666666667,,,,
08093,8093.HK,瓦普思瑞元宇宙,0.55,2015-02-12,1.65,3.28,496.363636363636,,,,
80941,80941.HK,中国移动-R,,2023-06-19,57.95,59.0,1.89454777818075,,,,
08095,8095.HK,北大青鸟环宇,11.0,2000-07-27,11.0,12.45,13.1818181818182,,5.28,,
08096,8096.HK,赏之味,0.7,2019-03-15,0.61,0.475,-32.1428571428571,146.2,,21595.0,50.0
08098,8098.HK,昌利控股,0.485,2011-03-08,0.65,0.62,27.8350515463918,,,,
80992,80992.HK,联想集团-R,,2023-06-19,7.79,7.71,-0.721091939222251,,,,
08100,8100.HK,名科国际,0.32,2001-12-31,0.43,0.39,21.875,50.8,10.3,,
81024,81024.HK,快手-WR,,2023-06-19,54.9,52.5,-3.7315485468048,,,,
08103,8103.HK,HMVOD视频,0.56,2000-09-08,0.9,1.0,78.5714285714286,,16.6,,
08106,8106.HK,芯化兰德,0.83,2002-05-03,1.12,1.08,30.1204819277109,,9.0,,
08107,8107.HK,细叶榕科技,0.225,2018-05-04,0.26,0.4,77.7777777777778,32.2,1.02,7397.0,80.0
08111,8111.HK,中国科技产业集团,0.4,2001-01-03,0.45,0.42,4.99999999999999,,,,
08112,8112.HK,基石金融,0.72,2011-07-28,0.84,0.75,4.16666666666667,,,,
08113,8113.HK,时腾科技,0.31,2016-01-07,1.58,0.99,219.354838709677,,,,
08115,8115.HK,清大东方,0.54,2004-06-30,0.56,0.63,16.6666666666667,2.64,,,
08117,8117.HK,中国基础能源,0.3,2001-12-13,0.35,0.35,16.6666666666667,,11.53,,
08118,8118.HK,中资国际控股,0.3,2017-11-16,0.45,0.6,100.0,6.85,1.7,4512.0,50.01
08120,8120.HK,国农金融投资,0.55,2001-04-10,0.55,0.39,-29.0909090909091,,,,
08121,8121.HK,国恩控股,0.25,2015-05-29,3.5,1.0,300.0,,,,
81211,81211.HK,比亚迪股份-R,,2023-06-19,243.0,243.6,0.062436331372608,,,,
08123,8123.HK,华亿金控,0.38,2002-01-11,0.4,0.355,-6.57894736842106,,,,
08125,8125.HK,中新控股,0.6,2014-07-18,1.1,1.64,173.333333333333,,,,
08128,8128.HK,中国恒有源集团,0.3,2001-11-30,0.32,0.33,10.0,,1.3,,
81299,81299.HK,友邦保险-R,,2023-06-19,75.75,75.25,1.10578150402407,,,,
08130,8130.HK,大地国际集团,0.3,2002-08-26,0.3,0.3,0.0,1.04,1.02,,
08131,8131.HK,诺亚智能,1.2,2001-01-31,1.24,1.45,20.8333333333333,,,,
08132,8132.HK,百能国际能源,0.3,2011-05-18,0.61,0.51,70.0,,,,
08133,8133.HK,吉盛集团控股,0.2,2015-04-30,2.0,2.13,965.0,,,,
08136,8136.HK,英马斯集团,0.25,2018-01-25,0.355,0.5,100.0,14.96,1.03,5805.0,28.01
08137,8137.HK,洪桥集团,0.25,2002-01-08,0.27,0.48,92.0,,2.0,,
08139,8139.HK,长安仁恒,9.7,2015-01-16,26.6,10.5,8.24742268041238,,,,
08140,8140.HK,人和科技,0.3,2018-07-12,0.46,0.49,63.3333333333333,12.6,1.2,6685.0,22.05
08143,8143.HK,金威医疗,0.28,2002-05-10,0.32,0.265,-5.35714285714286,241.3,11.1,,
08146,8146.HK,怡园酒业,0.35,2018-06-27,0.43,0.52,48.5714285714286,128.8,1.69,13207.0,70.0
08147,8147.HK,汇思太平洋,1.35,2014-07-18,2.71,6.63,391.111111111111,,,,
08148,8148.HK,悟喜生活,0.43,2004-01-09,0.57,0.56,30.2325581395349,,4.77,,
08149,8149.HK,浩德控股,0.425,2016-10-17,4.2,5.4,1170.58823529412,,,,
08152,8152.HK,明梁控股,0.47,2017-07-21,0.8,0.89,89.3617021276596,6.2,1.27,482.0,100.0
08153,8153.HK,嘉鼎国际集团,0.335,2001-03-30,0.355,0.345,2.98507462686566,,2.28,,
08156,8156.HK,国药科技股份,0.46,2002-11-12,0.54,0.56,21.7391304347826,77.98,3.81,,
08158,8158.HK,中国再生医学,0.4,2001-07-18,0.42,0.28,-30.0,,6.6,,
08159,8159.HK,新华联合投资,0.43,2002-01-04,0.46,0.55,27.9069767441861,8.5,2.38,,
08160,8160.HK,GOLDWAY EDU,0.205,2016-12-02,0.38,0.34,65.8536585365854,704.3,,8684.0,20.04
08161,8161.HK,医汇集团,0.27,2016-05-31,3.15,1.48,448.148148148148,,,,
08162,8162.HK,港银控股,0.36,2014-08-05,1.33,1.26,250.0,,,,
08163,8163.HK,声扬集团,0.5,2002-03-07,0.56,0.57,14.0,,9.9,,
08168,8168.HK,宝积资本,0.24,2018-03-22,0.34,0.27,12.5,95.88,1.95,4778.0,100.0
08169,8169.HK,环康集团,0.238,2001-12-05,0.38,0.51,114.285714285714,,60.0,,
08172,8172.HK,拉近网娱,0.4,2002-03-26,0.4,0.4,3.74999999999999,,1.51,,
08173,8173.HK,客思控股,0.33,2002-05-09,0.36,0.315,-4.54545454545455,,,,
08176,8176.HK,超人智能,0.3,2002-02-19,0.31,0.2,-33.3333333333333,,3.3,,
08178,8178.HK,中国信息科技,0.38,2001-12-11,0.55,0.48,26.3157894736842,,,,
08179,8179.HK,百利达集团控股,1.0,2011-07-08,1.6,1.5,50.0,,,,
08181,8181.HK,港深智能管理,0.33,2013-10-11,1.05,2.0,506.060606060606,,,,
81810,81810.HK,小米集团-WR,,2023-06-19,10.12,9.98,-1.07057890563044,,,,
08186,8186.HK,浩盟控股,0.5,2001-12-31,0.52,0.495,-1.0,,4.0,,
08187,8187.HK,积木集团,0.5,2016-05-30,2.5,1.28,156.0,,,,
08188,8188.HK,骏杰集团控股,0.54,2017-02-22,3.46,3.47,542.592592592593,,1.39,,
08189,8189.HK,泰达生物,0.98,2002-06-18,0.96,0.59,-39.7959183673469,,8.0,,
08191,8191.HK,鸿伟亚洲,0.39,2014-01-08,0.4,0.485,24.3589743589744,,,,
08193,8193.HK,亚太金融投资,0.72,2011-05-31,0.81,0.83,15.2777777777778,,,,
08195,8195.HK,传承教育集团,0.6,2014-10-10,4.06,4.15,591.666666666667,,,,
08196,8196.HK,福田股份,0.96,2015-12-09,2.55,1.97,105.208333333333,,,,
08198,8198.HK,加幂科技,0.55,2002-05-17,0.7,0.58,5.45454545454544,,4.6,,
08200,8200.HK,修身堂,0.25,2003-11-19,0.5,0.78,212.0,,10.75,,
08201,8201.HK,宝联控股,1.2,2013-06-17,2.2,4.04,236.666666666667,,,,
82020,82020.HK,安踏体育-R,,2023-06-19,80.5,80.5,-3.41931613677264,,,,
08203,8203.HK,凯顺控股,0.21,2004-01-20,0.2,0.165,-21.4285714285714,3.2,,,
08205,8205.HK,交大慧谷,0.66,2002-07-31,0.67,0.65,-1.51515151515152,,3.2,,
08206,8206.HK,神通机器人教育,0.3,2002-11-15,0.305,0.154,-48.6666666666667,4.16,0.73,,
08208,8208.HK,永通万国集团,0.4,2019-11-29,0.48,0.4,0.0,30.3,1.08,23678.0,28.0
08210,8210.HK,衍汇亚洲,0.255,2018-08-27,0.246,0.255,0.0,23.96,1.01,9831.0,50.0
08213,8213.HK,荣晖控股,0.35,2003-03-18,0.36,0.365,4.28571428571429,,,,
08217,8217.HK,菊福堂生物,0.26,2016-04-12,2.0,4.0,1438.46153846154,,,,
08218,8218.HK,毅高国际控股,0.6,2013-10-11,2.1,0.96,60.0,,,,
08219,8219.HK,恒伟集团控股,0.25,2018-07-12,0.33,0.495,98.0,14.66,1.23,7385.0,30.01
08220,8220.HK,比高集团,0.25,2002-11-12,0.255,0.255,2.0,,2.0,,
08221,8221.HK,高裕金融,0.15,2017-01-06,2.68,3.2,2033.33333333333,,,,
08222,8222.HK,壹照明,0.5,2014-09-29,3.5,4.1,720.0,,,,
08223,8223.HK,紫元元,0.76,2018-07-09,1.39,1.57,106.578947368421,14.62,,7545.0,30.0
08225,8225.HK,中国医疗集团,0.41,2003-07-10,0.415,0.41,0.0,,,,
08226,8226.HK,树熊金融集团,0.5,2002-07-19,0.54,0.5,0.0,,,,
08227,8227.HK,海天天线,0.68,2003-11-05,0.75,0.8,17.6470588235294,,5.2,,
08229,8229.HK,未来数据集团,0.58,2016-07-08,0.93,0.88,51.7241379310345,,,,
82318,82318.HK,中国平安-R,,2023-06-19,48.1,47.75,-0.667762268311452,,,,
08232,8232.HK,一木集团,0.55,2016-07-11,2.55,3.15,472.727272727273,,,,
82331,82331.HK,李宁-R,,2023-06-19,43.25,43.25,-4.1275048767512,,,,
82333,82333.HK,长城汽车-R,,2023-06-19,8.36,8.34,-0.749732238486262,,,,
08237,8237.HK,华星控股,1.75,2014-07-07,2.7,4.6,162.857142857143,,,,
08238,8238.HK,玖方数智,0.37,2015-02-16,1.7,3.97,972.972972972973,,1.81,,
82388,82388.HK,中银香港-R,,2023-06-19,22.5,22.4,1.2520905844596,,,,
08239,8239.HK,首都金融控股,0.4,2002-11-15,0.44,0.62,55.0,,1.14,,
08241,8241.HK,英记茶庄集团,0.54,2018-04-16,1.2,0.72,33.3333333333333,676.59,,20732.0,10.01
08245,8245.HK,烽翼集团,0.57,2015-09-30,4.1,7.1,1145.61403508772,,,,
08246,8246.HK,中华燃气,0.72,2011-12-30,1.36,1.01,40.2777777777778,,,,
08247,8247.HK,中生北控生物科技,2.0,2006-02-27,2.6,2.725,36.25,,,,
08249,8249.HK,瑞远智控,0.5,2003-11-14,0.5,0.53,6.00000000000001,49.7,3.3,,
08250,8250.HK,都都控股,0.5,2004-06-18,0.45,0.4,-20.0,3.84,,,
08262,8262.HK,宏强控股,0.33,2016-03-30,1.41,1.81,448.484848484848,,,,
08267,8267.HK,蓝港互动,9.8,2014-12-30,9.81,9.8,0.0,,,,100.0
08268,8268.HK,智城发展控股,0.385,2015-01-08,1.0,0.51,32.4675324675325,,,,
08269,8269.HK,倍升教育科技,0.25,2010-10-14,0.255,0.51,104.0,,2.6,,
08270,8270.HK,中国煤层气,0.3,2003-08-12,0.34,0.335,11.6666666666667,,1.04,,
08271,8271.HK,环球数码创意,1.0,2003-08-04,0.95,0.84,-16.0,1.82,1.1,,
08275,8275.HK,中国新消费集团,0.34,2017-10-16,0.31,0.36,5.88235294117646,82.8,1.5,7896.0,50.01
08277,8277.HK,骏东控股,1.2,2015-02-23,10.0,5.68,373.333333333333,,,,
08279,8279.HK,亚博科技控股,0.25,2004-01-19,0.5,0.26,4.0,,,,
08280,8280.HK,中国数字视频,1.9,2016-06-27,1.99,1.7,-10.5263157894737,2.84,,1374.0,100.0
08281,8281.HK,中国金典集团,0.43,2016-07-08,0.67,0.435,1.16279069767442,,,,
08282,8282.HK,智傲控股,1.25,2016-01-13,3.0,3.75,200.0,,,,
08283,8283.HK,中食民安,0.4,2016-11-08,5.0,4.76,1090.0,,,,
08285,8285.HK,森浩集团,0.43,2018-01-16,0.7,0.435,1.16279069767442,252.0,2.3,10718.0,100.0
08286,8286.HK,长城微光,0.4,2004-05-18,0.395,0.395,-1.25,,,,
08290,8290.HK,亚势备份,0.2,2015-10-08,2.95,4.4,2100.0,,,,
08291,8291.HK,港娱国际,0.65,2017-07-18,0.75,0.68,4.61538461538462,13.1,1.04,345.0,90.26
08292,8292.HK,VSING,0.35,2016-07-06,5.11,3.4,871.428571428571,,,,
08293,8293.HK,星亚控股,1.0,2016-07-15,1.49,1.5,50.0,5.31,,647.0,100.0
08295,8295.HK,金慧科技,0.2,2010-06-18,0.27,0.255,27.5,,,,
08296,8296.HK,中国生命集团,0.72,2009-09-09,1.16,1.04,44.4444444444445,,,,
08297,8297.HK,海纳星空科技,0.4,2017-07-13,0.46,0.345,-13.75,,,1370.0,100.0
08299,8299.HK,大唐黄金,0.28,2004-09-23,0.29,0.295,5.35714285714284,,,,
08300,8300.HK,今米房集团,0.15,2016-08-08,1.05,1.9,1166.66666666667,,,,
08305,8305.HK,圣唐控股,0.3,2018-07-04,0.32,0.244,-18.6666666666667,23.72,1.61,8690.0,60.0
08307,8307.HK,密迪斯肌,0.6,2014-12-18,2.9,3.12,420.0,,,,
08308,8308.HK,古兜控股,0.6,2016-12-09,1.78,0.67,11.6666666666667,,,,
08309,8309.HK,万成环球控股,0.32,2017-04-13,0.335,0.34,6.25000000000001,60.26,1.22,2945.0,100.0
08310,8310.HK,盐城港,0.25,2013-08-22,0.275,0.275,10.0,,,,
08311,8311.HK,圆美光电,0.3,2014-02-07,0.45,0.59,96.6666666666667,,,,
08313,8313.HK,杰地集团,0.32,2018-01-16,0.33,0.325,1.5625,7.79,1.18,6777.0,25.01
08315,8315.HK,新都酒店,0.385,2014-08-20,2.0,1.68,336.363636363636,,,,
08316,8316.HK,中国红包,0.35,2015-08-10,1.7,8.2,2242.85714285714,,,,
08317,8317.HK,财华社集团,0.25,2005-01-07,0.235,0.225,-10.0,,,,
08319,8319.HK,思博系统,0.25,2016-04-12,2.12,3.0,1100.0,,,,
08320,8320.HK,沛然环保,0.28,2016-10-17,2.46,1.35,382.142857142857,,2.73,,
08321,8321.HK,泰锦控股,0.35,2016-10-28,2.7,2.8,700.0,,,,
08326,8326.HK,同景新能源,0.5,2013-11-21,1.3,0.69,38.0,,,,
08328,8328.HK,信义储电,0.7,2016-07-11,1.2,1.23,75.7142857142857,7.49,,2213.0,100.0
08329,8329.HK,海王英特龙,0.33,2005-09-12,0.5,0.365,10.6060606060606,,,,
08331,8331.HK,倍搏集团,0.32,2015-12-29,1.21,0.51,59.375,,,,
08333,8333.HK,阿仕特朗金融,0.6,2016-07-14,0.58,0.61,1.66666666666667,17.3,,1601.0,100.0
08337,8337.HK,直通电讯,0.3,2010-06-02,0.5,0.38,26.6666666666667,,,,
08340,8340.HK,紫荆国际金融,0.25,2008-05-20,0.6,0.34,36.0,,,,
08341,8341.HK,艾硕控股,0.84,2017-01-13,4.05,3.2,280.952380952381,,,,
08347,8347.HK,F8企业,0.32,2017-04-12,0.36,0.3,-6.25000000000001,38.6,1.12,4915.0,100.0
08348,8348.HK,滨海泰达物流,1.98,2008-04-30,2.2,2.11,6.56565656565656,,,,
08349,8349.HK,硅鑫集团,0.35,2017-01-13,3.1,1.71,388.571428571429,,,,
08350,8350.HK,立桥证券控股,0.4,2018-01-12,0.44,0.415,3.74999999999999,9.08,,5700.0,30.01
08356,8356.HK,进业控股,1.28,2010-08-30,2.22,1.63,27.34375,,,,
08357,8357.HK,REPUBLIC HC,0.6,2018-06-15,0.65,0.79,31.6666666666667,150.69,1.04,20757.0,3.32
08360,8360.HK,简朴新生活,0.64,2016-07-12,0.75,0.49,-23.4375,16.29,,2696.0,100.0
08362,8362.HK,运兴泰集团,0.2,2017-06-30,0.131,0.144,-28.0,20.0,,,100.0
08365,8365.HK,亦辰集团,0.68,2017-05-26,0.62,0.57,-16.1764705882353,,,1465.0,100.0
08366,8366.HK,浙江联合投资,0.2,2015-11-02,3.0,3.5,1650.0,,,,
08367,8367.HK,倩碧控股,0.275,2018-02-26,0.45,0.275,0.0,14.79,1.08,3993.0,40.08
08368,8368.HK,中国创意控股,0.39,2015-11-18,4.4,4.0,925.641025641026,,,,
83690,83690.HK,美团-WR,,2023-06-19,122.5,125.6,-0.031041316788578,,,,
08370,8370.HK,智升集团控股,0.31,2017-01-20,3.5,2.5,706.451612903226,,,,
08371,8371.HK,尝高美集团,0.92,2018-01-17,0.79,0.84,-8.69565217391305,12.33,,5552.0,100.0
08372,8372.HK,君百延集团,0.335,2018-03-29,0.415,0.4,19.4029850746269,253.4,2.4,15928.0,35.06
08373,8373.HK,靛蓝星,0.6,2017-11-16,0.65,0.88,46.6666666666667,2.6,,1289.0,85.07
08375,8375.HK,数盟资本,0.3,2017-11-13,0.53,0.58,93.3333333333333,9.86,1.82,5403.0,30.01
08377,8377.HK,维港育马,0.375,2017-12-15,0.375,0.39,4.0,30.43,1.97,8449.0,40.0
08379,8379.HK,盈证国际,0.35,2018-02-14,0.455,0.36,2.85714285714286,93.69,,16937.0,40.0
08385,8385.HK,万里印刷,0.35,2017-12-13,0.38,0.365,4.28571428571429,38.87,2.0,,50.01
08391,8391.HK,基石科技控股,0.6,2018-05-11,0.75,0.63,5.0,7.94,1.55,2558.0,100.0
08392,8392.HK,舍图控股,0.22,2017-10-16,0.237,0.245,11.3636363636364,83.28,1.67,8675.0,100.0
08395,8395.HK,中显智能齐家控股,0.156,2018-01-25,0.157,0.186,19.2307692307692,28.64,0.1,6654.0,70.01
08400,8400.HK,亚洲先锋娱乐,0.28,2017-11-15,0.51,0.31,10.7142857142857,13.9,2.29,6040.0,37.83
08401,8401.HK,华夏水务集团,1.05,2018-03-28,1.13,0.89,-15.2380952380952,204.74,0.61,15619.0,30.01
08402,8402.HK,高原之宝,0.54,2017-11-17,0.68,0.51,-5.55555555555556,116.2,2.04,12992.0,55.24
08403,8403.HK,德丰宿来,0.145,2018-06-12,0.147,0.138,-4.82758620689654,116.55,1.33,18566.0,50.01
08406,8406.HK,中国口腔产业,0.315,2017-12-07,0.315,0.415,31.7460317460317,42.6,1.3,9250.0,50.0
08411,8411.HK,K W NELSON GP,0.2,2016-12-08,3.2,4.21,2005.0,,,,
08412,8412.HK,新爱德集团,0.34,2017-04-07,0.36,0.365,7.35294117647058,101.48,2.3,6215.0,50.0
08413,8413.HK,亚洲富思,0.23,2017-04-13,0.23,0.4,73.9130434782609,7.95,1.89,2037.0,100.0
08416,8416.HK,HM INTL HLDGS,0.6,2017-01-11,4.51,3.7,516.666666666667,,5.0,,
08417,8417.HK,大地教育,0.34,2017-02-16,0.34,0.33,-2.94117647058824,21.0,,4434.0,100.0
08418,8418.HK,傲迪玛汽车,0.24,2019-10-11,0.27,0.465,93.75,28.18,1.23,17323.0,40.0
08419,8419.HK,AV策划推广,0.55,2017-12-21,0.59,0.6,9.09090909090908,22.08,,2881.0,100.0
08420,8420.HK,NEXION TECH,0.48,2017-06-16,0.55,0.48,0.0,2.94,,1543.0,50.0
08422,8422.HK,WT集团,0.22,2017-12-28,0.235,0.28,27.2727272727273,11.04,1.6,3503.0,48.03
08423,8423.HK,潪浩发展,0.3,2017-03-13,0.295,0.305,1.66666666666667,1.42,,1908.0,100.0
08425,8425.HK,兴铭控股,0.75,2017-03-15,0.76,0.83,10.6666666666667,7.69,,2234.0,45.01
08426,8426.HK,雅居投资控股,0.3,2017-11-10,0.385,0.315,5.0,10.45,1.004,6277.0,25.05
08427,8427.HK,万顺瑞强集团,0.28,2017-07-19,0.45,0.7,150.0,12.2,1.8,1783.0,100.0
08428,8428.HK,汉诺佳池,0.25,2017-02-15,0.3,0.295,18.0,,1.66,,
08429,8429.HK,华美乐乐,0.55,2017-12-08,0.57,0.57,3.63636363636362,46.46,2.3,7144.0,70.02
08430,8430.HK,春能控股,0.44,2017-10-18,0.49,0.45,2.27272727272727,21.0,,5895.0,100.0
08431,8431.HK,浩柏国际,0.2,2017-05-26,0.214,0.191,-4.5,1.74,,2262.0,100.0
08432,8432.HK,太平洋酒吧,0.29,2017-01-11,3.8,4.05,1296.55172413793,,1.6,,
08436,8436.HK,德宝集团控股,0.69,2017-10-27,0.7,0.62,-10.1449275362319,431.49,,13974.0,60.0
08437,8437.HK,德斯控股,0.48,2017-10-13,0.57,0.68,41.6666666666667,44.63,1.43,7577.0,50.0
08439,8439.HK,新百利融资,2.05,2017-03-28,2.15,2.06,0.487804878048792,2.7,,2046.0,80.77
08445,8445.HK,怡康泰工程集团,0.47,2017-09-29,0.6,0.55,17.0212765957447,33.99,1.18,6049.0,65.06
08446,8446.HK,耀星科技集团,0.3,2017-06-14,0.52,0.59,96.6666666666667,11.57,,1801.0,75.05
08447,8447.HK,MS CONCEPT,0.27,2018-04-16,0.25,0.275,1.85185185185185,26.88,1.76,7386.0,60.36
08448,8448.HK,环球印馆,0.23,2018-03-28,0.395,0.229,-0.434782608695653,307.6,3.0,15491.0,30.0
08450,8450.HK,钜京控股,0.22,2018-02-02,0.54,0.255,15.9090909090909,334.9,1.9,19345.0,40.0
08451,8451.HK,日光控股,0.275,2018-04-16,0.255,0.285,3.63636363636362,84.66,0.84,11127.0,61.8
08452,8452.HK,富银融资股份,1.31,2017-05-23,1.34,1.37,4.58015267175573,11.4,,2978.0,100.0
08455,8455.HK,礼建德集团,0.26,2017-04-12,0.27,0.27,3.84615384615385,16.3,1.7,2688.0,100.0
08456,8456.HK,民信国际控股,0.7,2018-01-26,0.98,0.82,17.1428571428571,19.6,1.06,6649.0,16.52
08460,8460.HK,基地锦标集团,0.24,2017-06-27,0.221,0.202,-15.8333333333333,1.896,,3966.0,100.0
08462,8462.HK,中安控股集团,0.45,2017-07-17,0.455,0.475,5.55555555555555,3.17,,812.0,100.0
08471,8471.HK,新达控股,0.3,2017-07-21,0.325,0.34,13.3333333333333,6.18,,941.0,100.0
08472,8472.HK,立高控股,0.5,2017-07-18,0.6,0.55,10.0,11.5,1.69,986.0,100.0
08473,8473.HK,弥明生活百货,0.27,2018-02-12,0.265,0.28,3.70370370370371,137.51,2.83,18789.0,50.01
08475,8475.HK,易站绿色科技,0.72,2018-08-13,0.7,0.495,-31.25,88.03,,20931.0,40.0
08480,8480.HK,飞霓控股,0.5,2017-10-16,0.6,0.64,28.0,162.6,,10517.0,100.0
08481,8481.HK,盛龙锦秀国际,0.68,2017-07-17,0.75,0.97,42.6470588235294,1.31,,262.0,100.0
08482,8482.HK,万励达,0.275,2018-09-05,0.27,0.249,-9.45454545454546,15.15,1.02,11138.0,40.0
08483,8483.HK,名仕快相,0.31,2018-02-28,0.335,0.36,16.1290322580645,34.99,0.02,6443.0,100.0
08487,8487.HK,ISP GLOBAL,0.35,2018-01-16,0.4,0.78,122.857142857143,11.0,,7439.0,8.8
08489,8489.HK,裕程物流,0.74,2021-01-13,0.74,0.87,17.5675675675676,35.9,1.0,25416.0,15.26
08490,8490.HK,骏码半导体,0.58,2018-05-30,0.63,0.6,3.44827586206897,117.51,2.46,20187.0,40.0
08491,8491.HK,COOL LINK,0.55,2017-09-22,0.54,0.51,-7.27272727272728,27.65,1.99,6153.0,100.0
08493,8493.HK,炙龙控股,0.21,2018-01-16,0.219,0.214,1.90476190476191,11.84,1.05,5694.0,35.0
08495,8495.HK,1957 & CO.,0.63,2017-12-05,0.68,0.55,-12.6984126984127,365.51,,14199.0,30.0
08496,8496.HK,环球友饮智能,0.9,2020-05-18,1.5,2.06,128.888888888889,16.4,0.96,8854.0,12.28
08500,8500.HK,天泓文创,1.39,2020-01-14,1.18,0.99,-28.7769784172662,15.1,1.15,,19.89
08501,8501.HK,庄皇集团公司,1.56,2018-01-04,1.6,1.71,9.61538461538461,8.56,1.55,2455.0,40.35
08502,8502.HK,远航港口,0.38,2018-07-10,0.4,0.415,9.21052631578947,1.02,,3136.0,100.0
08507,8507.HK,爱世纪集团,0.58,2018-04-16,0.5,0.49,-15.5172413793103,19.9,1.2,7457.0,100.0
08509,8509.HK,威扬酒业控股,0.75,2018-01-12,0.94,0.8,6.66666666666667,13.5,1.73,7793.0,20.0
08510,8510.HK,TOPSTANDARDCORP,0.35,2018-02-13,0.3,0.33,-5.7142857142857,16.11,,4817.0,100.0
08511,8511.HK,民富国际,0.65,2018-04-20,0.61,0.495,-23.8461538461539,70.07,,14539.0,50.0
08512,8512.HK,凯富善集团控股,0.295,2018-07-19,0.465,0.55,86.4406779661017,3.57,,2820.0,80.09
08513,8513.HK,加和国际控股,0.65,2018-01-19,0.85,0.68,4.61538461538462,18.47,1.2,8792.0,75.0
08516,8516.HK,中盈国际,0.4,2018-10-15,0.5,0.75,87.5,14.0,1.5,7509.0,22.5
08519,8519.HK,新享时代,0.3,2018-02-08,0.3,0.255,-15.0,85.67,1.2,8974.0,80.01
08521,8521.HK,智云国际控股,0.58,2018-05-16,0.55,0.65,12.0689655172414,21.26,,6444.0,100.0
08525,8525.HK,百应控股,1.28,2018-07-18,1.97,1.38,7.81249999999999,6.28,1.64,2360.0,100.0
08526,8526.HK,荣丰集团亚洲,0.38,2018-02-27,0.425,0.39,2.63157894736842,24.7,1.5,3992.0,80.01
08527,8527.HK,聚利宝控股,0.5,2018-05-09,0.9,1.0,100.0,10.8,2.0,3319.0,70.0
08529,8529.HK,优博控股,0.5,2024-06-03,0.66,0.53,6.00000000000001,2503.03,1.15,38849.0,0.2
08532,8532.HK,宝发控股,0.28,2018-02-23,0.4,0.41,46.4285714285714,25.33,1.23,7915.0,70.01
08535,8535.HK,荧德控股,0.17,2018-02-12,0.15,0.136,-20.0,34.8,,9607.0,20.04
08536,8536.HK,TL NATURAL GAS,0.48,2018-05-18,0.53,0.49,2.08333333333334,276.03,0.21,14393.0,40.01
08537,8537.HK,创辉珠宝,0.3,2019-03-27,0.48,0.405,35.0,103.74,0.95,18432.0,14.0
08540,8540.HK,胜利证券,1.25,2018-07-16,1.35,1.3,4.0,7.47,1.13,1796.0,50.04
08545,8545.HK,佰悦集团,0.35,2018-05-31,0.39,0.4,14.2857142857143,42.85,1.5,12590.0,9.0
08547,8547.HK,PACIFIC LEGEND,0.3,2018-07-18,0.63,0.3,0.0,3.45,1.01,2860.0,50.0
08549,8549.HK,金叶国际集团,0.5,2025-10-10,3.0,2.15,330.0,11464.72,1.2,168066.0,0.5
08571,8571.HK,中彩网通控股(并),,2026-06-30,0.7,0.64,-1.53846153846154,,,,
85981,8598!1.HK,冠辉集团控股(并),,2018-04-23,,,,,,,
08601,8601.HK,宝燵控股,0.4,2018-09-13,0.41,0.37,-7.50000000000001,13.1,,8219.0,19.16
08606,8606.HK,倢冠控股,0.3,2018-07-16,0.48,0.7,133.333333333333,10.89,2.18,4045.0,40.04
08610,8610.HK,BBSB INTL,0.6,2026-01-13,3.0,0.67,11.6666666666667,10745.13,1.01,145089.0,0.05
08611,8611.HK,九福来,0.62,2018-10-22,0.96,0.72,16.1290322580645,8.15,1.22,5928.0,14.51
08612,8612.HK,维亮控股,0.55,2019-07-12,0.7,0.78,41.8181818181818,28.19,1.54,12113.0,35.01
08613,8613.HK,东方支付集团控股,0.22,2018-10-16,0.33,0.242,10.0,21.67,,12138.0,20.0
08616,8616.HK,新威工程集团,0.24,2020-04-23,0.375,0.51,112.5,34.7,,20304.0,20.0
08619,8619.HK,NIU HOLDINGS,0.2,2018-09-17,0.355,0.69,245.0,13.56,1.01,10850.0,20.01
08620,8620.HK,亚洲速运,0.5,2020-04-20,0.7,0.32,-36.0,196.21,1.09,37990.0,10.0
08621,8621.HK,METROPOLIS CAP,0.39,2018-12-12,0.7,0.55,41.025641025641,37.07,1.34,15803.0,38.0
08622,8622.HK,愉悦集团,0.5,2018-12-13,0.495,0.47,-6.00000000000001,131.52,1.13,17979.0,15.0
08623,8623.HK,中国蜀塔,0.3,2020-07-10,0.22,0.217,-27.6666666666667,29.09,1.14,7205.0,60.0
08627,8627.HK,旅橙文化,0.275,2019-11-14,0.3,0.28,1.81818181818182,36.1,1.2,17612.0,30.0
08629,8629.HK,集信国控,9.9,2024-09-06,12.1,9.5,-4.04040404040404,14.33,1.03,2480.0,10.06
08631,8631.HK,申港控股,0.6,2019-01-08,0.59,0.495,-17.5,43.4,,12639.0,18.0
08635,8635.HK,大象控股集团,0.53,2019-05-02,0.92,0.73,37.7358490566038,101.3,0.9,20880.0,15.0
08637,8637.HK,元续科技,2.42,2024-07-02,1.66,1.47,-39.2561983471074,2480.61,1.43,30573.0,3.01
08645,8645.HK,比特元宇宙,0.4,2019-12-09,0.405,0.28,-30.0,148.6,1.03,41562.0,20.0
08646,8646.HK,中国宏光,0.77,2020-01-13,0.95,0.79,2.5974025974026,27.9,0.9905,18091.0,10.5
08657,8657.HK,TRUE PARTNER,1.4,2020-10-16,1.4,1.08,-22.8571428571428,13.15,1.1,24558.0,15.0
08659,8659.HK,易和国际控股,0.4,2020-07-13,0.66,0.76,90.0,11.3,1.23,8262.0,13.02
86618,86618.HK,京东健康-R,,2023-06-19,49.1,49.35,-0.540126566971665,,,,
08668,8668.HK,瀛海集团,0.24,2019-09-26,0.24,0.241,0.416666666666667,54.9,1.1,21120.0,30.0
87001,87001.HK,汇贤产业信托,5.24,2011-04-29,4.83,4.75,-9.35114503816794,2.19,,,100.0
89618,89618.HK,京东集团-SWR,,2023-06-19,143.3,141.3,-1.39636150480456,,,,
89888,89888.HK,百度集团-SWR,,2023-06-19,131.9,130.0,-1.59193962287004,,,,
89988,89988.HK,阿里巴巴-WR,,2023-06-19,83.3,82.1,-1.55285089034115,,,,
09600,9600.HK,新纽科技,4.36,2021-01-06,4.12,4.1,-5.96330275229359,446.57,2.4,337011.0,16.0
09606,9606.HK,映恩生物-B,94.6,2025-04-15,181.0,205.0,116.701902748414,115.14,13.52,26857.0,80.01
09608,9608.HK,宋都服务,0.25,2021-01-18,0.225,0.16,-36.0,25.24,1.31,37522.0,12.5
09609,9609.HK,海伟股份,14.28,2025-11-28,13.5,11.0,-22.96918767507,5426.27,6.11,165803.0,1.0
09611,9611.HK,龙旗科技,31.0,2026-01-22,35.0,32.1,3.5483870967742,1149.76,9.02,145096.0,0.2
09616,9616.HK,东软睿新集团,6.22,2020-09-29,7.8,6.22,0.0,300.07,18.0,192370.0,10.0
09618,9618.HK,京东集团-SW,226.0,2020-06-18,239.0,234.0,3.53982300884956,178.9,11.35,396096.0,10.0
09626,9626.HK,哔哩哔哩-W,808.0,2021-03-29,790.0,800.0,-0.99009900990099,174.19,11.9,270785.0,10.0
09630,9630.HK,芯碁微装,252.73,2026-06-26,439.0,515.0,103.774779408855,1007.22,27.22,207986.0,3.001
09633,9633.HK,农夫山泉,21.5,2020-09-08,39.8,33.1,53.953488372093,1148.3,60.0,707532.0,12.0
09636,9636.HK,九方智投控股,17.0,2023-03-10,17.02,17.14,0.823529411764709,2.59,1.85,6953.0,100.0
09637,9637.HK,礼邦医药-B,22.6,2026-06-29,42.0,46.0,103.53982300885,963.56,19.77,145729.0,6.0
09638,9638.HK,法拉帝,22.88,2022-03-31,23.05,22.85,-0.131118881118871,1.07,2.06,8829.0,92.41
09639,9639.HK,荣利营造,0.73,2024-10-09,0.5,0.62,-15.0684931506849,120.6,1.14,14898.0,25.0
09658,9658.HK,特海国际,,2022-12-30,7.0,9.94,,,,,
09660,9660.HK,地平线机器人-W,3.99,2024-10-24,5.12,4.1,2.75689223057643,33.83,13.81,28115.0,100.0
09663,9663.HK,国鸿氢能,19.66,2023-12-05,16.5,19.8,0.712105798575791,1.18,1.13,2808.0,100.0
09668,9668.HK,渤海银行,4.8,2020-07-16,4.8,4.8,0.0,0.59,1.2,9668.0,100.0
09669,9669.HK,北森控股,29.7,2023-04-13,29.6,26.1,-12.1212121212121,16.57,1.51,9481.0,25.0
09676,9676.HK,十月稻田,15.36,2023-10-12,16.6,18.84,22.65625,1.31,1.26,1154.0,100.0
09677,9677.HK,威海银行,3.35,2020-10-12,3.35,3.35,0.0,0.61,1.32,8714.0,100.0
09678,9678.HK,云知声,205.0,2025-06-30,205.0,296.4,44.5853658536585,91.66,1.7,25483.0,10.01
09680,9680.HK,如祺出行,35.0,2024-07-10,30.0,33.9,-3.14285714285715,0.6,1.17,1467.0,100.0
09686,9686.HK,熙康云医院,4.76,2023-09-28,3.69,2.72,-42.8571428571428,0.9,1.15,2299.0,100.0
09688,9688.HK,再鼎医药,562.0,2020-09-28,613.5,610.0,8.54092526690392,3.43,6.9,10349.0,50.0
09689,9689.HK,金泰丰国际控股,0.5,2018-01-17,0.5,0.62,24.0,13.0,3.1,4600.0,100.0
09690,9690.HK,途虎-W,28.0,2023-09-26,28.0,29.5,5.35714285714286,2.67,2.3,9305.0,100.0
09696,9696.HK,天齐锂业,82.0,2022-07-13,74.5,82.0,0.0,9.3,5.2,20100.0,100.0
09698,9698.HK,万国数据-SW,80.88,2020-11-02,81.0,83.0,2.62116716122651,6.42,8.4,38476.0,80.0
09699,9699.HK,顺丰同城,16.42,2021-12-14,15.2,14.9,-9.2570036540804,2.93,2.41,20741.0,50.0
09857,9857.HK,柠萌影视,27.75,2022-08-10,27.75,27.0,-2.7027027027027,0.81,1.38,2036.0,100.0
09858,9858.HK,优然牧业,6.98,2021-06-18,6.28,6.15,-11.89111747851,3.73,3.88,28283.0,80.0
09860,9860.HK,艾迪康控股,12.32,2023-06-30,12.32,13.8,12.012987012987,1.06,1.8,1521.0,100.0
09863,9863.HK,零跑汽车,48.0,2022-09-29,41.0,31.9,-33.5416666666667,0.16,2.33,3151.0,100.0
09866,9866.HK,蔚来-SW,,2022-03-10,160.0,158.9,-0.687499999999996,,,,
09868,9868.HK,小鹏集团-W,165.0,2021-07-07,168.0,165.0,0.0,14.73,8.54,68685.0,10.0
09869,9869.HK,海伦司,19.77,2021-09-10,23.05,24.3,22.9135053110774,30.8,25.58,27968.0,60.0
09876,9876.HK,大洋环球控股,1.22,2017-10-19,1.32,1.23,0.819672131147542,25.5,1.21,7183.0,100.0
09877,9877.HK,健世科技-B,27.8,2022-10-10,28.0,28.25,1.61870503597122,1.52,1.19,1295.0,58.01
09878,9878.HK,汇通达网络,43.0,2022-02-18,43.55,45.1,4.88372093023256,1.67,2.0497,10896.0,43.91
09879,9879.HK,米高集团,4.08,2024-03-21,4.38,4.09,0.245098039215681,9.79,1.28,7793.0,30.02
09880,9880.HK,优必选,90.0,2023-12-29,89.9,90.85,0.944444444444438,5.16,2.16,5414.0,40.02
09881,9881.HK,容大科技,10.0,2025-06-10,16.6,14.2,42.0,275.96,0.96,26751.0,6.01
09882,9882.HK,永联丰控股,0.55,2019-11-15,0.55,0.56,1.81818181818182,62.67,1.04,15457.0,30.0
09885,9885.HK,药师帮,20.0,2023-06-28,23.05,21.1,5.50000000000001,5.6,2.08,5155.0,30.01
09886,9886.HK,叮当健康,12.0,2022-09-14,12.34,12.0,0.0,7.2,1.7,6502.0,11.22
09887,9887.HK,维立志博-B,35.0,2025-07-25,72.4,67.1,91.7142857142857,3494.78,40.78,323706.0,0.27
09888,9888.HK,百度集团-SW,252.0,2021-03-23,254.0,252.0,0.0,112.01,10.0,399986.0,15.0
09889,9889.HK,东莞农商银行,7.92,2021-09-29,8.0,8.25,4.16666666666667,0.22,1.18,7126.0,100.0
09890,9890.HK,贪玩,14.0,2023-09-28,13.78,14.0,0.0,104.0,1.67,17818.0,50.0
09893,9893.HK,比优集团,0.4,2004-08-06,0.4,0.42,4.99999999999999,,1.22,,
09896,9896.HK,名创优品,13.8,2022-07-13,13.2,13.38,-3.04347826086956,1.4,4.84,2074.0,86.91
09898,9898.HK,微博-SW,272.8,2021-12-08,256.2,253.2,-7.18475073313784,2.67,5.5,11189.0,47.24
09899,9899.HK,网易云音乐,205.0,2021-12-02,205.0,199.9,-2.48780487804878,8.92,1.7,25916.0,20.0
09900,9900.HK,智云科技建设,0.8,2018-02-13,0.65,0.81,1.25,35.42,,8165.0,60.05
09901,9901.HK,新东方-S,1190.0,2020-11-09,1381.0,1365.0,14.7058823529412,1.55,6.4,11513.0,100.0
09903,9903.HK,天数智芯,144.6,2026-01-08,190.2,156.8,8.43706777316737,414.24,10.68,180802.0,7.0
09906,9906.HK,宏力医疗管理,2.1,2020-07-13,2.6,2.42,15.2380952380952,14.99,1.4,18821.0,10.0
09908,9908.HK,嘉兴燃气,10.0,2020-07-16,14.9,11.04,10.4,6.73,1.22,8949.0,18.01
09909,9909.HK,宝龙商业,9.5,2019-12-30,9.5,10.06,5.89473684210527,53.24,,43358.0,90.0
09911,9911.HK,赤子城科技,1.68,2019-12-31,3.02,3.25,93.452380952381,1441.83,9.18,115857.0,2.0
09913,9913.HK,智勤控股,0.52,2020-08-14,0.385,0.425,-18.2692307692308,19.15,1.08,11005.0,80.01
09916,9916.HK,兴业物联,1.99,2020-03-09,1.81,2.03,2.01005025125627,1414.06,8.11,111983.0,3.0
09918,9918.HK,丽年国际,0.25,2020-01-10,0.24,0.249,-0.4,35.19,0.14,22011.0,40.0
09919,9919.HK,艾德韦宣集团,2.02,2020-01-16,1.8,1.57,-22.2772277227723,113.75,2.08,58718.0,20.0
09922,9922.HK,九毛九,6.6,2020-01-15,9.5,10.32,56.3636363636364,637.82,18.5,190329.0,25.0
09923,9923.HK,移卡,16.64,2020-06-01,14.96,17.66,6.12980769230769,641.38,12.0,166532.0,10.0
09926,9926.HK,康方生物,16.18,2020-04-24,23.5,24.3,50.185414091471,639.2,,187091.0,12.0
09927,9927.HK,赛力斯,131.5,2025-11-05,128.9,131.5,0.0,132.68,8.61,202321.0,10.0
09928,9928.HK,时代邻里,5.15,2019-12-19,4.89,4.88,-5.24271844660195,10.61,5.55,15430.0,35.0
09929,9929.HK,澳达控股,0.25,2020-02-14,0.33,0.255,2.0,5.57,,5536.0,26.12
09930,9930.HK,宏信建发,4.52,2023-05-25,3.26,3.21,-28.9823008849557,0.12,1.47,1497.0,100.0
09933,9933.HK,GHW INTL,0.51,2020-01-21,0.44,0.35,-31.3725490196078,21.7,0.002,18277.0,40.0
09936,9936.HK,稀美资源,2.23,2020-03-12,2.0,2.03,-8.96860986547086,15.74,1.08,10924.0,35.01
09938,9938.HK,华和控股,0.5,2020-01-17,0.47,0.8,60.0,16.69,,10613.0,25.0
09939,9939.HK,开拓药业-B,20.15,2020-05-22,20.15,21.5,6.69975186104219,551.32,8.0,194271.0,10.0
09955,9955.HK,智云健康,30.5,2022-07-06,30.5,28.2,-7.54098360655738,7.89,2.15,8629.0,50.0
09958,9958.HK,力天影业,2.56,2020-06-22,2.4,1.59,-37.890625,11.65,2.68,9049.0,20.01
09959,9959.HK,联易融科技-W,17.58,2021-04-09,19.32,19.32,9.89761092150172,98.46,14.83,279784.0,20.0
09960,9960.HK,康圣环球,9.78,2021-07-16,9.78,9.04,-7.56646216768916,543.03,13.81,429175.0,5.0
09961,9961.HK,携程集团-S,268.0,2021-04-19,281.0,280.2,4.55223880597014,17.78,5.06,63162.0,35.0
09963,9963.HK,高科桥,1.68,2017-07-20,2.48,1.84,9.52380952380953,14.55,,1316.0,100.0
09966,9966.HK,康宁杰瑞制药-B,10.2,2019-12-12,13.0,13.5,32.3529411764706,192.1,,54760.0,40.0
09968,9968.HK,汇景控股,1.93,2020-01-16,1.94,1.95,1.03626943005181,0.32,1.17,3180.0,100.0
09969,9969.HK,诺诚健华,8.95,2020-03-23,9.4,9.81,9.60893854748605,298.75,,132798.0,25.0
09971,9971.HK,基本半导体,31.62,2026-07-08,34.12,33.22,5.06008855154964,4812.72,2.98,207706.0,0.17
09973,9973.HK,奇瑞汽车,30.75,2025-09-25,34.2,31.92,3.80487804878049,308.18,11.61,207928.0,0.67
09978,9978.HK,方圆生活服务,0.79,2017-11-15,0.95,0.84,6.32911392405062,23.33,,7694.0,60.01
09979,9979.HK,绿城管理控股,2.5,2020-07-10,2.65,3.25,30.0,11.2,5.0,22594.0,40.0
09980,9980.HK,东鹏饮料,248.0,2026-02-03,248.0,251.8,1.53225806451613,57.46,15.6,66692.0,15.0
09981,9981.HK,沃尔核材,20.09,2026-02-13,20.1,20.68,2.93678446988551,569.58,8.19,141463.0,0.33
09982,9982.HK,中原建业,3.0,2021-05-31,2.5,2.64,-12.0,4.99,1.72,21431.0,30.0
09983,9983.HK,建业新生活,6.85,2020-05-15,8.42,8.37,22.1897810218978,142.52,14.9,117061.0,25.0
09985,9985.HK,卫龙美味,10.56,2022-12-15,10.2,10.02,-5.11363636363637,15.3,2.6,31566.0,70.0
09986,9986.HK,大山教育,1.25,2020-07-15,1.18,1.12,-10.4,4.09,1.15,8343.0,50.0
09987,9987.HK,百胜中国,412.0,2020-09-10,410.0,390.2,-5.29126213592233,52.32,8.74,137724.0,25.0
09988,9988.HK,阿里巴巴-W,176.0,2019-11-26,187.0,187.6,6.59090909090909,42.44,,215598.0,80.0
09989,9989.HK,海普瑞,18.4,2020-07-08,18.46,17.66,-4.02173913043477,69.21,7.3,108281.0,40.0
09990,9990.HK,祖龙娱乐,11.6,2020-07-15,17.0,20.3,75.0,123.01,16.0,89375.0,20.0
09991,9991.HK,宝尊电商-W,82.9,2020-09-29,85.0,84.0,1.32689987937273,3.6,5.1,12277.0,70.0
09992,9992.HK,泡泡玛特,38.5,2020-12-11,77.1,69.0,79.2207792207792,356.74,44.0,479253.0,15.0
09993,9993.HK,金辉控股,4.3,2020-10-29,4.18,4.36,1.39534883720931,1.72,1.51,16553.0,100.0
09995,9995.HK,荣昌生物,52.1,2020-11-09,60.6,69.8,33.9731285988484,53.43,22.0,22261.0,90.0
09996,9996.HK,沛嘉医疗-B,15.36,2020-05-15,26.8,25.8,67.96875,1184.41,,286369.0,8.5
09998,9998.HK,光荣控股,0.65,2020-01-08,0.6,0.6,-7.6923076923077,48.73,1.03,29227.0,5.25
09999,9999.HK,网易,123.0,2020-06-11,133.0,130.0,5.69105691056911,360.53,,371075.0,8.0
