date,open,high,low,close,volume,source
2019-10-02,2784.75,2811.8,2778.57,2802.93,640758653,akshare.stock_hk_index_daily_sina(HSMBI)
2019-10-03,2786.13,2815.94,2771.73,2806.7,589755329,akshare.stock_hk_index_daily_sina(HSMBI)
2019-10-04,2812.0,2812.64,2762.49,2783.47,542308881,akshare.stock_hk_index_daily_sina(HSMBI)
2019-10-08,2779.18,2821.72,2771.93,2795.41,1059474801,akshare.stock_hk_index_daily_sina(HSMBI)
2019-10-09,2787.32,2814.62,2777.15,2795.81,991126380,akshare.stock_hk_index_daily_sina(HSMBI)
2019-10-10,2800.55,2818.02,2787.22,2804.8,803141478,akshare.stock_hk_index_daily_sina(HSMBI)
2019-10-11,2829.92,2870.07,2829.92,2862.99,1037832507,akshare.stock_hk_index_daily_sina(HSMBI)
2019-10-14,2869.27,2922.43,2869.27,2896.59,1402643287,akshare.stock_hk_index_daily_sina(HSMBI)
2019-10-15,2905.92,2907.79,2888.53,2902.99,1074799133,akshare.stock_hk_index_daily_sina(HSMBI)
2019-10-16,2903.01,2924.04,2895.42,2910.98,971988360,akshare.stock_hk_index_daily_sina(HSMBI)
2019-10-17,2916.17,2925.66,2902.15,2925.41,809239700,akshare.stock_hk_index_daily_sina(HSMBI)
2019-10-18,2922.99,2931.38,2887.76,2899.7,963995995,akshare.stock_hk_index_daily_sina(HSMBI)
2019-10-21,2894.6,2916.63,2885.6,2910.19,637756194,akshare.stock_hk_index_daily_sina(HSMBI)
2019-10-22,2925.53,2925.91,2909.76,2920.16,688131125,akshare.stock_hk_index_daily_sina(HSMBI)
2019-10-23,2916.44,2922.28,2902.41,2912.52,749288295,akshare.stock_hk_index_daily_sina(HSMBI)
2019-10-24,2911.96,2962.53,2911.96,2957.39,1117146206,akshare.stock_hk_index_daily_sina(HSMBI)
2019-10-25,2961.8,2961.8,2925.21,2934.37,659449747,akshare.stock_hk_index_daily_sina(HSMBI)
2019-10-28,2958.25,2970.35,2947.16,2965.21,852293701,akshare.stock_hk_index_daily_sina(HSMBI)
2019-10-29,2979.96,2980.47,2946.97,2953.2,775183425,akshare.stock_hk_index_daily_sina(HSMBI)
2019-10-30,2954.32,2956.41,2921.38,2932.34,877907252,akshare.stock_hk_index_daily_sina(HSMBI)
2019-10-31,2932.6,2957.7,2929.95,2942.57,1071942827,akshare.stock_hk_index_daily_sina(HSMBI)
2019-11-01,2934.73,2981.38,2928.92,2980.49,755028261,akshare.stock_hk_index_daily_sina(HSMBI)
2019-11-04,2997.34,3030.48,2996.73,3029.26,1003738757,akshare.stock_hk_index_daily_sina(HSMBI)
2019-11-05,3020.46,3044.51,3012.99,3038.19,984596279,akshare.stock_hk_index_daily_sina(HSMBI)
2019-11-06,3023.38,3054.52,3017.3,3037.0,800900694,akshare.stock_hk_index_daily_sina(HSMBI)
2019-11-07,3040.11,3069.85,3030.87,3067.62,888762025,akshare.stock_hk_index_daily_sina(HSMBI)
2019-11-08,3072.33,3075.09,3045.38,3058.18,919008955,akshare.stock_hk_index_daily_sina(HSMBI)
2019-11-11,3034.75,3034.75,2956.84,2974.34,1209721327,akshare.stock_hk_index_daily_sina(HSMBI)
2019-11-12,2991.06,2994.66,2962.92,2988.51,656888329,akshare.stock_hk_index_daily_sina(HSMBI)
2019-11-13,2958.13,2960.2,2926.21,2939.6,1118373569,akshare.stock_hk_index_daily_sina(HSMBI)
2019-11-14,2927.34,2949.22,2908.73,2923.17,944928441,akshare.stock_hk_index_daily_sina(HSMBI)
2019-11-15,2946.44,2950.6,2927.43,2929.22,772426723,akshare.stock_hk_index_daily_sina(HSMBI)
2019-11-18,2943.02,2967.96,2930.98,2962.91,849811359,akshare.stock_hk_index_daily_sina(HSMBI)
2019-11-19,2945.13,3000.03,2942.84,2996.02,875496347,akshare.stock_hk_index_daily_sina(HSMBI)
2019-11-20,2967.78,2981.68,2958.11,2975.61,804849159,akshare.stock_hk_index_daily_sina(HSMBI)
2019-11-21,2940.81,2942.21,2920.26,2926.0,1071378553,akshare.stock_hk_index_daily_sina(HSMBI)
2019-11-22,2942.32,2951.58,2932.1,2943.24,586652748,akshare.stock_hk_index_daily_sina(HSMBI)
2019-11-25,2953.75,2986.4,2952.68,2967.38,858895532,akshare.stock_hk_index_daily_sina(HSMBI)
2019-11-26,2982.09,2991.56,2967.3,2967.3,1567270847,akshare.stock_hk_index_daily_sina(HSMBI)
2019-11-27,2970.81,2979.69,2956.26,2975.2,566276610,akshare.stock_hk_index_daily_sina(HSMBI)
2019-11-28,2950.22,2974.51,2950.22,2960.79,500419691,akshare.stock_hk_index_daily_sina(HSMBI)
2019-11-29,2941.7,2941.7,2884.96,2887.52,1201830942,akshare.stock_hk_index_daily_sina(HSMBI)
2019-12-02,2894.27,2901.18,2884.65,2890.27,906367391,akshare.stock_hk_index_daily_sina(HSMBI)
2019-12-03,2885.45,2895.1,2861.23,2887.24,1265547861,akshare.stock_hk_index_daily_sina(HSMBI)
2019-12-04,2870.35,2881.71,2857.96,2867.89,995080159,akshare.stock_hk_index_daily_sina(HSMBI)
2019-12-05,2887.52,2894.08,2876.93,2886.91,799007284,akshare.stock_hk_index_daily_sina(HSMBI)
2019-12-06,2899.6,2920.0,2892.73,2913.22,802591081,akshare.stock_hk_index_daily_sina(HSMBI)
2019-12-09,2912.39,2923.43,2899.93,2914.4,680743524,akshare.stock_hk_index_daily_sina(HSMBI)
2019-12-10,2907.72,2919.89,2897.06,2911.08,542835248,akshare.stock_hk_index_daily_sina(HSMBI)
2019-12-11,2906.03,2947.09,2902.76,2939.64,834122487,akshare.stock_hk_index_daily_sina(HSMBI)
2019-12-12,2954.58,2974.13,2954.58,2961.15,879930196,akshare.stock_hk_index_daily_sina(HSMBI)
2019-12-13,3004.88,3030.75,2994.74,3029.53,1413737070,akshare.stock_hk_index_daily_sina(HSMBI)
2019-12-16,3009.36,3028.14,2999.06,2999.06,927985277,akshare.stock_hk_index_daily_sina(HSMBI)
2019-12-17,2998.94,3066.15,2998.94,3066.15,1327295077,akshare.stock_hk_index_daily_sina(HSMBI)
2019-12-18,3063.55,3093.26,3062.32,3091.77,1388797127,akshare.stock_hk_index_daily_sina(HSMBI)
2019-12-19,3086.54,3093.99,3069.93,3086.55,883454432,akshare.stock_hk_index_daily_sina(HSMBI)
2019-12-20,3083.55,3096.48,3075.91,3093.32,998904140,akshare.stock_hk_index_daily_sina(HSMBI)
2019-12-23,3092.52,3097.53,3083.86,3095.22,765146407,akshare.stock_hk_index_daily_sina(HSMBI)
2019-12-24,3087.21,3096.3,3077.63,3089.88,317899092,akshare.stock_hk_index_daily_sina(HSMBI)
2019-12-27,3104.13,3131.83,3100.11,3122.57,910964936,akshare.stock_hk_index_daily_sina(HSMBI)
2019-12-30,3125.54,3131.07,3107.73,3119.31,857123722,akshare.stock_hk_index_daily_sina(HSMBI)
2019-12-31,3112.93,3119.89,3096.37,3102.7,586531822,akshare.stock_hk_index_daily_sina(HSMBI)
2020-01-02,3114.39,3154.37,3113.61,3146.1,794945284,akshare.stock_hk_index_daily_sina(HSMBI)
2020-01-03,3169.22,3172.28,3123.14,3127.83,902018043,akshare.stock_hk_index_daily_sina(HSMBI)
2020-01-06,3108.92,3118.54,3071.44,3087.59,911641012,akshare.stock_hk_index_daily_sina(HSMBI)
2020-01-07,3087.71,3115.99,3076.54,3080.04,695413328,akshare.stock_hk_index_daily_sina(HSMBI)
2020-01-08,3036.03,3053.16,3023.94,3034.09,1104436765,akshare.stock_hk_index_daily_sina(HSMBI)
2020-01-09,3058.11,3086.35,3055.73,3079.66,917469481,akshare.stock_hk_index_daily_sina(HSMBI)
2020-01-10,3090.71,3095.99,3070.09,3085.38,825548535,akshare.stock_hk_index_daily_sina(HSMBI)
2020-01-13,3099.53,3129.52,3095.45,3115.41,1027334403,akshare.stock_hk_index_daily_sina(HSMBI)
2020-01-14,3136.21,3136.21,3090.04,3097.92,887769046,akshare.stock_hk_index_daily_sina(HSMBI)
2020-01-15,3103.94,3113.81,3073.85,3086.05,673865429,akshare.stock_hk_index_daily_sina(HSMBI)
2020-01-16,3093.85,3093.85,3059.95,3074.86,964626803,akshare.stock_hk_index_daily_sina(HSMBI)
2020-01-17,3076.98,3099.66,3067.04,3094.84,987746250,akshare.stock_hk_index_daily_sina(HSMBI)
2020-01-20,3087.34,3101.86,3057.51,3057.51,804288457,akshare.stock_hk_index_daily_sina(HSMBI)
2020-01-21,3028.89,3036.18,2977.08,2977.08,1368034102,akshare.stock_hk_index_daily_sina(HSMBI)
2020-01-22,2991.03,3030.76,2979.67,3018.38,647706248,akshare.stock_hk_index_daily_sina(HSMBI)
2020-01-23,2990.48,2997.17,2961.81,2973.66,818073562,akshare.stock_hk_index_daily_sina(HSMBI)
2020-01-24,2965.65,2980.33,2955.39,2974.16,265537978,akshare.stock_hk_index_daily_sina(HSMBI)
2020-01-29,2880.49,2898.49,2857.95,2870.88,1258467201,akshare.stock_hk_index_daily_sina(HSMBI)
2020-01-30,2853.35,2867.54,2796.15,2807.42,1202021080,akshare.stock_hk_index_daily_sina(HSMBI)
2020-01-31,2821.58,2834.19,2785.55,2789.74,1294597015,akshare.stock_hk_index_daily_sina(HSMBI)
2020-02-03,2772.26,2822.5,2772.26,2797.02,1495116248,akshare.stock_hk_index_daily_sina(HSMBI)
2020-02-04,2789.0,2833.32,2789.0,2820.53,1577288476,akshare.stock_hk_index_daily_sina(HSMBI)
2020-02-05,2817.74,2850.29,2792.08,2842.92,1585556847,akshare.stock_hk_index_daily_sina(HSMBI)
2020-02-06,2872.88,2920.02,2864.96,2904.04,1306819665,akshare.stock_hk_index_daily_sina(HSMBI)
2020-02-07,2883.16,2901.65,2867.55,2893.5,871292676,akshare.stock_hk_index_daily_sina(HSMBI)
2020-02-10,2859.98,2877.71,2846.57,2869.08,1118074066,akshare.stock_hk_index_daily_sina(HSMBI)
2020-02-11,2893.66,2929.3,2886.94,2915.07,1338256541,akshare.stock_hk_index_daily_sina(HSMBI)
2020-02-12,2923.31,2945.39,2905.18,2931.95,1225270472,akshare.stock_hk_index_daily_sina(HSMBI)
2020-02-13,2929.24,2934.21,2912.02,2913.92,1156853981,akshare.stock_hk_index_daily_sina(HSMBI)
2020-02-14,2906.89,2946.44,2906.89,2933.17,1036487979,akshare.stock_hk_index_daily_sina(HSMBI)
2020-02-17,2924.39,2962.89,2924.39,2952.3,986914770,akshare.stock_hk_index_daily_sina(HSMBI)
2020-02-18,2926.34,2940.53,2918.08,2918.77,1072445554,akshare.stock_hk_index_daily_sina(HSMBI)
2020-02-19,2915.22,2957.77,2915.22,2943.67,1009491582,akshare.stock_hk_index_daily_sina(HSMBI)
2020-02-20,2934.25,2946.24,2914.64,2939.34,1042418860,akshare.stock_hk_index_daily_sina(HSMBI)
2020-02-21,2923.5,2933.77,2907.02,2915.8,1020898171,akshare.stock_hk_index_daily_sina(HSMBI)
2020-02-24,2898.06,2898.06,2860.25,2862.6,1150888052,akshare.stock_hk_index_daily_sina(HSMBI)
2020-02-25,2851.92,2861.81,2840.71,2855.97,1137013626,akshare.stock_hk_index_daily_sina(HSMBI)
2020-02-26,2806.85,2850.63,2806.85,2843.06,1222380187,akshare.stock_hk_index_daily_sina(HSMBI)
2020-02-27,2833.17,2904.35,2826.96,2890.28,1364046731,akshare.stock_hk_index_daily_sina(HSMBI)
2020-02-28,2840.51,2846.07,2814.56,2823.91,1821818856,akshare.stock_hk_index_daily_sina(HSMBI)
2020-03-02,2830.95,2872.1,2830.42,2868.15,1336499211,akshare.stock_hk_index_daily_sina(HSMBI)
2020-03-03,2875.18,2894.77,2868.66,2877.11,1403062651,akshare.stock_hk_index_daily_sina(HSMBI)
2020-03-04,2881.9,2897.94,2863.21,2879.99,1164912730,akshare.stock_hk_index_daily_sina(HSMBI)
2020-03-05,2874.97,2939.83,2870.32,2930.13,1447611440,akshare.stock_hk_index_daily_sina(HSMBI)
2020-03-06,2887.68,2892.46,2857.42,2861.08,1490067415,akshare.stock_hk_index_daily_sina(HSMBI)
2020-03-09,2787.38,2796.73,2756.86,2771.13,2405317534,akshare.stock_hk_index_daily_sina(HSMBI)
2020-03-10,2805.85,2859.79,2786.21,2842.42,1795953524,akshare.stock_hk_index_daily_sina(HSMBI)
2020-03-11,2836.3,2857.42,2824.31,2843.35,1512273100,akshare.stock_hk_index_daily_sina(HSMBI)
2020-03-12,2786.74,2794.04,2749.38,2779.85,2115151736,akshare.stock_hk_index_daily_sina(HSMBI)
2020-03-13,2611.16,2788.63,2610.76,2773.66,3257355292,akshare.stock_hk_index_daily_sina(HSMBI)
2020-03-16,2701.93,2738.61,2635.63,2672.35,2465604282,akshare.stock_hk_index_daily_sina(HSMBI)
2020-03-17,2660.43,2703.45,2617.69,2690.99,2181909161,akshare.stock_hk_index_daily_sina(HSMBI)
2020-03-18,2660.52,2716.41,2595.34,2612.31,2606802308,akshare.stock_hk_index_daily_sina(HSMBI)
2020-03-19,2577.25,2596.43,2491.47,2541.53,3326992390,akshare.stock_hk_index_daily_sina(HSMBI)
2020-03-20,2584.48,2690.96,2580.47,2690.96,2827547655,akshare.stock_hk_index_daily_sina(HSMBI)
2020-03-23,2596.3,2610.56,2565.66,2582.17,2177120828,akshare.stock_hk_index_daily_sina(HSMBI)
2020-03-24,2677.95,2707.03,2650.82,2691.31,2117631191,akshare.stock_hk_index_daily_sina(HSMBI)
2020-03-25,2726.86,2762.65,2706.16,2751.85,1936397224,akshare.stock_hk_index_daily_sina(HSMBI)
2020-03-26,2711.12,2748.39,2697.7,2718.35,1364319765,akshare.stock_hk_index_daily_sina(HSMBI)
2020-03-27,2755.02,2767.85,2715.55,2730.58,1065760753,akshare.stock_hk_index_daily_sina(HSMBI)
2020-03-30,2676.79,2762.34,2676.79,2718.78,1413177663,akshare.stock_hk_index_daily_sina(HSMBI)
2020-03-31,2755.5,2772.56,2721.42,2772.56,1262580965,akshare.stock_hk_index_daily_sina(HSMBI)
2020-04-01,2729.08,2782.41,2710.07,2715.97,1551494710,akshare.stock_hk_index_daily_sina(HSMBI)
2020-04-02,2684.18,2717.92,2684.18,2715.35,804431563,akshare.stock_hk_index_daily_sina(HSMBI)
2020-04-03,2687.12,2708.7,2687.11,2702.38,722033474,akshare.stock_hk_index_daily_sina(HSMBI)
2020-04-06,2741.57,2746.27,2689.68,2733.66,862820330,akshare.stock_hk_index_daily_sina(HSMBI)
2020-04-07,2761.55,2785.29,2734.9,2776.27,1228785348,akshare.stock_hk_index_daily_sina(HSMBI)
2020-04-08,2759.81,2773.79,2733.04,2735.9,1018683896,akshare.stock_hk_index_daily_sina(HSMBI)
2020-04-09,2753.78,2766.84,2738.48,2759.46,783642924,akshare.stock_hk_index_daily_sina(HSMBI)
2020-04-14,2757.62,2783.63,2753.08,2769.53,1031288156,akshare.stock_hk_index_daily_sina(HSMBI)
2020-04-15,2759.86,2778.76,2736.08,2741.74,862237455,akshare.stock_hk_index_daily_sina(HSMBI)
2020-04-16,2711.39,2728.07,2706.17,2708.02,1051878821,akshare.stock_hk_index_daily_sina(HSMBI)
2020-04-17,2741.52,2775.35,2740.44,2745.23,988254099,akshare.stock_hk_index_daily_sina(HSMBI)
2020-04-20,2742.58,2756.15,2726.16,2729.5,682131309,akshare.stock_hk_index_daily_sina(HSMBI)
2020-04-21,2711.28,2723.61,2687.65,2694.44,854456463,akshare.stock_hk_index_daily_sina(HSMBI)
2020-04-22,2673.66,2706.15,2673.66,2695.33,923683711,akshare.stock_hk_index_daily_sina(HSMBI)
2020-04-23,2698.65,2699.76,2672.78,2683.78,1193611215,akshare.stock_hk_index_daily_sina(HSMBI)
2020-04-24,2676.86,2695.08,2673.11,2676.19,717856037,akshare.stock_hk_index_daily_sina(HSMBI)
2020-04-27,2698.3,2764.3,2696.63,2753.31,1044919361,akshare.stock_hk_index_daily_sina(HSMBI)
2020-04-28,2756.75,2800.5,2747.21,2789.53,994160647,akshare.stock_hk_index_daily_sina(HSMBI)
2020-04-29,2814.64,2835.36,2805.53,2819.9,896122683,akshare.stock_hk_index_daily_sina(HSMBI)
2020-05-04,2733.9,2734.23,2683.68,2685.7,1252975210,akshare.stock_hk_index_daily_sina(HSMBI)
2020-05-05,2708.79,2725.78,2690.24,2713.15,735698428,akshare.stock_hk_index_daily_sina(HSMBI)
2020-05-06,2715.02,2750.18,2714.77,2740.69,1034506208,akshare.stock_hk_index_daily_sina(HSMBI)
2020-05-07,2729.43,2742.01,2710.96,2729.0,755489354,akshare.stock_hk_index_daily_sina(HSMBI)
2020-05-08,2743.5,2767.92,2742.44,2760.59,600159596,akshare.stock_hk_index_daily_sina(HSMBI)
2020-05-11,2776.59,2805.7,2776.59,2783.63,722597167,akshare.stock_hk_index_daily_sina(HSMBI)
2020-05-12,2757.62,2769.45,2743.2,2746.49,772596901,akshare.stock_hk_index_daily_sina(HSMBI)
2020-05-13,2732.66,2759.24,2725.18,2746.37,678780365,akshare.stock_hk_index_daily_sina(HSMBI)
2020-05-14,2724.56,2730.36,2705.09,2709.31,880304772,akshare.stock_hk_index_daily_sina(HSMBI)
2020-05-15,2719.45,2729.3,2691.55,2713.34,721125495,akshare.stock_hk_index_daily_sina(HSMBI)
2020-05-18,2710.62,2732.15,2701.52,2726.75,653887311,akshare.stock_hk_index_daily_sina(HSMBI)
2020-05-19,2778.75,2783.07,2759.81,2766.24,1021481512,akshare.stock_hk_index_daily_sina(HSMBI)
2020-05-20,2773.17,2778.61,2759.48,2764.24,654190402,akshare.stock_hk_index_daily_sina(HSMBI)
2020-05-21,2777.73,2780.09,2748.36,2766.53,802169735,akshare.stock_hk_index_daily_sina(HSMBI)
2020-05-22,2716.35,2718.52,2655.84,2663.55,1837237483,akshare.stock_hk_index_daily_sina(HSMBI)
2020-05-25,2678.61,2684.96,2644.48,2680.45,875245239,akshare.stock_hk_index_daily_sina(HSMBI)
2020-05-26,2700.4,2723.58,2694.09,2694.09,680978464,akshare.stock_hk_index_daily_sina(HSMBI)
2020-05-27,2716.25,2722.33,2676.38,2691.81,1036048696,akshare.stock_hk_index_daily_sina(HSMBI)
2020-05-28,2695.65,2744.92,2692.92,2723.23,1247591964,akshare.stock_hk_index_daily_sina(HSMBI)
2020-05-29,2683.19,2721.5,2683.19,2710.68,2238927008,akshare.stock_hk_index_daily_sina(HSMBI)
2020-06-01,2780.09,2782.89,2757.42,2772.21,1371468599,akshare.stock_hk_index_daily_sina(HSMBI)
2020-06-02,2751.39,2772.94,2745.49,2772.94,855753263,akshare.stock_hk_index_daily_sina(HSMBI)
2020-06-03,2814.67,2818.04,2780.17,2787.8,1154761009,akshare.stock_hk_index_daily_sina(HSMBI)
2020-06-04,2821.73,2821.73,2771.78,2794.68,882046964,akshare.stock_hk_index_daily_sina(HSMBI)
2020-06-05,2793.79,2836.68,2781.93,2831.66,1116476284,akshare.stock_hk_index_daily_sina(HSMBI)
2020-06-08,2858.99,2858.99,2789.15,2800.0,1057347905,akshare.stock_hk_index_daily_sina(HSMBI)
2020-06-09,2798.38,2819.15,2788.36,2810.07,919787590,akshare.stock_hk_index_daily_sina(HSMBI)
2020-06-10,2823.65,2831.39,2804.99,2818.69,998148037,akshare.stock_hk_index_daily_sina(HSMBI)
2020-06-11,2805.23,2810.98,2757.65,2758.59,856774523,akshare.stock_hk_index_daily_sina(HSMBI)
2020-06-12,2719.91,2738.83,2719.31,2727.12,897421489,akshare.stock_hk_index_daily_sina(HSMBI)
2020-06-15,2707.6,2727.0,2688.21,2700.07,1195736467,akshare.stock_hk_index_daily_sina(HSMBI)
2020-06-16,2740.29,2755.47,2727.29,2729.39,783408692,akshare.stock_hk_index_daily_sina(HSMBI)
2020-06-17,2723.26,2738.22,2710.16,2731.75,677916102,akshare.stock_hk_index_daily_sina(HSMBI)
2020-06-18,2714.36,2727.45,2689.49,2715.81,1088283461,akshare.stock_hk_index_daily_sina(HSMBI)
2020-06-19,2707.95,2754.13,2707.95,2740.82,1333807778,akshare.stock_hk_index_daily_sina(HSMBI)
2020-06-22,2710.67,2719.44,2692.22,2697.36,885274223,akshare.stock_hk_index_daily_sina(HSMBI)
2020-06-23,2689.37,2712.07,2662.23,2712.07,822577065,akshare.stock_hk_index_daily_sina(HSMBI)
2020-06-24,2718.24,2718.62,2694.37,2697.8,804268639,akshare.stock_hk_index_daily_sina(HSMBI)
2020-06-26,2685.81,2708.23,2678.69,2692.14,845105592,akshare.stock_hk_index_daily_sina(HSMBI)
2020-06-29,2704.9,2707.21,2677.76,2692.34,1030193259,akshare.stock_hk_index_daily_sina(HSMBI)
2020-06-30,2711.49,2711.49,2669.51,2672.42,1339114136,akshare.stock_hk_index_daily_sina(HSMBI)
2020-07-02,2631.03,2679.6,2631.03,2674.51,1801935383,akshare.stock_hk_index_daily_sina(HSMBI)
2020-07-03,2690.53,2731.96,2690.53,2725.27,1305528356,akshare.stock_hk_index_daily_sina(HSMBI)
2020-07-06,2728.08,2922.69,2727.21,2911.77,3093432369,akshare.stock_hk_index_daily_sina(HSMBI)
2020-07-07,2896.63,2944.43,2820.79,2835.08,2267701607,akshare.stock_hk_index_daily_sina(HSMBI)
2020-07-08,2862.68,2875.85,2809.49,2831.23,1480366559,akshare.stock_hk_index_daily_sina(HSMBI)
2020-07-09,2846.49,2846.49,2785.74,2797.19,1202691323,akshare.stock_hk_index_daily_sina(HSMBI)
2020-07-10,2774.94,2782.33,2719.97,2735.88,1092938211,akshare.stock_hk_index_daily_sina(HSMBI)
2020-07-13,2751.28,2756.43,2716.58,2720.33,1026016731,akshare.stock_hk_index_daily_sina(HSMBI)
2020-07-14,2714.9,2716.12,2676.78,2695.0,1135605820,akshare.stock_hk_index_daily_sina(HSMBI)
2020-07-15,2716.65,2716.65,2645.52,2660.38,1005492510,akshare.stock_hk_index_daily_sina(HSMBI)
2020-07-16,2682.06,2682.06,2642.82,2651.71,923895756,akshare.stock_hk_index_daily_sina(HSMBI)
2020-07-17,2661.64,2673.35,2645.19,2651.59,614860932,akshare.stock_hk_index_daily_sina(HSMBI)
2020-07-20,2643.96,2689.81,2628.68,2665.44,812183378,akshare.stock_hk_index_daily_sina(HSMBI)
2020-07-21,2675.76,2675.76,2637.0,2639.08,996251565,akshare.stock_hk_index_daily_sina(HSMBI)
2020-07-22,2647.0,2665.19,2612.66,2612.66,1006074196,akshare.stock_hk_index_daily_sina(HSMBI)
2020-07-23,2622.34,2626.87,2588.84,2595.96,943715792,akshare.stock_hk_index_daily_sina(HSMBI)
2020-07-24,2590.32,2590.32,2544.26,2556.39,1360481448,akshare.stock_hk_index_daily_sina(HSMBI)
2020-07-27,2578.36,2581.59,2555.63,2561.74,725591219,akshare.stock_hk_index_daily_sina(HSMBI)
2020-07-28,2587.42,2592.33,2550.82,2560.12,689337921,akshare.stock_hk_index_daily_sina(HSMBI)
2020-07-29,2565.98,2585.59,2555.35,2574.46,433639854,akshare.stock_hk_index_daily_sina(HSMBI)
2020-07-30,2572.9,2579.26,2530.57,2534.65,830155847,akshare.stock_hk_index_daily_sina(HSMBI)
2020-07-31,2540.69,2560.37,2510.37,2510.37,978808548,akshare.stock_hk_index_daily_sina(HSMBI)
2020-08-03,2509.93,2527.2,2488.66,2500.06,1111316516,akshare.stock_hk_index_daily_sina(HSMBI)
2020-08-04,2511.92,2577.82,2505.67,2559.28,995089681,akshare.stock_hk_index_daily_sina(HSMBI)
2020-08-05,2560.83,2563.09,2534.66,2543.11,695476079,akshare.stock_hk_index_daily_sina(HSMBI)
2020-08-06,2546.56,2558.0,2510.12,2532.09,795260912,akshare.stock_hk_index_daily_sina(HSMBI)
2020-08-07,2523.99,2525.58,2491.81,2506.61,979183068,akshare.stock_hk_index_daily_sina(HSMBI)
2020-08-10,2509.26,2527.05,2493.76,2514.74,625084266,akshare.stock_hk_index_daily_sina(HSMBI)
2020-08-11,2532.01,2583.3,2532.01,2557.58,823549625,akshare.stock_hk_index_daily_sina(HSMBI)
2020-08-12,2543.9,2578.2,2534.24,2571.01,783437947,akshare.stock_hk_index_daily_sina(HSMBI)
2020-08-13,2577.31,2585.13,2553.75,2560.82,603277140,akshare.stock_hk_index_daily_sina(HSMBI)
2020-08-14,2548.04,2595.95,2548.04,2575.25,716402152,akshare.stock_hk_index_daily_sina(HSMBI)
2020-08-17,2573.38,2644.21,2573.38,2623.71,961038528,akshare.stock_hk_index_daily_sina(HSMBI)
2020-08-18,2627.88,2636.46,2606.3,2624.06,614434856,akshare.stock_hk_index_daily_sina(HSMBI)
2020-08-20,2594.89,2594.89,2543.37,2559.78,1115152546,akshare.stock_hk_index_daily_sina(HSMBI)
2020-08-21,2567.95,2568.4,2548.14,2555.5,562755341,akshare.stock_hk_index_daily_sina(HSMBI)
2020-08-24,2562.04,2567.33,2543.34,2549.35,689533112,akshare.stock_hk_index_daily_sina(HSMBI)
2020-08-25,2549.5,2561.51,2536.02,2541.84,616812156,akshare.stock_hk_index_daily_sina(HSMBI)
2020-08-26,2537.55,2546.4,2516.91,2523.22,579366109,akshare.stock_hk_index_daily_sina(HSMBI)
2020-08-27,2519.75,2523.48,2488.47,2494.99,749483085,akshare.stock_hk_index_daily_sina(HSMBI)
2020-08-28,2498.23,2531.44,2489.46,2492.91,1111944162,akshare.stock_hk_index_daily_sina(HSMBI)
2020-08-31,2514.41,2529.99,2413.61,2413.61,1947085651,akshare.stock_hk_index_daily_sina(HSMBI)
2020-09-01,2407.52,2417.77,2395.3,2398.93,976588275,akshare.stock_hk_index_daily_sina(HSMBI)
2020-09-02,2384.81,2394.12,2359.09,2371.06,1454944119,akshare.stock_hk_index_daily_sina(HSMBI)
2020-09-03,2362.59,2399.24,2355.26,2373.25,1141677410,akshare.stock_hk_index_daily_sina(HSMBI)
2020-09-04,2370.18,2381.65,2353.32,2374.97,1715202708,akshare.stock_hk_index_daily_sina(HSMBI)
2020-09-07,2372.2,2401.68,2360.11,2364.73,840697973,akshare.stock_hk_index_daily_sina(HSMBI)
2020-09-08,2385.64,2446.9,2374.6,2442.64,1177505351,akshare.stock_hk_index_daily_sina(HSMBI)
2020-09-09,2413.6,2433.46,2410.37,2423.99,863838252,akshare.stock_hk_index_daily_sina(HSMBI)
2020-09-10,2427.03,2428.18,2389.85,2396.23,677894054,akshare.stock_hk_index_daily_sina(HSMBI)
2020-09-11,2394.16,2397.27,2381.1,2383.55,622781417,akshare.stock_hk_index_daily_sina(HSMBI)
2020-09-14,2385.92,2392.51,2375.62,2380.27,522488970,akshare.stock_hk_index_daily_sina(HSMBI)
2020-09-15,2371.94,2398.28,2367.59,2384.37,623953393,akshare.stock_hk_index_daily_sina(HSMBI)
2020-09-16,2391.77,2399.5,2374.55,2375.48,744247303,akshare.stock_hk_index_daily_sina(HSMBI)
2020-09-17,2380.35,2387.86,2353.31,2362.39,733456324,akshare.stock_hk_index_daily_sina(HSMBI)
2020-09-18,2378.12,2396.55,2370.57,2378.81,1348682675,akshare.stock_hk_index_daily_sina(HSMBI)
2020-09-21,2391.77,2395.67,2341.73,2343.64,775685331,akshare.stock_hk_index_daily_sina(HSMBI)
2020-09-22,2336.76,2342.37,2322.36,2326.94,722795025,akshare.stock_hk_index_daily_sina(HSMBI)
2020-09-23,2320.39,2329.7,2293.7,2295.02,991552072,akshare.stock_hk_index_daily_sina(HSMBI)
2020-09-24,2283.83,2287.03,2252.45,2252.72,1226105633,akshare.stock_hk_index_daily_sina(HSMBI)
2020-09-25,2261.43,2279.95,2244.28,2247.5,1349994652,akshare.stock_hk_index_daily_sina(HSMBI)
2020-09-28,2256.07,2292.54,2256.07,2286.35,857288180,akshare.stock_hk_index_daily_sina(HSMBI)
2020-09-29,2281.71,2292.4,2220.97,2224.55,923002187,akshare.stock_hk_index_daily_sina(HSMBI)
2020-09-30,2255.7,2280.01,2237.05,2244.23,834729861,akshare.stock_hk_index_daily_sina(HSMBI)
2020-10-05,2263.4,2268.24,2235.47,2235.47,618880077,akshare.stock_hk_index_daily_sina(HSMBI)
2020-10-06,2254.09,2254.09,2234.47,2240.12,680507937,akshare.stock_hk_index_daily_sina(HSMBI)
2020-10-07,2231.64,2249.72,2220.77,2242.46,1013777887,akshare.stock_hk_index_daily_sina(HSMBI)
2020-10-08,2235.73,2254.13,2224.7,2252.65,627826926,akshare.stock_hk_index_daily_sina(HSMBI)
2020-10-09,2260.05,2265.41,2235.93,2243.82,829217994,akshare.stock_hk_index_daily_sina(HSMBI)
2020-10-12,2250.07,2365.85,2248.92,2350.05,1683064839,akshare.stock_hk_index_daily_sina(HSMBI)
2020-10-14,2356.58,2366.68,2319.29,2354.36,1552283099,akshare.stock_hk_index_daily_sina(HSMBI)
2020-10-15,2341.49,2393.81,2337.5,2360.23,1406793682,akshare.stock_hk_index_daily_sina(HSMBI)
2020-10-16,2357.57,2475.41,2357.57,2467.64,2203410312,akshare.stock_hk_index_daily_sina(HSMBI)
2020-10-19,2502.3,2558.22,2500.54,2513.37,3222258562,akshare.stock_hk_index_daily_sina(HSMBI)
2020-10-20,2508.54,2510.99,2469.86,2484.59,1315335909,akshare.stock_hk_index_daily_sina(HSMBI)
2020-10-21,2489.3,2529.99,2469.28,2519.03,1304947358,akshare.stock_hk_index_daily_sina(HSMBI)
2020-10-22,2511.21,2583.85,2509.26,2574.78,1749187600,akshare.stock_hk_index_daily_sina(HSMBI)
2020-10-23,2572.33,2620.71,2563.88,2598.13,1347337865,akshare.stock_hk_index_daily_sina(HSMBI)
2020-10-27,2573.24,2580.91,2509.76,2518.06,1559667686,akshare.stock_hk_index_daily_sina(HSMBI)
2020-10-28,2524.31,2524.31,2466.88,2479.05,1143407730,akshare.stock_hk_index_daily_sina(HSMBI)
2020-10-29,2436.29,2472.63,2436.29,2463.53,1046209433,akshare.stock_hk_index_daily_sina(HSMBI)
2020-10-30,2455.15,2469.32,2395.98,2407.26,1453794970,akshare.stock_hk_index_daily_sina(HSMBI)
2020-11-02,2415.26,2529.89,2415.07,2511.46,1408568456,akshare.stock_hk_index_daily_sina(HSMBI)
2020-11-03,2539.06,2575.34,2527.06,2527.06,1137072927,akshare.stock_hk_index_daily_sina(HSMBI)
2020-11-04,2554.73,2578.94,2528.13,2544.43,1055383603,akshare.stock_hk_index_daily_sina(HSMBI)
2020-11-05,2605.58,2608.68,2557.89,2594.16,1253907051,akshare.stock_hk_index_daily_sina(HSMBI)
2020-11-06,2600.25,2611.19,2569.39,2608.01,1129333980,akshare.stock_hk_index_daily_sina(HSMBI)
2020-11-09,2639.96,2654.91,2628.82,2644.44,1179470791,akshare.stock_hk_index_daily_sina(HSMBI)
2020-11-10,2692.76,2693.38,2650.11,2685.44,1494432985,akshare.stock_hk_index_daily_sina(HSMBI)
2020-11-11,2709.52,2762.78,2683.1,2762.78,1977933237,akshare.stock_hk_index_daily_sina(HSMBI)
2020-11-12,2758.95,2762.64,2694.56,2718.96,1385398214,akshare.stock_hk_index_daily_sina(HSMBI)
2020-11-13,2707.56,2707.56,2640.04,2652.11,1276660204,akshare.stock_hk_index_daily_sina(HSMBI)
2020-11-16,2665.74,2682.53,2637.0,2653.84,990978150,akshare.stock_hk_index_daily_sina(HSMBI)
2020-11-17,2662.44,2694.71,2658.97,2692.63,931401332,akshare.stock_hk_index_daily_sina(HSMBI)
2020-11-18,2681.57,2728.07,2663.55,2720.38,1208411030,akshare.stock_hk_index_daily_sina(HSMBI)
2020-11-19,2707.46,2707.53,2674.74,2680.67,1282620377,akshare.stock_hk_index_daily_sina(HSMBI)
2020-11-20,2674.97,2678.69,2641.7,2643.84,1057947061,akshare.stock_hk_index_daily_sina(HSMBI)
2020-11-23,2645.63,2678.81,2636.51,2678.81,939356743,akshare.stock_hk_index_daily_sina(HSMBI)
2020-11-24,2666.62,2672.07,2637.79,2637.79,674253302,akshare.stock_hk_index_daily_sina(HSMBI)
2020-11-25,2662.07,2703.03,2656.05,2661.77,1152382736,akshare.stock_hk_index_daily_sina(HSMBI)
2020-11-26,2656.99,2705.81,2656.99,2694.21,728927510,akshare.stock_hk_index_daily_sina(HSMBI)
2020-11-27,2687.13,2779.33,2687.13,2776.23,1910283085,akshare.stock_hk_index_daily_sina(HSMBI)
2020-11-30,2784.86,2894.49,2706.04,2728.94,4022208505,akshare.stock_hk_index_daily_sina(HSMBI)
2020-12-01,2739.22,2816.62,2725.39,2799.01,1848262668,akshare.stock_hk_index_daily_sina(HSMBI)
2020-12-02,2818.1,2822.28,2765.67,2788.52,990594280,akshare.stock_hk_index_daily_sina(HSMBI)
2020-12-03,2776.97,2792.7,2737.49,2745.5,1365451467,akshare.stock_hk_index_daily_sina(HSMBI)
2020-12-04,2743.66,2759.45,2735.33,2756.36,1636507118,akshare.stock_hk_index_daily_sina(HSMBI)
2020-12-07,2747.79,2756.33,2675.01,2703.99,1317906335,akshare.stock_hk_index_daily_sina(HSMBI)
2020-12-08,2698.33,2698.33,2647.28,2655.38,929132155,akshare.stock_hk_index_daily_sina(HSMBI)
2020-12-09,2662.31,2701.35,2662.31,2679.83,740423634,akshare.stock_hk_index_daily_sina(HSMBI)
2020-12-10,2661.12,2672.96,2645.1,2645.3,724120795,akshare.stock_hk_index_daily_sina(HSMBI)
2020-12-11,2657.17,2669.05,2632.58,2660.59,793017988,akshare.stock_hk_index_daily_sina(HSMBI)
2020-12-14,2665.11,2701.59,2644.77,2646.17,880206237,akshare.stock_hk_index_daily_sina(HSMBI)
2020-12-15,2635.81,2652.77,2606.88,2632.64,1103010745,akshare.stock_hk_index_daily_sina(HSMBI)
2020-12-16,2655.16,2669.31,2632.71,2642.82,934904380,akshare.stock_hk_index_daily_sina(HSMBI)
2020-12-17,2646.72,2649.71,2605.77,2628.25,1052249830,akshare.stock_hk_index_daily_sina(HSMBI)
2020-12-18,2624.87,2637.9,2593.98,2606.39,1633599215,akshare.stock_hk_index_daily_sina(HSMBI)
2020-12-21,2592.09,2600.48,2571.41,2578.49,810798818,akshare.stock_hk_index_daily_sina(HSMBI)
2020-12-22,2581.13,2591.3,2562.77,2573.02,668245737,akshare.stock_hk_index_daily_sina(HSMBI)
2020-12-23,2564.21,2570.71,2537.39,2542.32,973462164,akshare.stock_hk_index_daily_sina(HSMBI)
2020-12-24,2548.08,2593.53,2547.4,2590.88,616277118,akshare.stock_hk_index_daily_sina(HSMBI)
2020-12-28,2593.87,2659.67,2588.83,2653.19,1281449898,akshare.stock_hk_index_daily_sina(HSMBI)
2020-12-29,2664.76,2679.27,2643.51,2676.65,1318788932,akshare.stock_hk_index_daily_sina(HSMBI)
2020-12-30,2691.17,2692.81,2653.03,2692.47,1135918870,akshare.stock_hk_index_daily_sina(HSMBI)
2020-12-31,2690.33,2711.91,2667.12,2693.23,1064933288,akshare.stock_hk_index_daily_sina(HSMBI)
2021-01-04,2668.87,2673.46,2612.79,2640.0,1131757177,akshare.stock_hk_index_daily_sina(HSMBI)
2021-01-05,2631.79,2656.98,2614.11,2649.82,960369325,akshare.stock_hk_index_daily_sina(HSMBI)
2021-01-06,2638.12,2686.55,2624.65,2684.18,928525487,akshare.stock_hk_index_daily_sina(HSMBI)
2021-01-07,2688.86,2747.36,2687.94,2723.06,1144028706,akshare.stock_hk_index_daily_sina(HSMBI)
2021-01-08,2726.72,2758.63,2696.99,2749.21,1379954778,akshare.stock_hk_index_daily_sina(HSMBI)
2021-01-11,2747.55,2838.54,2747.55,2817.33,1429360593,akshare.stock_hk_index_daily_sina(HSMBI)
2021-01-12,2816.75,2858.12,2794.98,2856.5,1203613298,akshare.stock_hk_index_daily_sina(HSMBI)
2021-01-13,2859.02,2869.13,2833.52,2846.29,900908102,akshare.stock_hk_index_daily_sina(HSMBI)
2021-01-14,2850.84,2854.47,2815.7,2842.05,1077889026,akshare.stock_hk_index_daily_sina(HSMBI)
2021-01-15,2870.02,2978.11,2864.21,2934.87,2277005617,akshare.stock_hk_index_daily_sina(HSMBI)
2021-01-18,2938.59,2939.92,2905.25,2933.75,1106924733,akshare.stock_hk_index_daily_sina(HSMBI)
2021-01-19,2951.0,2980.86,2931.95,2967.28,2051789491,akshare.stock_hk_index_daily_sina(HSMBI)
2021-01-20,2987.26,2987.26,2929.59,2955.48,1422547323,akshare.stock_hk_index_daily_sina(HSMBI)
2021-01-21,2970.93,3006.94,2965.49,2986.54,1278140568,akshare.stock_hk_index_daily_sina(HSMBI)
2021-01-22,2989.45,2990.05,2883.61,2887.08,1383503523,akshare.stock_hk_index_daily_sina(HSMBI)
2021-01-25,2896.67,2940.13,2867.29,2920.43,1273844841,akshare.stock_hk_index_daily_sina(HSMBI)
2021-01-26,2912.34,2932.26,2884.9,2890.24,1154958251,akshare.stock_hk_index_daily_sina(HSMBI)
2021-01-27,2910.63,2961.93,2906.88,2909.17,1299865161,akshare.stock_hk_index_daily_sina(HSMBI)
2021-01-28,2898.0,2899.89,2858.59,2867.18,967772261,akshare.stock_hk_index_daily_sina(HSMBI)
2021-01-29,2886.5,2891.42,2839.42,2839.42,1420985876,akshare.stock_hk_index_daily_sina(HSMBI)
2021-02-01,2836.39,2861.32,2803.97,2853.47,1063906805,akshare.stock_hk_index_daily_sina(HSMBI)
2021-02-02,2882.15,2882.15,2840.57,2845.1,974399584,akshare.stock_hk_index_daily_sina(HSMBI)
2021-02-03,2848.5,2875.95,2821.54,2861.33,1037148279,akshare.stock_hk_index_daily_sina(HSMBI)
2021-02-04,2846.05,2909.4,2846.05,2858.4,1167482187,akshare.stock_hk_index_daily_sina(HSMBI)
2021-02-05,2864.89,2920.67,2854.64,2896.28,1430078874,akshare.stock_hk_index_daily_sina(HSMBI)
2021-02-08,2917.28,2931.29,2890.59,2895.16,1158599161,akshare.stock_hk_index_daily_sina(HSMBI)
2021-02-09,2892.0,2900.41,2868.67,2889.49,910484369,akshare.stock_hk_index_daily_sina(HSMBI)
2021-02-10,2915.49,2976.65,2910.03,2939.89,1222264290,akshare.stock_hk_index_daily_sina(HSMBI)
2021-02-11,2938.72,2978.75,2923.68,2973.15,850626526,akshare.stock_hk_index_daily_sina(HSMBI)
2021-02-16,3005.47,3027.64,3000.65,3021.42,1248699179,akshare.stock_hk_index_daily_sina(HSMBI)
2021-02-17,3024.36,3083.63,3001.97,3064.75,1432998358,akshare.stock_hk_index_daily_sina(HSMBI)
2021-02-18,3052.21,3052.21,3003.38,3007.67,1424003344,akshare.stock_hk_index_daily_sina(HSMBI)
2021-02-19,3008.57,3015.23,2978.22,2983.75,1126363139,akshare.stock_hk_index_daily_sina(HSMBI)
2021-02-22,3009.33,3014.37,2974.61,2980.48,1556467105,akshare.stock_hk_index_daily_sina(HSMBI)
2021-02-23,3008.58,3095.37,3004.12,3065.08,2003518329,akshare.stock_hk_index_daily_sina(HSMBI)
2021-02-24,3084.56,3084.56,2978.67,2985.64,1801542907,akshare.stock_hk_index_daily_sina(HSMBI)
2021-02-25,3006.56,3062.57,2995.74,3043.99,1706265658,akshare.stock_hk_index_daily_sina(HSMBI)
2021-02-26,3011.88,3033.31,2925.61,2925.61,1957249251,akshare.stock_hk_index_daily_sina(HSMBI)
2021-03-01,2947.97,2955.28,2908.97,2918.16,1095086439,akshare.stock_hk_index_daily_sina(HSMBI)
2021-03-02,2929.62,2935.34,2877.09,2887.66,1272090094,akshare.stock_hk_index_daily_sina(HSMBI)
2021-03-03,2900.25,3054.21,2900.25,3050.91,2254393352,akshare.stock_hk_index_daily_sina(HSMBI)
2021-03-04,3016.67,3058.19,3008.81,3023.4,1633899410,akshare.stock_hk_index_daily_sina(HSMBI)
2021-03-05,3006.39,3097.45,2999.59,3077.32,2609621734,akshare.stock_hk_index_daily_sina(HSMBI)
2021-03-08,3099.53,3138.04,3084.66,3084.66,2690066799,akshare.stock_hk_index_daily_sina(HSMBI)
2021-03-09,3096.81,3140.54,3024.79,3041.95,2548747382,akshare.stock_hk_index_daily_sina(HSMBI)
2021-03-10,3028.61,3063.15,2999.9,3063.15,1429428846,akshare.stock_hk_index_daily_sina(HSMBI)
2021-03-11,3075.06,3125.34,3075.06,3103.94,1618035383,akshare.stock_hk_index_daily_sina(HSMBI)
2021-03-12,3113.57,3130.88,3079.21,3085.9,1401315715,akshare.stock_hk_index_daily_sina(HSMBI)
2021-03-15,3098.71,3162.24,3082.48,3144.59,1587214964,akshare.stock_hk_index_daily_sina(HSMBI)
2021-03-16,3160.62,3182.5,3140.85,3144.99,1052268767,akshare.stock_hk_index_daily_sina(HSMBI)
2021-03-17,3155.84,3155.84,3122.76,3146.42,797212436,akshare.stock_hk_index_daily_sina(HSMBI)
2021-03-18,3159.36,3169.93,3134.07,3153.86,950826909,akshare.stock_hk_index_daily_sina(HSMBI)
2021-03-19,3133.76,3152.14,3067.06,3073.11,1607116978,akshare.stock_hk_index_daily_sina(HSMBI)
2021-03-22,3068.32,3181.26,3068.32,3150.43,1176115915,akshare.stock_hk_index_daily_sina(HSMBI)
2021-03-23,3156.08,3161.47,3096.65,3121.2,845118143,akshare.stock_hk_index_daily_sina(HSMBI)
2021-03-24,3113.19,3133.34,3049.06,3070.58,1126668207,akshare.stock_hk_index_daily_sina(HSMBI)
2021-03-25,3063.37,3088.26,3041.46,3058.76,1177801193,akshare.stock_hk_index_daily_sina(HSMBI)
2021-03-26,3069.29,3083.57,3049.3,3078.86,742589871,akshare.stock_hk_index_daily_sina(HSMBI)
2021-03-29,3087.52,3154.7,3087.52,3150.31,1810485639,akshare.stock_hk_index_daily_sina(HSMBI)
2021-03-30,3162.82,3162.82,3100.89,3125.01,1411581504,akshare.stock_hk_index_daily_sina(HSMBI)
2021-03-31,3130.06,3130.71,3078.59,3095.03,1347351596,akshare.stock_hk_index_daily_sina(HSMBI)
2021-04-01,3106.24,3113.04,3065.37,3087.84,1261817108,akshare.stock_hk_index_daily_sina(HSMBI)
2021-04-07,3089.26,3089.26,3057.74,3068.84,1148114918,akshare.stock_hk_index_daily_sina(HSMBI)
2021-04-08,3071.52,3085.71,3057.43,3078.41,933338855,akshare.stock_hk_index_daily_sina(HSMBI)
2021-04-09,3070.73,3072.78,3049.25,3062.71,888531494,akshare.stock_hk_index_daily_sina(HSMBI)
2021-04-12,3065.23,3070.01,3051.46,3067.04,1011762818,akshare.stock_hk_index_daily_sina(HSMBI)
2021-04-13,3074.83,3114.2,3074.83,3090.22,1198296243,akshare.stock_hk_index_daily_sina(HSMBI)
2021-04-14,3102.82,3105.19,3075.86,3098.2,1081046387,akshare.stock_hk_index_daily_sina(HSMBI)
2021-04-15,3094.02,3094.02,3051.0,3076.13,1149395598,akshare.stock_hk_index_daily_sina(HSMBI)
2021-04-16,3075.48,3095.84,3050.66,3095.84,1082916736,akshare.stock_hk_index_daily_sina(HSMBI)
2021-04-19,3099.36,3132.27,3076.34,3123.43,1200237091,akshare.stock_hk_index_daily_sina(HSMBI)
2021-04-20,3117.84,3149.99,3110.74,3149.99,1042695769,akshare.stock_hk_index_daily_sina(HSMBI)
2021-04-21,3127.4,3143.57,3114.53,3124.72,1051030727,akshare.stock_hk_index_daily_sina(HSMBI)
2021-04-22,3129.57,3141.33,3092.15,3111.6,1098825881,akshare.stock_hk_index_daily_sina(HSMBI)
2021-04-23,3102.06,3130.69,3079.56,3130.69,1054376763,akshare.stock_hk_index_daily_sina(HSMBI)
2021-04-26,3128.73,3133.45,3072.07,3078.28,1109989715,akshare.stock_hk_index_daily_sina(HSMBI)
2021-04-27,3074.66,3085.18,3058.18,3064.12,987664430,akshare.stock_hk_index_daily_sina(HSMBI)
2021-04-28,3069.82,3072.64,3052.32,3072.3,1077399961,akshare.stock_hk_index_daily_sina(HSMBI)
2021-04-29,3092.32,3119.54,3069.44,3092.11,1027248978,akshare.stock_hk_index_daily_sina(HSMBI)
2021-04-30,3079.4,3081.36,3010.04,3011.03,1754203824,akshare.stock_hk_index_daily_sina(HSMBI)
2021-05-03,3014.9,3024.12,2985.57,2993.26,1076818144,akshare.stock_hk_index_daily_sina(HSMBI)
2021-05-04,2993.1,3003.56,2972.59,2986.72,1232030257,akshare.stock_hk_index_daily_sina(HSMBI)
2021-05-05,2986.86,3061.5,2986.86,3038.32,1067951588,akshare.stock_hk_index_daily_sina(HSMBI)
2021-05-06,3061.86,3070.85,3031.4,3039.78,1093252050,akshare.stock_hk_index_daily_sina(HSMBI)
2021-05-07,3053.3,3088.41,3048.47,3076.61,1065071541,akshare.stock_hk_index_daily_sina(HSMBI)
2021-05-10,3099.11,3099.11,3062.95,3084.86,1133776044,akshare.stock_hk_index_daily_sina(HSMBI)
2021-05-11,3076.5,3089.01,3051.95,3063.02,1127837352,akshare.stock_hk_index_daily_sina(HSMBI)
2021-05-12,3062.06,3075.18,3041.2,3059.81,975557353,akshare.stock_hk_index_daily_sina(HSMBI)
2021-05-13,3037.44,3062.06,3030.25,3030.71,781100000,akshare.stock_hk_index_daily_sina(HSMBI)
2021-05-14,3068.69,3083.43,3053.11,3078.46,870283461,akshare.stock_hk_index_daily_sina(HSMBI)
2021-05-17,3076.86,3094.77,3074.37,3091.11,1025581244,akshare.stock_hk_index_daily_sina(HSMBI)
2021-05-18,3103.59,3115.89,3092.87,3107.05,896168891,akshare.stock_hk_index_daily_sina(HSMBI)
2021-05-20,3087.26,3087.26,3049.21,3068.06,1211330513,akshare.stock_hk_index_daily_sina(HSMBI)
2021-05-21,3079.86,3082.99,3047.23,3057.38,850415778,akshare.stock_hk_index_daily_sina(HSMBI)
2021-05-24,3053.29,3073.1,3049.23,3060.82,916172028,akshare.stock_hk_index_daily_sina(HSMBI)
2021-05-25,3064.11,3133.92,3061.56,3131.8,1179328539,akshare.stock_hk_index_daily_sina(HSMBI)
2021-05-26,3126.71,3163.98,3126.71,3161.86,1446260987,akshare.stock_hk_index_daily_sina(HSMBI)
2021-05-27,3112.41,3147.3,3094.56,3101.4,2497681931,akshare.stock_hk_index_daily_sina(HSMBI)
2021-05-28,3123.3,3159.49,3113.83,3145.28,1520474356,akshare.stock_hk_index_daily_sina(HSMBI)
2021-05-31,3161.54,3162.79,3113.11,3140.58,1278030215,akshare.stock_hk_index_daily_sina(HSMBI)
2021-06-01,3128.66,3129.79,3097.38,3120.08,900374528,akshare.stock_hk_index_daily_sina(HSMBI)
2021-06-02,3117.88,3126.79,3103.2,3115.58,845000844,akshare.stock_hk_index_daily_sina(HSMBI)
2021-06-03,3108.84,3130.53,3070.19,3076.95,1205566692,akshare.stock_hk_index_daily_sina(HSMBI)
2021-06-04,3072.71,3110.64,3064.74,3096.12,1571000816,akshare.stock_hk_index_daily_sina(HSMBI)
2021-06-07,3097.81,3105.14,3063.35,3065.74,1244033634,akshare.stock_hk_index_daily_sina(HSMBI)
2021-06-08,3084.12,3084.12,3057.14,3076.58,818746882,akshare.stock_hk_index_daily_sina(HSMBI)
2021-06-09,3051.53,3056.87,3026.06,3038.24,936878449,akshare.stock_hk_index_daily_sina(HSMBI)
2021-06-10,3043.73,3054.07,3018.89,3025.06,1053962208,akshare.stock_hk_index_daily_sina(HSMBI)
2021-06-11,3035.97,3042.12,3011.26,3027.52,842570923,akshare.stock_hk_index_daily_sina(HSMBI)
2021-06-15,3020.32,3022.1,2975.86,2978.65,1318917768,akshare.stock_hk_index_daily_sina(HSMBI)
2021-06-16,2970.93,3012.65,2970.83,2991.47,1018085487,akshare.stock_hk_index_daily_sina(HSMBI)
2021-06-17,2976.91,2994.74,2976.38,2993.03,836157136,akshare.stock_hk_index_daily_sina(HSMBI)
2021-06-18,2980.31,2987.41,2953.47,2966.18,1776446214,akshare.stock_hk_index_daily_sina(HSMBI)
2021-06-21,2945.6,2960.9,2932.46,2947.74,931012120,akshare.stock_hk_index_daily_sina(HSMBI)
2021-06-22,2952.85,2969.21,2945.86,2956.85,779597076,akshare.stock_hk_index_daily_sina(HSMBI)
2021-06-23,2962.77,2970.48,2941.14,2962.2,991588879,akshare.stock_hk_index_daily_sina(HSMBI)
2021-06-24,2960.26,2968.2,2947.85,2954.57,814910422,akshare.stock_hk_index_daily_sina(HSMBI)
2021-06-25,2947.75,2998.73,2947.75,2992.16,989368686,akshare.stock_hk_index_daily_sina(HSMBI)
2021-06-28,2957.53,2957.53,2917.9,2924.58,806602900,akshare.stock_hk_index_daily_sina(HSMBI)
2021-06-29,2925.66,2928.38,2888.79,2899.08,1132812680,akshare.stock_hk_index_daily_sina(HSMBI)
2021-06-30,2908.61,2921.67,2896.41,2898.27,967390516,akshare.stock_hk_index_daily_sina(HSMBI)
2021-07-02,2899.18,2906.45,2874.68,2876.2,1145563988,akshare.stock_hk_index_daily_sina(HSMBI)
2021-07-05,2849.95,2870.19,2845.36,2852.71,776671964,akshare.stock_hk_index_daily_sina(HSMBI)
2021-07-06,2857.08,2878.23,2849.79,2867.82,754825784,akshare.stock_hk_index_daily_sina(HSMBI)
2021-07-07,2833.95,2845.19,2814.2,2830.58,938607652,akshare.stock_hk_index_daily_sina(HSMBI)
2021-07-08,2838.01,2838.01,2770.75,2774.64,1237297422,akshare.stock_hk_index_daily_sina(HSMBI)
2021-07-09,2778.62,2784.91,2757.53,2766.06,1079713204,akshare.stock_hk_index_daily_sina(HSMBI)
2021-07-12,2804.12,2808.7,2759.65,2768.43,998968552,akshare.stock_hk_index_daily_sina(HSMBI)
2021-07-13,2781.28,2789.44,2761.54,2782.25,882720459,akshare.stock_hk_index_daily_sina(HSMBI)
2021-07-14,2770.43,2773.32,2721.35,2732.47,1027960954,akshare.stock_hk_index_daily_sina(HSMBI)
2021-07-15,2730.26,2818.6,2730.26,2796.12,1179273386,akshare.stock_hk_index_daily_sina(HSMBI)
2021-07-16,2798.65,2811.87,2783.76,2796.6,850733846,akshare.stock_hk_index_daily_sina(HSMBI)
2021-07-19,2784.74,2786.6,2740.59,2771.56,851497321,akshare.stock_hk_index_daily_sina(HSMBI)
2021-07-20,2767.96,2778.07,2730.13,2740.04,882013820,akshare.stock_hk_index_daily_sina(HSMBI)
2021-07-21,2742.41,2753.53,2715.34,2728.45,740350928,akshare.stock_hk_index_daily_sina(HSMBI)
2021-07-22,2739.92,2772.02,2733.6,2749.5,746239215,akshare.stock_hk_index_daily_sina(HSMBI)
2021-07-23,2757.23,2760.0,2736.26,2741.27,490366840,akshare.stock_hk_index_daily_sina(HSMBI)
2021-07-26,2736.64,2737.38,2700.52,2704.35,1072667986,akshare.stock_hk_index_daily_sina(HSMBI)
2021-07-27,2710.29,2743.87,2659.76,2690.4,2065564091,akshare.stock_hk_index_daily_sina(HSMBI)
2021-07-28,2723.01,2749.32,2699.57,2729.03,1509048176,akshare.stock_hk_index_daily_sina(HSMBI)
2021-07-29,2736.56,2736.56,2695.49,2700.69,1495919790,akshare.stock_hk_index_daily_sina(HSMBI)
2021-07-30,2692.22,2706.46,2661.65,2676.81,1201564604,akshare.stock_hk_index_daily_sina(HSMBI)
2021-08-02,2681.88,2732.9,2657.45,2709.55,817853770,akshare.stock_hk_index_daily_sina(HSMBI)
2021-08-03,2719.49,2728.19,2685.0,2726.44,829812948,akshare.stock_hk_index_daily_sina(HSMBI)
2021-08-04,2728.21,2743.25,2707.21,2713.98,690791522,akshare.stock_hk_index_daily_sina(HSMBI)
2021-08-05,2715.71,2715.71,2686.17,2699.43,798861336,akshare.stock_hk_index_daily_sina(HSMBI)
2021-08-06,2689.41,2696.4,2670.45,2684.17,752210323,akshare.stock_hk_index_daily_sina(HSMBI)
2021-08-09,2683.22,2750.07,2683.22,2733.66,843010252,akshare.stock_hk_index_daily_sina(HSMBI)
2021-08-10,2736.93,2739.42,2712.08,2739.42,802783356,akshare.stock_hk_index_daily_sina(HSMBI)
2021-08-11,2732.56,2808.28,2732.56,2808.28,1462623275,akshare.stock_hk_index_daily_sina(HSMBI)
2021-08-12,2802.78,2815.16,2777.8,2790.87988,761053343,akshare.stock_hk_index_daily_sina(HSMBI)
2021-08-13,2777.9,2800.59,2770.91,2793.70996,598497923,akshare.stock_hk_index_daily_sina(HSMBI)
2021-08-16,2815.13,2817.56,2789.38,2802.3999,765501327,akshare.stock_hk_index_daily_sina(HSMBI)
2021-08-17,2806.97,2818.41,2763.52,2778.3501,1045316307,akshare.stock_hk_index_daily_sina(HSMBI)
2021-08-18,2792.79,2840.38,2787.43,2822.66992,751841472,akshare.stock_hk_index_daily_sina(HSMBI)
2021-08-19,2818.42,2818.42,2763.53,2783.79004,930285200,akshare.stock_hk_index_daily_sina(HSMBI)
2021-08-20,2792.64,2813.91,2759.92,2768.23999,972330002,akshare.stock_hk_index_daily_sina(HSMBI)
2021-08-23,2800.87,2814.59,2781.9,2789.63989,851559486,akshare.stock_hk_index_daily_sina(HSMBI)
2021-08-24,2806.17,2808.7,2766.19,2777.69995,886908982,akshare.stock_hk_index_daily_sina(HSMBI)
2021-08-25,2781.8,2788.97,2759.35,2780.76001,695739203,akshare.stock_hk_index_daily_sina(HSMBI)
2021-08-26,2774.45,2780.79,2736.2,2749.72998,599177930,akshare.stock_hk_index_daily_sina(HSMBI)
2021-08-27,2743.23,2781.03,2743.23,2772.37012,554884128,akshare.stock_hk_index_daily_sina(HSMBI)
2021-08-30,2768.08,2772.86,2732.95,2747.62988,860883201,akshare.stock_hk_index_daily_sina(HSMBI)
2021-08-31,2749.95,2774.54,2723.43,2772.8501,1324120431,akshare.stock_hk_index_daily_sina(HSMBI)
2021-09-01,2769.92,2813.55,2755.65,2801.23999,1004792881,akshare.stock_hk_index_daily_sina(HSMBI)
2021-09-02,2812.63,2813.7,2782.17,2798.5,921618012,akshare.stock_hk_index_daily_sina(HSMBI)
2021-09-03,2806.91,2824.57,2794.1,2817.29004,1189007572,akshare.stock_hk_index_daily_sina(HSMBI)
2021-09-06,2809.39,2841.49,2809.39,2826.33008,1095274352,akshare.stock_hk_index_daily_sina(HSMBI)
2021-09-07,2820.24,2859.11,2807.29,2853.18994,1085867102,akshare.stock_hk_index_daily_sina(HSMBI)
2021-09-08,2855.45,2880.46,2841.79,2851.25,985951860,akshare.stock_hk_index_daily_sina(HSMBI)
2021-09-09,2851.03,2858.23,2826.51,2839.29004,910455285,akshare.stock_hk_index_daily_sina(HSMBI)
2021-09-10,2837.32,2893.3,2837.11,2889.29004,1179666632,akshare.stock_hk_index_daily_sina(HSMBI)
2021-09-13,2857.0,2911.58,2857.0,2897.36011,1131282902,akshare.stock_hk_index_daily_sina(HSMBI)
2021-09-14,2900.77,2927.01,2825.82,2833.88989,1187890008,akshare.stock_hk_index_daily_sina(HSMBI)
2021-09-15,2839.86,2868.28,2813.57,2829.62988,969769504,akshare.stock_hk_index_daily_sina(HSMBI)
2021-09-16,2832.99,2833.34,2759.76,2791.3501,1176281609,akshare.stock_hk_index_daily_sina(HSMBI)
2021-09-17,2781.47,2781.47,2742.79,2771.70996,1725752858,akshare.stock_hk_index_daily_sina(HSMBI)
2021-09-20,2735.6,2740.08,2623.32,2644.07007,1573767457,akshare.stock_hk_index_daily_sina(HSMBI)
2021-09-21,2628.21,2665.63,2613.03,2646.43994,1134996862,akshare.stock_hk_index_daily_sina(HSMBI)
2021-09-23,2690.48,2754.18,2682.59,2684.12988,1360068690,akshare.stock_hk_index_daily_sina(HSMBI)
2021-09-24,2681.71,2705.48,2642.11,2653.62988,956315002,akshare.stock_hk_index_daily_sina(HSMBI)
2021-09-27,2659.64,2695.32,2652.21,2657.37988,818978274,akshare.stock_hk_index_daily_sina(HSMBI)
2021-09-28,2662.91,2711.67,2660.43,2684.01001,995677058,akshare.stock_hk_index_daily_sina(HSMBI)
2021-09-29,2681.84,2753.94,2669.96,2748.71997,1103580935,akshare.stock_hk_index_daily_sina(HSMBI)
2021-09-30,2743.12,2755.99,2711.03,2755.98999,715717553,akshare.stock_hk_index_daily_sina(HSMBI)
2021-10-04,2732.93,2732.93,2683.57,2710.23999,675577212,akshare.stock_hk_index_daily_sina(HSMBI)
2021-10-05,2695.52,2726.03,2682.08,2715.42993,625314117,akshare.stock_hk_index_daily_sina(HSMBI)
2021-10-06,2721.84,2721.84,2678.44,2694.1499,594342860,akshare.stock_hk_index_daily_sina(HSMBI)
2021-10-07,2722.04,2755.52,2715.64,2735.05005,829867295,akshare.stock_hk_index_daily_sina(HSMBI)
2021-10-08,2738.87,2754.84,2720.2,2736.54004,1055189159,akshare.stock_hk_index_daily_sina(HSMBI)
2021-10-11,2746.31,2786.39,2746.31,2753.01001,922262121,akshare.stock_hk_index_daily_sina(HSMBI)
2021-10-12,2732.95,2758.75,2728.13,2744.25,848936593,akshare.stock_hk_index_daily_sina(HSMBI)
2021-10-15,2749.7,2758.52,2721.41,2750.44995,1061092798,akshare.stock_hk_index_daily_sina(HSMBI)
2021-10-18,2751.55,2751.55,2714.43,2729.1001,796101235,akshare.stock_hk_index_daily_sina(HSMBI)
2021-10-19,2732.54,2781.54,2732.54,2769.45996,789267436,akshare.stock_hk_index_daily_sina(HSMBI)
2021-10-20,2775.29,2776.61,2749.3,2770.17993,707302541,akshare.stock_hk_index_daily_sina(HSMBI)
2021-10-21,2771.34,2799.24,2759.76,2779.21997,976664072,akshare.stock_hk_index_daily_sina(HSMBI)
2021-10-22,2784.68,2801.35,2782.37,2792.62012,727260442,akshare.stock_hk_index_daily_sina(HSMBI)
2021-10-25,2791.13,2800.64,2773.73,2785.6499,673150161,akshare.stock_hk_index_daily_sina(HSMBI)
2021-10-26,2787.06,2799.22,2774.77,2784.93994,723295456,akshare.stock_hk_index_daily_sina(HSMBI)
2021-10-27,2777.31,2784.25,2762.2,2776.02002,742066117,akshare.stock_hk_index_daily_sina(HSMBI)
2021-10-28,2779.01,2779.09,2745.83,2758.15991,844968464,akshare.stock_hk_index_daily_sina(HSMBI)
2021-10-29,2759.94,2771.68,2742.07,2753.1001,1130675953,akshare.stock_hk_index_daily_sina(HSMBI)
2021-11-01,2768.55,2799.67,2743.68,2799.37012,933010471,akshare.stock_hk_index_daily_sina(HSMBI)
2021-11-02,2822.78,2822.78,2748.47,2757.68994,1054762663,akshare.stock_hk_index_daily_sina(HSMBI)
2021-11-03,2749.28,2766.83,2741.63,2754.54004,686904109,akshare.stock_hk_index_daily_sina(HSMBI)
2021-11-04,2748.98,2755.79,2730.3,2745.04004,838528191,akshare.stock_hk_index_daily_sina(HSMBI)
2021-11-05,2737.91,2738.12,2702.27,2711.94995,1037419483,akshare.stock_hk_index_daily_sina(HSMBI)
2021-11-08,2722.17,2746.59,2716.62,2740.6001,917825788,akshare.stock_hk_index_daily_sina(HSMBI)
2021-11-09,2751.19,2755.18,2707.62,2724.62988,558111317,akshare.stock_hk_index_daily_sina(HSMBI)
2021-11-10,2721.11,2723.34,2683.28,2710.58008,930156845,akshare.stock_hk_index_daily_sina(HSMBI)
2021-11-11,2707.18,2761.77,2697.41,2758.67993,1045183705,akshare.stock_hk_index_daily_sina(HSMBI)
2021-11-12,2785.05,2785.05,2734.16,2757.68994,721593055,akshare.stock_hk_index_daily_sina(HSMBI)
2021-11-15,2759.07,2770.1,2737.45,2764.29004,510813142,akshare.stock_hk_index_daily_sina(HSMBI)
2021-11-16,2757.97,2775.18,2751.41,2775.17993,725059260,akshare.stock_hk_index_daily_sina(HSMBI)
2021-11-17,2755.31,2765.58,2745.39,2760.69995,594487588,akshare.stock_hk_index_daily_sina(HSMBI)
2021-11-18,2736.68,2749.92,2728.16,2742.92993,687036974,akshare.stock_hk_index_daily_sina(HSMBI)
2021-11-19,2738.72,2767.2,2734.51,2757.20996,750786902,akshare.stock_hk_index_daily_sina(HSMBI)
2021-11-22,2755.15,2759.87,2741.49,2741.48999,580770413,akshare.stock_hk_index_daily_sina(HSMBI)
2021-11-23,2740.69,2762.21,2732.14,2738.28003,707798626,akshare.stock_hk_index_daily_sina(HSMBI)
2021-11-24,2749.54,2753.63,2730.81,2738.84009,548422609,akshare.stock_hk_index_daily_sina(HSMBI)
2021-11-25,2737.77,2744.41,2721.16,2738.58008,461793342,akshare.stock_hk_index_daily_sina(HSMBI)
2021-11-26,2724.56,2725.24,2686.96,2693.68994,774661978,akshare.stock_hk_index_daily_sina(HSMBI)
2021-11-29,2703.19,2703.19,2667.76,2672.62988,695910745,akshare.stock_hk_index_daily_sina(HSMBI)
2021-11-30,2674.36,2690.51,2633.57,2644.8999,1788757731,akshare.stock_hk_index_daily_sina(HSMBI)
2021-12-01,2663.9,2722.52,2653.71,2687.92993,1144397979,akshare.stock_hk_index_daily_sina(HSMBI)
2021-12-02,2683.67,2748.7,2683.67,2742.82007,1451221798,akshare.stock_hk_index_daily_sina(HSMBI)
2021-12-03,2743.72,2770.85,2721.99,2765.02002,1431362780,akshare.stock_hk_index_daily_sina(HSMBI)
2021-12-06,2757.38,2789.28,2749.47,2777.07007,1239783790,akshare.stock_hk_index_daily_sina(HSMBI)
2021-12-07,2786.34,2786.89,2748.11,2779.63989,1048001940,akshare.stock_hk_index_daily_sina(HSMBI)
2021-12-08,2778.03,2781.72,2745.73,2754.67993,1019393377,akshare.stock_hk_index_daily_sina(HSMBI)
2021-12-09,2765.98,2789.46,2763.91,2781.93994,897175164,akshare.stock_hk_index_daily_sina(HSMBI)
2021-12-10,2761.91,2785.33,2761.91,2774.3999,689133832,akshare.stock_hk_index_daily_sina(HSMBI)
2021-12-13,2789.67,2805.38,2750.77,2760.32007,773710868,akshare.stock_hk_index_daily_sina(HSMBI)
2021-12-14,2746.19,2760.57,2723.04,2738.15991,821925082,akshare.stock_hk_index_daily_sina(HSMBI)
2021-12-15,2737.74,2750.26,2717.64,2736.82007,746338823,akshare.stock_hk_index_daily_sina(HSMBI)
2021-12-16,2726.8,2743.16,2715.39,2720.76001,669835141,akshare.stock_hk_index_daily_sina(HSMBI)
2021-12-17,2733.99,2745.19,2721.29,2730.68994,1143434474,akshare.stock_hk_index_daily_sina(HSMBI)
2021-12-20,2721.88,2744.44,2713.85,2720.92993,858655300,akshare.stock_hk_index_daily_sina(HSMBI)
2021-12-21,2739.58,2745.98,2714.67,2714.66992,785454455,akshare.stock_hk_index_daily_sina(HSMBI)
2021-12-22,2723.39,2733.89,2711.04,2726.23999,597487474,akshare.stock_hk_index_daily_sina(HSMBI)
2021-12-23,2732.08,2747.05,2728.2,2741.23999,699762414,akshare.stock_hk_index_daily_sina(HSMBI)
2021-12-24,2752.88,2752.88,2735.46,2745.6499,309824099,akshare.stock_hk_index_daily_sina(HSMBI)
2021-12-28,2748.5,2763.31,2743.43,2763.31006,760528846,akshare.stock_hk_index_daily_sina(HSMBI)
2021-12-29,2765.67,2768.31,2743.15,2752.12012,403609317,akshare.stock_hk_index_daily_sina(HSMBI)
2021-12-30,2757.07,2761.74,2738.73,2751.20996,536718597,akshare.stock_hk_index_daily_sina(HSMBI)
2021-12-31,2753.19,2760.94,2742.82,2744.61011,311423046,akshare.stock_hk_index_daily_sina(HSMBI)
2022-01-03,2766.36,2770.67,2749.62,2760.09009,288701295,akshare.stock_hk_index_daily_sina(HSMBI)
2022-01-04,2768.2,2788.13,2750.08,2785.5,846587400,akshare.stock_hk_index_daily_sina(HSMBI)
2022-01-05,2793.27,2837.16,2790.32,2834.57007,1406933620,akshare.stock_hk_index_daily_sina(HSMBI)
2022-01-06,2840.4,2840.4,2795.53,2811.0,835737320,akshare.stock_hk_index_daily_sina(HSMBI)
2022-01-07,2806.58,2884.05,2804.78,2879.73999,1358039615,akshare.stock_hk_index_daily_sina(HSMBI)
2022-01-10,2888.27,2920.51,2878.07,2913.6001,1519636033,akshare.stock_hk_index_daily_sina(HSMBI)
2022-01-11,2902.73,2945.89,2893.66,2938.62012,1372173329,akshare.stock_hk_index_daily_sina(HSMBI)
2022-01-12,2947.9,2951.54,2912.89,2937.63989,1131121747,akshare.stock_hk_index_daily_sina(HSMBI)
2022-01-13,2940.35,2973.82,2936.51,2973.82007,1055685499,akshare.stock_hk_index_daily_sina(HSMBI)
2022-01-14,2965.97,2977.9,2939.53,2951.56006,989542505,akshare.stock_hk_index_daily_sina(HSMBI)
2022-01-17,2951.9,2960.21,2926.81,2939.29004,740283238,akshare.stock_hk_index_daily_sina(HSMBI)
2022-01-18,2938.87,2959.97,2933.62,2949.97998,733551034,akshare.stock_hk_index_daily_sina(HSMBI)
2022-01-19,2968.24,2979.47,2955.15,2973.68994,743682318,akshare.stock_hk_index_daily_sina(HSMBI)
2022-01-20,2983.01,3007.11,2973.89,3007.11011,1025243756,akshare.stock_hk_index_daily_sina(HSMBI)
2022-01-21,3009.79,3025.45,2986.16,3025.44995,920265691,akshare.stock_hk_index_daily_sina(HSMBI)
2022-01-24,3018.55,3049.09,3007.67,3030.69995,916669203,akshare.stock_hk_index_daily_sina(HSMBI)
2022-01-25,3002.18,3026.49,2987.06,3015.34009,1022760378,akshare.stock_hk_index_daily_sina(HSMBI)
2022-01-26,3023.21,3027.36,3006.37,3016.0,984560961,akshare.stock_hk_index_daily_sina(HSMBI)
2022-01-27,3000.45,3013.67,2976.75,3013.66992,756491085,akshare.stock_hk_index_daily_sina(HSMBI)
2022-01-28,3018.94,3018.94,2984.91,2994.70996,841390228,akshare.stock_hk_index_daily_sina(HSMBI)
2022-01-31,2996.05,3017.28,2967.04,3003.69995,518385983,akshare.stock_hk_index_daily_sina(HSMBI)
2022-02-04,3030.63,3053.05,3015.92,3050.27002,875446479,akshare.stock_hk_index_daily_sina(HSMBI)
2022-02-07,3048.25,3097.06,3042.82,3095.81006,1332380380,akshare.stock_hk_index_daily_sina(HSMBI)
2022-02-08,3101.64,3130.8,3088.31,3103.37012,1091191752,akshare.stock_hk_index_daily_sina(HSMBI)
2022-02-09,3116.88,3129.75,3100.88,3119.19995,1281541933,akshare.stock_hk_index_daily_sina(HSMBI)
2022-02-10,3127.54,3133.75,3093.84,3133.75,1050988301,akshare.stock_hk_index_daily_sina(HSMBI)
2022-02-11,3120.97,3166.22,3113.85,3166.21997,1374610978,akshare.stock_hk_index_daily_sina(HSMBI)
2022-02-14,3161.26,3165.17,3121.96,3132.01001,891347224,akshare.stock_hk_index_daily_sina(HSMBI)
2022-02-15,3118.2,3122.51,3006.87,3042.84009,1729975854,akshare.stock_hk_index_daily_sina(HSMBI)
2022-02-16,3054.14,3091.31,3036.83,3087.28003,1029210805,akshare.stock_hk_index_daily_sina(HSMBI)
2022-02-17,3095.38,3103.03,3073.73,3095.27002,852419335,akshare.stock_hk_index_daily_sina(HSMBI)
2022-02-18,3084.17,3113.65,3070.25,3100.90991,823665293,akshare.stock_hk_index_daily_sina(HSMBI)
2022-02-21,3102.12,3119.58,3068.45,3117.38989,786702012,akshare.stock_hk_index_daily_sina(HSMBI)
2022-02-22,3075.31,3089.94,3049.31,3070.15991,920818215,akshare.stock_hk_index_daily_sina(HSMBI)
2022-02-23,3085.35,3085.35,3055.13,3065.12988,605664387,akshare.stock_hk_index_daily_sina(HSMBI)
2022-02-24,3041.39,3049.48,2965.25,2991.70996,1437274196,akshare.stock_hk_index_daily_sina(HSMBI)
2022-02-25,2973.87,2983.29,2944.01,2955.34009,1121258731,akshare.stock_hk_index_daily_sina(HSMBI)
2022-02-28,2959.6,3007.66,2933.35,2998.40991,1521061787,akshare.stock_hk_index_daily_sina(HSMBI)
2022-03-01,3004.28,3023.46,2966.2,2997.92993,962215724,akshare.stock_hk_index_daily_sina(HSMBI)
2022-03-02,2985.53,2999.83,2951.46,2962.29004,876892549,akshare.stock_hk_index_daily_sina(HSMBI)
2022-03-03,2973.21,3009.8,2970.12,2989.25,767917859,akshare.stock_hk_index_daily_sina(HSMBI)
2022-03-04,2960.99,2977.68,2945.97,2970.91992,848466421,akshare.stock_hk_index_daily_sina(HSMBI)
2022-03-07,2929.48,2931.75,2879.98,2893.23999,1201980797,akshare.stock_hk_index_daily_sina(HSMBI)
2022-03-08,2883.27,2901.63,2838.97,2861.42993,1387667851,akshare.stock_hk_index_daily_sina(HSMBI)
2022-03-09,2853.88,2886.39,2788.87,2836.01001,1545114382,akshare.stock_hk_index_daily_sina(HSMBI)
2022-03-10,2879.77,2894.69,2848.69,2887.32007,1092794611,akshare.stock_hk_index_daily_sina(HSMBI)
2022-03-11,2858.27,2899.4,2839.29,2878.68994,1186522212,akshare.stock_hk_index_daily_sina(HSMBI)
2022-03-14,2883.34,2883.34,2815.18,2838.86011,1788500947,akshare.stock_hk_index_daily_sina(HSMBI)
2022-03-15,2809.03,2810.0,2664.71,2725.18994,2633592008,akshare.stock_hk_index_daily_sina(HSMBI)
2022-03-16,2755.15,2766.88,2686.25,2758.38989,2171728250,akshare.stock_hk_index_daily_sina(HSMBI)
2022-03-17,2825.89,2901.84,2802.09,2901.84009,1912287311,akshare.stock_hk_index_daily_sina(HSMBI)
2022-03-18,2884.88,2937.02,2856.26,2923.22998,2246817930,akshare.stock_hk_index_daily_sina(HSMBI)
2022-03-21,2942.26,2942.26,2869.22,2887.01001,981570633,akshare.stock_hk_index_daily_sina(HSMBI)
2022-03-22,2897.22,2924.23,2897.22,2924.1499,848636691,akshare.stock_hk_index_daily_sina(HSMBI)
2022-03-23,2911.74,2926.37,2904.96,2923.38989,909426038,akshare.stock_hk_index_daily_sina(HSMBI)
2022-03-24,2905.04,2940.25,2902.09,2932.77002,776172494,akshare.stock_hk_index_daily_sina(HSMBI)
2022-03-25,2920.73,2971.31,2920.73,2945.05005,1069316729,akshare.stock_hk_index_daily_sina(HSMBI)
2022-03-28,2945.08,2960.68,2922.94,2951.53003,773755422,akshare.stock_hk_index_daily_sina(HSMBI)
2022-03-29,2952.85,2964.29,2939.48,2964.29004,714847186,akshare.stock_hk_index_daily_sina(HSMBI)
2022-03-30,2985.97,3009.59,2981.16,2993.55005,1341745687,akshare.stock_hk_index_daily_sina(HSMBI)
2022-03-31,2993.94,3042.27,2992.51,3026.75,1176953402,akshare.stock_hk_index_daily_sina(HSMBI)
2022-04-01,3029.43,3050.36,3007.11,3050.36011,896250512,akshare.stock_hk_index_daily_sina(HSMBI)
2022-04-04,3051.49,3072.83,3031.17,3065.59009,730857883,akshare.stock_hk_index_daily_sina(HSMBI)
2022-04-06,3055.2,3068.42,3034.1,3048.17993,1071991216,akshare.stock_hk_index_daily_sina(HSMBI)
2022-04-07,3040.44,3054.5,3022.42,3038.11011,807814724,akshare.stock_hk_index_daily_sina(HSMBI)
2022-04-08,3028.52,3047.06,3023.55,3042.65991,727810539,akshare.stock_hk_index_daily_sina(HSMBI)
2022-04-11,3039.63,3039.63,2998.77,3015.18994,879517831,akshare.stock_hk_index_daily_sina(HSMBI)
2022-04-12,3015.94,3024.06,2988.13,2997.46997,851696473,akshare.stock_hk_index_daily_sina(HSMBI)
2022-04-13,2997.83,3020.17,2987.02,3007.48999,739590581,akshare.stock_hk_index_daily_sina(HSMBI)
2022-04-14,3020.78,3028.79,3001.56,3013.53003,807490071,akshare.stock_hk_index_daily_sina(HSMBI)
2022-04-19,2956.15,2963.34,2913.83,2957.70996,1342639991,akshare.stock_hk_index_daily_sina(HSMBI)
2022-04-20,2937.9,2948.85,2915.33,2924.3501,854697530,akshare.stock_hk_index_daily_sina(HSMBI)
2022-04-21,2915.98,2949.77,2911.62,2928.32007,978014490,akshare.stock_hk_index_daily_sina(HSMBI)
2022-04-22,2903.99,2945.69,2903.99,2938.62988,1308164102,akshare.stock_hk_index_daily_sina(HSMBI)
2022-04-25,2898.39,2898.39,2844.54,2850.55005,1463748687,akshare.stock_hk_index_daily_sina(HSMBI)
2022-04-26,2844.15,2854.09,2796.74,2805.37012,1294668345,akshare.stock_hk_index_daily_sina(HSMBI)
2022-04-27,2778.69,2807.92,2772.46,2797.05005,1003617699,akshare.stock_hk_index_daily_sina(HSMBI)
2022-04-28,2807.97,2873.25,2799.75,2873.25,1132279835,akshare.stock_hk_index_daily_sina(HSMBI)
2022-04-29,2852.78,2868.03,2815.59,2868.03003,1075184332,akshare.stock_hk_index_daily_sina(HSMBI)
2022-05-03,2823.43,2860.58,2810.86,2857.72998,839493018,akshare.stock_hk_index_daily_sina(HSMBI)
2022-05-04,2860.34,2878.92,2856.34,2874.11011,540340281,akshare.stock_hk_index_daily_sina(HSMBI)
2022-05-05,2885.86,2898.49,2832.74,2841.25,836036023,akshare.stock_hk_index_daily_sina(HSMBI)
2022-05-06,2816.45,2819.01,2773.58,2777.67993,938050666,akshare.stock_hk_index_daily_sina(HSMBI)
2022-05-10,2738.47,2771.71,2714.11,2755.47998,1114330267,akshare.stock_hk_index_daily_sina(HSMBI)
2022-05-11,2753.76,2755.02,2730.78,2748.34009,732248221,akshare.stock_hk_index_daily_sina(HSMBI)
2022-05-12,2741.1,2745.62,2702.93,2709.06006,1122376330,akshare.stock_hk_index_daily_sina(HSMBI)
2022-05-13,2714.26,2748.71,2714.26,2743.73999,893494048,akshare.stock_hk_index_daily_sina(HSMBI)
2022-05-16,2747.95,2751.37,2723.75,2740.8501,650956563,akshare.stock_hk_index_daily_sina(HSMBI)
2022-05-17,2767.3,2785.31,2753.84,2779.61011,860826406,akshare.stock_hk_index_daily_sina(HSMBI)
2022-05-18,2781.18,2788.17,2757.04,2778.62988,899454197,akshare.stock_hk_index_daily_sina(HSMBI)
2022-05-19,2762.07,2783.5,2744.95,2772.15991,993265527,akshare.stock_hk_index_daily_sina(HSMBI)
2022-05-20,2799.17,2844.75,2798.84,2837.65991,1024117016,akshare.stock_hk_index_daily_sina(HSMBI)
2022-05-23,2830.77,2847.85,2812.16,2828.94995,670202093,akshare.stock_hk_index_daily_sina(HSMBI)
2022-05-24,2829.54,2844.27,2811.29,2822.07007,671221431,akshare.stock_hk_index_daily_sina(HSMBI)
2022-05-25,2825.59,2853.32,2816.9,2834.08008,876565960,akshare.stock_hk_index_daily_sina(HSMBI)
2022-05-26,2846.09,2846.09,2814.11,2833.80005,712062174,akshare.stock_hk_index_daily_sina(HSMBI)
2022-05-27,2853.77,2865.4,2840.86,2865.3999,1017766555,akshare.stock_hk_index_daily_sina(HSMBI)
2022-05-30,2873.3,2885.89,2849.22,2857.41992,1083029526,akshare.stock_hk_index_daily_sina(HSMBI)
2022-05-31,2866.95,2884.41,2848.66,2884.40991,1807170030,akshare.stock_hk_index_daily_sina(HSMBI)
2022-06-01,2890.15,2890.15,2852.99,2867.87012,996626678,akshare.stock_hk_index_daily_sina(HSMBI)
2022-06-02,2850.11,2859.66,2825.02,2846.81006,738862487,akshare.stock_hk_index_daily_sina(HSMBI)
2022-06-06,2844.52,2866.06,2811.66,2859.76001,888181748,akshare.stock_hk_index_daily_sina(HSMBI)
2022-06-07,2839.73,2853.12,2821.68,2845.07007,794860693,akshare.stock_hk_index_daily_sina(HSMBI)
2022-06-08,2854.57,2854.57,2826.26,2832.66992,1042387097,akshare.stock_hk_index_daily_sina(HSMBI)
2022-06-09,2814.58,2847.88,2814.58,2835.67993,942707743,akshare.stock_hk_index_daily_sina(HSMBI)
2022-06-10,2822.94,2829.89,2808.59,2821.87012,1012804734,akshare.stock_hk_index_daily_sina(HSMBI)
2022-06-13,2783.34,2793.61,2773.14,2788.84009,1041483780,akshare.stock_hk_index_daily_sina(HSMBI)
2022-06-14,2773.48,2803.55,2772.44,2790.19995,794976454,akshare.stock_hk_index_daily_sina(HSMBI)
2022-06-15,2772.99,2821.67,2772.99,2805.71997,931321681,akshare.stock_hk_index_daily_sina(HSMBI)
2022-06-16,2816.61,2816.7,2769.5,2780.20996,958958139,akshare.stock_hk_index_daily_sina(HSMBI)
2022-06-17,2775.86,2801.68,2774.78,2788.44995,1284453242,akshare.stock_hk_index_daily_sina(HSMBI)
2022-06-20,2779.29,2789.85,2770.89,2787.23999,611920851,akshare.stock_hk_index_daily_sina(HSMBI)
2022-06-21,2791.57,2847.19,2791.57,2843.79004,927792325,akshare.stock_hk_index_daily_sina(HSMBI)
2022-06-22,2835.89,2839.62,2799.16,2804.30005,852573019,akshare.stock_hk_index_daily_sina(HSMBI)
2022-06-23,2814.31,2831.26,2805.3,2820.13989,689741219,akshare.stock_hk_index_daily_sina(HSMBI)
2022-06-24,2820.66,2836.93,2805.7,2816.90991,801904590,akshare.stock_hk_index_daily_sina(HSMBI)
2022-06-27,2821.41,2845.39,2802.02,2834.09009,894310269,akshare.stock_hk_index_daily_sina(HSMBI)
2022-06-28,2835.82,2868.73,2830.17,2866.48999,1104458465,akshare.stock_hk_index_daily_sina(HSMBI)
2022-06-29,2823.35,2852.26,2823.35,2832.06006,1373951759,akshare.stock_hk_index_daily_sina(HSMBI)
2022-06-30,2824.75,2860.76,2824.75,2853.46997,1469105304,akshare.stock_hk_index_daily_sina(HSMBI)
2022-07-04,2781.14,2781.14,2758.43,2776.81006,1092360178,akshare.stock_hk_index_daily_sina(HSMBI)
2022-07-05,2782.26,2807.34,2769.36,2774.40991,999433728,akshare.stock_hk_index_daily_sina(HSMBI)
2022-07-06,2765.14,2771.96,2712.97,2730.92993,1400587009,akshare.stock_hk_index_daily_sina(HSMBI)
2022-07-07,2641.06,2659.17,2627.88,2657.5,812334222,akshare.stock_hk_index_daily_sina(HSMBI)
2022-07-08,2678.32,2678.32,2643.03,2657.30005,616626961,akshare.stock_hk_index_daily_sina(HSMBI)
2022-07-11,2649.68,2655.52,2618.78,2629.56006,657826867,akshare.stock_hk_index_daily_sina(HSMBI)
2022-07-12,2625.29,2645.72,2610.53,2610.53003,820301783,akshare.stock_hk_index_daily_sina(HSMBI)
2022-07-13,2606.71,2616.91,2538.24,2539.25,1179271315,akshare.stock_hk_index_daily_sina(HSMBI)
2022-07-14,2531.97,2532.26,2461.1,2475.88989,1592211966,akshare.stock_hk_index_daily_sina(HSMBI)
2022-07-15,2451.31,2473.91,2429.92,2437.28003,1506826185,akshare.stock_hk_index_daily_sina(HSMBI)
2022-07-18,2455.22,2510.94,2451.0,2506.73999,895859072,akshare.stock_hk_index_daily_sina(HSMBI)
2022-07-19,2488.22,2507.23,2480.21,2496.48999,546099931,akshare.stock_hk_index_daily_sina(HSMBI)
2022-07-20,2507.03,2528.32,2507.03,2512.41992,610052469,akshare.stock_hk_index_daily_sina(HSMBI)
2022-07-21,2505.93,2508.83,2474.41,2479.57007,833913853,akshare.stock_hk_index_daily_sina(HSMBI)
2022-07-22,2489.12,2510.05,2483.22,2493.57007,640338764,akshare.stock_hk_index_daily_sina(HSMBI)
2022-07-25,2492.73,2522.91,2490.68,2516.17993,545629758,akshare.stock_hk_index_daily_sina(HSMBI)
2022-07-26,2520.83,2547.33,2516.39,2537.11011,655558317,akshare.stock_hk_index_daily_sina(HSMBI)
2022-07-27,2530.8,2538.05,2521.67,2536.07007,590482660,akshare.stock_hk_index_daily_sina(HSMBI)
2022-07-28,2530.38,2535.7,2506.18,2523.18994,633480886,akshare.stock_hk_index_daily_sina(HSMBI)
2022-07-29,2524.83,2544.89,2496.41,2509.8501,835868236,akshare.stock_hk_index_daily_sina(HSMBI)
2022-08-01,2513.51,2513.51,2472.51,2498.91992,808426330,akshare.stock_hk_index_daily_sina(HSMBI)
2022-08-02,2475.94,2477.0,2439.58,2451.56006,984386791,akshare.stock_hk_index_daily_sina(HSMBI)
2022-08-03,2448.44,2454.3,2425.61,2433.63989,851068426,akshare.stock_hk_index_daily_sina(HSMBI)
2022-08-04,2441.06,2461.71,2438.6,2455.75,811145378,akshare.stock_hk_index_daily_sina(HSMBI)
2022-08-05,2459.94,2483.17,2452.43,2474.91992,502832302,akshare.stock_hk_index_daily_sina(HSMBI)
2022-08-08,2477.82,2496.04,2465.49,2478.41992,501214507,akshare.stock_hk_index_daily_sina(HSMBI)
2022-08-09,2483.58,2499.7,2464.79,2472.8999,505409788,akshare.stock_hk_index_daily_sina(HSMBI)
2022-08-10,2472.5,2485.0,2434.43,2446.87988,670323164,akshare.stock_hk_index_daily_sina(HSMBI)
2022-08-11,2465.03,2487.05,2451.38,2485.76001,623673523,akshare.stock_hk_index_daily_sina(HSMBI)
2022-08-12,2487.66,2498.78,2475.6,2494.91992,489235260,akshare.stock_hk_index_daily_sina(HSMBI)
2022-08-15,2481.27,2492.24,2463.56,2471.03003,419919314,akshare.stock_hk_index_daily_sina(HSMBI)
2022-08-16,2477.86,2485.89,2453.73,2460.67993,530334776,akshare.stock_hk_index_daily_sina(HSMBI)
2022-08-17,2479.72,2484.19,2458.21,2467.56006,451438434,akshare.stock_hk_index_daily_sina(HSMBI)
2022-08-18,2468.95,2468.95,2433.81,2439.32007,514132780,akshare.stock_hk_index_daily_sina(HSMBI)
2022-08-19,2431.67,2458.29,2431.39,2444.92993,399463613,akshare.stock_hk_index_daily_sina(HSMBI)
2022-08-22,2429.51,2452.23,2429.51,2443.22998,481266501,akshare.stock_hk_index_daily_sina(HSMBI)
2022-08-23,2440.17,2444.39,2397.43,2401.87012,778513586,akshare.stock_hk_index_daily_sina(HSMBI)
2022-08-24,2405.66,2407.43,2385.09,2393.30005,708248223,akshare.stock_hk_index_daily_sina(HSMBI)
2022-08-25,2398.8,2438.04,2394.23,2433.12988,480961561,akshare.stock_hk_index_daily_sina(HSMBI)
2022-08-26,2437.29,2448.85,2427.36,2446.87012,493985024,akshare.stock_hk_index_daily_sina(HSMBI)
2022-08-29,2415.85,2435.25,2411.27,2428.94995,538787432,akshare.stock_hk_index_daily_sina(HSMBI)
2022-08-30,2423.93,2431.26,2399.08,2423.62012,649063886,akshare.stock_hk_index_daily_sina(HSMBI)
2022-08-31,2402.07,2441.75,2397.93,2433.70996,1134215955,akshare.stock_hk_index_daily_sina(HSMBI)
2022-09-01,2416.66,2430.92,2410.7,2422.70996,817310012,akshare.stock_hk_index_daily_sina(HSMBI)
2022-09-02,2424.83,2425.86,2399.42,2405.37988,774466536,akshare.stock_hk_index_daily_sina(HSMBI)
2022-09-05,2399.58,2404.55,2376.45,2395.23999,773546409,akshare.stock_hk_index_daily_sina(HSMBI)
2022-09-06,2397.83,2416.5,2381.63,2381.70996,576603882,akshare.stock_hk_index_daily_sina(HSMBI)
2022-09-07,2366.72,2377.63,2356.47,2372.42993,689617672,akshare.stock_hk_index_daily_sina(HSMBI)
2022-09-08,2371.68,2375.57,2348.69,2355.04004,700677271,akshare.stock_hk_index_daily_sina(HSMBI)
2022-09-09,2360.02,2411.31,2354.19,2404.43994,629973936,akshare.stock_hk_index_daily_sina(HSMBI)
2022-09-13,2395.03,2428.98,2395.03,2405.79004,653480739,akshare.stock_hk_index_daily_sina(HSMBI)
2022-09-14,2382.5,2385.57,2368.86,2370.03003,670694885,akshare.stock_hk_index_daily_sina(HSMBI)
2022-09-15,2369.28,2399.88,2369.28,2389.58008,649755170,akshare.stock_hk_index_daily_sina(HSMBI)
2022-09-16,2375.67,2388.82,2366.54,2373.19995,1191540294,akshare.stock_hk_index_daily_sina(HSMBI)
2022-09-19,2372.97,2382.5,2360.85,2370.78003,571856589,akshare.stock_hk_index_daily_sina(HSMBI)
2022-09-20,2380.01,2381.22,2356.89,2369.8501,486713424,akshare.stock_hk_index_daily_sina(HSMBI)
2022-09-21,2363.53,2372.8,2347.83,2355.93994,534587177,akshare.stock_hk_index_daily_sina(HSMBI)
2022-09-22,2334.99,2343.65,2328.68,2341.06006,583524230,akshare.stock_hk_index_daily_sina(HSMBI)
2022-09-23,2337.24,2357.77,2333.56,2342.3999,529285048,akshare.stock_hk_index_daily_sina(HSMBI)
2022-09-26,2338.92,2338.92,2298.26,2304.96997,849601488,akshare.stock_hk_index_daily_sina(HSMBI)
2022-09-27,2304.11,2308.81,2277.26,2286.77002,709892926,akshare.stock_hk_index_daily_sina(HSMBI)
2022-09-28,2277.9,2277.9,2231.28,2234.59009,1238321689,akshare.stock_hk_index_daily_sina(HSMBI)
2022-09-29,2238.79,2271.24,2197.34,2210.37012,960463459,akshare.stock_hk_index_daily_sina(HSMBI)
2022-09-30,2211.64,2258.61,2211.38,2252.84009,886586000,akshare.stock_hk_index_daily_sina(HSMBI)
2022-10-03,2244.14,2246.89,2187.63,2201.37988,583439966,akshare.stock_hk_index_daily_sina(HSMBI)
2022-10-05,2250.18,2316.45,2239.85,2301.42993,979587738,akshare.stock_hk_index_daily_sina(HSMBI)
2022-10-06,2313.82,2327.87,2282.5,2287.20996,433735271,akshare.stock_hk_index_daily_sina(HSMBI)
2022-10-07,2282.49,2286.88,2260.43,2269.36011,358118196,akshare.stock_hk_index_daily_sina(HSMBI)
2022-10-10,2239.08,2249.03,2218.06,2225.33008,661199803,akshare.stock_hk_index_daily_sina(HSMBI)
2022-10-11,2223.58,2228.23,2182.53,2191.65991,669818360,akshare.stock_hk_index_daily_sina(HSMBI)
2022-10-12,2184.04,2192.94,2160.26,2170.47998,963581695,akshare.stock_hk_index_daily_sina(HSMBI)
2022-10-13,2162.68,2166.81,2137.71,2140.31006,821246555,akshare.stock_hk_index_daily_sina(HSMBI)
2022-10-14,2160.97,2186.36,2144.54,2150.02002,834738988,akshare.stock_hk_index_daily_sina(HSMBI)
2022-10-17,2155.96,2186.42,2152.34,2171.09009,793306980,akshare.stock_hk_index_daily_sina(HSMBI)
2022-10-18,2186.02,2194.94,2166.69,2183.20996,725102978,akshare.stock_hk_index_daily_sina(HSMBI)
2022-10-19,2176.46,2204.78,2172.26,2175.58008,602409877,akshare.stock_hk_index_daily_sina(HSMBI)
2022-10-20,2160.9,2188.81,2151.56,2181.52002,921706201,akshare.stock_hk_index_daily_sina(HSMBI)
2022-10-21,2184.63,2212.2,2171.05,2195.51001,800626671,akshare.stock_hk_index_daily_sina(HSMBI)
2022-10-24,2183.19,2183.19,2107.41,2122.12012,1276690544,akshare.stock_hk_index_daily_sina(HSMBI)
2022-10-25,2140.03,2142.6,2104.67,2137.48999,1183406938,akshare.stock_hk_index_daily_sina(HSMBI)
2022-10-26,2128.65,2144.83,2107.8,2118.68994,838061860,akshare.stock_hk_index_daily_sina(HSMBI)
2022-10-27,2140.18,2157.78,2117.99,2119.63989,914832473,akshare.stock_hk_index_daily_sina(HSMBI)
2022-10-28,2121.74,2124.84,2087.68,2097.42993,807876875,akshare.stock_hk_index_daily_sina(HSMBI)
2022-10-31,2095.87,2097.95,2015.98,2020.60999,1473766605,akshare.stock_hk_index_daily_sina(HSMBI)
2022-11-01,2036.01,2065.21,2013.17,2058.87012,1291285979,akshare.stock_hk_index_daily_sina(HSMBI)
2022-11-02,2055.57,2100.16,2040.15,2084.29004,710026025,akshare.stock_hk_index_daily_sina(HSMBI)
2022-11-03,2063.24,2078.88,2033.95,2041.56995,737137069,akshare.stock_hk_index_daily_sina(HSMBI)
2022-11-04,2044.22,2126.59,2041.36,2103.45996,1097614641,akshare.stock_hk_index_daily_sina(HSMBI)
2022-11-07,2096.07,2168.41,2096.07,2156.40991,902664319,akshare.stock_hk_index_daily_sina(HSMBI)
2022-11-08,2163.8,2170.46,2139.74,2159.11011,526778462,akshare.stock_hk_index_daily_sina(HSMBI)
2022-11-09,2167.04,2193.08,2160.74,2174.17993,836907715,akshare.stock_hk_index_daily_sina(HSMBI)
2022-11-10,2170.31,2170.31,2128.68,2144.67993,615907159,akshare.stock_hk_index_daily_sina(HSMBI)
2022-11-11,2201.97,2261.85,2190.81,2254.96997,1615174202,akshare.stock_hk_index_daily_sina(HSMBI)
2022-11-14,2311.58,2331.8,2275.61,2285.34009,1325851394,akshare.stock_hk_index_daily_sina(HSMBI)
2022-11-15,2298.59,2328.02,2296.72,2327.34009,1040553942,akshare.stock_hk_index_daily_sina(HSMBI)
2022-11-16,2313.85,2325.87,2297.8,2303.8999,980586610,akshare.stock_hk_index_daily_sina(HSMBI)
2022-11-17,2295.04,2302.23,2255.71,2279.71997,785139745,akshare.stock_hk_index_daily_sina(HSMBI)
2022-11-18,2282.42,2282.5,2242.1,2247.91992,735012921,akshare.stock_hk_index_daily_sina(HSMBI)
2022-11-21,2230.43,2257.08,2217.16,2249.0,773816330,akshare.stock_hk_index_daily_sina(HSMBI)
2022-11-22,2257.5,2292.93,2247.69,2282.52002,1055021613,akshare.stock_hk_index_daily_sina(HSMBI)
2022-11-23,2295.68,2318.27,2284.28,2293.8999,868212478,akshare.stock_hk_index_daily_sina(HSMBI)
2022-11-24,2302.08,2320.41,2299.58,2314.26001,801143975,akshare.stock_hk_index_daily_sina(HSMBI)
2022-11-25,2316.87,2368.57,2309.64,2362.56006,1087041624,akshare.stock_hk_index_daily_sina(HSMBI)
2022-11-28,2317.79,2317.79,2260.56,2304.41992,1001661462,akshare.stock_hk_index_daily_sina(HSMBI)
2022-11-29,2325.75,2403.19,2325.75,2396.65991,1586551679,akshare.stock_hk_index_daily_sina(HSMBI)
2022-11-30,2387.07,2418.23,2369.19,2413.73999,2204105942,akshare.stock_hk_index_daily_sina(HSMBI)
2022-12-01,2433.13,2436.39,2391.22,2396.90991,1116463426,akshare.stock_hk_index_daily_sina(HSMBI)
2022-12-02,2402.06,2403.9,2356.2,2362.37988,1053509959,akshare.stock_hk_index_daily_sina(HSMBI)
2022-12-05,2390.67,2431.57,2382.98,2425.6499,1454117901,akshare.stock_hk_index_daily_sina(HSMBI)
2022-12-06,2415.24,2423.41,2396.51,2417.77002,861804378,akshare.stock_hk_index_daily_sina(HSMBI)
2022-12-07,2421.42,2425.05,2363.29,2363.33008,1756158949,akshare.stock_hk_index_daily_sina(HSMBI)
2022-12-08,2381.18,2409.66,2381.18,2404.54004,806902677,akshare.stock_hk_index_daily_sina(HSMBI)
2022-12-09,2406.97,2456.41,2406.97,2450.03003,1052641837,akshare.stock_hk_index_daily_sina(HSMBI)
2022-12-12,2436.48,2438.11,2408.17,2422.08008,834101974,akshare.stock_hk_index_daily_sina(HSMBI)
2022-12-13,2422.58,2428.94,2406.02,2418.27002,761163710,akshare.stock_hk_index_daily_sina(HSMBI)
2022-12-14,2438.42,2450.87,2417.89,2436.07007,779035777,akshare.stock_hk_index_daily_sina(HSMBI)
2022-12-15,2432.96,2436.4,2401.62,2424.34009,579791151,akshare.stock_hk_index_daily_sina(HSMBI)
2022-12-16,2436.26,2459.65,2422.54,2437.34009,1016995822,akshare.stock_hk_index_daily_sina(HSMBI)
2022-12-19,2436.45,2451.1,2402.33,2416.27002,637562079,akshare.stock_hk_index_daily_sina(HSMBI)
2022-12-20,2409.57,2414.4,2381.78,2405.01001,646329935,akshare.stock_hk_index_daily_sina(HSMBI)
2022-12-21,2409.64,2422.98,2399.8,2420.25,447850073,akshare.stock_hk_index_daily_sina(HSMBI)
2022-12-22,2437.62,2445.43,2429.29,2443.97998,630093897,akshare.stock_hk_index_daily_sina(HSMBI)
2022-12-23,2428.6,2438.92,2414.11,2425.34009,364446089,akshare.stock_hk_index_daily_sina(HSMBI)
2022-12-28,2439.65,2522.6,2439.65,2511.3999,1285624638,akshare.stock_hk_index_daily_sina(HSMBI)
2022-12-29,2489.53,2504.97,2470.42,2504.96997,817607767,akshare.stock_hk_index_daily_sina(HSMBI)
2022-12-30,2529.7,2531.26,2508.43,2510.26001,732025170,akshare.stock_hk_index_daily_sina(HSMBI)
2023-01-03,2480.32,2545.23,2456.56,2539.07007,916545257,akshare.stock_hk_index_daily_sina(HSMBI)
2023-01-04,2556.9,2592.64,2547.34,2592.63989,1001505025,akshare.stock_hk_index_daily_sina(HSMBI)
2023-01-05,2613.08,2613.08,2580.6,2588.59009,1008058804,akshare.stock_hk_index_daily_sina(HSMBI)
2023-01-06,2608.02,2608.02,2575.59,2597.8999,949686380,akshare.stock_hk_index_daily_sina(HSMBI)
2023-01-09,2612.61,2625.7,2603.15,2616.94995,825093379,akshare.stock_hk_index_daily_sina(HSMBI)
2023-01-10,2622.71,2626.26,2600.27,2610.31006,1069813281,akshare.stock_hk_index_daily_sina(HSMBI)
2023-01-11,2616.01,2640.65,2609.17,2619.75,1113438055,akshare.stock_hk_index_daily_sina(HSMBI)
2023-01-12,2631.55,2638.94,2617.96,2634.36011,1031019073,akshare.stock_hk_index_daily_sina(HSMBI)
2023-01-13,2644.68,2667.07,2638.0,2660.92993,929885536,akshare.stock_hk_index_daily_sina(HSMBI)
2023-01-16,2669.77,2701.26,2664.89,2684.12012,910971837,akshare.stock_hk_index_daily_sina(HSMBI)
2023-01-17,2680.61,2682.35,2664.1,2676.73999,1021019711,akshare.stock_hk_index_daily_sina(HSMBI)
2023-01-18,2677.56,2688.06,2669.85,2687.09009,947374128,akshare.stock_hk_index_daily_sina(HSMBI)
2023-01-19,2674.35,2688.25,2658.76,2684.77002,749250818,akshare.stock_hk_index_daily_sina(HSMBI)
2023-01-20,2691.83,2716.68,2680.44,2715.73999,705166871,akshare.stock_hk_index_daily_sina(HSMBI)
2023-01-26,2736.71,2765.7,2734.98,2765.69995,778627705,akshare.stock_hk_index_daily_sina(HSMBI)
2023-01-27,2766.43,2779.82,2751.69,2779.82007,692174537,akshare.stock_hk_index_daily_sina(HSMBI)
2023-01-30,2774.85,2774.94,2717.75,2727.79004,1577452873,akshare.stock_hk_index_daily_sina(HSMBI)
2023-01-31,2747.73,2747.73,2690.88,2701.47998,1541820647,akshare.stock_hk_index_daily_sina(HSMBI)
2023-02-01,2704.07,2714.65,2679.07,2702.54004,995915263,akshare.stock_hk_index_daily_sina(HSMBI)
2023-02-02,2719.98,2719.98,2677.41,2684.45996,884045966,akshare.stock_hk_index_daily_sina(HSMBI)
2023-02-03,2688.23,2688.23,2637.19,2647.17993,957043005,akshare.stock_hk_index_daily_sina(HSMBI)
2023-02-06,2627.08,2627.08,2590.6,2601.48999,922371800,akshare.stock_hk_index_daily_sina(HSMBI)
2023-02-07,2604.48,2633.83,2603.18,2614.82007,759953446,akshare.stock_hk_index_daily_sina(HSMBI)
2023-02-08,2619.65,2645.64,2619.01,2631.41992,637032617,akshare.stock_hk_index_daily_sina(HSMBI)
2023-02-09,2618.75,2637.36,2613.59,2620.21997,778695123,akshare.stock_hk_index_daily_sina(HSMBI)
2023-02-10,2619.08,2623.46,2599.05,2606.07007,578314809,akshare.stock_hk_index_daily_sina(HSMBI)
2023-02-13,2595.89,2601.86,2578.06,2590.6499,645400634,akshare.stock_hk_index_daily_sina(HSMBI)
2023-02-14,2601.74,2615.3,2595.27,2597.43994,533555270,akshare.stock_hk_index_daily_sina(HSMBI)
2023-02-15,2602.91,2608.74,2559.28,2571.21997,969303783,akshare.stock_hk_index_daily_sina(HSMBI)
2023-02-16,2576.05,2590.74,2563.97,2571.84009,878953916,akshare.stock_hk_index_daily_sina(HSMBI)
2023-02-17,2568.11,2579.8,2560.04,2564.32007,725258934,akshare.stock_hk_index_daily_sina(HSMBI)
2023-02-20,2563.03,2612.22,2562.47,2604.43994,825415942,akshare.stock_hk_index_daily_sina(HSMBI)
2023-02-21,2602.34,2623.17,2596.15,2598.82007,734971527,akshare.stock_hk_index_daily_sina(HSMBI)
2023-02-22,2607.6,2611.28,2570.06,2575.36011,617759411,akshare.stock_hk_index_daily_sina(HSMBI)
2023-02-23,2571.58,2594.81,2571.58,2575.38989,644013910,akshare.stock_hk_index_daily_sina(HSMBI)
2023-02-24,2565.78,2575.4,2542.54,2549.86011,770023133,akshare.stock_hk_index_daily_sina(HSMBI)
2023-02-27,2543.16,2547.9,2518.54,2527.46997,640973215,akshare.stock_hk_index_daily_sina(HSMBI)
2023-02-28,2527.61,2548.73,2499.22,2499.21997,1057492778,akshare.stock_hk_index_daily_sina(HSMBI)
2023-03-01,2504.51,2587.64,2504.51,2574.41992,1112387381,akshare.stock_hk_index_daily_sina(HSMBI)
2023-03-02,2563.06,2598.71,2554.37,2583.22998,828252667,akshare.stock_hk_index_daily_sina(HSMBI)
2023-03-03,2604.72,2615.57,2586.69,2602.09009,830469826,akshare.stock_hk_index_daily_sina(HSMBI)
2023-03-06,2583.28,2622.73,2576.94,2595.27002,912525362,akshare.stock_hk_index_daily_sina(HSMBI)
2023-03-07,2595.0,2666.1,2588.94,2618.3501,1612855827,akshare.stock_hk_index_daily_sina(HSMBI)
2023-03-08,2592.54,2597.16,2567.71,2577.12988,1040487344,akshare.stock_hk_index_daily_sina(HSMBI)
2023-03-09,2571.45,2593.24,2538.41,2544.94995,880709643,akshare.stock_hk_index_daily_sina(HSMBI)
2023-03-10,2527.9,2549.68,2504.58,2512.16992,1212075232,akshare.stock_hk_index_daily_sina(HSMBI)
2023-03-13,2510.07,2560.7,2510.07,2558.0,1127759273,akshare.stock_hk_index_daily_sina(HSMBI)
2023-03-14,2549.28,2561.34,2504.21,2517.32007,1126855807,akshare.stock_hk_index_daily_sina(HSMBI)
2023-03-15,2537.9,2587.76,2537.9,2579.56006,1172766225,akshare.stock_hk_index_daily_sina(HSMBI)
2023-03-16,2557.78,2593.16,2551.33,2575.70996,1269374945,akshare.stock_hk_index_daily_sina(HSMBI)
2023-03-17,2601.25,2617.16,2582.47,2600.77002,1707018799,akshare.stock_hk_index_daily_sina(HSMBI)
2023-03-20,2588.76,2612.45,2564.32,2578.95996,1073262645,akshare.stock_hk_index_daily_sina(HSMBI)
2023-03-21,2573.82,2599.36,2548.27,2562.69995,685186822,akshare.stock_hk_index_daily_sina(HSMBI)
2023-03-22,2569.7,2607.9,2569.7,2595.19995,926465088,akshare.stock_hk_index_daily_sina(HSMBI)
2023-03-23,2598.69,2623.57,2588.24,2623.48999,855329604,akshare.stock_hk_index_daily_sina(HSMBI)
2023-03-24,2608.21,2614.89,2582.2,2585.61011,729540166,akshare.stock_hk_index_daily_sina(HSMBI)
2023-03-27,2583.93,2584.82,2554.2,2558.6001,665047644,akshare.stock_hk_index_daily_sina(HSMBI)
2023-03-28,2572.98,2601.25,2557.97,2588.12012,619819338,akshare.stock_hk_index_daily_sina(HSMBI)
2023-03-29,2603.25,2617.87,2585.27,2609.86011,1073659727,akshare.stock_hk_index_daily_sina(HSMBI)
2023-03-30,2606.18,2616.35,2576.38,2607.08008,873873415,akshare.stock_hk_index_daily_sina(HSMBI)
2023-03-31,2616.64,2628.18,2589.71,2590.1499,1340363974,akshare.stock_hk_index_daily_sina(HSMBI)
2023-04-03,2591.71,2604.79,2573.32,2582.95996,835990280,akshare.stock_hk_index_daily_sina(HSMBI)
2023-04-04,2590.13,2603.31,2582.6,2597.42993,986940391,akshare.stock_hk_index_daily_sina(HSMBI)
2023-04-06,2598.33,2613.46,2590.77,2599.55005,799242208,akshare.stock_hk_index_daily_sina(HSMBI)
2023-04-11,2624.3,2630.17,2606.87,2625.76001,1077390046,akshare.stock_hk_index_daily_sina(HSMBI)
2023-04-12,2633.88,2640.12,2618.24,2639.81006,814749074,akshare.stock_hk_index_daily_sina(HSMBI)
2023-04-13,2621.74,2653.36,2614.17,2653.36011,836039057,akshare.stock_hk_index_daily_sina(HSMBI)
2023-04-14,2666.94,2673.77,2644.28,2670.30005,816106633,akshare.stock_hk_index_daily_sina(HSMBI)
2023-04-17,2666.18,2727.8,2655.15,2720.47998,1464255123,akshare.stock_hk_index_daily_sina(HSMBI)
2023-04-18,2721.25,2748.07,2707.95,2722.46997,1097543820,akshare.stock_hk_index_daily_sina(HSMBI)
2023-04-19,2719.96,2726.32,2697.27,2708.77002,808132727,akshare.stock_hk_index_daily_sina(HSMBI)
2023-04-20,2712.03,2723.25,2689.75,2710.81006,744305897,akshare.stock_hk_index_daily_sina(HSMBI)
2023-04-21,2708.72,2736.54,2668.3,2686.08008,1067203126,akshare.stock_hk_index_daily_sina(HSMBI)
2023-04-24,2684.06,2690.34,2637.53,2659.34009,832767297,akshare.stock_hk_index_daily_sina(HSMBI)
2023-04-25,2659.17,2680.93,2655.07,2675.31006,865619238,akshare.stock_hk_index_daily_sina(HSMBI)
2023-04-26,2674.7,2674.7,2634.05,2664.27002,758651572,akshare.stock_hk_index_daily_sina(HSMBI)
2023-04-27,2652.62,2666.38,2630.04,2654.75,1052050430,akshare.stock_hk_index_daily_sina(HSMBI)
2023-04-28,2654.07,2693.66,2647.84,2657.30005,1198916005,akshare.stock_hk_index_daily_sina(HSMBI)
2023-05-02,2681.2,2702.29,2650.85,2672.77002,686075122,akshare.stock_hk_index_daily_sina(HSMBI)
2023-05-03,2654.86,2661.42,2629.03,2642.86011,547884478,akshare.stock_hk_index_daily_sina(HSMBI)
2023-05-04,2642.03,2770.32,2638.94,2770.32007,2236262784,akshare.stock_hk_index_daily_sina(HSMBI)
2023-05-05,2770.7,2827.98,2769.55,2805.59009,2528435070,akshare.stock_hk_index_daily_sina(HSMBI)
2023-05-08,2804.85,2909.85,2804.1,2909.8501,3410764168,akshare.stock_hk_index_daily_sina(HSMBI)
2023-05-09,2912.14,2937.18,2840.04,2860.61011,2738321990,akshare.stock_hk_index_daily_sina(HSMBI)
2023-05-10,2870.69,2870.69,2770.23,2781.97998,1790349943,akshare.stock_hk_index_daily_sina(HSMBI)
2023-05-11,2793.19,2818.79,2761.66,2779.15991,1223050970,akshare.stock_hk_index_daily_sina(HSMBI)
2023-05-12,2774.03,2774.03,2716.18,2720.12012,1272079962,akshare.stock_hk_index_daily_sina(HSMBI)
2023-05-15,2722.23,2772.02,2692.71,2768.77002,1488406637,akshare.stock_hk_index_daily_sina(HSMBI)
2023-05-16,2779.52,2802.42,2748.79,2767.47998,871663120,akshare.stock_hk_index_daily_sina(HSMBI)
2023-05-17,2756.45,2787.1,2717.59,2723.53003,1066441230,akshare.stock_hk_index_daily_sina(HSMBI)
2023-05-18,2742.11,2791.6,2733.91,2772.61011,1009556075,akshare.stock_hk_index_daily_sina(HSMBI)
2023-05-19,2769.02,2775.9,2728.93,2750.41992,920404229,akshare.stock_hk_index_daily_sina(HSMBI)
2023-05-22,2754.77,2782.55,2745.33,2762.15991,817492063,akshare.stock_hk_index_daily_sina(HSMBI)
2023-05-23,2768.57,2784.93,2705.89,2716.45996,967740290,akshare.stock_hk_index_daily_sina(HSMBI)
2023-05-24,2709.37,2712.61,2660.52,2676.81006,1302140021,akshare.stock_hk_index_daily_sina(HSMBI)
2023-05-25,2644.37,2657.8,2620.72,2627.25,1217722596,akshare.stock_hk_index_daily_sina(HSMBI)
2023-05-29,2634.9,2668.51,2634.9,2649.31006,902361090,akshare.stock_hk_index_daily_sina(HSMBI)
2023-05-30,2643.72,2655.42,2613.74,2631.83008,1116662400,akshare.stock_hk_index_daily_sina(HSMBI)
2023-05-31,2621.71,2628.5,2574.65,2599.83008,2019231095,akshare.stock_hk_index_daily_sina(HSMBI)
2023-06-01,2587.07,2606.7,2566.23,2575.27002,1071110293,akshare.stock_hk_index_daily_sina(HSMBI)
2023-06-02,2591.14,2636.51,2591.14,2620.51001,1334495503,akshare.stock_hk_index_daily_sina(HSMBI)
2023-06-05,2632.56,2657.41,2612.04,2647.06006,758539252,akshare.stock_hk_index_daily_sina(HSMBI)
2023-06-06,2649.4,2692.34,2638.83,2651.45996,835629234,akshare.stock_hk_index_daily_sina(HSMBI)
2023-06-07,2667.7,2692.24,2664.35,2680.19995,937132207,akshare.stock_hk_index_daily_sina(HSMBI)
2023-06-08,2690.48,2721.32,2671.48,2709.67993,983016793,akshare.stock_hk_index_daily_sina(HSMBI)
2023-06-09,2711.85,2728.14,2704.29,2713.45996,770669368,akshare.stock_hk_index_daily_sina(HSMBI)
2023-06-12,2714.8,2717.24,2686.3,2696.80005,789544552,akshare.stock_hk_index_daily_sina(HSMBI)
2023-06-13,2685.91,2690.29,2657.26,2664.19995,1011562887,akshare.stock_hk_index_daily_sina(HSMBI)
2023-06-14,2662.23,2662.23,2602.38,2615.84009,1398403364,akshare.stock_hk_index_daily_sina(HSMBI)
2023-06-15,2630.4,2638.07,2602.1,2632.11011,992029215,akshare.stock_hk_index_daily_sina(HSMBI)
2023-06-16,2628.42,2658.64,2628.42,2645.98999,1322263623,akshare.stock_hk_index_daily_sina(HSMBI)
2023-06-19,2644.16,2654.29,2632.3,2640.30005,675222382,akshare.stock_hk_index_daily_sina(HSMBI)
2023-06-20,2633.86,2637.71,2616.16,2629.66992,712419816,akshare.stock_hk_index_daily_sina(HSMBI)
2023-06-21,2614.79,2632.16,2603.79,2608.72998,762788207,akshare.stock_hk_index_daily_sina(HSMBI)
2023-06-23,2596.61,2600.57,2568.23,2577.75,818318925,akshare.stock_hk_index_daily_sina(HSMBI)
2023-06-26,2571.59,2577.24,2556.03,2558.3999,977648721,akshare.stock_hk_index_daily_sina(HSMBI)
2023-06-27,2558.98,2610.53,2557.27,2601.41992,937240622,akshare.stock_hk_index_daily_sina(HSMBI)
2023-06-28,2602.52,2618.49,2597.68,2606.73999,782078632,akshare.stock_hk_index_daily_sina(HSMBI)
2023-06-29,2608.92,2616.75,2580.47,2588.96997,725048604,akshare.stock_hk_index_daily_sina(HSMBI)
2023-06-30,2588.67,2613.5,2587.82,2597.53003,817802888,akshare.stock_hk_index_daily_sina(HSMBI)
2023-07-03,2604.37,2651.91,2601.67,2637.62988,1349691172,akshare.stock_hk_index_daily_sina(HSMBI)
2023-07-04,2621.81,2638.14,2596.3,2608.5,1301987219,akshare.stock_hk_index_daily_sina(HSMBI)
2023-07-05,2580.84,2580.84,2513.24,2515.41992,1741415763,akshare.stock_hk_index_daily_sina(HSMBI)
2023-07-06,2416.94,2426.21,2347.29,2352.66992,2231740371,akshare.stock_hk_index_daily_sina(HSMBI)
2023-07-07,2340.92,2345.8,2317.93,2325.0,1514417124,akshare.stock_hk_index_daily_sina(HSMBI)
2023-07-10,2324.31,2333.88,2288.66,2295.16992,1129501741,akshare.stock_hk_index_daily_sina(HSMBI)
2023-07-11,2309.78,2320.01,2287.04,2294.40991,1118428082,akshare.stock_hk_index_daily_sina(HSMBI)
2023-07-12,2308.19,2326.13,2299.72,2309.13989,1025063863,akshare.stock_hk_index_daily_sina(HSMBI)
2023-07-13,2330.62,2339.48,2320.7,2325.94995,1286439680,akshare.stock_hk_index_daily_sina(HSMBI)
2023-07-14,2343.02,2355.93,2336.1,2346.84009,1324046813,akshare.stock_hk_index_daily_sina(HSMBI)
2023-07-18,2344.06,2344.06,2296.92,2301.76001,1441168605,akshare.stock_hk_index_daily_sina(HSMBI)
2023-07-19,2283.07,2305.89,2277.88,2298.75,1012036000,akshare.stock_hk_index_daily_sina(HSMBI)
2023-07-20,2307.0,2336.83,2307.0,2315.6001,798404910,akshare.stock_hk_index_daily_sina(HSMBI)
2023-07-21,2323.24,2340.31,2316.86,2331.32007,687028770,akshare.stock_hk_index_daily_sina(HSMBI)
2023-07-24,2317.16,2327.46,2280.42,2286.13989,867478574,akshare.stock_hk_index_daily_sina(HSMBI)
2023-07-25,2317.07,2403.65,2317.07,2392.11011,1171802786,akshare.stock_hk_index_daily_sina(HSMBI)
2023-07-26,2388.79,2398.68,2353.3,2364.04004,696857372,akshare.stock_hk_index_daily_sina(HSMBI)
2023-07-27,2371.32,2406.67,2367.82,2396.56006,1004330235,akshare.stock_hk_index_daily_sina(HSMBI)
2023-07-28,2376.25,2450.89,2371.48,2444.30005,1028856537,akshare.stock_hk_index_daily_sina(HSMBI)
2023-07-31,2461.27,2494.87,2455.51,2472.18994,1457371524,akshare.stock_hk_index_daily_sina(HSMBI)
2023-08-01,2489.16,2494.99,2431.26,2440.55005,995973269,akshare.stock_hk_index_daily_sina(HSMBI)
2023-08-02,2431.37,2437.31,2367.2,2372.92993,1282336387,akshare.stock_hk_index_daily_sina(HSMBI)
2023-08-03,2378.74,2398.86,2362.72,2371.52002,1179739635,akshare.stock_hk_index_daily_sina(HSMBI)
2023-08-04,2387.24,2426.8,2369.29,2377.45996,1109072370,akshare.stock_hk_index_daily_sina(HSMBI)
2023-08-07,2372.71,2380.64,2357.65,2364.25,687066825,akshare.stock_hk_index_daily_sina(HSMBI)
2023-08-08,2345.89,2358.92,2327.12,2337.48999,1050187498,akshare.stock_hk_index_daily_sina(HSMBI)
2023-08-09,2328.4,2339.76,2320.04,2339.76001,737894540,akshare.stock_hk_index_daily_sina(HSMBI)
2023-08-10,2321.86,2342.72,2312.78,2336.77002,785387232,akshare.stock_hk_index_daily_sina(HSMBI)
2023-08-11,2330.63,2331.31,2296.6,2307.70996,847312350,akshare.stock_hk_index_daily_sina(HSMBI)
2023-08-14,2278.51,2278.51,2245.6,2259.54004,1239310424,akshare.stock_hk_index_daily_sina(HSMBI)
2023-08-15,2246.75,2262.3,2238.92,2244.15991,821751879,akshare.stock_hk_index_daily_sina(HSMBI)
2023-08-16,2229.59,2235.98,2200.05,2205.70996,1137000096,akshare.stock_hk_index_daily_sina(HSMBI)
2023-08-17,2179.34,2205.52,2167.55,2194.57007,1360495528,akshare.stock_hk_index_daily_sina(HSMBI)
2023-08-18,2189.7,2233.66,2181.08,2186.23999,1255508877,akshare.stock_hk_index_daily_sina(HSMBI)
2023-08-21,2167.91,2173.41,2144.79,2148.67993,1232272657,akshare.stock_hk_index_daily_sina(HSMBI)
2023-08-22,2145.36,2190.88,2145.36,2170.43994,1137513710,akshare.stock_hk_index_daily_sina(HSMBI)
2023-08-23,2170.21,2189.73,2166.26,2173.93994,818210287,akshare.stock_hk_index_daily_sina(HSMBI)
2023-08-24,2179.73,2196.01,2168.55,2185.23999,854912268,akshare.stock_hk_index_daily_sina(HSMBI)
2023-08-25,2182.48,2225.75,2182.48,2194.56006,796690157,akshare.stock_hk_index_daily_sina(HSMBI)
2023-08-28,2250.18,2264.19,2210.35,2212.86011,923082839,akshare.stock_hk_index_daily_sina(HSMBI)
2023-08-29,2230.29,2265.12,2216.01,2254.31006,1086588572,akshare.stock_hk_index_daily_sina(HSMBI)
2023-08-30,2259.32,2271.9,2241.71,2243.44995,1291501135,akshare.stock_hk_index_daily_sina(HSMBI)
2023-08-31,2243.65,2253.65,2228.21,2229.81006,1988077105,akshare.stock_hk_index_daily_sina(HSMBI)
2023-09-04,2245.82,2340.22,2245.82,2326.8999,2027667753,akshare.stock_hk_index_daily_sina(HSMBI)
2023-09-05,2311.16,2320.24,2281.62,2285.04004,978102464,akshare.stock_hk_index_daily_sina(HSMBI)
2023-09-06,2274.63,2306.4,2269.57,2301.65991,1147338621,akshare.stock_hk_index_daily_sina(HSMBI)
2023-09-07,2303.59,2308.92,2279.61,2292.55005,927988351,akshare.stock_hk_index_daily_sina(HSMBI)
2023-09-11,2269.01,2303.43,2264.34,2293.98999,1082912965,akshare.stock_hk_index_daily_sina(HSMBI)
2023-09-12,2285.42,2297.58,2274.21,2280.06006,719508617,akshare.stock_hk_index_daily_sina(HSMBI)
2023-09-13,2287.44,2303.94,2271.72,2279.58008,897927579,akshare.stock_hk_index_daily_sina(HSMBI)
2023-09-14,2294.75,2314.12,2280.12,2299.80005,978091519,akshare.stock_hk_index_daily_sina(HSMBI)
2023-09-15,2316.51,2340.67,2304.55,2316.82007,1303802486,akshare.stock_hk_index_daily_sina(HSMBI)
2023-09-18,2302.86,2308.15,2276.18,2301.52002,765778254,akshare.stock_hk_index_daily_sina(HSMBI)
2023-09-19,2303.59,2336.39,2294.76,2335.19995,1072439566,akshare.stock_hk_index_daily_sina(HSMBI)
2023-09-20,2327.43,2344.59,2321.08,2328.47998,971140128,akshare.stock_hk_index_daily_sina(HSMBI)
2023-09-21,2322.7,2354.45,2304.87,2312.40991,1201631887,akshare.stock_hk_index_daily_sina(HSMBI)
2023-09-22,2305.16,2360.22,2304.86,2359.46997,999313957,akshare.stock_hk_index_daily_sina(HSMBI)
2023-09-25,2357.17,2364.14,2331.74,2332.81006,805680324,akshare.stock_hk_index_daily_sina(HSMBI)
2023-09-26,2323.15,2340.7,2300.47,2307.36011,940322542,akshare.stock_hk_index_daily_sina(HSMBI)
2023-09-27,2309.87,2340.08,2309.87,2329.15991,658246452,akshare.stock_hk_index_daily_sina(HSMBI)
2023-09-28,2331.3,2336.43,2307.69,2311.86011,844060823,akshare.stock_hk_index_daily_sina(HSMBI)
2023-09-29,2316.87,2355.85,2316.87,2344.97998,882362918,akshare.stock_hk_index_daily_sina(HSMBI)
2023-10-03,2328.33,2328.33,2242.67,2247.08008,1083438835,akshare.stock_hk_index_daily_sina(HSMBI)
2023-10-04,2236.33,2258.55,2223.01,2251.21997,618030666,akshare.stock_hk_index_daily_sina(HSMBI)
2023-10-05,2261.3,2269.71,2247.63,2250.6499,495366120,akshare.stock_hk_index_daily_sina(HSMBI)
2023-10-06,2270.47,2320.88,2269.52,2296.57007,643550394,akshare.stock_hk_index_daily_sina(HSMBI)
2023-10-09,2299.06,2323.45,2293.76,2308.53003,592056906,akshare.stock_hk_index_daily_sina(HSMBI)
2023-10-10,2331.49,2350.73,2316.29,2320.45996,690762085,akshare.stock_hk_index_daily_sina(HSMBI)
2023-10-11,2344.77,2344.77,2321.41,2322.19995,898075810,akshare.stock_hk_index_daily_sina(HSMBI)
2023-10-12,2393.61,2437.66,2383.39,2423.67993,2777647117,akshare.stock_hk_index_daily_sina(HSMBI)
2023-10-13,2404.22,2419.13,2387.5,2390.91992,1146938097,akshare.stock_hk_index_daily_sina(HSMBI)
2023-10-16,2388.8,2399.38,2365.73,2372.18994,889915969,akshare.stock_hk_index_daily_sina(HSMBI)
2023-10-17,2385.14,2409.0,2373.37,2398.11011,875973463,akshare.stock_hk_index_daily_sina(HSMBI)
2023-10-18,2399.83,2411.95,2385.82,2392.21997,854433499,akshare.stock_hk_index_daily_sina(HSMBI)
2023-10-19,2370.4,2370.4,2316.46,2320.12012,975789754,akshare.stock_hk_index_daily_sina(HSMBI)
2023-10-20,2304.02,2337.12,2296.12,2308.38989,865718652,akshare.stock_hk_index_daily_sina(HSMBI)
2023-10-24,2289.44,2304.68,2280.63,2286.18994,908193302,akshare.stock_hk_index_daily_sina(HSMBI)
2023-10-25,2339.55,2342.27,2283.68,2293.33008,943141858,akshare.stock_hk_index_daily_sina(HSMBI)
2023-10-26,2300.6,2326.04,2291.26,2312.37012,691485849,akshare.stock_hk_index_daily_sina(HSMBI)
2023-10-27,2333.98,2363.19,2317.16,2343.11011,998941923,akshare.stock_hk_index_daily_sina(HSMBI)
2023-10-30,2324.18,2330.93,2250.06,2280.30005,1279558667,akshare.stock_hk_index_daily_sina(HSMBI)
2023-10-31,2277.63,2287.55,2257.61,2281.46997,893224644,akshare.stock_hk_index_daily_sina(HSMBI)
2023-11-01,2285.94,2299.48,2269.99,2290.62988,647064229,akshare.stock_hk_index_daily_sina(HSMBI)
2023-11-02,2310.07,2329.31,2295.98,2305.57007,747270206,akshare.stock_hk_index_daily_sina(HSMBI)
2023-11-03,2319.23,2341.43,2311.01,2330.03003,731475820,akshare.stock_hk_index_daily_sina(HSMBI)
2023-11-06,2350.22,2350.22,2325.23,2333.22998,975690187,akshare.stock_hk_index_daily_sina(HSMBI)
2023-11-07,2321.55,2326.15,2288.4,2292.11011,775031094,akshare.stock_hk_index_daily_sina(HSMBI)
2023-11-08,2292.79,2299.21,2269.03,2275.48999,775354597,akshare.stock_hk_index_daily_sina(HSMBI)
2023-11-09,2279.52,2289.67,2267.32,2274.98999,549731642,akshare.stock_hk_index_daily_sina(HSMBI)
2023-11-10,2265.78,2270.66,2247.23,2249.31006,538996501,akshare.stock_hk_index_daily_sina(HSMBI)
2023-11-13,2259.49,2270.27,2227.77,2267.62012,472178083,akshare.stock_hk_index_daily_sina(HSMBI)
2023-11-14,2280.85,2290.87,2268.34,2277.67993,530007672,akshare.stock_hk_index_daily_sina(HSMBI)
2023-11-15,2317.22,2358.71,2309.62,2351.69995,1292510767,akshare.stock_hk_index_daily_sina(HSMBI)
2023-11-16,2359.01,2359.01,2311.99,2329.53003,581420224,akshare.stock_hk_index_daily_sina(HSMBI)
2023-11-17,2312.0,2318.79,2282.66,2287.21997,632461670,akshare.stock_hk_index_daily_sina(HSMBI)
2023-11-20,2309.81,2337.01,2301.38,2335.12012,759813480,akshare.stock_hk_index_daily_sina(HSMBI)
2023-11-21,2350.91,2367.88,2317.73,2327.8999,730423024,akshare.stock_hk_index_daily_sina(HSMBI)
2023-11-22,2321.47,2337.0,2314.67,2330.36011,339846480,akshare.stock_hk_index_daily_sina(HSMBI)
2023-11-23,2319.14,2352.64,2305.52,2351.22998,638538267,akshare.stock_hk_index_daily_sina(HSMBI)
2023-11-24,2340.79,2340.79,2309.7,2314.6001,486881040,akshare.stock_hk_index_daily_sina(HSMBI)
2023-11-27,2330.06,2330.06,2281.27,2309.25,602426941,akshare.stock_hk_index_daily_sina(HSMBI)
2023-11-28,2311.73,2311.73,2288.45,2291.66992,559942572,akshare.stock_hk_index_daily_sina(HSMBI)
2023-11-29,2307.34,2307.34,2245.7,2258.72998,1032423639,akshare.stock_hk_index_daily_sina(HSMBI)
2023-11-30,2265.73,2276.52,2247.76,2272.53003,1291720097,akshare.stock_hk_index_daily_sina(HSMBI)
2023-12-01,2268.57,2284.19,2245.75,2245.75,811444436,akshare.stock_hk_index_daily_sina(HSMBI)
2023-12-04,2269.79,2274.25,2237.47,2239.3501,860206255,akshare.stock_hk_index_daily_sina(HSMBI)
2023-12-05,2243.31,2243.34,2201.58,2211.13989,1017809560,akshare.stock_hk_index_daily_sina(HSMBI)
2023-12-06,2214.57,2244.95,2200.76,2233.76001,716302189,akshare.stock_hk_index_daily_sina(HSMBI)
2023-12-07,2226.8,2227.72,2195.2,2223.18994,738628854,akshare.stock_hk_index_daily_sina(HSMBI)
2023-12-08,2230.29,2235.17,2214.35,2224.1001,795477370,akshare.stock_hk_index_daily_sina(HSMBI)
2023-12-11,2204.89,2211.01,2156.87,2202.13989,1206095490,akshare.stock_hk_index_daily_sina(HSMBI)
2023-12-12,2201.37,2252.72,2192.96,2246.79004,961833368,akshare.stock_hk_index_daily_sina(HSMBI)
2023-12-13,2245.0,2245.0,2219.42,2228.15991,782877596,akshare.stock_hk_index_daily_sina(HSMBI)
2023-12-14,2244.3,2257.56,2214.03,2230.68994,894755060,akshare.stock_hk_index_daily_sina(HSMBI)
2023-12-15,2262.11,2303.25,2256.57,2274.87988,2047077523,akshare.stock_hk_index_daily_sina(HSMBI)
2023-12-18,2258.53,2269.45,2246.86,2260.01001,541465820,akshare.stock_hk_index_daily_sina(HSMBI)
2023-12-19,2251.87,2261.78,2239.27,2247.95996,414720058,akshare.stock_hk_index_daily_sina(HSMBI)
2023-12-20,2262.98,2269.44,2232.43,2239.63989,650015453,akshare.stock_hk_index_daily_sina(HSMBI)
2023-12-21,2231.66,2272.52,2231.66,2269.3501,504963434,akshare.stock_hk_index_daily_sina(HSMBI)
2023-12-22,2280.38,2291.91,2258.09,2267.43994,736461129,akshare.stock_hk_index_daily_sina(HSMBI)
2023-12-27,2279.79,2300.65,2258.33,2293.13989,974624578,akshare.stock_hk_index_daily_sina(HSMBI)
2023-12-28,2299.65,2338.69,2289.47,2333.59009,799688722,akshare.stock_hk_index_daily_sina(HSMBI)
2023-12-29,2333.74,2345.56,2328.42,2344.87012,557530512,akshare.stock_hk_index_daily_sina(HSMBI)
2024-01-02,2350.97,2350.97,2302.3,2307.57007,743417239,akshare.stock_hk_index_daily_sina(HSMBI)
2024-01-03,2300.51,2316.14,2295.43,2313.81006,538284116,akshare.stock_hk_index_daily_sina(HSMBI)
2024-01-04,2315.59,2335.69,2310.1,2329.43994,737291399,akshare.stock_hk_index_daily_sina(HSMBI)
2024-01-05,2323.84,2365.64,2307.43,2330.59009,1031832721,akshare.stock_hk_index_daily_sina(HSMBI)
2024-01-08,2332.14,2344.71,2282.13,2291.09009,1012891665,akshare.stock_hk_index_daily_sina(HSMBI)
2024-01-09,2294.79,2303.75,2274.51,2292.13989,912033865,akshare.stock_hk_index_daily_sina(HSMBI)
2024-01-10,2281.0,2307.35,2268.58,2278.46997,820471887,akshare.stock_hk_index_daily_sina(HSMBI)
2024-01-11,2277.47,2306.45,2264.44,2286.04004,713393232,akshare.stock_hk_index_daily_sina(HSMBI)
2024-01-12,2278.34,2301.73,2275.05,2288.45996,551163016,akshare.stock_hk_index_daily_sina(HSMBI)
2024-01-15,2297.22,2300.77,2280.29,2290.44995,421424593,akshare.stock_hk_index_daily_sina(HSMBI)
2024-01-16,2280.14,2301.59,2258.45,2260.93994,877757285,akshare.stock_hk_index_daily_sina(HSMBI)
2024-01-17,2246.55,2253.49,2184.98,2196.34009,1865943519,akshare.stock_hk_index_daily_sina(HSMBI)
2024-01-18,2203.88,2221.76,2193.82,2210.77002,1239714287,akshare.stock_hk_index_daily_sina(HSMBI)
2024-01-19,2212.33,2230.72,2196.72,2215.67993,1006093427,akshare.stock_hk_index_daily_sina(HSMBI)
2024-01-22,2220.39,2228.13,2163.72,2180.79004,1118475843,akshare.stock_hk_index_daily_sina(HSMBI)
2024-01-23,2184.18,2258.81,2176.17,2237.04004,1222029318,akshare.stock_hk_index_daily_sina(HSMBI)
2024-01-24,2244.91,2335.81,2244.91,2320.81006,1720282825,akshare.stock_hk_index_daily_sina(HSMBI)
2024-01-25,2326.85,2381.88,2318.18,2373.3999,1879914389,akshare.stock_hk_index_daily_sina(HSMBI)
2024-01-26,2374.66,2397.93,2355.53,2365.94995,1214030209,akshare.stock_hk_index_daily_sina(HSMBI)
2024-01-29,2369.37,2414.89,2369.37,2397.93994,1297025148,akshare.stock_hk_index_daily_sina(HSMBI)
2024-01-30,2381.22,2381.32,2350.03,2357.68994,1020167570,akshare.stock_hk_index_daily_sina(HSMBI)
2024-01-31,2363.76,2373.17,2338.86,2354.92993,1093066345,akshare.stock_hk_index_daily_sina(HSMBI)
2024-02-01,2355.95,2375.8,2331.14,2344.37988,1114519790,akshare.stock_hk_index_daily_sina(HSMBI)
2024-02-02,2350.88,2369.78,2325.56,2340.55005,981254942,akshare.stock_hk_index_daily_sina(HSMBI)
2024-02-05,2325.03,2357.61,2318.7,2343.54004,978228975,akshare.stock_hk_index_daily_sina(HSMBI)
2024-02-06,2346.6,2436.43,2344.52,2432.6499,1672504894,akshare.stock_hk_index_daily_sina(HSMBI)
2024-02-07,2440.15,2446.79,2409.15,2417.11011,1295501651,akshare.stock_hk_index_daily_sina(HSMBI)
2024-02-08,2415.7,2423.2,2385.97,2389.75,726116825,akshare.stock_hk_index_daily_sina(HSMBI)
2024-02-09,2376.11,2377.17,2343.43,2371.25,279301177,akshare.stock_hk_index_daily_sina(HSMBI)
2024-02-14,2352.09,2418.91,2334.55,2411.27002,458186891,akshare.stock_hk_index_daily_sina(HSMBI)
2024-02-15,2403.34,2432.14,2394.59,2423.11011,405361138,akshare.stock_hk_index_daily_sina(HSMBI)
2024-02-16,2430.19,2460.63,2421.58,2452.43994,733185895,akshare.stock_hk_index_daily_sina(HSMBI)
2024-02-19,2446.71,2466.11,2424.72,2450.62012,911464185,akshare.stock_hk_index_daily_sina(HSMBI)
2024-02-20,2452.59,2481.7,2445.18,2481.69995,986869465,akshare.stock_hk_index_daily_sina(HSMBI)
2024-02-21,2482.92,2580.17,2475.59,2541.8999,2131802986,akshare.stock_hk_index_daily_sina(HSMBI)
2024-02-22,2537.69,2571.87,2528.06,2571.87012,1197825228,akshare.stock_hk_index_daily_sina(HSMBI)
2024-02-23,2563.42,2611.4,2563.42,2580.12988,1416287502,akshare.stock_hk_index_daily_sina(HSMBI)
2024-02-26,2577.84,2587.76,2525.78,2540.76001,1184768869,akshare.stock_hk_index_daily_sina(HSMBI)
2024-02-27,2532.78,2553.72,2514.07,2549.16992,983147126,akshare.stock_hk_index_daily_sina(HSMBI)
2024-02-28,2548.29,2549.97,2508.22,2517.40991,1007453088,akshare.stock_hk_index_daily_sina(HSMBI)
2024-02-29,2507.62,2537.44,2507.62,2511.96997,1130735017,akshare.stock_hk_index_daily_sina(HSMBI)
2024-03-01,2501.81,2541.32,2493.15,2516.17993,1140664259,akshare.stock_hk_index_daily_sina(HSMBI)
2024-03-04,2520.34,2520.34,2489.02,2502.71997,874395004,akshare.stock_hk_index_daily_sina(HSMBI)
2024-03-05,2482.55,2519.71,2472.31,2484.72998,1169331435,akshare.stock_hk_index_daily_sina(HSMBI)
2024-03-06,2486.2,2526.13,2485.37,2509.43994,1064098255,akshare.stock_hk_index_daily_sina(HSMBI)
2024-03-07,2513.8,2541.27,2499.66,2510.87988,960616055,akshare.stock_hk_index_daily_sina(HSMBI)
2024-03-08,2520.11,2547.67,2518.85,2525.83008,1353445907,akshare.stock_hk_index_daily_sina(HSMBI)
2024-03-11,2524.35,2553.01,2520.42,2536.06006,1025078965,akshare.stock_hk_index_daily_sina(HSMBI)
2024-03-12,2539.36,2583.71,2526.23,2575.12012,1607418855,akshare.stock_hk_index_daily_sina(HSMBI)
2024-03-13,2558.82,2568.62,2536.83,2540.22998,1257532807,akshare.stock_hk_index_daily_sina(HSMBI)
2024-03-14,2536.69,2557.92,2521.44,2534.65991,933991828,akshare.stock_hk_index_daily_sina(HSMBI)
2024-03-15,2517.01,2529.05,2492.15,2508.58008,1539598106,akshare.stock_hk_index_daily_sina(HSMBI)
2024-03-18,2508.11,2529.33,2499.92,2510.81006,854093145,akshare.stock_hk_index_daily_sina(HSMBI)
2024-03-19,2503.55,2504.12,2479.71,2485.3999,1041692983,akshare.stock_hk_index_daily_sina(HSMBI)
2024-03-20,2487.88,2515.15,2479.64,2494.19995,1022337962,akshare.stock_hk_index_daily_sina(HSMBI)
2024-03-21,2511.63,2559.11,2511.63,2550.44995,1646498291,akshare.stock_hk_index_daily_sina(HSMBI)
2024-03-22,2543.09,2549.17,2503.51,2526.71997,1151532924,akshare.stock_hk_index_daily_sina(HSMBI)
2024-03-25,2517.01,2541.64,2501.56,2513.91992,886757402,akshare.stock_hk_index_daily_sina(HSMBI)
2024-03-26,2538.8,2578.85,2538.35,2556.12012,1078209674,akshare.stock_hk_index_daily_sina(HSMBI)
2024-03-27,2552.39,2565.74,2532.83,2540.68994,1119396429,akshare.stock_hk_index_daily_sina(HSMBI)
2024-03-28,2540.14,2546.85,2484.37,2520.30005,1394622087,akshare.stock_hk_index_daily_sina(HSMBI)
2024-04-02,2544.92,2582.48,2544.92,2560.88989,1549478947,akshare.stock_hk_index_daily_sina(HSMBI)
2024-04-03,2557.93,2568.53,2537.81,2546.18994,1060649470,akshare.stock_hk_index_daily_sina(HSMBI)
2024-04-05,2547.98,2563.13,2496.92,2529.57007,705737756,akshare.stock_hk_index_daily_sina(HSMBI)
2024-04-08,2520.87,2580.04,2520.87,2562.88989,1175840604,akshare.stock_hk_index_daily_sina(HSMBI)
2024-04-09,2577.48,2589.95,2561.5,2565.26001,882853507,akshare.stock_hk_index_daily_sina(HSMBI)
2024-04-10,2579.88,2600.34,2571.52,2595.84009,1084171079,akshare.stock_hk_index_daily_sina(HSMBI)
2024-04-11,2577.83,2592.96,2560.0,2581.3999,1008450169,akshare.stock_hk_index_daily_sina(HSMBI)
2024-04-12,2572.33,2585.65,2538.57,2538.96997,1279479200,akshare.stock_hk_index_daily_sina(HSMBI)
2024-04-15,2515.91,2570.51,2515.91,2553.31006,1179658875,akshare.stock_hk_index_daily_sina(HSMBI)
2024-04-16,2525.96,2557.21,2523.15,2532.72998,1277046674,akshare.stock_hk_index_daily_sina(HSMBI)
2024-04-17,2529.32,2567.09,2529.31,2562.96997,1087992224,akshare.stock_hk_index_daily_sina(HSMBI)
2024-04-18,2559.32,2636.82,2556.93,2614.6499,1861802562,akshare.stock_hk_index_daily_sina(HSMBI)
2024-04-19,2603.1,2629.4,2587.56,2621.36011,1756765613,akshare.stock_hk_index_daily_sina(HSMBI)
2024-04-22,2640.97,2671.4,2621.03,2626.11011,1484473054,akshare.stock_hk_index_daily_sina(HSMBI)
2024-04-23,2630.06,2654.15,2623.15,2636.36011,1531038943,akshare.stock_hk_index_daily_sina(HSMBI)
2024-04-24,2640.48,2663.33,2629.1,2657.78003,1598671680,akshare.stock_hk_index_daily_sina(HSMBI)
2024-04-25,2654.51,2701.94,2652.25,2687.56006,1660903435,akshare.stock_hk_index_daily_sina(HSMBI)
2024-04-26,2690.48,2710.28,2667.57,2669.67993,1780502720,akshare.stock_hk_index_daily_sina(HSMBI)
2024-04-29,2662.44,2737.13,2646.05,2732.70996,2704779483,akshare.stock_hk_index_daily_sina(HSMBI)
2024-04-30,2721.52,2746.36,2700.28,2721.04004,2191312149,akshare.stock_hk_index_daily_sina(HSMBI)
2024-05-02,2714.11,2722.53,2694.23,2707.25,1004806385,akshare.stock_hk_index_daily_sina(HSMBI)
2024-05-03,2738.36,2774.03,2727.33,2733.65991,1104705528,akshare.stock_hk_index_daily_sina(HSMBI)
2024-05-06,2744.96,2763.09,2731.87,2755.84009,1548215297,akshare.stock_hk_index_daily_sina(HSMBI)
2024-05-07,2760.33,2775.14,2753.11,2771.75,1179294882,akshare.stock_hk_index_daily_sina(HSMBI)
2024-05-08,2778.68,2799.62,2760.97,2762.65991,1267896646,akshare.stock_hk_index_daily_sina(HSMBI)
2024-05-09,2771.25,2798.28,2757.83,2794.68994,1362380707,akshare.stock_hk_index_daily_sina(HSMBI)
2024-05-10,2817.79,2941.56,2814.89,2930.03003,4710229029,akshare.stock_hk_index_daily_sina(HSMBI)
2024-05-13,2927.33,2952.17,2915.14,2937.8999,2172156371,akshare.stock_hk_index_daily_sina(HSMBI)
2024-05-14,2938.91,2939.14,2890.6,2892.34009,2239170065,akshare.stock_hk_index_daily_sina(HSMBI)
2024-05-16,2912.4,3030.51,2911.51,3027.43994,5920791408,akshare.stock_hk_index_daily_sina(HSMBI)
2024-05-17,3024.36,3041.89,2993.24,3028.62988,2269220148,akshare.stock_hk_index_daily_sina(HSMBI)
2024-05-20,3034.91,3053.09,3018.82,3035.40991,1654838519,akshare.stock_hk_index_daily_sina(HSMBI)
2024-05-21,3024.65,3045.42,3013.29,3030.75,2816821142,akshare.stock_hk_index_daily_sina(HSMBI)
2024-05-22,3038.52,3058.05,3029.92,3033.8501,1856256361,akshare.stock_hk_index_daily_sina(HSMBI)
2024-05-23,3027.23,3027.23,2958.29,3000.33008,1778809361,akshare.stock_hk_index_daily_sina(HSMBI)
2024-05-24,2989.52,3015.31,2963.89,2975.83008,2091662103,akshare.stock_hk_index_daily_sina(HSMBI)
2024-05-27,2980.09,3016.87,2977.57,2990.46997,1384263144,akshare.stock_hk_index_daily_sina(HSMBI)
2024-05-28,2989.11,3008.56,2974.29,2982.6499,1014525483,akshare.stock_hk_index_daily_sina(HSMBI)
2024-05-29,2973.86,2981.18,2908.85,2920.93994,2017170648,akshare.stock_hk_index_daily_sina(HSMBI)
2024-05-30,2875.93,2893.07,2811.96,2829.77002,2057219575,akshare.stock_hk_index_daily_sina(HSMBI)
2024-05-31,2852.69,2889.75,2802.77,2803.66992,4220466040,akshare.stock_hk_index_daily_sina(HSMBI)
2024-06-03,2827.29,2862.97,2825.53,2838.41992,1642729687,akshare.stock_hk_index_daily_sina(HSMBI)
2024-06-04,2841.95,2851.33,2818.63,2834.37012,1469376236,akshare.stock_hk_index_daily_sina(HSMBI)
2024-06-05,2842.65,2884.66,2820.75,2828.52002,1739826959,akshare.stock_hk_index_daily_sina(HSMBI)
2024-06-06,2843.77,2858.91,2811.8,2824.11011,1111669720,akshare.stock_hk_index_daily_sina(HSMBI)
2024-06-07,2834.82,2862.15,2828.65,2848.1001,1563778178,akshare.stock_hk_index_daily_sina(HSMBI)
2024-06-11,2833.49,2834.25,2772.72,2794.73999,1591436287,akshare.stock_hk_index_daily_sina(HSMBI)
2024-06-12,2783.39,2787.65,2729.8,2759.80005,1432276359,akshare.stock_hk_index_daily_sina(HSMBI)
2024-06-13,2774.76,2780.55,2736.99,2762.88989,1109148353,akshare.stock_hk_index_daily_sina(HSMBI)
2024-06-14,2750.83,2803.42,2742.44,2769.67993,1163635283,akshare.stock_hk_index_daily_sina(HSMBI)
2024-06-17,2765.54,2815.81,2748.31,2783.05005,961798932,akshare.stock_hk_index_daily_sina(HSMBI)
2024-06-18,2787.53,2830.69,2777.13,2816.21997,1158400157,akshare.stock_hk_index_daily_sina(HSMBI)
2024-06-19,2832.97,2921.32,2830.86,2916.71997,2019812186,akshare.stock_hk_index_daily_sina(HSMBI)
2024-06-20,2916.23,2951.2,2905.17,2923.8999,1410242189,akshare.stock_hk_index_daily_sina(HSMBI)
2024-06-21,2905.47,2912.81,2870.36,2872.8501,1762575954,akshare.stock_hk_index_daily_sina(HSMBI)
2024-06-24,2870.01,2895.53,2832.87,2893.46997,1441004310,akshare.stock_hk_index_daily_sina(HSMBI)
2024-06-25,2903.83,2932.29,2885.98,2903.92993,1126173610,akshare.stock_hk_index_daily_sina(HSMBI)
2024-06-26,2884.58,2919.98,2883.48,2902.5,1499983796,akshare.stock_hk_index_daily_sina(HSMBI)
2024-06-27,2897.0,2897.0,2860.12,2877.54004,1227715436,akshare.stock_hk_index_daily_sina(HSMBI)
2024-06-28,2850.33,2910.62,2850.33,2896.11011,1424101398,akshare.stock_hk_index_daily_sina(HSMBI)
2024-07-02,2881.87,2966.6,2880.21,2941.59009,2009470489,akshare.stock_hk_index_daily_sina(HSMBI)
2024-07-03,2921.12,2929.99,2867.83,2883.88989,1659161060,akshare.stock_hk_index_daily_sina(HSMBI)
2024-07-04,2850.11,2901.19,2850.11,2881.05005,1818436695,akshare.stock_hk_index_daily_sina(HSMBI)
2024-07-05,2886.26,2903.5,2804.92,2804.91992,2506714733,akshare.stock_hk_index_daily_sina(HSMBI)
2024-07-08,2735.01,2763.22,2721.76,2731.1001,1190581753,akshare.stock_hk_index_daily_sina(HSMBI)
2024-07-09,2728.67,2749.14,2711.9,2725.55005,1287073537,akshare.stock_hk_index_daily_sina(HSMBI)
2024-07-10,2728.8,2766.12,2728.26,2732.88989,1112196022,akshare.stock_hk_index_daily_sina(HSMBI)
2024-07-11,2753.84,2774.48,2741.3,2762.3501,1202948626,akshare.stock_hk_index_daily_sina(HSMBI)
2024-07-12,2778.01,2849.68,2777.89,2842.16992,1546526187,akshare.stock_hk_index_daily_sina(HSMBI)
2024-07-15,2838.1,2866.65,2805.98,2820.69995,1169592216,akshare.stock_hk_index_daily_sina(HSMBI)
2024-07-16,2801.17,2830.29,2767.99,2768.1499,1037269817,akshare.stock_hk_index_daily_sina(HSMBI)
2024-07-17,2766.8,2790.27,2749.29,2757.18994,883289923,akshare.stock_hk_index_daily_sina(HSMBI)
2024-07-18,2750.45,2784.32,2740.3,2759.16992,844581995,akshare.stock_hk_index_daily_sina(HSMBI)
2024-07-19,2741.32,2754.26,2679.72,2698.09009,1647657224,akshare.stock_hk_index_daily_sina(HSMBI)
2024-07-22,2707.39,2726.74,2650.79,2718.81006,897776270,akshare.stock_hk_index_daily_sina(HSMBI)
2024-07-23,2717.76,2781.04,2715.88,2754.5,1224173767,akshare.stock_hk_index_daily_sina(HSMBI)
2024-07-24,2758.37,2796.11,2757.71,2771.66992,1134076960,akshare.stock_hk_index_daily_sina(HSMBI)
2024-07-25,2766.27,2788.24,2702.79,2718.5,1306574112,akshare.stock_hk_index_daily_sina(HSMBI)
2024-07-26,2729.11,2749.82,2681.93,2698.84009,1168402713,akshare.stock_hk_index_daily_sina(HSMBI)
2024-07-29,2713.77,2766.96,2704.29,2743.62012,1150155126,akshare.stock_hk_index_daily_sina(HSMBI)
2024-07-30,2743.78,2743.78,2705.01,2726.32007,1048645931,akshare.stock_hk_index_daily_sina(HSMBI)
2024-07-31,2743.86,2759.81,2727.01,2745.67993,1111095041,akshare.stock_hk_index_daily_sina(HSMBI)
2024-08-01,2740.64,2764.11,2715.77,2738.37012,694335640,akshare.stock_hk_index_daily_sina(HSMBI)
2024-08-02,2706.74,2742.26,2683.51,2729.43994,1038695381,akshare.stock_hk_index_daily_sina(HSMBI)
2024-08-05,2707.65,2707.65,2620.52,2660.6499,1512749329,akshare.stock_hk_index_daily_sina(HSMBI)
2024-08-06,2672.39,2693.4,2634.79,2640.17993,999929650,akshare.stock_hk_index_daily_sina(HSMBI)
2024-08-07,2649.82,2687.33,2649.07,2676.73999,1053168478,akshare.stock_hk_index_daily_sina(HSMBI)
2024-08-08,2664.52,2699.2,2649.8,2692.52002,1037657161,akshare.stock_hk_index_daily_sina(HSMBI)
2024-08-09,2713.27,2744.05,2705.51,2719.62012,1389325257,akshare.stock_hk_index_daily_sina(HSMBI)
2024-08-12,2721.96,2753.8,2717.97,2751.17993,882861423,akshare.stock_hk_index_daily_sina(HSMBI)
2024-08-13,2754.52,2775.51,2736.02,2751.43994,967143383,akshare.stock_hk_index_daily_sina(HSMBI)
2024-08-14,2757.72,2773.55,2737.16,2753.11011,563596247,akshare.stock_hk_index_daily_sina(HSMBI)
2024-08-15,2737.53,2801.06,2723.33,2791.77002,1166636425,akshare.stock_hk_index_daily_sina(HSMBI)
2024-08-16,2810.48,2830.11,2792.87,2824.55005,979678646,akshare.stock_hk_index_daily_sina(HSMBI)
2024-08-19,2828.54,2870.97,2824.71,2865.57007,1710914681,akshare.stock_hk_index_daily_sina(HSMBI)
2024-08-20,2874.35,2887.38,2848.69,2865.97998,838394411,akshare.stock_hk_index_daily_sina(HSMBI)
2024-08-21,2852.71,2856.06,2813.01,2835.17993,892908913,akshare.stock_hk_index_daily_sina(HSMBI)
2024-08-22,2837.34,2865.06,2826.11,2865.06006,915655261,akshare.stock_hk_index_daily_sina(HSMBI)
2024-08-23,2848.86,2876.95,2835.36,2873.23999,701527695,akshare.stock_hk_index_daily_sina(HSMBI)
2024-08-26,2879.85,2900.12,2857.14,2891.78003,700880028,akshare.stock_hk_index_daily_sina(HSMBI)
2024-08-27,2886.81,2936.77,2882.01,2933.62012,1138112047,akshare.stock_hk_index_daily_sina(HSMBI)
2024-08-28,2930.77,2943.57,2895.45,2908.21997,829855728,akshare.stock_hk_index_daily_sina(HSMBI)
2024-08-29,2893.88,2899.5,2774.61,2811.12012,1612855964,akshare.stock_hk_index_daily_sina(HSMBI)
2024-08-30,2804.78,2829.71,2744.73,2753.72998,2631727185,akshare.stock_hk_index_daily_sina(HSMBI)
2024-09-02,2730.51,2748.76,2695.3,2741.1499,2001738763,akshare.stock_hk_index_daily_sina(HSMBI)
2024-09-03,2734.56,2749.3,2650.99,2682.36011,3966319290,akshare.stock_hk_index_daily_sina(HSMBI)
2024-09-04,2670.79,2696.85,2652.44,2690.06006,1251950109,akshare.stock_hk_index_daily_sina(HSMBI)
2024-09-05,2690.82,2697.87,2643.83,2656.6001,1137683683,akshare.stock_hk_index_daily_sina(HSMBI)
2024-09-09,2627.56,2634.21,2593.7,2623.84009,1569777352,akshare.stock_hk_index_daily_sina(HSMBI)
2024-09-10,2618.79,2658.32,2611.3,2634.5,1536417243,akshare.stock_hk_index_daily_sina(HSMBI)
2024-09-11,2618.78,2622.55,2556.56,2585.73999,1960111311,akshare.stock_hk_index_daily_sina(HSMBI)
2024-09-12,2588.58,2630.82,2567.99,2616.52002,923598132,akshare.stock_hk_index_daily_sina(HSMBI)
2024-09-13,2625.32,2662.93,2625.07,2652.98999,951919965,akshare.stock_hk_index_daily_sina(HSMBI)
2024-09-16,2647.33,2665.79,2630.63,2662.65991,458514754,akshare.stock_hk_index_daily_sina(HSMBI)
2024-09-17,2657.04,2727.99,2655.2,2714.1001,760053259,akshare.stock_hk_index_daily_sina(HSMBI)
2024-09-19,2707.59,2727.72,2675.49,2715.68994,1309161366,akshare.stock_hk_index_daily_sina(HSMBI)
2024-09-20,2710.51,2761.09,2708.66,2750.57007,1400467707,akshare.stock_hk_index_daily_sina(HSMBI)
2024-09-23,2752.23,2799.23,2751.37,2781.33008,990250731,akshare.stock_hk_index_daily_sina(HSMBI)
2024-09-24,2811.31,2939.58,2811.31,2934.95996,3201995971,akshare.stock_hk_index_daily_sina(HSMBI)
2024-09-25,3008.31,3049.75,2985.45,2995.23999,3452088699,akshare.stock_hk_index_daily_sina(HSMBI)
2024-09-26,3025.77,3078.97,2970.74,3078.96997,4078812928,akshare.stock_hk_index_daily_sina(HSMBI)
2024-09-27,3104.35,3135.29,2940.81,3005.75,3909039783,akshare.stock_hk_index_daily_sina(HSMBI)
2024-09-30,3012.16,3044.3,2926.53,2979.59009,4705021658,akshare.stock_hk_index_daily_sina(HSMBI)
2024-10-02,2984.41,3190.4,2984.41,3165.43994,3729676666,akshare.stock_hk_index_daily_sina(HSMBI)
2024-10-03,3187.58,3187.58,3074.89,3159.16992,2149324094,akshare.stock_hk_index_daily_sina(HSMBI)
2024-10-04,3130.02,3215.1,3103.33,3215.1001,1729064066,akshare.stock_hk_index_daily_sina(HSMBI)
2024-10-07,3233.49,3273.78,3220.78,3255.25,1980874646,akshare.stock_hk_index_daily_sina(HSMBI)
2024-10-08,3253.04,3267.29,3000.03,3008.62012,4484054708,akshare.stock_hk_index_daily_sina(HSMBI)
2024-10-09,3029.1,3033.31,2906.22,2937.93994,2840233965,akshare.stock_hk_index_daily_sina(HSMBI)
2024-10-10,2958.16,3087.33,2958.16,3043.01001,2473213379,akshare.stock_hk_index_daily_sina(HSMBI)
2024-10-14,3067.31,3163.05,3062.91,3121.41992,2894865527,akshare.stock_hk_index_daily_sina(HSMBI)
2024-10-15,3125.56,3149.2,3031.73,3052.61011,2548694021,akshare.stock_hk_index_daily_sina(HSMBI)
2024-10-16,3033.7,3134.14,3033.7,3103.43994,2085866227,akshare.stock_hk_index_daily_sina(HSMBI)
2024-10-17,3109.27,3154.05,3045.03,3054.81006,1439237626,akshare.stock_hk_index_daily_sina(HSMBI)
2024-10-18,3064.67,3138.59,3050.63,3128.62988,1945995760,akshare.stock_hk_index_daily_sina(HSMBI)
2024-10-21,3115.66,3120.91,3068.39,3073.44995,1401106558,akshare.stock_hk_index_daily_sina(HSMBI)
2024-10-22,3064.51,3101.06,3058.78,3072.36011,877123693,akshare.stock_hk_index_daily_sina(HSMBI)
2024-10-23,3064.38,3115.86,3055.73,3095.26001,1233132800,akshare.stock_hk_index_daily_sina(HSMBI)
2024-10-24,3077.24,3112.68,3076.84,3098.58008,1003908184,akshare.stock_hk_index_daily_sina(HSMBI)
2024-10-25,3094.09,3118.03,3080.56,3083.45996,871375922,akshare.stock_hk_index_daily_sina(HSMBI)
2024-10-28,3071.99,3086.71,3040.31,3067.12988,1080084451,akshare.stock_hk_index_daily_sina(HSMBI)
2024-10-29,3066.21,3085.57,3037.67,3056.98999,846436587,akshare.stock_hk_index_daily_sina(HSMBI)
2024-10-30,3044.19,3059.91,2983.52,3002.62988,1548851741,akshare.stock_hk_index_daily_sina(HSMBI)
2024-10-31,3020.45,3050.82,2976.35,2985.26001,1487151975,akshare.stock_hk_index_daily_sina(HSMBI)
2024-11-01,2999.13,3054.69,2995.23,3042.95996,1537153535,akshare.stock_hk_index_daily_sina(HSMBI)
2024-11-04,3053.21,3053.21,2996.93,3046.3999,1774490883,akshare.stock_hk_index_daily_sina(HSMBI)
2024-11-05,3022.11,3102.38,3022.11,3102.37988,1322987254,akshare.stock_hk_index_daily_sina(HSMBI)
2024-11-06,3071.39,3086.92,3025.3,3042.72998,1555113244,akshare.stock_hk_index_daily_sina(HSMBI)
2024-11-07,3025.0,3120.66,3025.0,3115.1499,1853547853,akshare.stock_hk_index_daily_sina(HSMBI)
2024-11-08,3124.72,3153.16,3084.56,3089.63989,1746936961,akshare.stock_hk_index_daily_sina(HSMBI)
2024-11-11,3037.05,3053.02,3017.69,3023.79004,1340884592,akshare.stock_hk_index_daily_sina(HSMBI)
2024-11-12,3020.23,3049.79,2957.99,2974.38989,2127354387,akshare.stock_hk_index_daily_sina(HSMBI)
2024-11-13,2970.56,2978.94,2949.64,2966.57007,1005926564,akshare.stock_hk_index_daily_sina(HSMBI)
2024-11-14,2943.57,2974.41,2935.3,2941.09009,1306174864,akshare.stock_hk_index_daily_sina(HSMBI)
2024-11-15,2951.36,2973.36,2936.25,2936.25,1142121481,akshare.stock_hk_index_daily_sina(HSMBI)
2024-11-18,2962.24,3034.18,2962.24,3020.87012,1526799182,akshare.stock_hk_index_daily_sina(HSMBI)
2024-11-19,3033.71,3060.87,3003.85,3009.8501,1140378004,akshare.stock_hk_index_daily_sina(HSMBI)
2024-11-20,3006.33,3030.79,2991.87,3005.93994,801040008,akshare.stock_hk_index_daily_sina(HSMBI)
2024-11-21,2988.69,3014.32,2971.98,2981.20996,1646836412,akshare.stock_hk_index_daily_sina(HSMBI)
2024-11-22,2986.95,3000.7,2921.7,2932.53003,1401328535,akshare.stock_hk_index_daily_sina(HSMBI)
2024-11-25,2947.69,2956.39,2923.21,2928.78003,2382092602,akshare.stock_hk_index_daily_sina(HSMBI)
2024-11-26,2915.72,2942.8,2908.8,2921.1499,1023875070,akshare.stock_hk_index_daily_sina(HSMBI)
2024-11-27,2920.74,2961.45,2905.78,2950.94995,971953014,akshare.stock_hk_index_daily_sina(HSMBI)
2024-11-28,2942.28,2946.64,2907.71,2916.48999,1066707323,akshare.stock_hk_index_daily_sina(HSMBI)
2024-11-29,2919.35,2937.33,2902.88,2921.90991,1128634991,akshare.stock_hk_index_daily_sina(HSMBI)
2024-12-02,2935.5,2963.51,2913.76,2951.53003,1031889194,akshare.stock_hk_index_daily_sina(HSMBI)
2024-12-03,2945.59,3015.17,2942.96,3009.83008,1455588767,akshare.stock_hk_index_daily_sina(HSMBI)
2024-12-04,3006.15,3035.19,2989.51,3022.8501,1020401380,akshare.stock_hk_index_daily_sina(HSMBI)
2024-12-05,3005.01,3030.84,2999.01,3012.02002,868663990,akshare.stock_hk_index_daily_sina(HSMBI)
2024-12-06,3026.86,3061.53,3025.76,3048.78003,1552746985,akshare.stock_hk_index_daily_sina(HSMBI)
2024-12-09,3037.86,3121.88,3025.22,3118.57007,2608889204,akshare.stock_hk_index_daily_sina(HSMBI)
2024-12-10,3168.16,3168.16,3110.13,3112.16992,2676050128,akshare.stock_hk_index_daily_sina(HSMBI)
2024-12-11,3110.96,3126.64,3072.86,3078.3999,1095319577,akshare.stock_hk_index_daily_sina(HSMBI)
2024-12-12,3094.24,3136.35,3083.74,3121.34009,1316669970,akshare.stock_hk_index_daily_sina(HSMBI)
2024-12-13,3107.51,3110.35,3056.5,3064.17993,1199803266,akshare.stock_hk_index_daily_sina(HSMBI)
2024-12-16,3059.33,3101.59,3059.33,3092.16992,1230936218,akshare.stock_hk_index_daily_sina(HSMBI)
2024-12-17,3075.96,3120.07,3068.04,3079.62988,1350536859,akshare.stock_hk_index_daily_sina(HSMBI)
2024-12-18,3082.61,3129.41,3082.61,3107.04004,1126797416,akshare.stock_hk_index_daily_sina(HSMBI)
2024-12-19,3081.64,3111.44,3066.9,3099.95996,1018627515,akshare.stock_hk_index_daily_sina(HSMBI)
2024-12-20,3096.55,3123.39,3095.43,3096.0,1351152516,akshare.stock_hk_index_daily_sina(HSMBI)
2024-12-23,3110.52,3186.17,3110.52,3185.67993,2259865715,akshare.stock_hk_index_daily_sina(HSMBI)
2024-12-24,3183.07,3260.66,3178.22,3239.13989,1373554359,akshare.stock_hk_index_daily_sina(HSMBI)
2024-12-27,3240.88,3257.0,3187.84,3238.75,1271360686,akshare.stock_hk_index_daily_sina(HSMBI)
2024-12-30,3237.42,3271.06,3229.97,3251.95996,1369180221,akshare.stock_hk_index_daily_sina(HSMBI)
2024-12-31,3247.49,3290.28,3247.49,3267.11011,860095237,akshare.stock_hk_index_daily_sina(HSMBI)
2025-01-02,3208.04,3211.01,3110.6,3124.1001,2339026635,akshare.stock_hk_index_daily_sina(HSMBI)
2025-01-03,3123.25,3150.67,3095.72,3141.34009,1801771216,akshare.stock_hk_index_daily_sina(HSMBI)
2025-01-06,3149.08,3171.17,3124.59,3144.25,1298729288,akshare.stock_hk_index_daily_sina(HSMBI)
2025-01-07,3131.01,3159.53,3106.36,3146.8999,1639099859,akshare.stock_hk_index_daily_sina(HSMBI)
2025-01-08,3136.33,3185.63,3129.42,3154.02002,1379991828,akshare.stock_hk_index_daily_sina(HSMBI)
2025-01-09,3152.74,3159.0,3120.02,3131.86011,1026406205,akshare.stock_hk_index_daily_sina(HSMBI)
2025-01-10,3144.28,3167.3,3106.69,3107.11011,982640023,akshare.stock_hk_index_daily_sina(HSMBI)
2025-01-13,3083.41,3092.21,3032.89,3082.80005,1023070419,akshare.stock_hk_index_daily_sina(HSMBI)
2025-01-14,3073.24,3129.31,3073.24,3120.62988,1049922427,akshare.stock_hk_index_daily_sina(HSMBI)
2025-01-15,3126.93,3185.96,3125.11,3165.57007,894266438,akshare.stock_hk_index_daily_sina(HSMBI)
2025-01-16,3177.31,3198.68,3160.68,3198.67993,975262325,akshare.stock_hk_index_daily_sina(HSMBI)
2025-01-17,3190.63,3198.09,3144.3,3159.95996,1079881269,akshare.stock_hk_index_daily_sina(HSMBI)
2025-01-20,3187.23,3200.78,3164.38,3187.43994,1003249881,akshare.stock_hk_index_daily_sina(HSMBI)
2025-01-21,3208.84,3227.23,3177.02,3224.53003,838044363,akshare.stock_hk_index_daily_sina(HSMBI)
2025-01-22,3209.08,3214.11,3173.69,3178.3999,835619716,akshare.stock_hk_index_daily_sina(HSMBI)
2025-01-23,3186.22,3255.18,3186.22,3239.5,1615155268,akshare.stock_hk_index_daily_sina(HSMBI)
2025-01-24,3245.89,3290.33,3227.49,3283.73999,1602462980,akshare.stock_hk_index_daily_sina(HSMBI)
2025-01-27,3280.85,3337.14,3280.85,3331.98999,1273589060,akshare.stock_hk_index_daily_sina(HSMBI)
2025-01-28,3333.75,3333.75,3289.07,3302.68994,326763654,akshare.stock_hk_index_daily_sina(HSMBI)
2025-02-03,3235.3,3275.24,3203.47,3271.30005,707487942,akshare.stock_hk_index_daily_sina(HSMBI)
2025-02-04,3315.19,3346.04,3258.64,3332.86011,1087566712,akshare.stock_hk_index_daily_sina(HSMBI)
2025-02-05,3327.98,3327.98,3272.88,3310.16992,1183278342,akshare.stock_hk_index_daily_sina(HSMBI)
2025-02-06,3303.88,3331.53,3283.75,3321.51001,1078589929,akshare.stock_hk_index_daily_sina(HSMBI)
2025-02-07,3311.64,3314.43,3269.27,3303.04004,1475155493,akshare.stock_hk_index_daily_sina(HSMBI)
2025-02-10,3295.85,3340.7,3280.64,3340.69995,1391635799,akshare.stock_hk_index_daily_sina(HSMBI)
2025-02-11,3332.12,3367.14,3325.53,3350.0,1158990527,akshare.stock_hk_index_daily_sina(HSMBI)
2025-02-12,3359.14,3421.07,3350.9,3421.07007,2712748604,akshare.stock_hk_index_daily_sina(HSMBI)
2025-02-13,3424.9,3468.33,3408.87,3415.23999,2078288956,akshare.stock_hk_index_daily_sina(HSMBI)
2025-02-14,3427.47,3457.95,3399.07,3457.94995,1760527053,akshare.stock_hk_index_daily_sina(HSMBI)
2025-02-17,3415.77,3496.29,3415.77,3486.03003,1701161567,akshare.stock_hk_index_daily_sina(HSMBI)
2025-02-18,3483.67,3529.78,3465.51,3508.21997,1765496904,akshare.stock_hk_index_daily_sina(HSMBI)
2025-02-19,3481.45,3491.92,3451.27,3483.97998,1402721228,akshare.stock_hk_index_daily_sina(HSMBI)
2025-02-20,3473.68,3502.93,3451.22,3483.87988,1158661277,akshare.stock_hk_index_daily_sina(HSMBI)
2025-02-21,3504.82,3504.82,3451.52,3499.16992,1726105421,akshare.stock_hk_index_daily_sina(HSMBI)
2025-02-24,3481.17,3535.5,3466.08,3497.81006,1334915077,akshare.stock_hk_index_daily_sina(HSMBI)
2025-02-25,3474.64,3485.82,3447.69,3457.62988,1232568181,akshare.stock_hk_index_daily_sina(HSMBI)
2025-02-26,3483.39,3555.8,3477.27,3534.12012,1416164615,akshare.stock_hk_index_daily_sina(HSMBI)
2025-02-27,3503.15,3565.11,3487.65,3552.05005,2018651347,akshare.stock_hk_index_daily_sina(HSMBI)
2025-02-28,3537.98,3560.78,3483.84,3494.82007,2395475624,akshare.stock_hk_index_daily_sina(HSMBI)
2025-03-03,3493.93,3537.15,3488.29,3514.80005,1306158676,akshare.stock_hk_index_daily_sina(HSMBI)
2025-03-04,3498.75,3519.42,3481.38,3503.6499,1266997542,akshare.stock_hk_index_daily_sina(HSMBI)
2025-03-05,3517.42,3601.6,3512.54,3588.81006,1562128217,akshare.stock_hk_index_daily_sina(HSMBI)
2025-03-06,3608.84,3611.16,3575.78,3602.51001,1448851120,akshare.stock_hk_index_daily_sina(HSMBI)
2025-03-07,3593.8,3627.83,3585.54,3596.36011,1190750415,akshare.stock_hk_index_daily_sina(HSMBI)
2025-03-10,3590.26,3614.76,3551.93,3570.67993,1058123584,akshare.stock_hk_index_daily_sina(HSMBI)
2025-03-11,3537.55,3600.9,3537.55,3579.90991,1077467004,akshare.stock_hk_index_daily_sina(HSMBI)
2025-03-12,3565.44,3597.46,3565.28,3596.59009,1482593339,akshare.stock_hk_index_daily_sina(HSMBI)
2025-03-13,3595.06,3653.79,3591.7,3617.16992,1126187161,akshare.stock_hk_index_daily_sina(HSMBI)
2025-03-14,3634.23,3722.55,3628.01,3685.56006,1569477678,akshare.stock_hk_index_daily_sina(HSMBI)
2025-03-17,3681.55,3720.33,3681.17,3701.77002,929486621,akshare.stock_hk_index_daily_sina(HSMBI)
2025-03-18,3721.51,3759.98,3715.58,3755.92993,1218982578,akshare.stock_hk_index_daily_sina(HSMBI)
2025-03-19,3756.68,3779.06,3745.28,3758.63989,1106470327,akshare.stock_hk_index_daily_sina(HSMBI)
2025-03-20,3752.62,3764.39,3700.97,3712.12988,1210532176,akshare.stock_hk_index_daily_sina(HSMBI)
2025-03-21,3709.3,3722.67,3664.38,3670.45996,1559755682,akshare.stock_hk_index_daily_sina(HSMBI)
2025-03-24,3678.21,3725.63,3640.33,3719.33008,1049926053,akshare.stock_hk_index_daily_sina(HSMBI)
2025-03-25,3684.59,3717.11,3676.71,3679.36011,944730214,akshare.stock_hk_index_daily_sina(HSMBI)
2025-03-26,3674.96,3683.05,3597.83,3621.80005,1206262567,akshare.stock_hk_index_daily_sina(HSMBI)
2025-03-27,3614.38,3662.84,3576.81,3597.26001,1291174985,akshare.stock_hk_index_daily_sina(HSMBI)
2025-03-28,3607.77,3607.77,3542.67,3564.70996,1220238668,akshare.stock_hk_index_daily_sina(HSMBI)
2025-03-31,3543.61,3628.79,3508.91,3587.29004,2415394995,akshare.stock_hk_index_daily_sina(HSMBI)
2025-04-01,3591.5,3607.94,3542.87,3590.8999,1140513786,akshare.stock_hk_index_daily_sina(HSMBI)
2025-04-02,3567.27,3605.33,3556.68,3605.33008,1019373425,akshare.stock_hk_index_daily_sina(HSMBI)
2025-04-03,3554.5,3590.24,3536.92,3563.05005,1454945858,akshare.stock_hk_index_daily_sina(HSMBI)
2025-04-07,3387.74,3407.62,3225.12,3239.22998,4250420357,akshare.stock_hk_index_daily_sina(HSMBI)
2025-04-08,3246.37,3310.74,3241.78,3254.29004,3083173939,akshare.stock_hk_index_daily_sina(HSMBI)
2025-04-09,3202.29,3273.97,3169.33,3253.80005,3327707826,akshare.stock_hk_index_daily_sina(HSMBI)
2025-04-10,3256.42,3354.38,3256.42,3305.91992,2132750486,akshare.stock_hk_index_daily_sina(HSMBI)
2025-04-11,3298.67,3417.75,3281.43,3394.41992,1945731041,akshare.stock_hk_index_daily_sina(HSMBI)
2025-04-14,3439.15,3457.96,3420.76,3450.20996,1185310745,akshare.stock_hk_index_daily_sina(HSMBI)
2025-04-15,3447.66,3473.61,3433.93,3472.79004,930187040,akshare.stock_hk_index_daily_sina(HSMBI)
2025-04-16,3465.7,3495.92,3423.05,3436.96997,1082925510,akshare.stock_hk_index_daily_sina(HSMBI)
2025-04-17,3439.52,3475.16,3432.88,3469.98999,893409873,akshare.stock_hk_index_daily_sina(HSMBI)
2025-04-22,3463.03,3488.22,3443.58,3487.44995,1640319030,akshare.stock_hk_index_daily_sina(HSMBI)
2025-04-23,3517.68,3519.56,3473.5,3502.06006,929238055,akshare.stock_hk_index_daily_sina(HSMBI)
2025-04-24,3483.38,3526.49,3483.38,3517.86011,828687544,akshare.stock_hk_index_daily_sina(HSMBI)
2025-04-25,3533.6,3536.97,3503.82,3515.56006,1342682086,akshare.stock_hk_index_daily_sina(HSMBI)
2025-04-28,3533.08,3586.72,3520.97,3564.43994,989447585,akshare.stock_hk_index_daily_sina(HSMBI)
2025-04-29,3581.44,3597.3,3528.53,3541.67993,1226873736,akshare.stock_hk_index_daily_sina(HSMBI)
2025-04-30,3514.01,3514.01,3370.8,3457.1001,2909644785,akshare.stock_hk_index_daily_sina(HSMBI)
2025-05-02,3458.31,3480.6,3437.01,3468.44995,669416728,akshare.stock_hk_index_daily_sina(HSMBI)
2025-05-06,3447.15,3498.89,3434.86,3487.77002,1123210840,akshare.stock_hk_index_daily_sina(HSMBI)
2025-05-07,3546.27,3581.71,3516.71,3523.41992,1518742943,akshare.stock_hk_index_daily_sina(HSMBI)
2025-05-08,3521.49,3576.88,3521.49,3543.88989,1289167573,akshare.stock_hk_index_daily_sina(HSMBI)
2025-05-09,3546.48,3588.3,3546.48,3584.3999,976306061,akshare.stock_hk_index_daily_sina(HSMBI)
2025-05-12,3631.33,3659.83,3584.58,3649.27002,2183357615,akshare.stock_hk_index_daily_sina(HSMBI)
2025-05-13,3629.06,3691.76,3628.43,3683.87012,1764754140,akshare.stock_hk_index_daily_sina(HSMBI)
2025-05-14,3696.26,3752.21,3684.2,3749.8501,1602304272,akshare.stock_hk_index_daily_sina(HSMBI)
2025-05-15,3746.9,3778.52,3729.88,3737.29004,1302212587,akshare.stock_hk_index_daily_sina(HSMBI)
2025-05-16,3728.2,3737.66,3695.5,3730.28003,1070221251,akshare.stock_hk_index_daily_sina(HSMBI)
2025-05-19,3708.3,3746.03,3685.08,3698.71997,1163827287,akshare.stock_hk_index_daily_sina(HSMBI)
2025-05-20,3709.33,3734.34,3704.49,3730.19995,1029463316,akshare.stock_hk_index_daily_sina(HSMBI)
2025-05-21,3729.46,3771.11,3715.36,3750.1001,1181197231,akshare.stock_hk_index_daily_sina(HSMBI)
2025-05-22,3744.21,3779.59,3736.89,3766.87012,1188897218,akshare.stock_hk_index_daily_sina(HSMBI)
2025-05-23,3769.41,3793.89,3754.75,3773.95996,1278536650,akshare.stock_hk_index_daily_sina(HSMBI)
2025-05-26,3766.48,3800.75,3731.97,3741.95996,1198003699,akshare.stock_hk_index_daily_sina(HSMBI)
2025-05-27,3753.19,3766.18,3728.68,3742.70996,1142566825,akshare.stock_hk_index_daily_sina(HSMBI)
2025-05-28,3742.06,3763.35,3707.42,3743.52002,971271791,akshare.stock_hk_index_daily_sina(HSMBI)
2025-05-29,3737.7,3765.71,3722.83,3760.87012,1255202747,akshare.stock_hk_index_daily_sina(HSMBI)
2025-05-30,3734.91,3766.95,3728.86,3748.80005,2369760667,akshare.stock_hk_index_daily_sina(HSMBI)
2025-06-02,3721.34,3732.37,3622.57,3695.1499,984675703,akshare.stock_hk_index_daily_sina(HSMBI)
2025-06-03,3711.87,3817.89,3711.87,3817.88989,1688719279,akshare.stock_hk_index_daily_sina(HSMBI)
2025-06-04,3816.68,3834.83,3802.47,3832.07007,1413212260,akshare.stock_hk_index_daily_sina(HSMBI)
2025-06-05,3841.05,3866.84,3828.73,3863.26001,1268450762,akshare.stock_hk_index_daily_sina(HSMBI)
2025-06-06,3871.37,3899.46,3843.73,3856.31006,1645663262,akshare.stock_hk_index_daily_sina(HSMBI)
2025-06-09,3880.8,3917.57,3853.4,3911.15991,1511091026,akshare.stock_hk_index_daily_sina(HSMBI)
2025-06-10,3904.12,3977.03,3888.4,3947.05005,1758577169,akshare.stock_hk_index_daily_sina(HSMBI)
2025-06-11,3955.89,4022.32,3951.12,4021.02002,1969587113,akshare.stock_hk_index_daily_sina(HSMBI)
2025-06-12,4012.2,4053.79,4003.28,4009.23999,1583625981,akshare.stock_hk_index_daily_sina(HSMBI)
2025-06-13,3993.47,4041.7,3982.92,3995.76001,1806608412,akshare.stock_hk_index_daily_sina(HSMBI)
2025-06-16,3990.41,4065.47,3976.52,4055.36011,1386989749,akshare.stock_hk_index_daily_sina(HSMBI)
2025-06-17,4054.57,4063.61,4017.6,4033.28003,1225600913,akshare.stock_hk_index_daily_sina(HSMBI)
2025-06-18,4019.28,4043.21,4005.89,4022.96997,1352340526,akshare.stock_hk_index_daily_sina(HSMBI)
2025-06-19,4012.17,4027.27,3952.07,3958.04004,1464048032,akshare.stock_hk_index_daily_sina(HSMBI)
2025-06-20,3946.74,4062.6,3946.74,4041.79004,2503633828,akshare.stock_hk_index_daily_sina(HSMBI)
2025-06-23,4016.46,4097.49,4003.63,4089.01001,1222174384,akshare.stock_hk_index_daily_sina(HSMBI)
2025-06-24,4105.14,4169.76,4105.14,4161.08984,1463927414,akshare.stock_hk_index_daily_sina(HSMBI)
2025-06-25,4169.77,4209.81,4141.62,4205.66016,1504367821,akshare.stock_hk_index_daily_sina(HSMBI)
2025-06-26,4185.18,4217.14,4171.0,4208.1001,1147814198,akshare.stock_hk_index_daily_sina(HSMBI)
2025-06-27,4201.15,4232.98,4107.79,4143.64014,1738548181,akshare.stock_hk_index_daily_sina(HSMBI)
2025-06-30,4138.79,4138.79,4054.83,4071.40991,1711774445,akshare.stock_hk_index_daily_sina(HSMBI)
2025-07-02,4125.41,4181.02,4125.41,4163.93994,1551915799,akshare.stock_hk_index_daily_sina(HSMBI)
2025-07-03,4141.37,4155.09,4046.5,4082.33008,1252770146,akshare.stock_hk_index_daily_sina(HSMBI)
2025-07-04,4061.07,4102.24,4043.23,4095.30005,1245854189,akshare.stock_hk_index_daily_sina(HSMBI)
2025-07-07,4093.53,4107.67,4065.87,4105.33008,920027161,akshare.stock_hk_index_daily_sina(HSMBI)
2025-07-08,4128.62,4148.12,4113.82,4122.72022,1534891401,akshare.stock_hk_index_daily_sina(HSMBI)
2025-07-09,4089.93,4103.63,4048.3,4081.12012,1051970536,akshare.stock_hk_index_daily_sina(HSMBI)
2025-07-10,4077.24,4191.54,4077.24,4182.68018,2188608970,akshare.stock_hk_index_daily_sina(HSMBI)
2025-07-11,4181.27,4236.78,4131.54,4131.54004,1525656020,akshare.stock_hk_index_daily_sina(HSMBI)
2025-07-14,4129.92,4177.82,4129.92,4147.8501,910023367,akshare.stock_hk_index_daily_sina(HSMBI)
2025-07-15,4174.33,4189.14,4098.72,4116.50977,1126229884,akshare.stock_hk_index_daily_sina(HSMBI)
2025-07-16,4125.27,4149.07,4101.51,4125.50977,1461529464,akshare.stock_hk_index_daily_sina(HSMBI)
2025-07-17,4124.51,4155.24,4074.18,4084.76001,1089921890,akshare.stock_hk_index_daily_sina(HSMBI)
2025-07-18,4105.28,4130.6,4088.18,4128.79004,1061505098,akshare.stock_hk_index_daily_sina(HSMBI)
2025-07-21,4141.04,4153.43,4084.85,4101.91016,1214460691,akshare.stock_hk_index_daily_sina(HSMBI)
2025-07-22,4104.68,4119.22,4036.1,4060.33008,1526823197,akshare.stock_hk_index_daily_sina(HSMBI)
2025-07-23,4076.27,4120.96,4061.32,4120.52979,1421644468,akshare.stock_hk_index_daily_sina(HSMBI)
2025-07-24,4122.76,4140.76,4106.42,4118.93994,1134455463,akshare.stock_hk_index_daily_sina(HSMBI)
2025-07-25,4103.98,4105.14,4056.58,4064.38989,1257217274,akshare.stock_hk_index_daily_sina(HSMBI)
2025-07-28,4063.61,4111.26,4045.78,4074.04004,973059400,akshare.stock_hk_index_daily_sina(HSMBI)
2025-07-29,4069.42,4073.96,4002.41,4024.18994,1246609604,akshare.stock_hk_index_daily_sina(HSMBI)
2025-07-30,4011.38,4047.03,3981.25,4009.97998,1169602468,akshare.stock_hk_index_daily_sina(HSMBI)
2025-07-31,3985.59,3991.87,3949.9,3958.86011,1183635103,akshare.stock_hk_index_daily_sina(HSMBI)
2025-08-01,3953.92,3973.76,3908.62,3917.8501,1015374841,akshare.stock_hk_index_daily_sina(HSMBI)
2025-08-04,3914.28,3993.55,3908.86,3969.01001,972447198,akshare.stock_hk_index_daily_sina(HSMBI)
2025-08-05,3963.11,4040.69,3963.11,4028.76001,1040005930,akshare.stock_hk_index_daily_sina(HSMBI)
2025-08-06,4025.84,4071.12,3976.5,3976.5,774956274,akshare.stock_hk_index_daily_sina(HSMBI)
2025-08-07,3994.24,4040.7,3977.91,4035.92993,771077310,akshare.stock_hk_index_daily_sina(HSMBI)
2025-08-08,4018.33,4038.97,3994.53,4007.15991,569314821,akshare.stock_hk_index_daily_sina(HSMBI)
2025-08-11,4013.75,4017.96,3968.48,3979.41992,612952670,akshare.stock_hk_index_daily_sina(HSMBI)
2025-08-12,3984.02,4023.14,3982.63,4009.95996,614888856,akshare.stock_hk_index_daily_sina(HSMBI)
2025-08-13,4015.71,4040.95,3997.93,4034.04004,852938271,akshare.stock_hk_index_daily_sina(HSMBI)
2025-08-14,4032.93,4066.97,4007.04,4011.08008,853076308,akshare.stock_hk_index_daily_sina(HSMBI)
2025-08-15,3997.86,3997.86,3896.41,3912.22998,1632965838,akshare.stock_hk_index_daily_sina(HSMBI)
2025-08-18,3911.23,3918.85,3873.02,3876.75,1352140971,akshare.stock_hk_index_daily_sina(HSMBI)
2025-08-19,3890.97,3911.45,3870.75,3882.06006,890528265,akshare.stock_hk_index_daily_sina(HSMBI)
2025-08-20,3879.7,3929.68,3870.44,3909.12012,828067192,akshare.stock_hk_index_daily_sina(HSMBI)
2025-08-21,3917.2,3923.4,3896.53,3919.28003,667862696,akshare.stock_hk_index_daily_sina(HSMBI)
2025-08-22,3925.64,3945.32,3879.4,3905.6001,652426748,akshare.stock_hk_index_daily_sina(HSMBI)
2025-08-25,3929.38,3938.99,3884.49,3916.81006,1585893803,akshare.stock_hk_index_daily_sina(HSMBI)
2025-08-26,3917.02,3933.28,3843.33,3845.55005,1211579047,akshare.stock_hk_index_daily_sina(HSMBI)
2025-08-27,3854.12,3861.64,3784.66,3791.96997,1234298819,akshare.stock_hk_index_daily_sina(HSMBI)
2025-08-28,3789.25,3846.41,3778.57,3811.86011,1110219135,akshare.stock_hk_index_daily_sina(HSMBI)
2025-08-29,3822.05,3873.73,3787.19,3787.18994,1015050252,akshare.stock_hk_index_daily_sina(HSMBI)
2025-09-01,3796.23,3818.49,3765.64,3777.32007,1179522857,akshare.stock_hk_index_daily_sina(HSMBI)
2025-09-02,3766.26,3871.84,3749.79,3850.22998,1238522017,akshare.stock_hk_index_daily_sina(HSMBI)
2025-09-03,3863.68,3884.76,3804.5,3812.77002,906715281,akshare.stock_hk_index_daily_sina(HSMBI)
2025-09-04,3821.36,3843.11,3784.16,3821.94995,965663695,akshare.stock_hk_index_daily_sina(HSMBI)
2025-09-05,3828.41,3851.3,3805.46,3847.58008,1056317865,akshare.stock_hk_index_daily_sina(HSMBI)
2025-09-08,3841.79,3852.75,3818.9,3830.84009,933905641,akshare.stock_hk_index_daily_sina(HSMBI)
2025-09-09,3829.6,3881.59,3829.6,3880.29004,873784314,akshare.stock_hk_index_daily_sina(HSMBI)
2025-09-10,3886.9,3982.36,3877.27,3971.33008,1184676516,akshare.stock_hk_index_daily_sina(HSMBI)
2025-09-11,3947.36,3972.78,3925.66,3949.98999,875934776,akshare.stock_hk_index_daily_sina(HSMBI)
2025-09-12,3981.05,3984.31,3920.79,3938.04004,763936494,akshare.stock_hk_index_daily_sina(HSMBI)
2025-09-15,3928.68,3934.7,3877.37,3892.04004,833587678,akshare.stock_hk_index_daily_sina(HSMBI)
2025-09-16,3895.11,3913.07,3869.67,3877.95996,744181798,akshare.stock_hk_index_daily_sina(HSMBI)
2025-09-17,3874.53,3896.0,3863.89,3890.45996,774904457,akshare.stock_hk_index_daily_sina(HSMBI)
2025-09-18,3872.32,3879.99,3806.16,3826.84009,1003174349,akshare.stock_hk_index_daily_sina(HSMBI)
2025-09-19,3816.55,3833.14,3781.58,3806.6001,1411495173,akshare.stock_hk_index_daily_sina(HSMBI)
2025-09-22,3806.92,3806.92,3733.32,3747.05005,975098053,akshare.stock_hk_index_daily_sina(HSMBI)
2025-09-23,3759.69,3792.87,3723.35,3761.34009,868539680,akshare.stock_hk_index_daily_sina(HSMBI)
2025-09-24,3760.06,3799.05,3734.69,3750.63989,847048773,akshare.stock_hk_index_daily_sina(HSMBI)
2025-09-25,3746.98,3746.98,3665.64,3672.23999,1250869816,akshare.stock_hk_index_daily_sina(HSMBI)
2025-09-26,3653.34,3720.67,3634.34,3708.28003,1070865714,akshare.stock_hk_index_daily_sina(HSMBI)
2025-09-29,3726.49,3768.91,3709.11,3746.51001,1625571248,akshare.stock_hk_index_daily_sina(HSMBI)
2025-09-30,3731.94,3756.93,3699.08,3745.73999,947896516,akshare.stock_hk_index_daily_sina(HSMBI)
2025-10-02,3726.25,3751.79,3722.94,3730.52002,803917518,akshare.stock_hk_index_daily_sina(HSMBI)
2025-10-03,3708.51,3735.28,3692.35,3712.88989,400430202,akshare.stock_hk_index_daily_sina(HSMBI)
2025-10-06,3697.16,3728.83,3687.02,3691.6001,298440669,akshare.stock_hk_index_daily_sina(HSMBI)
2025-10-08,3693.57,3697.17,3632.19,3662.13989,826440829,akshare.stock_hk_index_daily_sina(HSMBI)
2025-10-09,3678.26,3700.22,3661.0,3692.54004,847652157,akshare.stock_hk_index_daily_sina(HSMBI)
2025-10-10,3687.24,3729.24,3669.64,3706.21997,745647353,akshare.stock_hk_index_daily_sina(HSMBI)
2025-10-13,3668.28,3725.81,3633.22,3707.06006,1345176213,akshare.stock_hk_index_daily_sina(HSMBI)
2025-10-14,3696.24,3801.04,3689.77,3777.09009,1609006744,akshare.stock_hk_index_daily_sina(HSMBI)
2025-10-15,3805.44,3813.69,3767.43,3796.55005,1200469200,akshare.stock_hk_index_daily_sina(HSMBI)
2025-10-16,3786.0,3873.71,3786.0,3869.88989,1118815268,akshare.stock_hk_index_daily_sina(HSMBI)
2025-10-17,3874.78,3907.16,3835.61,3853.22998,1264401757,akshare.stock_hk_index_daily_sina(HSMBI)
2025-10-20,3898.81,3904.08,3843.97,3896.34009,961630921,akshare.stock_hk_index_daily_sina(HSMBI)
2025-10-21,3912.1,3957.74,3907.73,3935.5,862664322,akshare.stock_hk_index_daily_sina(HSMBI)
2025-10-22,3939.64,3964.53,3920.31,3947.6499,913856708,akshare.stock_hk_index_daily_sina(HSMBI)
2025-10-23,3943.69,4005.93,3943.69,4005.83008,1285565927,akshare.stock_hk_index_daily_sina(HSMBI)
2025-10-24,4014.92,4020.85,3986.96,4009.48999,811990495,akshare.stock_hk_index_daily_sina(HSMBI)
2025-10-27,4031.46,4051.97,3972.91,4017.1499,973800575,akshare.stock_hk_index_daily_sina(HSMBI)
2025-10-28,4031.01,4039.49,3991.14,4027.09009,855237519,akshare.stock_hk_index_daily_sina(HSMBI)
2025-10-30,4038.47,4052.54,3973.51,3993.57007,1496392551,akshare.stock_hk_index_daily_sina(HSMBI)
2025-10-31,3983.02,3997.38,3942.95,3942.94995,1400664875,akshare.stock_hk_index_daily_sina(HSMBI)
2025-11-03,3946.46,4029.7,3932.66,4024.20996,1666299951,akshare.stock_hk_index_daily_sina(HSMBI)
2025-11-04,4018.82,4094.29,4018.82,4063.63989,1525742895,akshare.stock_hk_index_daily_sina(HSMBI)
2025-11-05,4052.33,4080.33,4025.3,4073.19995,894041937,akshare.stock_hk_index_daily_sina(HSMBI)
2025-11-06,4077.15,4106.09,4072.98,4097.06006,940804680,akshare.stock_hk_index_daily_sina(HSMBI)
2025-11-07,4089.84,4120.93,4087.03,4100.62988,748135630,akshare.stock_hk_index_daily_sina(HSMBI)
2025-11-10,4099.83,4153.49,4088.52,4150.04981,890551683,akshare.stock_hk_index_daily_sina(HSMBI)
2025-11-11,4150.75,4183.81,4146.54,4183.81006,740957082,akshare.stock_hk_index_daily_sina(HSMBI)
2025-11-12,4189.78,4251.7,4189.78,4224.95996,1034658307,akshare.stock_hk_index_daily_sina(HSMBI)
2025-11-13,4222.82,4245.7,4194.07,4221.49023,1072066975,akshare.stock_hk_index_daily_sina(HSMBI)
2025-11-14,4191.22,4234.44,4184.78,4192.7002,1191216305,akshare.stock_hk_index_daily_sina(HSMBI)
2025-11-17,4200.54,4212.92,4140.64,4157.47998,818942970,akshare.stock_hk_index_daily_sina(HSMBI)
2025-11-18,4148.71,4149.3,4090.2,4103.29981,823393004,akshare.stock_hk_index_daily_sina(HSMBI)
2025-11-19,4107.62,4152.9,4089.71,4103.8999,684048189,akshare.stock_hk_index_daily_sina(HSMBI)
2025-11-20,4132.84,4183.92,4116.94,4148.68018,1170706481,akshare.stock_hk_index_daily_sina(HSMBI)
2025-11-21,4135.82,4144.39,4063.99,4069.38989,1115010076,akshare.stock_hk_index_daily_sina(HSMBI)
2025-11-24,4085.81,4106.64,4070.64,4099.29004,2964680802,akshare.stock_hk_index_daily_sina(HSMBI)
2025-11-25,4101.85,4147.18,4083.38,4143.04004,816751215,akshare.stock_hk_index_daily_sina(HSMBI)
2025-11-26,4173.32,4190.52,4130.82,4134.79004,635635618,akshare.stock_hk_index_daily_sina(HSMBI)
2025-11-27,4134.76,4177.36,4107.26,4144.79004,822919722,akshare.stock_hk_index_daily_sina(HSMBI)
2025-11-28,4150.06,4157.36,4094.89,4103.58984,794464033,akshare.stock_hk_index_daily_sina(HSMBI)
2025-12-01,4125.57,4133.8,4079.79,4109.3501,776940215,akshare.stock_hk_index_daily_sina(HSMBI)
2025-12-02,4103.74,4123.22,4075.3,4090.40991,770903118,akshare.stock_hk_index_daily_sina(HSMBI)
2025-12-03,4078.06,4087.04,4011.47,4016.91992,1194212970,akshare.stock_hk_index_daily_sina(HSMBI)
2025-12-04,4015.55,4043.0,3994.98,4038.97998,747342432,akshare.stock_hk_index_daily_sina(HSMBI)
2025-12-05,4020.85,4057.59,3988.57,4055.88989,1593257056,akshare.stock_hk_index_daily_sina(HSMBI)
2025-12-08,4049.57,4050.63,3957.37,3957.37012,1756807277,akshare.stock_hk_index_daily_sina(HSMBI)
2025-12-09,3954.97,3982.91,3930.76,3948.93994,1039228134,akshare.stock_hk_index_daily_sina(HSMBI)
2025-12-10,3949.65,3955.07,3888.56,3913.59009,1152025860,akshare.stock_hk_index_daily_sina(HSMBI)
2025-12-11,3926.83,3940.27,3893.41,3925.37988,885806704,akshare.stock_hk_index_daily_sina(HSMBI)
2025-12-12,3942.22,3950.94,3908.62,3927.34009,1031576915,akshare.stock_hk_index_daily_sina(HSMBI)
2025-12-15,3907.74,3925.95,3878.14,3887.71997,883705293,akshare.stock_hk_index_daily_sina(HSMBI)
2025-12-16,3883.92,3890.53,3801.32,3809.86011,1029201881,akshare.stock_hk_index_daily_sina(HSMBI)
2025-12-17,3804.95,3834.33,3793.83,3823.8501,843479860,akshare.stock_hk_index_daily_sina(HSMBI)
2025-12-18,3825.66,3879.08,3803.43,3872.97998,828214604,akshare.stock_hk_index_daily_sina(HSMBI)
2025-12-19,3889.62,3893.78,3856.61,3881.28003,1607021169,akshare.stock_hk_index_daily_sina(HSMBI)
2025-12-22,3887.16,3890.26,3859.08,3877.87988,760554406,akshare.stock_hk_index_daily_sina(HSMBI)
2025-12-23,3890.6,3925.22,3882.55,3903.65991,704096721,akshare.stock_hk_index_daily_sina(HSMBI)
2025-12-24,3909.28,3909.28,3871.14,3898.01001,447831315,akshare.stock_hk_index_daily_sina(HSMBI)
2025-12-29,3903.06,3946.69,3880.38,3934.36011,1068146041,akshare.stock_hk_index_daily_sina(HSMBI)
2025-12-30,3934.98,4000.47,3915.9,3974.8501,1322817173,akshare.stock_hk_index_daily_sina(HSMBI)
2025-12-31,3967.96,3972.21,3921.23,3964.3501,752120583,akshare.stock_hk_index_daily_sina(HSMBI)
2026-01-02,3963.84,4007.79,3923.67,4007.79004,488454308,akshare.stock_hk_index_daily_sina(HSMBI)
2026-01-05,3999.86,3999.86,3922.1,3927.84,885003330,akshare.stock_hk_index_daily_sina(HSMBI)
2026-01-06,3936.95,3945.45,3892.9,3923.71997,1182010353,akshare.stock_hk_index_daily_sina(HSMBI)
2026-01-07,3930.48,3930.48,3881.72,3890.32007,942933842,akshare.stock_hk_index_daily_sina(HSMBI)
2026-01-08,3886.57,3887.05,3839.07,3860.44995,794866505,akshare.stock_hk_index_daily_sina(HSMBI)
2026-01-09,3865.56,3872.95,3845.14,3854.38989,739327873,akshare.stock_hk_index_daily_sina(HSMBI)
2026-01-12,3867.22,3899.36,3826.2,3899.36011,689345804,akshare.stock_hk_index_daily_sina(HSMBI)
2026-01-13,3908.21,3943.45,3900.43,3934.53003,898229619,akshare.stock_hk_index_daily_sina(HSMBI)
2026-01-14,3914.97,3915.06,3861.72,3892.46997,885561163,akshare.stock_hk_index_daily_sina(HSMBI)
2026-01-15,3890.48,3940.14,3890.48,3912.82007,871217129,akshare.stock_hk_index_daily_sina(HSMBI)
2026-01-16,3922.19,3948.95,3879.39,3892.93994,946116337,akshare.stock_hk_index_daily_sina(HSMBI)
2026-01-19,3865.47,3910.55,3851.44,3859.37988,705293361,akshare.stock_hk_index_daily_sina(HSMBI)
2026-01-20,3860.18,3876.55,3839.9,3858.94995,749169881,akshare.stock_hk_index_daily_sina(HSMBI)
2026-01-21,3865.97,3877.76,3812.58,3820.75,715687357,akshare.stock_hk_index_daily_sina(HSMBI)
2026-01-22,3828.05,3847.93,3805.69,3814.3501,726225461,akshare.stock_hk_index_daily_sina(HSMBI)
2026-01-23,3832.45,3837.43,3794.42,3800.40991,650585618,akshare.stock_hk_index_daily_sina(HSMBI)
2026-01-26,3800.05,3856.75,3782.0,3827.83008,619518069,akshare.stock_hk_index_daily_sina(HSMBI)
2026-01-27,3833.09,3913.65,3833.09,3890.61011,980546754,akshare.stock_hk_index_daily_sina(HSMBI)
2026-01-28,3908.48,3988.41,3882.18,3982.80005,1580897862,akshare.stock_hk_index_daily_sina(HSMBI)
2026-01-29,3959.31,4036.24,3947.57,4026.68994,1817863640,akshare.stock_hk_index_daily_sina(HSMBI)
2026-01-30,4020.01,4036.92,3945.59,3945.59009,1259912938,akshare.stock_hk_index_daily_sina(HSMBI)
2026-02-02,3943.59,3946.05,3888.58,3918.51001,1011112902,akshare.stock_hk_index_daily_sina(HSMBI)
2026-02-03,3917.58,3959.19,3891.49,3894.78003,768716855,akshare.stock_hk_index_daily_sina(HSMBI)
2026-02-04,3903.25,3951.23,3898.41,3923.37012,730656523,akshare.stock_hk_index_daily_sina(HSMBI)
2026-02-05,3910.35,3976.84,3910.35,3969.78003,760834989,akshare.stock_hk_index_daily_sina(HSMBI)
2026-02-06,3945.35,3995.55,3931.74,3989.36011,868044119,akshare.stock_hk_index_daily_sina(HSMBI)
2026-02-09,4011.33,4046.25,3988.26,4013.04004,652980801,akshare.stock_hk_index_daily_sina(HSMBI)
2026-02-10,4018.75,4054.93,4016.64,4044.23999,622891887,akshare.stock_hk_index_daily_sina(HSMBI)
2026-02-11,4053.57,4063.77,4009.79,4052.0,672081635,akshare.stock_hk_index_daily_sina(HSMBI)
2026-02-12,4051.67,4063.33,4007.26,4020.38989,613236515,akshare.stock_hk_index_daily_sina(HSMBI)
2026-02-13,3997.69,4004.99,3957.34,3964.32007,567789877,akshare.stock_hk_index_daily_sina(HSMBI)
2026-02-16,3971.53,3982.14,3932.15,3964.8501,230377564,akshare.stock_hk_index_daily_sina(HSMBI)
2026-02-20,3966.28,4018.11,3929.29,3976.30005,486377087,akshare.stock_hk_index_daily_sina(HSMBI)
2026-02-23,4018.68,4061.67,4015.84,4056.91992,572234328,akshare.stock_hk_index_daily_sina(HSMBI)
2026-02-24,4015.61,4030.33,3988.73,3999.46997,599201960,akshare.stock_hk_index_daily_sina(HSMBI)
2026-02-25,4012.44,4014.42,3969.0,3978.71997,814118892,akshare.stock_hk_index_daily_sina(HSMBI)
2026-02-26,3995.86,3999.12,3951.89,3956.28003,734006081,akshare.stock_hk_index_daily_sina(HSMBI)
2026-02-27,3947.5,3954.09,3899.09,3939.07007,1152778614,akshare.stock_hk_index_daily_sina(HSMBI)
2026-03-02,3904.13,3904.13,3837.23,3859.80005,1193527012,akshare.stock_hk_index_daily_sina(HSMBI)
2026-03-03,3857.85,3946.95,3855.19,3902.59009,1012638726,akshare.stock_hk_index_daily_sina(HSMBI)
2026-03-04,3876.77,3877.25,3788.17,3829.56006,1290199065,akshare.stock_hk_index_daily_sina(HSMBI)
2026-03-05,3861.35,3911.37,3853.07,3858.80005,978430176,akshare.stock_hk_index_daily_sina(HSMBI)
2026-03-06,3857.72,3898.69,3857.24,3896.47998,632654087,akshare.stock_hk_index_daily_sina(HSMBI)
2026-03-09,3841.37,3881.02,3820.35,3879.56006,1121295911,akshare.stock_hk_index_daily_sina(HSMBI)
2026-03-10,3896.7,3903.04,3865.48,3879.0,1155973411,akshare.stock_hk_index_daily_sina(HSMBI)
2026-03-11,3878.79,3892.39,3847.85,3862.69995,1030347982,akshare.stock_hk_index_daily_sina(HSMBI)
2026-03-12,3844.02,3903.74,3835.54,3896.55005,857418701,akshare.stock_hk_index_daily_sina(HSMBI)
2026-03-13,3877.02,3903.34,3850.78,3891.56006,718462537,akshare.stock_hk_index_daily_sina(HSMBI)
2026-03-16,3888.94,3949.66,3858.24,3946.84009,885706706,akshare.stock_hk_index_daily_sina(HSMBI)
2026-03-17,3943.47,3983.18,3943.47,3979.55005,741639632,akshare.stock_hk_index_daily_sina(HSMBI)
2026-03-18,3983.86,3996.51,3969.76,3984.68994,728553887,akshare.stock_hk_index_daily_sina(HSMBI)
2026-03-19,3953.39,3986.48,3946.18,3973.0,838106053,akshare.stock_hk_index_daily_sina(HSMBI)
2026-03-20,3987.74,4002.15,3957.4,3980.63989,1354849567,akshare.stock_hk_index_daily_sina(HSMBI)
2026-03-23,3948.26,3948.26,3834.87,3860.51001,1298128090,akshare.stock_hk_index_daily_sina(HSMBI)
2026-03-24,3882.4,3956.93,3882.4,3956.06006,1134000434,akshare.stock_hk_index_daily_sina(HSMBI)
2026-03-25,3979.94,4025.89,3944.96,4025.88989,1332903005,akshare.stock_hk_index_daily_sina(HSMBI)
2026-03-26,4014.94,4048.17,3996.66,4010.40991,1044812673,akshare.stock_hk_index_daily_sina(HSMBI)
2026-03-27,4018.17,4046.66,3994.91,4030.57007,1097828252,akshare.stock_hk_index_daily_sina(HSMBI)
2026-03-30,3968.95,4072.11,3968.95,4066.19995,1507971673,akshare.stock_hk_index_daily_sina(HSMBI)
2026-03-31,4064.17,4110.99,4045.95,4110.99023,1648995181,akshare.stock_hk_index_daily_sina(HSMBI)
2026-04-01,4152.2,4156.41,4106.08,4123.22022,1153117240,akshare.stock_hk_index_daily_sina(HSMBI)
2026-04-02,4116.51,4163.94,4115.49,4163.93994,848473395,akshare.stock_hk_index_daily_sina(HSMBI)
2026-04-08,4180.48,4189.32,4112.19,4152.8999,1360009488,akshare.stock_hk_index_daily_sina(HSMBI)
2026-04-09,4142.26,4177.09,4121.92,4163.70996,764413166,akshare.stock_hk_index_daily_sina(HSMBI)
2026-04-10,4176.75,4184.04,4157.31,4173.72998,604444747,akshare.stock_hk_index_daily_sina(HSMBI)
2026-04-13,4157.91,4177.69,4128.4,4175.35986,561536212,akshare.stock_hk_index_daily_sina(HSMBI)
2026-04-14,4183.0,4226.76,4177.45,4224.10986,1082048878,akshare.stock_hk_index_daily_sina(HSMBI)
2026-04-15,4236.0,4252.84,4223.16,4239.81982,827736153,akshare.stock_hk_index_daily_sina(HSMBI)
2026-04-16,4240.85,4253.45,4226.76,4245.89014,739210092,akshare.stock_hk_index_daily_sina(HSMBI)
2026-04-17,4225.31,4265.27,4221.03,4252.54004,903323550,akshare.stock_hk_index_daily_sina(HSMBI)
2026-04-20,4270.45,4340.34,4243.28,4331.2002,969867432,akshare.stock_hk_index_daily_sina(HSMBI)
2026-04-21,4340.45,4387.1,4337.33,4377.9502,901365550,akshare.stock_hk_index_daily_sina(HSMBI)
2026-04-22,4369.02,4374.26,4298.58,4305.47022,832896961,akshare.stock_hk_index_daily_sina(HSMBI)
2026-04-23,4306.01,4356.39,4288.34,4331.8501,625014482,akshare.stock_hk_index_daily_sina(HSMBI)
2026-04-24,4322.45,4352.94,4287.84,4349.66016,831194980,akshare.stock_hk_index_daily_sina(HSMBI)
2026-04-27,4350.07,4380.53,4314.61,4329.1499,738316847,akshare.stock_hk_index_daily_sina(HSMBI)
2026-04-28,4319.38,4322.58,4276.47,4315.06006,1121697793,akshare.stock_hk_index_daily_sina(HSMBI)
2026-04-29,4327.35,4327.35,4284.91,4312.97022,1640067923,akshare.stock_hk_index_daily_sina(HSMBI)
2026-04-30,4301.19,4316.42,4209.47,4216.43994,1738395274,akshare.stock_hk_index_daily_sina(HSMBI)
2026-05-04,4258.4,4267.06,4195.67,4201.33984,500186398,akshare.stock_hk_index_daily_sina(HSMBI)
2026-05-05,4182.16,4188.12,4139.08,4180.60986,549282489,akshare.stock_hk_index_daily_sina(HSMBI)
2026-05-06,4221.8,4232.24,4175.87,4232.24023,848841559,akshare.stock_hk_index_daily_sina(HSMBI)
2026-05-07,4242.62,4259.65,4216.55,4243.81982,913412718,akshare.stock_hk_index_daily_sina(HSMBI)
2026-05-08,4232.39,4232.69,4195.45,4208.79004,808301450,akshare.stock_hk_index_daily_sina(HSMBI)
2026-05-11,4206.83,4253.77,4195.47,4247.60986,783422296,akshare.stock_hk_index_daily_sina(HSMBI)
2026-05-12,4238.64,4283.45,4233.65,4270.75,799936801,akshare.stock_hk_index_daily_sina(HSMBI)
2026-05-13,4271.97,4297.37,4240.77,4262.29004,751278867,akshare.stock_hk_index_daily_sina(HSMBI)
2026-05-14,4299.27,4305.76,4260.94,4271.62988,751684319,akshare.stock_hk_index_daily_sina(HSMBI)
2026-05-15,4263.3,4263.3,4208.81,4231.41992,753389433,akshare.stock_hk_index_daily_sina(HSMBI)
2026-05-18,4210.76,4226.68,4179.66,4200.37988,662995685,akshare.stock_hk_index_daily_sina(HSMBI)
2026-05-19,4199.83,4249.68,4198.72,4221.87012,972213227,akshare.stock_hk_index_daily_sina(HSMBI)
2026-05-20,4213.1,4213.1,4168.81,4191.58008,760893062,akshare.stock_hk_index_daily_sina(HSMBI)
2026-05-21,4198.33,4204.5,4147.73,4150.56982,685094206,akshare.stock_hk_index_daily_sina(HSMBI)
2026-05-22,4164.33,4187.71,4126.11,4166.99023,739043387,akshare.stock_hk_index_daily_sina(HSMBI)
2026-05-26,4158.33,4175.86,4116.68,4125.72022,825450007,akshare.stock_hk_index_daily_sina(HSMBI)
2026-05-27,4125.4,4132.99,4087.18,4101.9502,772429577,akshare.stock_hk_index_daily_sina(HSMBI)
2026-05-28,4083.15,4084.86,4003.27,4043.3999,1102929605,akshare.stock_hk_index_daily_sina(HSMBI)
2026-05-29,4029.81,4103.65,4019.95,4103.6499,2396844191,akshare.stock_hk_index_daily_sina(HSMBI)
2026-06-01,4079.16,4128.69,4073.5,4117.97022,965755805,akshare.stock_hk_index_daily_sina(HSMBI)
2026-06-02,4102.13,4195.24,4102.13,4188.58008,879980503,akshare.stock_hk_index_daily_sina(HSMBI)
2026-06-03,4177.1,4188.73,4125.01,4153.83008,542849052,akshare.stock_hk_index_daily_sina(HSMBI)
2026-06-04,4142.91,4155.38,4123.08,4136.52002,551673184,akshare.stock_hk_index_daily_sina(HSMBI)
2026-06-05,4139.88,4190.96,4139.88,4187.20996,764484981,akshare.stock_hk_index_daily_sina(HSMBI)
2026-06-08,4159.07,4234.91,4141.72,4207.93018,910939460,akshare.stock_hk_index_daily_sina(HSMBI)
2026-06-09,4205.36,4245.16,4179.75,4199.43994,1417897095,akshare.stock_hk_index_daily_sina(HSMBI)
2026-06-10,4190.76,4254.29,4171.11,4234.91992,958016936,akshare.stock_hk_index_daily_sina(HSMBI)
2026-06-11,4241.47,4256.45,4203.35,4220.49023,852991409,akshare.stock_hk_index_daily_sina(HSMBI)
2026-06-12,4229.05,4344.39,4212.98,4344.39014,1058127792,akshare.stock_hk_index_daily_sina(HSMBI)
2026-06-15,4348.22,4398.87,4323.36,4332.50977,906496830,akshare.stock_hk_index_daily_sina(HSMBI)
2026-06-16,4326.82,4361.99,4297.03,4320.77979,784139747,akshare.stock_hk_index_daily_sina(HSMBI)
2026-06-17,4341.66,4346.56,4200.23,4212.54004,872003949,akshare.stock_hk_index_daily_sina(HSMBI)
2026-06-18,4187.92,4197.74,4100.83,4126.68018,1371949402,akshare.stock_hk_index_daily_sina(HSMBI)
2026-06-22,4109.46,4148.48,4044.09,4123.02002,1030152338,akshare.stock_hk_index_daily_sina(HSMBI)
2026-06-23,4127.28,4182.03,4127.28,4146.2002,1384789784,akshare.stock_hk_index_daily_sina(HSMBI)
2026-06-24,4164.95,4181.56,4044.66,4057.78003,998195107,akshare.stock_hk_index_daily_sina(HSMBI)
2026-06-25,4066.25,4066.25,3907.29,3940.45996,1409770488,akshare.stock_hk_index_daily_sina(HSMBI)
2026-06-26,3929.66,3941.26,3853.81,3933.68994,1327747548,akshare.stock_hk_index_daily_sina(HSMBI)
2026-06-29,3941.07,3970.45,3888.44,3936.65991,1034003558,akshare.stock_hk_index_daily_sina(HSMBI)
2026-06-30,3928.82,3940.25,3787.31,3868.0,1990340720,akshare.stock_hk_index_daily_sina(HSMBI)
