date,open,high,low,close,volume,source
2019-10-02,6193.37,6284.53,6183.56,6266.92,67798878,akshare.stock_hk_index_daily_sina(HSMPI)
2019-10-03,6233.97,6343.5,6216.48,6325.77,67243159,akshare.stock_hk_index_daily_sina(HSMPI)
2019-10-04,6361.82,6502.67,6313.1,6401.02,115787721,akshare.stock_hk_index_daily_sina(HSMPI)
2019-10-08,6419.01,6498.51,6368.35,6413.02,91764656,akshare.stock_hk_index_daily_sina(HSMPI)
2019-10-09,6387.46,6576.69,6364.35,6477.57,108912898,akshare.stock_hk_index_daily_sina(HSMPI)
2019-10-10,6498.92,6513.26,6436.99,6467.95,94910088,akshare.stock_hk_index_daily_sina(HSMPI)
2019-10-11,6543.53,6680.17,6542.93,6665.18,124733952,akshare.stock_hk_index_daily_sina(HSMPI)
2019-10-14,6716.09,6762.0,6650.55,6717.01,123226851,akshare.stock_hk_index_daily_sina(HSMPI)
2019-10-15,6720.86,6729.36,6666.73,6694.05,80977652,akshare.stock_hk_index_daily_sina(HSMPI)
2019-10-16,6676.09,6849.64,6645.51,6845.58,136143244,akshare.stock_hk_index_daily_sina(HSMPI)
2019-10-17,6881.17,6923.43,6803.64,6844.25,98857819,akshare.stock_hk_index_daily_sina(HSMPI)
2019-10-18,6862.17,6927.14,6825.46,6838.18,91461633,akshare.stock_hk_index_daily_sina(HSMPI)
2019-10-21,6843.86,6917.15,6791.48,6874.8,70264997,akshare.stock_hk_index_daily_sina(HSMPI)
2019-10-22,6818.86,6818.86,6656.36,6695.35,372437553,akshare.stock_hk_index_daily_sina(HSMPI)
2019-10-23,6685.39,6714.05,6579.45,6611.6,109207511,akshare.stock_hk_index_daily_sina(HSMPI)
2019-10-24,6630.95,6695.59,6627.23,6674.53,111201793,akshare.stock_hk_index_daily_sina(HSMPI)
2019-10-25,6691.41,6721.85,6623.62,6685.98,65610300,akshare.stock_hk_index_daily_sina(HSMPI)
2019-10-28,6749.92,6762.23,6683.95,6745.18,69982615,akshare.stock_hk_index_daily_sina(HSMPI)
2019-10-29,6798.85,6806.27,6711.48,6780.35,75006576,akshare.stock_hk_index_daily_sina(HSMPI)
2019-10-30,6781.37,6788.11,6709.35,6722.86,70617572,akshare.stock_hk_index_daily_sina(HSMPI)
2019-10-31,6749.6,6767.04,6692.9,6767.04,123968434,akshare.stock_hk_index_daily_sina(HSMPI)
2019-11-01,6720.64,6912.06,6705.6,6891.9,136905629,akshare.stock_hk_index_daily_sina(HSMPI)
2019-11-04,6959.47,7097.66,6939.49,7094.17,158126478,akshare.stock_hk_index_daily_sina(HSMPI)
2019-11-05,7119.25,7201.29,7074.51,7171.13,122733197,akshare.stock_hk_index_daily_sina(HSMPI)
2019-11-06,7159.26,7232.04,7134.91,7223.15,90681164,akshare.stock_hk_index_daily_sina(HSMPI)
2019-11-07,7190.27,7214.52,7125.75,7202.12,74112988,akshare.stock_hk_index_daily_sina(HSMPI)
2019-11-08,7175.34,7210.15,7100.46,7136.28,80393103,akshare.stock_hk_index_daily_sina(HSMPI)
2019-11-11,7079.55,7079.55,6876.51,6920.92,105914406,akshare.stock_hk_index_daily_sina(HSMPI)
2019-11-12,6975.99,7007.24,6913.47,6986.66,57796081,akshare.stock_hk_index_daily_sina(HSMPI)
2019-11-13,6892.99,6894.76,6803.44,6834.26,74674558,akshare.stock_hk_index_daily_sina(HSMPI)
2019-11-14,6830.53,6857.45,6741.54,6795.21,65929504,akshare.stock_hk_index_daily_sina(HSMPI)
2019-11-15,6846.57,6866.14,6737.7,6755.64,52962381,akshare.stock_hk_index_daily_sina(HSMPI)
2019-11-18,6742.49,6905.41,6726.41,6870.21,68248384,akshare.stock_hk_index_daily_sina(HSMPI)
2019-11-19,6860.02,7030.66,6826.07,7020.17,84872212,akshare.stock_hk_index_daily_sina(HSMPI)
2019-11-20,6979.96,7053.35,6965.95,6992.32,68781066,akshare.stock_hk_index_daily_sina(HSMPI)
2019-11-21,6899.62,6904.22,6794.85,6872.31,70761387,akshare.stock_hk_index_daily_sina(HSMPI)
2019-11-22,6910.99,6980.46,6868.63,6926.46,63862216,akshare.stock_hk_index_daily_sina(HSMPI)
2019-11-25,6971.64,7119.93,6965.24,7092.98,112751173,akshare.stock_hk_index_daily_sina(HSMPI)
2019-11-26,7126.53,7140.85,7011.06,7039.69,159236415,akshare.stock_hk_index_daily_sina(HSMPI)
2019-11-27,7059.57,7106.49,7018.37,7073.97,53848824,akshare.stock_hk_index_daily_sina(HSMPI)
2019-11-28,7048.63,7108.33,7042.82,7089.98,69852478,akshare.stock_hk_index_daily_sina(HSMPI)
2019-11-29,7043.53,7046.48,6913.68,6936.2,90856073,akshare.stock_hk_index_daily_sina(HSMPI)
2019-12-02,7009.07,7203.05,7002.89,7186.59,145149742,akshare.stock_hk_index_daily_sina(HSMPI)
2019-12-03,7152.69,7264.09,7094.65,7192.54,91849986,akshare.stock_hk_index_daily_sina(HSMPI)
2019-12-04,7113.01,7167.04,7035.69,7066.18,70240850,akshare.stock_hk_index_daily_sina(HSMPI)
2019-12-05,7118.38,7130.83,6997.27,7071.7,85485080,akshare.stock_hk_index_daily_sina(HSMPI)
2019-12-06,7106.11,7181.11,7080.05,7149.84,64817357,akshare.stock_hk_index_daily_sina(HSMPI)
2019-12-09,7175.75,7378.79,7174.72,7286.44,124298971,akshare.stock_hk_index_daily_sina(HSMPI)
2019-12-10,7248.95,7305.5,7216.31,7276.38,80386618,akshare.stock_hk_index_daily_sina(HSMPI)
2019-12-11,7274.94,7382.5,7268.08,7377.33,100132719,akshare.stock_hk_index_daily_sina(HSMPI)
2019-12-12,7412.09,7470.87,7361.01,7430.5,108258881,akshare.stock_hk_index_daily_sina(HSMPI)
2019-12-13,7534.26,7574.55,7474.77,7567.38,135244025,akshare.stock_hk_index_daily_sina(HSMPI)
2019-12-16,7512.31,7673.9,7497.47,7622.74,98179975,akshare.stock_hk_index_daily_sina(HSMPI)
2019-12-17,7651.28,7691.63,7567.67,7629.78,112280908,akshare.stock_hk_index_daily_sina(HSMPI)
2019-12-18,7618.67,7675.92,7553.27,7607.68,80427040,akshare.stock_hk_index_daily_sina(HSMPI)
2019-12-19,7604.01,7609.6,7447.36,7537.63,85983537,akshare.stock_hk_index_daily_sina(HSMPI)
2019-12-20,7552.93,7680.68,7533.45,7642.17,107068882,akshare.stock_hk_index_daily_sina(HSMPI)
2019-12-23,7645.86,7688.53,7610.88,7662.37,70209852,akshare.stock_hk_index_daily_sina(HSMPI)
2019-12-24,7632.68,7646.79,7595.6,7621.48,21267880,akshare.stock_hk_index_daily_sina(HSMPI)
2019-12-27,7695.96,7856.72,7695.96,7842.83,102679295,akshare.stock_hk_index_daily_sina(HSMPI)
2019-12-30,7868.71,7973.85,7849.53,7890.06,91812550,akshare.stock_hk_index_daily_sina(HSMPI)
2019-12-31,7858.63,7926.09,7800.62,7902.6,51834189,akshare.stock_hk_index_daily_sina(HSMPI)
2020-01-02,7956.21,8134.28,7947.33,8099.8,137670981,akshare.stock_hk_index_daily_sina(HSMPI)
2020-01-03,8205.02,8205.02,7936.64,7951.44,117593306,akshare.stock_hk_index_daily_sina(HSMPI)
2020-01-06,7880.28,7911.41,7750.26,7794.52,128704846,akshare.stock_hk_index_daily_sina(HSMPI)
2020-01-07,7828.86,7953.7,7798.02,7842.21,122018309,akshare.stock_hk_index_daily_sina(HSMPI)
2020-01-08,7731.13,7868.23,7702.15,7837.37,108557712,akshare.stock_hk_index_daily_sina(HSMPI)
2020-01-09,7913.61,7971.53,7899.29,7967.0,98130863,akshare.stock_hk_index_daily_sina(HSMPI)
2020-01-10,7880.32,7880.32,7781.7,7807.58,205241821,akshare.stock_hk_index_daily_sina(HSMPI)
2020-01-13,7866.28,7886.21,7786.94,7812.0,141708267,akshare.stock_hk_index_daily_sina(HSMPI)
2020-01-14,7876.04,7882.44,7762.02,7812.31,126176171,akshare.stock_hk_index_daily_sina(HSMPI)
2020-01-15,7809.49,7856.57,7737.42,7768.37,115573075,akshare.stock_hk_index_daily_sina(HSMPI)
2020-01-16,7790.39,7946.3,7771.95,7946.3,156208218,akshare.stock_hk_index_daily_sina(HSMPI)
2020-01-17,7908.82,7925.38,7782.78,7827.5,112611663,akshare.stock_hk_index_daily_sina(HSMPI)
2020-01-20,7778.82,7812.89,7581.91,7583.15,341198200,akshare.stock_hk_index_daily_sina(HSMPI)
2020-01-21,7531.38,7531.38,7264.05,7265.6,184988376,akshare.stock_hk_index_daily_sina(HSMPI)
2020-01-22,7313.52,7427.28,7240.35,7402.37,153314391,akshare.stock_hk_index_daily_sina(HSMPI)
2020-01-23,7287.41,7304.72,7068.96,7152.45,171666986,akshare.stock_hk_index_daily_sina(HSMPI)
2020-01-24,7116.13,7177.48,7063.35,7146.45,75940836,akshare.stock_hk_index_daily_sina(HSMPI)
2020-01-29,6821.5,6905.62,6818.95,6848.34,192038590,akshare.stock_hk_index_daily_sina(HSMPI)
2020-01-30,6817.75,6949.28,6643.78,6663.63,211206553,akshare.stock_hk_index_daily_sina(HSMPI)
2020-01-31,6774.8,6787.64,6634.76,6663.8,147766716,akshare.stock_hk_index_daily_sina(HSMPI)
2020-02-03,6608.42,6763.61,6578.68,6707.54,186258539,akshare.stock_hk_index_daily_sina(HSMPI)
2020-02-04,6730.1,6883.37,6724.29,6881.2,183167575,akshare.stock_hk_index_daily_sina(HSMPI)
2020-02-05,6925.6,6984.89,6847.95,6883.67,176043638,akshare.stock_hk_index_daily_sina(HSMPI)
2020-02-06,6971.02,7104.48,6874.01,7055.16,168006957,akshare.stock_hk_index_daily_sina(HSMPI)
2020-02-07,6995.83,7028.96,6912.31,6952.84,118837496,akshare.stock_hk_index_daily_sina(HSMPI)
2020-02-10,6865.21,7011.59,6823.66,6994.45,119377903,akshare.stock_hk_index_daily_sina(HSMPI)
2020-02-11,7042.75,7263.94,7020.4,7225.46,163739489,akshare.stock_hk_index_daily_sina(HSMPI)
2020-02-12,7260.64,7357.6,7217.06,7296.61,141237888,akshare.stock_hk_index_daily_sina(HSMPI)
2020-02-13,7296.66,7455.06,7296.66,7365.43,155044597,akshare.stock_hk_index_daily_sina(HSMPI)
2020-02-14,7352.85,7540.02,7350.1,7500.48,143161170,akshare.stock_hk_index_daily_sina(HSMPI)
2020-02-17,7508.45,7523.31,7461.95,7502.48,119516753,akshare.stock_hk_index_daily_sina(HSMPI)
2020-02-18,7405.75,7411.27,7281.2,7315.81,123407954,akshare.stock_hk_index_daily_sina(HSMPI)
2020-02-19,7309.65,7440.92,7297.59,7401.34,78085710,akshare.stock_hk_index_daily_sina(HSMPI)
2020-02-20,7409.86,7409.86,7236.26,7296.11,111247150,akshare.stock_hk_index_daily_sina(HSMPI)
2020-02-21,7255.85,7255.85,7138.12,7167.76,119284504,akshare.stock_hk_index_daily_sina(HSMPI)
2020-02-24,7119.98,7128.13,7020.35,7040.81,123109945,akshare.stock_hk_index_daily_sina(HSMPI)
2020-02-25,7027.68,7144.8,7023.25,7114.42,136841515,akshare.stock_hk_index_daily_sina(HSMPI)
2020-02-26,7004.23,7282.66,6964.45,7178.23,162766425,akshare.stock_hk_index_daily_sina(HSMPI)
2020-02-27,7153.8,7277.83,7122.38,7254.01,121744369,akshare.stock_hk_index_daily_sina(HSMPI)
2020-02-28,7037.03,7160.45,6975.6,7053.3,217092840,akshare.stock_hk_index_daily_sina(HSMPI)
2020-03-02,7098.17,7305.93,7097.06,7255.51,223332493,akshare.stock_hk_index_daily_sina(HSMPI)
2020-03-03,7331.6,7342.59,7209.35,7232.78,122935812,akshare.stock_hk_index_daily_sina(HSMPI)
2020-03-04,7302.91,7514.71,7243.22,7433.83,211519806,akshare.stock_hk_index_daily_sina(HSMPI)
2020-03-05,7463.45,7478.3,7330.02,7468.34,135555471,akshare.stock_hk_index_daily_sina(HSMPI)
2020-03-06,7362.69,7368.21,7221.52,7230.4,157069645,akshare.stock_hk_index_daily_sina(HSMPI)
2020-03-09,6950.87,6980.91,6767.71,6807.25,258538957,akshare.stock_hk_index_daily_sina(HSMPI)
2020-03-10,6966.97,6968.15,6689.86,6876.35,205894289,akshare.stock_hk_index_daily_sina(HSMPI)
2020-03-11,6900.68,7036.48,6832.51,6910.35,140111901,akshare.stock_hk_index_daily_sina(HSMPI)
2020-03-12,6756.61,6756.61,6584.52,6684.48,186820563,akshare.stock_hk_index_daily_sina(HSMPI)
2020-03-13,6119.38,6695.37,6114.9,6623.06,313920817,akshare.stock_hk_index_daily_sina(HSMPI)
2020-03-16,6380.74,6553.33,6192.92,6271.89,253416327,akshare.stock_hk_index_daily_sina(HSMPI)
2020-03-17,6226.06,6309.17,5967.81,6105.67,349724764,akshare.stock_hk_index_daily_sina(HSMPI)
2020-03-18,6028.58,6226.74,5620.87,5707.24,344880870,akshare.stock_hk_index_daily_sina(HSMPI)
2020-03-19,5574.76,5646.24,5164.27,5449.57,536048499,akshare.stock_hk_index_daily_sina(HSMPI)
2020-03-20,5639.07,5925.52,5595.19,5914.63,314584717,akshare.stock_hk_index_daily_sina(HSMPI)
2020-03-23,5519.57,5664.9,5464.4,5475.05,301907077,akshare.stock_hk_index_daily_sina(HSMPI)
2020-03-24,5741.05,5854.52,5663.35,5809.39,270569212,akshare.stock_hk_index_daily_sina(HSMPI)
2020-03-25,6047.68,6241.16,5981.4,6214.72,312554613,akshare.stock_hk_index_daily_sina(HSMPI)
2020-03-26,6086.76,6268.18,5986.9,6130.93,291153744,akshare.stock_hk_index_daily_sina(HSMPI)
2020-03-27,6306.97,6342.17,6203.72,6254.14,252131677,akshare.stock_hk_index_daily_sina(HSMPI)
2020-03-30,6085.74,6247.44,6035.4,6138.32,164762153,akshare.stock_hk_index_daily_sina(HSMPI)
2020-03-31,6292.24,6381.61,6232.92,6340.59,180404177,akshare.stock_hk_index_daily_sina(HSMPI)
2020-04-01,6194.62,6472.81,6194.62,6242.31,193251731,akshare.stock_hk_index_daily_sina(HSMPI)
2020-04-02,6134.66,6344.24,6122.4,6344.24,124153236,akshare.stock_hk_index_daily_sina(HSMPI)
2020-04-03,6248.41,6368.72,6248.41,6368.72,97482669,akshare.stock_hk_index_daily_sina(HSMPI)
2020-04-06,6504.52,6511.24,6299.98,6496.54,105800189,akshare.stock_hk_index_daily_sina(HSMPI)
2020-04-07,6636.22,6706.99,6550.93,6694.46,181525135,akshare.stock_hk_index_daily_sina(HSMPI)
2020-04-08,6655.72,6689.95,6554.23,6567.31,118237644,akshare.stock_hk_index_daily_sina(HSMPI)
2020-04-09,6621.76,6690.98,6541.62,6671.43,133649991,akshare.stock_hk_index_daily_sina(HSMPI)
2020-04-14,6699.19,6765.81,6638.05,6707.56,179634996,akshare.stock_hk_index_daily_sina(HSMPI)
2020-04-15,6643.41,6681.44,6442.52,6442.52,263256167,akshare.stock_hk_index_daily_sina(HSMPI)
2020-04-16,6366.73,6474.46,6366.73,6440.07,170808599,akshare.stock_hk_index_daily_sina(HSMPI)
2020-04-17,6560.37,6643.52,6554.09,6577.01,157378963,akshare.stock_hk_index_daily_sina(HSMPI)
2020-04-20,6564.05,6591.44,6452.23,6501.7,126447690,akshare.stock_hk_index_daily_sina(HSMPI)
2020-04-21,6510.29,6510.29,6312.07,6384.51,156262909,akshare.stock_hk_index_daily_sina(HSMPI)
2020-04-22,6345.89,6397.43,6286.01,6370.53,155399427,akshare.stock_hk_index_daily_sina(HSMPI)
2020-04-23,6445.86,6517.95,6406.29,6446.15,188942033,akshare.stock_hk_index_daily_sina(HSMPI)
2020-04-24,6429.06,6429.06,6347.91,6384.64,88268345,akshare.stock_hk_index_daily_sina(HSMPI)
2020-04-27,6427.26,6599.78,6427.26,6551.01,115094616,akshare.stock_hk_index_daily_sina(HSMPI)
2020-04-28,6587.4,6636.7,6526.47,6634.22,133697988,akshare.stock_hk_index_daily_sina(HSMPI)
2020-04-29,6744.6,6744.6,6667.97,6716.58,141140416,akshare.stock_hk_index_daily_sina(HSMPI)
2020-05-04,6532.57,6532.57,6304.95,6329.95,207169792,akshare.stock_hk_index_daily_sina(HSMPI)
2020-05-05,6362.38,6436.94,6334.59,6415.25,109670192,akshare.stock_hk_index_daily_sina(HSMPI)
2020-05-06,6432.85,6493.67,6398.33,6455.0,157826826,akshare.stock_hk_index_daily_sina(HSMPI)
2020-05-07,6461.07,6461.07,6385.96,6429.47,124384636,akshare.stock_hk_index_daily_sina(HSMPI)
2020-05-08,6507.64,6588.26,6488.38,6530.55,125160917,akshare.stock_hk_index_daily_sina(HSMPI)
2020-05-11,6602.88,6678.78,6594.13,6638.79,119980476,akshare.stock_hk_index_daily_sina(HSMPI)
2020-05-12,6590.88,6590.88,6454.52,6468.11,120259734,akshare.stock_hk_index_daily_sina(HSMPI)
2020-05-13,6436.38,6555.61,6359.01,6504.44,107382112,akshare.stock_hk_index_daily_sina(HSMPI)
2020-05-14,6449.84,6450.25,6337.31,6381.3,140787288,akshare.stock_hk_index_daily_sina(HSMPI)
2020-05-15,6417.01,6427.24,6325.76,6393.46,131409172,akshare.stock_hk_index_daily_sina(HSMPI)
2020-05-18,6406.06,6524.97,6372.77,6432.99,153213537,akshare.stock_hk_index_daily_sina(HSMPI)
2020-05-19,6639.11,6639.11,6489.61,6498.27,131280493,akshare.stock_hk_index_daily_sina(HSMPI)
2020-05-20,6539.42,6542.35,6432.2,6454.83,124566330,akshare.stock_hk_index_daily_sina(HSMPI)
2020-05-21,6494.94,6505.79,6417.76,6478.89,119270122,akshare.stock_hk_index_daily_sina(HSMPI)
2020-05-22,6317.06,6344.8,6079.1,6122.62,258346684,akshare.stock_hk_index_daily_sina(HSMPI)
2020-05-25,6121.37,6268.48,6004.03,6251.44,131330196,akshare.stock_hk_index_daily_sina(HSMPI)
2020-05-26,6319.53,6441.47,6305.41,6398.2,115402417,akshare.stock_hk_index_daily_sina(HSMPI)
2020-05-27,6437.96,6437.96,6278.65,6313.15,109802715,akshare.stock_hk_index_daily_sina(HSMPI)
2020-05-28,6267.97,6375.94,6206.95,6316.14,123708546,akshare.stock_hk_index_daily_sina(HSMPI)
2020-05-29,6195.97,6344.44,6195.97,6344.44,194094322,akshare.stock_hk_index_daily_sina(HSMPI)
2020-06-01,6483.98,6658.88,6475.83,6577.67,207734714,akshare.stock_hk_index_daily_sina(HSMPI)
2020-06-02,6615.72,6702.45,6566.9,6696.56,147074901,akshare.stock_hk_index_daily_sina(HSMPI)
2020-06-03,6786.54,6852.87,6703.13,6706.04,151905629,akshare.stock_hk_index_daily_sina(HSMPI)
2020-06-04,6806.32,6806.32,6654.14,6713.91,157704564,akshare.stock_hk_index_daily_sina(HSMPI)
2020-06-05,6714.72,6843.18,6643.72,6832.62,132547808,akshare.stock_hk_index_daily_sina(HSMPI)
2020-06-08,6873.78,6897.51,6794.42,6800.82,141969472,akshare.stock_hk_index_daily_sina(HSMPI)
2020-06-09,6821.7,6950.39,6776.75,6891.29,128853333,akshare.stock_hk_index_daily_sina(HSMPI)
2020-06-10,6946.98,6958.09,6868.61,6907.75,129416807,akshare.stock_hk_index_daily_sina(HSMPI)
2020-06-11,6894.26,6894.26,6723.79,6738.82,133374574,akshare.stock_hk_index_daily_sina(HSMPI)
2020-06-12,6606.2,6719.49,6563.83,6705.75,140860771,akshare.stock_hk_index_daily_sina(HSMPI)
2020-06-15,6583.24,6681.4,6487.56,6523.87,133392824,akshare.stock_hk_index_daily_sina(HSMPI)
2020-06-16,6685.2,6732.95,6645.63,6696.71,114358014,akshare.stock_hk_index_daily_sina(HSMPI)
2020-06-17,6704.0,6781.53,6653.44,6762.56,88419274,akshare.stock_hk_index_daily_sina(HSMPI)
2020-06-18,6708.86,6772.23,6630.71,6762.52,89635396,akshare.stock_hk_index_daily_sina(HSMPI)
2020-06-19,6715.97,6863.09,6715.97,6856.09,160906070,akshare.stock_hk_index_daily_sina(HSMPI)
2020-06-22,6847.61,6847.61,6672.49,6740.3,92431592,akshare.stock_hk_index_daily_sina(HSMPI)
2020-06-23,6699.5,6784.48,6616.96,6751.05,85461851,akshare.stock_hk_index_daily_sina(HSMPI)
2020-06-24,6790.4,6795.36,6677.59,6693.82,75833162,akshare.stock_hk_index_daily_sina(HSMPI)
2020-06-26,6645.72,6718.76,6637.3,6671.65,80594570,akshare.stock_hk_index_daily_sina(HSMPI)
2020-06-29,6727.56,6727.56,6559.05,6607.58,124107448,akshare.stock_hk_index_daily_sina(HSMPI)
2020-06-30,6636.91,6641.1,6482.73,6505.2,122743709,akshare.stock_hk_index_daily_sina(HSMPI)
2020-07-02,6685.46,7042.1,6685.46,7042.1,428848369,akshare.stock_hk_index_daily_sina(HSMPI)
2020-07-03,7111.07,7271.49,7058.65,7239.32,335951131,akshare.stock_hk_index_daily_sina(HSMPI)
2020-07-06,7303.28,7647.74,7303.28,7605.13,607643325,akshare.stock_hk_index_daily_sina(HSMPI)
2020-07-07,7616.65,7667.14,7355.99,7380.07,334061238,akshare.stock_hk_index_daily_sina(HSMPI)
2020-07-08,7414.91,7472.5,7240.0,7293.22,220946861,akshare.stock_hk_index_daily_sina(HSMPI)
2020-07-09,7381.86,7381.86,7218.1,7235.86,220714995,akshare.stock_hk_index_daily_sina(HSMPI)
2020-07-10,7189.58,7189.58,7073.64,7120.61,165805913,akshare.stock_hk_index_daily_sina(HSMPI)
2020-07-13,7153.54,7175.63,7029.06,7106.32,188835452,akshare.stock_hk_index_daily_sina(HSMPI)
2020-07-14,7080.68,7100.03,6955.04,6980.95,178462957,akshare.stock_hk_index_daily_sina(HSMPI)
2020-07-15,7053.48,7075.25,6900.62,6955.23,143775490,akshare.stock_hk_index_daily_sina(HSMPI)
2020-07-16,6982.8,6982.8,6757.03,6799.21,162560670,akshare.stock_hk_index_daily_sina(HSMPI)
2020-07-17,6828.18,6899.13,6777.16,6801.48,117837775,akshare.stock_hk_index_daily_sina(HSMPI)
2020-07-20,6827.89,7063.25,6789.64,7003.97,180753246,akshare.stock_hk_index_daily_sina(HSMPI)
2020-07-21,7058.16,7098.77,6948.21,7076.99,144753968,akshare.stock_hk_index_daily_sina(HSMPI)
2020-07-22,7081.26,7081.26,6850.42,6850.42,141422705,akshare.stock_hk_index_daily_sina(HSMPI)
2020-07-23,6847.44,6909.55,6817.82,6888.1,108072468,akshare.stock_hk_index_daily_sina(HSMPI)
2020-07-24,6815.08,6845.81,6671.89,6705.18,143360162,akshare.stock_hk_index_daily_sina(HSMPI)
2020-07-27,6749.28,6796.9,6626.55,6649.11,96952481,akshare.stock_hk_index_daily_sina(HSMPI)
2020-07-28,6722.56,6752.88,6674.49,6688.48,108733131,akshare.stock_hk_index_daily_sina(HSMPI)
2020-07-29,6660.87,6817.31,6659.56,6747.8,86304385,akshare.stock_hk_index_daily_sina(HSMPI)
2020-07-30,6766.8,6822.83,6708.99,6741.57,113798448,akshare.stock_hk_index_daily_sina(HSMPI)
2020-07-31,6773.83,6925.45,6744.54,6782.51,128528073,akshare.stock_hk_index_daily_sina(HSMPI)
2020-08-03,6801.74,6837.82,6631.28,6731.17,123438540,akshare.stock_hk_index_daily_sina(HSMPI)
2020-08-04,6796.83,6809.59,6695.1,6799.56,115574176,akshare.stock_hk_index_daily_sina(HSMPI)
2020-08-05,6802.1,6838.63,6732.98,6744.87,88031380,akshare.stock_hk_index_daily_sina(HSMPI)
2020-08-06,6776.92,6780.77,6654.76,6732.9,102631704,akshare.stock_hk_index_daily_sina(HSMPI)
2020-08-07,6774.12,6854.03,6685.11,6746.88,134693230,akshare.stock_hk_index_daily_sina(HSMPI)
2020-08-10,6769.46,6769.46,6661.35,6728.42,80408863,akshare.stock_hk_index_daily_sina(HSMPI)
2020-08-11,6771.67,6921.94,6755.76,6804.77,103878234,akshare.stock_hk_index_daily_sina(HSMPI)
2020-08-12,6797.77,6827.97,6729.57,6819.38,99249330,akshare.stock_hk_index_daily_sina(HSMPI)
2020-08-13,6857.32,6867.76,6793.68,6846.1,61664636,akshare.stock_hk_index_daily_sina(HSMPI)
2020-08-14,6824.64,6985.13,6817.0,6910.99,123551950,akshare.stock_hk_index_daily_sina(HSMPI)
2020-08-17,6881.96,6968.28,6801.26,6905.91,181821762,akshare.stock_hk_index_daily_sina(HSMPI)
2020-08-18,6907.11,6907.9,6833.6,6877.15,113113581,akshare.stock_hk_index_daily_sina(HSMPI)
2020-08-20,6805.09,6805.09,6699.55,6762.27,90342536,akshare.stock_hk_index_daily_sina(HSMPI)
2020-08-21,6822.69,6877.27,6791.01,6856.57,84726532,akshare.stock_hk_index_daily_sina(HSMPI)
2020-08-24,6900.64,6988.21,6863.08,6886.53,128574328,akshare.stock_hk_index_daily_sina(HSMPI)
2020-08-25,6889.48,6889.48,6750.36,6801.55,113430075,akshare.stock_hk_index_daily_sina(HSMPI)
2020-08-26,6784.88,6936.35,6775.32,6914.07,165911536,akshare.stock_hk_index_daily_sina(HSMPI)
2020-08-27,6972.4,6972.4,6765.36,6800.79,166194518,akshare.stock_hk_index_daily_sina(HSMPI)
2020-08-28,6803.37,6923.99,6767.92,6852.53,144098882,akshare.stock_hk_index_daily_sina(HSMPI)
2020-08-31,6904.94,6921.59,6704.1,6708.07,165532923,akshare.stock_hk_index_daily_sina(HSMPI)
2020-09-01,6704.34,6715.4,6602.56,6648.58,178885632,akshare.stock_hk_index_daily_sina(HSMPI)
2020-09-02,6625.43,6721.21,6588.38,6702.89,180359377,akshare.stock_hk_index_daily_sina(HSMPI)
2020-09-03,6684.69,6809.6,6645.52,6745.21,172707592,akshare.stock_hk_index_daily_sina(HSMPI)
2020-09-04,6671.2,6686.27,6598.97,6686.06,170360008,akshare.stock_hk_index_daily_sina(HSMPI)
2020-09-07,6686.11,6687.85,6538.97,6577.89,91305117,akshare.stock_hk_index_daily_sina(HSMPI)
2020-09-08,6607.34,6643.01,6468.28,6544.79,100929093,akshare.stock_hk_index_daily_sina(HSMPI)
2020-09-09,6453.54,6497.77,6407.51,6470.84,80093203,akshare.stock_hk_index_daily_sina(HSMPI)
2020-09-10,6506.87,6568.17,6430.88,6453.02,82606090,akshare.stock_hk_index_daily_sina(HSMPI)
2020-09-11,6446.43,6475.39,6393.07,6463.35,86691911,akshare.stock_hk_index_daily_sina(HSMPI)
2020-09-14,6448.23,6479.25,6391.33,6474.22,60997338,akshare.stock_hk_index_daily_sina(HSMPI)
2020-09-15,6467.54,6713.9,6414.74,6639.74,166637053,akshare.stock_hk_index_daily_sina(HSMPI)
2020-09-16,6651.48,6669.77,6586.32,6632.04,129671356,akshare.stock_hk_index_daily_sina(HSMPI)
2020-09-17,6606.74,6644.53,6472.22,6506.31,122842005,akshare.stock_hk_index_daily_sina(HSMPI)
2020-09-18,6490.61,6558.05,6468.84,6522.75,172052674,akshare.stock_hk_index_daily_sina(HSMPI)
2020-09-21,6579.92,6607.12,6419.6,6438.67,102905670,akshare.stock_hk_index_daily_sina(HSMPI)
2020-09-22,6430.6,6458.41,6361.55,6397.79,104996998,akshare.stock_hk_index_daily_sina(HSMPI)
2020-09-23,6355.76,6407.04,6325.06,6381.59,102752884,akshare.stock_hk_index_daily_sina(HSMPI)
2020-09-24,6329.96,6375.68,6293.74,6323.5,127114746,akshare.stock_hk_index_daily_sina(HSMPI)
2020-09-25,6324.72,6360.7,6090.3,6129.63,396032499,akshare.stock_hk_index_daily_sina(HSMPI)
2020-09-28,6165.0,6271.94,6102.86,6253.2,266274655,akshare.stock_hk_index_daily_sina(HSMPI)
2020-09-29,6225.97,6235.6,6125.34,6183.95,142220901,akshare.stock_hk_index_daily_sina(HSMPI)
2020-09-30,6284.81,6486.22,6284.81,6373.86,209520089,akshare.stock_hk_index_daily_sina(HSMPI)
2020-10-05,6439.99,6439.99,6319.6,6347.32,76083782,akshare.stock_hk_index_daily_sina(HSMPI)
2020-10-06,6401.14,6505.14,6388.34,6500.62,87717210,akshare.stock_hk_index_daily_sina(HSMPI)
2020-10-07,6496.99,6571.88,6441.04,6566.27,102082046,akshare.stock_hk_index_daily_sina(HSMPI)
2020-10-08,6531.05,6562.05,6503.63,6562.05,86487190,akshare.stock_hk_index_daily_sina(HSMPI)
2020-10-09,6597.73,6597.73,6482.35,6515.42,114724280,akshare.stock_hk_index_daily_sina(HSMPI)
2020-10-12,6512.2,6583.97,6510.04,6581.28,131022999,akshare.stock_hk_index_daily_sina(HSMPI)
2020-10-14,6490.61,6490.61,6335.72,6379.26,556765494,akshare.stock_hk_index_daily_sina(HSMPI)
2020-10-15,6356.33,6402.8,6279.62,6308.1,171626588,akshare.stock_hk_index_daily_sina(HSMPI)
2020-10-16,6339.24,6352.67,6264.91,6272.93,131008599,akshare.stock_hk_index_daily_sina(HSMPI)
2020-10-19,6289.79,6347.22,6216.04,6224.11,100418701,akshare.stock_hk_index_daily_sina(HSMPI)
2020-10-20,6199.46,6214.47,6151.37,6194.66,102295783,akshare.stock_hk_index_daily_sina(HSMPI)
2020-10-21,6206.61,6215.62,6104.75,6117.71,120828630,akshare.stock_hk_index_daily_sina(HSMPI)
2020-10-22,6091.59,6186.65,6083.99,6165.46,144744326,akshare.stock_hk_index_daily_sina(HSMPI)
2020-10-23,6161.48,6169.66,6095.06,6121.69,114439539,akshare.stock_hk_index_daily_sina(HSMPI)
2020-10-27,6114.28,6139.81,5911.25,5922.33,171849208,akshare.stock_hk_index_daily_sina(HSMPI)
2020-10-28,5946.4,5946.4,5809.14,5885.46,143452945,akshare.stock_hk_index_daily_sina(HSMPI)
2020-10-29,5812.86,6003.66,5808.63,5994.48,135155631,akshare.stock_hk_index_daily_sina(HSMPI)
2020-10-30,5991.66,6072.98,5945.08,6010.33,170871842,akshare.stock_hk_index_daily_sina(HSMPI)
2020-11-02,6045.73,6109.22,5986.91,5991.52,102395549,akshare.stock_hk_index_daily_sina(HSMPI)
2020-11-03,6008.12,6105.41,6008.12,6086.07,136081802,akshare.stock_hk_index_daily_sina(HSMPI)
2020-11-04,6063.18,6183.29,6052.57,6151.41,133524784,akshare.stock_hk_index_daily_sina(HSMPI)
2020-11-05,6276.31,6549.07,6276.31,6549.07,368011718,akshare.stock_hk_index_daily_sina(HSMPI)
2020-11-06,6548.28,6615.17,6488.42,6537.32,168872516,akshare.stock_hk_index_daily_sina(HSMPI)
2020-11-09,6648.38,6648.38,6504.56,6556.4,151540834,akshare.stock_hk_index_daily_sina(HSMPI)
2020-11-10,6599.7,6624.14,6519.32,6595.45,186470956,akshare.stock_hk_index_daily_sina(HSMPI)
2020-11-11,6688.03,6816.14,6620.2,6792.52,307391235,akshare.stock_hk_index_daily_sina(HSMPI)
2020-11-12,6813.83,6821.91,6630.85,6658.3,158205793,akshare.stock_hk_index_daily_sina(HSMPI)
2020-11-13,6634.0,6646.76,6532.92,6636.85,135117018,akshare.stock_hk_index_daily_sina(HSMPI)
2020-11-16,6719.36,6719.36,6446.56,6488.28,154549815,akshare.stock_hk_index_daily_sina(HSMPI)
2020-11-17,6458.39,6516.14,6435.87,6476.97,145796537,akshare.stock_hk_index_daily_sina(HSMPI)
2020-11-18,6476.51,6630.06,6467.81,6549.17,153633442,akshare.stock_hk_index_daily_sina(HSMPI)
2020-11-19,6508.75,6508.75,6413.55,6432.11,201637557,akshare.stock_hk_index_daily_sina(HSMPI)
2020-11-20,6396.9,6413.3,6302.09,6347.1,187572333,akshare.stock_hk_index_daily_sina(HSMPI)
2020-11-23,6424.99,6424.99,6208.59,6230.46,173283292,akshare.stock_hk_index_daily_sina(HSMPI)
2020-11-24,6221.54,6233.05,6169.26,6215.7,142274304,akshare.stock_hk_index_daily_sina(HSMPI)
2020-11-25,6277.02,6298.36,6176.15,6183.12,155792466,akshare.stock_hk_index_daily_sina(HSMPI)
2020-11-26,6159.76,6209.39,6155.68,6198.67,147598352,akshare.stock_hk_index_daily_sina(HSMPI)
2020-11-27,6202.57,6360.78,6179.47,6341.48,163019829,akshare.stock_hk_index_daily_sina(HSMPI)
2020-11-30,6366.92,6435.11,6252.49,6257.94,274956799,akshare.stock_hk_index_daily_sina(HSMPI)
2020-12-01,6331.53,6339.95,6256.41,6292.49,114427957,akshare.stock_hk_index_daily_sina(HSMPI)
2020-12-02,6197.66,6217.38,6144.69,6183.69,264772094,akshare.stock_hk_index_daily_sina(HSMPI)
2020-12-03,6151.52,6180.59,6068.21,6144.72,154684256,akshare.stock_hk_index_daily_sina(HSMPI)
2020-12-04,6174.66,6174.66,6025.71,6036.22,283877367,akshare.stock_hk_index_daily_sina(HSMPI)
2020-12-07,6015.26,6019.72,5908.65,5936.02,165290353,akshare.stock_hk_index_daily_sina(HSMPI)
2020-12-08,5919.03,5928.1,5832.28,5848.91,134013212,akshare.stock_hk_index_daily_sina(HSMPI)
2020-12-09,5861.1,5897.43,5843.62,5866.37,180048101,akshare.stock_hk_index_daily_sina(HSMPI)
2020-12-10,5826.04,5900.76,5809.02,5894.7,139930239,akshare.stock_hk_index_daily_sina(HSMPI)
2020-12-11,5925.05,5925.48,5779.22,5812.76,185466311,akshare.stock_hk_index_daily_sina(HSMPI)
2020-12-14,5824.72,5904.46,5792.11,5873.8,118259571,akshare.stock_hk_index_daily_sina(HSMPI)
2020-12-15,5865.61,5872.7,5792.63,5838.03,116862047,akshare.stock_hk_index_daily_sina(HSMPI)
2020-12-16,5858.77,5902.46,5856.03,5893.08,87338782,akshare.stock_hk_index_daily_sina(HSMPI)
2020-12-17,5879.46,5912.22,5831.39,5897.59,110942003,akshare.stock_hk_index_daily_sina(HSMPI)
2020-12-18,5868.09,5906.54,5846.76,5891.95,124382770,akshare.stock_hk_index_daily_sina(HSMPI)
2020-12-21,5837.22,5904.72,5823.1,5880.06,126154330,akshare.stock_hk_index_daily_sina(HSMPI)
2020-12-22,5858.13,5926.2,5813.42,5855.65,110459819,akshare.stock_hk_index_daily_sina(HSMPI)
2020-12-23,5844.3,5849.45,5797.52,5828.7,94992465,akshare.stock_hk_index_daily_sina(HSMPI)
2020-12-24,5839.5,5918.93,5827.35,5899.3,42921943,akshare.stock_hk_index_daily_sina(HSMPI)
2020-12-28,5917.84,5923.13,5802.47,5823.46,104506337,akshare.stock_hk_index_daily_sina(HSMPI)
2020-12-29,5845.89,5845.89,5772.35,5829.64,108816706,akshare.stock_hk_index_daily_sina(HSMPI)
2020-12-30,5855.02,5886.35,5819.31,5882.43,165564684,akshare.stock_hk_index_daily_sina(HSMPI)
2020-12-31,5882.93,6035.89,5882.93,6035.89,112693808,akshare.stock_hk_index_daily_sina(HSMPI)
2021-01-04,5987.0,5997.56,5788.79,5813.49,189345548,akshare.stock_hk_index_daily_sina(HSMPI)
2021-01-05,5779.68,5814.22,5692.61,5790.76,297610615,akshare.stock_hk_index_daily_sina(HSMPI)
2021-01-06,5773.34,5915.91,5773.34,5909.81,465722213,akshare.stock_hk_index_daily_sina(HSMPI)
2021-01-07,5965.04,5984.67,5830.78,5873.06,272426185,akshare.stock_hk_index_daily_sina(HSMPI)
2021-01-08,5897.22,6016.12,5818.73,6005.32,271340793,akshare.stock_hk_index_daily_sina(HSMPI)
2021-01-11,6002.31,6218.32,5971.27,6162.92,311511802,akshare.stock_hk_index_daily_sina(HSMPI)
2021-01-12,6171.62,6241.43,6135.27,6145.98,273177670,akshare.stock_hk_index_daily_sina(HSMPI)
2021-01-13,6180.5,6203.81,6070.77,6091.47,196225685,akshare.stock_hk_index_daily_sina(HSMPI)
2021-01-14,6102.79,6104.57,6000.9,6038.35,160265012,akshare.stock_hk_index_daily_sina(HSMPI)
2021-01-15,6016.04,6067.32,6003.3,6042.33,173744211,akshare.stock_hk_index_daily_sina(HSMPI)
2021-01-18,6038.49,6262.54,6012.53,6246.66,245246940,akshare.stock_hk_index_daily_sina(HSMPI)
2021-01-19,6311.64,6799.41,6311.64,6716.56,600023378,akshare.stock_hk_index_daily_sina(HSMPI)
2021-01-20,6750.37,6788.47,6668.53,6724.57,370380774,akshare.stock_hk_index_daily_sina(HSMPI)
2021-01-21,6737.74,6743.05,6546.97,6577.66,280403393,akshare.stock_hk_index_daily_sina(HSMPI)
2021-01-22,6558.95,6585.43,6441.67,6463.87,221850238,akshare.stock_hk_index_daily_sina(HSMPI)
2021-01-25,6488.11,6492.13,6336.15,6398.55,211763806,akshare.stock_hk_index_daily_sina(HSMPI)
2021-01-26,6336.85,6408.9,6243.52,6354.24,425738699,akshare.stock_hk_index_daily_sina(HSMPI)
2021-01-27,6387.28,6394.15,6268.36,6310.36,154167953,akshare.stock_hk_index_daily_sina(HSMPI)
2021-01-28,6264.1,6265.12,6047.66,6078.31,281787616,akshare.stock_hk_index_daily_sina(HSMPI)
2021-01-29,6058.03,6087.9,5948.51,5962.72,230950523,akshare.stock_hk_index_daily_sina(HSMPI)
2021-02-01,5938.75,6029.34,5926.91,6013.07,160326538,akshare.stock_hk_index_daily_sina(HSMPI)
2021-02-02,6059.31,6129.41,6004.78,6059.19,142822750,akshare.stock_hk_index_daily_sina(HSMPI)
2021-02-03,6068.57,6082.05,6026.7,6039.34,175239715,akshare.stock_hk_index_daily_sina(HSMPI)
2021-02-04,5995.62,6021.22,5874.79,5957.0,161548296,akshare.stock_hk_index_daily_sina(HSMPI)
2021-02-05,5960.63,6074.74,5921.98,6041.97,127716971,akshare.stock_hk_index_daily_sina(HSMPI)
2021-02-08,6104.22,6185.36,6054.59,6054.59,162998013,akshare.stock_hk_index_daily_sina(HSMPI)
2021-02-09,6014.0,6063.11,5963.05,6047.54,95820748,akshare.stock_hk_index_daily_sina(HSMPI)
2021-02-10,6057.26,6136.87,6028.44,6034.85,86077194,akshare.stock_hk_index_daily_sina(HSMPI)
2021-02-11,6011.76,6043.15,5966.01,6027.38,55077439,akshare.stock_hk_index_daily_sina(HSMPI)
2021-02-16,6129.67,6192.6,6096.21,6159.89,119636170,akshare.stock_hk_index_daily_sina(HSMPI)
2021-02-17,6142.45,6157.79,6083.78,6142.19,110033005,akshare.stock_hk_index_daily_sina(HSMPI)
2021-02-18,6142.5,6257.22,6080.62,6129.42,172418046,akshare.stock_hk_index_daily_sina(HSMPI)
2021-02-19,6124.66,6233.12,6086.09,6208.86,166452140,akshare.stock_hk_index_daily_sina(HSMPI)
2021-02-22,6291.58,6340.71,6188.77,6194.58,219377095,akshare.stock_hk_index_daily_sina(HSMPI)
2021-02-23,6184.27,6278.61,6184.27,6246.92,138669252,akshare.stock_hk_index_daily_sina(HSMPI)
2021-02-24,6285.69,6315.59,6095.85,6122.38,186418762,akshare.stock_hk_index_daily_sina(HSMPI)
2021-02-25,6178.94,6736.74,6170.54,6598.93,595299806,akshare.stock_hk_index_daily_sina(HSMPI)
2021-02-26,6391.01,6649.34,6329.83,6488.07,341293459,akshare.stock_hk_index_daily_sina(HSMPI)
2021-03-01,6630.6,6660.31,6398.18,6470.56,227275329,akshare.stock_hk_index_daily_sina(HSMPI)
2021-03-02,6513.05,6661.92,6415.93,6461.03,172801747,akshare.stock_hk_index_daily_sina(HSMPI)
2021-03-03,6472.8,6579.65,6454.44,6543.98,125308557,akshare.stock_hk_index_daily_sina(HSMPI)
2021-03-04,6431.06,6548.11,6339.7,6346.22,162810791,akshare.stock_hk_index_daily_sina(HSMPI)
2021-03-05,6225.64,6299.55,6151.05,6270.81,174416693,akshare.stock_hk_index_daily_sina(HSMPI)
2021-03-08,6294.82,6386.85,6196.02,6197.96,151049220,akshare.stock_hk_index_daily_sina(HSMPI)
2021-03-09,6270.66,6324.07,6152.53,6180.83,190468459,akshare.stock_hk_index_daily_sina(HSMPI)
2021-03-10,6270.06,6285.58,6191.88,6267.13,130587315,akshare.stock_hk_index_daily_sina(HSMPI)
2021-03-11,6305.11,6331.83,6237.85,6267.21,129667662,akshare.stock_hk_index_daily_sina(HSMPI)
2021-03-12,6314.17,6516.72,6300.81,6365.13,274210761,akshare.stock_hk_index_daily_sina(HSMPI)
2021-03-15,6432.31,6517.92,6341.15,6462.8,182293292,akshare.stock_hk_index_daily_sina(HSMPI)
2021-03-16,6511.95,6634.78,6470.82,6616.27,200199814,akshare.stock_hk_index_daily_sina(HSMPI)
2021-03-17,6631.34,6725.74,6558.9,6656.68,147667852,akshare.stock_hk_index_daily_sina(HSMPI)
2021-03-18,6706.02,6744.93,6645.7,6676.5,118433699,akshare.stock_hk_index_daily_sina(HSMPI)
2021-03-19,6600.99,6642.2,6525.03,6601.19,164732406,akshare.stock_hk_index_daily_sina(HSMPI)
2021-03-22,6566.43,6683.49,6545.84,6669.3,111568698,akshare.stock_hk_index_daily_sina(HSMPI)
2021-03-23,6724.71,6807.13,6658.46,6695.29,115649884,akshare.stock_hk_index_daily_sina(HSMPI)
2021-03-24,6701.6,6738.77,6614.14,6645.12,172089792,akshare.stock_hk_index_daily_sina(HSMPI)
2021-03-25,6630.92,6676.85,6545.76,6588.94,208241622,akshare.stock_hk_index_daily_sina(HSMPI)
2021-03-26,6621.55,6792.23,6605.38,6776.28,214176179,akshare.stock_hk_index_daily_sina(HSMPI)
2021-03-29,6854.31,7159.33,6847.03,7091.61,323139582,akshare.stock_hk_index_daily_sina(HSMPI)
2021-03-30,7128.01,7128.01,7002.3,7054.01,233486939,akshare.stock_hk_index_daily_sina(HSMPI)
2021-03-31,7046.07,7049.29,6839.13,6881.34,218603986,akshare.stock_hk_index_daily_sina(HSMPI)
2021-04-01,6881.69,6938.51,6776.0,6830.45,185133957,akshare.stock_hk_index_daily_sina(HSMPI)
2021-04-07,6854.43,6933.39,6790.08,6834.0,181949361,akshare.stock_hk_index_daily_sina(HSMPI)
2021-04-08,6811.12,6827.2,6733.6,6812.3,111105566,akshare.stock_hk_index_daily_sina(HSMPI)
2021-04-09,6840.0,6840.0,6597.51,6645.08,118855252,akshare.stock_hk_index_daily_sina(HSMPI)
2021-04-12,6673.24,6673.24,6559.94,6590.44,120396780,akshare.stock_hk_index_daily_sina(HSMPI)
2021-04-13,6631.38,6656.49,6543.51,6556.67,103226647,akshare.stock_hk_index_daily_sina(HSMPI)
2021-04-14,6641.17,6709.0,6580.76,6644.4,93142907,akshare.stock_hk_index_daily_sina(HSMPI)
2021-04-15,6639.25,6659.12,6593.35,6651.68,85151391,akshare.stock_hk_index_daily_sina(HSMPI)
2021-04-16,6687.07,6739.01,6607.87,6725.38,99264010,akshare.stock_hk_index_daily_sina(HSMPI)
2021-04-19,6701.11,6782.79,6657.6,6749.51,75098429,akshare.stock_hk_index_daily_sina(HSMPI)
2021-04-20,6707.06,6785.98,6697.77,6742.93,80259972,akshare.stock_hk_index_daily_sina(HSMPI)
2021-04-21,6692.29,6711.77,6632.06,6684.84,88417557,akshare.stock_hk_index_daily_sina(HSMPI)
2021-04-22,6678.43,6728.33,6635.64,6675.85,82375898,akshare.stock_hk_index_daily_sina(HSMPI)
2021-04-23,6656.06,6678.59,6589.28,6632.76,109954714,akshare.stock_hk_index_daily_sina(HSMPI)
2021-04-26,6607.41,6618.96,6496.81,6532.88,135199316,akshare.stock_hk_index_daily_sina(HSMPI)
2021-04-27,6519.58,6589.25,6487.75,6552.28,57807647,akshare.stock_hk_index_daily_sina(HSMPI)
2021-04-28,6566.81,6621.38,6529.33,6614.0,115098132,akshare.stock_hk_index_daily_sina(HSMPI)
2021-04-29,6648.81,6670.85,6607.03,6638.13,69179220,akshare.stock_hk_index_daily_sina(HSMPI)
2021-04-30,6603.63,6642.73,6574.98,6586.8,81921569,akshare.stock_hk_index_daily_sina(HSMPI)
2021-05-03,6573.01,6601.39,6494.49,6537.31,68951785,akshare.stock_hk_index_daily_sina(HSMPI)
2021-05-04,6588.51,6636.15,6554.45,6612.88,61119936,akshare.stock_hk_index_daily_sina(HSMPI)
2021-05-05,6625.38,6701.99,6595.64,6629.1,58813842,akshare.stock_hk_index_daily_sina(HSMPI)
2021-05-06,6679.37,6703.39,6573.07,6661.06,100855259,akshare.stock_hk_index_daily_sina(HSMPI)
2021-05-07,6658.82,6688.16,6568.42,6618.92,99145966,akshare.stock_hk_index_daily_sina(HSMPI)
2021-05-10,6671.03,6671.03,6546.16,6589.61,100519853,akshare.stock_hk_index_daily_sina(HSMPI)
2021-05-11,6557.02,6557.02,6395.92,6415.59,127058681,akshare.stock_hk_index_daily_sina(HSMPI)
2021-05-12,6397.19,6406.16,6284.0,6326.44,147443529,akshare.stock_hk_index_daily_sina(HSMPI)
2021-05-13,6268.07,6290.94,6225.44,6243.01,87727495,akshare.stock_hk_index_daily_sina(HSMPI)
2021-05-14,6329.69,6359.06,6220.85,6264.81,85013980,akshare.stock_hk_index_daily_sina(HSMPI)
2021-05-17,6283.94,6332.5,6251.58,6287.62,97487142,akshare.stock_hk_index_daily_sina(HSMPI)
2021-05-18,6309.81,6516.97,6309.81,6464.52,170207088,akshare.stock_hk_index_daily_sina(HSMPI)
2021-05-20,6406.83,6418.73,6328.33,6367.23,126609096,akshare.stock_hk_index_daily_sina(HSMPI)
2021-05-21,6428.45,6428.45,6365.65,6390.33,84228043,akshare.stock_hk_index_daily_sina(HSMPI)
2021-05-24,6417.62,6478.53,6400.22,6437.4,120676838,akshare.stock_hk_index_daily_sina(HSMPI)
2021-05-25,6440.38,6470.41,6379.61,6427.53,159555739,akshare.stock_hk_index_daily_sina(HSMPI)
2021-05-26,6409.85,6536.5,6407.36,6507.63,199192018,akshare.stock_hk_index_daily_sina(HSMPI)
2021-05-27,6472.23,6526.5,6465.84,6504.45,234325696,akshare.stock_hk_index_daily_sina(HSMPI)
2021-05-28,6503.06,6548.59,6428.02,6441.72,151407116,akshare.stock_hk_index_daily_sina(HSMPI)
2021-05-31,6440.78,6452.87,6348.31,6438.73,133144681,akshare.stock_hk_index_daily_sina(HSMPI)
2021-06-01,6440.05,6512.13,6414.18,6480.69,103175829,akshare.stock_hk_index_daily_sina(HSMPI)
2021-06-02,6458.8,6569.52,6457.11,6490.89,142422002,akshare.stock_hk_index_daily_sina(HSMPI)
2021-06-03,6503.88,6504.85,6390.91,6398.02,154260581,akshare.stock_hk_index_daily_sina(HSMPI)
2021-06-04,6380.18,6380.18,6266.06,6318.91,196183875,akshare.stock_hk_index_daily_sina(HSMPI)
2021-06-07,6364.88,6364.88,6243.49,6322.83,177062138,akshare.stock_hk_index_daily_sina(HSMPI)
2021-06-08,6372.78,6432.74,6355.42,6402.49,128942321,akshare.stock_hk_index_daily_sina(HSMPI)
2021-06-09,6421.61,6506.27,6409.44,6439.29,171418272,akshare.stock_hk_index_daily_sina(HSMPI)
2021-06-10,6440.51,6493.99,6427.57,6458.73,150471398,akshare.stock_hk_index_daily_sina(HSMPI)
2021-06-11,6464.88,6498.92,6417.89,6443.41,111199831,akshare.stock_hk_index_daily_sina(HSMPI)
2021-06-15,6440.91,6440.91,6246.92,6321.01,163444953,akshare.stock_hk_index_daily_sina(HSMPI)
2021-06-16,6309.31,6312.33,6248.33,6279.31,101347173,akshare.stock_hk_index_daily_sina(HSMPI)
2021-06-17,6225.55,6277.96,6210.85,6253.23,144315349,akshare.stock_hk_index_daily_sina(HSMPI)
2021-06-18,6209.72,6242.08,6032.34,6097.27,335538784,akshare.stock_hk_index_daily_sina(HSMPI)
2021-06-21,6015.39,6047.99,5981.21,6033.04,137227927,akshare.stock_hk_index_daily_sina(HSMPI)
2021-06-22,6056.12,6090.2,6009.25,6059.75,101290572,akshare.stock_hk_index_daily_sina(HSMPI)
2021-06-23,6057.53,6144.85,6036.33,6127.89,130419516,akshare.stock_hk_index_daily_sina(HSMPI)
2021-06-24,6112.76,6169.77,6086.36,6128.44,150210789,akshare.stock_hk_index_daily_sina(HSMPI)
2021-06-25,6145.87,6164.05,6104.92,6135.48,107436962,akshare.stock_hk_index_daily_sina(HSMPI)
2021-06-28,6139.63,6146.27,6051.5,6104.07,91225829,akshare.stock_hk_index_daily_sina(HSMPI)
2021-06-29,6106.5,6135.09,6070.11,6121.01,117854340,akshare.stock_hk_index_daily_sina(HSMPI)
2021-06-30,6084.04,6092.87,5965.3,5970.7,196631740,akshare.stock_hk_index_daily_sina(HSMPI)
2021-07-02,6003.27,6040.23,5884.29,5902.95,159088074,akshare.stock_hk_index_daily_sina(HSMPI)
2021-07-05,5876.69,5950.75,5774.18,5783.99,180319386,akshare.stock_hk_index_daily_sina(HSMPI)
2021-07-06,5803.67,5831.65,5725.0,5785.86,133943762,akshare.stock_hk_index_daily_sina(HSMPI)
2021-07-07,5775.18,5797.78,5711.85,5744.67,129832289,akshare.stock_hk_index_daily_sina(HSMPI)
2021-07-08,5751.49,5817.72,5654.28,5660.46,152814590,akshare.stock_hk_index_daily_sina(HSMPI)
2021-07-09,5719.01,5719.01,5597.02,5627.1,115281275,akshare.stock_hk_index_daily_sina(HSMPI)
2021-07-12,5663.81,5733.74,5628.44,5692.71,114608768,akshare.stock_hk_index_daily_sina(HSMPI)
2021-07-13,5737.66,5761.28,5675.6,5704.34,90457305,akshare.stock_hk_index_daily_sina(HSMPI)
2021-07-14,5686.05,5707.56,5627.26,5635.21,105011069,akshare.stock_hk_index_daily_sina(HSMPI)
2021-07-15,5651.03,5801.31,5626.77,5781.72,129528544,akshare.stock_hk_index_daily_sina(HSMPI)
2021-07-16,5778.83,5825.99,5733.91,5778.81,216002624,akshare.stock_hk_index_daily_sina(HSMPI)
2021-07-19,5761.95,5761.95,5626.85,5646.28,219955269,akshare.stock_hk_index_daily_sina(HSMPI)
2021-07-20,5640.67,5646.03,5455.03,5497.9,473290096,akshare.stock_hk_index_daily_sina(HSMPI)
2021-07-21,5550.97,5598.13,5458.66,5493.12,176533219,akshare.stock_hk_index_daily_sina(HSMPI)
2021-07-22,5520.16,5700.97,5511.6,5676.17,244850914,akshare.stock_hk_index_daily_sina(HSMPI)
2021-07-23,5677.76,5704.73,5571.0,5595.67,157018240,akshare.stock_hk_index_daily_sina(HSMPI)
2021-07-26,5511.8,5511.8,5246.26,5249.87,281580578,akshare.stock_hk_index_daily_sina(HSMPI)
2021-07-27,5260.01,5311.09,4851.41,4945.5,423054396,akshare.stock_hk_index_daily_sina(HSMPI)
2021-07-28,5091.76,5140.33,5007.25,5041.12,346772671,akshare.stock_hk_index_daily_sina(HSMPI)
2021-07-29,5160.33,5177.83,5056.18,5075.67,290149886,akshare.stock_hk_index_daily_sina(HSMPI)
2021-07-30,5034.89,5039.22,4787.44,4827.11,356633905,akshare.stock_hk_index_daily_sina(HSMPI)
2021-08-02,4842.51,5001.21,4751.64,4969.37,253081666,akshare.stock_hk_index_daily_sina(HSMPI)
2021-08-03,5006.2,5006.2,4861.19,4952.41,210808739,akshare.stock_hk_index_daily_sina(HSMPI)
2021-08-04,4947.74,4995.46,4868.9,4931.07,150687788,akshare.stock_hk_index_daily_sina(HSMPI)
2021-08-05,4899.53,4957.89,4860.15,4873.68,155866021,akshare.stock_hk_index_daily_sina(HSMPI)
2021-08-06,4839.27,4856.7,4732.72,4798.58,164102277,akshare.stock_hk_index_daily_sina(HSMPI)
2021-08-09,4778.92,5023.46,4753.04,4963.64,232660111,akshare.stock_hk_index_daily_sina(HSMPI)
2021-08-10,4968.01,5099.0,4888.98,5083.45,232970482,akshare.stock_hk_index_daily_sina(HSMPI)
2021-08-11,5051.29,5430.19,5051.29,5311.76,515871100,akshare.stock_hk_index_daily_sina(HSMPI)
2021-08-12,5306.75,5314.27,5207.45,5223.77002,212618950,akshare.stock_hk_index_daily_sina(HSMPI)
2021-08-13,5213.53,5271.24,5135.72,5181.66016,143078193,akshare.stock_hk_index_daily_sina(HSMPI)
2021-08-16,5184.49,5301.8,5142.59,5214.83984,153085412,akshare.stock_hk_index_daily_sina(HSMPI)
2021-08-17,5253.24,5297.9,5109.25,5133.43018,152488138,akshare.stock_hk_index_daily_sina(HSMPI)
2021-08-18,5129.65,5161.91,5085.23,5144.20996,143964851,akshare.stock_hk_index_daily_sina(HSMPI)
2021-08-19,5063.44,5092.45,4917.06,4939.02002,213685314,akshare.stock_hk_index_daily_sina(HSMPI)
2021-08-20,4977.78,5007.01,4777.38,4859.83008,216923792,akshare.stock_hk_index_daily_sina(HSMPI)
2021-08-23,4916.15,4965.6,4829.31,4845.7002,237462696,akshare.stock_hk_index_daily_sina(HSMPI)
2021-08-24,4875.79,4978.98,4869.63,4941.52979,176137450,akshare.stock_hk_index_daily_sina(HSMPI)
2021-08-25,4967.44,5069.48,4953.36,5019.58984,173100173,akshare.stock_hk_index_daily_sina(HSMPI)
2021-08-26,5005.94,5028.86,4893.41,4934.00977,175111903,akshare.stock_hk_index_daily_sina(HSMPI)
2021-08-27,4935.53,5038.2,4935.53,5021.2002,162649025,akshare.stock_hk_index_daily_sina(HSMPI)
2021-08-30,4994.27,5088.94,4962.4,4989.72998,141710307,akshare.stock_hk_index_daily_sina(HSMPI)
2021-08-31,4971.73,5008.75,4822.72,4996.9502,244343427,akshare.stock_hk_index_daily_sina(HSMPI)
2021-09-01,4991.54,5114.91,4948.17,5068.87988,211493254,akshare.stock_hk_index_daily_sina(HSMPI)
2021-09-02,5092.51,5162.29,5071.0,5100.00977,212246419,akshare.stock_hk_index_daily_sina(HSMPI)
2021-09-03,5120.46,5169.32,5060.4,5161.04004,276717899,akshare.stock_hk_index_daily_sina(HSMPI)
2021-09-06,5164.45,5164.45,5060.66,5074.95996,181238309,akshare.stock_hk_index_daily_sina(HSMPI)
2021-09-07,5066.03,5077.11,4937.92,4942.97022,363956203,akshare.stock_hk_index_daily_sina(HSMPI)
2021-09-08,4933.29,4985.29,4911.43,4969.27979,312974534,akshare.stock_hk_index_daily_sina(HSMPI)
2021-09-09,4953.08,4955.5,4818.72,4852.41016,399877228,akshare.stock_hk_index_daily_sina(HSMPI)
2021-09-10,4865.87,4981.15,4833.81,4979.89014,247304671,akshare.stock_hk_index_daily_sina(HSMPI)
2021-09-13,4952.92,4965.79,4865.26,4941.41992,202293628,akshare.stock_hk_index_daily_sina(HSMPI)
2021-09-14,4899.74,4952.91,4674.73,4688.16016,465651452,akshare.stock_hk_index_daily_sina(HSMPI)
2021-09-15,4657.84,4689.03,4491.57,4526.75,546294120,akshare.stock_hk_index_daily_sina(HSMPI)
2021-09-16,4500.17,4501.01,4177.45,4229.52979,505304380,akshare.stock_hk_index_daily_sina(HSMPI)
2021-09-17,4257.43,4345.21,4153.03,4324.04981,749713319,akshare.stock_hk_index_daily_sina(HSMPI)
2021-09-20,4281.11,4281.11,4014.72,4073.17993,394067709,akshare.stock_hk_index_daily_sina(HSMPI)
2021-09-21,4073.69,4286.09,4042.89,4273.77002,425891240,akshare.stock_hk_index_daily_sina(HSMPI)
2021-09-23,4560.4,4732.66,4560.4,4619.99023,1213627879,akshare.stock_hk_index_daily_sina(HSMPI)
2021-09-24,4607.49,4632.28,4455.19,4485.04004,494798906,akshare.stock_hk_index_daily_sina(HSMPI)
2021-09-27,4454.35,4491.05,4356.71,4373.22022,405492915,akshare.stock_hk_index_daily_sina(HSMPI)
2021-09-28,4409.8,4748.07,4409.8,4651.85986,524790201,akshare.stock_hk_index_daily_sina(HSMPI)
2021-09-29,4661.28,4805.41,4606.39,4754.85986,379255498,akshare.stock_hk_index_daily_sina(HSMPI)
2021-09-30,4768.49,4930.78,4734.09,4926.5,463323578,akshare.stock_hk_index_daily_sina(HSMPI)
2021-10-04,4881.27,4961.48,4752.25,4928.64014,162947145,akshare.stock_hk_index_daily_sina(HSMPI)
2021-10-05,4855.82,4855.82,4718.73,4757.02002,145559165,akshare.stock_hk_index_daily_sina(HSMPI)
2021-10-06,4771.05,4772.13,4640.96,4729.62012,96897927,akshare.stock_hk_index_daily_sina(HSMPI)
2021-10-07,4784.33,4922.23,4774.61,4805.52002,87272479,akshare.stock_hk_index_daily_sina(HSMPI)
2021-10-08,4808.46,4858.74,4758.45,4781.74023,146528541,akshare.stock_hk_index_daily_sina(HSMPI)
2021-10-11,4819.85,4866.95,4741.03,4773.12988,179378736,akshare.stock_hk_index_daily_sina(HSMPI)
2021-10-12,4760.16,4914.08,4712.97,4844.62988,206648487,akshare.stock_hk_index_daily_sina(HSMPI)
2021-10-15,4857.33,4857.33,4665.6,4802.5,198170551,akshare.stock_hk_index_daily_sina(HSMPI)
2021-10-18,4819.36,4929.26,4773.4,4839.47022,191638829,akshare.stock_hk_index_daily_sina(HSMPI)
2021-10-19,4839.4,4847.4,4780.86,4795.81006,126371264,akshare.stock_hk_index_daily_sina(HSMPI)
2021-10-20,4793.98,4840.81,4762.4,4840.81006,90640495,akshare.stock_hk_index_daily_sina(HSMPI)
2021-10-21,4832.0,5110.56,4832.0,5042.6001,721205533,akshare.stock_hk_index_daily_sina(HSMPI)
2021-10-22,5216.78,5345.54,5201.24,5207.54004,537998328,akshare.stock_hk_index_daily_sina(HSMPI)
2021-10-25,5101.27,5170.34,5002.23,5078.18994,416707499,akshare.stock_hk_index_daily_sina(HSMPI)
2021-10-26,5057.02,5057.02,4817.81,4858.8501,385772367,akshare.stock_hk_index_daily_sina(HSMPI)
2021-10-27,4843.03,4899.07,4769.49,4854.25,187450954,akshare.stock_hk_index_daily_sina(HSMPI)
2021-10-28,4863.55,4878.77,4768.49,4789.29004,209654263,akshare.stock_hk_index_daily_sina(HSMPI)
2021-10-29,4788.17,4812.73,4681.8,4694.6499,218200734,akshare.stock_hk_index_daily_sina(HSMPI)
2021-11-01,4718.24,4718.24,4580.89,4632.8501,188170481,akshare.stock_hk_index_daily_sina(HSMPI)
2021-11-02,4676.42,4687.44,4428.32,4474.02002,285638841,akshare.stock_hk_index_daily_sina(HSMPI)
2021-11-03,4457.85,4561.09,4444.97,4514.14014,202426277,akshare.stock_hk_index_daily_sina(HSMPI)
2021-11-04,4512.51,4518.19,4363.95,4400.56006,226067009,akshare.stock_hk_index_daily_sina(HSMPI)
2021-11-05,4386.98,4386.98,4243.17,4278.27002,308566290,akshare.stock_hk_index_daily_sina(HSMPI)
2021-11-08,4297.55,4417.45,4283.03,4338.89014,184521878,akshare.stock_hk_index_daily_sina(HSMPI)
2021-11-09,4362.44,4382.71,4270.55,4308.22998,221098813,akshare.stock_hk_index_daily_sina(HSMPI)
2021-11-10,4312.62,4663.05,4232.89,4642.54004,455496471,akshare.stock_hk_index_daily_sina(HSMPI)
2021-11-11,4624.62,4931.17,4624.62,4900.75,574197079,akshare.stock_hk_index_daily_sina(HSMPI)
2021-11-12,5046.16,5046.16,4861.6,4951.7002,515459278,akshare.stock_hk_index_daily_sina(HSMPI)
2021-11-15,4872.47,4872.47,4733.59,4776.45996,807009376,akshare.stock_hk_index_daily_sina(HSMPI)
2021-11-16,4796.12,4920.19,4792.74,4876.16992,281818606,akshare.stock_hk_index_daily_sina(HSMPI)
2021-11-17,4866.41,4892.27,4772.09,4791.45996,243607585,akshare.stock_hk_index_daily_sina(HSMPI)
2021-11-18,4771.8,4771.8,4661.96,4676.06006,229716327,akshare.stock_hk_index_daily_sina(HSMPI)
2021-11-19,4615.51,4878.92,4545.54,4791.56006,461034747,akshare.stock_hk_index_daily_sina(HSMPI)
2021-11-22,4814.24,4873.62,4713.8,4726.74023,208989137,akshare.stock_hk_index_daily_sina(HSMPI)
2021-11-23,4709.89,4814.16,4659.03,4793.43994,371299073,akshare.stock_hk_index_daily_sina(HSMPI)
2021-11-24,4820.25,4843.9,4704.45,4719.9502,247333527,akshare.stock_hk_index_daily_sina(HSMPI)
2021-11-25,4718.23,4761.71,4676.9,4741.25977,542448721,akshare.stock_hk_index_daily_sina(HSMPI)
2021-11-26,4736.01,4736.01,4578.78,4587.27979,347974468,akshare.stock_hk_index_daily_sina(HSMPI)
2021-11-29,4670.48,4670.48,4520.54,4545.43994,330483340,akshare.stock_hk_index_daily_sina(HSMPI)
2021-11-30,4539.01,4613.04,4389.88,4426.1499,434011262,akshare.stock_hk_index_daily_sina(HSMPI)
2021-12-01,4469.73,4548.32,4368.05,4378.74023,397405891,akshare.stock_hk_index_daily_sina(HSMPI)
2021-12-02,4375.57,4519.86,4345.16,4482.66016,378339980,akshare.stock_hk_index_daily_sina(HSMPI)
2021-12-03,4476.1,4509.87,4405.58,4480.9502,272810697,akshare.stock_hk_index_daily_sina(HSMPI)
2021-12-06,4528.57,4657.83,4457.7,4465.00977,623883076,akshare.stock_hk_index_daily_sina(HSMPI)
2021-12-07,4550.01,4676.64,4533.41,4664.79981,1078404653,akshare.stock_hk_index_daily_sina(HSMPI)
2021-12-08,4732.7,4732.7,4612.67,4651.83984,430342422,akshare.stock_hk_index_daily_sina(HSMPI)
2021-12-09,4685.43,4813.19,4668.35,4804.8999,336336070,akshare.stock_hk_index_daily_sina(HSMPI)
2021-12-10,4781.17,4867.3,4733.17,4754.31982,246454863,akshare.stock_hk_index_daily_sina(HSMPI)
2021-12-13,4817.56,4817.56,4574.59,4582.64014,416033334,akshare.stock_hk_index_daily_sina(HSMPI)
2021-12-14,4503.02,4515.56,4228.06,4267.75977,725124543,akshare.stock_hk_index_daily_sina(HSMPI)
2021-12-15,4296.51,4344.31,4212.06,4269.47022,424351925,akshare.stock_hk_index_daily_sina(HSMPI)
2021-12-16,4258.5,4421.21,4233.88,4366.06982,337765892,akshare.stock_hk_index_daily_sina(HSMPI)
2021-12-17,4402.1,4415.85,4322.28,4350.14014,345480642,akshare.stock_hk_index_daily_sina(HSMPI)
2021-12-20,4342.81,4342.81,4118.28,4140.95996,428593259,akshare.stock_hk_index_daily_sina(HSMPI)
2021-12-21,4162.09,4254.81,4112.6,4241.14014,312760132,akshare.stock_hk_index_daily_sina(HSMPI)
2021-12-22,4237.78,4239.45,4160.08,4205.43994,203436628,akshare.stock_hk_index_daily_sina(HSMPI)
2021-12-23,4247.66,4296.3,4198.29,4223.9502,237102185,akshare.stock_hk_index_daily_sina(HSMPI)
2021-12-24,4253.27,4254.26,4148.63,4196.83984,151512020,akshare.stock_hk_index_daily_sina(HSMPI)
2021-12-28,4219.46,4294.17,4206.61,4273.20996,380725331,akshare.stock_hk_index_daily_sina(HSMPI)
2021-12-29,4307.29,4307.29,4152.53,4174.43994,159897855,akshare.stock_hk_index_daily_sina(HSMPI)
2021-12-30,4191.97,4199.54,4111.18,4145.25,168070199,akshare.stock_hk_index_daily_sina(HSMPI)
2021-12-31,4192.47,4219.86,4152.47,4188.12988,92340284,akshare.stock_hk_index_daily_sina(HSMPI)
2022-01-03,4214.79,4225.09,4014.53,4070.26001,193027600,akshare.stock_hk_index_daily_sina(HSMPI)
2022-01-04,4099.83,4299.65,4099.83,4213.31006,475948644,akshare.stock_hk_index_daily_sina(HSMPI)
2022-01-05,4196.07,4234.14,4130.32,4171.64014,274311486,akshare.stock_hk_index_daily_sina(HSMPI)
2022-01-06,4179.1,4198.37,4089.66,4155.52979,316870480,akshare.stock_hk_index_daily_sina(HSMPI)
2022-01-07,4132.75,4364.95,4041.15,4347.14014,602461497,akshare.stock_hk_index_daily_sina(HSMPI)
2022-01-10,4316.26,4560.93,4316.26,4518.72998,600483044,akshare.stock_hk_index_daily_sina(HSMPI)
2022-01-11,4483.43,4669.24,4451.25,4584.47998,453132160,akshare.stock_hk_index_daily_sina(HSMPI)
2022-01-12,4584.91,4602.85,4489.75,4521.29981,334418675,akshare.stock_hk_index_daily_sina(HSMPI)
2022-01-13,4444.98,4477.83,4262.78,4277.93994,1251247347,akshare.stock_hk_index_daily_sina(HSMPI)
2022-01-14,4306.05,4332.41,4212.22,4256.81982,454290398,akshare.stock_hk_index_daily_sina(HSMPI)
2022-01-17,4244.6,4251.21,4098.47,4114.41016,382730878,akshare.stock_hk_index_daily_sina(HSMPI)
2022-01-18,4144.83,4273.13,4131.22,4189.02979,351849879,akshare.stock_hk_index_daily_sina(HSMPI)
2022-01-19,4247.24,4434.87,4247.24,4434.87012,541905392,akshare.stock_hk_index_daily_sina(HSMPI)
2022-01-20,4559.71,4717.46,4559.71,4640.74023,1006658071,akshare.stock_hk_index_daily_sina(HSMPI)
2022-01-21,4640.73,4697.43,4587.08,4681.1001,559586197,akshare.stock_hk_index_daily_sina(HSMPI)
2022-01-24,4674.71,4766.16,4636.49,4667.47022,724419939,akshare.stock_hk_index_daily_sina(HSMPI)
2022-01-25,4613.27,4691.29,4538.91,4580.75977,419480934,akshare.stock_hk_index_daily_sina(HSMPI)
2022-01-26,4612.61,4651.78,4546.24,4584.79004,269397020,akshare.stock_hk_index_daily_sina(HSMPI)
2022-01-27,4541.96,4541.96,4414.98,4464.12988,365693194,akshare.stock_hk_index_daily_sina(HSMPI)
2022-01-28,4474.59,4543.63,4367.38,4412.50977,214267797,akshare.stock_hk_index_daily_sina(HSMPI)
2022-01-31,4430.13,4519.27,4339.56,4470.3999,106634625,akshare.stock_hk_index_daily_sina(HSMPI)
2022-02-04,4585.3,4601.62,4501.35,4577.1499,135963346,akshare.stock_hk_index_daily_sina(HSMPI)
2022-02-07,4578.88,4630.42,4498.59,4564.39014,211311814,akshare.stock_hk_index_daily_sina(HSMPI)
2022-02-08,4587.63,4623.21,4460.01,4509.58984,204001162,akshare.stock_hk_index_daily_sina(HSMPI)
2022-02-09,4582.21,4662.58,4538.51,4563.3999,242959496,akshare.stock_hk_index_daily_sina(HSMPI)
2022-02-10,4644.67,4759.23,4607.12,4759.22998,413416231,akshare.stock_hk_index_daily_sina(HSMPI)
2022-02-11,4863.7,4938.57,4829.44,4864.58984,533272793,akshare.stock_hk_index_daily_sina(HSMPI)
2022-02-14,4829.54,4829.54,4570.93,4608.62988,334337157,akshare.stock_hk_index_daily_sina(HSMPI)
2022-02-15,4599.91,4613.62,4529.08,4562.14014,287678757,akshare.stock_hk_index_daily_sina(HSMPI)
2022-02-16,4609.54,4672.14,4559.06,4610.8999,173334947,akshare.stock_hk_index_daily_sina(HSMPI)
2022-02-17,4664.22,4669.01,4546.25,4575.06982,200462509,akshare.stock_hk_index_daily_sina(HSMPI)
2022-02-18,4554.86,4749.26,4554.86,4706.08984,297664372,akshare.stock_hk_index_daily_sina(HSMPI)
2022-02-21,4707.74,4713.96,4571.43,4653.37012,411691200,akshare.stock_hk_index_daily_sina(HSMPI)
2022-02-22,4591.75,4628.94,4530.5,4610.31982,269341032,akshare.stock_hk_index_daily_sina(HSMPI)
2022-02-23,4669.45,4669.45,4580.39,4587.75977,160468091,akshare.stock_hk_index_daily_sina(HSMPI)
2022-02-24,4538.79,4559.9,4339.03,4349.79981,454266466,akshare.stock_hk_index_daily_sina(HSMPI)
2022-02-25,4361.18,4424.58,4224.04,4250.14014,469036656,akshare.stock_hk_index_daily_sina(HSMPI)
2022-02-28,4280.76,4281.65,4129.59,4186.14014,591984206,akshare.stock_hk_index_daily_sina(HSMPI)
2022-03-01,4195.95,4283.51,4164.87,4235.33984,364708501,akshare.stock_hk_index_daily_sina(HSMPI)
2022-03-02,4205.82,4265.94,4036.14,4081.37988,450889794,akshare.stock_hk_index_daily_sina(HSMPI)
2022-03-03,4100.2,4194.27,4098.99,4165.18994,287645164,akshare.stock_hk_index_daily_sina(HSMPI)
2022-03-04,4108.54,4185.12,4058.6,4136.3501,437582420,akshare.stock_hk_index_daily_sina(HSMPI)
2022-03-07,4054.45,4229.38,3975.09,4148.02002,428270605,akshare.stock_hk_index_daily_sina(HSMPI)
2022-03-08,4197.72,4197.72,3944.28,3970.46997,370415089,akshare.stock_hk_index_daily_sina(HSMPI)
2022-03-09,3997.9,4033.21,3736.94,3850.84009,417302874,akshare.stock_hk_index_daily_sina(HSMPI)
2022-03-10,3923.33,3925.87,3815.53,3872.51001,294784543,akshare.stock_hk_index_daily_sina(HSMPI)
2022-03-11,3832.47,3832.47,3629.93,3734.57007,451804395,akshare.stock_hk_index_daily_sina(HSMPI)
2022-03-14,3673.36,3673.36,3227.73,3264.1499,843380035,akshare.stock_hk_index_daily_sina(HSMPI)
2022-03-15,3154.65,3273.16,2896.82,2914.93994,1170489719,akshare.stock_hk_index_daily_sina(HSMPI)
2022-03-16,3062.55,3394.33,2844.87,3342.94995,1964133059,akshare.stock_hk_index_daily_sina(HSMPI)
2022-03-17,3709.92,3953.73,3685.2,3943.59009,1990064929,akshare.stock_hk_index_daily_sina(HSMPI)
2022-03-18,3880.8,4022.25,3702.04,3943.11011,1343200158,akshare.stock_hk_index_daily_sina(HSMPI)
2022-03-21,4021.58,4021.58,3733.12,3772.15991,548497757,akshare.stock_hk_index_daily_sina(HSMPI)
2022-03-22,3729.7,3937.07,3660.06,3931.57007,662556784,akshare.stock_hk_index_daily_sina(HSMPI)
2022-03-23,3888.26,4011.73,3862.34,3928.69995,562601624,akshare.stock_hk_index_daily_sina(HSMPI)
2022-03-24,3883.62,3940.09,3780.89,3788.62012,614627156,akshare.stock_hk_index_daily_sina(HSMPI)
2022-03-25,3733.1,3854.28,3729.81,3753.3999,395044271,akshare.stock_hk_index_daily_sina(HSMPI)
2022-03-28,3755.92,3784.81,3644.65,3747.75,309673569,akshare.stock_hk_index_daily_sina(HSMPI)
2022-03-29,3671.49,3725.47,3620.39,3666.12988,980670463,akshare.stock_hk_index_daily_sina(HSMPI)
2022-03-30,3701.59,3939.31,3684.4,3883.96997,763873799,akshare.stock_hk_index_daily_sina(HSMPI)
2022-03-31,3892.18,3987.81,3835.88,3852.12012,381779761,akshare.stock_hk_index_daily_sina(HSMPI)
2022-04-01,3847.86,3847.86,3762.22,3845.25,101335549,akshare.stock_hk_index_daily_sina(HSMPI)
2022-04-04,3880.1,4106.44,3861.32,4090.6001,192016136,akshare.stock_hk_index_daily_sina(HSMPI)
2022-04-06,3992.59,4214.33,3992.59,4155.27002,268941031,akshare.stock_hk_index_daily_sina(HSMPI)
2022-04-07,4147.28,4218.91,4061.5,4102.43994,163564915,akshare.stock_hk_index_daily_sina(HSMPI)
2022-04-08,4101.15,4218.14,4056.66,4206.83008,128729990,akshare.stock_hk_index_daily_sina(HSMPI)
2022-04-11,4175.12,4175.12,3978.42,4033.54004,173398812,akshare.stock_hk_index_daily_sina(HSMPI)
2022-04-12,4072.74,4076.97,3946.76,3982.65991,115713333,akshare.stock_hk_index_daily_sina(HSMPI)
2022-04-13,3963.81,4069.5,3931.16,4015.44995,124256308,akshare.stock_hk_index_daily_sina(HSMPI)
2022-04-14,4049.46,4130.45,4027.04,4122.33008,116185607,akshare.stock_hk_index_daily_sina(HSMPI)
2022-04-19,4051.28,4069.01,3958.69,4020.91992,119778331,akshare.stock_hk_index_daily_sina(HSMPI)
2022-04-20,4009.33,4011.91,3796.36,3814.87012,152557845,akshare.stock_hk_index_daily_sina(HSMPI)
2022-04-21,3770.78,3828.65,3695.79,3734.19995,138432808,akshare.stock_hk_index_daily_sina(HSMPI)
2022-04-22,3684.25,3789.69,3651.93,3760.62012,102978609,akshare.stock_hk_index_daily_sina(HSMPI)
2022-04-25,3681.86,3706.26,3621.5,3658.62012,125601535,akshare.stock_hk_index_daily_sina(HSMPI)
2022-04-26,3677.06,3759.92,3662.55,3696.01001,100889669,akshare.stock_hk_index_daily_sina(HSMPI)
2022-04-27,3671.86,3727.57,3632.61,3663.47998,103521641,akshare.stock_hk_index_daily_sina(HSMPI)
2022-04-28,3649.89,3726.31,3628.8,3700.27002,95107956,akshare.stock_hk_index_daily_sina(HSMPI)
2022-04-29,3673.89,3782.65,3604.51,3778.62012,125796169,akshare.stock_hk_index_daily_sina(HSMPI)
2022-05-03,3728.11,3931.21,3724.81,3875.97998,110481141,akshare.stock_hk_index_daily_sina(HSMPI)
2022-05-04,3857.79,3866.37,3809.73,3837.33008,43053371,akshare.stock_hk_index_daily_sina(HSMPI)
2022-05-05,3874.52,3925.69,3770.03,3784.05005,80718955,akshare.stock_hk_index_daily_sina(HSMPI)
2022-05-06,3740.8,3740.8,3541.6,3563.95996,202115896,akshare.stock_hk_index_daily_sina(HSMPI)
2022-05-10,3458.2,3493.23,3369.34,3466.41992,237203882,akshare.stock_hk_index_daily_sina(HSMPI)
2022-05-11,3439.5,3480.81,3416.3,3432.18994,141455815,akshare.stock_hk_index_daily_sina(HSMPI)
2022-05-12,3414.0,3415.15,3304.02,3316.03003,149981626,akshare.stock_hk_index_daily_sina(HSMPI)
2022-05-13,3353.94,3506.19,3344.66,3492.90991,143755934,akshare.stock_hk_index_daily_sina(HSMPI)
2022-05-16,3609.99,3676.75,3489.2,3609.84009,290669695,akshare.stock_hk_index_daily_sina(HSMPI)
2022-05-17,3641.45,3645.51,3542.68,3636.92993,151294380,akshare.stock_hk_index_daily_sina(HSMPI)
2022-05-18,3627.81,3708.67,3595.49,3678.5,111220067,akshare.stock_hk_index_daily_sina(HSMPI)
2022-05-19,3611.92,3700.87,3583.37,3683.37988,104989868,akshare.stock_hk_index_daily_sina(HSMPI)
2022-05-20,3768.44,3772.04,3668.2,3708.45996,136435427,akshare.stock_hk_index_daily_sina(HSMPI)
2022-05-23,3691.59,3704.81,3624.27,3676.6499,78303887,akshare.stock_hk_index_daily_sina(HSMPI)
2022-05-24,3680.73,3694.01,3583.71,3607.73999,69999644,akshare.stock_hk_index_daily_sina(HSMPI)
2022-05-25,3630.42,3648.58,3587.56,3614.62012,57622008,akshare.stock_hk_index_daily_sina(HSMPI)
2022-05-26,3638.62,3640.38,3531.21,3573.20996,76840643,akshare.stock_hk_index_daily_sina(HSMPI)
2022-05-27,3635.14,3654.54,3528.2,3583.6499,91609711,akshare.stock_hk_index_daily_sina(HSMPI)
2022-05-30,3609.45,3620.4,3557.56,3569.73999,91689232,akshare.stock_hk_index_daily_sina(HSMPI)
2022-05-31,3567.82,3645.69,3558.94,3643.22998,193134200,akshare.stock_hk_index_daily_sina(HSMPI)
2022-06-01,3665.0,3674.92,3611.96,3661.33008,80050978,akshare.stock_hk_index_daily_sina(HSMPI)
2022-06-02,3631.67,3638.28,3543.11,3575.94995,75175837,akshare.stock_hk_index_daily_sina(HSMPI)
2022-06-06,3564.25,3568.84,3446.13,3556.91992,145909023,akshare.stock_hk_index_daily_sina(HSMPI)
2022-06-07,3487.33,3555.5,3477.21,3533.15991,90832566,akshare.stock_hk_index_daily_sina(HSMPI)
2022-06-08,3550.89,3550.89,3492.51,3525.03003,98090726,akshare.stock_hk_index_daily_sina(HSMPI)
2022-06-09,3495.42,3625.35,3490.4,3586.87012,122269620,akshare.stock_hk_index_daily_sina(HSMPI)
2022-06-10,3540.13,3565.08,3470.69,3473.70996,133101818,akshare.stock_hk_index_daily_sina(HSMPI)
2022-06-13,3392.31,3400.7,3293.59,3317.48999,172416141,akshare.stock_hk_index_daily_sina(HSMPI)
2022-06-14,3293.96,3339.51,3289.41,3322.0,86077918,akshare.stock_hk_index_daily_sina(HSMPI)
2022-06-15,3280.55,3454.16,3280.55,3425.93994,137699904,akshare.stock_hk_index_daily_sina(HSMPI)
2022-06-16,3448.64,3453.22,3323.16,3341.0,81670674,akshare.stock_hk_index_daily_sina(HSMPI)
2022-06-17,3357.6,3378.32,3321.83,3335.62988,95739883,akshare.stock_hk_index_daily_sina(HSMPI)
2022-06-20,3327.39,3565.87,3318.38,3551.91992,220026661,akshare.stock_hk_index_daily_sina(HSMPI)
2022-06-21,3578.79,3625.61,3564.35,3594.51001,122553422,akshare.stock_hk_index_daily_sina(HSMPI)
2022-06-22,3577.06,3606.31,3506.43,3507.06006,68010797,akshare.stock_hk_index_daily_sina(HSMPI)
2022-06-23,3485.39,3573.99,3478.74,3558.04004,94617356,akshare.stock_hk_index_daily_sina(HSMPI)
2022-06-24,3584.79,3631.57,3551.45,3561.1499,81611860,akshare.stock_hk_index_daily_sina(HSMPI)
2022-06-27,3593.22,3685.25,3563.27,3664.56006,106695224,akshare.stock_hk_index_daily_sina(HSMPI)
2022-06-28,3667.8,3730.06,3651.17,3723.65991,105133231,akshare.stock_hk_index_daily_sina(HSMPI)
2022-06-29,3683.46,3825.54,3683.46,3719.93994,128764195,akshare.stock_hk_index_daily_sina(HSMPI)
2022-06-30,3709.07,3779.91,3691.58,3742.80005,129131476,akshare.stock_hk_index_daily_sina(HSMPI)
2022-07-04,3711.33,3729.76,3651.33,3703.96997,124513637,akshare.stock_hk_index_daily_sina(HSMPI)
2022-07-05,3733.44,3773.56,3659.33,3679.41992,99130390,akshare.stock_hk_index_daily_sina(HSMPI)
2022-07-06,3646.96,3667.61,3579.79,3646.62012,100204828,akshare.stock_hk_index_daily_sina(HSMPI)
2022-07-07,3619.72,3635.71,3570.13,3588.3999,91484171,akshare.stock_hk_index_daily_sina(HSMPI)
2022-07-08,3080.45,3107.17,3034.37,3082.12988,84424539,akshare.stock_hk_index_daily_sina(HSMPI)
2022-07-11,3073.23,3073.23,2889.41,2921.27002,175599816,akshare.stock_hk_index_daily_sina(HSMPI)
2022-07-12,2910.97,2952.68,2868.21,2876.23999,200080586,akshare.stock_hk_index_daily_sina(HSMPI)
2022-07-13,2891.23,2904.72,2740.77,2756.09009,415401276,akshare.stock_hk_index_daily_sina(HSMPI)
2022-07-14,2757.9,2759.95,2619.42,2717.15991,407288422,akshare.stock_hk_index_daily_sina(HSMPI)
2022-07-15,2682.61,2684.24,2573.63,2582.61011,386919370,akshare.stock_hk_index_daily_sina(HSMPI)
2022-07-18,2622.57,2726.61,2604.15,2677.37988,337255832,akshare.stock_hk_index_daily_sina(HSMPI)
2022-07-19,2673.97,2673.97,2618.5,2646.5,182189564,akshare.stock_hk_index_daily_sina(HSMPI)
2022-07-20,2678.01,2683.14,2602.67,2609.03003,193359710,akshare.stock_hk_index_daily_sina(HSMPI)
2022-07-21,2604.24,2637.83,2477.38,2487.37012,472767197,akshare.stock_hk_index_daily_sina(HSMPI)
2022-07-22,2499.41,2513.48,2450.99,2479.07007,296180459,akshare.stock_hk_index_daily_sina(HSMPI)
2022-07-25,2477.33,2613.1,2472.9,2557.96997,380964500,akshare.stock_hk_index_daily_sina(HSMPI)
2022-07-26,2562.26,2709.21,2532.01,2694.84009,516214481,akshare.stock_hk_index_daily_sina(HSMPI)
2022-07-27,2624.95,2624.95,2512.46,2527.33008,670849458,akshare.stock_hk_index_daily_sina(HSMPI)
2022-07-28,2542.05,2576.34,2470.01,2526.04004,607253556,akshare.stock_hk_index_daily_sina(HSMPI)
2022-07-29,2529.82,2529.82,2424.71,2434.69995,410636932,akshare.stock_hk_index_daily_sina(HSMPI)
2022-08-01,2445.57,2449.76,2355.7,2408.1001,466557193,akshare.stock_hk_index_daily_sina(HSMPI)
2022-08-02,2389.54,2389.54,2314.69,2337.47998,284674668,akshare.stock_hk_index_daily_sina(HSMPI)
2022-08-03,2338.7,2349.29,2269.2,2294.65991,235204006,akshare.stock_hk_index_daily_sina(HSMPI)
2022-08-04,2292.56,2342.36,2289.9,2312.92993,320155718,akshare.stock_hk_index_daily_sina(HSMPI)
2022-08-05,2326.63,2369.01,2310.13,2350.84009,289795964,akshare.stock_hk_index_daily_sina(HSMPI)
2022-08-08,2354.74,2410.68,2299.31,2306.40991,287968199,akshare.stock_hk_index_daily_sina(HSMPI)
2022-08-09,2314.74,2345.94,2288.85,2315.3999,255340076,akshare.stock_hk_index_daily_sina(HSMPI)
2022-08-10,2311.35,2325.23,2169.48,2196.48999,409762438,akshare.stock_hk_index_daily_sina(HSMPI)
2022-08-11,2240.8,2247.82,2183.74,2223.6499,321326618,akshare.stock_hk_index_daily_sina(HSMPI)
2022-08-12,2221.0,2235.18,2149.51,2231.19995,271658449,akshare.stock_hk_index_daily_sina(HSMPI)
2022-08-15,2214.07,2245.62,2171.68,2174.21997,178178709,akshare.stock_hk_index_daily_sina(HSMPI)
2022-08-16,2243.58,2402.88,2243.58,2299.92993,796269606,akshare.stock_hk_index_daily_sina(HSMPI)
2022-08-17,2301.3,2360.97,2261.8,2294.33008,423643133,akshare.stock_hk_index_daily_sina(HSMPI)
2022-08-18,2283.88,2284.13,2241.2,2255.41992,251460889,akshare.stock_hk_index_daily_sina(HSMPI)
2022-08-19,2235.86,2295.67,2219.1,2292.69995,263950317,akshare.stock_hk_index_daily_sina(HSMPI)
2022-08-22,2290.66,2359.74,2266.85,2321.95996,384225666,akshare.stock_hk_index_daily_sina(HSMPI)
2022-08-23,2330.98,2353.0,2288.16,2307.40991,349665762,akshare.stock_hk_index_daily_sina(HSMPI)
2022-08-24,2305.06,2305.06,2211.7,2260.78003,301276825,akshare.stock_hk_index_daily_sina(HSMPI)
2022-08-25,2273.65,2327.22,2255.11,2324.68994,252259951,akshare.stock_hk_index_daily_sina(HSMPI)
2022-08-26,2341.58,2395.54,2340.26,2395.45996,313820610,akshare.stock_hk_index_daily_sina(HSMPI)
2022-08-29,2366.44,2372.19,2307.6,2357.40991,202326694,akshare.stock_hk_index_daily_sina(HSMPI)
2022-08-30,2362.76,2406.07,2325.02,2330.12988,244252853,akshare.stock_hk_index_daily_sina(HSMPI)
2022-08-31,2314.35,2359.28,2293.47,2343.43994,955273109,akshare.stock_hk_index_daily_sina(HSMPI)
2022-09-01,2340.63,2376.05,2295.56,2324.97998,415634703,akshare.stock_hk_index_daily_sina(HSMPI)
2022-09-02,2327.8,2332.82,2221.37,2235.12988,365449202,akshare.stock_hk_index_daily_sina(HSMPI)
2022-09-05,2224.61,2264.98,2212.22,2251.70996,203570595,akshare.stock_hk_index_daily_sina(HSMPI)
2022-09-06,2265.41,2354.61,2262.0,2351.11011,367289734,akshare.stock_hk_index_daily_sina(HSMPI)
2022-09-07,2326.0,2379.52,2318.05,2356.65991,247138119,akshare.stock_hk_index_daily_sina(HSMPI)
2022-09-08,2371.98,2371.98,2295.16,2300.12988,329500557,akshare.stock_hk_index_daily_sina(HSMPI)
2022-09-09,2316.34,2453.54,2316.34,2445.05005,660542714,akshare.stock_hk_index_daily_sina(HSMPI)
2022-09-13,2433.37,2454.78,2397.82,2434.86011,297138444,akshare.stock_hk_index_daily_sina(HSMPI)
2022-09-14,2381.19,2422.2,2379.81,2386.02002,207147803,akshare.stock_hk_index_daily_sina(HSMPI)
2022-09-15,2404.48,2543.68,2404.48,2485.94995,608869235,akshare.stock_hk_index_daily_sina(HSMPI)
2022-09-16,2458.5,2492.46,2417.17,2417.16992,562225363,akshare.stock_hk_index_daily_sina(HSMPI)
2022-09-19,2417.04,2417.04,2324.11,2334.17993,460813291,akshare.stock_hk_index_daily_sina(HSMPI)
2022-09-20,2360.02,2396.42,2317.21,2328.67993,341562567,akshare.stock_hk_index_daily_sina(HSMPI)
2022-09-21,2322.59,2322.59,2248.62,2252.3501,451824397,akshare.stock_hk_index_daily_sina(HSMPI)
2022-09-22,2221.75,2256.95,2201.57,2236.58008,274572608,akshare.stock_hk_index_daily_sina(HSMPI)
2022-09-23,2241.95,2276.72,2187.69,2187.68994,338897632,akshare.stock_hk_index_daily_sina(HSMPI)
2022-09-26,2182.16,2250.7,2171.45,2188.75,441901539,akshare.stock_hk_index_daily_sina(HSMPI)
2022-09-27,2197.57,2229.5,2157.07,2216.95996,387165645,akshare.stock_hk_index_daily_sina(HSMPI)
2022-09-28,2202.59,2202.59,2073.52,2075.84009,1188942191,akshare.stock_hk_index_daily_sina(HSMPI)
2022-09-29,2109.59,2119.97,1959.05,1976.84998,1015254687,akshare.stock_hk_index_daily_sina(HSMPI)
2022-09-30,1999.8,2031.39,1967.44,1990.70996,625431162,akshare.stock_hk_index_daily_sina(HSMPI)
2022-10-03,2016.71,2118.85,2016.71,2097.27002,467772286,akshare.stock_hk_index_daily_sina(HSMPI)
2022-10-05,2175.5,2175.5,2069.57,2130.84009,366025791,akshare.stock_hk_index_daily_sina(HSMPI)
2022-10-06,2143.6,2181.36,2086.95,2090.76001,258215234,akshare.stock_hk_index_daily_sina(HSMPI)
2022-10-07,2070.86,2070.86,1987.58,2008.10999,362324888,akshare.stock_hk_index_daily_sina(HSMPI)
2022-10-10,1987.75,2045.34,1972.02,2001.57996,482750699,akshare.stock_hk_index_daily_sina(HSMPI)
2022-10-11,2011.3,2011.3,1919.06,1929.06006,552688371,akshare.stock_hk_index_daily_sina(HSMPI)
2022-10-12,1919.38,1931.73,1863.91,1883.12,646204634,akshare.stock_hk_index_daily_sina(HSMPI)
2022-10-13,1882.77,1886.18,1794.08,1797.27002,879258253,akshare.stock_hk_index_daily_sina(HSMPI)
2022-10-14,1823.98,1886.94,1823.98,1840.85999,616485591,akshare.stock_hk_index_daily_sina(HSMPI)
2022-10-17,1847.31,1858.39,1813.06,1848.57996,399928462,akshare.stock_hk_index_daily_sina(HSMPI)
2022-10-18,1858.03,1876.57,1813.31,1852.14002,369499064,akshare.stock_hk_index_daily_sina(HSMPI)
2022-10-19,1844.06,1925.32,1831.34,1837.06995,601832669,akshare.stock_hk_index_daily_sina(HSMPI)
2022-10-20,1829.38,1841.49,1803.18,1815.27002,330620349,akshare.stock_hk_index_daily_sina(HSMPI)
2022-10-21,1826.84,1869.53,1818.95,1837.78003,371283147,akshare.stock_hk_index_daily_sina(HSMPI)
2022-10-24,1797.97,1797.97,1626.88,1639.31995,592419555,akshare.stock_hk_index_daily_sina(HSMPI)
2022-10-25,1654.39,1654.39,1596.68,1620.14002,525302339,akshare.stock_hk_index_daily_sina(HSMPI)
2022-10-26,1621.51,1647.56,1602.42,1619.13001,493182224,akshare.stock_hk_index_daily_sina(HSMPI)
2022-10-27,1643.36,1666.09,1568.53,1571.23999,354874986,akshare.stock_hk_index_daily_sina(HSMPI)
2022-10-28,1573.89,1574.04,1465.46,1481.64002,609680160,akshare.stock_hk_index_daily_sina(HSMPI)
2022-10-31,1446.35,1446.35,1329.82,1385.33997,723056955,akshare.stock_hk_index_daily_sina(HSMPI)
2022-11-01,1389.63,1461.3,1372.83,1444.19995,1147505349,akshare.stock_hk_index_daily_sina(HSMPI)
2022-11-02,1451.6,1542.79,1412.84,1530.85999,957684277,akshare.stock_hk_index_daily_sina(HSMPI)
2022-11-03,1496.66,1555.85,1470.72,1474.01001,728832071,akshare.stock_hk_index_daily_sina(HSMPI)
2022-11-04,1472.3,1640.53,1472.3,1608.47998,1133475479,akshare.stock_hk_index_daily_sina(HSMPI)
2022-11-07,1600.49,1716.05,1595.73,1686.18005,1032158731,akshare.stock_hk_index_daily_sina(HSMPI)
2022-11-08,1689.22,1711.11,1656.71,1685.40002,788989655,akshare.stock_hk_index_daily_sina(HSMPI)
2022-11-09,1709.93,1863.18,1709.93,1757.68005,2392539700,akshare.stock_hk_index_daily_sina(HSMPI)
2022-11-10,1742.02,1768.89,1702.0,1744.58997,1216783643,akshare.stock_hk_index_daily_sina(HSMPI)
2022-11-11,1863.25,1970.42,1782.71,1967.58997,3340446386,akshare.stock_hk_index_daily_sina(HSMPI)
2022-11-14,2158.85,2327.07,2158.85,2233.31006,3683447923,akshare.stock_hk_index_daily_sina(HSMPI)
2022-11-15,2166.87,2355.62,2138.66,2331.34009,2815580137,akshare.stock_hk_index_daily_sina(HSMPI)
2022-11-16,2293.55,2333.0,2137.97,2173.03003,1706139261,akshare.stock_hk_index_daily_sina(HSMPI)
2022-11-17,2159.64,2227.24,2134.09,2191.8501,1118155978,akshare.stock_hk_index_daily_sina(HSMPI)
2022-11-18,2215.42,2234.97,2114.21,2122.67993,1441510301,akshare.stock_hk_index_daily_sina(HSMPI)
2022-11-21,2098.69,2098.69,2029.73,2091.13989,803551619,akshare.stock_hk_index_daily_sina(HSMPI)
2022-11-22,2121.17,2172.89,2003.89,2036.55005,1150296019,akshare.stock_hk_index_daily_sina(HSMPI)
2022-11-23,2047.18,2097.47,2004.53,2070.5,970644194,akshare.stock_hk_index_daily_sina(HSMPI)
2022-11-24,2127.3,2211.64,2108.25,2211.63989,2223922687,akshare.stock_hk_index_daily_sina(HSMPI)
2022-11-25,2227.43,2315.34,2182.52,2310.77002,2165099848,akshare.stock_hk_index_daily_sina(HSMPI)
2022-11-28,2207.54,2226.31,2140.91,2200.02002,1145093425,akshare.stock_hk_index_daily_sina(HSMPI)
2022-11-29,2340.41,2424.11,2328.12,2377.26001,2018979035,akshare.stock_hk_index_daily_sina(HSMPI)
2022-11-30,2367.53,2397.08,2295.66,2355.37012,1825157155,akshare.stock_hk_index_daily_sina(HSMPI)
2022-12-01,2393.29,2413.63,2322.35,2330.33008,1252412131,akshare.stock_hk_index_daily_sina(HSMPI)
2022-12-02,2341.56,2346.08,2216.05,2272.44995,1059123016,akshare.stock_hk_index_daily_sina(HSMPI)
2022-12-05,2346.48,2441.31,2326.08,2441.31006,1686717945,akshare.stock_hk_index_daily_sina(HSMPI)
2022-12-06,2398.24,2532.32,2372.11,2509.62988,1932132197,akshare.stock_hk_index_daily_sina(HSMPI)
2022-12-07,2467.71,2479.12,2302.59,2302.59009,2288797249,akshare.stock_hk_index_daily_sina(HSMPI)
2022-12-08,2330.13,2410.3,2315.66,2404.01001,1003735301,akshare.stock_hk_index_daily_sina(HSMPI)
2022-12-09,2420.66,2651.11,2420.66,2642.70996,1982659499,akshare.stock_hk_index_daily_sina(HSMPI)
2022-12-12,2531.87,2547.78,2431.52,2443.66992,1596682174,akshare.stock_hk_index_daily_sina(HSMPI)
2022-12-13,2463.29,2479.37,2416.06,2435.37988,819732853,akshare.stock_hk_index_daily_sina(HSMPI)
2022-12-14,2468.84,2488.66,2385.53,2397.75,729033856,akshare.stock_hk_index_daily_sina(HSMPI)
2022-12-15,2381.09,2427.59,2287.53,2387.1499,1085505661,akshare.stock_hk_index_daily_sina(HSMPI)
2022-12-16,2408.75,2489.52,2364.54,2465.09009,914832371,akshare.stock_hk_index_daily_sina(HSMPI)
2022-12-19,2450.1,2494.44,2385.12,2448.6499,833107128,akshare.stock_hk_index_daily_sina(HSMPI)
2022-12-20,2398.44,2398.44,2279.41,2302.66992,1978879917,akshare.stock_hk_index_daily_sina(HSMPI)
2022-12-21,2317.41,2343.77,2269.56,2298.17993,485894249,akshare.stock_hk_index_daily_sina(HSMPI)
2022-12-22,2345.04,2373.46,2324.92,2347.78003,602296861,akshare.stock_hk_index_daily_sina(HSMPI)
2022-12-23,2320.13,2360.76,2305.2,2351.62012,329708239,akshare.stock_hk_index_daily_sina(HSMPI)
2022-12-28,2375.98,2386.54,2320.36,2337.28003,576235849,akshare.stock_hk_index_daily_sina(HSMPI)
2022-12-29,2314.63,2314.63,2245.18,2306.04004,540235867,akshare.stock_hk_index_daily_sina(HSMPI)
2022-12-30,2325.64,2385.63,2289.43,2370.0,495046602,akshare.stock_hk_index_daily_sina(HSMPI)
2023-01-03,2322.6,2438.81,2256.46,2404.13989,634896337,akshare.stock_hk_index_daily_sina(HSMPI)
2023-01-04,2413.22,2580.38,2413.22,2580.37988,1303788439,akshare.stock_hk_index_daily_sina(HSMPI)
2023-01-05,2610.6,2618.84,2555.79,2566.45996,669742301,akshare.stock_hk_index_daily_sina(HSMPI)
2023-01-06,2616.78,2673.73,2560.82,2610.61011,1141175425,akshare.stock_hk_index_daily_sina(HSMPI)
2023-01-09,2620.73,2655.99,2521.89,2558.06006,611663940,akshare.stock_hk_index_daily_sina(HSMPI)
2023-01-10,2550.79,2604.92,2500.09,2528.36011,508690441,akshare.stock_hk_index_daily_sina(HSMPI)
2023-01-11,2529.39,2611.98,2513.37,2530.62012,609671436,akshare.stock_hk_index_daily_sina(HSMPI)
2023-01-12,2543.25,2563.73,2458.02,2476.79004,461387381,akshare.stock_hk_index_daily_sina(HSMPI)
2023-01-13,2473.38,2512.3,2441.3,2489.69995,535224971,akshare.stock_hk_index_daily_sina(HSMPI)
2023-01-16,2499.72,2533.48,2436.99,2461.45996,460802433,akshare.stock_hk_index_daily_sina(HSMPI)
2023-01-17,2454.11,2454.11,2412.12,2448.72998,356801560,akshare.stock_hk_index_daily_sina(HSMPI)
2023-01-18,2446.06,2494.2,2372.34,2393.15991,820551028,akshare.stock_hk_index_daily_sina(HSMPI)
2023-01-19,2362.23,2469.39,2361.49,2469.38989,237094022,akshare.stock_hk_index_daily_sina(HSMPI)
2023-01-20,2466.64,2514.88,2437.89,2512.88989,281357077,akshare.stock_hk_index_daily_sina(HSMPI)
2023-01-26,2535.48,2625.35,2535.48,2625.28003,392424574,akshare.stock_hk_index_daily_sina(HSMPI)
2023-01-27,2635.8,2702.78,2613.45,2683.82007,490317475,akshare.stock_hk_index_daily_sina(HSMPI)
2023-01-30,2656.83,2659.87,2548.61,2559.12988,679193853,akshare.stock_hk_index_daily_sina(HSMPI)
2023-01-31,2575.09,2599.72,2480.02,2502.91992,365576226,akshare.stock_hk_index_daily_sina(HSMPI)
2023-02-01,2522.48,2542.36,2478.37,2537.47998,384248732,akshare.stock_hk_index_daily_sina(HSMPI)
2023-02-02,2554.79,2554.79,2454.76,2456.6499,368635920,akshare.stock_hk_index_daily_sina(HSMPI)
2023-02-03,2456.64,2457.27,2364.66,2386.5,488593886,akshare.stock_hk_index_daily_sina(HSMPI)
2023-02-06,2357.07,2357.07,2290.63,2309.30005,492565490,akshare.stock_hk_index_daily_sina(HSMPI)
2023-02-07,2309.39,2382.8,2309.39,2326.94995,360663688,akshare.stock_hk_index_daily_sina(HSMPI)
2023-02-08,2324.85,2362.95,2313.3,2320.55005,351161428,akshare.stock_hk_index_daily_sina(HSMPI)
2023-02-09,2310.85,2353.43,2306.32,2353.42993,314503768,akshare.stock_hk_index_daily_sina(HSMPI)
2023-02-10,2340.7,2342.94,2283.56,2296.48999,366313388,akshare.stock_hk_index_daily_sina(HSMPI)
2023-02-13,2286.76,2332.58,2236.93,2314.31006,344670838,akshare.stock_hk_index_daily_sina(HSMPI)
2023-02-14,2325.82,2363.04,2301.72,2333.3501,265732933,akshare.stock_hk_index_daily_sina(HSMPI)
2023-02-15,2328.24,2338.92,2229.15,2241.80005,495327800,akshare.stock_hk_index_daily_sina(HSMPI)
2023-02-16,2259.85,2341.92,2250.75,2292.92993,355592480,akshare.stock_hk_index_daily_sina(HSMPI)
2023-02-17,2284.9,2309.58,2239.32,2252.33008,202606491,akshare.stock_hk_index_daily_sina(HSMPI)
2023-02-20,2246.79,2325.67,2237.86,2314.55005,296716147,akshare.stock_hk_index_daily_sina(HSMPI)
2023-02-21,2329.52,2431.07,2311.28,2319.8999,517731753,akshare.stock_hk_index_daily_sina(HSMPI)
2023-02-22,2313.08,2323.02,2277.97,2292.87012,197913971,akshare.stock_hk_index_daily_sina(HSMPI)
2023-02-23,2287.09,2309.95,2259.3,2270.42993,213827002,akshare.stock_hk_index_daily_sina(HSMPI)
2023-02-24,2260.48,2272.76,2202.79,2214.0,277116542,akshare.stock_hk_index_daily_sina(HSMPI)
2023-02-27,2193.56,2232.0,2184.98,2207.95996,256606959,akshare.stock_hk_index_daily_sina(HSMPI)
2023-02-28,2202.66,2233.51,2130.55,2132.13989,969631387,akshare.stock_hk_index_daily_sina(HSMPI)
2023-03-01,2133.66,2257.57,2133.66,2250.25,680191856,akshare.stock_hk_index_daily_sina(HSMPI)
2023-03-02,2234.97,2257.67,2200.3,2248.72998,251284274,akshare.stock_hk_index_daily_sina(HSMPI)
2023-03-03,2263.13,2314.14,2250.63,2291.09009,338285291,akshare.stock_hk_index_daily_sina(HSMPI)
2023-03-06,2257.95,2281.96,2198.55,2275.53003,439436951,akshare.stock_hk_index_daily_sina(HSMPI)
2023-03-07,2269.79,2293.69,2212.57,2235.46997,508541824,akshare.stock_hk_index_daily_sina(HSMPI)
2023-03-08,2217.48,2219.39,2144.89,2148.09009,406574457,akshare.stock_hk_index_daily_sina(HSMPI)
2023-03-09,2150.79,2154.52,2083.04,2089.91992,438837495,akshare.stock_hk_index_daily_sina(HSMPI)
2023-03-10,2069.99,2094.82,2030.58,2057.62012,482983017,akshare.stock_hk_index_daily_sina(HSMPI)
2023-03-13,2052.61,2066.41,2024.06,2032.03003,667640528,akshare.stock_hk_index_daily_sina(HSMPI)
2023-03-14,2023.41,2052.31,1944.1,1963.38001,611223447,akshare.stock_hk_index_daily_sina(HSMPI)
2023-03-15,1980.4,2060.78,1980.4,2020.02002,444089884,akshare.stock_hk_index_daily_sina(HSMPI)
2023-03-16,2005.1,2041.06,1993.56,2015.31995,275488989,akshare.stock_hk_index_daily_sina(HSMPI)
2023-03-17,2046.48,2119.46,2038.87,2097.65991,860525716,akshare.stock_hk_index_daily_sina(HSMPI)
2023-03-20,2088.95,2103.29,2024.18,2038.48999,363212342,akshare.stock_hk_index_daily_sina(HSMPI)
2023-03-21,2042.97,2084.06,2038.41,2051.48999,319080334,akshare.stock_hk_index_daily_sina(HSMPI)
2023-03-22,2061.48,2134.91,2061.48,2109.79004,402546328,akshare.stock_hk_index_daily_sina(HSMPI)
2023-03-23,2107.67,2116.02,2063.95,2116.02002,300665891,akshare.stock_hk_index_daily_sina(HSMPI)
2023-03-24,2101.41,2106.72,2067.87,2071.28003,306303654,akshare.stock_hk_index_daily_sina(HSMPI)
2023-03-27,2072.81,2073.99,1994.57,2002.02002,269196325,akshare.stock_hk_index_daily_sina(HSMPI)
2023-03-28,1999.0,2041.21,1992.87,2032.82996,203281328,akshare.stock_hk_index_daily_sina(HSMPI)
2023-03-29,2056.32,2081.23,2014.32,2070.38989,408320519,akshare.stock_hk_index_daily_sina(HSMPI)
2023-03-30,2068.92,2143.33,2040.53,2124.15991,491588633,akshare.stock_hk_index_daily_sina(HSMPI)
2023-03-31,2130.44,2138.15,2058.5,2077.8501,295292850,akshare.stock_hk_index_daily_sina(HSMPI)
2023-04-03,2073.38,2167.97,2073.38,2111.57007,301547584,akshare.stock_hk_index_daily_sina(HSMPI)
2023-04-04,2116.66,2119.27,2061.96,2075.79004,187309161,akshare.stock_hk_index_daily_sina(HSMPI)
2023-04-06,2055.52,2065.33,2025.66,2048.62012,249754749,akshare.stock_hk_index_daily_sina(HSMPI)
2023-04-11,2095.66,2206.67,2092.89,2190.03003,632242785,akshare.stock_hk_index_daily_sina(HSMPI)
2023-04-12,2204.82,2264.12,2190.77,2241.83008,431033043,akshare.stock_hk_index_daily_sina(HSMPI)
2023-04-13,2198.06,2248.19,2157.98,2246.3501,295900778,akshare.stock_hk_index_daily_sina(HSMPI)
2023-04-14,2249.26,2262.81,2224.57,2244.32007,170325015,akshare.stock_hk_index_daily_sina(HSMPI)
2023-04-17,2238.41,2266.46,2207.8,2260.76001,168946429,akshare.stock_hk_index_daily_sina(HSMPI)
2023-04-18,2252.92,2283.41,2217.98,2228.87988,167653295,akshare.stock_hk_index_daily_sina(HSMPI)
2023-04-19,2228.21,2232.82,2152.52,2162.40991,224031393,akshare.stock_hk_index_daily_sina(HSMPI)
2023-04-20,2167.45,2171.8,2115.3,2128.78003,232116362,akshare.stock_hk_index_daily_sina(HSMPI)
2023-04-21,2133.22,2177.0,2088.19,2098.45996,204730229,akshare.stock_hk_index_daily_sina(HSMPI)
2023-04-24,2107.3,2107.3,2037.2,2064.81006,229220652,akshare.stock_hk_index_daily_sina(HSMPI)
2023-04-25,2059.97,2063.74,2003.25,2011.13001,196234226,akshare.stock_hk_index_daily_sina(HSMPI)
2023-04-26,2011.22,2067.69,1997.68,2042.16003,147469252,akshare.stock_hk_index_daily_sina(HSMPI)
2023-04-27,2039.17,2048.49,2001.28,2022.96997,175138605,akshare.stock_hk_index_daily_sina(HSMPI)
2023-04-28,2036.12,2066.57,2022.0,2022.0,210523022,akshare.stock_hk_index_daily_sina(HSMPI)
2023-05-02,2037.76,2070.35,1972.82,1998.29004,137154087,akshare.stock_hk_index_daily_sina(HSMPI)
2023-05-03,1976.8,1986.16,1954.41,1964.54004,115887662,akshare.stock_hk_index_daily_sina(HSMPI)
2023-05-04,1967.81,2000.79,1967.05,1983.21997,216395548,akshare.stock_hk_index_daily_sina(HSMPI)
2023-05-05,1988.8,2064.13,1988.8,2041.76001,260749784,akshare.stock_hk_index_daily_sina(HSMPI)
2023-05-08,2051.05,2057.25,2005.58,2030.43994,163447116,akshare.stock_hk_index_daily_sina(HSMPI)
2023-05-09,2028.73,2079.76,2003.51,2007.20996,256929083,akshare.stock_hk_index_daily_sina(HSMPI)
2023-05-10,2007.89,2012.88,1957.5,1963.43005,148746309,akshare.stock_hk_index_daily_sina(HSMPI)
2023-05-11,1970.11,1976.24,1923.35,1938.93994,174423574,akshare.stock_hk_index_daily_sina(HSMPI)
2023-05-12,1939.25,1944.98,1904.99,1904.98999,199096152,akshare.stock_hk_index_daily_sina(HSMPI)
2023-05-15,1900.32,1930.59,1864.37,1920.14002,312405619,akshare.stock_hk_index_daily_sina(HSMPI)
2023-05-16,1929.42,1933.54,1876.13,1889.04004,298763764,akshare.stock_hk_index_daily_sina(HSMPI)
2023-05-17,1881.71,1887.68,1799.63,1802.55005,407720533,akshare.stock_hk_index_daily_sina(HSMPI)
2023-05-18,1810.44,1819.8,1779.12,1790.68994,266525921,akshare.stock_hk_index_daily_sina(HSMPI)
2023-05-19,1781.37,1784.17,1745.45,1754.33997,327895599,akshare.stock_hk_index_daily_sina(HSMPI)
2023-05-22,1759.07,1797.9,1744.64,1762.46997,177788699,akshare.stock_hk_index_daily_sina(HSMPI)
2023-05-23,1770.85,1779.37,1732.79,1742.32996,182078388,akshare.stock_hk_index_daily_sina(HSMPI)
2023-05-24,1738.09,1738.09,1677.62,1689.09998,211701115,akshare.stock_hk_index_daily_sina(HSMPI)
2023-05-25,1678.98,1678.98,1645.83,1663.39002,294754754,akshare.stock_hk_index_daily_sina(HSMPI)
2023-05-29,1668.73,1675.73,1640.81,1644.20996,151907894,akshare.stock_hk_index_daily_sina(HSMPI)
2023-05-30,1644.71,1659.12,1597.64,1653.73999,273234712,akshare.stock_hk_index_daily_sina(HSMPI)
2023-05-31,1626.35,1629.59,1583.93,1604.66003,266238985,akshare.stock_hk_index_daily_sina(HSMPI)
2023-06-01,1597.54,1612.94,1569.7,1577.04004,254603839,akshare.stock_hk_index_daily_sina(HSMPI)
2023-06-02,1584.9,1727.82,1584.9,1721.76001,698954186,akshare.stock_hk_index_daily_sina(HSMPI)
2023-06-05,1717.3,1718.99,1667.02,1706.56995,246783580,akshare.stock_hk_index_daily_sina(HSMPI)
2023-06-06,1707.5,1840.84,1707.5,1782.63001,461619496,akshare.stock_hk_index_daily_sina(HSMPI)
2023-06-07,1813.71,1826.96,1764.57,1787.89002,254308948,akshare.stock_hk_index_daily_sina(HSMPI)
2023-06-08,1796.02,1854.78,1768.54,1840.19995,486626612,akshare.stock_hk_index_daily_sina(HSMPI)
2023-06-09,1838.42,1843.83,1804.39,1817.84998,319532287,akshare.stock_hk_index_daily_sina(HSMPI)
2023-06-12,1820.74,1820.74,1773.98,1803.69995,182340434,akshare.stock_hk_index_daily_sina(HSMPI)
2023-06-13,1798.34,1850.44,1794.65,1845.89002,335731977,akshare.stock_hk_index_daily_sina(HSMPI)
2023-06-14,1852.25,1873.36,1818.87,1828.76001,225212754,akshare.stock_hk_index_daily_sina(HSMPI)
2023-06-15,1854.32,1903.91,1847.81,1892.15002,332804649,akshare.stock_hk_index_daily_sina(HSMPI)
2023-06-16,1893.07,1929.61,1865.93,1904.55005,333827695,akshare.stock_hk_index_daily_sina(HSMPI)
2023-06-19,1898.51,1898.62,1853.84,1883.32996,272756089,akshare.stock_hk_index_daily_sina(HSMPI)
2023-06-20,1874.2,1874.2,1802.87,1810.87,321551617,akshare.stock_hk_index_daily_sina(HSMPI)
2023-06-21,1793.71,1797.8,1756.37,1767.47998,205343016,akshare.stock_hk_index_daily_sina(HSMPI)
2023-06-23,1768.23,1768.23,1715.4,1729.93994,112331007,akshare.stock_hk_index_daily_sina(HSMPI)
2023-06-26,1743.51,1758.82,1706.33,1713.42004,170691236,akshare.stock_hk_index_daily_sina(HSMPI)
2023-06-27,1721.16,1822.61,1705.42,1816.97998,285943111,akshare.stock_hk_index_daily_sina(HSMPI)
2023-06-28,1812.52,1835.62,1792.32,1831.27002,168410135,akshare.stock_hk_index_daily_sina(HSMPI)
2023-06-29,1837.66,1837.66,1785.35,1793.89002,209607524,akshare.stock_hk_index_daily_sina(HSMPI)
2023-06-30,1787.88,1849.78,1787.88,1802.06006,220986919,akshare.stock_hk_index_daily_sina(HSMPI)
2023-07-03,1799.9,1841.35,1799.9,1826.37,173269878,akshare.stock_hk_index_daily_sina(HSMPI)
2023-07-04,1821.2,1832.61,1807.31,1832.33997,125428084,akshare.stock_hk_index_daily_sina(HSMPI)
2023-07-05,1820.53,1822.42,1787.02,1792.34998,252298357,akshare.stock_hk_index_daily_sina(HSMPI)
2023-07-06,1789.11,1789.11,1731.14,1744.21997,222947726,akshare.stock_hk_index_daily_sina(HSMPI)
2023-07-07,1719.79,1736.95,1700.65,1713.21997,194858629,akshare.stock_hk_index_daily_sina(HSMPI)
2023-07-10,1749.03,1749.99,1688.5,1702.46997,172558626,akshare.stock_hk_index_daily_sina(HSMPI)
2023-07-11,1728.03,1757.1,1698.25,1702.71997,274185804,akshare.stock_hk_index_daily_sina(HSMPI)
2023-07-12,1717.63,1717.63,1693.93,1702.29004,173680472,akshare.stock_hk_index_daily_sina(HSMPI)
2023-07-13,1723.03,1758.75,1723.03,1745.40002,286699436,akshare.stock_hk_index_daily_sina(HSMPI)
2023-07-14,1751.23,1755.51,1714.38,1725.05005,161224523,akshare.stock_hk_index_daily_sina(HSMPI)
2023-07-18,1715.46,1715.46,1621.77,1630.54004,426771170,akshare.stock_hk_index_daily_sina(HSMPI)
2023-07-19,1620.75,1660.63,1608.27,1652.18005,249477149,akshare.stock_hk_index_daily_sina(HSMPI)
2023-07-20,1657.42,1712.39,1657.42,1688.91003,379518964,akshare.stock_hk_index_daily_sina(HSMPI)
2023-07-21,1689.43,1722.54,1672.56,1675.47998,402327469,akshare.stock_hk_index_daily_sina(HSMPI)
2023-07-24,1666.87,1666.87,1561.4,1567.90002,613379350,akshare.stock_hk_index_daily_sina(HSMPI)
2023-07-25,1680.57,1797.15,1680.57,1789.62,1206826859,akshare.stock_hk_index_daily_sina(HSMPI)
2023-07-26,1787.78,1801.56,1748.85,1758.33997,621875714,akshare.stock_hk_index_daily_sina(HSMPI)
2023-07-27,1773.11,1865.6,1755.9,1847.44995,843492521,akshare.stock_hk_index_daily_sina(HSMPI)
2023-07-28,1831.95,1917.03,1821.55,1893.18005,799150879,akshare.stock_hk_index_daily_sina(HSMPI)
2023-07-31,1917.13,2013.96,1852.38,1859.81006,1222203080,akshare.stock_hk_index_daily_sina(HSMPI)
2023-08-01,1836.17,1898.8,1807.5,1814.46997,828140408,akshare.stock_hk_index_daily_sina(HSMPI)
2023-08-02,1847.87,1903.11,1802.55,1812.93005,729387481,akshare.stock_hk_index_daily_sina(HSMPI)
2023-08-03,1809.26,1842.71,1775.13,1810.51001,373995384,akshare.stock_hk_index_daily_sina(HSMPI)
2023-08-04,1861.07,1901.7,1812.61,1823.96997,687434559,akshare.stock_hk_index_daily_sina(HSMPI)
2023-08-07,1809.54,1809.54,1755.66,1770.27002,620143103,akshare.stock_hk_index_daily_sina(HSMPI)
2023-08-08,1753.73,1753.73,1666.96,1685.96997,1282245708,akshare.stock_hk_index_daily_sina(HSMPI)
2023-08-09,1664.37,1696.83,1660.05,1690.73999,753272780,akshare.stock_hk_index_daily_sina(HSMPI)
2023-08-10,1673.17,1675.73,1640.3,1655.51001,846619657,akshare.stock_hk_index_daily_sina(HSMPI)
2023-08-11,1640.34,1656.91,1596.36,1641.59998,1515675536,akshare.stock_hk_index_daily_sina(HSMPI)
2023-08-14,1598.33,1598.33,1563.02,1581.5,1720088410,akshare.stock_hk_index_daily_sina(HSMPI)
2023-08-15,1581.86,1610.75,1553.63,1565.78003,998385857,akshare.stock_hk_index_daily_sina(HSMPI)
2023-08-16,1554.01,1599.52,1534.09,1574.02002,869254402,akshare.stock_hk_index_daily_sina(HSMPI)
2023-08-17,1558.24,1559.63,1519.55,1546.44995,719867735,akshare.stock_hk_index_daily_sina(HSMPI)
2023-08-18,1542.79,1562.21,1509.19,1513.38001,663366739,akshare.stock_hk_index_daily_sina(HSMPI)
2023-08-21,1503.16,1513.65,1476.07,1477.34998,813967777,akshare.stock_hk_index_daily_sina(HSMPI)
2023-08-22,1475.79,1497.96,1454.81,1483.82996,677817592,akshare.stock_hk_index_daily_sina(HSMPI)
2023-08-23,1485.73,1489.71,1458.54,1476.56006,714632700,akshare.stock_hk_index_daily_sina(HSMPI)
2023-08-24,1485.45,1528.8,1472.06,1524.97998,761816687,akshare.stock_hk_index_daily_sina(HSMPI)
2023-08-25,1518.89,1571.77,1506.95,1546.81006,922491860,akshare.stock_hk_index_daily_sina(HSMPI)
2023-08-28,1631.2,1643.13,1540.48,1548.55005,1082397663,akshare.stock_hk_index_daily_sina(HSMPI)
2023-08-29,1558.5,1644.25,1554.7,1640.09998,1022896000,akshare.stock_hk_index_daily_sina(HSMPI)
2023-08-30,1648.01,1694.97,1632.08,1644.46997,797256832,akshare.stock_hk_index_daily_sina(HSMPI)
2023-08-31,1670.29,1687.95,1602.85,1613.03003,720196243,akshare.stock_hk_index_daily_sina(HSMPI)
2023-09-04,1671.42,1782.81,1671.42,1745.40002,2022085947,akshare.stock_hk_index_daily_sina(HSMPI)
2023-09-05,1742.42,1743.05,1684.69,1696.02002,983060147,akshare.stock_hk_index_daily_sina(HSMPI)
2023-09-06,1690.1,1781.16,1670.99,1756.51001,2668881376,akshare.stock_hk_index_daily_sina(HSMPI)
2023-09-07,1772.1,1779.72,1706.15,1706.72998,2081707143,akshare.stock_hk_index_daily_sina(HSMPI)
2023-09-11,1695.44,1701.71,1640.92,1676.87,1506998800,akshare.stock_hk_index_daily_sina(HSMPI)
2023-09-12,1673.66,1704.28,1633.28,1677.32996,1330199080,akshare.stock_hk_index_daily_sina(HSMPI)
2023-09-13,1696.4,1715.45,1671.69,1678.79004,1487741889,akshare.stock_hk_index_daily_sina(HSMPI)
2023-09-14,1681.45,1683.5,1634.27,1650.76001,709686922,akshare.stock_hk_index_daily_sina(HSMPI)
2023-09-15,1666.88,1672.25,1638.55,1646.44995,506214044,akshare.stock_hk_index_daily_sina(HSMPI)
2023-09-18,1638.74,1638.74,1593.34,1613.84998,581892040,akshare.stock_hk_index_daily_sina(HSMPI)
2023-09-19,1619.18,1624.99,1595.03,1613.04004,382635006,akshare.stock_hk_index_daily_sina(HSMPI)
2023-09-20,1607.23,1618.73,1586.94,1603.92004,260921812,akshare.stock_hk_index_daily_sina(HSMPI)
2023-09-21,1605.18,1610.99,1580.89,1584.32996,310114424,akshare.stock_hk_index_daily_sina(HSMPI)
2023-09-22,1573.35,1622.1,1557.49,1618.57996,631340885,akshare.stock_hk_index_daily_sina(HSMPI)
2023-09-25,1618.84,1618.84,1548.17,1550.03003,607002462,akshare.stock_hk_index_daily_sina(HSMPI)
2023-09-26,1551.11,1552.97,1511.33,1516.38001,439032205,akshare.stock_hk_index_daily_sina(HSMPI)
2023-09-27,1518.25,1540.03,1505.49,1513.07996,1104983775,akshare.stock_hk_index_daily_sina(HSMPI)
2023-09-28,1517.41,1519.95,1484.85,1492.0,660674264,akshare.stock_hk_index_daily_sina(HSMPI)
2023-09-29,1495.92,1548.5,1491.52,1543.90002,300595597,akshare.stock_hk_index_daily_sina(HSMPI)
2023-10-03,1517.18,1517.18,1469.23,1487.92004,190659850,akshare.stock_hk_index_daily_sina(HSMPI)
2023-10-04,1484.4,1485.78,1458.26,1472.93994,158492885,akshare.stock_hk_index_daily_sina(HSMPI)
2023-10-05,1476.16,1492.88,1462.58,1475.68005,125484421,akshare.stock_hk_index_daily_sina(HSMPI)
2023-10-06,1479.88,1515.01,1479.88,1502.90002,114726149,akshare.stock_hk_index_daily_sina(HSMPI)
2023-10-09,1497.93,1502.42,1461.36,1477.41003,304587151,akshare.stock_hk_index_daily_sina(HSMPI)
2023-10-10,1496.91,1518.0,1461.73,1464.73999,651832031,akshare.stock_hk_index_daily_sina(HSMPI)
2023-10-11,1488.87,1509.72,1472.2,1491.93994,578391422,akshare.stock_hk_index_daily_sina(HSMPI)
2023-10-12,1514.91,1523.12,1492.66,1509.81006,285889414,akshare.stock_hk_index_daily_sina(HSMPI)
2023-10-13,1489.73,1504.43,1465.79,1469.45996,229659714,akshare.stock_hk_index_daily_sina(HSMPI)
2023-10-16,1467.67,1468.92,1431.74,1439.53003,326942447,akshare.stock_hk_index_daily_sina(HSMPI)
2023-10-17,1449.67,1459.4,1433.06,1445.09998,264368069,akshare.stock_hk_index_daily_sina(HSMPI)
2023-10-18,1442.45,1446.13,1425.06,1434.96997,399833336,akshare.stock_hk_index_daily_sina(HSMPI)
2023-10-19,1422.45,1422.45,1388.8,1399.29004,362580452,akshare.stock_hk_index_daily_sina(HSMPI)
2023-10-20,1396.98,1443.39,1381.72,1408.72998,726735332,akshare.stock_hk_index_daily_sina(HSMPI)
2023-10-24,1401.92,1407.48,1377.1,1386.54004,457509301,akshare.stock_hk_index_daily_sina(HSMPI)
2023-10-25,1423.1,1439.57,1402.84,1409.21997,380700411,akshare.stock_hk_index_daily_sina(HSMPI)
2023-10-26,1415.55,1415.55,1372.78,1389.75,421105382,akshare.stock_hk_index_daily_sina(HSMPI)
2023-10-27,1401.26,1447.45,1385.72,1438.84998,309580906,akshare.stock_hk_index_daily_sina(HSMPI)
2023-10-30,1424.46,1445.3,1418.28,1442.29004,197062776,akshare.stock_hk_index_daily_sina(HSMPI)
2023-10-31,1439.95,1439.95,1394.87,1400.56006,220428440,akshare.stock_hk_index_daily_sina(HSMPI)
2023-11-01,1404.54,1409.99,1392.29,1395.38001,221384797,akshare.stock_hk_index_daily_sina(HSMPI)
2023-11-02,1406.16,1429.47,1395.01,1402.90002,226004108,akshare.stock_hk_index_daily_sina(HSMPI)
2023-11-03,1407.48,1423.77,1400.12,1422.07996,237191380,akshare.stock_hk_index_daily_sina(HSMPI)
2023-11-06,1433.6,1482.53,1433.6,1470.08997,583166114,akshare.stock_hk_index_daily_sina(HSMPI)
2023-11-07,1463.14,1468.72,1423.44,1425.08997,231089675,akshare.stock_hk_index_daily_sina(HSMPI)
2023-11-08,1430.69,1477.26,1413.3,1463.95996,1427252427,akshare.stock_hk_index_daily_sina(HSMPI)
2023-11-09,1457.09,1457.09,1403.03,1403.03003,844498933,akshare.stock_hk_index_daily_sina(HSMPI)
2023-11-10,1389.91,1395.01,1368.42,1381.44995,320429852,akshare.stock_hk_index_daily_sina(HSMPI)
2023-11-13,1385.44,1391.66,1360.22,1382.66003,214310979,akshare.stock_hk_index_daily_sina(HSMPI)
2023-11-14,1383.44,1416.47,1379.05,1402.65002,254373173,akshare.stock_hk_index_daily_sina(HSMPI)
2023-11-15,1445.54,1477.64,1441.61,1477.64002,596444352,akshare.stock_hk_index_daily_sina(HSMPI)
2023-11-16,1485.91,1485.91,1448.58,1457.92004,294075773,akshare.stock_hk_index_daily_sina(HSMPI)
2023-11-17,1449.65,1450.41,1421.41,1435.03003,210172664,akshare.stock_hk_index_daily_sina(HSMPI)
2023-11-20,1452.05,1462.15,1432.56,1456.47998,300788396,akshare.stock_hk_index_daily_sina(HSMPI)
2023-11-21,1482.0,1540.66,1482.0,1487.06006,933629002,akshare.stock_hk_index_daily_sina(HSMPI)
2023-11-22,1493.19,1516.31,1490.26,1501.95996,405338128,akshare.stock_hk_index_daily_sina(HSMPI)
2023-11-23,1511.49,1598.14,1490.77,1598.14002,2463241438,akshare.stock_hk_index_daily_sina(HSMPI)
2023-11-24,1600.76,1600.76,1557.78,1563.16003,1232817742,akshare.stock_hk_index_daily_sina(HSMPI)
2023-11-27,1575.88,1575.88,1496.16,1523.94995,731299502,akshare.stock_hk_index_daily_sina(HSMPI)
2023-11-28,1528.36,1536.13,1492.99,1497.40002,617207456,akshare.stock_hk_index_daily_sina(HSMPI)
2023-11-29,1501.91,1503.19,1411.05,1436.29004,483389466,akshare.stock_hk_index_daily_sina(HSMPI)
2023-11-30,1437.68,1459.02,1427.53,1452.31995,703687199,akshare.stock_hk_index_daily_sina(HSMPI)
2023-12-01,1454.5,1473.24,1422.07,1439.01001,429277635,akshare.stock_hk_index_daily_sina(HSMPI)
2023-12-04,1446.32,1453.03,1407.74,1409.06006,273571944,akshare.stock_hk_index_daily_sina(HSMPI)
2023-12-05,1420.98,1420.98,1357.77,1367.81006,318264049,akshare.stock_hk_index_daily_sina(HSMPI)
2023-12-06,1378.43,1396.64,1368.81,1377.23999,358547472,akshare.stock_hk_index_daily_sina(HSMPI)
2023-12-07,1375.78,1383.94,1355.88,1379.04004,277258934,akshare.stock_hk_index_daily_sina(HSMPI)
2023-12-08,1386.56,1389.42,1342.67,1348.47998,398696941,akshare.stock_hk_index_daily_sina(HSMPI)
2023-12-11,1338.07,1338.34,1306.78,1331.48999,414288462,akshare.stock_hk_index_daily_sina(HSMPI)
2023-12-12,1343.56,1402.57,1333.43,1391.80005,655852591,akshare.stock_hk_index_daily_sina(HSMPI)
2023-12-13,1384.41,1384.41,1351.5,1357.84998,300931763,akshare.stock_hk_index_daily_sina(HSMPI)
2023-12-14,1381.24,1405.22,1367.63,1374.56995,457559689,akshare.stock_hk_index_daily_sina(HSMPI)
2023-12-15,1403.4,1447.34,1403.4,1426.79004,711304223,akshare.stock_hk_index_daily_sina(HSMPI)
2023-12-18,1411.43,1414.98,1387.04,1394.57996,243746200,akshare.stock_hk_index_daily_sina(HSMPI)
2023-12-19,1381.81,1381.81,1340.8,1349.22998,493076244,akshare.stock_hk_index_daily_sina(HSMPI)
2023-12-20,1362.64,1387.79,1360.57,1370.13001,244634967,akshare.stock_hk_index_daily_sina(HSMPI)
2023-12-21,1362.69,1385.51,1359.34,1381.57996,203235696,akshare.stock_hk_index_daily_sina(HSMPI)
2023-12-22,1389.95,1399.34,1354.95,1361.67004,313882676,akshare.stock_hk_index_daily_sina(HSMPI)
2023-12-27,1372.32,1375.99,1325.11,1354.54004,272529476,akshare.stock_hk_index_daily_sina(HSMPI)
2023-12-28,1359.88,1419.55,1353.18,1418.57996,355411718,akshare.stock_hk_index_daily_sina(HSMPI)
2023-12-29,1413.46,1437.05,1411.65,1430.67004,151402700,akshare.stock_hk_index_daily_sina(HSMPI)
2024-01-02,1433.0,1435.52,1362.6,1369.81995,189902168,akshare.stock_hk_index_daily_sina(HSMPI)
2024-01-03,1367.32,1369.12,1333.0,1341.83997,357299666,akshare.stock_hk_index_daily_sina(HSMPI)
2024-01-04,1341.85,1353.13,1321.13,1343.47998,139759775,akshare.stock_hk_index_daily_sina(HSMPI)
2024-01-05,1341.53,1373.9,1322.77,1338.69995,175319654,akshare.stock_hk_index_daily_sina(HSMPI)
2024-01-08,1347.01,1348.3,1302.21,1309.13001,151984213,akshare.stock_hk_index_daily_sina(HSMPI)
2024-01-09,1312.49,1323.23,1298.09,1298.08997,154957294,akshare.stock_hk_index_daily_sina(HSMPI)
2024-01-10,1295.22,1315.57,1287.16,1294.04004,132067188,akshare.stock_hk_index_daily_sina(HSMPI)
2024-01-11,1293.24,1328.06,1283.94,1308.84998,180491969,akshare.stock_hk_index_daily_sina(HSMPI)
2024-01-12,1305.53,1317.39,1281.27,1284.58997,158146660,akshare.stock_hk_index_daily_sina(HSMPI)
2024-01-15,1290.25,1290.25,1256.59,1267.62,189579106,akshare.stock_hk_index_daily_sina(HSMPI)
2024-01-16,1256.93,1272.36,1222.38,1226.96997,393031476,akshare.stock_hk_index_daily_sina(HSMPI)
2024-01-17,1222.71,1222.71,1151.29,1161.38001,473570569,akshare.stock_hk_index_daily_sina(HSMPI)
2024-01-18,1164.53,1177.35,1150.07,1173.05005,340297524,akshare.stock_hk_index_daily_sina(HSMPI)
2024-01-19,1173.41,1183.12,1150.35,1163.88001,242987077,akshare.stock_hk_index_daily_sina(HSMPI)
2024-01-22,1164.77,1164.77,1075.11,1083.07996,373480656,akshare.stock_hk_index_daily_sina(HSMPI)
2024-01-23,1091.24,1151.48,1091.24,1138.06995,383647133,akshare.stock_hk_index_daily_sina(HSMPI)
2024-01-24,1153.73,1181.4,1124.81,1179.52002,446973789,akshare.stock_hk_index_daily_sina(HSMPI)
2024-01-25,1188.69,1235.29,1168.27,1230.93005,655109064,akshare.stock_hk_index_daily_sina(HSMPI)
2024-01-26,1229.74,1255.64,1213.66,1216.34998,411491000,akshare.stock_hk_index_daily_sina(HSMPI)
2024-01-29,1231.98,1268.68,1216.95,1226.51001,467673235,akshare.stock_hk_index_daily_sina(HSMPI)
2024-01-30,1219.51,1219.51,1175.42,1183.05005,263348891,akshare.stock_hk_index_daily_sina(HSMPI)
2024-01-31,1184.07,1188.42,1147.46,1157.81995,381282552,akshare.stock_hk_index_daily_sina(HSMPI)
2024-02-01,1154.24,1173.85,1137.23,1155.26001,246900202,akshare.stock_hk_index_daily_sina(HSMPI)
2024-02-02,1167.34,1215.65,1156.19,1170.15002,341364569,akshare.stock_hk_index_daily_sina(HSMPI)
2024-02-05,1165.56,1178.79,1132.77,1161.79004,306144729,akshare.stock_hk_index_daily_sina(HSMPI)
2024-02-06,1153.89,1221.39,1153.89,1217.76001,418824254,akshare.stock_hk_index_daily_sina(HSMPI)
2024-02-07,1226.55,1233.18,1174.9,1182.45996,311412973,akshare.stock_hk_index_daily_sina(HSMPI)
2024-02-08,1184.33,1210.16,1180.7,1200.41003,255597166,akshare.stock_hk_index_daily_sina(HSMPI)
2024-02-09,1186.58,1188.0,1147.2,1162.63001,74160026,akshare.stock_hk_index_daily_sina(HSMPI)
2024-02-14,1148.77,1173.53,1128.87,1173.53003,121420380,akshare.stock_hk_index_daily_sina(HSMPI)
2024-02-15,1168.77,1172.13,1133.29,1167.31995,100937226,akshare.stock_hk_index_daily_sina(HSMPI)
2024-02-16,1171.2,1247.6,1165.6,1246.22998,292728916,akshare.stock_hk_index_daily_sina(HSMPI)
2024-02-19,1234.42,1239.09,1205.77,1215.97998,265208455,akshare.stock_hk_index_daily_sina(HSMPI)
2024-02-20,1228.49,1241.54,1204.21,1226.02002,275585556,akshare.stock_hk_index_daily_sina(HSMPI)
2024-02-21,1223.71,1287.14,1210.98,1272.83997,497220118,akshare.stock_hk_index_daily_sina(HSMPI)
2024-02-22,1267.01,1283.9,1250.75,1283.90002,224739331,akshare.stock_hk_index_daily_sina(HSMPI)
2024-02-23,1276.01,1312.93,1269.86,1302.40002,311192116,akshare.stock_hk_index_daily_sina(HSMPI)
2024-02-26,1301.15,1315.49,1267.39,1301.78003,346672689,akshare.stock_hk_index_daily_sina(HSMPI)
2024-02-27,1301.36,1305.81,1264.23,1299.78003,288065662,akshare.stock_hk_index_daily_sina(HSMPI)
2024-02-28,1292.22,1293.0,1249.15,1251.80005,917120865,akshare.stock_hk_index_daily_sina(HSMPI)
2024-02-29,1249.65,1281.06,1244.82,1257.31006,377019513,akshare.stock_hk_index_daily_sina(HSMPI)
2024-03-01,1252.33,1259.1,1227.59,1229.79004,287792079,akshare.stock_hk_index_daily_sina(HSMPI)
2024-03-04,1229.82,1232.24,1183.95,1192.69995,873369261,akshare.stock_hk_index_daily_sina(HSMPI)
2024-03-05,1185.17,1185.27,1155.24,1163.73999,676859500,akshare.stock_hk_index_daily_sina(HSMPI)
2024-03-06,1163.91,1181.33,1148.02,1170.35999,419689224,akshare.stock_hk_index_daily_sina(HSMPI)
2024-03-07,1171.96,1179.94,1136.53,1148.63001,450540895,akshare.stock_hk_index_daily_sina(HSMPI)
2024-03-08,1146.06,1175.26,1146.06,1155.83997,303314781,akshare.stock_hk_index_daily_sina(HSMPI)
2024-03-11,1154.44,1176.79,1146.36,1176.79004,319339458,akshare.stock_hk_index_daily_sina(HSMPI)
2024-03-12,1182.93,1284.81,1173.67,1270.30005,1030150256,akshare.stock_hk_index_daily_sina(HSMPI)
2024-03-13,1264.62,1274.82,1250.59,1256.16003,488372469,akshare.stock_hk_index_daily_sina(HSMPI)
2024-03-14,1257.95,1290.17,1248.31,1264.58997,550491259,akshare.stock_hk_index_daily_sina(HSMPI)
2024-03-15,1248.35,1255.78,1220.26,1240.10999,510970422,akshare.stock_hk_index_daily_sina(HSMPI)
2024-03-18,1241.2,1246.77,1211.01,1214.21997,315823528,akshare.stock_hk_index_daily_sina(HSMPI)
2024-03-19,1210.02,1210.02,1179.76,1179.76001,460632391,akshare.stock_hk_index_daily_sina(HSMPI)
2024-03-20,1187.82,1199.24,1175.16,1194.47998,229888558,akshare.stock_hk_index_daily_sina(HSMPI)
2024-03-21,1205.87,1258.64,1205.87,1234.14002,315932283,akshare.stock_hk_index_daily_sina(HSMPI)
2024-03-22,1235.51,1235.51,1180.13,1202.81006,333213378,akshare.stock_hk_index_daily_sina(HSMPI)
2024-03-25,1205.26,1243.73,1189.96,1219.76001,284090555,akshare.stock_hk_index_daily_sina(HSMPI)
2024-03-26,1235.12,1266.26,1222.58,1227.68005,257697571,akshare.stock_hk_index_daily_sina(HSMPI)
2024-03-27,1222.27,1244.95,1213.6,1220.67004,452762688,akshare.stock_hk_index_daily_sina(HSMPI)
2024-03-28,1214.7,1237.46,1195.7,1229.18005,304207995,akshare.stock_hk_index_daily_sina(HSMPI)
2024-04-02,1243.35,1268.26,1243.35,1252.54004,301050584,akshare.stock_hk_index_daily_sina(HSMPI)
2024-04-03,1247.86,1264.39,1229.49,1232.96997,197004867,akshare.stock_hk_index_daily_sina(HSMPI)
2024-04-05,1231.38,1238.81,1199.68,1219.91003,79439752,akshare.stock_hk_index_daily_sina(HSMPI)
2024-04-08,1219.64,1239.76,1210.86,1217.79004,159315534,akshare.stock_hk_index_daily_sina(HSMPI)
2024-04-09,1220.3,1249.08,1218.92,1223.16003,103601341,akshare.stock_hk_index_daily_sina(HSMPI)
2024-04-10,1228.46,1244.18,1220.35,1232.94995,136586735,akshare.stock_hk_index_daily_sina(HSMPI)
2024-04-11,1210.66,1236.31,1198.61,1229.56006,168701116,akshare.stock_hk_index_daily_sina(HSMPI)
2024-04-12,1224.63,1231.29,1180.77,1183.13001,190157658,akshare.stock_hk_index_daily_sina(HSMPI)
2024-04-15,1172.4,1182.68,1157.15,1170.18005,131051961,akshare.stock_hk_index_daily_sina(HSMPI)
2024-04-16,1161.4,1177.66,1143.51,1156.37,545416339,akshare.stock_hk_index_daily_sina(HSMPI)
2024-04-17,1154.75,1174.49,1148.78,1157.81006,266030472,akshare.stock_hk_index_daily_sina(HSMPI)
2024-04-18,1157.81,1179.52,1148.93,1160.75,160708031,akshare.stock_hk_index_daily_sina(HSMPI)
2024-04-19,1153.95,1159.76,1134.51,1153.68005,158552355,akshare.stock_hk_index_daily_sina(HSMPI)
2024-04-22,1167.59,1185.43,1148.44,1169.89002,186113205,akshare.stock_hk_index_daily_sina(HSMPI)
2024-04-23,1177.92,1192.61,1170.92,1185.31006,165490345,akshare.stock_hk_index_daily_sina(HSMPI)
2024-04-24,1195.31,1221.68,1186.46,1210.70996,222490325,akshare.stock_hk_index_daily_sina(HSMPI)
2024-04-25,1211.42,1250.46,1211.42,1235.95996,240019405,akshare.stock_hk_index_daily_sina(HSMPI)
2024-04-26,1238.69,1322.8,1238.69,1314.28003,551797121,akshare.stock_hk_index_daily_sina(HSMPI)
2024-04-29,1323.28,1396.07,1321.09,1362.18994,1233458939,akshare.stock_hk_index_daily_sina(HSMPI)
2024-04-30,1361.21,1379.86,1347.33,1369.39002,577300683,akshare.stock_hk_index_daily_sina(HSMPI)
2024-05-02,1362.61,1433.66,1359.44,1430.88001,234124059,akshare.stock_hk_index_daily_sina(HSMPI)
2024-05-03,1456.91,1485.47,1436.32,1462.06995,177591287,akshare.stock_hk_index_daily_sina(HSMPI)
2024-05-06,1453.98,1461.54,1429.86,1436.02002,400104988,akshare.stock_hk_index_daily_sina(HSMPI)
2024-05-07,1432.19,1457.88,1425.04,1446.81995,295525227,akshare.stock_hk_index_daily_sina(HSMPI)
2024-05-08,1446.55,1449.09,1385.11,1388.18994,289188517,akshare.stock_hk_index_daily_sina(HSMPI)
2024-05-09,1401.18,1439.25,1398.75,1416.37,456633907,akshare.stock_hk_index_daily_sina(HSMPI)
2024-05-10,1421.74,1480.08,1407.0,1475.60999,1490707367,akshare.stock_hk_index_daily_sina(HSMPI)
2024-05-13,1473.29,1478.8,1438.0,1471.79004,668067399,akshare.stock_hk_index_daily_sina(HSMPI)
2024-05-14,1481.45,1509.67,1464.16,1467.75,378922073,akshare.stock_hk_index_daily_sina(HSMPI)
2024-05-16,1504.84,1560.42,1499.81,1539.93005,1849990970,akshare.stock_hk_index_daily_sina(HSMPI)
2024-05-17,1562.51,1627.72,1526.49,1621.66003,1784603104,akshare.stock_hk_index_daily_sina(HSMPI)
2024-05-20,1620.55,1625.73,1582.08,1610.09998,803938076,akshare.stock_hk_index_daily_sina(HSMPI)
2024-05-21,1600.1,1618.35,1577.31,1582.07996,543150170,akshare.stock_hk_index_daily_sina(HSMPI)
2024-05-22,1586.95,1635.59,1571.9,1585.71997,616158275,akshare.stock_hk_index_daily_sina(HSMPI)
2024-05-23,1573.79,1584.3,1552.43,1565.02002,481733025,akshare.stock_hk_index_daily_sina(HSMPI)
2024-05-24,1554.31,1555.13,1487.04,1497.58997,427723207,akshare.stock_hk_index_daily_sina(HSMPI)
2024-05-27,1493.64,1510.98,1460.55,1504.32996,365620454,akshare.stock_hk_index_daily_sina(HSMPI)
2024-05-28,1513.81,1531.8,1474.57,1482.15002,397563915,akshare.stock_hk_index_daily_sina(HSMPI)
2024-05-29,1473.71,1482.95,1450.34,1452.16003,274582492,akshare.stock_hk_index_daily_sina(HSMPI)
2024-05-30,1448.81,1449.25,1407.24,1416.72998,255674102,akshare.stock_hk_index_daily_sina(HSMPI)
2024-05-31,1429.06,1435.56,1376.91,1381.40002,472444883,akshare.stock_hk_index_daily_sina(HSMPI)
2024-06-03,1396.12,1425.63,1387.01,1407.91003,222826495,akshare.stock_hk_index_daily_sina(HSMPI)
2024-06-04,1406.1,1454.92,1406.1,1443.76001,411564665,akshare.stock_hk_index_daily_sina(HSMPI)
2024-06-05,1446.93,1453.59,1413.04,1416.52002,179489012,akshare.stock_hk_index_daily_sina(HSMPI)
2024-06-06,1429.07,1439.53,1379.47,1393.34998,359224233,akshare.stock_hk_index_daily_sina(HSMPI)
2024-06-07,1394.52,1423.67,1393.1,1399.46997,260734406,akshare.stock_hk_index_daily_sina(HSMPI)
2024-06-11,1396.65,1400.79,1365.09,1383.46997,273262679,akshare.stock_hk_index_daily_sina(HSMPI)
2024-06-12,1371.07,1371.07,1338.83,1342.98999,247750732,akshare.stock_hk_index_daily_sina(HSMPI)
2024-06-13,1348.62,1357.81,1332.84,1344.15002,156701622,akshare.stock_hk_index_daily_sina(HSMPI)
2024-06-14,1342.15,1384.33,1336.13,1362.40002,300601405,akshare.stock_hk_index_daily_sina(HSMPI)
2024-06-17,1357.05,1360.85,1334.33,1334.94995,157190973,akshare.stock_hk_index_daily_sina(HSMPI)
2024-06-18,1335.62,1340.02,1308.53,1310.21997,159062919,akshare.stock_hk_index_daily_sina(HSMPI)
2024-06-19,1315.91,1348.79,1315.91,1342.97998,136530953,akshare.stock_hk_index_daily_sina(HSMPI)
2024-06-20,1339.5,1341.23,1303.58,1308.93005,200374936,akshare.stock_hk_index_daily_sina(HSMPI)
2024-06-21,1307.97,1311.01,1289.63,1295.81995,181948765,akshare.stock_hk_index_daily_sina(HSMPI)
2024-06-24,1295.79,1295.79,1270.22,1290.04004,170333825,akshare.stock_hk_index_daily_sina(HSMPI)
2024-06-25,1288.0,1322.38,1280.31,1305.89002,184514968,akshare.stock_hk_index_daily_sina(HSMPI)
2024-06-26,1297.46,1316.08,1290.63,1307.68994,114647245,akshare.stock_hk_index_daily_sina(HSMPI)
2024-06-27,1303.63,1314.73,1265.31,1272.12,143529179,akshare.stock_hk_index_daily_sina(HSMPI)
2024-06-28,1261.42,1286.74,1259.25,1261.89002,162787513,akshare.stock_hk_index_daily_sina(HSMPI)
2024-07-02,1285.94,1322.07,1283.28,1287.06995,216809299,akshare.stock_hk_index_daily_sina(HSMPI)
2024-07-03,1291.56,1335.69,1291.56,1326.31006,165973475,akshare.stock_hk_index_daily_sina(HSMPI)
2024-07-04,1331.43,1337.08,1309.09,1311.69995,110863600,akshare.stock_hk_index_daily_sina(HSMPI)
2024-07-05,1311.58,1316.75,1286.85,1291.57996,127662306,akshare.stock_hk_index_daily_sina(HSMPI)
2024-07-08,1291.49,1295.13,1256.74,1266.06995,172998024,akshare.stock_hk_index_daily_sina(HSMPI)
2024-07-09,1205.0,1218.81,1193.17,1205.44995,147399598,akshare.stock_hk_index_daily_sina(HSMPI)
2024-07-10,1205.21,1213.95,1193.83,1195.62,161227983,akshare.stock_hk_index_daily_sina(HSMPI)
2024-07-11,1205.34,1229.1,1205.34,1227.16003,162989809,akshare.stock_hk_index_daily_sina(HSMPI)
2024-07-12,1233.36,1294.92,1233.36,1274.44995,242468931,akshare.stock_hk_index_daily_sina(HSMPI)
2024-07-15,1272.16,1276.28,1232.82,1238.89002,77016821,akshare.stock_hk_index_daily_sina(HSMPI)
2024-07-16,1236.05,1243.49,1217.47,1219.18005,166249857,akshare.stock_hk_index_daily_sina(HSMPI)
2024-07-17,1226.09,1253.76,1226.09,1242.12,126350858,akshare.stock_hk_index_daily_sina(HSMPI)
2024-07-18,1246.23,1257.51,1232.81,1251.28003,118858143,akshare.stock_hk_index_daily_sina(HSMPI)
2024-07-19,1247.05,1247.05,1197.34,1198.58997,159933362,akshare.stock_hk_index_daily_sina(HSMPI)
2024-07-22,1205.04,1211.48,1182.42,1197.80005,100424726,akshare.stock_hk_index_daily_sina(HSMPI)
2024-07-23,1201.24,1209.72,1175.82,1179.22998,122997948,akshare.stock_hk_index_daily_sina(HSMPI)
2024-07-24,1183.2,1183.2,1156.89,1161.54004,117433279,akshare.stock_hk_index_daily_sina(HSMPI)
2024-07-25,1158.32,1171.16,1143.98,1148.58997,105116074,akshare.stock_hk_index_daily_sina(HSMPI)
2024-07-26,1150.15,1172.9,1148.35,1153.12,100264679,akshare.stock_hk_index_daily_sina(HSMPI)
2024-07-29,1161.91,1164.39,1127.95,1129.84998,100667704,akshare.stock_hk_index_daily_sina(HSMPI)
2024-07-30,1130.24,1130.24,1093.94,1096.51001,190655134,akshare.stock_hk_index_daily_sina(HSMPI)
2024-07-31,1101.33,1124.73,1095.69,1118.95996,172228663,akshare.stock_hk_index_daily_sina(HSMPI)
2024-08-01,1118.63,1125.76,1079.43,1083.54004,116007766,akshare.stock_hk_index_daily_sina(HSMPI)
2024-08-02,1079.15,1079.18,1060.2,1074.69995,118841340,akshare.stock_hk_index_daily_sina(HSMPI)
2024-08-05,1068.04,1090.07,1054.49,1075.51001,170406086,akshare.stock_hk_index_daily_sina(HSMPI)
2024-08-06,1091.2,1093.91,1072.25,1082.18994,136368394,akshare.stock_hk_index_daily_sina(HSMPI)
2024-08-07,1082.46,1096.75,1074.22,1087.31006,106530168,akshare.stock_hk_index_daily_sina(HSMPI)
2024-08-08,1086.49,1103.88,1068.68,1084.21997,167465492,akshare.stock_hk_index_daily_sina(HSMPI)
2024-08-09,1092.06,1121.89,1089.33,1101.79004,201145674,akshare.stock_hk_index_daily_sina(HSMPI)
2024-08-12,1105.38,1108.55,1086.42,1090.05005,116356378,akshare.stock_hk_index_daily_sina(HSMPI)
2024-08-13,1093.3,1094.79,1078.1,1085.31006,156076407,akshare.stock_hk_index_daily_sina(HSMPI)
2024-08-14,1087.75,1091.67,1072.37,1076.15002,102479999,akshare.stock_hk_index_daily_sina(HSMPI)
2024-08-15,1072.28,1086.95,1062.9,1077.18994,103573889,akshare.stock_hk_index_daily_sina(HSMPI)
2024-08-16,1083.3,1086.72,1069.27,1074.09998,105280461,akshare.stock_hk_index_daily_sina(HSMPI)
2024-08-19,1077.83,1097.8,1077.83,1086.87,118261405,akshare.stock_hk_index_daily_sina(HSMPI)
2024-08-20,1090.71,1094.83,1058.44,1064.84998,86519834,akshare.stock_hk_index_daily_sina(HSMPI)
2024-08-21,1061.25,1061.25,1041.65,1051.30005,122549957,akshare.stock_hk_index_daily_sina(HSMPI)
2024-08-22,1050.57,1057.74,1015.54,1035.58997,197677259,akshare.stock_hk_index_daily_sina(HSMPI)
2024-08-23,1030.93,1031.9,1012.78,1028.65002,129988469,akshare.stock_hk_index_daily_sina(HSMPI)
2024-08-26,1033.95,1059.6,1033.95,1054.93005,154420235,akshare.stock_hk_index_daily_sina(HSMPI)
2024-08-27,1051.11,1053.34,1033.48,1051.35999,94845477,akshare.stock_hk_index_daily_sina(HSMPI)
2024-08-28,1058.67,1063.3,1018.96,1024.32996,147785094,akshare.stock_hk_index_daily_sina(HSMPI)
2024-08-29,1019.97,1041.76,1015.07,1040.56006,124161128,akshare.stock_hk_index_daily_sina(HSMPI)
2024-08-30,1040.4,1124.93,1034.02,1084.20996,464414951,akshare.stock_hk_index_daily_sina(HSMPI)
2024-09-02,1075.75,1075.75,1028.68,1033.32996,196687128,akshare.stock_hk_index_daily_sina(HSMPI)
2024-09-03,1033.69,1057.45,1028.17,1042.80005,177058375,akshare.stock_hk_index_daily_sina(HSMPI)
2024-09-04,1035.28,1048.11,1028.77,1039.09998,123250194,akshare.stock_hk_index_daily_sina(HSMPI)
2024-09-05,1040.71,1056.77,1036.57,1054.92004,149681530,akshare.stock_hk_index_daily_sina(HSMPI)
2024-09-09,1044.61,1045.19,1008.47,1018.37,201366740,akshare.stock_hk_index_daily_sina(HSMPI)
2024-09-10,1019.14,1021.89,979.93,982.62,307600569,akshare.stock_hk_index_daily_sina(HSMPI)
2024-09-11,976.14,978.39,963.47,972.31,144321483,akshare.stock_hk_index_daily_sina(HSMPI)
2024-09-12,973.52,988.18,966.26,982.89002,97495542,akshare.stock_hk_index_daily_sina(HSMPI)
2024-09-13,982.77,1012.98,982.77,994.56,158464211,akshare.stock_hk_index_daily_sina(HSMPI)
2024-09-16,989.13,989.13,954.63,973.72998,72949237,akshare.stock_hk_index_daily_sina(HSMPI)
2024-09-17,973.17,987.66,967.26,984.17999,53819701,akshare.stock_hk_index_daily_sina(HSMPI)
2024-09-19,995.02,1046.48,995.02,1038.17004,275892396,akshare.stock_hk_index_daily_sina(HSMPI)
2024-09-20,1036.08,1067.0,1028.4,1061.09998,336522477,akshare.stock_hk_index_daily_sina(HSMPI)
2024-09-23,1057.74,1070.95,1049.72,1051.25,155557719,akshare.stock_hk_index_daily_sina(HSMPI)
2024-09-24,1072.6,1112.07,1069.34,1105.40002,378898314,akshare.stock_hk_index_daily_sina(HSMPI)
2024-09-25,1143.01,1156.68,1101.75,1104.56995,309466974,akshare.stock_hk_index_daily_sina(HSMPI)
2024-09-26,1114.18,1290.57,1105.61,1286.42004,745213316,akshare.stock_hk_index_daily_sina(HSMPI)
2024-09-27,1328.07,1387.04,1316.62,1386.20996,1095718787,akshare.stock_hk_index_daily_sina(HSMPI)
2024-09-30,1473.64,1535.59,1467.34,1475.08997,1210211493,akshare.stock_hk_index_daily_sina(HSMPI)
2024-10-02,1485.52,1733.21,1485.35,1694.65002,1651486349,akshare.stock_hk_index_daily_sina(HSMPI)
2024-10-03,1725.82,1725.82,1521.8,1595.03003,1254828987,akshare.stock_hk_index_daily_sina(HSMPI)
2024-10-04,1591.66,1650.22,1582.58,1613.46997,625409099,akshare.stock_hk_index_daily_sina(HSMPI)
2024-10-07,1629.35,1644.12,1568.42,1642.80005,633397779,akshare.stock_hk_index_daily_sina(HSMPI)
2024-10-08,1623.75,1623.75,1359.77,1389.02002,1097349482,akshare.stock_hk_index_daily_sina(HSMPI)
2024-10-09,1413.89,1442.66,1281.27,1343.63001,733042836,akshare.stock_hk_index_daily_sina(HSMPI)
2024-10-10,1378.41,1429.53,1348.31,1386.38001,533187957,akshare.stock_hk_index_daily_sina(HSMPI)
2024-10-14,1421.54,1440.35,1374.83,1414.84998,542808124,akshare.stock_hk_index_daily_sina(HSMPI)
2024-10-15,1407.81,1420.41,1342.44,1354.0,445765397,akshare.stock_hk_index_daily_sina(HSMPI)
2024-10-16,1368.5,1441.14,1368.5,1400.12,586344619,akshare.stock_hk_index_daily_sina(HSMPI)
2024-10-17,1394.86,1418.06,1302.96,1305.95996,575644257,akshare.stock_hk_index_daily_sina(HSMPI)
2024-10-18,1311.32,1366.0,1291.65,1352.21997,345059146,akshare.stock_hk_index_daily_sina(HSMPI)
2024-10-21,1341.64,1374.46,1339.96,1347.72998,208112401,akshare.stock_hk_index_daily_sina(HSMPI)
2024-10-22,1345.96,1369.55,1342.69,1353.58997,139316922,akshare.stock_hk_index_daily_sina(HSMPI)
2024-10-23,1359.76,1377.71,1342.06,1358.55005,202429567,akshare.stock_hk_index_daily_sina(HSMPI)
2024-10-24,1335.89,1339.6,1314.43,1319.18005,142500627,akshare.stock_hk_index_daily_sina(HSMPI)
2024-10-25,1316.81,1332.02,1315.19,1324.63001,162393520,akshare.stock_hk_index_daily_sina(HSMPI)
2024-10-28,1320.65,1359.11,1314.25,1353.67004,373240479,akshare.stock_hk_index_daily_sina(HSMPI)
2024-10-29,1357.77,1372.89,1326.93,1337.79004,205246550,akshare.stock_hk_index_daily_sina(HSMPI)
2024-10-30,1342.2,1366.81,1326.77,1338.15002,174995833,akshare.stock_hk_index_daily_sina(HSMPI)
2024-10-31,1335.76,1397.54,1332.66,1354.90002,282484300,akshare.stock_hk_index_daily_sina(HSMPI)
2024-11-01,1375.1,1406.63,1362.61,1388.15002,229518721,akshare.stock_hk_index_daily_sina(HSMPI)
2024-11-04,1391.27,1391.85,1355.33,1376.93994,157384642,akshare.stock_hk_index_daily_sina(HSMPI)
2024-11-05,1373.66,1415.1,1370.73,1414.91003,292457477,akshare.stock_hk_index_daily_sina(HSMPI)
2024-11-06,1402.82,1429.29,1369.81,1402.43994,328688682,akshare.stock_hk_index_daily_sina(HSMPI)
2024-11-07,1400.57,1464.97,1387.0,1458.57996,597213185,akshare.stock_hk_index_daily_sina(HSMPI)
2024-11-08,1475.89,1487.84,1420.99,1422.18005,387664384,akshare.stock_hk_index_daily_sina(HSMPI)
2024-11-11,1384.83,1388.86,1356.87,1376.82996,282836055,akshare.stock_hk_index_daily_sina(HSMPI)
2024-11-12,1373.18,1395.38,1332.69,1338.97998,224103024,akshare.stock_hk_index_daily_sina(HSMPI)
2024-11-13,1338.33,1346.64,1303.95,1319.64002,149680049,akshare.stock_hk_index_daily_sina(HSMPI)
2024-11-14,1321.37,1324.49,1265.13,1272.52002,238530794,akshare.stock_hk_index_daily_sina(HSMPI)
2024-11-15,1272.95,1283.82,1258.28,1267.82996,140829711,akshare.stock_hk_index_daily_sina(HSMPI)
2024-11-18,1278.66,1306.53,1266.9,1274.63001,116091446,akshare.stock_hk_index_daily_sina(HSMPI)
2024-11-19,1295.06,1295.06,1258.25,1271.60999,147378845,akshare.stock_hk_index_daily_sina(HSMPI)
2024-11-20,1271.61,1282.94,1263.22,1273.90002,122163519,akshare.stock_hk_index_daily_sina(HSMPI)
2024-11-21,1267.33,1268.9,1253.67,1259.65002,122774813,akshare.stock_hk_index_daily_sina(HSMPI)
2024-11-22,1256.3,1259.96,1203.61,1212.81006,161787921,akshare.stock_hk_index_daily_sina(HSMPI)
2024-11-25,1220.26,1223.03,1197.69,1208.5,141458216,akshare.stock_hk_index_daily_sina(HSMPI)
2024-11-26,1206.64,1215.68,1193.11,1197.35999,158912115,akshare.stock_hk_index_daily_sina(HSMPI)
2024-11-27,1200.08,1232.79,1186.36,1228.72998,151558343,akshare.stock_hk_index_daily_sina(HSMPI)
2024-11-28,1230.43,1230.43,1204.15,1210.46997,85035256,akshare.stock_hk_index_daily_sina(HSMPI)
2024-11-29,1212.57,1241.3,1211.62,1221.97998,170881294,akshare.stock_hk_index_daily_sina(HSMPI)
2024-12-02,1229.19,1248.13,1218.43,1228.68994,145841865,akshare.stock_hk_index_daily_sina(HSMPI)
2024-12-03,1235.28,1255.9,1218.02,1254.40002,106244988,akshare.stock_hk_index_daily_sina(HSMPI)
2024-12-04,1255.65,1262.43,1233.03,1246.58997,94428904,akshare.stock_hk_index_daily_sina(HSMPI)
2024-12-05,1239.76,1239.94,1218.77,1231.18005,83914375,akshare.stock_hk_index_daily_sina(HSMPI)
2024-12-06,1232.17,1261.17,1227.81,1246.15002,133357813,akshare.stock_hk_index_daily_sina(HSMPI)
2024-12-09,1243.68,1301.63,1221.78,1298.68994,248684113,akshare.stock_hk_index_daily_sina(HSMPI)
2024-12-10,1360.26,1376.05,1273.24,1274.19995,310108258,akshare.stock_hk_index_daily_sina(HSMPI)
2024-12-11,1275.68,1303.46,1262.64,1265.60999,129118530,akshare.stock_hk_index_daily_sina(HSMPI)
2024-12-12,1264.18,1299.06,1251.69,1279.48999,132981455,akshare.stock_hk_index_daily_sina(HSMPI)
2024-12-13,1268.36,1268.36,1225.3,1229.89002,247891035,akshare.stock_hk_index_daily_sina(HSMPI)
2024-12-16,1230.39,1236.47,1188.49,1197.15002,129914446,akshare.stock_hk_index_daily_sina(HSMPI)
2024-12-17,1194.64,1202.11,1172.26,1183.70996,133782624,akshare.stock_hk_index_daily_sina(HSMPI)
2024-12-18,1192.23,1199.0,1186.15,1188.47998,73213121,akshare.stock_hk_index_daily_sina(HSMPI)
2024-12-19,1176.68,1179.65,1166.31,1172.51001,124447313,akshare.stock_hk_index_daily_sina(HSMPI)
2024-12-20,1169.33,1174.7,1154.92,1157.03003,142825314,akshare.stock_hk_index_daily_sina(HSMPI)
2024-12-23,1158.35,1175.45,1156.34,1167.47998,112243340,akshare.stock_hk_index_daily_sina(HSMPI)
2024-12-24,1168.6,1194.39,1164.23,1192.68005,65172420,akshare.stock_hk_index_daily_sina(HSMPI)
2024-12-27,1190.79,1192.0,1156.93,1173.31995,101219077,akshare.stock_hk_index_daily_sina(HSMPI)
2024-12-30,1172.3,1183.12,1160.13,1171.06006,101987737,akshare.stock_hk_index_daily_sina(HSMPI)
2024-12-31,1168.31,1193.45,1165.25,1181.54004,65445790,akshare.stock_hk_index_daily_sina(HSMPI)
2025-01-02,1176.3,1186.62,1155.66,1157.71997,120130513,akshare.stock_hk_index_daily_sina(HSMPI)
2025-01-03,1159.8,1176.81,1152.37,1156.95996,120646773,akshare.stock_hk_index_daily_sina(HSMPI)
2025-01-06,1161.94,1164.18,1144.65,1148.28003,135304389,akshare.stock_hk_index_daily_sina(HSMPI)
2025-01-07,1147.02,1156.43,1137.33,1148.35999,83599633,akshare.stock_hk_index_daily_sina(HSMPI)
2025-01-08,1146.73,1146.81,1121.65,1137.78003,136547801,akshare.stock_hk_index_daily_sina(HSMPI)
2025-01-09,1137.61,1146.71,1128.9,1131.26001,111491966,akshare.stock_hk_index_daily_sina(HSMPI)
2025-01-10,1140.18,1140.18,1113.97,1119.76001,214259484,akshare.stock_hk_index_daily_sina(HSMPI)
2025-01-13,1114.22,1131.82,1100.52,1125.56995,149146301,akshare.stock_hk_index_daily_sina(HSMPI)
2025-01-14,1131.29,1152.06,1124.16,1140.35999,142738938,akshare.stock_hk_index_daily_sina(HSMPI)
2025-01-15,1138.45,1145.54,1125.29,1135.23999,101773322,akshare.stock_hk_index_daily_sina(HSMPI)
2025-01-16,1139.21,1164.27,1137.62,1145.35999,116838850,akshare.stock_hk_index_daily_sina(HSMPI)
2025-01-17,1137.46,1173.76,1130.59,1161.56006,120119263,akshare.stock_hk_index_daily_sina(HSMPI)
2025-01-20,1170.08,1187.35,1163.04,1171.19995,118764827,akshare.stock_hk_index_daily_sina(HSMPI)
2025-01-21,1180.08,1220.37,1178.22,1190.71997,1959592027,akshare.stock_hk_index_daily_sina(HSMPI)
2025-01-22,1193.1,1193.1,1153.89,1157.81006,703213524,akshare.stock_hk_index_daily_sina(HSMPI)
2025-01-23,1160.31,1181.03,1133.33,1134.08997,684803290,akshare.stock_hk_index_daily_sina(HSMPI)
2025-01-24,1135.58,1150.0,1134.19,1137.75,215316608,akshare.stock_hk_index_daily_sina(HSMPI)
2025-01-27,1137.49,1169.0,1137.32,1152.94995,208094267,akshare.stock_hk_index_daily_sina(HSMPI)
2025-01-28,1157.6,1163.36,1147.19,1147.51001,82625105,akshare.stock_hk_index_daily_sina(HSMPI)
2025-02-03,1129.08,1146.36,1104.8,1132.34998,158222848,akshare.stock_hk_index_daily_sina(HSMPI)
2025-02-04,1145.54,1155.61,1117.71,1145.0,201375324,akshare.stock_hk_index_daily_sina(HSMPI)
2025-02-05,1146.57,1146.57,1120.53,1129.06995,155518385,akshare.stock_hk_index_daily_sina(HSMPI)
2025-02-06,1129.71,1141.44,1125.48,1138.39002,138928831,akshare.stock_hk_index_daily_sina(HSMPI)
2025-02-07,1139.88,1165.99,1131.77,1150.68005,319277960,akshare.stock_hk_index_daily_sina(HSMPI)
2025-02-10,1152.74,1170.98,1151.22,1165.54004,221211909,akshare.stock_hk_index_daily_sina(HSMPI)
2025-02-11,1171.14,1177.03,1142.54,1142.54004,162910442,akshare.stock_hk_index_daily_sina(HSMPI)
2025-02-12,1149.39,1220.15,1148.18,1209.80005,704490692,akshare.stock_hk_index_daily_sina(HSMPI)
2025-02-13,1208.1,1222.31,1181.96,1185.82996,378745612,akshare.stock_hk_index_daily_sina(HSMPI)
2025-02-14,1194.17,1210.28,1188.42,1210.28003,343413472,akshare.stock_hk_index_daily_sina(HSMPI)
2025-02-17,1203.76,1227.49,1193.27,1203.92004,244321959,akshare.stock_hk_index_daily_sina(HSMPI)
2025-02-18,1202.96,1203.37,1179.92,1191.96997,225026987,akshare.stock_hk_index_daily_sina(HSMPI)
2025-02-19,1185.0,1212.23,1175.44,1203.44995,210016222,akshare.stock_hk_index_daily_sina(HSMPI)
2025-02-20,1197.58,1198.49,1174.23,1174.45996,186311337,akshare.stock_hk_index_daily_sina(HSMPI)
2025-02-21,1187.99,1195.88,1168.87,1194.05005,282178941,akshare.stock_hk_index_daily_sina(HSMPI)
2025-02-24,1192.18,1245.36,1187.4,1235.17004,347462547,akshare.stock_hk_index_daily_sina(HSMPI)
2025-02-25,1223.82,1228.32,1209.82,1217.32996,220024022,akshare.stock_hk_index_daily_sina(HSMPI)
2025-02-26,1224.41,1304.36,1223.56,1295.83997,511113252,akshare.stock_hk_index_daily_sina(HSMPI)
2025-02-27,1290.84,1326.92,1290.84,1322.01001,671149108,akshare.stock_hk_index_daily_sina(HSMPI)
2025-02-28,1313.93,1313.93,1258.08,1267.73999,815259360,akshare.stock_hk_index_daily_sina(HSMPI)
2025-03-03,1270.85,1324.96,1269.22,1286.47998,533126576,akshare.stock_hk_index_daily_sina(HSMPI)
2025-03-04,1276.03,1294.1,1263.69,1287.75,256929076,akshare.stock_hk_index_daily_sina(HSMPI)
2025-03-05,1295.21,1317.27,1269.61,1294.31006,323327975,akshare.stock_hk_index_daily_sina(HSMPI)
2025-03-06,1310.4,1351.83,1299.43,1348.91003,466289675,akshare.stock_hk_index_daily_sina(HSMPI)
2025-03-07,1341.68,1366.26,1323.77,1334.26001,314487027,akshare.stock_hk_index_daily_sina(HSMPI)
2025-03-10,1334.37,1359.1,1299.92,1319.73999,343907942,akshare.stock_hk_index_daily_sina(HSMPI)
2025-03-11,1289.19,1323.84,1269.63,1318.79004,210087626,akshare.stock_hk_index_daily_sina(HSMPI)
2025-03-12,1315.9,1320.89,1288.11,1300.05005,267005131,akshare.stock_hk_index_daily_sina(HSMPI)
2025-03-13,1299.25,1305.19,1253.65,1275.81006,192549840,akshare.stock_hk_index_daily_sina(HSMPI)
2025-03-14,1283.6,1325.3,1268.88,1309.14002,304095825,akshare.stock_hk_index_daily_sina(HSMPI)
2025-03-17,1325.29,1357.66,1324.42,1330.15002,403312277,akshare.stock_hk_index_daily_sina(HSMPI)
2025-03-18,1345.04,1356.04,1333.23,1352.17004,270875244,akshare.stock_hk_index_daily_sina(HSMPI)
2025-03-19,1343.62,1343.62,1322.23,1331.32996,148381975,akshare.stock_hk_index_daily_sina(HSMPI)
2025-03-20,1323.4,1323.4,1285.01,1289.84998,246633455,akshare.stock_hk_index_daily_sina(HSMPI)
2025-03-21,1285.66,1288.29,1250.12,1262.55005,255195436,akshare.stock_hk_index_daily_sina(HSMPI)
2025-03-24,1263.39,1269.71,1247.57,1261.89002,138249838,akshare.stock_hk_index_daily_sina(HSMPI)
2025-03-25,1258.38,1269.85,1241.35,1246.20996,222819528,akshare.stock_hk_index_daily_sina(HSMPI)
2025-03-26,1253.16,1298.3,1253.16,1277.06006,209604281,akshare.stock_hk_index_daily_sina(HSMPI)
2025-03-27,1276.5,1297.97,1272.56,1288.90002,165815408,akshare.stock_hk_index_daily_sina(HSMPI)
2025-03-28,1296.34,1296.34,1274.11,1294.06995,202204093,akshare.stock_hk_index_daily_sina(HSMPI)
2025-03-31,1284.01,1285.41,1259.87,1274.95996,235949488,akshare.stock_hk_index_daily_sina(HSMPI)
2025-04-01,1277.63,1277.63,1262.72,1269.21997,182376080,akshare.stock_hk_index_daily_sina(HSMPI)
2025-04-02,1269.6,1281.84,1263.79,1276.96997,133527245,akshare.stock_hk_index_daily_sina(HSMPI)
2025-04-03,1253.13,1296.75,1251.87,1294.31995,233001384,akshare.stock_hk_index_daily_sina(HSMPI)
2025-04-07,1223.73,1228.07,1166.07,1175.51001,558334793,akshare.stock_hk_index_daily_sina(HSMPI)
2025-04-08,1178.39,1213.58,1178.18,1201.93994,297534780,akshare.stock_hk_index_daily_sina(HSMPI)
2025-04-09,1178.06,1247.28,1156.45,1238.90002,438227595,akshare.stock_hk_index_daily_sina(HSMPI)
2025-04-10,1247.46,1281.33,1235.56,1267.32996,307236669,akshare.stock_hk_index_daily_sina(HSMPI)
2025-04-11,1264.73,1279.84,1259.27,1273.43994,242585505,akshare.stock_hk_index_daily_sina(HSMPI)
2025-04-14,1283.89,1287.02,1272.4,1281.96997,188850162,akshare.stock_hk_index_daily_sina(HSMPI)
2025-04-15,1290.79,1293.84,1266.01,1272.93005,120611985,akshare.stock_hk_index_daily_sina(HSMPI)
2025-04-16,1273.92,1291.38,1253.97,1291.38001,170064595,akshare.stock_hk_index_daily_sina(HSMPI)
2025-04-17,1292.02,1343.87,1285.97,1313.44995,294607060,akshare.stock_hk_index_daily_sina(HSMPI)
2025-04-22,1309.56,1326.62,1302.71,1325.25,176689519,akshare.stock_hk_index_daily_sina(HSMPI)
2025-04-23,1340.94,1343.7,1321.05,1324.35999,174771114,akshare.stock_hk_index_daily_sina(HSMPI)
2025-04-24,1317.79,1332.46,1300.48,1323.20996,160996781,akshare.stock_hk_index_daily_sina(HSMPI)
2025-04-25,1331.5,1382.71,1312.85,1318.43994,367333278,akshare.stock_hk_index_daily_sina(HSMPI)
2025-04-28,1323.06,1323.06,1279.72,1297.77002,146542616,akshare.stock_hk_index_daily_sina(HSMPI)
2025-04-29,1298.74,1307.03,1287.89,1291.87,121866120,akshare.stock_hk_index_daily_sina(HSMPI)
2025-04-30,1299.34,1310.66,1288.75,1301.12,120808335,akshare.stock_hk_index_daily_sina(HSMPI)
2025-05-02,1298.9,1324.06,1294.19,1314.53003,64102401,akshare.stock_hk_index_daily_sina(HSMPI)
2025-05-06,1315.56,1321.23,1293.23,1296.03003,111517578,akshare.stock_hk_index_daily_sina(HSMPI)
2025-05-07,1327.4,1348.02,1292.13,1292.92004,244739528,akshare.stock_hk_index_daily_sina(HSMPI)
2025-05-08,1294.66,1302.73,1284.04,1286.29004,171785398,akshare.stock_hk_index_daily_sina(HSMPI)
2025-05-09,1284.85,1292.32,1258.97,1265.44995,212121632,akshare.stock_hk_index_daily_sina(HSMPI)
2025-05-12,1275.54,1313.52,1269.21,1306.06995,226422979,akshare.stock_hk_index_daily_sina(HSMPI)
2025-05-13,1305.05,1315.18,1292.2,1295.92004,116641672,akshare.stock_hk_index_daily_sina(HSMPI)
2025-05-14,1301.62,1309.26,1282.07,1306.84998,155245895,akshare.stock_hk_index_daily_sina(HSMPI)
2025-05-15,1300.28,1305.47,1280.1,1283.91003,101595250,akshare.stock_hk_index_daily_sina(HSMPI)
2025-05-16,1284.2,1284.2,1266.98,1274.18005,112266943,akshare.stock_hk_index_daily_sina(HSMPI)
2025-05-19,1270.7,1281.24,1266.22,1271.34998,97196454,akshare.stock_hk_index_daily_sina(HSMPI)
2025-05-20,1277.24,1282.79,1260.62,1266.56006,118090390,akshare.stock_hk_index_daily_sina(HSMPI)
2025-05-21,1266.64,1274.09,1259.72,1272.27002,94102361,akshare.stock_hk_index_daily_sina(HSMPI)
2025-05-22,1269.25,1272.66,1251.16,1257.56995,125888612,akshare.stock_hk_index_daily_sina(HSMPI)
2025-05-23,1260.24,1265.31,1244.15,1248.38001,129073339,akshare.stock_hk_index_daily_sina(HSMPI)
2025-05-26,1247.15,1260.24,1237.94,1241.37,111330700,akshare.stock_hk_index_daily_sina(HSMPI)
2025-05-27,1237.8,1244.11,1230.06,1240.26001,101835483,akshare.stock_hk_index_daily_sina(HSMPI)
2025-05-28,1239.01,1251.47,1238.22,1243.45996,78247636,akshare.stock_hk_index_daily_sina(HSMPI)
2025-05-29,1239.42,1253.74,1236.56,1250.68994,127038455,akshare.stock_hk_index_daily_sina(HSMPI)
2025-05-30,1244.65,1259.3,1238.56,1259.30005,178624309,akshare.stock_hk_index_daily_sina(HSMPI)
2025-06-02,1251.64,1252.75,1204.02,1234.89002,121956257,akshare.stock_hk_index_daily_sina(HSMPI)
2025-06-03,1240.94,1256.87,1240.94,1248.68994,105238353,akshare.stock_hk_index_daily_sina(HSMPI)
2025-06-04,1251.65,1262.79,1249.38,1260.34998,212883897,akshare.stock_hk_index_daily_sina(HSMPI)
2025-06-05,1267.13,1301.47,1267.13,1276.06995,163424719,akshare.stock_hk_index_daily_sina(HSMPI)
2025-06-06,1276.24,1281.6,1267.27,1276.72998,152252108,akshare.stock_hk_index_daily_sina(HSMPI)
2025-06-09,1284.22,1290.61,1276.74,1288.27002,116027027,akshare.stock_hk_index_daily_sina(HSMPI)
2025-06-10,1289.74,1330.5,1284.97,1313.31006,191781751,akshare.stock_hk_index_daily_sina(HSMPI)
2025-06-11,1316.6,1331.08,1313.25,1326.47998,108339665,akshare.stock_hk_index_daily_sina(HSMPI)
2025-06-12,1315.19,1327.0,1310.33,1317.19995,126310682,akshare.stock_hk_index_daily_sina(HSMPI)
2025-06-13,1320.24,1334.28,1310.26,1328.43994,126138728,akshare.stock_hk_index_daily_sina(HSMPI)
2025-06-16,1326.74,1366.48,1322.17,1355.40002,273328000,akshare.stock_hk_index_daily_sina(HSMPI)
2025-06-17,1355.46,1355.46,1337.86,1344.20996,108669292,akshare.stock_hk_index_daily_sina(HSMPI)
2025-06-18,1336.51,1337.88,1309.27,1312.76001,115420427,akshare.stock_hk_index_daily_sina(HSMPI)
2025-06-19,1311.22,1312.78,1279.92,1284.16003,117252818,akshare.stock_hk_index_daily_sina(HSMPI)
2025-06-20,1285.76,1292.78,1275.31,1280.84998,132087911,akshare.stock_hk_index_daily_sina(HSMPI)
2025-06-23,1279.27,1294.53,1273.6,1291.09998,88088504,akshare.stock_hk_index_daily_sina(HSMPI)
2025-06-24,1295.48,1313.37,1295.48,1300.32996,120934058,akshare.stock_hk_index_daily_sina(HSMPI)
2025-06-25,1309.0,1336.5,1307.45,1332.94995,204024028,akshare.stock_hk_index_daily_sina(HSMPI)
2025-06-26,1327.46,1335.58,1317.09,1326.76001,137698180,akshare.stock_hk_index_daily_sina(HSMPI)
2025-06-27,1320.24,1330.34,1302.86,1307.13001,119373156,akshare.stock_hk_index_daily_sina(HSMPI)
2025-06-30,1312.23,1315.81,1290.32,1295.83997,125187543,akshare.stock_hk_index_daily_sina(HSMPI)
2025-07-02,1308.25,1317.91,1291.88,1310.18994,156252377,akshare.stock_hk_index_daily_sina(HSMPI)
2025-07-03,1315.08,1336.55,1307.17,1314.18994,147387475,akshare.stock_hk_index_daily_sina(HSMPI)
2025-07-04,1313.85,1318.66,1297.02,1312.58997,123954147,akshare.stock_hk_index_daily_sina(HSMPI)
2025-07-07,1315.67,1336.08,1313.99,1324.67004,177380450,akshare.stock_hk_index_daily_sina(HSMPI)
2025-07-08,1328.97,1333.95,1314.13,1325.85999,105558704,akshare.stock_hk_index_daily_sina(HSMPI)
2025-07-09,1322.95,1324.47,1308.62,1321.97998,172143194,akshare.stock_hk_index_daily_sina(HSMPI)
2025-07-10,1322.59,1394.51,1319.16,1375.47998,762329639,akshare.stock_hk_index_daily_sina(HSMPI)
2025-07-11,1380.08,1397.9,1350.28,1353.59998,367957208,akshare.stock_hk_index_daily_sina(HSMPI)
2025-07-14,1354.12,1368.05,1349.33,1354.62,341857029,akshare.stock_hk_index_daily_sina(HSMPI)
2025-07-15,1357.62,1359.31,1324.4,1342.21997,295241762,akshare.stock_hk_index_daily_sina(HSMPI)
2025-07-16,1338.56,1341.25,1316.88,1319.81006,183168487,akshare.stock_hk_index_daily_sina(HSMPI)
2025-07-17,1321.02,1329.2,1307.45,1311.90002,236547155,akshare.stock_hk_index_daily_sina(HSMPI)
2025-07-18,1315.06,1329.51,1314.49,1325.51001,179972462,akshare.stock_hk_index_daily_sina(HSMPI)
2025-07-21,1326.76,1343.62,1325.17,1340.93005,254017847,akshare.stock_hk_index_daily_sina(HSMPI)
2025-07-22,1343.09,1354.96,1336.08,1352.85999,186757024,akshare.stock_hk_index_daily_sina(HSMPI)
2025-07-23,1354.19,1371.49,1350.65,1358.54004,246646835,akshare.stock_hk_index_daily_sina(HSMPI)
2025-07-24,1357.55,1379.7,1351.66,1379.58997,496254355,akshare.stock_hk_index_daily_sina(HSMPI)
2025-07-25,1374.74,1389.6,1369.72,1374.54004,233544213,akshare.stock_hk_index_daily_sina(HSMPI)
2025-07-28,1373.89,1389.56,1369.48,1382.31006,301627342,akshare.stock_hk_index_daily_sina(HSMPI)
2025-07-29,1375.21,1384.71,1365.44,1380.28003,228699607,akshare.stock_hk_index_daily_sina(HSMPI)
2025-07-30,1375.98,1399.06,1363.03,1366.06995,281797578,akshare.stock_hk_index_daily_sina(HSMPI)
2025-07-31,1359.41,1359.41,1301.91,1305.39002,426916313,akshare.stock_hk_index_daily_sina(HSMPI)
2025-08-01,1301.55,1321.53,1290.85,1293.90002,175947156,akshare.stock_hk_index_daily_sina(HSMPI)
2025-08-04,1302.56,1309.07,1290.55,1307.06995,115580466,akshare.stock_hk_index_daily_sina(HSMPI)
2025-08-05,1304.42,1317.5,1304.02,1309.34998,141450620,akshare.stock_hk_index_daily_sina(HSMPI)
2025-08-06,1307.74,1322.97,1307.74,1310.23999,88395901,akshare.stock_hk_index_daily_sina(HSMPI)
2025-08-07,1311.71,1342.58,1309.38,1337.48999,165010636,akshare.stock_hk_index_daily_sina(HSMPI)
2025-08-08,1336.82,1345.14,1331.86,1334.81006,115830593,akshare.stock_hk_index_daily_sina(HSMPI)
2025-08-11,1338.41,1357.56,1338.41,1346.60999,122368656,akshare.stock_hk_index_daily_sina(HSMPI)
2025-08-12,1345.46,1363.48,1342.16,1360.83997,117573229,akshare.stock_hk_index_daily_sina(HSMPI)
2025-08-13,1363.77,1378.37,1361.08,1378.03003,239298538,akshare.stock_hk_index_daily_sina(HSMPI)
2025-08-14,1383.12,1411.17,1383.07,1394.47998,212056757,akshare.stock_hk_index_daily_sina(HSMPI)
2025-08-15,1393.61,1431.55,1384.28,1405.57996,176791521,akshare.stock_hk_index_daily_sina(HSMPI)
2025-08-18,1403.91,1405.98,1387.5,1387.5,208869093,akshare.stock_hk_index_daily_sina(HSMPI)
2025-08-19,1389.66,1413.33,1389.66,1395.39002,351088639,akshare.stock_hk_index_daily_sina(HSMPI)
2025-08-20,1393.77,1398.69,1378.79,1397.37,206699563,akshare.stock_hk_index_daily_sina(HSMPI)
2025-08-21,1400.21,1406.09,1389.26,1395.78003,120701460,akshare.stock_hk_index_daily_sina(HSMPI)
2025-08-22,1396.4,1413.3,1388.97,1400.83997,143655592,akshare.stock_hk_index_daily_sina(HSMPI)
2025-08-25,1415.05,1466.57,1411.16,1438.88001,630644379,akshare.stock_hk_index_daily_sina(HSMPI)
2025-08-26,1432.86,1434.92,1415.03,1433.21997,316007413,akshare.stock_hk_index_daily_sina(HSMPI)
2025-08-27,1437.94,1438.59,1354.83,1359.12,369615928,akshare.stock_hk_index_daily_sina(HSMPI)
2025-08-28,1359.07,1368.03,1348.27,1352.77002,233498507,akshare.stock_hk_index_daily_sina(HSMPI)
2025-08-29,1358.34,1376.83,1356.08,1363.28003,177119894,akshare.stock_hk_index_daily_sina(HSMPI)
2025-09-01,1370.44,1387.33,1368.06,1385.43005,184328773,akshare.stock_hk_index_daily_sina(HSMPI)
2025-09-02,1377.7,1389.47,1363.4,1370.47998,174141589,akshare.stock_hk_index_daily_sina(HSMPI)
2025-09-03,1372.52,1382.08,1349.92,1357.42004,136099458,akshare.stock_hk_index_daily_sina(HSMPI)
2025-09-04,1368.22,1376.79,1345.32,1352.76001,144201453,akshare.stock_hk_index_daily_sina(HSMPI)
2025-09-05,1357.09,1371.69,1352.46,1370.82996,288087056,akshare.stock_hk_index_daily_sina(HSMPI)
2025-09-08,1373.96,1398.61,1373.96,1396.90002,1019957809,akshare.stock_hk_index_daily_sina(HSMPI)
2025-09-09,1398.3,1454.64,1389.14,1442.68005,2379006107,akshare.stock_hk_index_daily_sina(HSMPI)
2025-09-10,1443.55,1460.66,1429.96,1460.66003,951088339,akshare.stock_hk_index_daily_sina(HSMPI)
2025-09-11,1453.15,1457.71,1440.32,1453.76001,917812272,akshare.stock_hk_index_daily_sina(HSMPI)
2025-09-12,1463.46,1480.38,1458.64,1476.60999,1311167740,akshare.stock_hk_index_daily_sina(HSMPI)
2025-09-15,1471.58,1473.98,1432.77,1456.01001,667837480,akshare.stock_hk_index_daily_sina(HSMPI)
2025-09-16,1454.08,1470.48,1442.51,1448.83997,409518298,akshare.stock_hk_index_daily_sina(HSMPI)
2025-09-17,1450.21,1467.58,1447.31,1465.38001,1196247347,akshare.stock_hk_index_daily_sina(HSMPI)
2025-09-18,1466.98,1468.71,1421.44,1435.27002,904463903,akshare.stock_hk_index_daily_sina(HSMPI)
2025-09-19,1438.19,1441.95,1423.62,1432.97998,780800358,akshare.stock_hk_index_daily_sina(HSMPI)
2025-09-22,1432.22,1433.07,1407.53,1415.81006,326293153,akshare.stock_hk_index_daily_sina(HSMPI)
2025-09-23,1420.49,1422.22,1379.68,1384.60999,376995821,akshare.stock_hk_index_daily_sina(HSMPI)
2025-09-24,1387.63,1403.54,1377.13,1392.06006,302147602,akshare.stock_hk_index_daily_sina(HSMPI)
2025-09-25,1393.86,1405.85,1379.77,1382.66003,331729011,akshare.stock_hk_index_daily_sina(HSMPI)
2025-09-26,1384.31,1411.84,1363.92,1378.17004,444675053,akshare.stock_hk_index_daily_sina(HSMPI)
2025-09-29,1384.53,1411.27,1382.31,1402.29004,223738925,akshare.stock_hk_index_daily_sina(HSMPI)
2025-09-30,1402.87,1422.62,1402.27,1421.48999,294455953,akshare.stock_hk_index_daily_sina(HSMPI)
2025-10-02,1417.14,1417.14,1374.26,1377.56995,118314868,akshare.stock_hk_index_daily_sina(HSMPI)
2025-10-03,1374.27,1375.69,1352.45,1360.23999,154801706,akshare.stock_hk_index_daily_sina(HSMPI)
2025-10-06,1358.18,1361.89,1348.3,1350.87,243426582,akshare.stock_hk_index_daily_sina(HSMPI)
2025-10-08,1338.36,1341.52,1319.71,1332.96997,160554785,akshare.stock_hk_index_daily_sina(HSMPI)
2025-10-09,1344.5,1357.15,1330.87,1351.03003,350975980,akshare.stock_hk_index_daily_sina(HSMPI)
2025-10-10,1341.46,1367.14,1338.75,1361.23999,232545196,akshare.stock_hk_index_daily_sina(HSMPI)
2025-10-13,1332.37,1355.86,1324.32,1354.16003,302473937,akshare.stock_hk_index_daily_sina(HSMPI)
2025-10-14,1354.14,1369.54,1333.13,1337.16003,302785484,akshare.stock_hk_index_daily_sina(HSMPI)
2025-10-15,1348.52,1358.21,1338.05,1353.97998,218718052,akshare.stock_hk_index_daily_sina(HSMPI)
2025-10-16,1349.49,1359.64,1347.29,1359.30005,171471361,akshare.stock_hk_index_daily_sina(HSMPI)
2025-10-17,1352.61,1370.14,1327.3,1332.88001,265595569,akshare.stock_hk_index_daily_sina(HSMPI)
2025-10-20,1353.43,1359.68,1335.63,1346.79004,146919195,akshare.stock_hk_index_daily_sina(HSMPI)
2025-10-21,1348.17,1369.25,1346.05,1348.31006,197152863,akshare.stock_hk_index_daily_sina(HSMPI)
2025-10-22,1341.12,1355.08,1331.78,1338.46997,208397852,akshare.stock_hk_index_daily_sina(HSMPI)
2025-10-23,1335.45,1345.54,1329.53,1338.48999,148564104,akshare.stock_hk_index_daily_sina(HSMPI)
2025-10-24,1336.19,1345.51,1329.9,1334.95996,221195257,akshare.stock_hk_index_daily_sina(HSMPI)
2025-10-27,1340.96,1345.19,1331.45,1332.23999,179534900,akshare.stock_hk_index_daily_sina(HSMPI)
2025-10-28,1334.51,1336.23,1322.31,1325.45996,183175405,akshare.stock_hk_index_daily_sina(HSMPI)
2025-10-30,1332.69,1332.69,1280.34,1288.33997,305111872,akshare.stock_hk_index_daily_sina(HSMPI)
2025-10-31,1290.39,1290.39,1277.17,1277.17004,195648371,akshare.stock_hk_index_daily_sina(HSMPI)
2025-11-03,1278.04,1285.08,1271.0,1284.14002,146047037,akshare.stock_hk_index_daily_sina(HSMPI)
2025-11-04,1283.52,1293.66,1261.61,1266.02002,167850555,akshare.stock_hk_index_daily_sina(HSMPI)
2025-11-05,1264.95,1264.95,1239.42,1263.26001,205798529,akshare.stock_hk_index_daily_sina(HSMPI)
2025-11-06,1267.86,1284.12,1267.01,1283.95996,244260909,akshare.stock_hk_index_daily_sina(HSMPI)
2025-11-07,1280.36,1293.28,1276.35,1278.30005,209439616,akshare.stock_hk_index_daily_sina(HSMPI)
2025-11-10,1277.06,1320.57,1277.06,1319.83997,230859310,akshare.stock_hk_index_daily_sina(HSMPI)
2025-11-11,1322.87,1352.51,1320.91,1345.57996,191335205,akshare.stock_hk_index_daily_sina(HSMPI)
2025-11-12,1352.31,1386.82,1351.26,1380.80005,199654360,akshare.stock_hk_index_daily_sina(HSMPI)
2025-11-13,1364.94,1385.51,1353.97,1382.38001,231109560,akshare.stock_hk_index_daily_sina(HSMPI)
2025-11-14,1374.66,1389.02,1364.95,1375.59998,302186477,akshare.stock_hk_index_daily_sina(HSMPI)
2025-11-17,1372.22,1376.52,1361.85,1366.90002,212858124,akshare.stock_hk_index_daily_sina(HSMPI)
2025-11-18,1365.02,1365.02,1329.01,1335.84998,218159792,akshare.stock_hk_index_daily_sina(HSMPI)
2025-11-19,1335.18,1345.72,1320.66,1333.58997,354639859,akshare.stock_hk_index_daily_sina(HSMPI)
2025-11-20,1336.55,1377.57,1326.84,1356.07996,540746897,akshare.stock_hk_index_daily_sina(HSMPI)
2025-11-21,1349.04,1362.48,1333.63,1346.31995,264107010,akshare.stock_hk_index_daily_sina(HSMPI)
2025-11-24,1355.18,1378.29,1353.78,1375.32996,175036132,akshare.stock_hk_index_daily_sina(HSMPI)
2025-11-25,1371.33,1396.0,1370.37,1376.38001,241435466,akshare.stock_hk_index_daily_sina(HSMPI)
2025-11-26,1380.39,1387.45,1371.46,1373.53003,196849130,akshare.stock_hk_index_daily_sina(HSMPI)
2025-11-27,1370.88,1379.46,1344.48,1364.18005,216895673,akshare.stock_hk_index_daily_sina(HSMPI)
2025-11-28,1364.02,1369.62,1344.43,1346.82996,239572913,akshare.stock_hk_index_daily_sina(HSMPI)
2025-12-01,1346.14,1362.86,1346.14,1359.96997,109943565,akshare.stock_hk_index_daily_sina(HSMPI)
2025-12-02,1351.84,1361.7,1344.8,1357.25,129545046,akshare.stock_hk_index_daily_sina(HSMPI)
2025-12-03,1348.56,1357.65,1334.97,1337.21997,156635399,akshare.stock_hk_index_daily_sina(HSMPI)
2025-12-04,1341.95,1345.77,1334.5,1341.04004,236887585,akshare.stock_hk_index_daily_sina(HSMPI)
2025-12-05,1342.81,1346.72,1327.46,1344.64002,203673730,akshare.stock_hk_index_daily_sina(HSMPI)
2025-12-08,1344.2,1356.46,1330.55,1331.69995,262428902,akshare.stock_hk_index_daily_sina(HSMPI)
2025-12-09,1326.06,1327.34,1282.41,1284.57996,268335898,akshare.stock_hk_index_daily_sina(HSMPI)
2025-12-10,1291.92,1317.56,1280.07,1296.46997,545563224,akshare.stock_hk_index_daily_sina(HSMPI)
2025-12-11,1298.66,1303.61,1286.62,1301.40002,251585037,akshare.stock_hk_index_daily_sina(HSMPI)
2025-12-12,1304.21,1322.33,1304.21,1307.20996,181778540,akshare.stock_hk_index_daily_sina(HSMPI)
2025-12-15,1304.46,1305.9,1294.08,1294.85999,115904664,akshare.stock_hk_index_daily_sina(HSMPI)
2025-12-16,1293.35,1293.35,1267.98,1273.58997,209952179,akshare.stock_hk_index_daily_sina(HSMPI)
2025-12-17,1273.21,1284.76,1270.62,1278.76001,141952260,akshare.stock_hk_index_daily_sina(HSMPI)
2025-12-18,1279.6,1279.6,1260.86,1266.48999,175407285,akshare.stock_hk_index_daily_sina(HSMPI)
2025-12-19,1271.56,1275.22,1261.5,1264.82996,260837279,akshare.stock_hk_index_daily_sina(HSMPI)
2025-12-22,1268.83,1268.83,1256.5,1261.10999,250767668,akshare.stock_hk_index_daily_sina(HSMPI)
2025-12-23,1264.36,1275.14,1262.65,1264.82996,187385277,akshare.stock_hk_index_daily_sina(HSMPI)
2025-12-24,1262.61,1270.47,1256.01,1259.90002,91792145,akshare.stock_hk_index_daily_sina(HSMPI)
2025-12-29,1272.42,1273.0,1244.71,1251.06995,205310275,akshare.stock_hk_index_daily_sina(HSMPI)
2025-12-30,1253.32,1254.97,1242.21,1252.47998,194422052,akshare.stock_hk_index_daily_sina(HSMPI)
2025-12-31,1250.55,1258.28,1237.99,1242.59998,157310434,akshare.stock_hk_index_daily_sina(HSMPI)
2026-01-02,1241.55,1258.43,1241.55,1258.43005,162142138,akshare.stock_hk_index_daily_sina(HSMPI)
2026-01-05,1262.29,1310.31,1256.64,1297.39,642363394,akshare.stock_hk_index_daily_sina(HSMPI)
2026-01-06,1303.05,1339.47,1301.09,1330.14002,532737432,akshare.stock_hk_index_daily_sina(HSMPI)
2026-01-07,1329.58,1341.29,1314.82,1322.81995,335343852,akshare.stock_hk_index_daily_sina(HSMPI)
2026-01-08,1323.67,1328.46,1298.3,1325.54004,288648960,akshare.stock_hk_index_daily_sina(HSMPI)
2026-01-09,1329.28,1333.78,1314.36,1324.01001,290057126,akshare.stock_hk_index_daily_sina(HSMPI)
2026-01-12,1325.93,1328.89,1311.14,1321.02002,510246765,akshare.stock_hk_index_daily_sina(HSMPI)
2026-01-13,1323.64,1334.83,1300.93,1308.15002,326776115,akshare.stock_hk_index_daily_sina(HSMPI)
2026-01-14,1306.03,1312.83,1293.57,1307.76001,486678246,akshare.stock_hk_index_daily_sina(HSMPI)
2026-01-15,1308.38,1335.46,1307.24,1321.58997,742409784,akshare.stock_hk_index_daily_sina(HSMPI)
2026-01-16,1324.86,1325.2,1304.21,1309.93994,503164244,akshare.stock_hk_index_daily_sina(HSMPI)
2026-01-19,1301.84,1325.78,1299.43,1310.10999,1206034292,akshare.stock_hk_index_daily_sina(HSMPI)
2026-01-20,1307.32,1356.69,1306.35,1345.43994,1006607825,akshare.stock_hk_index_daily_sina(HSMPI)
2026-01-21,1336.9,1347.88,1323.27,1333.09998,1038183481,akshare.stock_hk_index_daily_sina(HSMPI)
2026-01-22,1336.07,1344.76,1334.49,1340.46997,1407934299,akshare.stock_hk_index_daily_sina(HSMPI)
2026-01-23,1344.19,1354.12,1322.79,1331.47998,1786502869,akshare.stock_hk_index_daily_sina(HSMPI)
2026-01-26,1331.63,1333.04,1318.17,1330.45996,833449268,akshare.stock_hk_index_daily_sina(HSMPI)
2026-01-27,1331.51,1337.32,1322.07,1335.97998,795618915,akshare.stock_hk_index_daily_sina(HSMPI)
2026-01-28,1328.92,1369.29,1326.44,1368.55005,640339175,akshare.stock_hk_index_daily_sina(HSMPI)
2026-01-29,1358.43,1437.77,1358.43,1433.91003,4880087654,akshare.stock_hk_index_daily_sina(HSMPI)
2026-01-30,1422.81,1435.93,1406.85,1410.92004,1265377900,akshare.stock_hk_index_daily_sina(HSMPI)
2026-02-02,1400.33,1401.5,1364.96,1376.97998,1187388934,akshare.stock_hk_index_daily_sina(HSMPI)
2026-02-03,1373.61,1410.84,1363.79,1399.44995,919820992,akshare.stock_hk_index_daily_sina(HSMPI)
2026-02-04,1398.36,1451.07,1395.39,1440.58997,1561332505,akshare.stock_hk_index_daily_sina(HSMPI)
2026-02-05,1433.22,1443.51,1418.26,1440.56995,694696347,akshare.stock_hk_index_daily_sina(HSMPI)
2026-02-06,1425.92,1429.17,1412.58,1419.39002,644264248,akshare.stock_hk_index_daily_sina(HSMPI)
2026-02-09,1427.06,1464.61,1425.81,1447.29004,712127992,akshare.stock_hk_index_daily_sina(HSMPI)
2026-02-10,1444.78,1449.24,1427.51,1433.07996,534496966,akshare.stock_hk_index_daily_sina(HSMPI)
2026-02-11,1430.04,1443.25,1420.81,1442.51001,563856415,akshare.stock_hk_index_daily_sina(HSMPI)
2026-02-12,1439.57,1449.99,1424.96,1435.30005,819373567,akshare.stock_hk_index_daily_sina(HSMPI)
2026-02-13,1419.83,1426.72,1397.35,1406.68994,530690754,akshare.stock_hk_index_daily_sina(HSMPI)
2026-02-16,1407.15,1407.15,1388.88,1395.95996,132403134,akshare.stock_hk_index_daily_sina(HSMPI)
2026-02-20,1402.07,1402.92,1381.62,1381.68994,221208545,akshare.stock_hk_index_daily_sina(HSMPI)
2026-02-23,1389.03,1409.4,1387.81,1408.83997,509090073,akshare.stock_hk_index_daily_sina(HSMPI)
2026-02-24,1401.51,1411.29,1384.54,1393.70996,557410188,akshare.stock_hk_index_daily_sina(HSMPI)
2026-02-25,1399.56,1458.18,1397.8,1425.95996,989477686,akshare.stock_hk_index_daily_sina(HSMPI)
2026-02-26,1432.67,1435.1,1395.44,1397.51001,699669026,akshare.stock_hk_index_daily_sina(HSMPI)
2026-02-27,1396.51,1400.65,1383.58,1387.90002,1660573975,akshare.stock_hk_index_daily_sina(HSMPI)
2026-03-02,1380.76,1386.0,1361.69,1370.55005,1149702639,akshare.stock_hk_index_daily_sina(HSMPI)
2026-03-03,1374.69,1383.58,1347.62,1347.89002,904886665,akshare.stock_hk_index_daily_sina(HSMPI)
2026-03-04,1338.83,1341.91,1306.73,1322.29004,902607571,akshare.stock_hk_index_daily_sina(HSMPI)
2026-03-05,1337.23,1357.81,1328.78,1330.65002,374346241,akshare.stock_hk_index_daily_sina(HSMPI)
2026-03-06,1329.59,1351.08,1325.21,1344.31006,324756519,akshare.stock_hk_index_daily_sina(HSMPI)
2026-03-09,1321.01,1321.94,1283.81,1318.30005,594065943,akshare.stock_hk_index_daily_sina(HSMPI)
2026-03-10,1332.93,1338.08,1310.46,1320.41003,380394662,akshare.stock_hk_index_daily_sina(HSMPI)
2026-03-11,1323.26,1334.8,1318.57,1323.66003,399276589,akshare.stock_hk_index_daily_sina(HSMPI)
2026-03-12,1318.65,1322.32,1292.94,1310.18005,400061219,akshare.stock_hk_index_daily_sina(HSMPI)
2026-03-13,1304.68,1323.25,1298.76,1304.67004,684674387,akshare.stock_hk_index_daily_sina(HSMPI)
2026-03-16,1302.95,1324.7,1302.95,1315.37,328165416,akshare.stock_hk_index_daily_sina(HSMPI)
2026-03-17,1319.12,1351.85,1319.12,1335.68994,766061941,akshare.stock_hk_index_daily_sina(HSMPI)
2026-03-18,1344.19,1346.05,1320.42,1320.89002,291364360,akshare.stock_hk_index_daily_sina(HSMPI)
2026-03-19,1306.66,1306.66,1275.23,1276.18005,393666527,akshare.stock_hk_index_daily_sina(HSMPI)
2026-03-20,1275.11,1281.56,1256.96,1262.85999,1224258546,akshare.stock_hk_index_daily_sina(HSMPI)
2026-03-23,1253.1,1253.1,1206.81,1213.09998,439468370,akshare.stock_hk_index_daily_sina(HSMPI)
2026-03-24,1229.52,1241.47,1213.32,1238.20996,683601353,akshare.stock_hk_index_daily_sina(HSMPI)
2026-03-25,1241.67,1262.35,1239.27,1245.70996,920112349,akshare.stock_hk_index_daily_sina(HSMPI)
2026-03-26,1245.22,1250.27,1213.94,1216.07996,620860488,akshare.stock_hk_index_daily_sina(HSMPI)
2026-03-27,1215.13,1225.2,1209.93,1213.55005,372972426,akshare.stock_hk_index_daily_sina(HSMPI)
2026-03-30,1200.03,1215.9,1198.75,1202.81006,380516050,akshare.stock_hk_index_daily_sina(HSMPI)
2026-03-31,1203.53,1234.9,1193.84,1203.94995,545401367,akshare.stock_hk_index_daily_sina(HSMPI)
2026-04-01,1225.2,1238.51,1221.99,1227.77002,439466370,akshare.stock_hk_index_daily_sina(HSMPI)
2026-04-02,1221.91,1227.58,1203.0,1214.53003,333581328,akshare.stock_hk_index_daily_sina(HSMPI)
2026-04-08,1247.27,1254.95,1238.55,1245.76001,510169272,akshare.stock_hk_index_daily_sina(HSMPI)
2026-04-09,1237.63,1246.55,1230.78,1242.43994,318264957,akshare.stock_hk_index_daily_sina(HSMPI)
2026-04-10,1249.12,1265.03,1242.92,1247.47998,288975903,akshare.stock_hk_index_daily_sina(HSMPI)
2026-04-13,1246.26,1254.11,1234.95,1241.32996,281937174,akshare.stock_hk_index_daily_sina(HSMPI)
2026-04-14,1251.45,1283.71,1251.45,1280.47998,926113702,akshare.stock_hk_index_daily_sina(HSMPI)
2026-04-15,1288.04,1295.92,1277.74,1280.94995,371496836,akshare.stock_hk_index_daily_sina(HSMPI)
2026-04-16,1283.48,1296.24,1276.2,1296.23999,323081771,akshare.stock_hk_index_daily_sina(HSMPI)
2026-04-17,1289.42,1299.65,1280.76,1289.44995,648692138,akshare.stock_hk_index_daily_sina(HSMPI)
2026-04-20,1295.8,1296.56,1281.7,1293.02002,172312203,akshare.stock_hk_index_daily_sina(HSMPI)
2026-04-21,1298.65,1311.52,1298.02,1310.18994,142078803,akshare.stock_hk_index_daily_sina(HSMPI)
2026-04-22,1301.27,1308.32,1288.65,1308.27002,353705701,akshare.stock_hk_index_daily_sina(HSMPI)
2026-04-23,1307.5,1309.41,1287.03,1300.87,290506729,akshare.stock_hk_index_daily_sina(HSMPI)
2026-04-24,1297.16,1298.33,1286.73,1297.21997,274672754,akshare.stock_hk_index_daily_sina(HSMPI)
2026-04-27,1300.51,1305.29,1277.62,1288.16003,212687408,akshare.stock_hk_index_daily_sina(HSMPI)
2026-04-28,1286.73,1297.57,1269.81,1275.79004,217635612,akshare.stock_hk_index_daily_sina(HSMPI)
2026-04-29,1280.49,1333.08,1279.54,1333.07996,469787462,akshare.stock_hk_index_daily_sina(HSMPI)
2026-04-30,1323.42,1347.36,1322.75,1331.21997,427348341,akshare.stock_hk_index_daily_sina(HSMPI)
2026-05-04,1359.0,1378.03,1355.06,1359.23999,377129930,akshare.stock_hk_index_daily_sina(HSMPI)
2026-05-05,1356.08,1367.67,1343.8,1367.44995,246758450,akshare.stock_hk_index_daily_sina(HSMPI)
2026-05-06,1372.89,1434.07,1372.89,1430.64002,599504763,akshare.stock_hk_index_daily_sina(HSMPI)
2026-05-07,1446.48,1472.78,1436.29,1472.78003,332705384,akshare.stock_hk_index_daily_sina(HSMPI)
2026-05-08,1456.93,1511.52,1453.09,1509.05005,456083729,akshare.stock_hk_index_daily_sina(HSMPI)
2026-05-11,1506.89,1536.16,1495.84,1528.71997,690078614,akshare.stock_hk_index_daily_sina(HSMPI)
2026-05-12,1530.69,1548.57,1517.61,1521.67004,525870859,akshare.stock_hk_index_daily_sina(HSMPI)
2026-05-13,1519.93,1524.85,1503.4,1517.93994,288887101,akshare.stock_hk_index_daily_sina(HSMPI)
2026-05-14,1540.81,1540.81,1510.21,1519.30005,444411283,akshare.stock_hk_index_daily_sina(HSMPI)
2026-05-15,1513.36,1515.34,1485.81,1500.64002,843241129,akshare.stock_hk_index_daily_sina(HSMPI)
2026-05-18,1497.53,1497.53,1411.41,1430.27002,554864981,akshare.stock_hk_index_daily_sina(HSMPI)
2026-05-19,1428.62,1438.11,1413.46,1423.45996,341914130,akshare.stock_hk_index_daily_sina(HSMPI)
2026-05-20,1430.63,1433.7,1395.39,1404.72998,258418692,akshare.stock_hk_index_daily_sina(HSMPI)
2026-05-21,1408.28,1413.58,1383.51,1389.32996,975413453,akshare.stock_hk_index_daily_sina(HSMPI)
2026-05-22,1398.81,1398.81,1360.2,1365.48999,398350088,akshare.stock_hk_index_daily_sina(HSMPI)
2026-05-26,1368.0,1371.18,1339.73,1352.12,365128345,akshare.stock_hk_index_daily_sina(HSMPI)
2026-05-27,1350.71,1350.71,1319.73,1330.17004,626936059,akshare.stock_hk_index_daily_sina(HSMPI)
2026-05-28,1322.32,1330.42,1289.16,1310.51001,644145365,akshare.stock_hk_index_daily_sina(HSMPI)
2026-05-29,1304.26,1361.13,1303.41,1336.34998,4414010947,akshare.stock_hk_index_daily_sina(HSMPI)
2026-06-01,1336.23,1376.96,1327.61,1368.68005,1018081001,akshare.stock_hk_index_daily_sina(HSMPI)
2026-06-02,1368.28,1390.24,1368.28,1378.20996,726738238,akshare.stock_hk_index_daily_sina(HSMPI)
2026-06-03,1379.75,1379.75,1351.61,1355.65002,551112622,akshare.stock_hk_index_daily_sina(HSMPI)
2026-06-04,1356.54,1357.4,1337.38,1343.32996,750926698,akshare.stock_hk_index_daily_sina(HSMPI)
2026-06-05,1338.68,1359.19,1329.35,1330.91003,610803326,akshare.stock_hk_index_daily_sina(HSMPI)
2026-06-08,1302.9,1323.06,1290.27,1308.21997,499122568,akshare.stock_hk_index_daily_sina(HSMPI)
2026-06-09,1304.26,1314.11,1284.1,1309.28003,325814708,akshare.stock_hk_index_daily_sina(HSMPI)
2026-06-10,1301.57,1320.67,1291.78,1318.96997,375930135,akshare.stock_hk_index_daily_sina(HSMPI)
2026-06-11,1312.74,1344.28,1312.74,1334.12,716819056,akshare.stock_hk_index_daily_sina(HSMPI)
2026-06-12,1339.78,1370.39,1335.58,1353.02002,450368741,akshare.stock_hk_index_daily_sina(HSMPI)
2026-06-15,1353.15,1357.63,1323.0,1327.62,394808803,akshare.stock_hk_index_daily_sina(HSMPI)
2026-06-16,1326.35,1330.51,1271.95,1279.60999,614328855,akshare.stock_hk_index_daily_sina(HSMPI)
2026-06-17,1280.45,1282.29,1242.52,1250.68994,447545268,akshare.stock_hk_index_daily_sina(HSMPI)
2026-06-18,1242.86,1243.96,1185.0,1196.71997,696744475,akshare.stock_hk_index_daily_sina(HSMPI)
2026-06-22,1192.09,1192.09,1146.74,1164.92004,512461420,akshare.stock_hk_index_daily_sina(HSMPI)
2026-06-23,1167.18,1168.73,1130.04,1144.5,400125251,akshare.stock_hk_index_daily_sina(HSMPI)
2026-06-24,1150.14,1154.41,1129.17,1144.63001,331495471,akshare.stock_hk_index_daily_sina(HSMPI)
2026-06-25,1151.84,1151.84,1118.6,1129.04004,582484750,akshare.stock_hk_index_daily_sina(HSMPI)
2026-06-26,1124.97,1124.97,1097.12,1109.43005,623064091,akshare.stock_hk_index_daily_sina(HSMPI)
2026-06-29,1121.61,1141.27,1106.85,1126.30005,433798196,akshare.stock_hk_index_daily_sina(HSMPI)
2026-06-30,1128.02,1129.78,1106.13,1115.09998,545610985,akshare.stock_hk_index_daily_sina(HSMPI)
