date,当日成交净买额,买入成交额,卖出成交额,历史累计净买额,当日资金流入,当日余额,持股市值,领涨股,领涨股-涨跌幅,沪深300,沪深300-涨跌幅,领涨股-代码
2019-10-08,-1.4713999999999898,63.2099,64.68130000000001,0.9680507600000001,5.13,834.87,1867231044929.2,南京熊猫电子股份,10.99,25893.4,0.28,00553.HK
2019-10-09,24.0891,73.2708,49.1817,0.97045967,29.97,810.03,1860451866883.07,招金矿业,6.19,25682.81,-0.81,01818.HK
2019-10-10,20.854899999999997,62.1267,41.271800000000006,0.97254516,26.09,813.91,1874630042715.0,中远海能,8.67,25707.93,0.1,01138.HK
2019-10-11,11.4812,68.3599,56.8787,0.97369328,18.63,821.37,1916226884407.45,中远海能,9.97,26308.44,2.34,01138.HK
2019-10-14,32.3121,91.78020000000001,59.46810000000001,0.9769244899999999,37.67,802.33,1939957186251.37,赣锋锂业,7.26,26521.85,0.81,01772.HK
2019-10-15,11.1845,55.725,44.5405,0.9780429399999999,16.53,823.47,1939232398063.74,特步国际,10.26,26503.93,-0.07,01368.HK
2019-10-16,11.2104,66.2475,55.0371,0.9791639799999999,17.02,822.98,1953409356317.86,东方甄选,11.32,26664.28,0.61,01797.HK
2019-10-17,9.9873,55.0207,45.0334,0.98016271,15.1,824.9,1963493507519.67,众安在线,8.24,26848.49,0.69,06060.HK
2019-10-18,5.6377999999999995,55.34439999999999,49.7066,0.98072649,10.98,829.02,1956589878141.64,凯盛新能,28.05,26719.58,-0.48,01108.HK
2019-10-21,-0.3677,45.2367,45.6044,0.98068972,5.9,834.1,1961481617606.83,众安在线,8.42,26725.68,0.02,06060.HK
2019-10-22,-0.40700000000000003,45.7417,46.1487,0.98064902,5.7,834.3,1965072044392.31,中铝国际,24.06,26786.2,0.23,02068.HK
2019-10-23,7.4955,43.3953,35.8998,0.98139857,11.94,828.06,1948163065259.81,ASMPT,6.03,26566.73,-0.82,00522.HK
2019-10-24,-0.24,36.6719,36.9119,0.98137457,7.02,832.98,1965625124217.91,众安在线,9.7,26797.95,0.87,06060.HK
2019-10-25,4.569100000000001,42.3998,37.8307,0.98183148,10.11,829.89,1965669572836.81,丽珠医药,6.81,26667.39,-0.49,01513.HK
2019-10-28,27.3375,80.28699999999999,52.9495,0.98456523,32.03,807.97,1982544556541.14,长城汽车,13.89,26891.26,0.84,02333.HK
2019-10-29,12.6845,59.8041,47.1196,0.98583368,18.26,821.74,1978926997686.04,东方甄选,10.18,26786.76,-0.39,01797.HK
2019-10-30,6.4239,58.302,51.8781,0.9864760699999999,12.42,827.58,1971374181486.93,比亚迪电子,12.39,26667.71,-0.44,00285.HK
2019-10-31,7.6312999999999995,68.6178,60.9865,0.9872392,14.15,825.85,1985507836458.44,药明康德,11.94,26906.72,0.9,02359.HK
2019-11-01,2.8341000000000003,54.6675,51.833400000000005,0.98752261,9.58,830.42,2005273791334.19,长飞光纤光缆,11.97,27100.76,0.72,06869.HK
2019-11-04,2.8688,64.4291,61.5603,0.98780949,10.69,829.31,2047195347259.91,赣锋锂业,13.41,27547.3,1.65,01772.HK
2019-11-05,7.357,65.3596,58.0026,0.98854519,13.92,826.08,2058735010787.89,东方甄选,10.28,27683.4,0.49,01797.HK
2019-11-06,0.991,47.7175,46.726499999999994,0.98864429,7.52,832.48,2056070091913.93,东方甄选,11.36,27688.64,0.02,01797.HK
2019-11-07,8.7315,54.5004,45.7689,0.98951744,15.56,824.44,2072076348735.5,德昌电机控股,11.17,27847.23,0.57,00179.HK
2019-11-08,3.9558999999999997,57.351400000000005,53.3955,0.9899130300000001,10.1,829.9,2061170726803.32,德昌电机控股,7.84,27651.14,-0.7,00179.HK
2019-11-11,14.9268,68.06869999999999,53.14189999999999,0.99140571,20.24,819.76,2009758159566.85,中国中药,4.83,26926.55,-2.62,00570.HK
2019-11-12,-2.2635,43.5845,45.848,0.99117936,4.99,835.01,2021172578225.89,VTECH HOLDINGS,13.53,27065.28,0.52,00303.HK
2019-11-13,26.201,69.9924,43.7914,0.99379946,31.09,808.91,1995718898329.73,青岛啤酒股份,6.48,26571.46,-1.82,00168.HK
2019-11-14,26.9037,67.8101,40.9064,0.9964898299999999,31.53,808.47,1981654516992.77,金山软件,8.01,26323.69,-0.93,03888.HK
2019-11-15,23.7453,58.7429,34.997600000000006,0.9988643599999999,28.27,811.73,1984263212262.29,华润啤酒,4.64,26326.66,0.01,00291.HK
2019-11-18,23.0381,67.0603,44.022200000000005,1.0011681700000001,29.74,810.26,2013389768416.74,东方甄选,11.62,26681.09,1.35,01797.HK
2019-11-19,25.8056,72.9695,47.163900000000005,1.00374873,31.96,808.04,2048538396470.0,建滔积层板,12.67,27093.8,1.55,01888.HK
2019-11-20,21.273400000000002,57.429399999999994,36.156,1.0058760699999998,26.12,813.88,2039617875874.3,李宁,5.37,26889.61,-0.75,02331.HK
2019-11-21,30.124499999999998,63.092299999999994,32.967800000000004,1.00888852,35.97,804.03,2016078138069.43,鞍钢股份,10.18,26466.88,-1.57,00347.HK
2019-11-22,16.4728,56.513400000000004,40.0406,1.0105358,21.84,818.16,2024160307140.97,浙江世宝,16.09,26595.08,0.48,01057.HK
2019-11-25,8.3071,56.772299999999994,48.4652,1.01136651,14.92,825.08,2049653738143.8,五矿资源,7.59,26993.04,1.5,01208.HK
2019-11-26,13.7073,48.03229999999999,34.325,1.01273724,20.05,819.95,2051940043264.92,赣锋锂业,6.39,26913.92,-0.29,01772.HK
2019-11-27,10.431199999999999,51.610600000000005,41.179399999999994,1.01378036,18.08,821.92,2057332672576.94,五矿资源,9.36,26954.0,0.15,01208.HK
2019-11-28,12.3423,62.7325,50.39020000000001,1.01501459,18.83,821.17,2058074840985.2,阿里健康,6.17,26893.73,-0.22,00241.HK
2019-11-29,19.148,68.38159999999999,49.233599999999996,1.01692939,24.28,815.72,2021255391175.94,周大福,7.93,26346.49,-2.03,01929.HK
2019-12-02,19.2299,63.6982,44.4683,1.01885238,24.3,815.7,2032187131473.88,信义光能,6.86,26444.72,0.37,00968.HK
2019-12-03,22.8819,56.0057,33.1238,1.02114057,28.41,811.59,2036523290112.38,南京熊猫电子股份,9.38,26391.3,-0.2,00553.HK
2019-12-04,22.6742,59.3142,36.64,1.0234079900000002,27.48,812.52,2020058742836.88,山东黄金,8.92,26062.56,-1.25,01787.HK
2019-12-05,21.6358,57.5308,35.895,1.0255715699999999,27.04,812.96,2040745800979.22,华虹宏力,15.07,26217.04,0.59,01347.HK
2019-12-06,22.4745,66.3139,43.8394,1.0278190200000001,28.07,811.93,2066212296958.14,瑞声科技,8.97,26498.37,1.07,02018.HK
2019-12-09,17.8679,64.1343,46.266400000000004,1.02960581,23.66,816.34,2076824153534.54,理文造纸,4.73,26494.73,-0.01,02314.HK
2019-12-10,17.6455,67.7203,50.074799999999996,1.0313703600000002,25.31,814.69,2075079702448.86,华虹宏力,6.44,26436.62,-0.22,01347.HK
2019-12-11,16.3781,65.8627,49.4846,1.03300817,24.4,815.6,2099024880309.81,中铝国际,13.04,26645.43,0.79,02068.HK
2019-12-12,6.3462,65.8087,59.4625,1.03364279,14.54,825.46,2118188161199.58,丘钛科技,13.02,26994.14,1.31,01478.HK
2019-12-13,24.524099999999997,93.6605,69.13640000000001,1.0360951999999999,31.01,808.99,2160509672224.32,中集安瑞科,8.51,27687.76,2.57,03899.HK
2019-12-16,48.0422,99.7977,51.755500000000005,1.0408994200000001,51.63,788.37,2158653468859.79,同程旅行,7.46,27508.09,-0.65,00780.HK
2019-12-17,50.1479,121.0416,70.8937,1.0459142099999998,58.96,781.04,2200593068901.18,赣锋锂业,7.95,27843.71,1.22,01772.HK
2019-12-18,19.325599999999998,75.2016,55.876000000000005,1.04784677,26.57,813.43,2210865933690.97,先健科技,7.58,27884.21,0.15,01302.HK
2019-12-19,16.436500000000002,64.04560000000001,47.6091,1.04949042,25.33,814.67,2217182235858.19,联邦制药,8.53,27800.49,-0.3,03933.HK
2019-12-20,11.9831,57.8003,45.8172,1.05068873,18.7,821.3,2219781061955.72,四环医药,5.26,27871.35,0.25,00460.HK
2019-12-23,6.976,61.487700000000004,54.5117,1.0513863300000001,14.64,825.36,2225581980768.42,波司登,8.22,27906.41,0.13,03998.HK
2019-12-24,10.5078,36.6856,26.1778,1.05243711,15.47,824.53,2225099726117.61,猫眼娱乐,6.48,27864.21,-0.15,01896.HK
2019-12-27,28.773699999999998,111.5384,82.76469999999999,1.05531448,37.6,802.4,2256329287293.68,凯盛新能,20.09,28225.42,1.3,01108.HK
2019-12-30,14.1671,80.8021,66.635,1.0567311899999998,23.45,816.55,2271643859967.98,凯盛新能,22.3,28319.39,0.33,01108.HK
2019-12-31,15.4718,58.8688,43.397,1.0582783700000002,21.55,818.45,2263272201931.11,美图公司,9.33,28189.75,-0.46,01357.HK
2020-01-02,31.4588,116.8676,85.40879999999999,1.06142425,39.41,800.59,2308317769217.86,中远海控,9.18,28543.52,1.25,01919.HK
2020-01-03,22.3418,88.18959999999998,65.84779999999999,1.0636584299999998,28.4,811.6,2302804197743.68,比亚迪电子,10.64,28451.5,-0.32,00285.HK
2020-01-06,18.831300000000002,95.76180000000001,76.9305,1.06554156,26.27,813.73,2285151187996.18,赣锋锂业,8.93,28226.19,-0.79,01772.HK
2020-01-07,27.8497,87.9495,60.099799999999995,1.06832653,34.47,805.53,2298322645532.71,波司登,12.19,28322.06,0.34,03998.HK
2020-01-08,11.304,85.9927,74.6887,1.0694569299999999,19.72,820.28,2277730308256.26,三生制药,7.83,28087.92,-0.83,01530.HK
2020-01-09,13.6342,65.316,51.6818,1.0708203500000002,21.69,818.31,2327666250304.38,李宁,9.28,28561.0,1.68,02331.HK
2020-01-10,42.621700000000004,99.6778,57.056099999999994,1.07508252,48.12,791.88,2330133708804.21,金蝶国际,8.95,28638.2,0.27,00268.HK
2020-01-13,27.933699999999998,91.77680000000001,63.84310000000001,1.0778758899999998,34.02,805.98,2355638969248.0,东方甄选,18.34,28954.94,1.11,01797.HK
2020-01-14,25.991799999999998,98.70469999999999,72.7129,1.08047507,32.41,807.59,2358318175776.9,创维集团,9.01,28885.14,-0.24,00751.HK
2020-01-15,20.7271,79.1753,58.4482,1.08254778,27.64,812.36,2358450632552.24,微盟集团,12.93,28773.59,-0.39,02013.HK
2020-01-16,13.303199999999999,82.76280000000001,69.4596,1.0838781000000002,21.56,818.44,2372472771632.51,金斯瑞生物科技,8.47,28883.04,0.38,01548.HK
2020-01-17,14.831600000000002,84.432,69.6004,1.08536126,21.71,818.29,2394480476728.92,小米集团-W,8.35,29056.42,0.6,01810.HK
2020-01-20,8.6326,93.0222,84.38959999999999,1.08622452,16.83,823.17,2373804562514.29,长飞光纤光缆,9.39,28795.91,-0.9,06869.HK
2020-01-21,-0.7584000000000001,115.279,116.03739999999999,1.08614868,9.07,830.93,2299662136639.95,平安好医生,6.18,27985.33,-2.81,01833.HK
2020-02-03,5.17779999999999,171.6552,166.47740000000002,1.08666646,21.66,818.34,2143769963132.64,赣锋锂业,5.96,26356.98,0.17,01772.HK
2020-02-04,30.4837,143.7903,113.3066,1.0897148300000001,41.78,798.22,2188806281113.68,东方甄选,13.6,26675.98,1.21,01797.HK
2020-02-05,68.1564,156.3397,88.1833,1.09653047,74.12,765.88,2207671956957.95,赣锋锂业,20.92,26786.74,0.42,01772.HK
2020-02-06,24.160500000000003,103.5545,79.39399999999999,1.0989465200000001,32.38,807.62,2263407008998.58,微盟集团,21.14,27493.7,2.64,02013.HK
2020-02-07,23.1804,99.322,76.1416,1.10126456,32.28,807.72,2272989416721.72,美图公司,17.09,27404.27,-0.33,01357.HK
2020-02-10,50.1909,138.3086,88.1177,1.10628365,58.16,781.84,2269643448862.42,赣锋锂业,13.64,27241.34,-0.59,01772.HK
2020-02-11,42.6255,119.20209999999999,76.5766,1.1105462,48.6,791.4,2304061010841.37,凯盛新能,17.2,27583.88,1.26,01108.HK
2020-02-12,58.5506,118.6541,60.103500000000004,1.11640126,63.07,776.93,2338397703003.27,洛阳钼业,15.11,27823.66,0.87,03993.HK
2020-02-13,28.6813,106.742,78.0607,1.11926939,34.84,805.16,2346717875484.96,中芯国际,6.54,27730.0,-0.34,00981.HK
2020-02-14,29.211799999999997,104.6444,75.43260000000001,1.12219057,35.72,804.28,2364715734068.42,嘉里建设,8.39,27815.6,0.31,00683.HK
2020-02-17,31.3153,113.5513,82.236,1.1253221000000002,40.38,799.62,2393106513923.21,中远海发,22.73,27959.6,0.52,02866.HK
2020-02-18,25.758000000000003,115.10379999999999,89.3458,1.1278979,34.81,805.19,2363572100610.02,时代电气,6.25,27530.2,-1.54,03898.HK
2020-02-19,3.0439999999999996,81.4069,78.3629,1.1282023,12.6,827.4,2383906138005.93,玖龙纸业,8.91,27655.81,0.46,02689.HK
2020-02-20,11.8018,99.2159,87.4141,1.12938248,22.13,817.87,2392216929491.43,美图公司,14.06,27609.16,-0.17,01357.HK
2020-02-21,-0.39819999999999,102.4134,102.8116,1.1293426599999998,10.73,829.27,2365235277587.96,高鑫零售,4.7,27308.81,-1.09,06808.HK
2020-02-24,16.6484,119.3941,102.7457,1.1310075000000002,28.13,811.87,2327591982012.79,中兴通讯,9.22,26820.88,-1.79,00763.HK
2020-02-25,39.4196,129.4401,90.0205,1.13494946,49.11,790.89,2337777451751.97,赣锋锂业,9.78,26893.23,0.27,01772.HK
2020-02-26,37.468,107.75370000000001,70.28569999999999,1.1386962600000001,45.4,794.6,2324523023191.43,第一拖拉机股份,10.46,26696.49,-0.73,00038.HK
2020-02-27,43.705799999999996,101.9024,58.1966,1.1430668400000001,50.64,789.36,2352524073302.86,东江环保,9.89,26778.62,0.31,00895.HK
2020-02-28,37.8027,131.95780000000002,94.1551,1.1468471100000002,46.92,793.08,2289493979977.04,微创医疗,7.69,26129.93,-2.42,00853.HK
2020-03-02,38.0638,124.45110000000001,86.3873,1.15065349,46.34,793.66,2339332297800.89,微创医疗,25.46,26291.68,0.62,00853.HK
2020-03-03,30.647,114.8398,84.1928,1.15371819,37.38,802.62,2347120410473.28,阿里健康,8.58,26284.82,-0.03,00241.HK
2020-03-04,11.263399999999999,89.5051,78.2417,1.1548445299999999,20.67,819.33,2359367189203.34,中国信达,5.29,26222.07,-0.24,01359.HK
2020-03-05,62.2922,143.1377,80.8455,1.16107375,68.66,771.34,2407097507848.34,锦欣生殖,10.78,26767.87,2.08,01951.HK
2020-03-06,32.5674,100.1848,67.6174,1.16433049,39.89,800.11,2360189808359.57,远大医药,6.05,26146.67,-2.32,00512.HK
2020-03-09,78.1491,184.8887,106.7396,1.1721454,82.25,757.75,2263063499271.39,中远海能,8.01,25040.46,-4.23,01138.HK
2020-03-10,83.6212,163.03040000000001,79.4092,1.18050752,89.68,750.32,2303577822927.77,微创医疗,9.93,25392.51,1.41,00853.HK
2020-03-11,60.199600000000004,129.2225,69.02289999999999,1.1865274799999999,65.38,774.62,2307363174940.27,中远海能,18.34,25231.61,-0.63,01138.HK
2020-03-12,126.9832,205.801,78.81779999999999,1.1992258,129.85,710.15,2241691507372.9,浙商银行,5.01,24309.07,-3.66,02016.HK
2020-03-13,161.7071,274.5996,112.8925,1.21539651,168.82,671.18,2235405642522.11,微创医疗,27.52,24032.91,-1.14,00853.HK
2020-03-16,67.9383,195.36990000000003,127.4316,1.22219034,68.71,771.29,2138996954337.68,中铝国际,3.83,23063.57,-4.03,02068.HK
2020-03-17,98.71209999999999,201.75209999999998,103.04,1.23206155,105.7,734.3,2169624170276.07,信义能源,13.5,23263.73,0.87,03868.HK
2020-03-18,57.9277,186.5482,128.6205,1.23785432,70.9,769.1,2092366794890.11,阅文集团,6.31,22291.82,-4.18,00772.HK
2020-03-19,159.0605,311.2398,152.1793,1.2537603700000002,165.47,674.53,2065824948903.75,微盟集团,9.22,21709.13,-2.61,02013.HK
2020-03-20,53.0924,168.15189999999998,115.05950000000001,1.25906961,66.09,773.91,2192397463369.62,新濠国际发展,22.26,22805.07,5.05,00200.HK
2020-03-23,95.1024,186.231,91.1286,1.26857985,102.82,737.18,2127357513772.52,四环医药,6.49,21696.13,-4.86,00460.HK
2020-03-24,42.6537,147.6748,105.0211,1.27284522,55.5,784.5,2241430343547.18,耐世特,20.81,22663.49,4.46,01316.HK
2020-03-25,57.411,176.274,118.863,1.27858632,68.16,771.84,2354587508671.11,昆仑能源,23.1,23527.19,3.81,00135.HK
2020-03-26,18.221700000000002,108.465,90.2433,1.28040849,36.29,803.71,2351986105366.37,复星医药,11.9,23352.34,-0.74,02196.HK
2020-03-27,4.9494000000000105,113.03389999999999,108.0845,1.28090343,28.96,811.04,2372314296213.86,李宁,13.22,23484.28,0.56,02331.HK
2020-03-30,38.554899999999996,121.2784,82.7235,1.2847589199999998,49.1,790.9,2347429798428.87,雅迪控股,20.0,23175.11,-1.32,01585.HK
2020-03-31,18.276,100.184,81.908,1.28658652,31.1,808.9,2392022103223.98,中粮家佳康,14.52,23603.48,1.85,01610.HK
2020-04-01,29.932,131.89790000000002,101.9659,1.2895797199999999,40.05,799.95,2343241112546.28,第一太平,6.25,23085.79,-2.19,00142.HK
2020-04-07,-4.66570000000001,130.5764,135.2421,1.28911315,18.43,821.57,2436046856571.95,五矿资源,21.43,24253.29,2.12,01208.HK
2020-04-08,23.493299999999998,100.3408,76.8475,1.2914624799999999,33.54,806.46,2406610609618.18,康哲药业,5.76,23970.37,-1.17,00867.HK
2020-04-09,-5.650800000000009,80.6283,86.2791,1.2908973999999998,8.19,831.81,2442399411903.63,波司登,13.79,24300.33,1.38,03998.HK
2020-04-14,5.1738,102.59209999999999,97.4183,1.29141478,21.37,818.63,2462922791466.58,JS环球生活,14.88,24435.4,0.56,01691.HK
2020-04-15,15.624,114.4766,98.8526,1.2929771799999998,27.59,812.41,2434255941970.18,中国东方教育,8.65,24145.34,-1.19,00667.HK
2020-04-16,-0.569,85.5718,86.1408,1.2929202800000001,11.89,828.11,2429586612938.29,中粮家佳康,11.0,24006.45,-0.58,01610.HK
2020-04-17,40.1888,120.6085,80.4197,1.29693916,60.89,779.11,2459313670754.95,中粮家佳康,11.21,24380.0,1.56,01610.HK
2020-04-20,26.3831,79.9641,53.581,1.29957747,36.03,803.97,2470560744301.02,平安好医生,8.96,24330.02,-0.21,01833.HK
2020-04-21,30.6551,100.81280000000001,70.1577,1.30264298,40.45,799.55,2424647413102.97,辽港股份,4.62,23793.55,-2.2,02880.HK
2020-04-22,9.6826,83.1534,73.4708,1.30361124,27.85,812.15,2446774787756.69,阿里健康,10.89,23893.36,0.42,00241.HK
2020-04-23,11.3919,81.3893,69.9974,1.30475043,24.37,815.63,2459804393961.27,JS环球生活,10.06,23977.32,0.35,01691.HK
2020-04-24,4.8321,69.8783,65.0462,1.3052336399999998,15.49,824.51,2439618182654.68,第一拖拉机股份,12.08,23831.33,-0.61,00038.HK
2020-04-27,8.3332,80.6749,72.3417,1.3060669599999999,19.8,820.2,2491483641409.11,越秀交通基建,11.23,24280.14,1.88,01052.HK
2020-05-06,2.3721,151.9582,149.58610000000002,1.30630417,19.53,820.47,2498458490501.79,中国软件国际,15.59,24137.48,1.13,00354.HK
2020-05-07,11.6259,93.70870000000001,82.0828,1.30746676,23.44,816.56,2495454376887.49,雅迪控股,10.93,23980.63,-0.65,01585.HK
2020-05-08,4.21420000000001,108.0243,103.8101,1.30788818,18.2,821.8,2533256875595.02,心动公司,16.97,24230.17,1.04,02400.HK
2020-05-11,-16.3698,100.7718,117.1416,1.3062512,-3.23,843.23,2563207295113.13,敏华控股,8.65,24602.06,1.53,01999.HK
2020-05-12,18.279,86.97139999999999,68.69239999999999,1.3080791,28.26,811.74,2542382518207.0,微创医疗,10.22,24245.68,-1.45,00853.HK
2020-05-13,33.9427,100.3953,66.4526,1.31147337,43.55,796.45,2548878811009.5,联想控股,13.32,24180.3,-0.27,03396.HK
2020-05-14,40.7635,132.9745,92.211,1.31554972,50.69,789.31,2526544495469.81,中芯国际,9.66,23829.74,-1.45,00981.HK
2020-05-15,20.776999999999997,96.1961,75.4191,1.31762742,30.6,809.4,2533750349621.25,敏华控股,19.31,23797.47,-0.14,01999.HK
2020-05-18,13.5342,119.32520000000001,105.791,1.3189808400000003,25.18,814.82,2552497643693.07,阅文集团,13.58,23934.77,0.58,00772.HK
2020-05-19,12.2409,108.74700000000001,96.5061,1.3202049299999998,23.12,816.88,2598828996356.46,心动公司,14.94,24388.13,1.89,02400.HK
2020-05-20,8.1724,95.2624,87.09,1.32102217,18.61,821.39,2606557451843.88,中国民航信息网络,9.85,24399.95,0.05,00696.HK
2020-05-21,1.1155,106.3062,105.19069999999999,1.32113372,12.41,827.59,2583784727586.99,易鑫集团,8.51,24280.03,-0.49,02858.HK
2020-05-22,44.1364,168.0911,123.95469999999999,1.32554736,56.06,783.94,2468432734779.33,VITASOY INT'L,4.91,22930.14,-5.56,00345.HK
2020-05-25,27.2133,101.95639999999999,74.7431,1.3282686899999998,37.85,802.15,2494088608275.37,微盟集团,13.51,22952.24,0.1,02013.HK
2020-05-26,42.106700000000004,109.3682,67.2615,1.33247936,50.4,789.6,2542815555429.32,美团-W,10.41,23384.66,1.88,03690.HK
2020-05-27,5.5875,87.6018,82.0143,1.33303811,15.98,824.02,2526569348904.32,北京北辰实业股份,6.78,23301.36,-0.36,00588.HK
2020-05-28,-15.4969,81.7525,97.24940000000001,1.33148842,-3.19,843.19,2520041429236.91,中远海能,5.18,23132.76,-0.72,01138.HK
2020-05-29,11.4156,71.1519,59.7363,1.33262998,21.52,818.48,2534343172899.9,海信家电,16.38,22961.47,-0.74,00921.HK
2020-06-01,17.505,106.5475,89.0425,1.33438048,29.55,810.45,2610433827545.57,FIT HON TENG,23.15,23732.52,3.36,06088.HK
2020-06-02,4.4628,77.3489,72.8861,1.33482676,15.51,824.49,2634685085043.67,中创智领,10.95,23995.94,1.11,00564.HK
2020-06-03,11.317,101.1982,89.8812,1.33595846,21.8,818.2,2667574193542.03,中烟香港,13.32,24325.62,1.37,06055.HK
2020-06-04,6.39589999999999,85.8044,79.4085,1.3365980499999999,16.98,823.02,2678159015288.89,中粮家佳康,11.63,24366.3,0.17,01610.HK
2020-06-05,-4.8631,84.9777,89.8408,1.33611174,8.55,831.45,2705469642734.81,中国南方航空股份,10.72,24770.41,1.66,01055.HK
2020-06-08,4.8721,102.4243,97.5522,1.33659895,15.77,824.23,2692021033485.33,第一太平,22.67,24776.77,0.03,00142.HK
2020-06-09,7.1770000000000005,97.19149999999999,90.01450000000001,1.33731665,16.95,823.05,2706805383045.9,联邦制药,12.27,25057.22,1.13,03933.HK
2020-06-10,9.9075,91.66590000000001,81.7584,1.3383074,21.13,818.87,2718071764485.94,微盟集团,14.46,25049.73,-0.03,02013.HK
2020-06-11,4.43549999999999,98.5561,94.1206,1.33875095,14.31,825.69,2670602226424.39,雅迪控股,3.54,24480.15,-2.27,01585.HK
2020-06-12,17.761400000000002,94.68950000000001,76.9281,1.3405270900000001,30.16,809.84,2662730015435.51,平安好医生,8.47,24301.38,-0.73,01833.HK
2020-06-15,22.4867,95.4622,72.9755,1.34277576,31.28,808.72,2615044615883.93,中远海控,7.62,23776.95,-2.16,01919.HK
2020-06-16,20.2549,108.1667,87.9118,1.3448012500000002,29.74,810.26,2690128030920.58,赣锋锂业,16.69,24344.09,2.39,01772.HK
2020-06-17,24.2144,100.82979999999999,76.6154,1.34722269,34.34,805.66,2707016756124.31,先健科技,13.83,24481.41,0.56,01302.HK
2020-06-18,23.811999999999998,113.0079,89.1959,1.34960389,35.04,804.96,2725554146656.99,中兴通讯,21.98,24464.94,-0.07,00763.HK
2020-06-19,21.2324,110.2268,88.9944,1.3517271299999998,32.46,807.54,2755098252506.3,大麦娱乐,9.0,24643.89,0.73,01060.HK
2020-06-22,7.773300000000001,138.1028,130.3295,1.35250446,21.74,818.26,2732672762811.86,FIT HON TENG,12.78,24511.34,-0.54,06088.HK
2020-06-29,5.68510000000001,172.48669999999998,166.8016,1.35307297,22.55,817.45,2736704208944.98,福莱特玻璃,9.19,24301.28,-1.01,06865.HK
2020-06-30,52.1907,167.9479,115.7572,1.35829204,62.8,777.2,2746229859564.17,先健科技,14.55,24427.19,0.52,01302.HK
2020-07-02,50.8428,210.32229999999998,159.4795,1.3633763200000002,66.11,773.89,2844906585618.46,光大证券,26.96,25124.19,2.85,06178.HK
2020-07-03,34.1709,210.98950000000002,176.8186,1.3667934099999999,50.03,789.97,2917691306515.55,光大证券,26.16,25373.12,0.99,06178.HK
2020-07-06,90.2567,345.95889999999997,255.7022,1.37581908,111.88,728.12,3069095657088.47,光大证券,30.43,26339.16,3.81,06178.HK
2020-07-07,41.1935,320.6017,279.4082,1.37993843,61.23,778.77,3027667962227.7,华宝国际,26.58,25975.66,-1.38,00336.HK
2020-07-08,87.96690000000001,265.0659,177.09900000000002,1.38873512,103.25,736.75,3116347482950.51,中船防务,55.78,26129.18,0.59,00317.HK
2020-07-09,74.5009,267.91810000000004,193.4172,1.39618521,90.4,749.6,3152358621371.54,中铝国际,30.0,26210.16,0.31,02068.HK
2020-07-10,28.2996,207.083,178.7834,1.3990151699999998,34.82,805.18,3114935722923.99,FIT HON TENG,10.51,25727.41,-1.84,06088.HK
2020-07-13,61.9112,250.98080000000002,189.06959999999998,1.4052062900000002,78.24,761.76,3156021556578.92,五矿资源,16.5,25772.12,0.17,01208.HK
2020-07-14,65.6855,215.3513,149.6658,1.41177484,80.68,759.32,3098289898631.22,华宝国际,25.15,25477.89,-1.14,00336.HK
2020-07-15,20.5256,202.34990000000002,181.8243,1.4138274,39.05,800.95,3103608949706.95,德昌电机控股,12.6,25481.58,0.01,00179.HK
2020-07-16,4.06719999999999,245.6864,241.61919999999998,1.4142341200000001,21.81,818.19,2979473731514.4,国泰航空,3.56,24970.69,-2.0,00293.HK
2020-07-17,18.6518,130.3708,111.719,1.4160993,31.0,809.0,3023494837784.91,微盟集团,11.26,25089.17,0.47,02013.HK
2020-07-20,45.2704,185.0318,139.76139999999998,1.42062634,59.88,780.12,3044919647024.47,中船防务,22.43,25057.99,-0.12,00317.HK
2020-07-21,51.169,173.1923,122.0233,1.42574324,61.94,778.06,3122534802930.38,金蝶国际,14.36,25635.66,2.31,00268.HK
2020-07-22,33.8206,168.5085,134.6879,1.4291253000000002,42.76,797.24,3053656086458.46,昆仑能源,9.35,25057.94,-2.25,00135.HK
2020-07-23,36.2097,165.75369999999998,129.54399999999998,1.43274627,50.68,789.32,3110736177241.09,第一拖拉机股份,20.91,25263.0,0.82,00038.HK
2020-07-24,-12.324300000000001,174.8888,187.21310000000003,1.4315138400000003,11.37,828.63,3004120685448.76,第一拖拉机股份,9.12,24705.33,-2.21,00038.HK
2020-07-27,18.4953,139.8541,121.35879999999999,1.4333633700000001,31.86,808.14,2994693313364.48,思摩尔国际,12.53,24603.26,-0.41,06969.HK
2020-07-28,38.6255,137.3632,98.7377,1.43722592,47.3,792.7,3033170133938.37,比亚迪电子,11.9,24772.76,0.69,00285.HK
2020-07-29,36.6115,129.94469999999998,93.33319999999999,1.44088707,47.67,792.33,3064565237883.58,华虹宏力,13.3,24883.14,0.45,01347.HK
2020-07-30,55.782399999999996,146.5435,90.7611,1.4464653100000002,62.29,777.71,3057572152500.46,金风科技,16.75,24710.59,-0.69,02208.HK
2020-07-31,27.9314,131.3597,103.4283,1.4492584499999999,38.17,801.83,3056587087645.12,盛业,10.95,24595.35,-0.47,06069.HK
2020-08-03,47.114200000000004,172.2957,125.1815,1.45396987,60.43,779.57,3104240545726.43,远大医药,21.93,24458.13,-0.56,00512.HK
2020-08-04,34.287,149.1519,114.86489999999999,1.45739857,46.12,793.88,3161175352536.95,凯盛新能,13.83,24946.63,2.0,01108.HK
2020-08-05,9.38669999999999,127.1727,117.786,1.45833724,23.84,816.16,3201400351767.8,微盟集团,10.6,25102.54,0.62,02013.HK
2020-08-06,7.76339999999999,132.5565,124.7931,1.45911358,22.99,817.01,3208014987257.46,海普瑞,17.25,24930.58,-0.69,09989.HK
2020-08-07,-16.2942,166.0103,182.30450000000002,1.45748416,3.22,836.78,3158417780081.84,电讯盈科,9.13,24531.62,-1.6,00008.HK
2020-08-10,27.0009,157.2075,130.2066,1.46018425,40.55,799.45,3121047233950.14,JS环球生活,27.36,24377.43,-0.63,01691.HK
2020-08-11,5.3152,125.93719999999999,120.62200000000001,1.46071577,19.04,820.96,3141064958104.39,海底捞,12.95,24890.68,2.11,06862.HK
2020-08-12,2.6362,137.64770000000001,135.01149999999998,1.4609793899999999,18.98,821.02,3135734126595.17,国泰航空,12.0,25244.02,1.42,00293.HK
2020-08-13,0.6177,93.9184,93.30069999999999,1.46104116,13.29,826.71,3133798042383.55,中国联通,25.6,25230.67,-0.05,00762.HK
2020-08-14,26.5823,100.49690000000001,73.91460000000001,1.46369939,35.48,804.52,3144028230772.67,李宁,8.42,25183.01,-0.19,02331.HK
2020-08-17,26.4586,145.42520000000002,118.9666,1.46634525,39.25,800.75,3174125057740.84,中创智领,17.04,25347.34,0.65,00564.HK
2020-08-18,10.751600000000002,123.16940000000001,112.4178,1.46742041,23.52,816.48,3206668958392.7,中国联通,11.05,25367.38,0.08,00762.HK
2020-08-19,-9.450099999999999,74.3832,83.8333,1.4664754,1.13,838.87,3196964266282.96,华能国际电力股份,11.76,25178.91,-0.74,00902.HK
2020-08-20,3.82190000000001,93.11540000000001,89.29350000000001,1.4668575900000003,17.3,822.7,3166725514077.5,四环医药,4.76,24791.39,-1.54,00460.HK
2020-08-21,16.4975,111.53290000000001,95.03540000000001,1.4685073400000002,27.73,812.27,3185790943517.52,四环医药,17.05,25113.84,1.3,00460.HK
2020-08-24,29.710900000000002,139.4581,109.74719999999999,1.47147843,41.18,798.82,3231134333523.28,中创智领,16.33,25551.58,1.74,00564.HK
2020-08-25,10.3118,116.3653,106.0535,1.4725096100000001,23.21,816.79,3214963138195.76,康师傅控股,12.39,25486.22,-0.26,00322.HK
2020-08-26,12.9881,124.2731,111.285,1.47380842,24.86,815.14,3208393854851.97,东江环保,7.66,25491.79,0.02,00895.HK
2020-08-27,42.5568,163.8989,121.34209999999999,1.4780641,54.82,785.18,3234334282115.63,众安在线,22.86,25281.15,-0.83,06060.HK
2020-08-28,42.6546,157.9468,115.2922,1.4823295600000002,51.96,788.04,3237679810892.17,建滔积层板,19.93,25422.06,0.56,01888.HK
2020-08-31,48.9233,171.8851,122.9618,1.48722189,55.91,784.09,3193963919210.81,比亚迪电子,11.55,25177.05,-0.96,00285.HK
2020-09-01,29.542600000000004,133.2194,103.6768,1.49017615,42.17,797.83,3236312964699.46,比亚迪股份,13.83,25184.85,0.03,01211.HK
2020-09-02,40.2834,156.3271,116.0437,1.49420449,52.46,787.54,3252285618208.83,比亚迪电子,14.01,25120.09,-0.26,00285.HK
2020-09-03,15.511199999999999,126.90299999999999,111.3918,1.4957556100000002,28.05,811.95,3219374548369.98,重庆钢铁股份,9.09,25007.6,-0.45,01053.HK
2020-09-04,48.0525,161.3792,113.3267,1.5005608600000002,62.11,777.89,3203698196870.6,中创智领,10.64,24695.45,-1.25,00564.HK
2020-09-07,39.6889,183.71380000000002,144.0249,1.50452975,51.21,788.79,3144311235676.1,信达生物,11.0,24589.65,-0.43,01801.HK
2020-09-08,-18.4668,119.4434,137.9102,1.50268307,-1.3,841.3,3155937218857.06,中石化油服,7.69,24624.34,0.14,01033.HK
2020-09-09,17.3401,101.55770000000001,84.2176,1.50441708,28.75,811.25,3126864116268.91,辽港股份,10.0,24468.93,-0.63,02880.HK
2020-09-10,12.7093,88.0839,75.3746,1.50568801,19.86,820.14,3110025728357.73,上海电气,7.87,24313.54,-0.64,02727.HK
2020-09-11,23.6553,94.1005,70.4452,1.5080535400000001,33.73,806.27,3150876175372.02,福莱特玻璃,14.44,24503.31,0.78,06865.HK
2020-09-14,52.4354,125.07690000000001,72.6415,1.51329708,58.23,781.77,3180961521181.99,招金矿业,13.96,24640.28,0.56,01818.HK
2020-09-15,26.6767,103.1455,76.4688,1.51596475,36.0,804.0,3207357321096.08,华宝国际,12.78,24732.76,0.38,00336.HK
2020-09-16,18.500799999999998,99.4999,80.9991,1.51781483,28.12,811.88,3233269606069.34,雅迪控股,12.35,24725.63,-0.03,01585.HK
2020-09-17,16.5522,95.2951,78.7429,1.51947005,25.4,814.6,3196875581843.75,理文造纸,9.71,24340.85,-1.56,02314.HK
2020-09-18,21.429899999999996,104.4004,82.97049999999999,1.52161304,31.52,808.48,3235193844023.2,第一太平,14.9,24455.41,0.47,00142.HK
2020-09-21,18.6622,99.94760000000001,81.2854,1.52347926,26.61,813.39,3173607756511.6,国联民生,35.85,23950.69,-2.06,01456.HK
2020-09-22,-6.0147,96.6749,102.68959999999998,1.5228777900000001,6.62,833.38,3146747453685.78,ASMPT,6.13,23716.85,-0.98,00522.HK
2020-09-23,16.5878,88.4191,71.8313,1.52453657,25.88,814.12,3158847360162.84,玖龙纸业,13.31,23742.51,0.11,02689.HK
2020-09-24,-1.32530000000001,89.84129999999999,91.1666,1.52440404,9.76,830.24,3082585608345.89,盛业,5.77,23311.07,-1.82,06069.HK
2020-09-25,8.8185,85.9509,77.1324,1.52528589,17.68,822.32,3046793754028.81,东方证券,5.38,23235.42,-0.32,03958.HK
2020-09-28,36.5291,110.4602,73.9311,1.5289388000000002,44.06,795.94,3094921468988.03,敏实集团,12.93,23476.05,1.04,00425.HK
2020-10-09,28.2033,154.8903,126.68700000000001,1.5317591299999997,37.71,802.29,3229202749351.43,浙江世宝,8.14,24119.13,-0.31,01057.HK
2020-10-12,74.59649999999999,187.1816,112.5851,1.53921878,79.9,760.1,3317641026643.45,特步国际,17.53,24649.68,2.2,01368.HK
2020-10-14,69.38069999999999,180.53259999999997,111.15190000000001,1.54615685,75.09,764.91,3327465691660.51,安德利果汁,59.74,24667.09,0.07,02218.HK
2020-10-15,37.837199999999996,129.5386,91.70139999999999,1.5499405700000002,45.88,794.12,3273296266719.36,鞍钢股份,13.0,24158.54,-2.06,00347.HK
2020-10-16,43.5527,117.00280000000001,73.4501,1.5542958400000002,49.57,790.43,3332385984240.74,耐世特,15.88,24386.79,0.94,01316.HK
2020-10-19,25.9548,125.42620000000001,99.47139999999999,1.55689132,34.2,805.8,3335215230741.12,高鑫零售,19.17,24542.26,0.64,06808.HK
2020-10-20,11.4168,87.8635,76.4467,1.558033,21.76,818.24,3361017860111.58,凯盛新能,10.69,24569.54,0.11,01108.HK
2020-10-21,27.422199999999997,98.7527,71.3305,1.5607752199999998,33.72,806.28,3385489755947.15,耐世特,13.1,24754.42,0.75,01316.HK
2020-10-22,21.3448,102.46610000000001,81.1213,1.5629097,29.17,810.83,3397356646417.35,JS环球生活,8.18,24786.13,0.13,01691.HK
2020-10-23,36.0611,119.37440000000001,83.3133,1.56651581,42.04,797.96,3395239112015.52,金风科技,9.23,24918.78,0.54,02208.HK
2020-10-27,66.7173,171.7999,105.0826,1.5731875400000002,72.5,767.5,3382142107797.36,赣锋锂业,9.97,24787.19,-0.53,01772.HK
2020-10-28,94.7441,189.953,95.2089,1.5826619499999999,96.82,743.18,3397758018726.33,中集集团,9.2,24708.8,-0.32,02039.HK
2020-10-29,113.14,214.595,101.455,1.59397595,115.09,724.91,3431359334284.5,信义能源,12.7,24586.6,-0.49,03868.HK
2020-10-30,59.2632,185.84,126.5768,1.5999022699999998,64.81,775.19,3382524584559.24,福耀玻璃,14.86,24107.42,-1.95,03606.HK
2020-11-02,70.3444,169.44439999999997,99.1,1.60693671,74.82,765.18,3468388033612.18,凯盛新能,25.22,24460.01,1.46,01108.HK
2020-11-03,73.5848,176.7543,103.16950000000001,1.61429519,77.47,762.53,3524727999044.01,敏华控股,11.09,24939.73,1.96,01999.HK
2020-11-04,77.8878,179.8107,101.92290000000001,1.62208397,82.84,757.16,3561304921770.18,中创智领,12.26,24886.14,-0.21,00564.HK
2020-11-05,16.5146,171.0803,154.5657,1.62373543,31.27,808.73,3705481868513.59,中兴通讯,18.83,25695.92,3.25,00763.HK
2020-11-06,-3.37660000000001,138.47899999999998,141.85559999999998,1.62339777,12.6,827.4,3727447974849.38,TCL电子,12.65,25712.97,0.07,01070.HK
2020-11-09,27.0665,195.5741,168.5076,1.6261044199999999,41.83,798.17,3784872839291.96,中远海发,20.19,26016.17,1.18,02866.HK
2020-11-10,-11.6697,221.64970000000002,233.31939999999997,1.62493745,9.15,830.85,3743116762652.3,中银航空租赁,20.86,26301.48,1.1,02588.HK
2020-11-11,92.6955,300.9168,208.2213,1.634207,99.96,740.04,3677603936962.02,中国铁建,11.69,26226.98,-0.28,01186.HK
2020-11-12,15.9799,147.5452,131.5653,1.63580499,28.9,811.1,3724508956545.14,比亚迪股份,12.74,26169.38,-0.22,01211.HK
2020-11-13,31.936999999999998,162.3445,130.4075,1.63899869,43.71,796.29,3759261670325.77,金蝶国际,8.05,26156.86,-0.05,00268.HK
2020-11-16,21.6466,150.36090000000002,128.7143,1.64116335,33.08,806.92,3754198588845.71,伟禄科技股份,14.29,26381.67,0.86,01196.HK
2020-11-17,-4.8866000000000005,129.1592,134.04579999999999,1.6406746899999998,10.28,829.72,3787519864972.71,特步国际,11.47,26415.09,0.13,01368.HK
2020-11-18,18.014200000000002,123.5255,105.51129999999999,1.64247611,29.3,810.7,3821054456687.18,华宝国际,20.0,26544.29,0.49,00336.HK
2020-11-19,28.128600000000002,122.7754,94.6468,1.64528897,36.58,803.42,3792044502121.98,广汽集团,9.91,26356.97,-0.71,02238.HK
2020-11-20,50.3261,135.5129,85.1868,1.6503215800000002,56.98,783.02,3821117109067.94,先健科技,24.58,26451.54,0.36,01302.HK
2020-11-23,52.146300000000004,201.7371,149.5908,1.65553621,63.56,776.44,3860166250191.65,凯盛新能,16.59,26486.2,0.13,01108.HK
2020-11-24,22.9619,131.6807,108.71879999999999,1.6578324,33.49,806.51,3851420637419.55,天能动力,10.18,26588.2,0.39,00819.HK
2020-11-25,6.9677,169.59509999999997,162.6274,1.6585291699999998,22.95,817.05,3818106530979.12,中石化油服,10.91,26669.75,0.31,01033.HK
2020-11-26,13.6742,118.866,105.1918,1.65989659,25.54,814.46,3874048703952.31,中国软件国际,12.28,26819.45,0.56,00354.HK
2020-11-27,53.10060000000001,148.2106,95.11,1.66520665,59.28,780.72,3909384229915.94,中海物业,11.16,26894.68,0.28,02669.HK
2020-11-30,49.966499999999996,200.8284,150.8619,1.6702032999999998,58.41,781.59,3855279462812.42,远大医药,8.35,26341.49,-2.06,00512.HK
2020-12-01,49.12520000000001,169.93650000000002,120.81129999999999,1.6751158200000003,57.64,782.36,3919736332519.66,中联重科,12.61,26567.68,0.86,01157.HK
2020-12-02,43.920100000000005,180.2452,136.3251,1.6795078300000001,55.79,784.21,3892948720612.64,华虹宏力,6.42,26532.58,-0.13,01347.HK
2020-12-03,30.424699999999998,146.8275,116.40280000000001,1.6825503000000002,40.46,799.54,3917142043262.02,建滔积层板,16.03,26728.5,0.74,01888.HK
2020-12-04,54.9183,165.2056,110.2873,1.68804213,64.08,775.92,3935986266040.19,易鑫集团,23.56,26835.92,0.4,02858.HK
2020-12-07,20.7454,139.9633,119.21790000000001,1.6901166699999999,33.12,806.88,3893571014052.42,中创智领,19.57,26506.85,-1.23,00564.HK
2020-12-08,30.8187,133.20770000000002,102.389,1.69319854,39.75,800.25,3896258517109.88,中创智领,17.96,26304.56,-0.76,00564.HK
2020-12-09,4.3602,118.7157,114.35549999999999,1.69363456,15.42,824.58,3904209656486.19,易鑫集团,9.58,26502.84,0.75,02858.HK
2020-12-10,18.1777,104.6031,86.42540000000001,1.6954523300000002,28.1,811.9,3883621920221.66,中石化油服,22.41,26410.59,-0.35,01033.HK
2020-12-11,0.6972,116.9193,116.2221,1.69552205,14.3,825.7,3907695605047.1,浙江世宝,10.0,26505.87,0.36,01057.HK
2020-12-14,0.97950000000001,146.9656,145.9861,1.6956200000000001,16.72,823.28,3905807867797.27,凯盛新能,24.03,26389.52,-0.44,01108.HK
2020-12-15,5.1825,135.86530000000002,130.68280000000001,1.69613825,19.85,820.15,3898772917055.78,中远海控,10.19,26207.29,-0.69,01919.HK
2020-12-16,0.7568,134.2562,133.4994,1.6962139299999999,16.92,823.08,3932824615274.76,天能动力,16.9,26460.29,0.97,00819.HK
2020-12-17,4.1509,122.7101,118.5592,1.69662902,18.41,821.59,3971184342592.48,三生制药,11.05,26678.38,0.82,01530.HK
2020-12-18,-8.55760000000001,123.4544,132.012,1.69577326,9.63,830.37,3964561646320.21,招金矿业,15.35,26498.6,-0.67,01818.HK
2020-12-21,13.6928,164.15189999999998,150.4591,1.69714254,27.86,812.14,3958000174983.18,信义能源,16.11,26306.68,-0.72,03868.HK
2020-12-22,6.8551,138.1455,131.2904,1.69782805,19.88,820.12,3910179793376.97,粤海投资,11.71,26119.25,-0.71,00270.HK
2020-12-23,33.939099999999996,189.03439999999998,155.0953,1.70122196,44.97,795.03,3971590378045.58,福莱特玻璃,15.11,26343.1,0.86,06865.HK
2020-12-24,19.1415,110.8793,91.73780000000001,1.7031361100000002,27.74,812.26,3980632940847.63,KLN,8.43,26386.56,0.16,00636.HK
2020-12-28,84.11489999999999,296.12919999999997,212.0143,1.7115476000000003,89.94,750.06,3967990239015.44,天能动力,17.99,26314.63,-0.27,00819.HK
2020-12-29,72.7885,205.98,133.1915,1.7188264500000001,77.13,762.87,4021961721006.67,第一拖拉机股份,9.12,26568.49,0.96,00038.HK
2020-12-30,58.7812,228.0782,169.297,1.7247045700000003,69.03,770.97,4126504612236.12,东岳集团,14.44,27147.11,2.18,00189.HK
2020-12-31,56.9926,171.40529999999998,114.4127,1.73040383,63.07,776.93,4182168525247.3,凯盛新能,23.64,27231.13,0.31,01108.HK
2021-01-04,134.9515,326.5902,191.6387,1.74389898,137.61,702.39,4235420489413.89,浙江世宝,46.98,27472.81,0.89,01057.HK
2021-01-05,107.43379999999999,313.0928,205.65900000000002,1.7546423600000003,114.64,725.36,4275963414308.47,微创医疗,18.61,27649.86,0.64,00853.HK
2021-01-06,123.9585,339.9457,215.9872,1.76703821,130.28,709.72,4356033938663.09,中海物业,25.63,27692.3,0.15,02669.HK
2021-01-07,154.2139,371.8901,217.6762,1.7824596000000001,152.57,687.43,4353377648861.8,龙源电力,14.54,27548.52,-0.52,00916.HK
2021-01-08,134.6156,400.7289,266.11330000000004,1.7959211599999998,165.24,674.76,4451132774754.23,中国旭阳集团,30.32,27878.22,1.2,01907.HK
2021-01-11,194.8594,441.7878,246.9284,1.8154071,189.36,650.64,4493962641572.15,中广核新能源,16.22,27908.22,0.11,01811.HK
2021-01-12,107.51469999999999,342.533,235.0183,1.82615857,117.37,722.63,4576072784900.51,海信家电,22.42,28276.75,1.32,00921.HK
2021-01-13,119.0731,337.585,218.5119,1.8380658799999998,122.6,717.4,4600477709818.77,时代电气,13.99,28235.6,-0.15,03898.HK
2021-01-14,146.3478,346.8096,200.4618,1.85270066,145.22,694.78,4670630036748.41,中远海发,11.69,28496.86,0.93,02866.HK
2021-01-15,134.3323,422.1282,287.7959,1.86613389,140.47,699.53,4689652175224.34,广汽集团,19.49,28573.86,0.27,02238.HK
2021-01-18,229.7064,495.2168,265.5104,1.8891045300000002,225.33,614.67,4822003731898.08,丘钛科技,19.58,28862.77,1.01,01478.HK
2021-01-19,265.9275,628.3131,362.38559999999995,1.91569728,261.32,578.68,4979059309469.6,心动公司,20.63,29642.28,2.7,02400.HK
2021-01-20,202.87830000000002,534.8215,331.9432,1.93598511,206.32,633.68,5111479493100.13,四环医药,43.48,29962.47,1.08,00460.HK
2021-01-21,162.6345,494.12980000000005,331.4953,1.95224856,169.87,670.13,5160497437046.87,四环医药,63.64,29927.76,-0.12,00460.HK
2021-01-22,93.66329999999999,416.1096,322.4463,1.96161489,108.95,731.05,5152940899371.88,颐海国际,15.35,29447.85,-1.6,01579.HK
2021-01-25,192.5534,545.3931,352.8397,1.98087023,200.19,639.81,5347828516787.6,FIT HON TENG,21.67,30159.01,2.41,06088.HK
2021-01-26,139.4735,476.98519999999996,337.51169999999996,1.99481758,141.72,698.28,5216446945387.87,四环医药,28.77,29391.26,-2.55,00460.HK
2021-01-27,235.2998,508.909,273.6092,2.01834756,230.18,609.82,5194233056994.16,汇量科技,17.31,29297.53,-0.32,01860.HK
2021-01-28,102.1856,416.19589999999994,314.0103,2.0285661200000003,113.32,726.68,5051343733599.45,VITASOY INT'L,15.43,28550.77,-2.55,00345.HK
2021-01-29,124.6143,379.8327,255.2184,2.04102755,130.56,709.44,5068976846972.57,心动公司,13.61,28283.71,-0.94,02400.HK
2021-02-01,164.3461,392.2346,227.8885,2.05746216,167.1,672.9,5228689350669.22,绿叶制药,51.67,28892.86,2.15,02186.HK
2021-02-02,173.18900000000002,390.2869,217.0979,2.0747810600000003,169.92,670.08,5358692047681.48,中创智领,20.16,29248.7,1.23,00564.HK
2021-02-03,123.57610000000001,374.6599,251.0838,2.08713867,130.14,709.86,5441555997580.58,中粮家佳康,27.9,29307.46,0.2,01610.HK
2021-02-04,38.7162,338.92470000000003,300.20849999999996,2.0910102900000003,58.73,781.27,5408415373487.86,美图公司,28.14,29113.5,-0.66,01357.HK
2021-02-05,81.6783,356.9253,275.247,2.09917812,91.56,748.44,5432594103330.0,中国儒意,21.63,29288.68,0.6,00136.HK
2021-02-08,115.85969999999999,331.0918,215.2321,2.11076409,120.71,719.29,5467509267178.73,中国儒意,49.12,29319.47,0.11,00136.HK
2021-02-18,142.05360000000002,545.1145,403.06089999999995,2.12496945,149.94,690.06,5769612879503.39,海普瑞,10.39,30595.27,-1.58,09989.HK
2021-02-19,36.791199999999996,366.5478,329.75660000000005,2.1286485699999997,62.17,777.83,5791716547079.28,中国建材,14.73,30644.73,0.16,03323.HK
2021-02-22,54.0221,478.6936,424.67150000000004,2.13405078,75.01,764.99,5678285411511.79,重庆钢铁股份,71.26,30319.83,-1.06,01053.HK
2021-02-23,77.6261,398.25769999999994,320.6316,2.1418133900000003,95.0,745.0,5686809444311.35,同仁堂国药,14.82,30632.64,1.03,03613.HK
2021-02-24,-199.6029,401.5985,601.2014,2.1218531,-129.45,969.45,5467773762115.39,第一太平,4.96,29718.24,-2.99,00142.HK
2021-02-25,17.0019,323.2292,306.2273,2.1235532900000003,41.27,798.73,5577808520799.46,金斯瑞生物科技,20.96,30074.17,1.2,01548.HK
2021-02-26,-75.95439999999999,316.2185,392.1729,2.11595785,-30.93,870.93,5299183584095.72,第一拖拉机股份,8.82,28980.21,-3.64,00038.HK
2021-03-01,0.84049999999999,285.79380000000003,284.9533,2.1160419,27.23,812.77,5460253064155.63,第一拖拉机股份,21.01,29452.57,1.63,00038.HK
2021-03-02,-18.1584,270.5408,288.69919999999996,2.11422606,6.11,833.89,5374832393653.02,JS环球生活,11.78,29095.86,-1.21,01691.HK
2021-03-03,57.4717,266.7637,209.292,2.11997323,73.05,766.95,5527114790738.79,中集安瑞科,21.3,29880.42,2.7,03899.HK
2021-03-04,-43.3157,268.0074,311.3231,2.11564166,-13.37,853.37,5300831818091.59,伟禄科技股份,11.13,29236.79,-2.15,01196.HK
2021-03-05,23.676599999999997,290.2244,266.5478,2.11800932,46.39,793.61,5294206520572.67,雅迪控股,8.93,29098.29,-0.47,01585.HK
2021-03-08,-131.8124,327.0125,458.82489999999996,2.10482808,-84.03,924.03,5090432174766.73,粤海投资,5.52,28540.83,-1.92,00270.HK
2021-03-09,-88.6614,305.4529,394.1143,2.09596194,-47.88,887.88,5084899501344.63,美图公司,7.09,28773.23,0.81,01357.HK
2021-03-10,-43.353199999999994,209.5277,252.8809,2.09162662,-16.45,856.45,5122290509756.34,信义玻璃,12.18,28907.52,0.47,00868.HK
2021-03-11,45.2518,257.61560000000003,212.3638,2.0961518,65.03,774.97,5266162813298.93,华虹宏力,13.97,29385.61,1.65,01347.HK
2021-03-12,32.052600000000005,258.779,226.72639999999998,2.09935706,48.34,791.66,5154634045122.19,绿色动力环保,14.71,28739.72,-2.2,01330.HK
2021-03-15,-46.7785,227.4589,274.23740000000004,2.09467921,-15.04,855.04,5137736653615.73,中国南方航空股份,9.45,28833.76,0.33,01055.HK
2021-03-16,52.669200000000004,194.65380000000002,141.9846,2.0999461299999997,63.34,776.66,5231366393097.84,思摩尔国际,12.04,29027.69,0.67,06969.HK
2021-03-17,29.4916,176.8286,147.33700000000002,2.10289529,43.81,796.19,5238729747903.91,云顶新耀,20.95,29034.12,0.02,01952.HK
2021-03-18,45.6918,204.5853,158.89350000000002,2.10746447,55.98,784.02,5293617262214.29,康哲药业,15.01,29405.72,1.28,00867.HK
2021-03-19,-32.5651,180.69650000000001,213.2616,2.10420796,-6.89,846.89,5198688614642.49,华润电力,13.25,28990.94,-1.41,00836.HK
2021-03-22,4.4127,158.5593,154.1466,2.1046492299999997,21.11,818.89,5223370187313.67,三一国际,11.88,28885.34,-0.36,00631.HK
2021-03-23,-43.997600000000006,183.7955,227.7931,2.1002494700000005,-17.9,857.9,5098891492899.27,中烟香港,6.68,28497.38,-1.34,06055.HK
2021-03-24,-69.429,175.6961,245.12509999999997,2.0933065699999998,-38.76,878.76,4983694031164.36,阅文集团,13.34,27918.14,-2.03,00772.HK
2021-03-25,-15.674900000000001,250.48080000000002,266.1557,2.09173908,12.29,827.71,4951381330096.41,李宁,10.74,27899.61,-0.07,02331.HK
2021-03-26,60.30479999999999,228.2214,167.9166,2.0977695599999997,70.09,769.91,5053900066749.36,中海物业,25.49,28336.43,1.57,02669.HK
2021-03-29,9.34440000000001,238.63330000000002,229.28889999999998,2.098704,29.54,810.46,5055704554119.94,绿城服务,22.14,28338.3,0.01,02869.HK
2021-03-30,32.5676,186.41400000000002,153.8464,2.10196076,46.34,793.66,5114682427342.45,海吉亚医疗,15.0,28577.5,0.84,06078.HK
2021-03-31,13.068399999999999,181.3052,168.23680000000002,2.1032676,28.95,811.05,5087945186173.37,中国中冶,9.78,28378.35,-0.7,01618.HK
2021-04-01,40.4837,224.9809,184.49720000000002,2.1073159700000006,55.67,784.33,5246439290661.7,心动公司,22.34,28938.74,1.97,02400.HK
2021-04-07,8.49129999999999,201.9166,193.4253,2.1081651000000003,26.65,813.35,5209381391627.58,中远海控,29.11,28674.8,-0.91,01919.HK
2021-04-08,47.28939999999999,227.6725,180.3831,2.11289404,63.45,776.55,5230073299355.93,石四药集团,10.66,29008.07,1.16,02005.HK
2021-04-09,14.6045,141.4694,126.86489999999999,2.11435449,27.68,812.32,5175596269227.01,重庆钢铁股份,24.11,28698.8,-1.07,01053.HK
2021-04-12,-25.311700000000002,149.4201,174.7318,2.11182332,-4.77,844.77,5082274632142.83,重庆钢铁股份,18.29,28453.28,-0.86,01053.HK
2021-04-13,12.379100000000001,130.8674,118.4883,2.11306123,23.85,816.15,5062988785382.34,特步国际,15.19,28497.25,0.15,01368.HK
2021-04-14,13.0091,134.8508,121.8417,2.11436214,25.48,814.52,5138916906010.24,浙江世宝,48.8,28900.83,1.42,01057.HK
2021-04-15,-5.5397000000000105,114.1989,119.7386,2.11380817,10.03,829.97,5125111950901.1,江西铜业股份,7.01,28793.14,-0.37,00358.HK
2021-04-16,50.3853,167.4615,117.07620000000001,2.1188467,60.02,779.98,5194303680748.67,青岛银行,10.0,28969.71,0.61,03866.HK
2021-04-19,51.1251,216.9336,165.80849999999998,2.1239592099999998,61.81,778.19,5268380317020.02,京城机电股份,35.35,29106.15,0.47,00187.HK
2021-04-20,53.9137,184.9745,131.0608,2.12935058,61.98,778.02,5285492514668.77,四环医药,11.88,29135.73,0.1,00460.HK
2021-04-21,42.101499999999994,176.71830000000003,134.6168,2.13356073,54.26,785.74,5217053164067.43,ASMPT,18.21,28621.92,-1.76,00522.HK
2021-04-22,58.9315,178.59060000000002,119.6591,2.13945388,65.35,774.65,5259440978724.64,特步国际,13.97,28755.34,0.47,01368.HK
2021-04-23,34.174299999999995,170.94119999999998,136.7669,2.1428713100000003,44.36,795.64,5324917413778.23,爱康医疗,14.04,29078.75,1.12,01789.HK
2021-04-26,19.8073,197.52990000000003,177.72259999999997,2.14485204,32.34,807.66,5293516333917.58,华宝国际,11.46,28952.83,-0.43,00336.HK
2021-04-27,8.34490000000001,150.9858,142.6409,2.14568653,22.51,817.49,5299806469266.59,昊海生物科技,10.74,28941.54,-0.04,06826.HK
2021-04-28,8.65560000000001,166.09150000000002,157.4359,2.14655209,23.86,816.14,5319909831187.83,绿城服务,11.18,29071.34,0.45,02869.HK
2021-05-06,-3.75459999999999,234.21599999999998,237.97060000000002,2.14617663,19.11,820.89,5221065511339.77,特步国际,14.02,28637.46,0.77,01368.HK
2021-05-07,-3.3975999999999997,188.0808,191.4784,2.14583687,14.32,825.68,5173976470777.1,山东黄金,11.02,28610.65,-0.09,01787.HK
2021-05-10,-64.6798,204.5578,269.2376,2.13936889,-32.64,872.64,5178281965578.52,复星医药,25.07,28595.66,-0.05,02196.HK
2021-05-11,49.32939999999999,254.4861,205.15669999999997,2.14430183,64.14,775.86,5084023939839.33,东方甄选,10.0,28013.81,-2.03,01797.HK
2021-05-12,98.1011,216.7567,118.65559999999999,2.15411194,99.77,740.23,5126131794421.67,浙江世宝,30.59,28231.04,0.78,01057.HK
2021-05-13,42.900200000000005,155.5465,112.6463,2.15840196,49.87,790.13,5029770134990.73,丽珠医药,6.48,27718.67,-1.81,01513.HK
2021-05-14,46.953,186.2361,139.2831,2.16309726,58.37,781.63,5101260975819.1,金斯瑞生物科技,21.69,28027.57,1.11,01548.HK
2021-05-17,84.55930000000001,231.9575,147.3982,2.17155319,88.5,751.5,5181170958062.0,南京熊猫电子股份,11.72,28194.09,0.59,00553.HK
2021-05-18,43.768299999999996,166.73680000000002,122.9685,2.17593002,54.06,785.94,5265783412364.23,浙江世宝,17.21,28593.81,1.42,01057.HK
2021-05-20,53.8163,229.7397,175.92340000000002,2.18131165,65.01,774.99,5273797833911.2,华宝国际,24.79,28450.29,-0.5,00336.HK
2021-05-21,20.4607,204.6678,184.2071,2.1833577200000005,36.74,803.26,5277603506406.22,汇量科技,14.85,28458.44,0.03,01860.HK
2021-05-24,16.6552,167.96959999999999,151.3144,2.18502324,32.98,807.02,5276575882888.52,康方生物,10.25,28412.26,-0.16,09926.HK
2021-05-25,78.5942,260.7736,182.1794,2.19288266,87.33,752.67,5397199815882.82,中金公司,10.9,28910.86,1.75,03908.HK
2021-05-26,8.14849999999999,203.9534,195.8049,2.19369751,25.68,814.32,5435669788775.02,比亚迪电子,11.73,29166.01,0.88,00285.HK
2021-05-27,-8.105,199.44240000000002,207.5474,2.1928870099999997,15.28,824.72,5459613051821.68,昊海生物科技,18.59,29113.2,-0.18,06826.HK
2021-05-28,-18.423299999999998,175.53619999999998,193.95950000000002,2.19104468,2.94,837.06,5422959760210.2,同仁堂国药,10.36,29124.41,0.04,03613.HK
2021-05-31,-9.4757,196.4811,205.95680000000002,2.19009711,15.35,824.65,5506459481804.51,锦欣生殖,17.51,29151.8,0.09,01951.HK
2021-06-01,52.948,225.1546,172.2066,2.19539191,63.68,776.32,5548269023565.26,特步国际,9.64,29468.0,1.08,01368.HK
2021-06-02,6.7856,151.5972,144.8116,2.19607047,22.02,817.98,5519620871394.53,中铝国际,25.35,29297.62,-0.58,02068.HK
2021-06-03,4.39090000000001,160.4624,156.0715,2.19650956,17.52,822.48,5469315147689.5,京城机电股份,8.54,28966.03,-1.13,00187.HK
2021-06-04,-10.873099999999999,198.4423,209.3154,2.19542225,12.03,827.97,5448547822370.52,比亚迪电子,7.21,28918.1,-0.17,00285.HK
2021-06-07,-14.4723,177.16209999999998,191.6344,2.19397502,8.45,831.55,5429636087402.33,中国软件国际,11.07,28787.28,-0.45,00354.HK
2021-06-08,-17.6781,140.9883,158.66639999999998,2.1922072100000003,2.14,837.86,5420267972625.02,先声药业,12.96,28781.38,-0.02,02096.HK
2021-06-09,10.713,144.3415,133.6285,2.19327851,26.51,813.49,5415940881813.53,荣昌生物,12.8,28742.63,-0.13,09995.HK
2021-06-10,-16.298199999999998,166.28080000000003,182.579,2.19164869,4.88,835.12,5402456836761.68,中国软件国际,18.8,28738.88,-0.01,00354.HK
2021-06-11,18.9898,160.7701,141.7803,2.19354767,33.18,806.82,5424485120634.4,康希诺生物,10.39,28842.13,0.36,06185.HK
2021-06-15,-3.9842,181.14770000000001,185.13189999999997,2.19314925,15.58,824.42,5388189892422.91,特步国际,20.72,28638.53,-0.71,01368.HK
2021-06-16,-26.3613,146.165,172.52630000000002,2.19051312,-6.82,846.82,5314747763413.47,第一拖拉机股份,7.81,28436.84,-0.7,00038.HK
2021-06-17,-5.48440000000001,173.6573,179.1417,2.18996468,14.21,825.79,5346412024338.14,特步国际,15.8,28558.59,0.43,01368.HK
2021-06-18,11.666400000000001,206.21470000000002,194.5483,2.1911313199999998,31.92,808.08,5395791600211.65,大新金融,18.09,28801.27,0.85,00440.HK
2021-06-21,-4.80929999999999,236.24290000000002,241.0522,2.19065039,18.56,821.44,5353797204358.64,丘钛科技,13.9,28489.0,-1.08,01478.HK
2021-06-22,9.25880000000001,196.49599999999998,187.2372,2.19157627,27.44,812.56,5328412202076.16,爱康医疗,30.83,28309.76,-0.63,01789.HK
2021-06-23,-3.1674,208.0792,211.2466,2.1912595299999995,19.42,820.58,5416563869468.79,康希诺生物,12.42,28817.07,1.79,06185.HK
2021-06-24,13.5089,182.5437,169.0348,2.19261042,29.48,810.52,5424271671867.42,华宝国际,11.42,28882.46,0.23,00336.HK
2021-06-25,35.7353,212.1268,176.3915,2.19618395,49.75,790.25,5496527254491.39,石四药集团,14.11,29288.22,1.4,02005.HK
2021-06-28,-5.924600000000019,151.1712,157.0958,2.1955914900000004,10.67,829.33,5493665613400.05,石四药集团,16.31,29268.3,-0.07,02005.HK
2021-06-29,-9.961299999999989,173.1455,183.1068,2.1945953599999997,9.64,830.36,5444823574979.69,凯盛新能,11.71,28994.1,-0.94,01108.HK
2021-06-30,5.3839,156.6736,151.28969999999998,2.19513375,19.62,820.38,5407060034235.48,心动公司,17.29,28827.95,-0.57,02400.HK
2021-07-02,-70.4498,186.7346,257.1844,2.18808877,-38.84,878.84,5300246789021.7,理文造纸,11.34,28310.42,-1.8,02314.HK
2021-07-05,-108.67569999999999,212.4238,321.09950000000003,2.1772212000000004,-68.29,908.29,5267853849084.21,东岳集团,20.86,28143.5,-0.59,00189.HK
2021-07-06,-15.68,190.7421,206.4221,2.1756532,6.58,833.42,5220766521025.74,中化化肥,12.28,28072.86,-0.25,00297.HK
2021-07-07,17.8005,209.2389,191.4384,2.17743325,35.54,804.46,5190258607525.37,中铝国际,14.48,27960.62,-0.4,02068.HK
2021-07-08,-59.463100000000004,268.3063,327.7694,2.17148694,-28.13,868.13,5028581974141.77,京城机电股份,8.42,27153.13,-2.89,00187.HK
2021-07-09,32.971399999999996,249.2584,216.287,2.1747840800000002,51.75,788.25,5090159438526.12,易鑫集团,12.25,27344.54,0.7,02858.HK
2021-07-12,-5.8184000000000005,229.2673,235.0857,2.17420224,14.6,825.4,5113762791442.26,凯盛新能,24.16,27515.24,0.62,01108.HK
2021-07-13,14.8489,204.4599,189.611,2.17568713,30.7,809.3,5187045913668.07,天工国际,12.54,27963.41,1.63,00826.HK
2021-07-14,-2.21559999999999,170.4837,172.6993,2.17546557,13.31,826.69,5172930145654.06,四环医药,11.27,27787.46,-0.63,00460.HK
2021-07-15,0.21539999999999998,149.6538,149.4384,2.17548711,15.94,824.06,5208144883472.03,东岳集团,20.66,27996.27,0.75,00189.HK
2021-07-16,5.78800000000001,161.8845,156.0965,2.17606591,21.18,818.82,5207743104025.63,福耀玻璃,7.57,28004.68,0.03,03606.HK
2021-07-19,-17.8443,158.3161,176.1604,2.17428148,0.39,839.61,5134181512606.45,京城机电股份,14.56,27489.78,-1.84,00187.HK
2021-07-20,-46.9432,152.5893,199.5325,2.1695871600000003,-21.5,861.5,5068690657854.09,中国中冶,11.79,27259.25,-0.84,01618.HK
2021-07-21,-36.4936,187.66580000000002,224.15939999999998,2.1659377999999996,-12.05,852.05,5066212105017.01,长城汽车,16.15,27224.58,-0.13,02333.HK
2021-07-22,-22.684099999999997,162.15879999999999,184.84290000000001,2.1636693900000004,-3.0,843.0,5122674480650.86,微盟集团,17.52,27723.84,1.83,02013.HK
2021-07-23,-48.7245,168.2638,216.9883,2.1587969399999998,-25.16,865.16,5025732726252.81,中国中冶,14.35,27321.98,-1.45,01618.HK
2021-07-26,-63.3404,339.79720000000003,403.1376,2.1524629,-26.27,866.27,4795077832572.76,中芯国际,10.27,26192.32,-4.13,00981.HK
2021-07-27,-12.751199999999999,504.41360000000003,517.1648,2.15118778,27.88,812.12,4549947361669.85,五矿资源,7.38,25086.43,-4.22,01208.HK
2021-07-28,-133.4301,330.9489,464.379,2.13784477,-80.77,920.77,4648516434570.96,中国儒意,21.71,25473.88,1.54,00136.HK
2021-07-29,-46.182700000000004,290.1837,336.3664,2.1332265,-13.74,853.74,4816378214665.58,心动公司,26.93,26315.32,3.3,02400.HK
2021-07-30,-15.9506,211.78400000000002,227.7346,2.13163144,6.43,833.57,4739153949334.65,东岳集团,16.76,25961.03,-1.35,00189.HK
2021-08-02,-8.69,233.65990000000002,242.34990000000002,2.1307624400000003,13.33,826.67,4791081550113.8,中国儒意,47.95,26235.8,1.06,00136.HK
2021-08-03,-49.4001,273.31080000000003,322.7109,2.1258224300000004,-16.87,856.87,4762092696415.81,金斯瑞生物科技,11.19,26194.82,-0.16,01548.HK
2021-08-04,25.0141,245.3276,220.31349999999998,2.1283238399999997,40.37,799.63,4836984600631.94,特步国际,12.19,26426.55,0.88,01368.HK
2021-08-05,-11.559000000000001,212.4589,224.0179,2.12716794,9.03,830.97,4762167402975.02,中航科工,10.35,26204.69,-0.84,02357.HK
2021-08-06,61.8637,250.6124,188.74869999999999,2.13335431,70.16,769.84,4752996405486.35,中粮家佳康,7.69,26179.4,-0.1,01610.HK
2021-08-09,34.4883,232.02419999999998,197.5359,2.13680314,48.55,791.45,4774732578419.88,耐世特,19.46,26283.4,0.4,01316.HK
2021-08-10,54.845,243.979,189.13400000000001,2.14228764,66.98,773.02,4873909057438.1,荣昌生物,22.35,26605.62,1.23,09995.HK
2021-08-11,56.32,233.3301,177.0101,2.14791964,65.04,774.96,4886462115889.39,中广核新能源,13.65,26660.16,0.2,01811.HK
2021-08-12,-1.00659999999999,175.7718,176.7784,2.14781898,14.97,825.03,4872096025333.06,中集安瑞科,18.48,26517.82,-0.53,03899.HK
2021-08-13,-22.529600000000002,152.5743,175.10389999999998,2.14556602,-2.48,842.48,4857224439832.23,光大环境,12.12,26391.62,-0.48,00257.HK
2021-08-16,-56.3068,158.3897,214.69650000000001,2.13993534,-29.59,869.59,4800992073594.94,京城机电股份,22.55,26181.46,-0.8,00187.HK
2021-08-17,-47.3078,177.62419999999997,224.93200000000002,2.13520456,-22.31,862.31,4690576980348.71,东方电气,9.69,25745.87,-1.66,01072.HK
2021-08-18,4.35849999999999,159.08700000000002,154.7285,2.13564041,19.89,820.11,4714333205351.65,东方电气,17.29,25867.01,0.47,01072.HK
2021-08-19,-39.3214,199.7321,239.05349999999999,2.13170827,-16.17,856.17,4628405426004.6,华能国际电力股份,8.75,25316.33,-2.13,00902.HK
2021-08-20,-42.077200000000005,225.49779999999998,267.575,2.1275005499999997,-14.54,854.54,4532874403422.29,美图公司,23.24,24849.72,-1.84,01357.HK
2021-08-23,4.2316999999999805,193.4545,189.22279999999998,2.1279237200000005,19.75,820.25,4622202174737.09,华能国际电力股份,22.63,25109.59,1.05,00902.HK
2021-08-24,21.773699999999998,208.05259999999998,186.2789,2.1301010899999997,36.01,803.99,4738697330859.46,京东健康,14.5,25727.92,2.46,06618.HK
2021-08-25,-7.13660000000002,175.7913,182.92790000000002,2.1293874300000004,10.58,829.42,4742886523979.8,中国中冶,15.77,25693.95,-0.13,01618.HK
2021-08-26,-32.4529,150.8549,183.3078,2.1261421400000002,-11.77,851.77,4690828588030.28,中创智领,13.86,25415.69,-1.08,00564.HK
2021-08-27,-34.364000000000004,132.13909999999998,166.50310000000002,2.1227057400000002,-13.29,853.29,4690938044131.9,三生制药,9.41,25407.89,-0.03,01530.HK
2021-08-30,-41.7105,146.8069,188.5174,2.11853469,-18.66,858.66,4723104533464.09,龙源电力,14.83,25539.54,0.52,00916.HK
2021-08-31,-66.8481,165.87509999999997,232.7232,2.11184988,-36.92,876.92,4785761958037.95,东岳集团,13.8,25878.99,1.33,00189.HK
2021-09-01,-1.16299999999999,199.245,200.408,2.11173358,16.0,824.0,4800088762702.03,联想控股,14.83,26028.29,0.58,03396.HK
2021-09-02,-6.2573,199.0352,205.2925,2.11110785,14.51,825.49,4814361970575.6,金风科技,18.7,26090.43,0.24,02208.HK
2021-09-03,-2.1332,182.78560000000002,184.9188,2.11089453,15.76,824.24,4807138996045.9,上海石油化工股份,16.47,25901.99,-0.72,00338.HK
2021-09-06,20.9669,195.6659,174.699,2.11299122,36.53,803.47,4861270693157.12,长飞光纤光缆,16.06,26163.63,1.01,06869.HK
2021-09-07,40.6689,187.7266,147.0577,2.11705811,50.05,789.95,4892230096314.98,重庆钢铁股份,16.67,26353.63,0.73,01053.HK
2021-09-08,7.396399999999989,177.5203,170.1239,2.1177977500000003,21.42,818.58,4882439420147.84,龙源电力,6.26,26320.93,-0.12,00916.HK
2021-09-09,6.72879999999999,198.5148,191.78599999999997,2.11847063,22.64,817.36,4789890244905.58,中国宏桥,14.43,25716.0,-2.3,01378.HK
2021-09-10,6.5577,179.6464,173.0887,2.1191264,21.94,818.06,4852009678174.16,绿城中国,9.28,26205.91,1.91,03900.HK
2021-09-13,-16.668,189.4336,206.1016,2.1174596,6.04,833.96,4795973997283.37,中铝国际,17.14,25813.81,-1.5,02068.HK
2021-09-14,0.08869999999999999,147.1676,147.0789,2.1174684700000004,13.24,826.76,4734130528699.45,爱康医疗,20.25,25502.23,-1.21,01789.HK
2021-09-15,-7.6979999999999995,146.7398,154.4378,2.11669867,8.29,831.71,4659345876201.6,中铝国际,33.79,25033.21,-1.84,02068.HK
2021-09-23,-4.56659999999998,255.71470000000002,260.2813,2.11624201,17.49,822.51,4568335904256.86,新天绿色能源,16.87,24510.98,1.19,00956.HK
2021-09-24,51.022,221.60490000000001,170.5829,2.12134421,57.87,782.13,4507971042719.58,中石化油服,7.79,24192.16,-1.3,01033.HK
2021-09-27,26.7944,213.4846,186.6902,2.12402365,39.14,800.86,4485011574173.61,中国儒意,11.76,24208.78,0.07,00136.HK
2021-09-28,58.877700000000004,211.97709999999998,153.0994,2.12991142,65.63,774.37,4562624335491.41,中远海能,16.06,24500.39,1.2,01138.HK
2021-10-08,23.962,215.07580000000002,191.1138,2.1323076199999997,36.21,803.79,4562977458231.08,中国儒意,16.44,24837.85,0.55,00136.HK
2021-10-11,20.8744,192.8268,171.9524,2.13439506,32.69,807.31,4612262008545.07,长飞光纤光缆,13.78,25325.09,1.96,06869.HK
2021-10-12,20.7707,142.9385,122.1678,2.1364721299999996,30.02,809.98,4572516637969.97,汇量科技,8.75,24962.59,-1.43,01860.HK
2021-10-15,2.0683000000000002,203.86939999999998,201.80110000000002,2.13667896,19.7,820.3,4647082007987.05,中国东方教育,17.91,25330.96,1.48,00667.HK
2021-10-18,1.0203,129.6784,128.6581,2.1367809900000005,14.37,825.63,4677881999627.14,高鑫零售,13.11,25409.75,0.31,06808.HK
2021-10-19,-5.8504999999999905,112.07809999999999,117.9286,2.13619594,7.3,832.7,4746557698643.81,现代牧业,15.17,25787.21,1.49,01117.HK
2021-10-20,39.1569,174.43990000000002,135.283,2.14011163,46.08,793.92,4773330881783.0,阿里健康,13.49,26136.02,1.35,00241.HK
2021-10-21,5.83699999999999,132.4276,126.5906,2.1406953300000002,18.04,821.96,4746410752951.99,伟禄科技股份,9.57,26017.53,-0.45,01196.HK
2021-10-22,1.0323,124.36280000000001,123.33049999999999,2.14079856,13.42,826.58,4782435564844.64,丘钛科技,10.55,26126.93,0.42,01478.HK
2021-10-25,32.0908,137.0258,104.935,2.1440076400000003,39.09,800.91,4778471635800.52,港华智慧能源,14.19,26132.03,0.02,01083.HK
2021-10-26,-20.394000000000002,107.3833,127.7773,2.14196824,-4.98,844.98,4750889486278.14,上海复旦,9.88,26038.27,-0.36,01385.HK
2021-10-27,-22.1819,126.3282,148.5101,2.13975005,-5.11,845.11,4674113183434.72,创维集团,59.17,25628.74,-1.57,00751.HK
2021-10-28,-7.9167999999999905,114.324,122.2408,2.13895837,4.64,835.36,4639089586588.6,凯盛新能,11.33,25555.73,-0.28,01108.HK
2021-10-29,7.34599999999999,134.0634,126.7174,2.13969297,19.72,820.28,4620571541048.32,创维集团,14.21,25377.24,-0.7,00751.HK
2021-11-01,-13.4112,145.5953,159.0065,2.1383518500000003,3.95,836.05,4581070673891.45,中国儒意,15.73,25154.32,-0.88,00136.HK
2021-11-02,10.802999999999999,145.894,135.091,2.1394321499999998,20.74,819.26,4536833110653.53,泡泡玛特,15.15,25099.67,-0.22,09992.HK
2021-11-03,-7.660700000000009,119.3443,127.005,2.13866608,7.57,832.43,4532241745238.67,美图公司,11.18,25024.75,-0.3,01357.HK
2021-11-04,9.27179999999999,121.5223,112.25049999999999,2.13959326,21.43,818.57,4574144067819.88,创维集团,16.15,25225.19,0.8,00751.HK
2021-11-05,8.8066,137.5759,128.76930000000002,2.14047392,19.73,820.27,4498015201408.24,浙江世宝,25.17,24870.51,-1.41,01057.HK
2021-11-08,-15.302200000000001,131.2825,146.5847,2.1389437,1.74,838.26,4476849728196.1,中国国航,7.85,24763.77,-0.43,00753.HK
2021-11-09,-5.3991999999999996,103.0892,108.4884,2.13840378,7.57,832.43,4505986591730.0,上海复旦,16.67,24813.13,0.2,01385.HK
2021-11-10,15.5524,140.9134,125.361,2.13995902,27.74,812.26,4543902885206.74,君实生物,13.33,24996.14,0.74,01877.HK
2021-11-11,-28.0255,145.0916,173.1171,2.1371564700000003,-6.9,846.9,4589629278116.85,东方甄选,14.22,25247.99,1.01,01797.HK
2021-11-12,-20.5037,123.9772,144.4809,2.1351061000000002,-2.86,842.86,4625467086841.56,思摩尔国际,14.49,25327.97,0.32,06969.HK
2021-11-15,-15.285699999999999,102.8609,118.14659999999999,2.1335775299999997,-1.01,841.01,4622589996225.22,创维集团,20.48,25390.91,0.25,00751.HK
2021-11-16,-17.8833,121.8859,139.7692,2.1317892000000005,-0.37,840.37,4685828215303.27,保利物业,19.17,25713.78,1.27,06049.HK
2021-11-17,1.5585,97.023,95.4645,2.13194505,13.45,826.55,4690284385978.25,东方甄选,17.14,25650.08,-0.25,01797.HK
2021-11-18,-4.6879,87.915,92.6029,2.13147626,6.99,833.01,4630334108049.24,中国儒意,24.85,25319.72,-1.29,00136.HK
2021-11-19,12.921700000000001,117.5475,104.6258,2.13276843,24.51,815.49,4638396098588.23,安徽皖通高速公路,19.75,25049.97,-1.07,00995.HK
2021-11-22,-24.1283,140.3791,164.50740000000002,2.1303556,-4.04,844.04,4630369830409.92,中国儒意,27.19,24951.34,-0.39,00136.HK
2021-11-23,-15.6555,131.61540000000002,147.2709,2.12879005,1.37,838.63,4591388490510.35,中国儒意,25.17,24651.58,-1.2,00136.HK
2021-11-24,19.9885,158.106,138.1175,2.1307888999999998,31.39,808.61,4580384875380.04,中广核新能源,8.49,24685.5,0.14,01811.HK
2021-11-25,13.1202,131.2617,118.1415,2.13210092,24.2,815.8,4597427846105.29,凯盛新能,16.45,24740.16,0.22,01108.HK
2021-11-26,9.60990000000001,152.4697,142.8598,2.13306191,22.34,817.66,4493596291520.06,伟禄科技股份,4.65,24080.52,-2.67,01196.HK
2021-11-29,7.01530000000002,176.40060000000003,169.3853,2.13376344,22.56,817.44,4471718180322.91,中国能源建设,32.58,23852.24,-0.95,03996.HK
2021-11-30,11.695,192.31869999999998,180.62369999999999,2.1349329399999997,26.17,813.83,4427225715784.26,海丰国际,8.51,23475.26,-1.58,01308.HK
2021-12-01,16.2353,149.3795,133.1442,2.1365564700000004,27.41,812.59,4446460034140.46,京城机电股份,17.2,23658.92,0.78,00187.HK
2021-12-02,13.693,144.9108,131.2178,2.1379257700000003,26.04,813.96,4476671511937.1,思摩尔国际,14.68,23788.93,0.55,06969.HK
2021-12-03,33.6006,170.9475,137.3469,2.14128583,44.37,795.63,4485295159569.36,招商局港口,17.11,23766.69,-0.09,00144.HK
2021-12-06,37.157199999999996,216.9766,179.81939999999997,2.14500155,46.77,793.23,4390105035772.62,海信家电,5.78,23349.38,-1.76,00921.HK
2021-12-07,31.655700000000003,167.21470000000002,135.559,2.14816712,41.21,798.79,4488314725822.79,明源云,15.36,23983.66,2.72,00909.HK
2021-12-08,24.5923,130.54219999999998,105.9499,2.15062635,32.94,807.06,4520296251936.48,京城机电股份,35.15,23996.87,0.06,00187.HK
2021-12-09,21.8277,161.7924,139.9647,2.15280912,32.1,807.9,4602635289490.81,创维集团,18.59,24254.86,1.08,00751.HK
2021-12-10,28.8799,140.6635,111.7836,2.1556971099999997,35.04,804.96,4553009599367.16,中铝国际,67.25,23995.72,-1.07,02068.HK
2021-12-13,33.2833,179.7959,146.5126,2.1590254399999997,40.43,799.57,4536238734550.55,中铝国际,18.88,23954.58,-0.17,02068.HK
2021-12-14,16.9937,158.1696,141.1759,2.16072481,28.67,811.33,4472340698099.88,京城机电股份,22.06,23635.95,-1.33,00187.HK
2021-12-15,34.7549,186.7909,152.036,2.1642002999999996,44.77,795.23,4423858383427.87,四川成渝高速公路,12.78,23420.76,-0.91,00107.HK
2021-12-16,40.7446,178.4504,137.7058,2.16827476,52.73,787.27,4464609052300.48,兖矿能源,24.2,23475.5,0.23,01171.HK
2021-12-17,49.1464,184.6413,135.4949,2.1731894,55.3,784.7,4413670544872.8,中铝国际,11.75,23192.63,-1.2,02068.HK
2021-12-20,38.0819,164.8932,126.81129999999999,2.1769975899999996,45.07,794.93,4307833218222.77,山东新华制药股份,7.57,22744.86,-1.93,00719.HK
2021-12-21,32.744,141.3187,108.57469999999999,2.1802719900000005,41.46,798.54,4384149199560.82,山东新华制药股份,16.48,22971.33,1.0,00719.HK
2021-12-22,30.4619,131.3375,100.87559999999999,2.18331818,37.87,802.13,4417025880013.58,同仁堂国药,7.1,23102.33,0.57,03613.HK
2021-12-23,28.6494,155.07399999999998,126.4246,2.18618312,38.21,801.79,4480901476247.25,大唐发电,11.18,23193.64,0.4,00991.HK
2021-12-24,3.2698,63.260200000000005,59.9904,2.1865101000000005,11.78,828.22,4481038962205.12,南京熊猫电子股份,10.16,23223.76,0.13,00553.HK
2021-12-28,-17.111800000000002,157.0356,174.1474,2.18479892,1.91,838.09,4466589574480.52,中国中药,15.85,23280.56,0.24,00570.HK
2022-01-04,-15.7458,176.4509,192.1967,2.1832243399999998,3.01,836.99,4449331739805.59,中粮家佳康,14.85,23289.84,0.06,01610.HK
2022-01-05,24.0552,213.58900000000003,189.5338,2.1856298599999997,36.09,803.91,4359005615784.4,京城机电股份,37.39,22907.25,-1.64,00187.HK
2022-01-06,22.9883,172.1255,149.1372,2.18792869,35.62,804.38,4352348751885.92,中铝国际,27.31,23072.86,0.72,02068.HK
2022-01-07,28.6761,171.4443,142.7682,2.1907963,39.05,800.95,4392950529038.02,中国联塑,12.33,23493.38,1.82,02128.HK
2022-01-10,31.5715,181.34220000000002,149.7707,2.19395345,42.57,797.43,4477254500610.71,爱康医疗,12.05,23746.54,1.08,01789.HK
2022-01-11,17.7809,144.0765,126.2956,2.19573154,27.54,812.46,4489922542814.13,泰格医药,6.08,23739.06,-0.03,03347.HK
2022-01-12,52.901,203.67520000000002,150.7742,2.20102164,60.67,779.33,4608107299504.6,云顶新耀,13.62,24402.17,2.79,01952.HK
2022-01-13,13.388900000000001,150.2197,136.8308,2.20236053,23.56,816.44,4592579081372.26,KLN,10.94,24429.77,0.11,00636.HK
2022-01-14,37.713,142.9426,105.22959999999999,2.20613183,43.94,796.06,4598077097834.2,君实生物,11.24,24383.32,-0.19,01877.HK
2022-01-17,14.5623,133.0857,118.5234,2.20758806,24.59,815.41,4556415513448.56,云顶新耀,17.08,24218.03,-0.68,01952.HK
2022-01-18,22.154600000000002,144.6713,122.5167,2.20980352,30.83,809.17,4570045011036.53,耐世特,8.17,24112.78,-0.43,01316.HK
2022-01-19,5.906799999999991,124.7094,118.8026,2.2103942,18.41,821.59,4574859369859.26,碧桂园服务,8.42,24127.85,0.06,06098.HK
2022-01-20,65.44369999999999,245.9565,180.5128,2.21693857,73.19,766.81,4683471116455.0,碧桂园服务,15.53,24952.35,3.42,06098.HK
2022-01-21,20.3584,181.7342,161.3758,2.21897441,32.37,807.63,4694129686949.06,青岛啤酒股份,6.93,24965.55,0.05,00168.HK
2022-01-24,26.6943,163.5455,136.8512,2.22164384,35.77,804.23,4654364618210.84,东方甄选,10.39,24656.46,-1.24,01797.HK
2022-01-25,23.3431,167.1632,143.8201,2.2239781499999998,31.73,808.27,4576913510276.56,华宝国际,5.97,24243.61,-1.67,00336.HK
2022-01-26,46.4578,178.6929,132.2351,2.22862393,52.4,787.6,4587397409333.38,京城机电股份,12.92,24289.9,0.19,00187.HK
2022-02-07,13.9745,174.66459999999998,160.6901,2.2300213799999997,26.21,813.79,4633109903854.01,时代天使,9.32,24579.55,0.03,06699.HK
2022-02-08,14.0928,152.7686,138.6758,2.23143066,25.59,814.41,4580953541149.64,中远海能,11.92,24329.49,-1.02,01138.HK
2022-02-09,27.4017,195.7642,168.3625,2.23417083,39.55,800.45,4683329884664.37,中国铝业,9.21,24829.99,2.06,02600.HK
2022-02-10,-0.5972999999999999,152.507,153.1043,2.2341111000000002,15.18,824.82,4716511641161.63,东方甄选,11.09,24924.35,0.38,01797.HK
2022-02-11,-3.92400000000001,175.8033,179.72729999999999,2.2337187000000003,12.36,827.64,4693523533896.11,中铝国际,11.81,24906.66,-0.07,02068.HK
2022-02-14,-24.7593,126.5949,151.3542,2.23124277,-6.99,846.99,4622741301366.12,中铝国际,7.39,24556.57,-1.41,02068.HK
2022-02-15,-15.429200000000002,123.22930000000001,138.6585,2.2296998500000003,0.84,839.16,4593570376779.9,四环医药,19.38,24355.71,-0.82,00460.HK
2022-02-16,3.6546,117.0373,113.3827,2.23006531,15.8,824.2,4646543495939.21,中国中冶,9.65,24718.9,1.49,01618.HK
2022-02-17,-7.24259999999999,107.9903,115.23290000000001,2.22934105,5.55,834.45,4659202483360.29,东岳集团,13.04,24792.77,0.3,00189.HK
2022-02-18,-31.4902,119.28229999999999,150.7725,2.22619203,-12.26,852.26,4604853708760.27,东方甄选,13.21,24327.71,-1.88,01797.HK
2022-02-21,5.35059999999999,192.9496,187.59900000000002,2.22672709,21.8,818.2,4561678173181.74,锦欣生殖,8.77,24170.07,-0.65,01951.HK
2022-02-22,-0.06480000000000001,175.9079,175.9727,2.22672061,16.46,823.54,4473500135847.32,中国儒意,5.58,23520.0,-2.69,00136.HK
2022-02-23,14.581,134.98930000000001,120.4083,2.2281787100000003,25.16,814.84,4498623253695.14,中国儒意,13.46,23660.28,0.6,00136.HK
2022-02-24,9.943400000000011,189.6877,179.7443,2.22917305,23.71,816.29,4363501898903.15,京城机电股份,5.11,22901.56,-3.21,00187.HK
2022-02-25,31.6063,169.81470000000002,138.2084,2.23233368,40.11,799.89,4357906464730.81,荣昌生物,14.34,22767.18,-0.59,09995.HK
2022-02-28,8.8347,149.59290000000001,140.7582,2.23321715,23.01,816.99,4353075617988.0,浙江世宝,12.12,22713.02,-0.24,01057.HK
2022-03-01,18.797,139.57139999999998,120.7744,2.23509685,28.8,811.2,4395090885929.09,微创医疗,7.87,22761.71,0.21,00853.HK
2022-03-02,23.3453,141.9782,118.6329,2.23743138,31.83,808.17,4313384443177.95,五矿资源,11.74,22343.92,-1.84,01208.HK
2022-03-03,3.4668,152.1685,148.7017,2.23777806,17.5,822.5,4328273353708.31,辽港股份,12.0,22467.34,0.55,02880.HK
2022-03-04,43.027,205.817,162.79,2.2420807599999995,53.36,786.64,4230033763134.95,长江基建集团,5.02,21905.29,-2.5,01038.HK
2022-03-07,54.4899,259.92080000000004,205.4309,2.24752975,63.97,776.03,4089214814002.53,招金矿业,13.07,21057.63,-3.87,01818.HK
2022-03-08,18.8353,202.6561,183.82080000000002,2.2494132799999997,30.15,809.85,3988238461933.49,青岛银行,7.78,20765.87,-1.39,03866.HK
2022-03-09,3.6061999999999896,206.33700000000002,202.73080000000002,2.2497738999999997,20.61,819.39,3980610723399.4,华宝国际,8.43,20627.71,-0.67,00336.HK
2022-03-10,34.4955,178.0795,143.584,2.25322345,42.56,797.44,4031187552865.47,创维集团,12.73,20890.26,1.27,00751.HK
2022-03-11,38.1841,258.42740000000003,220.2433,2.2570418599999997,52.39,787.61,3948503643118.18,君实生物,11.9,20553.79,-1.61,01877.HK
2022-03-14,64.7194,293.4376,228.7182,2.2635137999999997,68.96,771.04,3695884704358.41,建滔集团,4.13,19531.66,-4.97,00148.HK
2022-03-15,93.8365,398.2318,304.39529999999996,2.27289745,98.09,741.91,3468445341257.99,VITASOY INT'L,5.82,18415.08,-5.72,00345.HK
2022-03-16,78.726,432.4239,353.6979,2.28077005,95.98,744.02,3822349015421.29,海吉亚医疗,48.27,20087.5,9.08,06078.HK
2022-03-17,-2.04840000000004,347.54830000000004,349.5967,2.28056521,24.44,815.56,4088997168623.06,新城发展,47.7,21501.23,7.04,01030.HK
2022-03-18,28.245,216.7088,188.46380000000002,2.28338971,44.75,795.25,4107853749457.21,联合能源集团,13.58,21412.4,-0.41,00467.HK
2022-03-21,10.7971,169.08919999999998,158.2921,2.2844694199999998,23.4,816.6,4046914762281.14,复星医药,21.66,21221.34,-0.89,02196.HK
2022-03-22,10.734300000000001,171.21779999999998,160.4835,2.28554285,27.04,812.96,4171522239780.68,中铝国际,15.6,21889.28,3.15,02068.HK
2022-03-23,45.6002,239.7631,194.1629,2.29010287,55.0,785.0,4202714956903.7,京城机电股份,25.98,22154.08,1.21,00187.HK
2022-03-24,-8.15400000000001,194.65240000000003,202.8064,2.28928747,9.52,830.48,4173163396331.58,JS环球生活,14.32,21945.95,-0.94,01691.HK
2022-03-25,-32.4946,145.20950000000002,177.7041,2.28603801,-12.74,852.74,4071306622143.04,五矿资源,9.7,21404.88,-2.47,01208.HK
2022-03-28,-8.8633,169.03830000000002,177.9016,2.2851516800000002,9.34,830.66,4121217893739.42,中国东方教育,16.94,21684.97,1.31,00667.HK
2022-03-29,-9.12280000000001,165.93740000000003,175.0602,2.2842394,7.97,832.03,4162042196494.57,微盟集团,22.47,21927.63,1.12,02013.HK
2022-03-30,-21.418699999999998,196.0162,217.43490000000003,2.2820975299999997,2.14,837.86,4245072929600.39,云顶新耀,21.06,22232.03,1.39,01952.HK
2022-04-06,6.37129999999997,201.1103,194.739,2.28273466,22.12,817.88,4252978855734.08,云顶新耀,12.22,22080.52,-1.87,01952.HK
2022-04-07,-9.34490000000001,136.5521,145.89700000000002,2.28180017,5.06,834.94,4176006968529.86,五矿资源,9.12,21808.98,-1.23,01208.HK
2022-04-08,3.3672000000000097,128.7244,125.35719999999999,2.2821368900000003,17.04,822.96,4195755890812.07,广汽集团,9.65,21872.01,0.29,02238.HK
2022-04-11,0.6819,141.5659,140.884,2.28220508,13.14,826.86,4046791890810.49,阜丰集团,4.68,21208.3,-3.03,00546.HK
2022-04-12,17.028299999999998,148.2686,131.24030000000002,2.2839079100000004,27.68,812.32,4083266130988.0,中煤能源,14.02,21319.13,0.52,01898.HK
2022-04-13,29.2485,133.6575,104.40899999999999,2.28683276,36.36,803.64,4109617689925.97,招金矿业,11.12,21374.37,0.26,01818.HK
2022-04-14,9.4048,124.0114,114.6066,2.28777324,19.4,820.6,4177422888082.14,中国东方教育,14.0,21518.08,0.67,00667.HK
2022-04-19,29.948600000000003,147.3575,117.40889999999999,2.2907681,39.59,800.41,4095891914345.1,福耀玻璃,7.51,21027.76,-2.28,03606.HK
2022-04-20,-18.2229,94.9422,113.1651,2.28894581,-3.53,843.53,4056744939795.22,山东新华制药股份,7.44,20944.67,-0.4,00719.HK
2022-04-21,-22.2597,124.3908,146.6505,2.28671984,-5.3,845.3,3982391643523.72,四川成渝高速公路,3.08,20682.22,-1.25,00107.HK
2022-04-22,32.8348,118.7929,85.9581,2.29000332,40.39,799.61,3991128068526.05,波司登,8.04,20638.52,-0.21,03998.HK
2022-04-25,-2.9621,141.6131,144.5752,2.2897071099999997,9.35,830.65,3809802632379.22,国泰航空,3.65,19869.34,-3.73,00293.HK
2022-04-26,0.90489999999999,122.6785,121.7736,2.2897976000000004,11.59,828.41,3821907608195.9,微创机器人-B,11.35,19934.71,0.33,02252.HK
2022-04-27,28.277199999999997,148.9556,120.6784,2.29262532,38.3,801.7,3860948353465.67,山东新华制药股份,50.23,19946.36,0.06,00719.HK
2022-05-05,-8.5137,150.4062,158.91989999999998,2.2917739500000005,5.12,834.88,3997332668376.12,上海复旦,10.96,20793.4,-0.36,01385.HK
2022-05-06,25.6771,132.9083,107.2312,2.29434166,34.03,805.97,3847930167736.8,固生堂,6.04,20001.96,-3.81,02273.HK
2022-05-10,64.2875,176.275,111.9875,2.30077041,74.89,765.11,3788030953640.94,山东新华制药股份,8.33,19633.69,-1.84,00719.HK
2022-05-11,62.9202,185.0195,122.0993,2.30706243,70.1,769.9,3852460163075.14,复星医药,10.83,19824.57,0.97,02196.HK
2022-05-12,66.54090000000001,152.38389999999998,85.84299999999999,2.31371652,70.08,769.92,3792731394477.42,青岛银行,4.82,19380.34,-2.24,03866.HK
2022-05-13,34.946799999999996,143.8735,108.9267,2.3172112,45.33,794.67,3906313725453.28,先声药业,14.14,19898.77,2.68,02096.HK
2022-05-16,19.323,125.4225,106.0995,2.3191435,30.17,809.83,3924033740797.43,东方甄选,6.87,19950.21,0.26,01797.HK
2022-05-17,43.0667,181.65380000000002,138.5871,2.32345017,54.17,785.83,4039216787495.86,云顶新耀,16.1,20602.52,3.27,01952.HK
2022-05-18,8.060599999999999,124.98190000000001,116.92129999999999,2.32425623,21.58,818.42,4056633848300.19,易鑫集团,10.96,20644.28,0.2,02858.HK
2022-05-19,53.2834,187.0023,133.7189,2.3295845699999997,65.4,774.6,3987749213537.07,山东新华制药股份,13.13,20120.68,-2.54,00719.HK
2022-05-20,2.22280000000001,144.5692,142.3464,2.32980685,17.5,822.5,4088573256872.61,荣昌生物,12.12,20717.24,2.96,09995.HK
2022-05-23,15.815,116.8704,101.0554,2.33138835,27.77,812.23,4064178994735.45,中国宏桥,7.87,20470.06,-1.19,01378.HK
2022-05-24,9.16680000000001,146.7995,137.6327,2.33230503,22.88,817.12,3993996895214.53,长城汽车,5.08,20112.1,-1.75,02333.HK
2022-05-25,26.893800000000002,126.62219999999999,99.72840000000001,2.33499441,37.55,802.45,4013379931286.37,长城汽车,10.79,20171.27,0.29,02333.HK
2022-05-26,29.9398,119.0192,89.0794,2.33798839,40.37,799.63,4015354240480.83,山东新华制药股份,9.12,20116.2,-0.27,00719.HK
2022-05-27,4.0943000000000005,121.8767,117.7824,2.33839782,16.7,823.3,4078083138371.99,康希诺生物,8.86,20697.36,2.89,06185.HK
2022-05-30,-14.7622,125.0652,139.8274,2.3369216,1.55,838.45,4156252426602.91,李宁,11.02,21123.93,2.06,02331.HK
2022-05-31,21.2101,177.6027,156.39260000000002,2.33904261,34.91,805.09,4254685036518.2,康方生物,14.49,21415.2,1.38,09926.HK
2022-06-01,10.7235,114.20209999999999,103.4786,2.34011496,22.67,817.33,4236596794647.2,泡泡玛特,9.75,21294.94,-0.56,09992.HK
2022-06-02,7.0176,106.8364,99.8188,2.3408167200000003,20.07,819.93,4211341383414.88,微创机器人-B,12.93,21082.13,-1.0,02252.HK
2022-06-06,15.0242,173.8033,158.7791,2.34231914,29.62,810.38,4306081477824.78,金斯瑞生物科技,12.75,21653.9,2.71,01548.HK
2022-06-07,12.4362,143.0477,130.6115,2.3435627599999997,24.94,815.06,4291872364848.06,中教控股,20.99,21531.67,-0.56,00839.HK
2022-06-08,-0.90769999999999,218.8283,219.736,2.3434719900000003,20.76,819.24,4395791205310.91,微创机器人-B,20.84,22014.59,2.24,02252.HK
2022-06-09,4.1237,167.692,163.5683,2.34388436,20.08,819.92,4347331043370.26,光大证券,7.27,21869.05,-0.66,06178.HK
2022-06-10,37.109899999999996,202.3161,165.2062,2.3475953499999997,51.59,788.41,4355046504286.87,东方甄选,39.37,21806.18,-0.29,01797.HK
2022-06-13,54.9752,209.7415,154.7663,2.3530928700000002,66.23,773.77,4236733295400.26,东方甄选,39.97,21067.58,-3.39,01797.HK
2022-06-14,51.7919,186.34330000000003,134.5514,2.35827206,64.49,775.51,4251007541648.84,东方甄选,23.17,21067.99,0.0,01797.HK
2022-06-15,43.4841,205.6376,162.1535,2.3626204700000004,54.7,785.3,4303868514904.15,东方甄选,54.19,21308.21,1.14,01797.HK
2022-06-16,19.3635,238.2491,218.8856,2.36455682,35.05,804.95,4221395288197.21,东方甄选,72.71,20845.43,-2.17,01797.HK
2022-06-17,25.952600000000004,208.08599999999998,182.1334,2.3671520800000003,43.21,796.79,4265808407517.6,易鑫集团,14.74,21075.0,1.1,02858.HK
2022-06-20,3.1272,192.5361,189.4089,2.3674647999999996,23.23,816.77,4287946391193.62,碧桂园服务,15.0,21163.91,0.42,06098.HK
2022-06-21,12.3191,166.91080000000002,154.5917,2.3686967099999996,28.56,811.44,4374971516218.62,易鑫集团,23.53,21559.59,1.87,02858.HK
2022-06-22,18.0233,183.46470000000002,165.4414,2.37049904,31.44,808.56,4279234077992.84,浙江世宝,11.0,21008.34,-2.56,01057.HK
2022-06-23,18.7151,178.87439999999998,160.1593,2.37237055,34.41,805.59,4330089521986.73,浙江世宝,20.69,21273.87,1.26,01057.HK
2022-06-24,30.0022,229.30509999999998,199.30290000000002,2.37537077,47.53,792.47,4417029520955.72,爱康医疗,24.07,21719.06,2.09,01789.HK
2022-06-27,42.6422,336.4458,293.8036,2.37963499,64.2,775.8,4501888694144.23,中创智领,28.36,22229.52,2.35,00564.HK
2022-06-28,19.268,257.2932,238.0252,2.38156179,41.84,798.16,4552257673231.24,京城机电股份,19.41,22418.97,0.85,00187.HK
2022-06-29,33.4904,228.84470000000002,195.3543,2.38491083,48.81,791.19,4458038866793.13,南京熊猫电子股份,14.5,21996.89,-1.88,00553.HK
2022-06-30,75.1988,244.75650000000002,169.5577,2.3924307099999997,84.52,755.48,4449776888747.64,华宝国际,20.32,21859.79,-0.62,00336.HK
2022-07-04,12.097100000000001,199.97240000000002,187.87529999999998,2.39364042,30.5,809.5,4424112363160.06,和黄医药,23.32,21830.35,-0.13,00013.HK
2022-07-05,-20.1973,146.8614,167.0587,2.39162069,-0.46,840.46,4431109145114.4,微创机器人-B,11.22,21853.07,0.1,02252.HK
2022-07-06,-35.650999999999996,159.77200000000002,195.423,2.38805559,-11.69,851.69,4372793198581.65,华宝国际,25.41,21586.66,-1.22,00336.HK
2022-07-07,-0.6096999999999899,129.5455,130.1552,2.38799462,17.56,822.44,4384190078362.56,南京熊猫电子股份,14.37,21643.58,0.26,00553.HK
2022-07-08,6.543099999999999,110.9033,104.3602,2.38864893,18.47,821.53,4383854699963.25,创维集团,11.28,21725.78,0.38,00751.HK
2022-07-11,-22.2376,129.45420000000001,151.6918,2.38642517,-2.24,842.24,4276719324199.38,海信家电,9.92,21124.2,-2.77,00921.HK
2022-07-12,12.0738,135.276,123.20219999999999,2.3876325499999997,24.69,815.31,4226001099229.1,兖矿能源,5.71,20844.74,-1.32,01171.HK
2022-07-13,11.248800000000001,113.61290000000001,102.3641,2.38875743,23.07,816.93,4202863809131.34,东方电气,12.58,20797.95,-0.22,01072.HK
2022-07-14,5.900399999999999,130.0515,124.1511,2.38934747,20.25,819.75,4200424161713.9,康方生物,9.15,20751.21,-0.22,09926.HK
2022-07-15,17.4348,155.1573,137.7225,2.39109095,28.4,811.6,4112871275755.6,兖矿能源,5.31,20297.72,-2.19,01171.HK
2022-07-18,-7.40030000000001,129.6185,137.0188,2.39035092,10.14,829.86,4218866843653.45,FIT HON TENG,32.65,20846.18,2.7,06088.HK
2022-07-19,11.241,93.2052,81.9642,2.3914750199999997,22.2,817.8,4191175122611.6,华宝国际,8.21,20661.06,-0.89,00336.HK
2022-07-20,10.12,106.9481,96.82809999999999,2.39248702,20.63,819.37,4227911460664.73,中创智领,15.23,20890.22,1.11,00564.HK
2022-07-21,8.268099999999999,101.855,93.5869,2.3933138300000003,18.32,821.68,4177212231480.25,洛阳钼业,8.09,20574.63,-1.51,03993.HK
2022-07-22,5.96150000000001,89.2594,83.29790000000001,2.39390998,16.29,823.71,4176815027687.41,东江环保,22.38,20609.14,0.17,00895.HK
2022-07-25,0.17309999999999998,104.31729999999999,104.1442,2.39392729,13.05,826.95,4152312971644.6,龙湖集团,6.77,20562.94,-0.22,00960.HK
2022-07-26,10.1166,99.3374,89.2208,2.3949389500000002,21.87,818.13,4204732060309.56,东方甄选,19.6,20905.88,1.67,01797.HK
2022-07-27,2.7388999999999903,99.456,96.71709999999999,2.3952128399999997,14.47,825.53,4151005435864.29,中船防务,13.02,20670.04,-1.13,00317.HK
2022-07-28,-0.6163000000000001,89.97489999999999,90.59120000000001,2.39515121,11.6,828.4,4160404532733.22,东方甄选,16.43,20622.68,-0.23,01797.HK
2022-07-29,-7.050499999999991,138.8042,145.85469999999998,2.39444616,7.91,832.09,4062778521025.81,凯盛新能,9.4,20156.51,-2.26,01108.HK
2022-08-01,33.1633,146.08870000000002,112.92540000000001,2.3977624900000003,42.28,797.72,4061325527227.38,吉利汽车,12.9,20165.84,0.05,00175.HK
2022-08-02,22.8769,151.8456,128.9687,2.40005018,37.84,802.16,3963859590961.58,耐世特,7.7,19689.21,-2.36,01316.HK
2022-08-03,7.189600000000009,109.45790000000001,102.2683,2.40076914,17.96,822.04,3970373862093.96,固生堂,12.56,19767.09,0.4,02273.HK
2022-08-04,9.6702,98.16149999999999,88.4913,2.40173616,20.27,819.73,4047512990089.92,爱康医疗,14.22,20174.04,2.06,01789.HK
2022-08-05,4.3776,93.2641,88.8865,2.40217392,15.94,824.06,4076193868565.96,华虹宏力,13.35,20201.94,0.14,01347.HK
2022-08-08,-1.88949999999999,79.057,80.9465,2.4019849700000004,8.74,831.26,4047892920927.45,中船防务,8.56,20045.77,-0.77,00317.HK
2022-08-09,-5.97059999999999,77.0417,83.0123,2.4013879100000004,5.92,834.08,4045837897802.27,医脉通,13.91,20003.44,-0.21,02192.HK
2022-08-10,12.7951,110.57709999999999,97.78200000000001,2.4026674199999998,25.14,814.86,3970722230958.39,安德利果汁,18.22,19610.84,-1.96,02218.HK
2022-08-11,9.5604,84.7693,75.2089,2.40362346,19.63,820.37,4063040308997.73,丘钛科技,17.72,20082.43,2.4,01478.HK
2022-08-12,9.8951,74.8388,64.94369999999999,2.40461297,19.18,820.82,4090851959188.5,长飞光纤光缆,8.79,20175.62,0.46,06869.HK
2022-08-15,2.00459999999999,89.5359,87.53129999999999,2.4048134300000004,12.63,827.37,4065854131042.03,海底捞,7.99,20040.86,-0.67,06862.HK
2022-08-16,-19.5698,118.40700000000001,137.9768,2.4028564500000003,-3.32,843.32,4031784134609.6,碧桂园服务,15.03,19830.52,-1.05,06098.HK
2022-08-17,-24.0477,84.4175,108.46520000000001,2.40045168,-8.07,848.07,4050694319358.03,TCL电子,17.75,19922.45,0.46,01070.HK
2022-08-18,6.8274,94.0767,87.2493,2.40113442,17.19,822.81,4028265763482.27,TCL电子,6.72,19763.91,-0.8,01070.HK
2022-08-19,10.3182,92.4012,82.083,2.40216624,20.92,819.08,4043800851561.16,弘业期货,48.09,19773.03,0.05,03678.HK
2022-08-22,13.288900000000002,104.8883,91.5994,2.40349513,24.18,815.82,4037770130903.94,中远海能,12.34,19656.98,-0.59,01138.HK
2022-08-23,-2.92780000000001,95.4762,98.404,2.40320235,9.72,830.28,4017710767780.26,同程旅行,5.39,19503.25,-0.78,00780.HK
2022-08-24,-4.641,120.835,125.476,2.40273825,9.15,830.85,3959914173227.25,敏实集团,10.49,19268.74,-1.2,00425.HK
2022-08-25,-8.036,107.5734,115.60940000000001,2.40193465,5.67,834.33,4073959333321.88,弘业期货,19.02,19968.38,3.63,03678.HK
2022-08-26,-11.4876,114.4523,125.9399,2.4007858900000003,2.68,837.32,4102024514320.9,建发国际集团,15.41,20170.04,1.01,01908.HK
2022-08-29,17.6009,118.33879999999999,100.73790000000001,2.40254598,30.18,809.82,4076820449146.6,时代电气,6.68,20023.22,-0.73,03898.HK
2022-08-30,-0.9236,118.20110000000001,119.12469999999999,2.40245362,14.55,825.45,4058283589004.57,东方甄选,26.26,19949.03,-0.37,01797.HK
2022-08-31,3.9225,134.3184,130.3959,2.40284587,19.29,820.71,4066138866050.15,爱康医疗,7.91,19954.39,0.03,01789.HK
2022-09-01,25.6083,129.0783,103.47,2.4054067000000003,35.25,804.75,4014130214666.06,长飞光纤光缆,11.11,19597.31,-1.79,06869.HK
2022-09-02,-3.2211000000000096,108.6159,111.837,2.40508459,11.07,828.93,3980164037886.3,东方甄选,12.4,19452.09,-0.74,01797.HK
2022-09-05,28.8448,150.9574,122.1126,2.40796907,41.96,798.04,3944108609329.18,兖矿能源,12.18,19225.7,-1.16,01171.HK
2022-09-06,9.4847,113.31309999999999,103.8284,2.40891754,22.47,817.53,3948391155043.77,东方甄选,31.47,19202.73,-0.12,01797.HK
2022-09-07,8.332699999999999,112.98299999999999,104.6503,2.40975081,22.81,817.19,3925664345634.73,中国能源建设,15.63,19044.3,-0.83,03996.HK
2022-09-08,0.498,101.6678,101.1698,2.40980061,12.99,827.01,3880062450465.51,至源控股,10.59,18854.62,-1.0,00990.HK
2022-09-09,-1.8062,100.4641,102.2703,2.4096199900000004,12.06,827.94,3972359051208.67,乐普生物,283.79,19362.25,2.69,02157.HK
2022-09-13,21.819899999999997,117.59469999999999,95.7748,2.41180198,31.89,808.11,3965875709193.03,再鼎医药,14.7,19326.86,-0.18,09688.HK
2022-09-14,49.632799999999996,120.9458,71.313,2.4167652599999996,59.08,780.92,3900453501091.38,绿城中国,8.19,18847.1,-2.48,03900.HK
2022-09-15,21.6035,109.2145,87.611,2.41892561,31.85,808.15,3907470599814.19,复星国际,9.65,18930.38,0.44,00656.HK
2022-09-16,14.0174,107.81200000000001,93.79459999999999,2.42032735,24.72,815.28,3843739244817.51,澳博控股,5.09,18761.69,-0.89,00880.HK
2022-09-19,-12.043299999999999,104.86030000000001,116.90360000000001,2.4191230200000002,3.25,836.75,3802369024675.49,周大福,6.22,18565.97,-1.04,01929.HK
2022-09-20,17.554000000000002,85.29530000000001,67.7413,2.4208784199999998,27.44,812.56,3831624380496.8,新濠国际发展,14.74,18781.42,1.16,00200.HK
2022-09-21,44.251099999999994,110.7864,66.53529999999999,2.42530353,51.09,788.91,3770365018911.61,中远海能,10.54,18444.62,-1.79,01138.HK
2022-09-22,30.351599999999998,112.5708,82.2192,2.42833869,42.35,797.65,3737275928959.58,东方甄选,5.67,18147.95,-1.61,01797.HK
2022-09-23,28.1523,107.7396,79.5873,2.43115392,35.95,804.05,3686664173016.55,乐普生物,6.1,17933.27,-1.18,02157.HK
2022-09-26,-1.29050000000001,102.70360000000001,103.9941,2.43102487,10.66,829.34,3676420629474.66,金沙中国有限公司,15.65,17855.14,-0.44,01928.HK
2022-09-27,7.929600000000001,109.734,101.8044,2.43181783,22.77,817.23,3708436361192.15,爱康医疗,12.39,17860.31,0.03,01789.HK
2022-09-28,59.2417,143.63739999999999,84.39569999999999,2.4377419999999996,65.79,774.21,3590283272190.49,H&H国际控股,3.26,17250.88,-3.41,01112.HK
2022-10-10,3.9535,123.94940000000001,119.9959,2.4381373500000003,15.85,824.15,3525119248766.71,中国中药,6.27,17216.66,-2.95,00570.HK
2022-10-11,31.199099999999998,115.1068,83.9077,2.44125726,39.98,800.02,3463752700646.27,大唐发电,11.18,16832.36,-2.23,00991.HK
2022-10-12,11.360199999999999,134.7148,123.35459999999999,2.4423932799999997,25.57,814.43,3450339969651.18,弘业期货,13.79,16701.03,-0.78,03678.HK
2022-10-13,50.1434,121.5891,71.4457,2.44740762,56.97,783.03,3401358533246.72,百济神州,14.45,16389.11,-1.87,06160.HK
2022-10-14,50.428599999999996,155.75,105.3214,2.45245048,59.11,780.89,3471398437321.32,微创机器人-B,20.5,16587.69,1.21,02252.HK
2022-10-17,55.4954,140.955,85.4596,2.45800002,69.09,770.91,3490332118735.49,翰森制药,13.21,16612.9,0.15,03692.HK
2022-10-18,51.3051,144.7432,93.43809999999999,2.4631305299999995,63.09,776.91,3567770833122.43,荣昌生物,19.12,16914.58,1.82,09995.HK
2022-10-19,45.4,133.5451,88.1451,2.46767053,54.18,785.82,3505265882058.51,微创机器人-B,14.83,16511.28,-2.38,02252.HK
2022-10-20,70.6977,171.7989,101.1012,2.4747402999999997,83.8,756.2,3467836493212.91,微创机器人-B,10.37,16280.22,-1.4,02252.HK
2022-10-21,34.074600000000004,121.1992,87.12459999999999,2.4781477599999997,45.6,794.4,3491787042731.35,金辉控股,15.17,16211.12,-0.42,09993.HK
2022-10-24,66.9097,244.5203,177.6106,2.48483873,78.49,761.51,3292565749591.12,中航科工,5.17,15180.69,-6.36,02357.HK
2022-10-25,65.3159,181.11849999999998,115.8026,2.49137032,78.03,761.97,3317962440821.58,君实生物,20.66,15165.59,-0.1,01877.HK
2022-10-26,50.596199999999996,202.11810000000003,151.52190000000002,2.49642994,65.19,774.81,3379424574413.87,康希诺生物,20.6,15317.67,1.0,06185.HK
2022-10-27,55.7148,181.6338,125.919,2.5020014199999996,64.89,775.11,3396887865592.58,VITASOY INT'L,12.1,15427.94,0.72,00345.HK
2022-10-28,42.8045,169.0655,126.26100000000001,2.50628187,54.86,785.14,3285005313955.19,VITASOY INT'L,12.13,14863.06,-3.66,00345.HK
2022-10-31,52.1452,180.0793,127.9341,2.5114963900000005,63.2,776.8,3231896971764.38,比亚迪电子,13.43,14687.02,-1.18,00285.HK
2022-11-01,74.3749,247.80669999999998,173.4318,2.5189338799999996,90.69,749.31,3395420635219.16,康希诺生物,18.22,15455.27,5.23,06185.HK
2022-11-02,76.7252,202.9816,126.2564,2.5266064,94.87,745.13,3498873019167.7,康希诺生物,63.38,15827.17,2.41,06185.HK
2022-11-03,75.9994,185.3716,109.37219999999999,2.53420634,87.54,752.46,3437468352917.94,中铝国际,15.32,15339.49,-3.08,02068.HK
2022-11-04,60.4726,315.4045,254.93189999999998,2.5402536000000002,82.94,757.06,3620961690325.31,小鹏集团-W,24.18,16161.14,5.36,09868.HK
2022-11-07,48.9889,245.8621,196.8732,2.5451524900000004,69.81,770.19,3746494252771.64,商汤-W,35.34,16595.91,2.69,00020.HK
2022-11-08,41.9798,170.9551,128.9753,2.5493504700000003,57.45,782.55,3747032241304.01,金力永磁,17.92,16557.31,-0.23,06680.HK
2022-11-09,-6.93559999999999,173.8906,180.8262,2.54865691,11.9,828.1,3719138282755.88,FIT HON TENG,33.33,16358.52,-1.2,06088.HK
2022-11-10,40.3106,150.8551,110.54450000000001,2.55268797,55.49,784.51,3658835151420.75,康希诺生物,9.33,16081.04,-1.7,06185.HK
2022-11-11,-10.874500000000001,341.1618,352.0363,2.55160052,20.65,819.35,3903740559217.19,新城发展,53.77,17325.66,7.74,01030.HK
2022-11-14,-40.9458,335.1111,376.05690000000004,2.5475059399999997,-6.44,846.44,3979273388628.86,碧桂园服务,26.71,17619.71,1.7,06098.HK
2022-11-15,2.5502999999999902,337.64160000000004,335.0913,2.54776097,35.62,804.38,4139515654128.09,乐普生物,29.27,18343.12,4.11,02157.HK
2022-11-16,43.350100000000005,309.235,265.8849,2.5520959800000003,66.62,773.38,4105195528855.84,心动公司,17.24,18256.48,-0.47,02400.HK
2022-11-17,51.7803,279.95009999999996,228.1698,2.55727401,74.08,765.92,4060052269841.79,京城机电股份,20.97,18045.66,-1.15,00187.HK
2022-11-18,-24.409000000000002,211.5855,235.99450000000002,2.55483311,0.49,839.51,4036202643174.63,美图公司,23.66,17992.54,-0.29,01357.HK
2022-11-21,47.1675,182.68110000000001,135.5136,2.5595498599999997,63.82,776.18,3986945028040.61,乐普生物,21.05,17655.91,-1.87,02157.HK
2022-11-22,-58.1549,186.834,244.9889,2.55373437,-29.54,869.54,3938954743670.14,中铝国际,25.52,17424.41,-1.31,02068.HK
2022-11-23,-2.00900000000001,144.27370000000002,146.2827,2.5535334700000005,18.05,821.95,3959152320366.31,中铝国际,25.27,17523.81,0.57,02068.HK
2022-11-24,-24.9606,132.1385,157.0991,2.55103741,-3.1,843.1,3991097763895.79,新城发展,23.53,17660.9,0.78,01030.HK
2022-11-25,23.154600000000002,203.0998,179.9452,2.5533528700000003,43.64,796.36,3976782327559.52,青岛银行,37.8,17573.58,-0.49,03866.HK
2022-11-28,66.37689999999999,219.3593,152.98239999999998,2.55999056,84.92,755.08,3933157076797.55,永利澳门,15.14,17297.94,-1.57,01128.HK
2022-11-29,-10.980699999999999,275.7659,286.7466,2.5588924900000003,19.02,820.98,4107602849622.46,保利置业集团,15.48,18204.68,5.24,00119.HK
2022-11-30,27.6869,264.474,236.78709999999998,2.56166118,57.38,782.62,4203226562812.72,泉峰控股,16.49,18597.23,2.16,02285.HK
2022-12-01,20.3477,330.10339999999997,309.7557,2.56369595,44.76,795.24,4220310082492.59,小鹏集团-W,12.78,18736.44,0.75,09868.HK
2022-12-02,-12.530899999999999,196.0291,208.56,2.56244286,11.59,828.41,4203986487413.15,云顶新耀,25.9,18675.35,-0.33,01952.HK
2022-12-05,-14.1751,369.585,383.7601,2.5610253500000004,23.53,816.47,4389648474801.52,平安好医生,37.91,19518.29,4.51,01833.HK
2022-12-06,28.3594,298.4352,270.0758,2.56386129,54.93,785.07,4373051226992.07,中国东方教育,11.98,19441.18,-0.4,00667.HK
2022-12-07,-50.249399999999994,321.6279,371.87730000000005,2.55883635,-17.74,857.74,4243802485857.74,山东新华制药股份,27.93,18814.82,-3.22,00719.HK
2022-12-08,-4.24,272.0621,276.3021,2.5584123500000002,28.45,811.55,4385949195540.1,永利澳门,22.39,19450.23,3.38,01128.HK
2022-12-09,7.41010000000002,365.30019999999996,357.8901,2.55915336,42.52,797.48,4473545235439.89,龙湖集团,18.47,19900.87,2.32,00960.HK
2022-12-12,63.684200000000004,312.725,249.04080000000002,2.5655217799999996,86.55,753.45,4376706015803.72,山东新华制药股份,53.76,19463.63,-2.2,00719.HK
2022-12-13,16.6129,221.35580000000002,204.74290000000002,2.56718307,39.3,800.7,4393521850066.66,医脉通,25.52,19596.2,0.68,02192.HK
2022-12-14,-38.0186,208.0607,246.0793,2.5633812099999997,-9.25,849.25,4417229428187.91,理文造纸,10.48,19673.45,0.39,02314.HK
2022-12-15,19.008499999999998,174.53220000000002,155.52370000000002,2.56528206,39.11,800.89,4359200229555.2,中集安瑞科,4.77,19368.59,-1.55,03899.HK
2022-12-16,-15.6948,150.5391,166.2339,2.5637125800000002,9.97,830.03,4380710486215.04,山东新华制药股份,27.61,19450.67,0.42,00719.HK
2022-12-19,-4.2716,162.8084,167.08,2.5632854199999997,14.68,825.32,4339904147904.28,中国东方教育,9.36,19352.81,-0.5,00667.HK
2022-12-20,-20.7271,127.1484,147.8755,2.56121271,-1.38,841.38,4255728289027.11,美高梅中国,6.28,19094.8,-1.33,02282.HK
2022-12-21,3.4652,100.1789,96.7137,2.56155923,18.27,821.73,4283715362368.8,联合能源集团,31.34,19160.49,0.34,00467.HK
2022-12-22,7.72939999999999,167.4752,159.7458,2.56233217,24.72,815.28,4383049616517.8,小鹏集团-W,11.2,19679.22,2.71,09868.HK
2022-12-23,6.7975,138.0373,131.2398,2.56301192,23.42,816.58,4361745777286.71,诺诚健华,14.44,19593.06,-0.44,09969.HK
2022-12-28,20.5277,211.8565,191.3288,2.56506469,38.66,801.34,4442650773038.36,昊海生物科技,26.95,19898.91,1.56,06826.HK
2022-12-29,40.0122,176.7218,136.7096,2.56906591,56.02,783.98,4427842079666.58,远大医药,14.08,19741.14,-0.79,00512.HK
2022-12-30,20.1391,156.2025,136.0634,2.5710798199999996,36.24,803.76,4444066818911.31,君实生物,20.65,19781.41,0.2,01877.HK
2023-01-03,42.5022,227.34779999999998,184.84560000000002,2.57533004,62.79,777.21,4549557198810.77,海信家电,17.07,20145.29,1.84,00921.HK
2023-01-04,50.0979,246.6045,196.5066,2.5803398300000002,71.19,768.81,4663134760996.17,阅文集团,18.58,20793.11,3.22,00772.HK
2023-01-05,32.9834,274.6702,241.6868,2.58363817,53.62,786.38,4693140705806.61,创维集团,13.95,21052.17,1.25,00751.HK
2023-01-06,-13.4375,224.6164,238.0539,2.5822944199999998,11.22,828.78,4689229821002.75,再鼎医药,31.56,20991.64,-0.29,09688.HK
2023-01-09,-12.2511,213.66240000000002,225.9135,2.58106931,13.23,826.77,4780382616632.02,创维集团,25.12,21388.34,1.89,00751.HK
2023-01-10,-0.0575,168.8912,168.9487,2.58106356,20.03,819.97,4775592543699.8,春立医疗,9.01,21331.46,-0.27,01858.HK
2023-01-11,9.72219999999999,238.1157,228.3935,2.58203578,30.27,809.73,4790264460137.71,香港宽频,11.07,21436.05,0.49,01310.HK
2023-01-12,-24.2208,190.69799999999998,214.9188,2.5796137000000003,0.02,839.98,4779134357776.45,云顶新耀,17.23,21514.1,0.36,01952.HK
2023-01-13,20.4164,194.57389999999998,174.1575,2.5816553399999997,40.48,799.52,4862580509575.55,东方甄选,15.2,21738.66,1.04,01797.HK
2023-01-16,-8.45449999999999,243.5167,251.97119999999998,2.5808098900000003,16.41,823.59,4860174337919.57,红星美凯龙,29.59,21746.72,0.04,01528.HK
2023-01-17,26.6973,195.30689999999998,168.6096,2.58347962,42.9,797.1,4827092470584.02,弘业期货,35.8,21577.64,-0.78,03678.HK
2023-01-18,11.2206,198.4134,187.19279999999998,2.58460168,30.65,809.35,4849852939481.58,至源控股,18.75,21678.0,0.47,00990.HK
2023-01-30,-69.0375,269.811,338.8485,2.5776979300000002,-37.18,877.18,4951605147542.73,亚盛医药,17.43,22069.73,-2.73,06855.HK
2023-01-31,-63.202200000000005,174.9588,238.16099999999997,2.57137771,-32.29,872.29,4908685543511.6,中远海能,6.83,21842.33,-1.03,01138.HK
2023-02-01,-20.2922,199.6711,219.9633,2.5693484900000003,6.67,833.33,4978071279499.52,美图公司,20.1,22072.18,1.05,01357.HK
2023-02-02,-16.3064,195.75619999999998,212.06259999999997,2.56771785,5.57,834.43,4954375555992.45,泉峰控股,8.17,21958.36,-0.52,02285.HK
2023-02-03,-6.04450000000002,169.7116,175.7561,2.5671133999999998,15.25,824.75,4895340451321.06,医渡科技,4.49,21660.47,-1.36,02158.HK
2023-02-06,19.9028,238.1433,218.2405,2.56910368,40.57,799.43,4766409959029.53,京城机电股份,7.62,21222.16,-2.02,00187.HK
2023-02-07,0.16570000000000001,133.11540000000002,132.9497,2.56912025,16.21,823.79,4786129657948.78,美图公司,14.75,21298.7,0.36,01357.HK
2023-02-08,-36.36,165.18349999999998,201.5435,2.56548425,-12.75,852.75,4769956339769.23,理文造纸,9.73,21283.52,-0.07,02314.HK
2023-02-09,-8.18570000000001,163.4114,171.59709999999998,2.56466568,14.26,825.74,4846180079476.78,医渡科技,19.28,21624.36,1.6,02158.HK
2023-02-10,32.2399,208.1439,175.90400000000002,2.5678896699999996,47.85,792.15,4741621813857.25,越秀地产,6.09,21190.42,-2.01,00123.HK
2023-02-13,31.8642,176.6749,144.8107,2.5710760899999996,49.1,790.9,4757786526312.47,中联重科,10.07,21164.42,-0.12,01157.HK
2023-02-14,-37.6715,145.1377,182.80919999999998,2.56730894,-14.66,854.66,4736101111406.15,亿华通,6.0,21113.76,-0.24,02402.HK
2023-02-15,59.1149,206.74349999999998,147.6286,2.57322043,70.85,769.15,4677782593584.82,长飞光纤光缆,7.08,20812.17,-1.43,06869.HK
2023-02-16,-8.64079999999999,178.48680000000002,187.12759999999997,2.57235635,10.08,829.92,4701718058516.37,爱康医疗,13.21,20987.67,0.84,01789.HK
2023-02-17,-1.0367,127.68090000000001,128.7176,2.5722526800000005,14.11,825.89,4657336499028.99,山东新华制药股份,26.37,20719.81,-1.28,00719.HK
2023-02-20,-57.5028,166.16119999999998,223.66400000000002,2.5665023999999996,-26.9,866.9,4722538631465.39,中国宏桥,9.9,20886.96,0.81,01378.HK
2023-02-21,4.6981,175.90490000000003,171.20680000000002,2.56697221,22.6,817.4,4655608003566.38,美图公司,9.82,20529.49,-1.71,01357.HK
2023-02-22,7.318,151.8541,144.5361,2.56770401,27.1,812.9,4624659217570.85,美图公司,16.67,20423.84,-0.51,01357.HK
2023-02-23,8.3224,137.4623,129.1399,2.5685362499999997,25.22,814.78,4618336621325.86,联想集团,5.52,20351.35,-0.35,00992.HK
2023-02-24,82.3423,201.09419999999997,118.7519,2.57677048,89.74,750.26,4550697657323.62,太平洋航运,9.54,20010.04,-1.68,02343.HK
2023-02-27,60.486599999999996,172.1976,111.711,2.58281914,70.49,769.51,4519269449457.48,海底捞,13.71,19943.51,-0.33,06862.HK
2023-02-28,-32.1492,170.5072,202.6564,2.5796042200000002,-9.65,849.65,4494353435294.29,香港宽频,11.58,19785.94,-0.79,01310.HK
2023-03-01,33.9494,242.3764,208.42700000000002,2.58299916,57.46,782.54,4705610842279.33,明源云,12.73,20619.71,4.21,00909.HK
2023-03-02,73.1128,188.076,114.9632,2.59031044,83.98,756.02,4694911991806.37,JS环球生活,8.42,20429.46,-0.92,01691.HK
2023-03-03,22.505300000000002,174.2266,151.72129999999999,2.59256097,38.98,801.02,4750339731982.79,云顶新耀,9.41,20567.54,0.68,01952.HK
2023-03-06,22.735,175.3802,152.64520000000002,2.5948344700000003,40.09,799.91,4763664333336.83,再鼎医药,7.27,20603.19,0.17,09688.HK
2023-03-07,-7.8015,185.55180000000001,193.35330000000002,2.59405432,12.33,827.67,4720182935628.0,医脉通,13.85,20534.48,-0.33,02192.HK
2023-03-08,75.5489,220.21759999999998,144.6687,2.60160921,87.95,752.05,4626926516342.5,香港宽频,5.59,20051.25,-2.35,01310.HK
2023-03-09,6.14999999999999,147.7705,141.6205,2.60222421,21.48,818.52,4578417500374.9,中远海能,12.48,19925.74,-0.63,01138.HK
2023-03-10,13.296500000000002,217.5916,204.2951,2.60355386,34.38,805.62,4466753186594.87,至源控股,7.89,19319.92,-3.04,00990.HK
2023-03-13,3.4392,228.21580000000003,224.7766,2.6038977799999996,25.58,814.42,4568274705986.38,微创脑科学,16.91,19695.97,1.95,02172.HK
2023-03-14,48.911899999999996,224.9016,175.9897,2.6087889700000004,62.35,777.65,4480957777138.68,博安生物,32.11,19247.96,-2.27,06955.HK
2023-03-15,39.117,183.023,143.906,2.6127006699999997,52.16,787.84,4567987562511.12,博安生物,25.9,19539.87,1.52,06955.HK
2023-03-16,20.617399999999996,159.6472,139.0298,2.61476241,36.94,803.06,4513805951408.93,心泰医疗,12.18,19203.91,-1.72,02291.HK
2023-03-17,22.498,215.86759999999998,193.3696,2.61701221,41.86,798.14,4604775681989.03,金山软件,11.19,19518.59,1.64,03888.HK
2023-03-20,56.921800000000005,219.1137,162.1919,2.62270439,71.02,768.98,4493041248312.6,招金矿业,10.97,19000.71,-2.65,01818.HK
2023-03-21,10.134,149.9111,139.7771,2.6237177899999997,27.82,812.18,4571118511460.35,小鹏集团-W,11.03,19258.76,1.36,09868.HK
2023-03-22,30.7364,176.4254,145.689,2.62679143,44.37,795.63,4623220447513.02,众安在线,8.7,19591.43,1.73,06060.HK
2023-03-23,8.27160000000002,228.7087,220.4371,2.6276185899999995,31.29,808.71,4737634823490.24,东方海外国际,16.55,20049.64,2.34,00316.HK
2023-03-24,61.5025,233.2015,171.699,2.63376884,74.45,765.55,4725251564129.85,金山云,15.61,19915.68,-0.67,03896.HK
2023-03-27,42.6392,217.9402,175.301,2.6380327599999998,57.83,782.17,4642452725836.67,兖矿能源,9.57,19567.69,-1.75,01171.HK
2023-03-28,28.928800000000003,163.0572,134.1284,2.6409256400000003,43.01,796.99,4703578373780.62,联合能源集团,17.5,19784.65,1.11,00467.HK
2023-03-29,30.616300000000003,210.68900000000002,180.0727,2.64398727,46.09,793.91,4761846134515.92,高鑫零售,18.55,20192.4,2.06,06808.HK
2023-03-30,20.8617,169.8529,148.99120000000002,2.6460734400000003,38.43,801.57,4783907517078.28,金山云,13.17,20309.13,0.58,03896.HK
2023-03-31,6.6852,192.17950000000002,185.4943,2.64674196,23.94,816.06,4794159543851.95,金山云,13.76,20400.11,0.45,03896.HK
2023-04-03,52.4059,242.8333,190.4274,2.65198255,67.52,772.48,4813287677022.55,金山云,30.7,20409.18,0.04,03896.HK
2023-04-04,6.5102,219.36759999999998,212.8574,2.65263357,30.3,809.7,4807512837578.58,医渡科技,17.76,20274.59,-0.66,02158.HK
2023-04-06,38.8485,185.6468,146.7983,2.65651842,55.59,784.41,4825249914361.98,中国黄金国际,17.97,20331.2,0.28,02099.HK
2023-04-11,21.663899999999998,243.68779999999998,222.0239,2.65868481,43.26,796.74,4867243658489.1,龙光集团,26.19,20485.24,0.76,03380.HK
2023-04-12,-2.5583,188.72529999999998,191.2836,2.65842898,18.24,821.76,4839355657933.21,再鼎医药,7.52,20309.86,-0.86,09688.HK
2023-04-13,11.1522,169.65040000000002,158.4982,2.6595442000000005,32.98,807.02,4873589103293.97,中国海外宏洋集团,11.95,20344.48,0.17,00081.HK
2023-04-14,33.5616,216.34560000000002,182.78400000000002,2.66290036,51.15,788.85,4910078973237.06,五矿资源,26.61,20438.81,0.46,01208.HK
2023-04-17,74.271,258.9443,184.6733,2.67032746,90.23,749.77,4991220868724.56,中铝国际,31.12,20782.45,1.68,02068.HK
2023-04-18,22.594099999999997,160.22459999999998,137.63049999999998,2.6725868700000004,37.4,802.6,4960461537187.82,香港宽频,12.31,20650.51,-0.63,01310.HK
2023-04-19,29.6562,182.3482,152.692,2.6755524900000003,45.33,794.67,4899936473106.41,东方甄选,13.18,20367.76,-1.37,01797.HK
2023-04-20,-51.4872,162.4297,213.9169,2.67040377,-25.21,865.21,4893551545860.57,金山云,12.64,20396.97,0.14,03896.HK
2023-04-21,30.6195,179.6011,148.9816,2.6734657200000003,42.58,797.42,4817952123363.29,山东新华制药股份,7.24,20075.73,-1.57,00719.HK
2023-04-24,1.94499999999999,139.6405,137.69549999999998,2.67366022,17.47,822.53,4798157220624.08,中船防务,7.32,19959.94,-0.58,00317.HK
2023-04-25,21.0918,157.4956,136.4038,2.6757694,35.04,804.96,4712716904023.35,中铝国际,9.22,19617.88,-1.71,02068.HK
2023-04-26,15.0161,120.728,105.7119,2.6772710099999997,28.43,811.57,4759762181473.47,华能国际电力股份,8.93,19757.27,0.71,00902.HK
2023-04-27,0.8018000000000001,108.23790000000001,107.43610000000001,2.6773511899999995,14.97,825.03,4774086717930.68,中铝国际,18.1,19840.28,0.42,02068.HK
2023-04-28,6.6745,127.9791,121.3046,2.6780186400000003,20.24,819.76,4797658367557.56,广深铁路股份,20.39,19894.57,0.27,00525.HK
2023-05-04,28.15,157.6464,129.4964,2.68083364,44.29,795.71,4802026552729.83,绿城服务,12.23,19948.73,1.27,02869.HK
2023-05-05,-9.80540000000001,141.0444,150.8498,2.6798531000000003,8.1,831.9,4844278616388.89,龙光集团,9.68,20049.31,0.5,03380.HK
2023-05-08,18.215,191.2786,173.0636,2.6816746,36.29,803.71,4905828635278.35,秦港股份,14.29,20297.03,1.24,03369.HK
2023-05-09,9.40429999999999,200.62310000000002,191.21880000000002,2.6826150299999996,27.58,812.42,4806392476865.0,零跑汽车,7.46,19867.58,-2.12,09863.HK
2023-05-10,-2.34860000000001,128.0002,130.34879999999998,2.68238017,14.91,825.09,4788408555283.68,天齐锂业,11.03,19762.2,-0.53,09696.HK
2023-05-11,21.0475,141.83440000000002,120.7869,2.68448492,34.57,805.43,4775432903075.91,理想汽车-W,17.07,19743.79,-0.09,02015.HK
2023-05-12,-5.8475,121.71940000000001,127.5669,2.6839001700000003,8.78,831.22,4711112601645.03,乐普生物,5.51,19627.24,-0.59,02157.HK
2023-05-15,16.5268,155.2352,138.7084,2.68555285,31.81,808.19,4783839393120.32,微盟集团,15.8,19971.13,1.75,02013.HK
2023-05-16,14.0925,117.3368,103.24430000000001,2.6869621,25.82,814.18,4787197584173.84,乐普生物,13.25,19978.25,0.04,02157.HK
2023-05-17,67.7822,177.7319,109.94969999999999,2.69374032,74.8,765.2,4688767840545.85,中船防务,6.32,19560.57,-2.09,00317.HK
2023-05-18,17.3101,142.9013,125.59120000000001,2.69547133,31.74,808.26,4715325350007.91,广深铁路股份,12.5,19727.25,0.85,00525.HK
2023-05-19,-7.78080000000001,122.8222,130.60299999999998,2.69469325,10.75,829.25,4667382944742.64,德昌电机控股,5.94,19450.57,-1.4,00179.HK
2023-05-22,-21.619,121.74549999999999,143.36450000000002,2.69253135,-3.02,843.02,4728742925374.6,东方甄选,12.23,19678.17,1.17,01797.HK
2023-05-23,50.5304,144.9041,94.37370000000001,2.69758439,58.76,781.24,4675288708843.99,福莱特玻璃,6.54,19431.25,-1.25,06865.HK
2023-05-24,-34.951,103.64389999999999,138.5949,2.69408929,-17.64,857.64,4605549638579.88,福莱特玻璃,7.24,19115.93,-1.62,06865.HK
2023-05-25,72.0501,193.5973,121.54719999999999,2.7012943,83.66,756.34,4518902354399.33,德昌电机控股,4.09,18746.92,-1.93,00179.HK
2023-05-29,-18.3105,148.07219999999998,166.3827,2.69946325,0.26,839.74,4455779818888.9,华电国际电力股份,10.36,18551.11,-1.04,01071.HK
2023-05-30,14.033900000000001,121.507,107.47309999999999,2.70086664,27.93,812.07,4470506698797.13,康诺亚-B,9.33,18595.78,0.24,02162.HK
2023-05-31,-3.8745999999999996,140.8966,144.77120000000002,2.7004791800000003,14.66,825.34,4381671139718.97,东方甄选,7.2,18234.27,-1.94,01797.HK
2023-06-01,-36.6443,139.3441,175.9884,2.6968147499999997,-16.72,856.72,4384261314071.53,金山云,16.81,18216.91,-0.1,03896.HK
2023-06-02,-24.253800000000002,177.06650000000002,201.32029999999997,2.69438937,-1.22,841.22,4541208413012.73,龙光集团,20.29,18949.94,4.02,03380.HK
2023-06-05,108.8541,211.68040000000002,102.82629999999999,2.70527478,114.92,725.08,4567563967768.09,零跑汽车,9.94,19108.5,0.84,09863.HK
2023-06-06,-81.2995,113.27590000000001,194.5754,2.69714483,-59.05,899.05,4554428555466.63,金辉控股,12.86,19099.28,-0.05,09993.HK
2023-06-07,2.41040000000001,108.75489999999999,106.34450000000001,2.69738587,15.54,824.46,4581055140369.31,广深铁路股份,13.43,19252.0,0.8,00525.HK
2023-06-08,40.478699999999996,143.6266,103.1479,2.7014337400000006,53.16,786.84,4581664389760.73,中烟香港,23.04,19299.18,0.25,06055.HK
2023-06-09,-12.5547,122.3072,134.8619,2.70017827,5.23,834.77,4618298915180.42,金山云,13.83,19389.95,0.47,03896.HK
2023-06-12,45.643,150.54049999999998,104.8975,2.70474257,57.49,782.51,4601221121475.68,小鹏集团-W,11.14,19404.31,0.07,09868.HK
2023-06-13,31.2048,153.5028,122.29799999999999,2.70786305,45.02,794.98,4613416035169.96,明源云,16.46,19521.42,0.6,00909.HK
2023-06-14,15.4948,133.0226,117.52780000000001,2.70941253,29.21,810.79,4595192909524.23,荣昌生物,10.72,19408.42,-0.58,09995.HK
2023-06-15,-72.6491,154.6772,227.3263,2.7021476200000003,-44.91,884.91,4685760949839.22,云顶新耀,54.01,19828.92,2.17,01952.HK
2023-06-16,-96.2611,142.92,239.18110000000001,2.6925215099999997,-67.82,907.82,4738935296798.5,微创机器人-B,13.83,20040.37,1.07,02252.HK
2023-06-19,71.0586,206.317,135.2584,2.69962737,83.77,756.23,4700819043736.79,美图公司,21.28,19912.89,-0.64,01357.HK
2023-06-20,-29.5313,142.3038,171.83509999999998,2.69667424,-10.37,850.37,4603777375840.08,云顶新耀,27.31,19607.08,-1.54,01952.HK
2023-06-21,-32.6258,128.889,161.5148,2.69341166,-13.55,853.55,4506333373119.15,京城机电股份,15.73,19218.35,-1.98,00187.HK
2023-06-26,31.933400000000002,141.52540000000002,109.59200000000001,2.696605,44.86,795.14,4413958159308.22,医渡科技,15.76,18794.13,-0.51,02158.HK
2023-06-27,-73.5908,101.1613,174.75209999999998,2.68924592,-51.35,891.35,4491868723088.9,京城机电股份,12.59,19148.13,1.88,00187.HK
2023-06-28,73.0928,153.3472,80.25439999999999,2.6965552,82.68,757.32,4494377692613.2,小鹏集团-W,11.18,19172.05,0.12,09868.HK
2023-06-29,-35.8857,88.89059999999999,124.77629999999999,2.69296663,-19.4,859.4,4451719271268.47,云顶新耀,18.51,18934.36,-1.24,01952.HK
2023-06-30,16.6482,105.21950000000001,88.5713,2.69463145,29.91,810.09,4476028455028.6,微创机器人-B,15.99,18916.43,-0.09,02252.HK
2023-07-03,-20.2694,132.4515,152.7209,2.69260451,-1.7,841.7,4566468756687.05,浙江世宝,16.57,19306.59,2.06,01057.HK
2023-07-04,4.547,119.3974,114.85040000000001,2.69305921,20.26,819.74,4596901137696.04,浙江世宝,30.39,19415.68,0.57,01057.HK
2023-07-05,92.4075,187.4178,95.0103,2.70229996,101.77,738.23,4520120997585.98,京城机电股份,12.45,19110.38,-1.57,00187.HK
2023-07-06,32.2754,118.9048,86.6294,2.7055275,44.31,795.69,4401577463238.2,BRILLIANCE CHI,14.98,18533.05,-3.02,01114.HK
2023-07-07,-41.9111,106.7815,148.6926,2.70133639,-22.72,862.72,4361799747825.02,绿叶制药,6.58,18365.7,-0.9,02186.HK
2023-07-10,-11.9825,73.5928,85.57530000000001,2.7001381400000004,0.01,839.99,4382381732464.38,心泰医疗,7.14,18479.72,0.62,02291.HK
2023-07-11,-20.7887,89.11149999999999,109.9002,2.69805927,-5.6,845.6,4424343937586.24,浙江世宝,36.36,18659.83,0.97,01057.HK
2023-07-12,-0.7349,98.3626,99.0975,2.69798578,12.91,827.09,4452596850359.64,东岳集团,10.43,18860.95,1.08,00189.HK
2023-07-13,-3.2693,144.9948,148.26409999999998,2.6976588500000003,13.38,826.62,4556290121745.67,天工国际,15.84,19350.62,2.6,00826.HK
2023-07-14,-6.74570000000001,110.7571,117.50280000000001,2.6969842799999997,8.17,831.83,4571924300202.24,亿华通,9.45,19413.78,0.33,02402.HK
2023-07-18,11.7613,130.8566,119.09530000000001,2.69816041,26.94,813.06,4480539675489.12,京城机电股份,14.38,19015.72,-2.05,00187.HK
2023-07-19,164.7784,254.1932,89.4148,2.71463825,172.26,667.74,4471490955733.36,中国儒意,12.61,18952.31,-0.33,00136.HK
2023-07-20,-138.3355,89.2524,227.58790000000002,2.7008047000000004,-113.44,953.44,4463295399563.47,联合能源集团,7.06,18928.02,-0.13,00467.HK
2023-07-21,4.99800000000001,82.7714,77.7734,2.7013045,17.56,822.44,4494988487332.33,金斯瑞生物科技,12.17,19075.26,0.78,01548.HK
2023-07-24,97.9651,185.50979999999998,87.54469999999999,2.71110101,107.24,732.76,4425673450601.56,安徽皖通高速公路,9.89,18668.15,-2.13,00995.HK
2023-07-25,-61.2055,187.1044,248.30990000000003,2.70498046,-34.33,874.33,4600246991312.49,碧桂园服务,26.45,19434.4,4.1,06098.HK
2023-07-26,77.8337,170.9806,93.1469,2.71276383,88.97,751.03,4588750398730.16,重庆钢铁股份,10.39,19365.14,-0.36,01053.HK
2023-07-27,-36.810300000000005,145.607,182.41729999999998,2.7090827999999996,-14.47,854.47,4647758276078.96,小鹏集团-W,33.88,19639.11,1.41,09868.HK
2023-07-28,73.0966,260.4201,187.3235,2.71639246,92.27,747.73,4736983120299.93,东方甄选,28.81,19916.56,1.41,01797.HK
2023-07-31,-59.6082,283.5103,343.1185,2.71043164,-28.77,868.77,4765849714004.7,海底捞,12.17,20078.94,0.82,06862.HK
2023-08-01,94.8001,276.2711,181.47099999999998,2.71991165,109.5,730.5,4756821278012.08,重庆钢铁股份,11.49,20011.12,-0.34,01053.HK
2023-08-02,4.02430000000001,169.3693,165.345,2.72031408,22.81,817.19,4644454244175.82,碧桂园服务,17.98,19517.38,-2.47,06098.HK
2023-08-03,34.2129,140.9503,106.7374,2.72373537,49.49,790.51,4636119072552.24,国联民生,16.84,19420.87,-0.49,01456.HK
2023-08-04,-57.3653,161.4302,218.7955,2.71799884,-32.57,872.57,4680734510619.84,猫眼娱乐,17.05,19539.46,0.61,01896.HK
2023-08-07,44.3623,158.29319999999998,113.93090000000001,2.72243507,60.01,779.99,4656028603578.4,ASMPT,6.52,19537.92,-0.01,00522.HK
2023-08-08,73.2953,194.7118,121.4165,2.7297646,88.51,751.49,4597598824665.48,京城机电股份,22.97,19184.17,-1.81,00187.HK
2023-08-09,-68.80770000000001,110.1681,178.97580000000002,2.72288383,-43.17,883.17,4623199264100.49,亚盛医药,16.24,19246.03,0.32,06855.HK
2023-08-10,17.7553,109.08879999999999,91.3335,2.72465936,33.23,806.77,4631796874989.96,兖煤澳大利亚,6.16,19248.26,0.01,03668.HK
2023-08-11,71.7898,173.4258,101.63600000000001,2.73183834,84.0,756.0,4574175695082.71,中国软件国际,6.7,19075.19,-0.9,00354.HK
2023-08-14,88.4442,186.34080000000003,97.89659999999999,2.74068276,104.09,735.91,4524929971947.12,BRILLIANCE CHI,5.37,18773.55,-1.58,01114.HK
2023-08-15,67.9211,144.0249,76.1038,2.74747487,79.94,760.06,4503607359945.94,云顶新耀,7.57,18581.11,-1.03,01952.HK
2023-08-16,-30.430500000000002,131.8489,162.2794,2.74443182,-8.81,848.81,4459431847560.36,VITASOY INT'L,4.82,18329.3,-1.36,00345.HK
2023-08-17,99.3783,183.0824,83.7041,2.7543696499999997,115.02,724.98,4486885360534.05,联邦制药,16.99,18326.63,-0.01,03933.HK
2023-08-18,-40.9117,133.7783,174.69,2.75027848,-21.25,861.25,4415515350223.53,浙江世宝,9.34,17950.85,-2.05,01057.HK
2023-08-21,95.6472,197.71450000000002,102.06729999999999,2.7598432,106.45,733.55,4348462131966.68,昊海生物科技,11.05,17623.29,-1.82,06826.HK
2023-08-22,7.3448,152.5586,145.2138,2.7605776800000004,25.23,814.77,4403989331450.21,中国东方教育,14.93,17791.01,0.95,00667.HK
2023-08-23,31.215799999999998,123.54690000000001,92.3311,2.7636992599999997,44.25,795.75,4407079521677.53,安踏体育,9.72,17845.92,0.31,02020.HK
2023-08-24,44.4626,170.9888,126.5262,2.76814552,60.27,779.73,4510890738166.63,中国东方教育,14.06,18212.17,2.05,00667.HK
2023-08-25,33.8598,126.2834,92.42360000000001,2.7715315,47.06,792.94,4483363485228.05,零跑汽车,8.95,17956.38,-1.4,09863.HK
2023-08-28,41.0199,177.4544,136.4345,2.77563349,52.33,787.67,4525379904910.1,小鹏集团-W,10.91,18130.74,0.97,09868.HK
2023-08-29,29.0629,165.1428,136.0799,2.77853978,47.68,792.32,4618799537338.36,美图公司,18.85,18484.03,1.95,01357.HK
2023-08-30,45.908,172.05689999999998,126.1489,2.7831305800000004,58.91,781.09,4602143171316.02,比亚迪电子,8.59,18482.86,-0.01,00285.HK
2023-08-31,28.307199999999998,148.4284,120.1212,2.7859613,44.17,795.83,4581919578022.09,中国联塑,8.54,18382.06,-0.55,02128.HK
2023-09-04,42.9885,249.2357,206.24720000000002,2.79026015,66.83,773.17,4708980472803.61,新城发展,18.3,18844.16,2.51,01030.HK
2023-09-05,119.98370000000001,234.8591,114.87540000000001,2.80225852,132.35,707.65,4639609032329.86,融创中国,25.4,18456.91,-2.06,01918.HK
2023-09-06,41.679899999999996,193.1341,151.45420000000001,2.8064265099999997,63.19,776.81,4655876892496.85,融创中国,68.35,18449.98,-0.04,01918.HK
2023-09-07,70.46770000000001,201.8025,131.3348,2.8134732799999997,84.67,755.33,4600993663876.98,龙源电力,5.46,18202.07,-1.34,00916.HK
2023-09-11,-102.56459999999998,160.43540000000002,263.0,2.80321682,-71.34,911.34,4631250824629.54,融创中国,23.79,18096.45,-0.58,01918.HK
2023-09-12,67.2928,188.0961,120.8033,2.8099461,82.29,757.71,4615125062389.9,海昌海洋公园,4.67,18025.89,-0.39,02255.HK
2023-09-13,-17.6708,123.4618,141.1326,2.80817902,0.94,839.06,4607832895212.24,JS环球生活,12.89,18009.22,-0.09,01691.HK
2023-09-14,26.121399999999998,143.7146,117.5932,2.8107911600000004,43.2,796.8,4649060720769.37,JS环球生活,16.81,18047.92,0.21,01691.HK
2023-09-15,11.944,138.8106,126.8666,2.81198556,29.67,810.33,4675231513236.29,乐普生物,15.66,18182.89,0.75,02157.HK
2023-09-18,87.33120000000001,185.8276,98.4964,2.82071868,100.45,739.55,4638217913981.99,爱康医疗,10.0,17930.55,-1.39,01789.HK
2023-09-19,34.8643,147.14780000000002,112.2835,2.82420511,51.73,788.27,4658074725860.02,博安生物,20.82,17997.17,0.37,06955.HK
2023-09-20,31.9943,119.6918,87.6975,2.82740454,46.07,793.93,4624751409771.97,乐普生物,13.93,17885.6,-0.62,02157.HK
2023-09-21,32.4438,134.4349,101.9911,2.83064892,47.44,792.56,4572796149173.92,中远海能,4.88,17655.41,-1.29,01138.HK
2023-09-22,-42.2759,138.6791,180.955,2.82642133,-17.48,857.48,4672021679322.87,云顶新耀,16.04,18057.45,2.28,01952.HK
2023-09-25,60.3333,161.2532,100.9199,2.8324546600000002,72.98,767.02,4600278715204.96,中广核矿业,7.63,17729.29,-1.82,01164.HK
2023-09-26,1.58739999999999,123.6963,122.10889999999999,2.8326133999999996,16.67,823.33,4539826553229.62,中广核矿业,11.81,17466.9,-1.48,01164.HK
2023-09-27,36.820100000000004,120.8785,84.0584,2.8362954100000004,48.87,791.13,4573046961973.62,KLN,21.43,17611.87,0.83,00636.HK
2023-09-28,41.2891,128.7579,87.46879999999999,2.84042432,53.49,786.51,4543102319529.58,联合能源集团,7.41,17373.03,-1.36,00467.HK
2023-10-09,20.4255,79.5799,59.154399999999995,2.84246687,30.26,809.74,4556130870390.49,国泰君安国际,12.07,17517.4,0.18,01788.HK
2023-10-10,62.264300000000006,164.5212,102.2569,2.8486933,73.1,766.9,4569573448028.51,美图公司,11.56,17664.73,0.84,01357.HK
2023-10-11,13.331700000000001,132.3003,118.96860000000001,2.8500264700000004,28.53,811.47,4636340839238.54,丘钛科技,23.81,17893.1,1.29,01478.HK
2023-10-12,-54.8331,126.6176,181.45069999999998,2.84454316,-32.42,872.42,4716731475442.91,海信家电,12.68,18238.21,1.93,00921.HK
2023-10-13,40.170300000000005,138.9102,98.73989999999999,2.8485601899999997,53.51,786.49,4637517130736.06,联邦制药,4.3,17813.45,-2.33,03933.HK
2023-10-16,40.57,146.46450000000002,105.89450000000001,2.85261719,53.74,786.26,4584835556354.49,山东新华制药股份,10.93,17640.36,-0.97,00719.HK
2023-10-17,5.33359999999999,97.8635,92.5299,2.85315055,19.4,820.6,4616569290795.77,至源控股,6.35,17773.34,0.75,00990.HK
2023-10-18,-43.2694,106.5075,149.7769,2.8488236099999997,-24.04,864.04,4591038459178.71,FIT HON TENG,17.27,17732.52,-0.23,06088.HK
2023-10-19,17.9234,135.40040000000002,117.477,2.8506159500000003,33.31,806.69,4495844183211.59,舜宇光学科技,8.74,17295.89,-2.46,02382.HK
2023-10-20,18.6832,123.1124,104.4292,2.85248427,34.37,805.63,4463849987141.0,零跑汽车,6.98,17172.13,-0.72,09863.HK
2023-10-24,23.2515,158.7968,135.5453,2.85480942,42.07,797.93,4429746463821.07,东岳集团,13.67,16991.53,-1.05,00189.HK
2023-10-25,-0.51200000000001,143.0452,143.5572,2.85475822,14.99,825.01,4442965625054.4,中国联塑,10.96,17085.33,0.55,02128.HK
2023-10-26,22.2746,124.238,101.96340000000001,2.85698568,38.2,801.8,4434319294267.13,南京熊猫电子股份,15.32,17044.61,-0.24,00553.HK
2023-10-27,24.1148,147.024,122.9092,2.85939716,41.91,798.09,4525336006161.63,云顶新耀,17.42,17398.73,2.08,01952.HK
2023-10-30,22.4711,176.19299999999998,153.7219,2.8616442699999998,43.21,796.79,4540776564074.55,丘钛科技,11.51,17406.36,0.04,01478.HK
2023-10-31,19.3547,130.8427,111.488,2.8635797400000005,35.28,804.72,4478354021994.13,民生银行,4.0,17112.48,-1.69,01988.HK
2023-11-01,22.345,113.7586,91.4136,2.86581424,37.89,802.11,4485501143513.02,H&H国际控股,20.36,17101.78,-0.06,01112.HK
2023-11-02,9.3989,113.82979999999999,104.43090000000001,2.86675413,24.88,815.12,4509574856420.16,小鹏集团-W,7.57,17230.59,0.75,09868.HK
2023-11-03,11.5826,138.4232,126.8406,2.8679123900000003,30.37,809.63,4607666339914.71,香港宽频,18.15,17664.12,2.52,01310.HK
2023-11-06,8.352100000000009,223.62830000000002,215.2762,2.8687476000000003,33.51,806.49,4703029698254.23,美图公司,12.75,17966.59,1.71,01357.HK
2023-11-07,95.67219999999999,207.4566,111.7844,2.87831482,111.47,728.53,4652098359448.17,零跑汽车,7.89,17670.16,-1.65,09863.HK
2023-11-08,-13.582799999999999,162.8532,176.43599999999998,2.87695654,7.81,832.19,4635715847579.91,融创中国,30.11,17568.46,-0.58,01918.HK
2023-11-09,50.4054,139.7526,89.34719999999999,2.88199708,64.86,775.14,4620599111693.79,德昌电机控股,9.86,17511.29,-0.33,00179.HK
2023-11-10,43.311899999999994,156.1712,112.8593,2.88632827,60.89,779.11,4554262471208.29,融创中国,5.29,17203.26,-1.76,01918.HK
2023-11-13,-19.8826,120.8823,140.7649,2.88434001,1.58,838.42,4610452814605.7,中国软件国际,10.92,17426.21,1.3,00354.HK
2023-11-14,13.631400000000001,144.5311,130.8997,2.88570315,31.04,808.96,4604127177611.44,南京熊猫电子股份,16.73,17396.86,-0.17,00553.HK
2023-11-15,-95.4603,154.6957,250.15599999999998,2.8761571200000002,-64.93,904.93,4748545023104.84,南京熊猫电子股份,22.73,18079.0,3.92,00553.HK
2023-11-16,43.393299999999996,186.7734,143.3801,2.8804964500000003,61.1,778.9,4696483667587.94,南京熊猫电子股份,7.69,17832.82,-1.36,00553.HK
2023-11-17,37.399699999999996,140.5513,103.1516,2.88423642,54.37,785.63,4622554619351.05,浙江世宝,19.81,17454.19,-2.12,01057.HK
2023-11-20,-61.0804,125.34110000000001,186.4215,2.8781283799999997,-35.08,875.08,4707636364834.63,南京熊猫电子股份,19.55,17778.07,1.86,00553.HK
2023-11-21,-24.362,140.792,165.15400000000002,2.87569218,-5.32,845.32,4699828862066.29,融创中国,12.02,17733.89,-0.25,01918.HK
2023-11-22,51.6299,158.944,107.3141,2.88085517,65.38,774.62,4681854145223.19,中国有色矿业,5.24,17734.6,0.0,01258.HK
2023-11-23,-57.5096,114.4448,171.9544,2.87510421,-31.19,871.19,4747452788548.01,龙光集团,18.92,17910.84,0.99,03380.HK
2023-11-24,87.2658,181.4535,94.1877,2.88383079,97.3,742.7,4669860129926.98,山东新华制药股份,4.91,17559.42,-1.96,00719.HK
2023-11-27,3.4773,114.78280000000001,111.3055,2.88417852,20.37,819.63,4659232548261.15,第一拖拉机股份,5.8,17525.06,-0.2,00038.HK
2023-11-28,-30.5331,128.1396,158.6727,2.88112521,-8.96,848.96,4631247479454.77,康哲药业,11.35,17354.14,-0.98,00867.HK
2023-11-29,-8.178899999999981,198.53130000000002,206.71020000000001,2.88030732,12.71,827.29,4550515181062.5,南京熊猫电子股份,41.73,16993.44,-2.08,00553.HK
2023-11-30,17.2104,137.8031,120.59270000000001,2.88202836,33.75,806.25,4583999929098.96,弘业期货,14.47,17042.88,0.29,03678.HK
2023-12-01,52.89020000000001,169.9743,117.08409999999999,2.8873173800000003,67.1,772.9,4529047974250.47,博安生物,10.65,16830.3,-1.25,06955.HK
2023-12-04,-6.94990000000001,136.0773,143.0272,2.88662239,10.25,829.75,4473394510561.85,太平洋航运,7.02,16646.05,-1.09,02343.HK
2023-12-05,45.6171,206.7761,161.159,2.8911841000000003,61.42,778.58,4403731029931.41,东方甄选,8.63,16327.86,-1.91,01797.HK
2023-12-06,56.1048,161.9985,105.89370000000001,2.8967945800000003,69.72,770.28,4435519576392.72,太古股份公司A,17.17,16463.26,0.83,00019.HK
2023-12-07,-16.3509,123.03299999999999,139.38389999999998,2.89515949,4.64,835.36,4399360097382.36,微创机器人-B,6.37,16345.89,-0.71,02252.HK
2023-12-08,33.6875,153.5849,119.8974,2.8985282400000005,48.01,791.99,4376356315037.24,阜博集团,4.51,16334.37,-0.07,03738.HK
2023-12-11,55.9406,176.1236,120.18299999999999,2.9041222999999996,70.7,769.3,4359073820358.14,金蝶国际,8.09,16201.49,-0.81,00268.HK
2023-12-12,-26.9767,121.0505,148.0272,2.9014246299999997,-7.14,847.14,4404660742197.15,阅文集团,13.08,16374.5,1.07,00772.HK
2023-12-13,8.5496,115.1233,106.5737,2.9022795899999996,22.72,817.28,4348755052234.83,再鼎医药,6.59,16228.75,-0.89,09688.HK
2023-12-14,-96.9823,101.3392,198.32150000000001,2.89258136,-72.84,912.84,4377457080569.03,创科实业,9.97,16402.19,1.07,00669.HK
2023-12-15,-39.630900000000004,121.7903,161.4212,2.8886182700000003,-17.84,857.84,4450263811140.39,融创中国,16.3,16792.19,2.38,01918.HK
2023-12-18,117.49889999999999,219.43490000000003,101.936,2.90036816,125.77,714.23,4399699386224.82,东方甄选,21.9,16629.23,-0.97,01797.HK
2023-12-19,12.7351,127.26729999999999,114.53219999999999,2.9016416699999996,27.7,812.3,4357174428211.93,JS环球生活,4.76,16505.0,-0.75,01691.HK
2023-12-20,-110.38950000000001,77.592,187.9815,2.89060272,-85.74,925.74,4369433654325.48,永利澳门,5.93,16613.81,0.66,01128.HK
2023-12-21,24.375,97.2334,72.8584,2.89304022,36.78,803.22,4377584149451.92,福莱特玻璃,8.03,16621.13,0.04,06865.HK
2023-12-22,-42.771800000000006,236.8443,279.6161,2.88876304,-16.26,856.26,4275343949364.01,翰森制药,5.39,16340.41,-1.69,03692.HK
2023-12-27,12.423,170.49490000000003,158.0719,2.8900053399999996,32.03,807.97,4349560408852.17,南京熊猫电子股份,19.92,16624.84,1.74,00553.HK
2023-12-28,-19.652,155.922,175.574,2.88804014,3.22,836.78,4452457429937.14,中国中免,11.05,17043.53,2.52,01880.HK
2023-12-29,18.8119,116.6775,97.8656,2.88992133,33.22,806.78,4477392460812.42,联合能源集团,10.39,17047.39,0.02,00467.HK
2024-01-02,38.536300000000004,145.004,106.46770000000001,2.89377496,50.87,789.13,4431727453749.71,安德利果汁,9.99,16788.55,-1.52,02218.HK
2024-01-03,68.1625,163.86849999999998,95.706,2.90059121,79.03,760.97,4417773502111.86,凯盛新能,5.87,16646.41,-0.85,01108.HK
2024-01-04,21.5052,113.368,91.86280000000001,2.9027417300000002,34.33,805.67,4422645703277.12,北控水务集团,6.04,16645.98,0.0,00371.HK
2024-01-05,16.0664,130.6767,114.61030000000001,2.90434837,29.91,810.09,4398885105504.84,KLN,15.09,16535.33,-0.66,00636.HK
2024-01-08,-14.2947,122.6715,136.96620000000001,2.9029189,1.73,838.27,4322496613364.37,南京熊猫电子股份,13.33,16224.45,-1.88,00553.HK
2024-01-09,-40.3598,102.0898,142.4496,2.89888292,-22.16,862.16,4315592785848.5,海信家电,8.52,16190.02,-0.21,00921.HK
2024-01-10,25.6941,127.5774,101.8833,2.90145233,38.85,801.15,4299170733901.43,特步国际,8.66,16097.28,-0.57,01368.HK
2024-01-11,-54.24979999999999,109.01809999999999,163.2679,2.89602735,-33.06,873.06,4335197395726.23,上美股份,17.59,16302.04,1.27,02145.HK
2024-01-12,14.6806,92.3078,77.6272,2.8974954100000003,26.67,813.33,4331035849954.92,阅文集团,8.9,16244.58,-0.35,00772.HK
2024-01-15,42.2999,132.0548,89.75489999999999,2.9017254,54.11,785.89,4334579800275.35,泉峰控股,9.36,16216.33,-0.17,02285.HK
2024-01-16,29.4487,121.8259,92.37719999999999,2.90467027,41.57,798.43,4269680449311.78,心泰医疗,4.27,15865.92,-2.16,02291.HK
2024-01-17,59.3362,198.0418,138.7056,2.91060389,70.56,769.44,4107032908747.58,弘业期货,2.84,15276.9,-3.71,03678.HK
2024-01-18,5.845700000000001,129.0901,123.2444,2.91118846,22.08,817.92,4140214402949.09,荣昌生物,10.49,15391.79,0.75,09995.HK
2024-01-19,10.3097,116.1482,105.83850000000001,2.9122194300000004,23.72,816.28,4096269756419.81,兖煤澳大利亚,4.48,15308.69,-0.54,03668.HK
2024-01-22,6.561699999999999,155.0907,148.529,2.9128756,21.33,818.67,3979747914075.37,心泰医疗,3.09,14961.18,-2.27,02291.HK
2024-01-23,-53.1982,117.59290000000001,170.7911,2.90755578,-32.74,872.74,4071863040666.42,商汤-W,9.64,15353.98,2.63,00020.HK
2024-01-24,19.8083,155.9838,136.1755,2.90953661,36.3,803.7,4219068985803.68,中国重汽,21.5,15899.87,3.56,03808.HK
2024-01-25,18.1674,187.83880000000002,169.6714,2.91135335,38.61,801.39,4314879678721.43,中铝国际,78.4,16211.96,1.96,02068.HK
2024-01-26,53.2303,238.2419,185.0116,2.91667638,68.73,771.27,4238095261315.17,乐普生物,11.0,15952.23,-1.6,02157.HK
2024-01-29,-25.9604,140.4898,166.4502,2.9140803399999995,-7.35,847.35,4254765457455.68,百威亚太,6.58,16077.24,0.78,01876.HK
2024-01-30,-8.603200000000001,111.5849,120.18809999999999,2.91322002,5.33,834.67,4157024609314.99,浙江世宝,15.93,15703.45,-2.32,01057.HK
2024-01-31,-6.320499999999999,125.4243,131.7448,2.91258797,8.59,831.41,4093990433624.31,中铝国际,7.34,15485.07,-1.39,02068.HK
2024-02-01,-13.4201,107.4614,120.8815,2.91124596,1.35,838.65,4104196155760.35,心动公司,14.8,15566.21,0.52,02400.HK
2024-02-02,-39.8656,125.6446,165.5102,2.9072593999999996,-22.18,862.18,4095864464675.91,ASMPT,6.1,15533.56,-0.21,00522.HK
2024-02-05,39.0196,156.8951,117.87549999999999,2.9111613599999995,52.03,787.97,4071800376779.97,心动公司,10.51,15510.01,-0.15,02400.HK
2024-02-06,-68.89920000000001,142.217,211.1162,2.90427144,-42.71,882.71,4225323103066.5,上美股份,18.56,16136.87,4.04,02145.HK
2024-02-07,23.5447,142.5896,119.0449,2.9066259100000003,37.46,802.54,4212064404154.26,百胜中国,14.76,16081.89,-0.34,09987.HK
2024-02-08,45.9127,123.8926,77.9799,2.91121718,56.24,783.76,4205406484160.67,金辉控股,11.02,15878.07,-1.27,09993.HK
2024-02-19,42.657399999999996,155.58610000000002,112.9287,2.91548292,57.01,782.99,4286552788838.43,阜博集团,25.17,16155.61,-1.13,03738.HK
2024-02-20,34.7149,147.8157,113.10079999999999,2.9189544100000004,52.2,787.8,4333312366812.91,心动公司,16.91,16247.51,0.57,02400.HK
2024-02-21,10.8221,210.90150000000003,200.0794,2.92003662,32.91,807.09,4402301117699.71,中铝国际,36.77,16503.1,1.57,02068.HK
2024-02-22,47.7682,182.71849999999998,134.9503,2.92481344,69.92,770.08,4498017800601.28,中国中药,24.2,16742.95,1.45,00570.HK
2024-02-23,64.4499,194.10389999999998,129.654,2.93125843,81.57,758.43,4501304387891.72,猫眼娱乐,13.36,16725.86,-0.1,01896.HK
2024-02-26,17.58,149.4132,131.8332,2.93301643,35.36,804.64,4485807536335.73,三一国际,14.16,16634.74,-0.54,00631.HK
2024-02-27,13.291500000000001,180.9589,167.66740000000001,2.93434558,37.1,802.9,4531241257111.29,理想汽车-W,25.45,16790.8,0.94,02015.HK
2024-02-28,14.003800000000002,178.3412,164.3374,2.9357459599999998,31.63,808.37,4450783345713.92,心泰医疗,11.31,16536.85,-1.51,02291.HK
2024-02-29,13.6788,158.14790000000002,144.4691,2.93711384,32.93,807.07,4460121718971.96,信义光能,24.28,16511.44,-0.15,00968.HK
2024-03-01,33.3377,186.0564,152.7187,2.94044761,56.58,783.42,4495928795583.1,易鑫集团,13.79,16589.44,0.47,02858.HK
2024-03-04,36.6284,208.9816,172.3532,2.94411045,57.88,782.12,4510496278507.66,药明合联,24.87,16595.97,0.04,02268.HK
2024-03-05,59.2856,200.4156,141.13,2.95003901,75.46,764.54,4423246257676.52,优必选,8.34,16162.64,-2.61,09880.HK
2024-03-06,11.56,144.9203,133.3603,2.9511950099999997,32.93,807.07,4503001156729.06,优必选,88.13,16438.09,1.7,09880.HK
2024-03-07,44.979,186.0186,141.03959999999998,2.9556929100000002,61.72,778.28,4470421510974.65,范式智能,27.97,16229.78,-1.27,06682.HK
2024-03-08,18.7794,163.6259,144.8465,2.95757085,37.96,802.04,4525524240133.32,微创机器人-B,16.01,16353.39,0.76,02252.HK
2024-03-11,30.0139,198.1047,168.09080000000003,2.9605722400000003,53.26,786.74,4574593487663.39,瑞浦兰钧,40.95,16587.57,1.43,00666.HK
2024-03-12,1.9488000000000099,256.8873,254.93849999999998,2.96076712,31.4,808.6,4680990060921.65,名创优品,15.58,17093.5,3.05,09896.HK
2024-03-13,114.19059999999999,278.2574,164.0668,2.9721861800000005,129.85,710.15,4692176079562.08,科伦博泰生物,14.87,17082.11,-0.07,06990.HK
2024-03-14,26.015100000000004,213.31709999999998,187.30200000000002,2.97478769,46.53,793.47,4672322340499.51,裕元集团,33.49,16961.66,-0.71,00551.HK
2024-03-15,41.662299999999995,206.1987,164.5364,2.97895392,63.05,776.95,4628584913566.99,FIT HON TENG,19.71,16720.89,-1.42,06088.HK
2024-03-18,29.312399999999997,199.1769,169.86450000000002,2.98188516,53.68,786.32,4668425650700.76,优必选,15.77,16737.12,0.1,09880.HK
2024-03-19,69.2303,197.65349999999998,128.4232,2.9888081900000003,86.24,753.76,4622695283314.32,特步国际,9.03,16529.48,-1.24,01368.HK
2024-03-20,63.961499999999994,180.1309,116.16940000000001,2.99520434,81.29,758.71,4649839573696.06,时代天使,15.36,16543.07,0.08,06699.HK
2024-03-21,47.7204,223.1534,175.433,2.99997638,68.72,771.28,4725311646162.44,泡泡玛特,15.99,16863.1,1.93,09992.HK
2024-03-22,145.38389999999998,306.5738,161.1899,3.0145147700000003,161.48,678.52,4647910710740.7,贪玩,29.7,16499.47,-2.16,09890.HK
2024-03-25,-63.43729999999999,181.447,244.8843,3.00817104,-34.77,874.77,4659409192825.92,中国宏桥,13.4,16473.64,-0.16,01378.HK
2024-03-26,45.2655,181.34759999999997,136.0821,3.0126975899999997,63.21,776.79,4698917523754.52,安德利果汁,13.87,16618.32,0.88,02218.HK
2024-03-27,65.634,194.1126,128.4786,3.0192609900000003,81.45,758.55,4664005837507.74,海吉亚医疗,15.97,16392.84,-1.36,06078.HK
2024-03-28,38.0178,197.28799999999998,159.27020000000002,3.02306277,59.12,780.88,4713443293139.02,优必选,17.57,16541.42,0.91,09880.HK
2024-04-02,36.9598,276.035,239.0752,3.02675875,63.61,776.39,4825095500108.85,TCL电子,26.15,16931.52,2.36,01070.HK
2024-04-03,51.239200000000004,185.2389,133.9997,3.03188267,70.73,769.27,4805021439432.2,五矿资源,11.42,16725.1,-1.22,01208.HK
2024-04-08,47.486599999999996,202.0084,154.5218,3.03663133,70.94,769.06,4812251964377.77,贪玩,27.85,16732.85,0.05,09890.HK
2024-04-09,27.3345,148.1711,120.8366,3.03936478,46.01,793.99,4843802123617.66,贪玩,27.39,16828.07,0.57,09890.HK
2024-04-10,23.246599999999997,180.9204,157.6738,3.0416894400000003,43.01,796.99,4919155835108.88,海丰国际,10.56,17139.17,1.85,01308.HK
2024-04-11,71.4991,194.77509999999998,123.27600000000001,3.04883935,90.83,749.17,4927077653996.82,东方电气,8.99,17095.03,-0.26,01072.HK
2024-04-12,61.4499,195.42419999999998,133.9743,3.05498434,77.05,762.95,4855737343766.82,招金矿业,6.56,16721.69,-2.18,01818.HK
2024-04-15,70.5423,199.0129,128.4706,3.06203857,88.27,751.73,4857401935763.52,金辉控股,11.16,16600.46,-0.72,09993.HK
2024-04-16,98.7733,244.3996,145.6263,3.0719159,114.41,725.59,4779433695177.22,心动公司,5.35,16248.97,-2.12,02400.HK
2024-04-17,11.466700000000001,178.3356,166.8689,3.07306257,34.83,805.17,4815053766022.27,亿华通,17.38,16251.84,0.02,02402.HK
2024-04-18,66.3762,194.7015,128.3253,3.07970019,82.81,757.19,4853419576790.94,华宝国际,8.33,16385.87,0.82,00336.HK
2024-04-19,74.3153,201.1123,126.79700000000001,3.08713172,92.07,747.93,4837398330058.28,中铝国际,12.89,16224.14,-0.99,02068.HK
2024-04-22,29.0056,199.34490000000002,170.3393,3.09003228,48.59,791.41,4893321556751.44,范式智能,10.0,16511.69,1.77,06682.HK
2024-04-23,23.3954,197.0115,173.61610000000002,3.09237182,44.16,795.84,4973304532433.8,康诺亚-B,10.81,16828.93,1.92,02162.HK
2024-04-24,19.948800000000002,220.7594,200.81060000000002,3.0943667,43.61,796.39,5081045484677.37,商汤-W,31.15,17201.27,2.21,00020.HK
2024-04-25,18.802,195.5072,176.7052,3.0962468999999997,40.83,799.17,5106233681159.86,新城发展,9.8,17284.54,0.48,01030.HK
2024-04-26,11.7368,276.7829,265.0461,3.09742058,42.37,797.63,5218292157116.29,商汤-W,43.37,17651.15,2.12,00020.HK
2024-04-29,27.5303,314.45529999999997,286.925,3.1001736099999997,58.67,781.33,5243804900266.8,融创中国,28.32,17746.91,0.54,01918.HK
2024-04-30,32.4939,220.225,187.7311,3.103423,55.85,784.15,5253457773209.18,君实生物,8.49,17763.03,0.09,01877.HK
2024-05-06,50.8604,365.5751,314.7147,3.10850904,83.27,756.73,5439547577585.04,信义玻璃,11.63,18578.3,0.55,00868.HK
2024-05-07,21.417399999999997,212.24509999999998,190.8277,3.11065078,47.11,792.89,5427323820569.49,三一国际,12.04,18479.37,-0.53,00631.HK
2024-05-08,17.903399999999998,233.48950000000002,215.58610000000002,3.11244112,43.61,796.39,5381979624929.85,上美股份,6.56,18313.86,-0.9,02145.HK
2024-05-09,-41.7004,227.93110000000001,269.6315,3.10827108,-7.44,847.44,5477821227435.29,再鼎医药,20.82,18537.81,1.22,09688.HK
2024-05-10,65.05189999999999,410.861,345.80910000000006,3.11477627,102.54,737.46,5621912970320.37,泉峰控股,19.47,18963.68,2.3,02285.HK
2024-05-13,88.0702,386.525,298.4548,3.12358329,118.89,721.11,5656402969787.35,中船防务,15.26,19115.06,0.8,00317.HK
2024-05-14,-1.15160000000002,306.0935,307.2451,3.12346813,29.75,810.25,5653705769280.25,贪玩,18.32,19073.71,-0.22,09890.HK
2024-05-16,39.7252,429.3703,389.6451,3.1274406499999996,77.6,762.4,5760160537069.7,万科企业,15.99,19376.53,1.59,02202.HK
2024-05-17,59.5682,408.005,348.4368,3.1333974700000002,94.24,745.76,5790431032264.47,恒大物业,34.33,19553.61,0.91,06666.HK
2024-05-20,24.897,348.6493,323.7523,3.13588717,59.89,780.11,5836619883092.6,商汤-W,12.14,19636.22,0.42,00020.HK
2024-05-21,4.7298,318.6196,313.8898,3.1363601500000002,37.0,803.0,5727045251994.34,东岳集团,5.78,19220.62,-2.12,00189.HK
2024-05-22,16.5338,259.8977,243.3639,3.13801353,45.16,794.84,5744423791697.22,小鹏集团-W,13.05,19195.6,-0.13,09868.HK
2024-05-23,35.1007,250.5434,215.4427,3.1415236,62.28,777.72,5673863248490.54,金辉控股,82.65,18868.71,-1.7,09993.HK
2024-05-24,25.1633,257.9758,232.8125,3.14403993,52.47,787.53,5611180280484.6,华电国际电力股份,6.02,18608.94,-1.38,01071.HK
2024-05-27,44.2491,272.2204,227.9713,3.14846484,73.38,766.62,5703859454140.61,联想控股,13.23,18827.35,1.17,03396.HK
2024-05-28,41.6593,215.62130000000002,173.96200000000002,3.15263077,63.61,776.39,5708377355654.31,阿里健康,10.1,18821.16,-0.03,00241.HK
2024-05-29,67.742,229.005,161.263,3.15940497,87.54,752.46,5641403943938.6,中广核矿业,6.86,18477.01,-1.83,01164.HK
2024-05-30,44.014799999999994,236.7082,192.6934,3.16380645,65.78,774.22,5575086931289.48,范式智能,11.48,18230.19,-1.34,06682.HK
2024-05-31,99.05149999999999,273.1262,174.0747,3.1737116000000003,120.41,719.59,5560960562519.74,康方生物,37.5,18079.61,-0.83,09926.HK
2024-06-03,34.0003,237.00639999999999,203.0061,3.1771116299999997,57.84,782.16,5655053270447.42,复星国际,13.01,18403.04,1.79,00656.HK
2024-06-04,88.235,269.5109,181.2759,3.18593513,111.24,728.76,5695907208008.41,金辉控股,20.96,18444.11,0.22,09993.HK
2024-06-05,77.3746,248.8497,171.4751,3.19367259,96.51,743.49,5664748375797.69,百济神州,6.19,18424.96,-0.1,06160.HK
2024-06-06,36.684400000000004,223.7885,187.1041,3.19734103,60.82,779.18,5705027345590.57,FIT HON TENG,18.26,18476.8,0.28,06088.HK
2024-06-07,36.0727,226.5462,190.47349999999997,3.2009483,60.47,779.53,5716936345078.46,中广核新能源,11.44,18366.95,-0.59,01811.HK
2024-06-11,102.8106,280.2043,177.3937,3.21122936,123.67,716.33,5638149164528.72,心泰医疗,14.39,18176.34,-1.04,02291.HK
2024-06-12,68.717,231.321,162.60399999999998,3.21810106,90.16,749.84,5621537120456.09,药明生物,14.21,17937.84,-1.31,02269.HK
2024-06-13,39.9781,188.53470000000002,148.5566,3.22209887,60.58,779.42,5679248399745.7,丘钛科技,10.93,18112.63,0.97,01478.HK
2024-06-14,58.0728,241.57299999999998,183.5002,3.22790615,80.42,759.58,5679392538534.33,心泰医疗,11.36,17941.78,-0.94,02291.HK
2024-06-17,37.7983,196.8093,159.011,3.23168598,59.46,780.54,5658081057605.1,BRILLIANCE CHI,18.79,17936.12,-0.03,01114.HK
2024-06-18,58.6131,193.7406,135.1275,3.23754729,79.79,760.21,5681929540647.22,FIT HON TENG,16.55,17915.55,-0.11,06088.HK
2024-06-19,23.6828,225.5752,201.8924,3.23991557,52.22,787.78,5839543283190.88,哔哩哔哩-W,18.96,18430.39,2.87,09626.HK
2024-06-20,75.3046,245.65349999999998,170.3489,3.24744603,94.77,745.23,5840536089133.9,华润建材科技,7.46,18335.32,-0.52,01313.HK
2024-06-21,45.782799999999995,185.4772,139.6944,3.25202431,65.49,774.51,5755844022561.23,恒大物业,5.71,18028.52,-1.67,06666.HK
2024-06-24,-21.190700000000003,177.2665,198.4572,3.24990524,3.49,836.51,5746487820380.85,特海国际,12.33,18027.71,0.0,09658.HK
2024-06-25,3.2317,159.75809999999998,156.5264,3.25022841,23.94,816.06,5774028926380.66,联合能源集团,10.67,18072.9,0.25,00467.HK
2024-06-26,38.0855,175.91490000000002,137.8294,3.2540369599999996,58.65,781.35,5766507015308.8,中国旺旺,11.11,18089.93,0.09,00151.HK
2024-06-27,36.5877,204.46490000000003,167.87720000000002,3.25769573,56.01,783.99,5643547656096.33,ASMPT,5.8,17716.47,-2.06,00522.HK
2024-06-28,36.6231,184.9021,148.279,3.2613580399999997,55.77,784.23,5685971525229.18,FIT HON TENG,12.3,17718.61,0.01,06088.HK
2024-07-02,59.525299999999994,245.31560000000002,185.7903,3.26731057,81.48,758.52,5728080201138.02,时代天使,8.37,17769.14,0.29,06699.HK
2024-07-03,36.4263,212.4995,176.07319999999999,3.2709532,60.54,779.46,5795306227336.76,商汤-W,17.39,17978.57,1.18,00020.HK
2024-07-04,9.4542,175.7473,166.2931,3.27189862,32.97,807.03,5807119992680.21,瑞声科技,6.0,18028.28,0.28,02018.HK
2024-07-05,3.50110000000001,166.4423,162.9412,3.2722487300000003,24.32,815.68,5752160778825.73,乐普生物,10.8,17799.61,-1.27,02157.HK
2024-07-08,21.7533,158.4887,136.7354,3.2744240600000003,42.02,797.98,5670837674720.46,伟禄科技股份,4.81,17524.06,-1.55,01196.HK
2024-07-09,36.507,174.30849999999998,137.8015,3.2780747599999995,56.89,783.11,5674763207216.73,FIT HON TENG,21.31,17523.23,0.0,06088.HK
2024-07-10,8.64820000000001,168.3477,159.6995,3.27893958,28.74,811.26,5613181506716.45,耐世特,5.74,17471.67,-0.29,01316.HK
2024-07-11,4.73729999999999,161.0874,156.3501,3.27941331,27.88,812.12,5715679647930.14,丘钛科技,24.13,17832.33,2.06,01478.HK
2024-07-12,1.71110000000001,201.8519,200.1408,3.27958442,27.27,812.73,5810977841644.59,新城发展,9.35,18293.38,2.59,01030.HK
2024-07-15,48.709700000000005,169.52689999999998,120.8172,3.2844553899999998,65.3,774.7,5747394233471.31,金斯瑞生物科技,25.4,18015.94,-1.52,01548.HK
2024-07-16,61.2625,194.5813,133.31879999999998,3.2905816400000005,80.61,759.39,5683340031158.81,舜宇光学科技,6.95,17727.98,-1.6,02382.HK
2024-07-17,-3.16219999999999,209.1067,212.2689,3.29026542,22.78,817.22,5625234026966.45,平安好医生,9.62,17739.41,0.06,01833.HK
2024-07-18,23.9644,150.9462,126.9818,3.29266186,44.63,795.37,5661874975745.62,农夫山泉,6.48,17778.41,0.22,09633.HK
2024-07-19,61.2351,217.37220000000002,156.1371,3.29878537,81.7,758.3,5547271118440.4,泡泡玛特,10.49,17417.68,-2.03,09992.HK
2024-07-22,36.9169,180.87310000000002,143.9562,3.30247706,60.27,779.73,5618579279287.2,心动公司,10.61,17635.88,1.25,02400.HK
2024-07-23,0.9427000000000101,144.1677,143.225,3.30257133,20.11,819.89,5571989131487.9,巨星传奇,4.17,17469.36,-0.94,06683.HK
2024-07-24,-0.75840000000001,143.1762,143.9346,3.3024954900000005,20.43,819.57,5551996694174.4,微创脑科学,7.44,17311.05,-0.91,02172.HK
2024-07-25,-46.6048,167.22169999999997,213.8265,3.2978350099999996,-19.99,859.99,5432798492141.86,联合能源集团,10.45,17004.97,-1.77,00467.HK
2024-07-26,87.7342,223.408,135.6738,3.3066084300000003,102.72,737.28,5438586077594.39,中国重汽,18.06,17021.31,0.1,03808.HK
2024-07-29,7.4543,130.2752,122.8209,3.30735386,24.88,815.12,5481907408150.89,大众公用,57.03,17238.34,1.28,01635.HK
2024-07-30,-3.4084,142.85649999999998,146.2649,3.30701302,16.94,823.06,5406016653108.62,速腾聚创,16.36,17002.91,-1.37,02498.HK
2024-07-31,22.910999999999998,204.8564,181.9454,3.30930412,49.21,790.79,5539687777459.7,弘业期货,57.98,17344.6,2.01,03678.HK
2024-08-01,83.7691,181.5742,97.8051,3.3176810299999997,98.39,741.61,5543908981259.16,浙江世宝,15.49,17304.96,-0.23,01057.HK
2024-08-02,-18.9588,162.8332,181.792,3.3157851499999995,6.53,833.47,5474024953201.83,东方甄选,14.67,16945.51,-2.08,01797.HK
2024-08-05,13.875499999999999,227.1369,213.26139999999998,3.3171727,37.81,802.19,5358584278691.89,大众公用,11.04,16698.36,-1.46,01635.HK
2024-08-06,59.86600000000001,179.99040000000002,120.12440000000001,3.3231593,76.84,763.16,5360660504794.85,医脉通,15.38,16647.34,-0.31,02192.HK
2024-08-07,116.7295,212.6523,95.92280000000001,3.3348322500000003,127.16,712.84,5441756165583.11,南京熊猫电子股份,13.84,16877.86,1.38,00553.HK
2024-08-08,-60.8658,129.7041,190.56990000000002,3.3287456700000004,-32.3,872.3,5457593877402.0,太古地产,11.71,16891.83,0.08,01972.HK
2024-08-09,22.7754,150.2341,127.45870000000001,3.33102321,43.4,796.6,5507775840908.27,速腾聚创,10.96,17090.23,1.17,02498.HK
2024-08-12,43.4599,132.2029,88.743,3.3353692,59.83,780.17,5523253284011.34,东江环保,21.19,17111.65,0.13,00895.HK
2024-08-13,19.177599999999998,118.4136,99.236,3.3372869599999997,35.37,804.63,5554140172840.09,丘钛科技,17.28,17174.06,0.36,01478.HK
2024-08-14,-10.408,94.74549999999999,105.15350000000001,3.3362461600000004,8.55,831.45,5529355548994.92,万洲国际,8.38,17113.36,-0.35,00288.HK
2024-08-15,66.3476,172.75689999999997,106.4093,3.34288092,81.84,758.16,5557078755214.54,亚信科技,12.02,17109.14,-0.02,01675.HK
2024-08-16,47.254799999999996,156.4388,109.184,3.3476063999999996,63.04,776.96,5627026152737.84,京东物流,21.98,17430.16,1.88,02618.HK
2024-08-19,-61.7935,123.95360000000001,185.7471,3.34142705,,,5669635552802.63,弘业期货,14.62,17569.57,0.8,03678.HK
2024-08-20,17.94,114.4666,96.5266,3.34322105,,,5636406745772.05,阜博集团,6.87,17511.08,-0.33,03738.HK
2024-08-21,2.8125,114.4608,111.6483,3.3435023,,,5620950389819.28,泡泡玛特,10.51,17391.01,-0.69,09992.HK
2024-08-22,-0.83009999999998,143.0468,143.8769,3.3434192900000004,,,5662435780727.93,小米集团-W,9.02,17641.0,1.44,01810.HK
2024-08-23,27.292600000000004,112.9091,85.6165,3.3461485499999997,,,5652695680744.79,时代天使,17.4,17612.1,-0.16,06699.HK
2024-08-26,-0.4117,118.58370000000001,118.9954,3.34610738,,,5703821401070.27,微创机器人-B,13.1,17798.73,1.06,02252.HK
2024-08-27,28.753800000000002,144.9987,116.2449,3.3489827599999997,,,5754108910285.04,绿城服务,10.37,17874.67,0.43,02869.HK
2024-08-28,26.6754,143.0239,116.3485,3.3516502999999997,,,5690050713514.27,中国太平,14.19,17692.45,-1.02,00966.HK
2024-08-29,-18.379,157.3537,175.7327,3.3498124,,,5700669823496.77,中国飞鹤,13.17,17786.32,0.53,06186.HK
2024-08-30,13.6726,230.2766,216.604,3.35117966,,,5753661417676.02,爱康医疗,10.63,17989.07,1.14,01789.HK
2024-09-02,119.3918,242.5728,123.181,3.36311884,,,5673786896194.27,天能动力,14.18,17691.97,-1.65,00819.HK
2024-09-03,26.1877,132.22979999999998,106.04209999999999,3.36573761,,,5655695420298.74,天能动力,7.39,17651.49,-0.23,00819.HK
2024-09-04,-37.0291,139.8509,176.88,3.3620347,,,5579681975060.74,至源控股,8.22,17457.34,-1.1,00990.HK
2024-09-05,-15.9013,121.09360000000001,136.9949,3.36044457,,,5574262162624.5,大众公用,21.14,17444.3,-0.07,01635.HK
2024-09-09,58.2821,261.0193,202.7372,3.36627278,,,5479821381878.81,康方生物,15.77,17196.96,-1.42,09926.HK
2024-09-10,92.8909,226.329,133.4381,3.37556187,,,5462637159085.64,晶泰控股,22.26,17234.09,0.22,02228.HK
2024-09-11,-59.046099999999996,174.78650000000002,233.83259999999999,3.36965726,,,5408232941137.13,天齐锂业,13.15,17108.71,-0.73,09696.HK
2024-09-12,30.7458,171.2031,140.4573,3.3727318399999997,,,5438769255739.73,森松国际,11.85,17240.39,0.77,02155.HK
2024-09-13,2.3891,138.5551,136.166,3.3729707499999995,,,5497862406854.62,微创机器人-B,14.24,17369.09,0.75,02252.HK
2024-09-19,26.0387,269.6178,243.5791,3.37557462,,,5672688548824.08,海信家电,14.49,18013.16,2.0,00921.HK
2024-09-20,33.9919,246.51049999999998,212.5186,3.37897381,,,5734461898616.53,康龙化成,12.87,18258.57,1.36,03759.HK
2024-09-23,84.1464,251.99790000000002,167.85150000000002,3.38738845,,,5752293420242.97,茶百道,8.69,18247.11,-0.06,02555.HK
2024-09-24,-43.0832,348.1007,391.1839,3.3830801299999997,,,5995850622656.99,弘业期货,19.08,19000.56,4.13,03678.HK
2024-09-25,-53.7999,349.2465,403.0464,3.37770014,,,6045100944568.12,贪玩,38.14,19129.1,0.68,09890.HK
2024-09-26,59.9322,571.8844,511.9522,3.3836933599999997,,,6258156883443.17,龙湖集团,28.32,19924.58,4.16,00960.HK
2024-09-27,-23.311300000000003,727.8034,751.1147,3.38136223,,,6431451306363.11,国泰君安国际,45.83,20632.3,3.55,01788.HK
2024-09-30,121.4366,1104.2618,982.8252,3.3935058900000006,,,6668582108226.51,贪玩,61.73,21133.68,2.43,09890.HK
2024-10-08,20.6574,1411.7391,1391.0817000000002,3.39557163,,,6742302039193.1,锅圈,15.54,20926.79,-9.41,02517.HK
2024-10-09,-6.382200000000011,871.505,877.8872,3.39493341,,,6562251524067.97,小鹏集团-W,4.0,20637.24,-1.38,09868.HK
2024-10-10,105.5689,747.8945,642.3256,3.4054903,,,6759397307602.3,国泰海通,55.07,21251.98,2.98,02611.HK
2024-10-14,121.6964,607.9297,486.23330000000004,3.41765994,,,6718016341833.51,重庆农村商业银行,9.35,21092.87,-0.75,03618.HK
2024-10-15,85.43969999999999,549.8911,464.4514,3.4262039100000004,,,6490935713688.1,弘业期货,3.11,20318.79,-3.67,03678.HK
2024-10-16,-15.4626,386.07849999999996,401.54110000000003,3.4246576499999994,,,6532239200145.88,重庆钢铁股份,40.74,20286.85,-0.16,01053.HK
2024-10-17,83.5865,410.8974,327.3109,3.4330163000000002,,,6437206392559.75,贪玩,10.22,20079.1,-1.02,09890.HK
2024-10-18,-31.019899999999996,548.969,579.9889,3.42991431,,,6697055047243.56,云顶新耀,20.46,20804.11,3.61,01952.HK
2024-10-21,124.3036,504.5838,380.2802,3.44234467,,,6619993584457.81,上海电气,30.22,20478.46,-1.57,02727.HK
2024-10-22,59.0642,330.3418,271.2776,3.4482510900000003,,,6660784863146.59,九方智投控股,26.27,20498.95,0.1,09636.HK
2024-10-23,93.9926,478.26059999999995,384.26800000000003,3.4576503499999998,,,6757458761667.57,协鑫科技,25.0,20760.15,1.27,03800.HK
2024-10-24,-4.69210000000001,330.4703,335.1624,3.45718114,,,6684123209207.82,贪玩,17.49,20489.62,-1.3,09890.HK
2024-10-25,92.0084,419.61080000000004,327.6024,3.4663819799999995,,,6720443382183.7,大众公用,80.0,20590.15,0.49,01635.HK
2024-10-28,62.822700000000005,367.1939,304.3712,3.4726642500000002,,,6723530082093.61,汇量科技,44.58,20599.36,0.04,01860.HK
2024-10-29,67.53020000000001,407.6497,340.11949999999996,3.4794172700000003,,,6711901951065.2,锅圈,12.32,20701.14,0.49,02517.HK
2024-10-30,-47.7908,344.722,392.51279999999997,3.47463819,,,6614471585477.23,重庆钢铁股份,18.0,20380.64,-1.55,01053.HK
2024-10-31,26.827600000000004,330.8154,303.9878,3.4773209500000006,,,6616433865769.44,范式智能,24.95,20317.33,-0.31,06682.HK
2024-11-01,42.5254,331.7669,289.24150000000003,3.48157349,,,6689840007605.68,金力永磁,44.03,20506.43,0.93,06680.HK
2024-11-04,32.7933,292.73130000000003,259.938,3.48485282,,,6725974488140.77,上海电气,20.35,20567.52,0.3,02727.HK
2024-11-05,94.2547,481.0918,386.83709999999996,3.49427829,,,6895730634579.79,至源控股,27.5,21006.97,2.14,00990.HK
2024-11-06,214.86630000000002,620.6609,405.7946,3.51576492,,,6785953148818.59,达力普控股,56.64,20538.38,-2.23,01921.HK
2024-11-07,11.8279,538.2008999999999,526.373,3.5169477099999997,,,6949657179983.2,红星美凯龙,22.54,20953.34,2.02,01528.HK
2024-11-08,-30.433899999999998,528.0113,558.4452,3.51390432,,,6893283631873.19,中升控股,25.81,20728.19,-1.07,00881.HK
2024-11-11,98.6488,539.6992,441.0504,3.5237692000000003,,,6814552052766.01,汇量科技,80.45,20426.93,-1.45,01860.HK
2024-11-12,97.91879999999999,587.0831,489.1643,3.53356108,,,6642841074657.24,九方智投控股,24.73,19846.88,-2.84,09636.HK
2024-11-13,-45.5126,365.42839999999995,410.941,3.52900982,,,6648859226577.45,FIT HON TENG,21.71,19823.45,-0.12,06088.HK
2024-11-14,196.56009999999998,484.4076,287.8475,3.5486658300000005,,,6527173155995.47,晶泰控股,20.78,19435.81,-1.96,02228.HK
2024-11-15,9.21950000000002,327.3266,318.1071,3.5495877799999995,,,6544917166408.06,中国黄金国际,13.06,19426.34,-0.05,02099.HK
2024-11-18,135.51049999999998,373.62690000000003,238.1164,3.5631388299999998,,,6629058484715.1,红星美凯龙,34.08,19576.61,0.77,01528.HK
2024-11-19,19.7264,263.0197,243.29330000000002,3.5651114700000006,,,6679787099151.02,赣锋锂业,13.28,19663.67,0.44,01772.HK
2024-11-20,55.714,285.5863,229.8723,3.5706828699999997,,,6733425706193.86,汇量科技,37.44,19705.01,0.21,01860.HK
2024-11-21,46.6576,281.0575,234.3999,3.5753486299999997,,,6699949800101.72,京城机电股份,21.43,19601.11,-0.53,00187.HK
2024-11-22,25.6606,382.0265,356.36589999999995,3.57791469,,,6565659990842.73,南京熊猫电子股份,12.9,19229.97,-1.89,00553.HK
2024-11-25,12.019400000000001,286.87330000000003,274.8539,3.5791166299999997,,,6563876446392.87,龙蟠科技,64.52,19150.99,-0.41,02465.HK
2024-11-26,68.6478,265.3202,196.6724,3.5859814100000005,,,6541541713671.49,贪玩,19.72,19159.2,0.04,09890.HK
2024-11-27,52.711999999999996,292.6219,239.90990000000002,3.5912526099999997,,,6684218664878.37,VITASOY INT'L,19.51,19603.13,2.32,00345.HK
2024-11-28,78.1041,232.68380000000002,154.5797,3.59906302,,,6608403276233.89,特海国际,22.31,19366.96,-1.2,09658.HK
2024-11-29,32.7828,291.2544,258.4716,3.6023413,,,6660563030282.77,南京熊猫电子股份,16.18,19423.61,0.29,00553.HK
2024-12-02,196.53990000000002,472.3302,275.7903,3.6219952900000005,,,6739490267108.2,广汽集团,25.17,19550.29,0.65,02238.HK
2024-12-03,2.9465,274.9665,272.02,3.6222899400000004,,,6813892393324.88,海昌海洋公园,18.6,19746.32,1.0,02255.HK
2024-12-04,-103.59719999999999,270.91700000000003,374.51419999999996,3.6119302200000005,,,6824090854833.78,晶泰控股,26.56,19742.46,-0.02,02228.HK
2024-12-05,37.1627,242.1137,204.951,3.61564649,,,6794792347001.98,速腾聚创,21.91,19560.44,-0.92,02498.HK
2024-12-06,49.782799999999995,336.24309999999997,286.46029999999996,3.62062477,,,6896352639877.9,易鑫集团,17.14,19865.85,1.56,02858.HK
2024-12-09,127.7694,483.95169999999996,356.18230000000005,3.63340171,,,7100247918729.21,范式智能,14.86,20414.09,2.76,06682.HK
2024-12-10,-103.2398,478.13879999999995,581.3786,3.6230777300000003,,,7016947871874.92,迈富时,14.39,20311.28,-0.5,02556.HK
2024-12-11,72.8536,361.8349,288.98130000000003,3.6303630899999995,,,7016918535701.04,微创机器人-B,31.24,20155.05,-0.77,02252.HK
2024-12-12,-29.2821,357.13620000000003,386.41830000000004,3.62743488,,,7093622654037.62,美图公司,13.25,20397.05,1.2,01357.HK
2024-12-13,143.05530000000002,427.1804,284.1251,3.64174041,,,6955708047866.89,海昌海洋公园,15.25,19971.24,-2.09,02255.HK
2024-12-16,-3.8684000000000403,293.6422,297.5106,3.64135357,,,6922318232232.49,晶泰控股,21.32,19795.49,-0.88,02228.HK
2024-12-17,79.7202,308.21479999999997,228.4946,3.6493255899999997,,,6912633007560.45,乐普生物,16.23,19700.48,-0.48,02157.HK
2024-12-18,20.700599999999998,267.6427,246.94209999999998,3.65139565,,,6988305832715.93,晶泰控股,29.83,19864.55,0.83,02228.HK
2024-12-19,146.0147,412.2172,266.2025,3.66599712,,,6981667048749.46,微盟集团,35.76,19752.51,-0.56,02013.HK
2024-12-20,16.315,436.17440000000005,419.85940000000005,3.6676286200000003,,,6981837723003.41,微盟集团,25.37,19720.7,-0.16,02013.HK
2024-12-23,26.495,332.9866,306.4916,3.67027812,,,7052406366359.21,大麦娱乐,8.51,19883.13,0.82,01060.HK
2024-12-24,52.2714,234.5129,182.2415,3.6755052599999996,,,7120279913566.28,微盟集团,31.05,20098.29,1.08,02013.HK
2024-12-27,84.9324,471.1546,386.2222,3.6839985,,,7149361736527.03,金山云,37.8,20090.46,-0.04,03896.HK
2024-12-30,73.5096,392.4272,318.9176,3.6913494599999996,,,7170351527901.28,JS环球生活,21.71,20041.42,-0.24,01691.HK
2024-12-31,64.4121,231.1094,166.69729999999998,3.69779067,,,7184265375416.46,中国黄金国际,8.47,20059.95,0.09,02099.HK
2025-01-02,65.1088,421.99160000000006,356.8828,3.7043015500000003,,,7010989427491.48,老铺黄金,9.54,19623.32,-2.18,06181.HK
2025-01-03,92.6949,392.1377,299.4428,3.71357104,,,7055158089513.41,中广核矿业,9.76,19760.27,0.7,01164.HK
2025-01-06,51.235200000000006,289.6452,238.41,3.71869456,,,7049861723779.14,JS环球生活,14.84,19688.29,-0.36,01691.HK
2025-01-07,129.0354,528.8094,399.774,3.7315981,,,6968834228344.99,京城机电股份,12.72,19447.58,-1.22,00187.HK
2025-01-08,148.72799999999998,421.2424,272.51439999999997,3.7464709000000003,,,6904981034179.1,中远海能,11.22,19279.84,-0.86,01138.HK
2025-01-09,113.62629999999999,317.108,203.4817,3.75783353,,,6941031459248.38,康师傅控股,12.22,19240.89,-0.2,00322.HK
2025-01-10,46.4962,312.89419999999996,266.39799999999997,3.76248315,,,6885481661595.84,建滔积层板,7.58,19064.29,-0.92,01888.HK
2025-01-13,65.7244,286.9664,221.24200000000002,3.76905559,,,6872371878907.9,融创中国,14.62,18874.14,-1.0,01918.HK
2025-01-14,121.834,379.6883,257.8543,3.7812389900000003,,,7019619898365.3,微盟集团,26.78,19219.78,1.83,02013.HK
2025-01-15,93.49870000000001,290.97270000000003,197.47400000000002,3.7905888599999997,,,7045147839189.39,JS环球生活,18.31,19286.07,0.34,01691.HK
2025-01-16,62.979,336.6075,273.6285,3.7968867599999996,,,7141252966969.22,速腾聚创,12.96,19522.89,1.23,02498.HK
2025-01-17,83.2464,300.8133,217.56689999999998,3.8052114,,,7177865371791.78,JS环球生活,13.86,19584.06,0.31,01691.HK
2025-01-20,13.4745,329.19480000000004,315.7203,3.8065588499999996,,,7254222660139.64,中国龙工,13.46,19925.81,1.75,03339.HK
2025-01-21,15.3529,321.9059,306.553,3.80809414,,,7329612906516.87,瑞浦兰钧,12.53,20106.55,0.91,00666.HK
2025-01-22,41.713100000000004,277.2337,235.5206,3.8122654500000004,,,7256907953022.2,亚盛医药,13.7,19778.77,-1.63,06855.HK
2025-01-23,54.030699999999996,329.5453,275.5146,3.81766852,,,7240386152420.62,微创机器人-B,14.04,19700.56,-0.4,02252.HK
2025-01-24,-33.6212,296.2456,329.8668,3.8143064,,,7382566305823.66,长飞光纤光缆,31.6,20066.19,1.86,06869.HK
2025-01-27,90.7648,358.0078,267.243,3.8233828799999996,,,7433657045665.1,美图公司,16.29,20197.77,0.66,01357.HK
2025-02-04,,,,3.8233828799999996,,,7629458775089.41,上海复旦,13.11,20789.96,2.83,01385.HK
2025-02-05,-53.0004,387.6803,440.6807,3.8180828399999998,,,7566660339457.22,迈富时,21.72,20597.09,-0.93,02556.HK
2025-02-06,90.60799999999999,485.9673,395.3593,3.82714364,,,7684796224476.79,耐世特,21.11,20891.62,1.43,01316.HK
2025-02-07,10.670499999999999,608.6803,598.0098,3.8282106899999997,,,7756377178832.29,黑芝麻智能,37.59,21133.54,1.16,02533.HK
2025-02-10,164.6783,660.4149000000001,495.7366,3.84467852,,,7871584489684.0,医渡科技,25.34,21521.98,1.84,02158.HK
2025-02-11,-88.98110000000001,480.2594,569.2405,3.83578041,,,7780947621532.46,新意网集团,7.99,21294.86,-1.06,01686.HK
2025-02-12,75.1158,637.6956,562.5798,3.84329199,,,7975351132191.22,融创中国,20.83,21857.92,2.64,01918.HK
2025-02-13,-10.2366,790.5533,800.7899000000001,3.8422683300000005,,,7890710418611.07,汇量科技,12.56,21814.37,-0.2,01860.HK
2025-02-14,77.1296,817.1397000000001,740.0101,3.8499812899999997,,,8183378883878.57,亚信科技,29.22,22620.33,3.69,01675.HK
2025-02-17,107.7208,1057.2151,949.4943,3.86075337,,,8259997031062.47,阜博集团,30.89,22616.23,-0.02,03738.HK
2025-02-18,224.22529999999998,879.1044,654.8791,3.8831759,,,8373020627519.75,龙蟠科技,30.84,22976.81,1.59,02465.HK
2025-02-19,103.24459999999999,691.5042,588.2596,3.8935003599999995,,,8418452081782.34,金力永磁,27.18,22944.24,-0.14,06680.HK
2025-02-20,-63.4176,699.8530000000001,763.2706,3.8871586000000002,,,8340761829364.35,敏实集团,31.03,22576.98,-1.6,00425.HK
2025-02-21,140.34709999999998,976.8586,836.5115,3.90119331,,,8637914659935.65,伟仕佳杰,40.37,23477.92,3.99,00856.HK
2025-02-24,137.3671,870.5872,733.2201,3.91493002,,,8581531479957.38,易鑫集团,20.34,23341.61,-0.58,02858.HK
2025-02-25,220.32580000000002,912.2302000000001,691.9044,3.9369626,,,8499875251014.01,海昌海洋公园,13.21,23034.02,-1.32,02255.HK
2025-02-26,103.99459999999999,919.4966000000001,815.502,3.94736206,,,8750102143166.57,中金公司,19.09,23787.93,3.27,03908.HK
2025-02-27,168.9819,1107.8656,938.8837,3.96426025,,,8742040298629.9,亿华通,31.21,23718.29,-0.29,02402.HK
2025-02-28,119.0041,900.5799000000001,781.5758000000001,3.97616066,,,8488029106826.75,龙蟠科技,6.86,22941.32,-3.28,02465.HK
2025-03-03,97.4193,699.4162,601.9969,3.9859025900000002,,,8518698159375.22,信义能源,26.25,23006.27,0.28,03868.HK
2025-03-04,-12.003300000000099,580.2144999999999,592.2178,3.9847022599999997,,,8532735119660.03,优必选,10.45,22941.77,-0.28,09880.HK
2025-03-05,83.6926,601.4425,517.7499,3.99307152,,,8779473330243.5,长和,21.86,23594.21,2.84,00001.HK
2025-03-06,65.3032,865.2157000000001,799.9125,3.99960184,,,9031702411732.17,明源云,23.35,24369.71,3.29,00909.HK
2025-03-07,121.1319,826.6812,705.5492999999999,4.01171503,,,9014896034021.51,京城机电股份,24.54,24231.3,-0.57,00187.HK
2025-03-10,296.2556,793.4897,497.2341,4.04134059,,,8887290966088.2,同源康医药-B,16.18,23783.49,-1.85,02410.HK
2025-03-11,-40.4108,615.3876,655.7984,4.03729951,,,8935023964900.73,多点数智,35.01,23782.14,-0.01,02586.HK
2025-03-12,262.1188,769.6936999999999,507.57489999999996,4.06351139,,,8915929202144.18,越疆,27.5,23600.31,-0.76,02432.HK
2025-03-13,54.6604,550.7386,496.0782,4.06897743,,,8900779380659.0,华宝国际,24.71,23462.65,-0.58,00336.HK
2025-03-14,43.4645,697.3000999999999,653.8356,4.07332388,,,9143058243819.09,锦欣生殖,41.67,23959.98,2.12,01951.HK
2025-03-17,104.8265,600.387,495.56050000000005,4.0838065299999995,,,9221657216741.78,易鑫集团,19.55,24145.57,0.77,02858.HK
2025-03-18,-11.0162,634.4712000000001,645.4874,4.08270491,,,9445423156961.28,越疆,27.88,24740.57,2.46,02432.HK
2025-03-19,117.84639999999999,651.8132,533.9668,4.09448955,,,9447826273380.76,云顶新耀,10.82,24771.14,0.12,01952.HK
2025-03-20,-4.07539999999997,651.3605,655.4359,4.09408201,,,9275094838688.14,凯盛新能,31.05,24219.95,-2.23,01108.HK
2025-03-21,22.668899999999997,671.0676,648.3987000000001,4.0963489,,,9088305101494.28,健康之路,17.51,23689.72,-2.19,02587.HK
2025-03-24,25.3209,493.3808,468.05989999999997,4.09888099,,,9158345841193.3,伟仕佳杰,14.64,23905.56,0.91,00856.HK
2025-03-25,138.9562,622.8498999999999,483.8937,4.11277661,,,8961421775665.48,安徽皖通高速公路,6.45,23344.25,-2.35,00995.HK
2025-03-26,83.6795,456.23,372.55050000000006,4.12114456,,,9011496800770.01,佑驾创新,31.79,23483.32,0.6,02431.HK
2025-03-27,41.4248,540.2878,498.86300000000006,4.12528704,,,9079366377188.17,信达生物,17.41,23578.8,0.41,01801.HK
2025-03-28,82.41860000000001,531.5085,449.0899,4.1335289,,,9039660565626.72,乐普生物,16.87,23426.6,-0.65,02157.HK
2025-03-31,29.1422,575.4338,546.2916,4.13644312,,,8951659208841.93,绿色动力环保,17.18,23119.58,-1.31,01330.HK
2025-04-01,198.63580000000002,706.4993,507.8635,4.1563067,,,9035517937532.13,越疆,20.64,23206.84,0.38,02432.HK
2025-04-02,117.1716,527.3508,410.1792,4.16802386,,,9063547943062.88,锅圈,16.36,23202.53,-0.02,02517.HK
2025-04-03,287.89639999999997,786.0411,498.1447,4.1968135,,,8980612766478.4,金力永磁,9.53,22849.81,-1.52,06680.HK
2025-04-07,153.7291,1296.7184,1142.9893,4.21218641,,,7784198374468.65,中电控股,-0.23,19828.3,-13.22,00002.HK
2025-04-08,236.335,959.2177,722.8827,4.23581991,,,7973755112037.73,越疆,22.06,20127.68,1.51,02432.HK
2025-04-09,355.8631,1054.9907,699.1275999999999,4.27140622,,,8120035186346.71,中国中免,23.66,20264.49,0.68,01880.HK
2025-04-10,-40.331199999999995,854.4078,894.7389999999999,4.2673731,,,8322077381994.28,TCL电子,25.84,20681.78,2.06,01070.HK
2025-04-11,116.9367,690.2566,573.3199,4.27906677,,,8525583525824.42,乐普生物,16.21,20914.69,1.13,02157.HK
2025-04-14,57.8016,592.3946,534.5930000000001,4.28484693,,,8749770034511.57,多点数智,26.26,21417.4,2.4,02586.HK
2025-04-15,72.0261,441.49199999999996,369.4659,4.29204954,,,8778114275319.43,荣昌生物,10.6,21466.27,0.23,09995.HK
2025-04-16,78.9364,547.5744,468.63800000000003,4.29994318,,,8628146801069.17,狮腾控股,27.36,21056.98,-1.91,02562.HK
2025-04-17,23.0874,462.2833,439.19589999999994,4.302251920000001,,,8746961629552.97,博安生物,66.99,21395.14,1.61,06955.HK
2025-04-22,213.60299999999998,735.0827,521.4797,4.32361222,,,8877256503338.97,心泰医疗,47.19,21562.32,0.78,02291.HK
2025-04-23,-181.0741,553.8748,734.9489,4.3055048099999995,,,9025070998292.73,浙江世宝,19.14,22072.62,2.37,01057.HK
2025-04-24,33.8692,458.8446,424.97540000000004,4.30889173,,,9017515661713.74,荣昌生物,17.14,21909.76,-0.74,09995.HK
2025-04-25,-70.19239999999999,395.8415,466.0339,4.30187249,,,9011404400890.75,金辉控股,29.33,21980.74,0.32,09993.HK
2025-04-28,20.3025,396.3502,376.04769999999996,4.30390274,,,9024237615143.35,金风科技,15.32,21971.96,-0.04,02208.HK
2025-04-29,-64.24119999999999,332.07349999999997,396.3147,4.297478620000001,,,9010665862435.83,锅圈,12.89,22008.11,0.16,02517.HK
2025-04-30,56.368100000000005,475.19129999999996,418.8232,4.303115429999999,,,9028208676206.54,金山云,14.2,22119.41,0.51,03896.HK
2025-05-06,134.7516,580.8975,446.1459,4.31659059,,,9207537384740.78,山东墨龙,188.51,22662.71,0.7,00568.HK
2025-05-07,-78.6559,506.3506,585.0065,4.308725,,,9172792946750.44,弘业期货,34.24,22691.88,0.13,03678.HK
2025-05-08,-23.848499999999998,391.43059999999997,415.2791,4.3063401500000005,,,9223786522144.4,锅圈,15.9,22775.92,0.37,02517.HK
2025-05-09,40.443000000000005,396.3453,355.9023,4.31038445,,,9222747852156.99,安德利果汁,23.96,22867.74,0.4,02218.HK
2025-05-12,-185.2787,666.3455,851.6242,4.29185658,,,9434126964877.14,龙蟠科技,41.39,23549.46,2.98,02465.HK
2025-05-13,22.615,476.38809999999995,453.7731,4.2941180800000005,,,9331024869407.4,顺丰同城,10.86,23108.27,-1.87,09699.HK
2025-05-14,67.0695999999999,538.6637000000001,471.5941,4.300825039999999,,,9491236602822.32,中远海发,12.37,23640.65,2.3,02866.HK
2025-05-15,-2.21090000000004,411.50809999999996,413.719,4.30060395,,,9430343732196.11,微盟集团,19.3,23453.16,-0.79,02013.HK
2025-05-16,10.954,411.80839999999995,400.8544,4.30169935,,,9388850017980.8,新濠国际发展,21.4,23345.05,-0.46,00200.HK
2025-05-19,84.5933,464.7882,380.19489999999996,4.31015868,,,9419637728051.88,四环医药,16.42,23332.72,-0.05,00460.HK
2025-05-20,63.3153,492.68309999999997,429.3678,4.3164902099999995,,,9555661323214.59,三生制药,32.28,23681.48,1.49,01530.HK
2025-05-21,14.2682,474.19589999999994,459.92769999999996,4.31791703,,,9655185589880.98,大麦娱乐,22.95,23827.78,0.62,01060.HK
2025-05-22,38.8046,470.0438,431.2392,4.32179749,,,9584992453482.51,巨星传奇,26.25,23544.31,-1.19,06683.HK
2025-05-23,-11.3939,476.12669999999997,487.5206,4.3206581,,,9608574772072.28,康哲药业,13.34,23601.26,0.24,00867.HK
2025-05-26,-15.070799999999998,490.82239999999996,505.8932,4.31915102,,,9530605694949.19,心泰医疗,18.85,23282.33,-1.35,02291.HK
2025-05-27,119.75049999999999,521.9344,402.1839,4.331126070000001,,,9583178808373.43,吉宏股份,39.06,23381.99,0.43,02603.HK
2025-05-28,35.7779,393.9119,358.134,4.33470386,,,9553244425253.87,大麦娱乐,11.54,23258.31,-0.53,01060.HK
2025-05-29,43.818599999999996,516.9391,473.12050000000005,4.33908572,,,9683129881860.69,众安在线,31.56,23573.38,1.35,06060.HK
2025-05-30,96.4682,522.501,426.0328,4.34873254,,,9577962997168.57,博安生物,18.2,23289.77,-1.2,06955.HK
2025-06-03,39.048,492.38660000000004,453.3386,4.352637339999999,,,9694261730235.27,微创脑科学,19.96,23512.49,1.53,02172.HK
2025-06-04,35.1606,549.2280999999999,514.0675,4.356153400000001,,,9791460860538.65,中广核矿业,28.31,23654.03,0.6,01164.HK
2025-06-05,7.409800000000001,543.6727999999999,536.263,4.35689438,,,9868835170899.64,贪玩,13.69,23906.97,1.07,09890.HK
2025-06-06,67.6617000000001,537.1172,469.45550000000003,4.36366055,,,9849576202799.67,贪玩,14.18,23792.54,-0.48,09890.HK
2025-06-09,7.16839999999997,576.3552999999999,569.1869,4.36437739,,,10010294860384.0,布鲁可,22.34,24181.43,1.63,00325.HK
2025-06-10,75.9049,662.2938,586.3889,4.371967880000001,,,10029559624808.2,趣致集团,18.94,24162.87,-0.08,00917.HK
2025-06-11,13.7619,571.7419,557.98,4.373344070000001,,,10126176374737.0,佑驾创新,21.32,24366.94,0.84,02431.HK
2025-06-12,55.8463,676.6025,620.7562,4.3789287,,,10073152913372.6,荣昌生物,20.1,24035.38,-1.36,09995.HK
2025-06-13,1.89099999999999,792.1924,790.3014,4.3791178,,,10033611852574.3,山东墨龙,75.65,23892.56,-0.59,00568.HK
2025-06-16,57.4312,667.8000999999999,610.3688999999999,4.3848609199999995,,,10121159422207.2,金辉控股,35.77,24060.99,0.7,09993.HK
2025-06-17,63.0234,600.8704,537.847,4.39116326,,,10042074539888.8,南京熊猫电子股份,38.02,23980.3,-0.34,00553.HK
2025-06-18,12.415799999999999,488.11589999999995,475.7001,4.39240484,,,9982777732270.42,联合能源集团,37.5,23710.69,-1.12,00467.HK
2025-06-19,14.2718,601.4431,587.1713,4.39383202,,,9773956114044.6,凯盛新能,16.63,23237.74,-1.99,01108.HK
2025-06-20,15.511,472.6063,457.0953,4.39538312,,,9875835157356.41,德翔海运,35.68,23530.48,1.26,02510.HK
2025-06-23,78.94760000000001,533.6462,454.6986,4.40327788,,,9965059716076.54,太平洋航运,19.8,23689.13,0.67,02343.HK
2025-06-24,25.8886,619.2497,593.3611,4.4058667400000004,,,10152182877778.4,浙江世宝,30.72,24177.07,2.06,01057.HK
2025-06-25,95.73780000000001,756.0749000000001,660.3371000000001,4.41544052,,,10280473889355.2,国泰君安国际,198.39,24474.67,1.23,01788.HK
2025-06-26,52.860699999999994,862.4865,809.6258,4.42072659,,,10232135516805.5,香港中旅,85.98,24325.4,-0.61,00308.HK
2025-06-27,30.3728,784.5521000000001,754.1792999999999,4.42376387,,,10224289399955.6,深圳控股,20.48,24284.15,-0.17,00604.HK
2025-06-30,52.1984,696.4871,644.2887000000001,4.42898371,,,10186287988203.5,老铺黄金,14.94,24072.28,-0.87,06181.HK
2025-07-02,50.359899999999996,670.0169999999999,619.6571,4.4340197,,,10251241793838.0,重庆钢铁股份,91.11,24221.41,0.62,01053.HK
2025-07-03,-30.4712,623.9493,654.4205000000001,4.43097258,,,10246527363943.5,多点数智,23.64,24069.94,-0.63,02586.HK
2025-07-04,66.8348,714.8863,648.0515,4.43765606,,,10246373128118.4,荣昌生物,15.01,23916.06,-0.64,09995.HK
2025-07-07,120.6667,569.1565,448.48980000000006,4.44972273,,,10236688333428.9,健康之路,15.27,23887.83,-0.12,02587.HK
2025-07-08,3.86659999999993,570.1389,566.2723000000001,4.45010939,,,10342112357791.7,国泰君安国际,28.54,24148.07,1.09,01788.HK
2025-07-09,92.56389999999999,709.554,616.9901,4.45936578,,,10282256592887.0,巨星传奇,94.38,23892.32,-1.06,06683.HK
2025-07-10,29.022,765.3244,736.3024,4.462267980000001,,,10373062695084.8,龙光集团,20.88,24028.37,0.57,03380.HK
2025-07-11,17.4362,918.6734,901.2372,4.464011599999999,,,10427072374207.2,中州证券,47.47,24139.57,0.46,01375.HK
2025-07-14,82.4292,649.6547,567.2255,4.472254519999999,,,10532762154488.3,博安生物,22.31,24203.32,0.26,06955.HK
2025-07-15,38.2391,772.8944,734.6553,4.47607843,,,10643257255510.2,金山云,16.81,24590.12,1.6,03896.HK
2025-07-16,16.029,652.0244,635.9954,4.47768133,,,10644925365374.1,盛业,13.86,24517.76,-0.29,06069.HK
2025-07-17,18.5503,682.8925,664.3422,4.47953636,,,10687637506012.9,乐普生物,24.66,24498.95,-0.08,02157.HK
2025-07-18,59.3129,676.9427000000001,617.6298,4.48546765,,,10812964814662.7,乐普生物,24.65,24825.66,1.33,02157.HK
2025-07-21,70.5139,837.0166,766.5027,4.49251904,,,10877658826023.5,华新建材,85.63,24994.14,0.68,06655.HK
2025-07-22,27.1743,827.7469,800.5726,4.49523647,,,10938778726675.5,中国龙工,15.83,25130.03,0.54,03339.HK
2025-07-23,-13.195699999999999,901.7375,914.9332,4.4939169,,,11082747397520.0,巨星传奇,24.09,25538.07,1.62,06683.HK
2025-07-24,37.185500000000005,793.5255999999999,756.3400999999999,4.49763545,,,11217903262767.6,微创医疗,22.63,25667.18,0.51,00853.HK
2025-07-25,201.83669999999998,843.6705000000001,641.8338,4.51781912,,,11126203300235.9,吉宏股份,15.31,25388.35,-1.09,02603.HK
2025-07-28,92.5336,713.5367,621.0031,4.52707248,,,11176576831996.1,恒瑞医药,24.54,25562.13,0.68,01276.HK
2025-07-29,127.1989,841.0577000000001,713.8588000000001,4.53979237,,,11264594382924.7,长飞光纤光缆,12.55,25524.45,-0.15,06869.HK
2025-07-30,117.14049999999999,911.9908,794.8503,4.55150642,,,11181445558569.4,巨星传奇,17.97,25176.93,-1.36,06683.HK
2025-07-31,131.2577,918.0055,786.7478,4.56463219,,,11036685463730.3,美图公司,11.03,24773.33,-1.6,01357.HK
2025-08-01,122.0705,728.7153999999999,606.6449,4.576839240000001,,,10902046161506.5,英诺赛科,30.91,24507.81,-1.07,02577.HK
2025-08-04,-180.9215,559.8899,740.8114,4.55874709,,,11046458671961.9,英诺赛科,30.47,24733.45,0.92,02577.HK
2025-08-05,234.25529999999998,765.6338000000001,531.3785,4.582172620000001,,,11197803577457.5,君实生物,33.75,24902.53,0.68,01877.HK
2025-08-06,94.8528,677.2963000000001,582.4435,4.5916579,,,11243070720337.3,时代天使,18.29,24910.63,0.03,06699.HK
2025-08-07,6.611899999999991,706.9956,700.3837,4.59231909,,,11299921399994.5,南京熊猫电子股份,19.2,25081.63,0.69,00553.HK
2025-08-08,62.7132,649.2161,586.5029,4.59859041,,,11258098555604.1,阜博集团,18.36,24858.82,-0.89,03738.HK
2025-08-11,0.38349999999990997,579.2598,578.8763,4.5986287599999995,,,11284439825536.2,赣锋锂业,20.91,24906.81,0.19,01772.HK
2025-08-12,94.5024,689.5672,595.0648,4.608079,,,11335036023740.4,多点数智,13.61,24969.68,0.25,02586.HK
2025-08-13,-82.7729,727.518,810.2909,4.5998017099999995,,,11575529972395.6,阅文集团,19.62,25613.67,2.58,00772.HK
2025-08-14,10.3373,742.8857,732.5484,4.60083544,,,11590450598388.1,荣昌生物,13.65,25519.32,-0.37,09995.HK
2025-08-15,358.7639,1077.4931,718.7292,4.63671183,,,11620513159593.1,FIT HON TENG,33.26,25270.07,-0.98,06088.HK
2025-08-18,13.863899999999902,916.0694,902.2055,4.63809822,,,11628178710061.8,健康之路,22.09,25176.85,-0.37,02587.HK
2025-08-19,185.731,937.8522,752.1211999999999,4.656671320000001,,,11594453235588.1,龙蟠科技,14.22,25122.9,-0.21,02465.HK
2025-08-20,-146.8173,767.0964,913.9137,4.64198959,,,11612130492336.1,福耀玻璃,15.19,25165.94,0.17,03606.HK
2025-08-21,74.6073,725.1361,650.5287999999999,4.649450320000001,,,11654340262162.4,晶苑国际,12.66,25104.61,-0.24,02232.HK
2025-08-22,51.658,824.3493,772.6913000000001,4.65461612,,,11786202265098.7,名创优品,20.58,25339.14,0.93,09896.HK
2025-08-25,-13.758199999999999,1005.5001,1019.2583,4.6532403,,,11965517279493.4,长飞光纤光缆,26.76,25829.91,1.94,06869.HK
2025-08-26,165.7267,826.5817999999999,660.8551,4.66981297,,,11874871399950.7,金界控股,17.94,25524.92,-1.18,03918.HK
2025-08-27,153.7062,1032.7142999999999,879.0081,4.685183589999999,,,11650928978811.2,商汤-W,8.9,25201.76,-1.27,00020.HK
2025-08-28,-204.4082,947.0309,1151.4391,4.664742769999999,,,11637278260101.3,长飞光纤光缆,25.34,24998.82,-0.81,06869.HK
2025-08-29,120.4552,964.7339,844.2787,4.676788289999999,,,11683090125087.9,广深铁路股份,18.04,25077.62,0.32,00525.HK
2025-09-01,119.42280000000001,1062.6561,943.2333,4.688730570000001,,,11845273528944.4,微创医疗,21.97,25617.42,2.15,00853.HK
2025-09-02,92.8098,881.7048,788.895,4.69801155,,,11794873749475.2,MONGOL MINING,20.28,25496.55,-0.47,00975.HK
2025-09-03,55.084800000000094,604.7595,549.6747,4.70352003,,,11780660542710.4,微创机器人-B,13.28,25343.43,-0.6,02252.HK
2025-09-04,7.05909999999996,738.9578,731.8987,4.704225940000001,,,11601096565197.7,中创新航,13.81,25058.51,-1.12,03931.HK
2025-09-05,56.22689999999999,784.2912,728.0642999999999,4.70984863,,,11856014488703.0,中创新航,18.37,25417.98,1.43,03931.HK
2025-09-08,167.047,858.7402999999999,691.6933,4.726553330000001,,,11923843613056.0,创维集团,34.41,25633.91,0.85,00751.HK
2025-09-09,102.31129999999999,797.1948,694.8835,4.73678446,,,12040976365521.4,碧桂园,27.45,25938.13,1.19,02007.HK
2025-09-10,75.6610000000001,734.3667,658.7057000000001,4.74435056,,,12150291560502.4,药捷安康-B,27.57,26200.26,1.01,02617.HK
2025-09-11,189.889,956.0136,766.1246000000001,4.76333946,,,12138806795696.9,云知声,26.12,26086.32,-0.43,09678.HK
2025-09-12,73.30770000000001,826.6136,753.3059,4.77067023,,,12270027107898.2,药捷安康-B,77.09,26388.16,1.16,02617.HK
2025-09-15,144.7291,853.6175,708.8883999999999,4.78514314,,,12282202611901.4,药捷安康-B,115.58,26446.56,0.22,02617.HK
2025-09-16,-31.893,812.8852,844.7782000000001,4.78195384,,,12272922698041.7,佰泽医疗,28.03,26438.51,-0.03,02609.HK
2025-09-17,94.40419999999989,941.2301,846.8258999999999,4.79139426,,,12469564230491.8,FORTIOR,17.96,26908.39,1.78,01304.HK
2025-09-18,62.8845999999999,1084.1911,1021.3064999999999,4.79768272,,,12326696988215.1,香港宽频,68.55,26544.85,-1.35,01310.HK
2025-09-19,98.3821,817.7888,719.4067,4.80752093,,,12346229685029.1,FIT HON TENG,21.44,26545.1,0.0,06088.HK
2025-09-22,127.3638,744.1468,616.783,4.82025731,,,12302822110823.7,大众公用,21.05,26344.14,-0.76,01635.HK
2025-09-23,-40.6884999999999,727.2284,767.9169,4.816188459999999,,,12223900529711.5,香港宽频,15.85,26159.12,-0.7,01310.HK
2025-09-24,137.04579999999999,835.3119,698.2661,4.82989304,,,12358531102761.5,中国中药,16.28,26518.65,1.37,00570.HK
2025-09-25,110.4593,836.7807,726.3214,4.84093897,,,12344410209860.8,中国光大控股,25.89,26484.68,-0.13,00165.HK
2025-09-26,105.405,857.3061,751.9011,4.85147947,,,12219298037318.3,博雷顿,20.2,26128.2,-1.35,01333.HK
2025-09-29,-16.5397999999999,736.0221,752.5619,4.84982549,,,12486393673362.3,瑞浦兰钧,16.05,26622.88,1.89,00666.HK
2025-09-30,154.8031,822.9383,668.1352,4.8653058,,,12654715721962.3,脑动极光-B,15.01,26855.56,0.87,06681.HK
2025-10-09,30.4327,1083.0449,1052.6122,4.86834907,,,12685161597271.1,上海电气,17.4,26752.59,-0.29,02727.HK
2025-10-10,-3.9865999999999597,837.2167,841.2033,4.86795041,,,12443864208403.4,保利置业集团,19.51,26290.32,-1.73,00119.HK
2025-10-13,198.044,1234.1073,1036.0633,4.88775481,,,12340861356115.2,金山软件,13.82,25889.48,-1.52,03888.HK
2025-10-14,86.0329000000001,949.2399,863.207,4.8963581,,,12077233290681.5,香港宽频,12.32,25441.35,-1.73,01310.HK
2025-10-15,-54.4349,691.0071,745.442,4.89091461,,,12334644923259.9,三花智控,12.92,25910.6,1.84,02050.HK
2025-10-16,158.2182,760.7455,602.5273000000001,4.90673643,,,12388968324707.1,药捷安康-B,46.34,25888.51,-0.09,02617.HK
2025-10-17,63.0268,796.539,733.5122,4.91303911,,,12061466475059.4,中裕能源,25.94,25247.1,-2.48,03633.HK
2025-10-20,-26.7013,535.9801,562.6813999999999,4.91036898,,,12307553470835.3,大众公用,23.8,25858.83,2.42,01635.HK
2025-10-21,11.7072,638.3001,626.5929,4.9115397000000005,,,12401447836241.4,中石化油服,12.0,26027.55,0.65,01033.HK
2025-10-22,100.1788,583.0018,482.82300000000004,4.92155758,,,12306876376093.1,中铝国际,30.52,25781.77,-0.94,02068.HK
2025-10-23,53.4459,627.6871,574.2412,4.92690217,,,12363446649125.0,天津创业环保股份,24.17,25967.98,0.72,01065.HK
2025-10-24,34.1423,580.3823,546.24,4.930316400000001,,,12498175739696.6,华虹宏力,13.73,26160.15,0.74,01347.HK
2025-10-27,28.729699999999998,663.1938,634.4641,4.93318937,,,12655128974001.0,英诺赛科,12.73,26433.7,1.05,02577.HK
2025-10-28,22.5829,534.5109,511.92800000000005,4.93544766,,,12542487848468.2,秦港股份,15.77,26346.14,-0.33,03369.HK
2025-10-30,136.4132,832.393,695.9798,4.949088980000001,,,12553136398254.9,赣锋锂业,14.94,26282.69,-0.24,01772.HK
2025-10-31,87.18920000000008,669.3350999999999,582.1459,4.957807900000001,,,12356782439517.9,春立医疗,14.04,25906.65,-1.43,01858.HK
2025-11-03,54.718199999999996,561.2411,506.5229,4.96327972,,,12485108866052.9,巨星传奇,9.15,26158.36,0.97,06683.HK
2025-11-04,98.3209,549.6432,451.32230000000004,4.973111809999999,,,12366205873917.4,亿华通,10.07,25952.4,-0.79,02402.HK
2025-11-05,103.73190000000001,530.305,426.57309999999995,4.983485,,,12384253093760.8,药捷安康-B,26.3,25935.41,-0.07,02617.HK
2025-11-06,54.7927,556.2811,501.48839999999996,4.988964269999999,,,12650343649345.2,潍柴动力,20.52,26485.9,2.12,02338.HK
2025-11-07,75.229,530.85,455.621,4.99648717,,,12548185049687.5,福莱特玻璃,9.0,26241.83,-0.92,06865.HK
2025-11-10,66.5359,552.9752,486.4393,5.00314076,,,12775942817073.5,趣致集团,16.04,26649.06,1.55,00917.HK
2025-11-11,44.6695,471.58,426.9105,5.00760771,,,12799761202480.4,小鹏集团-W,17.93,26696.41,0.18,09868.HK
2025-11-12,42.8634,548.4585,505.5951,5.0118940499999995,,,12912599407893.8,沪上阿姨,28.96,26922.73,0.85,02589.HK
2025-11-13,-35.2064,607.2442,642.4506,5.00837341,,,13010998160050.0,龙蟠科技,18.37,27073.03,0.56,02465.HK
2025-11-14,128.866,547.7779,418.9119,5.02126001,,,12799968469260.4,重塑能源,40.56,26572.46,-1.85,02570.HK
2025-11-17,84.4799,499.11800000000005,414.63809999999995,5.029708,,,12714833313697.8,赣锋锂业,8.96,26384.28,-0.71,01772.HK
2025-11-18,74.6608,529.0987,454.4379,5.03717408,,,12500144851724.8,金山云,4.1,25930.03,-1.72,03896.HK
2025-11-19,65.9067,452.68120000000005,386.7745,5.04376475,,,12492830174443.0,重塑能源,29.38,25830.65,-0.38,02570.HK
2025-11-20,159.9187,560.3079,400.38919999999996,5.05975662,,,12504609447637.9,大众公用,7.65,25835.57,0.02,01635.HK
2025-11-21,1.05219999999998,591.2603,590.2081,5.05986184,,,12188481332075.5,重塑能源,6.05,25220.02,-2.38,02570.HK
2025-11-24,85.71340000000001,556.471,470.7576,5.06843318,,,12392415744227.2,中船防务,13.07,25716.5,1.97,00317.HK
2025-11-25,111.6566,562.2302999999999,450.57370000000003,5.07959884,,,12484936230592.3,龙蟠科技,22.89,25894.55,0.69,02465.HK
2025-11-26,-39.5163,439.181,478.69730000000004,5.07564721,,,12515469913918.8,中集集团,11.98,25928.08,0.13,02039.HK
2025-11-27,13.2825,439.75879999999995,426.4763,5.07697546,,,12549990166439.6,优然牧业,12.05,25945.93,0.07,09858.HK
2025-11-28,27.2696,314.8241,287.5545,5.07970242,,,12523180508919.1,广汽集团,16.62,25858.89,-0.34,02238.HK
2025-12-01,21.4827,440.2916,418.8089,5.0818506900000004,,,12605639839483.5,广和通,14.55,26033.26,0.67,00638.HK
2025-12-02,41.0103,406.51559999999995,365.5053,5.08595172,,,12610837811624.1,康耐特光学,10.58,26095.05,0.24,02276.HK
2025-12-03,22.793499999999998,342.05440000000004,319.2609,5.08823107,,,12452936904083.6,龙蟠科技,12.21,25760.73,-1.28,02465.HK
2025-12-04,14.8002,385.8383,371.0381,5.08971109,,,12556474895875.2,大众公用,9.0,25935.9,0.68,01635.HK
2025-12-05,13.405999999999999,420.2007,406.79470000000003,5.0910516900000005,,,12641942823084.8,趣致集团,7.95,26085.08,0.58,00917.HK
2025-12-08,15.4027,479.2546,463.8519,5.09259196,,,12497306781285.2,贪玩,11.63,25765.36,-1.23,09890.HK
2025-12-09,5.307000000000009,486.12870000000004,480.82169999999996,5.093122660000001,,,12305460004042.9,贪玩,11.81,25434.23,-1.29,09890.HK
2025-12-10,-10.184199999999999,426.0837,436.2679,5.09210424,,,12322374654936.6,银诺医药-B,19.15,25540.78,0.42,02591.HK
2025-12-11,7.91010000000002,421.64480000000003,413.73470000000003,5.09289525,,,12265692024284.6,汇量科技,14.76,25530.51,-0.04,01860.HK
2025-12-12,-52.8666,558.5141,611.3807,5.087608589999999,,,12464964446811.8,昭衍新药,19.75,25976.79,1.75,06127.HK
2025-12-15,36.5447,493.9162,457.3715,5.091263059999999,,,12286048072940.5,沪上阿姨,9.28,25628.88,-1.34,02589.HK
2025-12-16,0.82040000000001,447.405,446.58459999999997,5.091345099999999,,,12072171732908.0,浙江世宝,12.9,25235.41,-1.54,01057.HK
2025-12-17,79.0947,437.668,358.5733,5.09925457,,,12188558604093.4,长飞光纤光缆,21.21,25468.78,0.92,06869.HK
2025-12-18,12.5747,373.76129999999995,361.18660000000006,5.10051204,,,12195345613813.7,中国东方航空股份,8.08,25498.13,0.12,00670.HK
2025-12-19,33.7072,393.9192,360.212,5.103882759999999,,,12315735297342.3,佑驾创新,31.22,25690.53,0.75,02431.HK
2025-12-22,31.2535,456.7403,425.4868,5.107008110000001,,,12392620462774.9,中国中免,15.77,25801.77,0.43,01880.HK
2025-12-23,6.11210000000003,412.11,405.9979,5.10761932,,,12361455285296.4,东方电气,8.17,25774.14,-0.11,01072.HK
2025-12-24,-11.7509,223.11900000000003,234.86990000000003,5.10644423,,,12357794819920.8,百奥赛图-B,22.23,25818.93,0.17,02315.HK
2025-12-29,-34.1411,558.7208,592.8619,5.103030120000001,,,12274601515628.4,微创机器人-B,25.85,25635.23,-0.71,02252.HK
2025-12-30,-38.4467,442.2761,480.7228,5.09918545,,,12352639509456.9,英诺赛科,15.35,25854.6,0.86,02577.HK
2025-12-31,34.4885,287.5235,253.035,5.1026343,,,12288661941362.3,日清食品,10.69,25630.54,-0.87,01475.HK
2026-01-05,187.2292,811.6422,624.413,5.121357219999999,,,12605991955343.1,南京熊猫电子股份,39.75,26347.24,0.03,00553.HK
2026-01-06,28.7858,681.1576,652.3718,5.1242358,,,12771887699191.6,浙江世宝,21.53,26710.45,1.38,01057.HK
2026-01-07,91.7834,717.8589999999999,626.0756,5.133414139999999,,,12727171671173.0,纳芯微,13.14,26458.95,-0.94,02676.HK
2026-01-08,-49.0092,565.0251999999999,614.0344,5.12851322,,,12632684156306.3,钧达股份,13.29,26149.31,-1.17,02865.HK
2026-01-09,68.15220000000001,591.0222,522.87,5.13532844,,,12700141383196.3,讯飞医疗科技,20.58,26231.79,0.32,02506.HK
2026-01-12,73.0588,773.9985,700.9397,5.14263432,,,12884176717982.0,迈富时,32.09,26608.48,1.44,02556.HK
2026-01-13,12.9642,693.2213,680.2571,5.143930740000001,,,12995203095169.9,山东墨龙,14.56,26848.47,0.9,00568.HK
2026-01-14,28.6538,817.4058,788.752,5.146796119999999,,,13069078422871.4,狮腾控股,50.19,26999.81,0.56,02562.HK
2026-01-15,-15.153699999999999,591.5943,606.748,5.14528075,,,13035468470644.0,海昌海洋公园,18.37,26923.62,-0.28,02255.HK
2026-01-16,0.93579999999998,555.1658,554.23,5.14537433,,,12993555782754.0,狮腾控股,17.84,26844.96,-0.29,02562.HK
2026-01-19,22.9152,515.9526000000001,493.0374,5.14766585,,,12862209300872.2,趣致集团,38.78,26563.9,-1.05,00917.HK
2026-01-20,36.6258,504.7274,468.1016,5.1513284299999995,,,12830581301358.2,喜相逢集团,20.48,26487.51,-0.29,02473.HK
2026-01-21,139.30020000000002,614.6332,475.333,5.1652584500000005,,,12904168047267.6,创维集团,37.45,26585.06,0.37,00751.HK
2026-01-22,52.3938,491.99199999999996,439.5982,5.17049783,,,12907094836421.2,钧达股份,15.83,26629.96,0.17,02865.HK
2026-01-23,-16.006800000000002,513.5724,529.5792,5.16889715,,,12977642840632.5,钧达股份,51.4,26749.51,0.45,02865.HK
2026-01-26,-8.255,568.5471,576.8021,5.16807165,,,13002891640218.9,长飞光纤光缆,17.82,26765.52,0.06,06869.HK
2026-01-27,-6.345299999999989,507.861,514.2062999999999,5.16743712,,,13116005377602.7,紫金黄金国际,11.59,27126.95,1.35,02259.HK
2026-01-28,-34.2739000000001,672.087,706.3609,5.16400973,,,13448457245227.8,云知声,73.79,27826.91,2.58,09678.HK
2026-01-29,43.73609999999999,684.2816,640.5455000000001,5.168383339999999,,,13515509541242.9,融创中国,29.13,27968.09,0.51,01918.HK
2026-01-30,32.2155,598.5545,566.339,5.171604889999999,,,13198914903553.0,泰格医药,8.24,27387.11,-2.08,03347.HK
2026-02-02,19.0714,700.961,681.8896000000001,5.17351203,,,12846310586532.5,康哲药业,7.77,26775.57,-2.23,00867.HK
2026-02-03,9.52230000000003,636.7592,627.2369,5.17446426,,,12886371300350.0,钧达股份,23.85,26834.77,0.22,02865.HK
2026-02-04,133.7277,637.2388,503.5111,5.18783703,,,12908362562706.5,国富氢能,18.76,26847.32,0.05,02582.HK
2026-02-05,249.77470000000002,691.9392999999999,442.1646,5.2128144999999995,,,12919885395943.4,百胜中国,11.42,26885.24,0.14,09987.HK
2026-02-06,148.5916,516.3777,367.78610000000003,5.227673660000001,,,12858679206144.2,伟禄科技股份,11.03,26559.95,-1.21,01196.HK
2026-02-09,-18.865099999999998,492.72970000000004,511.5948,5.22578715,,,13101790383819.4,长飞光纤光缆,15.31,27027.16,1.76,06869.HK
2026-02-10,0.8465000000000199,479.00769999999994,478.1612,5.2258718,,,13227716252714.0,阅文集团,15.41,27183.15,0.58,00772.HK
2026-02-11,48.1618,477.99260000000004,429.8308,5.23068798,,,13274172509579.0,狮腾控股,38.72,27266.38,0.31,02562.HK
2026-02-12,45.6726,496.7198,451.04720000000003,5.23525524,,,13201413880539.3,兆易创新,20.95,27032.54,-0.86,03986.HK
2026-02-13,202.1914,604.8999,402.70849999999996,5.25547438,,,13019829183151.5,健康之路,13.87,26567.12,-1.72,02587.HK
2026-02-24,31.3079,557.8695,526.5616,5.25860517,,,13079434050518.1,建滔积层板,12.37,26590.32,-1.82,01888.HK
2026-02-25,-40.566900000000004,442.2817,482.84860000000003,5.25454848,,,13137429693145.3,汇聚科技,10.2,26765.72,0.66,01729.HK
2026-02-26,-73.6595,462.8128,536.4723,5.247182530000001,,,12880807131543.0,东方电气,15.52,26381.02,-1.44,01072.HK
2026-02-27,149.9717,542.4154,392.44370000000004,5.2621797,,,12988948684148.0,钧达股份,23.69,26630.54,0.95,02865.HK
2026-03-02,162.138,854.7732000000001,692.6352,5.2783935,,,12764190112419.5,山东墨龙,115.94,26059.85,-2.14,00568.HK
2026-03-03,60.8124,925.5606,864.7482000000001,5.28447474,,,12571057430556.7,大众公用,61.81,25768.08,-1.12,01635.HK
2026-03-04,-4.66030000000006,708.3002,712.9605,5.284008709999999,,,12380498425663.8,喜相逢集团,25.2,25249.48,-2.01,02473.HK
2026-03-05,-277.3479,614.1108,891.4586999999999,5.25627392,,,12392865353887.0,东方电气,17.62,25321.34,0.28,01072.HK
2026-03-06,-21.878800000000002,581.5713,603.4501,5.25408604,,,12579335672367.7,药捷安康-B,43.53,25757.29,1.72,02617.HK
2026-03-09,372.13019999999995,1035.1172,662.987,5.29129906,,,12466166676701.9,迅策,52.37,25408.46,-1.35,03317.HK
2026-03-10,-179.5275,669.3753999999999,848.9028999999999,5.273346309999999,,,12690171317639.4,量化派,34.32,25959.9,2.17,02685.HK
2026-03-11,34.4840000000001,597.3818,562.8978,5.27679471,,,12737245898753.2,健康160,28.49,25898.76,-0.24,02656.HK
2026-03-12,112.8267,623.7462,510.91949999999997,5.28807738,,,12715237200521.5,喜相逢集团,39.82,25716.76,-0.7,02473.HK
2026-03-13,184.485,673.7186,489.2336,5.30652588,,,12617565709605.2,耀才证券金融,33.96,25465.6,-0.98,01428.HK
2026-03-16,-12.4974,553.7901,566.2875,5.305276139999999,,,12763324207761.1,巨星传奇,25.82,25834.02,1.45,06683.HK
2026-03-17,-114.8066,592.9542,707.7608,5.293795480000001,,,12762764082426.5,耀才证券金融,46.71,25868.54,0.13,01428.HK
2026-03-18,12.1653,524.6793,512.514,5.29501201,,,12804658344413.4,金山云,18.17,26025.42,0.61,03896.HK
2026-03-19,261.9002,905.0943,643.1941,5.32120203,,,12538756143395.7,轩竹生物-B,16.12,25500.58,-2.02,02575.HK
2026-03-20,-210.0505,591.3322000000001,801.3827,5.300196980000001,,,12422160359721.3,广合科技,33.56,25277.32,-0.88,01989.HK
2026-03-23,297.2792,986.832,689.5527999999999,5.3299249,,,12032630318941.6,耀才证券金融,12.19,24382.47,-3.54,01428.HK
2026-03-24,-273.60880000000003,581.9573,855.5661,5.302564019999999,,,12312324900047.7,老铺黄金,16.11,25063.71,2.79,06181.HK
2026-03-25,223.22560000000001,939.3938,716.1682000000001,5.32488658,,,12423078928698.2,国民技术,21.43,25335.95,1.09,02701.HK
2026-03-26,33.3979,602.4726999999999,569.0748,5.32822637,,,12179702664124.1,心泰医疗,11.13,24856.43,-1.89,02291.HK
2026-03-27,-28.8336,490.8049,519.6385,5.32534301,,,12268928463794.0,迅策,24.26,24951.88,0.38,03317.HK
2026-03-30,-24.667399999999997,592.7334,617.4008,5.322876269999999,,,12202594732222.4,中铝国际,22.54,24750.79,-0.81,02068.HK
2026-03-31,7.03339999999996,548.0613,541.0279,5.32357961,,,12128707133695.2,图达通,28.25,24788.14,0.15,02665.HK
2026-04-01,-126.93610000000001,577.236,704.1721000000001,5.310886,,,12393891731212.7,维立志博-B,18.92,25294.03,2.04,09887.HK
2026-04-02,198.27669999999998,674.9159,476.63919999999996,5.330713670000001,,,12355578549286.4,山东墨龙,16.37,25116.53,-0.7,00568.HK
2026-04-08,-215.738,664.5392999999999,880.2773,5.30913987,,,12671699412434.0,广合科技,21.79,25893.02,3.09,01989.HK
2026-04-09,125.9281,528.6001,402.67199999999997,5.321732679999999,,,12620933249269.5,迅策,23.92,25752.4,-0.54,03317.HK
2026-04-10,-28.1533000000001,549.6141,577.7674,5.3189173499999995,,,12659563866101.8,滴普科技,48.77,25893.54,0.55,01384.HK
2026-04-13,22.4893,476.4038,453.9145,5.321166280000001,,,12575560674033.2,滴普科技,59.19,25660.85,-0.9,01384.HK
2026-04-14,-20.1652,505.68510000000003,525.8503,5.319149759999999,,,12678429387650.9,云知声,32.81,25872.32,0.82,09678.HK
2026-04-15,42.2067,553.4133,511.20660000000004,5.32337043,,,12739806642681.1,五一视界,15.21,25947.32,0.29,06651.HK
2026-04-16,42.9106,553.9137999999999,511.0032,5.32766149,,,12939230862187.1,滴普科技,29.46,26394.26,1.72,01384.HK
2026-04-17,170.09709999999998,603.7832,433.6861,5.3446712,,,12860276341073.9,剑桥科技,34.87,26160.33,-0.89,06166.HK
2026-04-20,-39.0925,481.3542,520.4467,5.34076195,,,12940289070857.1,英矽智能,14.06,26361.07,0.77,03696.HK
2026-04-21,37.3793,431.9583,394.579,5.34449988,,,13023588397137.5,富智康集团,16.46,26487.48,0.48,02038.HK
2026-04-22,48.9049,519.3335,470.4286,5.34939037,,,12888019795148.2,博泰车联,27.86,26163.24,-1.22,02889.HK
2026-04-23,85.98129999999999,595.717,509.7357,5.3579885,,,12773651315204.5,不同集团,16.52,25915.2,-0.95,06090.HK
2026-04-24,34.6014,556.8439,522.2425,5.361448639999999,,,12834131177290.6,果下科技,33.79,25978.07,0.24,02655.HK
2026-04-27,-40.920100000000005,510.9428,551.8629,5.35735663,,,12805624060231.9,海西新药,18.18,25925.65,-0.2,02637.HK
2026-04-28,145.2278,622.7218,477.494,5.37187941,,,12709367754142.2,药明康德,13.57,25679.78,-0.95,02359.HK
2026-04-29,-39.5175,458.6427,498.1602,5.36792766,,,12907513419560.7,龙蟠科技,19.37,26111.84,1.68,02465.HK
2026-04-30,121.9184,666.6922999999999,544.7739,5.3801195,,,12749081396378.3,海西新药,9.21,25776.53,-1.28,02637.HK
2026-05-06,-85.6463,649.4231,735.0694,5.37155487,,,12906872454878.9,澜起科技,16.78,26213.78,1.22,06809.HK
2026-05-07,-47.9679,628.3483,676.3162,5.36675808,,,13070052549149.4,滴普科技,56.67,26626.28,1.57,01384.HK
2026-05-08,131.684,683.1425999999999,551.4586,5.379926480000001,,,12993247228937.2,健康160,44.26,26393.71,-0.87,02656.HK
2026-05-11,0.70990000000002,664.695,663.9851,5.37999747,,,13013446392179.6,银诺医药-B,32.02,26406.84,0.05,02591.HK
2026-05-12,7.90040000000005,557.1983,549.2979,5.380787509999999,,,13003897083236.9,经纬天地,24.46,26347.91,-0.22,02477.HK
2026-05-13,-67.7142,581.9503,649.6645,5.37401609,,,12980760567227.9,大族数控,30.91,26388.44,0.15,03200.HK
2026-05-14,-97.12370000000001,624.7254,721.8491,5.36430372,,,12893158220461.1,天岳先进,18.29,26389.04,0.0,02631.HK
2026-05-15,249.5543,890.6714999999999,641.1172,5.38925915,,,12660281335178.6,金辉控股,205.81,25962.73,-1.62,09993.HK
2026-05-18,-78.7624,643.0012,721.7636,5.38138291,,,12507673285140.9,派格生物医药-B,66.31,25675.18,-1.11,02565.HK
2026-05-19,12.656300000000002,596.2715000000001,583.6152,5.38264854,,,12566653322581.8,脑动极光-B,34.43,25797.85,0.48,06681.HK
2026-05-20,57.081,606.581,549.5,5.38835664,,,12516658561432.8,海昌海洋公园,20.55,25651.12,-0.57,02255.HK
2026-05-21,-61.049899999999894,646.0191,707.069,5.382251650000001,,,12355837294440.3,埃斯顿,10.57,25386.52,-1.03,02715.HK
2026-05-22,-64.9364999999999,574.0287000000001,638.9652,5.375758,,,12471621356183.7,五一视界,28.57,25606.03,0.86,06651.HK
2026-05-26,-9.6766,782.3588000000001,792.0354,5.37479034,,,12485144455663.4,五一视界,27.55,25599.45,-0.03,06651.HK
2026-05-27,-77.17439999999999,638.5872,715.7616,5.367072900000001,,,12355202397394.8,金辉控股,27.16,25328.23,-1.06,09993.HK
2026-05-28,76.08760000000011,787.3711999999999,711.2836,5.37468166,,,12204167571531.1,经纬天地,19.67,25006.16,-1.27,02477.HK
2026-05-29,18.8406,789.3946000000001,770.554,5.376565719999999,,,12274011311403.7,联想集团,21.95,25182.39,0.7,00992.HK
2026-06-01,46.573100000000004,687.581,641.0079000000001,5.38122303,,,12401899211075.0,美图公司,26.15,25398.18,0.86,01357.HK
2026-06-02,22.232,770.3330000000001,748.1010000000001,5.3834462300000006,,,12667594927530.9,趣致集团,25.87,26038.32,2.52,00917.HK
2026-06-03,186.8197,821.0572,634.2375,5.4021282,,,12514218608418.4,山东墨龙,16.61,25633.21,-1.56,00568.HK
2026-06-04,-3.1493,541.192,544.3412999999999,5.40181327,,,12370437160588.1,量化派,111.26,25253.4,-1.48,02685.HK
2026-06-05,-24.2643,618.5851,642.8494000000001,5.39938684,,,12229812164066.8,高鑫零售,15.38,24961.95,-1.15,06808.HK
2026-06-08,113.179,673.6776,560.4986,5.41070474,,,12090566631592.2,山东墨龙,25.75,24657.06,-1.22,00568.HK
2026-06-09,-86.1381,605.5304,691.6685000000001,5.40209093,,,12089524791649.3,建滔集团,25.23,24565.9,-0.37,00148.HK
2026-06-10,82.4332,666.5902000000001,584.1569999999999,5.41033425,,,12024021445298.2,西普尼,34.63,24407.96,-0.64,02583.HK
2026-06-11,-27.5431,516.0183000000001,543.5614,5.407579940000001,,,11952463652960.2,明略科技-W,19.93,24249.29,-0.65,02718.HK
2026-06-12,-39.423,602.4123999999999,641.8354,5.4036376399999995,,,12176064023181.6,明略科技-W,21.17,24718.1,1.93,02718.HK
2026-06-15,21.0996,597.2961,576.1965,5.4057476,,,12249081696802.1,智谱,32.82,24842.67,0.5,02513.HK
2026-06-16,34.6302,570.9999,536.3697,5.4092106200000005,,,12058986023636.5,东江环保,39.63,24493.95,-1.4,00895.HK
2026-06-17,-32.216299999999904,572.2413,604.4576000000001,5.40598899,,,11957877337881.9,希迪智驾,35.54,24312.16,-0.74,03881.HK
2026-06-18,-67.9212,690.5058,758.427,5.39919687,,,11759651282800.4,智谱,26.14,23924.81,-1.59,02513.HK
2026-06-22,-58.1955,737.7647000000001,795.9602,5.39337732,,,11743526835655.7,东江环保,33.33,23768.52,-0.65,00895.HK
2026-06-23,103.7077,746.0989,642.3912,5.40374809,,,11510990410667.4,星源材质,22.49,23336.28,-1.82,06067.HK
2026-06-24,157.5073,781.1858,623.6785,5.41949882,,,11513974954864.1,华虹宏力,15.45,23412.18,0.33,01347.HK
2026-06-25,-88.7437,664.7826,753.5263,5.41062445,,,11371642155527.6,心泰医疗,20.06,23076.91,-1.43,02291.HK
2026-06-26,-25.038000000000103,627.13,652.168,5.40812065,,,11145290641798.5,晋景新能,13.77,22671.86,-1.76,01783.HK
2026-06-29,-103.3879,627.7708,731.1587,5.39778186,,,11321442958086.6,药捷安康-B,39.78,23026.68,1.57,02617.HK
2026-06-30,58.952200000000005,668.5261999999999,609.5740000000001,5.40367708,,,11241616703654.2,领益智造,13.75,22881.02,-0.63,01688.HK
